Date,Open,High,Low,Close,Volume
2014-01-02 00:00:00-05:00,17.219686280006737,17.26152046244112,17.106268280537122,17.14066505432129,234684800
2014-01-03 00:00:00-05:00,17.13229980774487,17.158329083963448,16.747111865727767,16.764156341552734,392467600
2014-01-06 00:00:00-05:00,16.65476478474991,16.944505948893685,16.53545843130437,16.85556983947754,412610800
2014-01-07 00:00:00-05:00,16.867646260697363,16.918466865181017,16.66932045701404,16.735015869140625,317209200
2014-01-08 00:00:00-05:00,16.696903836479006,16.906076331395386,16.693186788401356,16.841001510620117,258529600
2014-01-09 00:00:00-05:00,16.94449899165181,16.946359170403543,16.58968147950154,16.625938415527344,279148800
2014-01-10 00:00:00-05:00,16.72851724043736,16.75857635238963,16.45829802107146,16.51500701904297,304976000
2014-01-13 00:00:00-05:00,16.421110326464518,16.811254805576336,16.420180236801833,16.601463317871094,378492800
2014-01-14 00:00:00-05:00,16.6786207186678,16.9423325249247,16.66126677190786,16.93179702758789,332561600
2014-01-15 00:00:00-05:00,17.152746670409964,17.359749524261954,17.095107596265763,17.27174186706543,391638800
2014-01-16 00:00:00-05:00,17.195509916792155,17.255937601128583,17.09572554411994,17.17536735534668,229278000
2014-01-17 00:00:00-05:00,17.08952944443786,17.107811826935624,16.730682039769448,16.75454330444336,426739600
2014-01-21 00:00:00-05:00,16.764453462553497,17.045828605695416,16.74679004315476,17.014841079711914,328526800
2014-01-22 00:00:00-05:00,17.071868212918915,17.269573495684313,16.97580418550099,17.09046173095703,379985200
2014-01-23 00:00:00-05:00,17.041808470924796,17.245092629009992,16.882837621290005,17.23517608642578,403239200
2014-01-24 00:00:00-05:00,17.167625713855205,17.217827398547193,16.88098260078005,16.92188835144043,429354800
2014-01-27 00:00:00-05:00,17.04584374352102,17.192418975899475,16.911973672872886,17.059167861938477,554878800
2014-01-28 00:00:00-05:00,15.765703231299002,15.959070857499002,15.558389225095514,15.695670127868652,1065523200
2014-01-29 00:00:00-05:00,15.616654196860818,15.722634804985846,15.451485443119385,15.51749038696289,502810000
2014-01-30 00:00:00-05:00,15.57295529137813,15.695670863434858,15.391983335613128,15.4874267578125,678501600
2014-01-31 00:00:00-05:00,15.344877256506235,15.541654085350121,15.294366111998249,15.512834548950195,464797200
2014-02-03 00:00:00-05:00,15.57512482852366,15.7337862149303,15.472553477666136,15.541656494140625,401464000
2014-02-04 00:00:00-05:00,15.675526320097642,15.78739525654888,15.57977176666057,15.766632080078125,376681200
2014-02-05 00:00:00-05:00,15.69753238539338,15.96775163017273,15.687925318207695,15.884392738342285,328344800
2014-02-06 00:00:00-05:00,15.900606170955957,16.00784549069788,15.830463501307797,15.976982116699219,257765200
2014-02-07 00:00:00-05:00,16.25349283063745,16.301812366518412,16.12879736158145,16.200496673583984,370280400
2014-02-10 00:00:00-05:00,16.168697036727497,16.584246984663434,16.14812257025691,16.490724563598633,345559200
2014-02-11 00:00:00-05:00,16.541233665645617,16.76381525635053,16.50662932313852,16.70801544189453,282256800
2014-02-12 00:00:00-05:00,16.738870760065172,16.82023463673702,16.623215549722847,16.70676040649414,308100800
2014-02-13 00:00:00-05:00,16.667484008834816,16.985147977526697,16.653144478414365,16.972055435180664,307398000
2014-02-14 00:00:00-05:00,16.910944389294848,17.020366288329832,16.871666782301464,16.958328247070312,272924400
2014-02-18 00:00:00-05:00,17.02099080455295,17.1827828638778,17.008832259489676,17.020679473876953,260251600
2014-02-19 00:00:00-05:00,16.982029952888443,17.048742983526264,16.657821372587083,16.75196647644043,313768000
2014-02-20 00:00:00-05:00,16.615419464986946,16.740427907960093,16.49103534833448,16.558059692382812,305858000
2014-02-21 00:00:00-05:00,16.609189313997266,16.664679453375648,16.35387473751265,16.37413787841797,278784800
2014-02-24 00:00:00-05:00,16.308665756834674,16.519712986928628,16.28590865047129,16.445829391479492,288909600
2014-02-25 00:00:00-05:00,16.50287668487081,16.50879862602138,16.241638666929223,16.274682998657227,231952000
2014-02-26 00:00:00-05:00,16.323006611789282,16.366338183638398,16.073302747639826,16.127857208251953,276217200
2014-02-27 00:00:00-05:00,16.12130922380859,16.484174264181604,16.087329230442958,16.44957160949707,301882000
2014-02-28 00:00:00-05:00,16.493535428777058,16.607945350477834,16.276564470892744,16.40500259399414,371968800
2014-03-03 00:00:00-05:00,16.317089235392935,16.542477759061452,16.298073082833515,16.45238494873047,238781200
2014-03-04 00:00:00-05:00,16.553379420821148,16.60450423815078,16.452686439288208,16.56085968017578,259140000
2014-03-05 00:00:00-05:00,16.550889527399754,16.67028401919585,16.495086412582264,16.595779418945312,200062800
2014-03-06 00:00:00-05:00,16.609180327708966,16.660618144050325,16.462974794453356,16.54558563232422,185488800
2014-03-07 00:00:00-05:00,16.556186134430632,16.583931189571565,16.399069042095807,16.53592300415039,220729600
2014-03-10 00:00:00-04:00,16.471086318359603,16.626020813407308,16.470461991996867,16.550891876220703,178584000
2014-03-11 00:00:00-04:00,16.692106975857538,16.79466796544885,16.60294819015581,16.71205711364746,279224400
2014-03-12 00:00:00-04:00,16.66280141573031,16.751334198698288,16.584554198574175,16.7282657623291,199326400
2014-03-13 00:00:00-04:00,16.754146362545736,16.823351693105003,16.49602486403947,16.5424747467041,257742800
2014-03-14 00:00:00-04:00,16.484495868090633,16.549961920605515,16.303998892265373,16.3566837310791,237199200
2014-03-17 00:00:00-04:00,16.4505114327386,16.521275078196943,16.39283866212119,16.420583724975586,199544800
2014-03-18 00:00:00-04:00,16.394398348391327,16.58362418799424,16.372576892095463,16.565855026245117,209647200
2014-03-19 00:00:00-04:00,16.592663799090488,16.716734918501277,16.491035129522803,16.56148910522461,224756000
2014-03-20 00:00:00-04:00,16.518786103450857,16.60545095098306,16.439604849995252,16.481689453125,208398400
2014-03-21 00:00:00-04:00,16.582373791961604,16.63911089856623,16.407800512603597,16.611677169799805,374046400
2014-03-24 00:00:00-04:00,16.784692652008612,16.849534341622945,16.679947359634728,16.808696746826172,355700800
2014-03-25 00:00:00-04:00,16.880709841657662,17.01319853309815,16.82116576533892,16.989505767822266,282293200
2014-03-26 00:00:00-04:00,17.037204496261044,17.114516073922136,16.798412162907674,16.827091217041016,299768000
2014-03-27 00:00:00-04:00,16.83457009566175,16.88070863527011,16.681818282106132,16.754764556884766,222031600
2014-03-28 00:00:00-04:00,16.7815734007292,16.800900874786905,16.654695334533695,16.736059188842773,200564000
2014-03-31 00:00:00-04:00,16.8099455976306,16.859200780311408,16.707069942798338,16.732322692871094,168669200
2014-04-01 00:00:00-04:00,16.764116147012935,16.892242869961887,16.733254453600797,16.88538360595703,200760000
2014-04-02 00:00:00-04:00,16.908141423218286,16.9424327500739,16.842052744728193,16.913440704345703,180420800
2014-04-03 00:00:00-04:00,16.877279027917176,16.911881684021548,16.760376857801667,16.796226501464844,162344000
2014-04-04 00:00:00-04:00,16.828030255878897,16.83395220038445,16.540294010445777,16.578948974609375,275251200
2014-04-07 00:00:00-04:00,16.460485520045687,16.55026697764408,16.26939004867511,16.31864356994629,289850400
2014-04-08 00:00:00-04:00,16.372259607755733,16.401251650309653,16.169939636050213,16.317705154418945,243888400
2014-04-09 00:00:00-04:00,16.29276984256354,16.537485790169274,16.273442363886677,16.53218650817871,206169600
2014-04-10 00:00:00-04:00,16.543411386358173,16.59204392182945,16.309295615911875,16.318960189819336,239652000
2014-04-11 00:00:00-04:00,16.17929113715597,16.29868893860757,16.121308717177797,16.19830894470215,271717600
2014-04-14 00:00:00-04:00,16.269705502659786,16.277810093057038,16.12349989060024,16.262847900390625,205674000
2014-04-15 00:00:00-04:00,16.218887678090713,16.26159492904835,15.94019173251897,16.146875381469727,266490000
2014-04-16 00:00:00-04:00,16.149685397548748,16.244454832884184,16.027795218373136,16.17961311340332,214765600
2014-04-17 00:00:00-04:00,16.210465023576162,16.452375585902963,16.18552527543844,16.364463806152344,284334400
2014-04-21 00:00:00-04:00,16.376935961686527,16.588918855779326,16.33391572259067,16.55868148803711,182548800
2014-04-22 00:00:00-04:00,16.46952578802725,16.579259050768997,16.413101670541845,16.575206756591797,202563200
2014-04-23 00:00:00-04:00,16.492905311158488,16.55743567437747,16.34919206339209,16.358545303344727,394940000
2014-04-24 00:00:00-04:00,17.71337431051121,17.76917578431934,17.480192509587294,17.699657440185547,759911600
2014-04-25 00:00:00-04:00,17.598644449672044,17.831201810274557,17.580876957440594,17.82964515686035,390275200
2014-04-28 00:00:00-04:00,17.856455447144768,18.57189838655432,17.848660525595804,18.52014923095703,669485600
2014-04-29 00:00:00-04:00,18.509240252579303,18.57906990659444,18.377374202314208,18.46528434753418,337377600
2014-04-30 00:00:00-04:00,18.474944800288174,18.686616360071707,18.386410348454223,18.395450592041016,456640800
2014-05-01 00:00:00-04:00,18.45499281887119,18.542280282292356,18.279172569351733,18.438783645629883,244048000
2014-05-02 00:00:00-04:00,18.465601324978948,18.52358543947886,18.383613105653616,18.473081588745117,191514400
2014-05-05 00:00:00-04:00,18.39701668945618,18.735566432385124,18.392651399113177,18.734317779541016,287067200
2014-05-06 00:00:00-04:00,18.760497454983017,18.84186130850449,18.530122756958008,18.530122756958008,374564400
2014-05-07 00:00:00-04:00,18.55631279478239,18.619907509611327,18.32188407599219,18.46528434753418,282864400
2014-05-08 00:00:00-04:00,18.440515271039228,18.633620593323847,18.38252206494321,18.43236541748047,230297200
2014-05-09 00:00:00-04:00,18.324226729776523,18.37783197643631,18.19225024083441,18.355575561523438,291597600
2014-05-12 00:00:00-04:00,18.41669460793495,18.610111354580237,18.413871958970663,18.58409309387207,213208800
2014-05-13 00:00:00-04:00,18.558084181710804,18.637707707498134,18.51733320944021,18.613256454467773,159737200
2014-05-14 00:00:00-04:00,18.571558587318364,18.727358472407538,18.5499283177602,18.61669921875,166404000
2014-05-15 00:00:00-04:00,18.642715067270593,18.70227530727351,18.433936135130836,18.45838737487793,230846000
2014-05-16 00:00:00-04:00,18.45243759355001,18.731436304884294,18.351183808279785,18.730810165405273,276256400
2014-05-19 00:00:00-04:00,18.74145673982326,19.03863675698611,18.72515535889545,18.952743530273438,317755200
2014-05-20 00:00:00-04:00,18.9502369667869,19.009484128180112,18.83174096983162,18.956506729125977,234836000
2014-05-21 00:00:00-04:00,18.928918993149185,19.018887149204144,18.873433691450728,19.006662368774414,196859600
2014-05-22 00:00:00-04:00,19.01575025660996,19.11763178243934,18.937380753601182,19.036752700805664,200760000
2014-05-23 00:00:00-04:00,19.036129557127765,19.270613638189076,19.011678321914996,19.25180435180664,232209600
2014-05-27 00:00:00-04:00,19.306667626224723,19.619521289249715,19.298830840438697,19.61231231689453,348866000
2014-05-28 00:00:00-04:00,19.62453627965147,19.743973175910643,19.55431660597436,19.561527252197266,315481600
2014-05-29 00:00:00-04:00,19.681902359724,19.964662806145302,19.67939445457089,19.917953491210938,376474000
2014-05-30 00:00:00-04:00,19.999456628661605,20.193501165486452,19.714816120431383,19.84334373474121,564020800
2014-06-02 00:00:00-04:00,19.873442859228817,19.90071507512442,19.51419294052149,19.70698356628418,369350800
2014-06-03 00:00:00-04:00,19.701021961944644,20.023281032361183,19.69443913038088,19.98566246032715,292709200
2014-06-04 00:00:00-04:00,19.982532137441392,20.310120148022126,19.94083863088193,20.21388053894043,335482000
2014-06-05 00:00:00-04:00,20.257140121506307,20.356513770448153,20.14460080760028,20.293190002441406,303805600
2014-06-06 00:00:00-04:00,20.373123035222545,20.415757411951255,20.202903620335444,20.237384796142578,349938400
2014-06-09 00:00:00-04:00,20.341777786224377,20.600713112931718,20.133313628134665,20.561214447021484,301660000
2014-06-10 00:00:00-04:00,20.78724375090192,20.85746344287703,20.53269632113619,20.681913375854492,251108000
2014-06-11 00:00:00-04:00,20.65557016903699,20.793816322691235,20.5107428582667,20.596323013305664,182724000
2014-06-12 00:00:00-04:00,20.635824238742195,20.65337957379483,20.16622990818207,20.25181007385254,218996000
2014-06-13 00:00:00-04:00,20.232059395600224,20.284725399436336,19.942403071177026,20.03017807006836,218100000
2014-06-16 00:00:00-04:00,20.08065121414761,20.352752230729116,20.0674838748087,20.2320613861084,142244000
2014-06-17 00:00:00-04:00,20.256205674789975,20.341785872587582,20.144294138697422,20.20573616027832,118904000
2014-06-18 00:00:00-04:00,20.247424892287764,20.251814564108656,20.04554351692779,20.227676391601562,134056000
2014-06-19 00:00:00-04:00,20.251809459975263,20.254004295332535,20.043343629424317,20.157451629638672,142112000
2014-06-20 00:00:00-04:00,20.155253432740917,20.308860072923082,19.94678931112695,19.948984146118164,403592000
2014-06-23 00:00:00-04:00,20.03896005657516,20.104791738475242,19.880965359350327,19.93143653869629,174776000
2014-06-24 00:00:00-04:00,19.91388459188485,20.131126500483408,19.791000550523165,19.810749053955078,156144000
2014-06-25 00:00:00-04:00,19.79538844438905,19.902911980013474,19.672504403675422,19.828304290771484,147476000
2014-06-26 00:00:00-04:00,19.83050092248097,19.979717988644946,19.705422034238342,19.946802139282227,130516000
2014-06-27 00:00:00-04:00,19.929237158670965,20.18817248137712,19.91826465613312,20.18378448486328,256116000
2014-06-30 00:00:00-04:00,20.210119111206296,20.567801992631583,20.20792427550669,20.39225196838379,197929200
2014-07-01 00:00:00-04:00,20.521717071533203,20.642407912228293,20.43613690237449,20.521717071533203,152892000
2014-07-02 00:00:00-04:00,20.598525361423803,20.64021719948977,20.427363314748696,20.5129451751709,113860000
2014-07-03 00:00:00-04:00,20.554629613737415,20.64898743565966,20.451494125337675,20.63362693786621,91567200
2014-07-07 00:00:00-04:00,20.65777558953527,21.063733243743396,20.648997918601584,21.059345245361328,225872000
2014-07-08 00:00:00-04:00,21.125163923865735,21.241466745666152,20.60948817111065,20.923282623291016,260888000
2014-07-09 00:00:00-04:00,20.943034651340895,21.054946138719743,20.79381766066697,20.93206214904785,145744000
2014-07-10 00:00:00-04:00,20.57438218557852,20.967174016951187,20.521716180560507,20.855260848999023,158744000
2014-07-11 00:00:00-04:00,20.925483042070873,21.04178422073604,20.815764696285758,20.89476203918457,136072000
2014-07-14 00:00:00-04:00,21.035198396155927,21.261217888460923,20.989116898380342,21.16466522216797,171240000
2014-07-15 00:00:00-04:00,21.24147119945029,21.252442028900226,20.85306734003843,20.916704177856445,181911600
2014-07-16 00:00:00-04:00,21.27877510103139,21.307301266695106,20.78943056860496,20.798208236694336,213585200
2014-07-17 00:00:00-04:00,20.853070193310952,20.907929370573864,20.313256089944208,20.4273624420166,229192000
2014-07-18 00:00:00-04:00,20.54366186049332,20.7894298619661,20.411998517796963,20.721405029296875,199952000
2014-07-21 00:00:00-04:00,20.844293429528236,20.84648826548148,20.56560953356103,20.6138858795166,156316000
2014-07-22 00:00:00-04:00,20.776267954400982,20.82234946301019,20.653383931443095,20.785045623779297,220788000
2014-07-23 00:00:00-04:00,20.938652924926128,21.478467094008483,20.8837937409848,21.327056884765625,371672000
2014-07-24 00:00:00-04:00,21.29413743218882,21.35557943992729,21.158086076361393,21.291942596435547,182916000
2014-07-25 00:00:00-04:00,21.252448335087724,21.469690243018483,21.206366819718745,21.43238639831543,173876000
2014-07-28 00:00:00-04:00,21.465299052385948,21.776898780921467,21.40605187691425,21.728622436523438,221272000
2014-07-29 00:00:00-04:00,21.796654101029624,21.820792278926906,21.559661994857954,21.58818817138672,172572000
2014-07-30 00:00:00-04:00,21.601345114087366,21.65839743967292,21.43237795016789,21.537708282470703,132040000
2014-07-31 00:00:00-04:00,21.320469886077877,21.384105053751,20.918900336264404,20.978147506713867,227372000
2014-08-01 00:00:00-04:00,20.824551317214766,21.20198285683847,20.804801135915017,21.094457626342773,194044000
2014-08-04 00:00:00-04:00,21.147119939677165,21.193201455709115,20.883794838419497,20.9759578704834,159832000
2014-08-05 00:00:00-04:00,20.925476592094657,20.995696244786174,20.7060399681626,20.872812271118164,223732000
2014-08-06 00:00:00-04:00,20.791629822593276,20.951819369470467,20.78285215263856,20.837711334228516,154232000
2014-08-07 00:00:00-04:00,20.93473579696928,21.159673753018428,20.75169704222082,20.835498809814453,186844000
2014-08-08 00:00:00-04:00,20.78698115384838,20.910476363193546,20.570862854998303,20.892833709716797,167460000
2014-08-11 00:00:00-04:00,21.009727903337282,21.188356949202415,20.914900678309216,21.168508529663086,146340000
2014-08-12 00:00:00-04:00,21.179528016555473,21.364770892467213,21.084700825554005,21.164091110229492,135180000
2014-08-13 00:00:00-04:00,21.203783658904523,21.44415855407715,21.179525425860042,21.44415855407715,127664000
2014-08-14 00:00:00-04:00,21.46401169041249,21.516937991210934,21.347132005004916,21.501501083374023,112464000
2014-08-15 00:00:00-04:00,21.589706739529525,21.653660106463594,21.36035725612689,21.607349395751953,195804000
2014-08-18 00:00:00-04:00,21.719825218862475,21.913891140895196,21.607357031317402,21.86758041381836,190288000
2014-08-19 00:00:00-04:00,21.922708218720803,22.202778280274494,21.902859806683455,22.16969871520996,277596000
2014-08-20 00:00:00-04:00,22.14985023849166,22.29319220497022,22.041790222304844,22.178518295288086,210796000
2014-08-21 00:00:00-04:00,22.17851934472248,22.26011537830676,22.077076582223828,22.18072509765625,133912000
2014-08-22 00:00:00-04:00,22.116772174906046,22.3769955040281,22.094719692606866,22.343915939331055,176736000
2014-08-25 00:00:00-04:00,22.447565215362985,22.53136532393001,22.33509536459141,22.392433166503906,161080000
2014-08-26 00:00:00-04:00,22.365966037981007,22.383608694938708,22.24247080426984,22.249086380004883,132608000
2014-08-27 00:00:00-04:00,22.277756533268256,22.619575893398412,22.207187581289347,22.52254295349121,209476000
2014-08-28 00:00:00-04:00,22.40345231773762,22.665881335505905,22.396836742919284,22.549001693725586,273840000
2014-08-29 00:00:00-04:00,22.683535352629246,22.692356684304514,22.53798590373282,22.604145050048828,178380000
2014-09-02 00:00:00-04:00,22.72763347305689,22.877592701309492,22.652654700178825,22.780561447143555,214256000
2014-09-03 00:00:00-04:00,22.736451780376225,22.758504258733304,21.739665289168492,21.819055557250977,501684000
2014-09-04 00:00:00-04:00,21.799212105626097,22.072666600922947,21.565452753396258,21.638227462768555,342872000
2014-09-05 00:00:00-04:00,21.788188478671703,21.918299318900655,21.68012844111229,21.8256778717041,233828000
2014-09-08 00:00:00-04:00,21.898443829743403,21.90064789963088,21.622783669160007,21.691146850585938,185426800
2014-09-09 00:00:00-04:00,21.849932792677954,22.73204552537391,21.20157939574754,21.609556198120117,759385200
2014-09-10 00:00:00-04:00,21.613967167054497,22.29760418141187,21.558835122630573,22.273345947265625,403478400
2014-09-11 00:00:00-04:00,22.143237481751036,22.37038125970203,21.96902000096905,22.368175506591797,249412400
2014-09-12 00:00:00-04:00,22.31965892924553,22.535777305632607,22.290990868932575,22.41889762878418,250504400
2014-09-15 00:00:00-04:00,22.672504387526562,22.72543236852074,22.370381821210763,22.412281036376953,245266000
2014-09-16 00:00:00-04:00,22.008714256936575,22.330685215683772,21.80803279441453,22.242473602294922,267632400
2014-09-17 00:00:00-04:00,22.332887867238682,22.449769214988123,22.18292863875461,22.40125274658203,243706000
2014-09-18 00:00:00-04:00,22.478431251420986,22.571052657661486,22.39683524163996,22.44755744934082,149197600
2014-09-19 00:00:00-04:00,22.557823472935976,22.57105462283774,22.16307790340367,22.2645206451416,283609600
2014-09-22 00:00:00-04:00,22.449769288540516,22.524748061779967,22.180724641040868,22.286577224731445,211153600
2014-09-23 00:00:00-04:00,22.185132126113807,22.701168885331118,22.171900975171106,22.635009765625,253608800
2014-09-24 00:00:00-04:00,22.529164787918486,22.681328122544386,22.31745620648816,22.43874740600586,240687200
2014-09-25 00:00:00-04:00,22.165291823028245,22.20939679394939,21.550017888446483,21.583097457885742,400368000
2014-09-26 00:00:00-04:00,21.728639343116782,22.218212127685547,21.69997128800555,22.218212127685547,249482000
2014-09-29 00:00:00-04:00,21.755105021378856,22.14985066054082,21.750693515636005,22.077075958251953,199065200
2014-09-30 00:00:00-04:00,22.231443278891295,22.39242957604537,22.16969566326935,22.218212127685547,221056400
2014-10-01 00:00:00-04:00,22.182930268383956,22.204984433822514,21.766132115543513,21.871986389160156,205965200
2014-10-02 00:00:00-04:00,21.891831703155244,22.101334483795288,21.620582983769236,22.030765533447266,191031200
2014-10-03 00:00:00-04:00,21.9293314101895,22.0991374354909,21.8411197668848,21.969026565551758,173878400
2014-10-06 00:00:00-04:00,22.04179961496827,22.196170411375785,21.92491990265083,21.969026565551758,148204800
2014-10-07 00:00:00-04:00,21.927117973508143,22.079282962830142,21.772748913686232,21.777158737182617,168376800
2014-10-08 00:00:00-04:00,21.77936648205665,22.297607438851657,21.680127778097997,22.229244232177734,229618800
2014-10-09 00:00:00-04:00,22.39243900040062,22.577681925230056,22.18734765791258,22.27776336669922,309506000
2014-10-10 00:00:00-04:00,22.204986729104437,22.500493732565133,22.118980858992934,22.213808059692383,265326400
2014-10-13 00:00:00-04:00,22.34612532063341,22.44536234834104,22.010921478271484,22.010921478271484,214333600
2014-10-14 00:00:00-04:00,22.13882483376243,22.167492892730337,21.7374635957289,21.777158737182617,254754400
2014-10-15 00:00:00-04:00,21.605147856018238,21.86537119730449,20.989873980879647,21.51032066345215,403734400
2014-10-16 00:00:00-04:00,21.071475373266107,21.550021281341014,21.040601552261084,21.228050231933594,288618000
2014-10-17 00:00:00-04:00,21.501500628583383,21.832292945946204,21.349335624197533,21.538990020751953,272718800
2014-10-20 00:00:00-04:00,21.68232828987266,22.043994332101303,21.66027581071166,21.999889373779297,310069200
2014-10-21 00:00:00-04:00,22.718806471597723,22.718806471597723,22.332882256680058,22.597517013549805,378495600
2014-10-22 00:00:00-04:00,22.67911678723484,22.95918851264404,22.62619049615221,22.712196350097656,273052400
2014-10-23 00:00:00-04:00,22.95257148423869,23.16648407038686,22.8533328019296,23.11796760559082,284298800
2014-10-24 00:00:00-04:00,23.195148628402723,23.263511809855103,23.051805008344683,23.203969955444336,188215600
2014-10-27 00:00:00-04:00,23.12238021749446,23.26131405298578,23.08930065273479,23.179718017578125,136750800
2014-10-28 00:00:00-04:00,23.243673760667313,23.539180755615234,23.23264667712585,23.539180755615234,192243600
2014-10-29 00:00:00-04:00,23.51933023340651,23.678110788829787,23.455376860666775,23.671493530273438,210751600
2014-10-30 00:00:00-04:00,23.587694359600302,23.673700216763716,23.353935022950665,23.592105865478516,162619200
2014-10-31 00:00:00-04:00,23.819247149804546,23.82586272543766,23.64282394793864,23.817041397094727,178557200
2014-11-03 00:00:00-05:00,23.865560593126517,24.32425962447853,23.819249875898173,24.125783920288086,209130400
2014-11-04 00:00:00-05:00,24.11696754296394,24.145635607373762,23.755301377730873,23.949365615844727,166297600
2014-11-05 00:00:00-05:00,24.059621079153604,24.103727719110864,23.845708502225662,24.006694793701172,149743600
2014-11-06 00:00:00-05:00,24.05321123715992,24.095293823927264,23.876024688787634,24.075359344482422,139874000
2014-11-07 00:00:00-05:00,24.086433651109285,24.212679718516515,24.042137437552874,24.144020080566406,134766000
2014-11-10 00:00:00-05:00,24.14622975379514,24.214891070292342,24.06871054787116,24.104148864746094,108782000
2014-11-11 00:00:00-05:00,24.075354353481785,24.307913656637457,24.008910045288683,24.296838760375977,109769200
2014-11-12 00:00:00-05:00,24.225973456190882,24.680017346884462,24.22375982789142,24.64015007019043,187769600
2014-11-13 00:00:00-05:00,24.76196159464422,25.127409576584157,24.717663691826626,24.98787498474121,238091600
2014-11-14 00:00:00-05:00,25.060958648008043,25.29130261253694,24.63127839784917,25.289087295532227,176254400
2014-11-17 00:00:00-05:00,25.30902655836628,25.975695204945072,25.09418806807948,25.247011184692383,186986800
2014-11-18 00:00:00-05:00,25.235929675373537,25.623527323132187,25.224854780949492,25.574800491333008,176896000
2014-11-19 00:00:00-05:00,25.56816512541221,25.63460944569664,25.20493076718886,25.397621154785156,167476800
2014-11-20 00:00:00-05:00,25.45077220318549,25.882666090096777,25.43748199065543,25.760848999023438,173582000
2014-11-21 00:00:00-05:00,26.02663920575709,26.03992773254084,25.698841463488613,25.796295166015625,228717200
2014-11-24 00:00:00-05:00,25.880454349656052,26.305704033966634,25.82951387892503,26.274696350097656,189803200
2014-11-25 00:00:00-05:00,26.372152221612712,26.522761708509506,26.01334682023713,26.04656982421875,275361600
2014-11-26 00:00:00-05:00,26.121876423884018,26.378797505718207,26.097512999340402,26.35664939880371,163073200
2014-11-28 00:00:00-05:00,26.41645037319726,26.44524443399838,26.146240755795585,26.34114646911621,99257600
2014-12-01 00:00:00-05:00,26.314566961208307,26.412020659932352,24.644574005595583,25.486215591430664,335256000
2014-12-02 00:00:00-05:00,25.13848848099836,25.636828561018152,24.972375120991764,25.388765335083008,237395600
2014-12-03 00:00:00-05:00,25.636819979951536,25.76971028551774,25.49507009537533,25.676687240600586,172253600
2014-12-04 00:00:00-05:00,25.64125426780271,25.95797710179481,25.53494267711282,25.579238891601562,168178000
2014-12-05 00:00:00-05:00,25.689979878181855,25.709914356594624,25.390976220327836,25.47071075439453,153275600
2014-12-08 00:00:00-05:00,25.27137262485243,25.393189734858176,24.722092195607758,24.89484977722168,230659600
2014-12-09 00:00:00-05:00,24.405370615998546,25.315671785843314,24.219322810514516,25.27580451965332,240832000
2014-12-10 00:00:00-05:00,25.340036408752095,25.43748841643638,24.70437543712595,24.795183181762695,178261200
2014-12-11 00:00:00-05:00,24.86384156902956,25.20492778006816,24.66007461751328,24.722091674804688,165606800
2014-12-12 00:00:00-05:00,24.46517238889186,24.777466277615275,24.270266679267895,24.303489685058594,224112400
2014-12-15 00:00:00-05:00,24.518323230465633,24.717659535142577,23.554866395951,23.97125816345215,268872400
2014-12-16 00:00:00-05:00,23.55929775830493,24.398723891308634,23.53493433754765,23.643461227416992,243162800
2014-12-17 00:00:00-05:00,23.7254149232752,24.32785120863559,23.658968912271618,24.232614517211914,213647200
2014-12-18 00:00:00-05:00,24.777464425930564,24.95022201538086,24.509468461553546,24.95022201538086,236024800
2014-12-19 00:00:00-05:00,24.86383965508607,25.080893424625746,24.730949350703757,24.757526397705078,353719200
2014-12-22 00:00:00-05:00,24.841696290315944,25.136269319441872,24.799613704815574,25.014453887939453,180670000
2014-12-23 00:00:00-05:00,25.078674662687003,25.10082276058419,24.90813076031641,24.92584991455078,104113600
2014-12-24 00:00:00-05:00,24.934719655279814,24.96351202530302,24.808473587036133,24.808473587036133,57918400
2014-12-26 00:00:00-05:00,24.828405722601378,25.36439766911686,24.808472933831425,25.247011184692383,134884000
2014-12-29 00:00:00-05:00,25.202716986980366,25.41977081219258,25.18278250682444,25.22929573059082,110395600
2014-12-30 00:00:00-05:00,25.169495716553566,25.23151109946455,24.830624738652517,24.921432495117188,119526000
2014-12-31 00:00:00-05:00,24.987867336182262,25.056526952293186,24.409792977245605,24.447444915771484,165613600
2015-01-02 00:00:00-05:00,24.67115267325441,24.68222757163672,23.776355295274307,24.214895248413086,212818400
2015-01-05 00:00:00-05:00,23.98455483534346,24.064289384302135,23.346680133466553,23.532726287841797,257142000
2015-01-06 00:00:00-05:00,23.596956102061053,23.794077149066176,23.173919944915667,23.534940719604492,263188400
2015-01-07 00:00:00-05:00,23.743131155489024,23.964615594214823,23.632388936126123,23.864948272705078,160423600
2015-01-08 00:00:00-05:00,24.19274507045464,24.83947920152161,24.07535690294467,24.781892776489258,237458000
2015-01-09 00:00:00-05:00,24.954652444574595,25.083113830448443,24.40980090321807,24.808473587036133,214798000
2015-01-12 00:00:00-05:00,24.939150509382685,24.94579477298944,24.097510553276788,24.19717788696289,198603200
2015-01-13 00:00:00-05:00,24.680006107009795,24.983440335311546,24.1218661772764,24.412010192871094,268367600
2015-01-14 00:00:00-05:00,24.15066017595681,24.471811893300426,24.03105839224342,24.318988800048828,195826400
2015-01-15 00:00:00-05:00,24.363278742665493,24.376567263064572,23.623521817397208,23.658958435058594,240056000
2015-01-16 00:00:00-05:00,23.705477902251076,23.82729501276512,23.300160996132067,23.475133895874023,314053200
2015-01-20 00:00:00-05:00,23.884880822409823,24.135159317135944,23.58809248858328,24.079788208007812,199599600
2015-01-21 00:00:00-05:00,24.13072836459436,24.598060654669688,23.98011888215598,24.263620376586914,194303600
2015-01-22 00:00:00-05:00,24.42087324158633,24.91035361942313,24.30127144897852,24.89484977722168,215185600
2015-01-23 00:00:00-05:00,24.872705926916115,25.193857723073517,24.702161943737746,25.0233154296875,185859200
2015-01-26 00:00:00-05:00,25.191636592238247,25.328957536245927,24.983442393649014,25.04988670349121,222460000
2015-01-27 00:00:00-05:00,24.899276267516615,24.91256648080197,24.148444273882177,24.172807693481445,382274800
2015-01-28 00:00:00-05:00,26.05321534893324,26.16174394651588,25.539371490478516,25.539371490478516,585908400
2015-01-29 00:00:00-05:00,25.76306911779753,26.398730047323408,25.59474047597541,26.33449935913086,337745600
2015-01-30 00:00:00-05:00,26.223755963952947,26.57813070202149,25.880454433135018,25.949115753173828,334982000
2015-02-02 00:00:00-05:00,26.146236669694193,26.39429814064602,25.709912088376672,26.274696350097656,250956400
2015-02-03 00:00:00-05:00,26.245904119570774,26.376579118011072,26.04878311832867,26.27912712097168,207662800
2015-02-04 00:00:00-05:00,26.2459037070971,26.6910878633719,26.203821126664508,26.480676651000977,280598800
2015-02-05 00:00:00-05:00,26.687470850061043,26.73416763569182,26.51625552310522,26.6696834564209,168984800
2015-02-06 00:00:00-05:00,26.687470774515095,26.73861398429588,26.33836794045799,26.445100784301758,174826400
2015-02-09 00:00:00-05:00,26.36060659155632,26.64744762610821,26.33392295502217,26.620765686035156,155559200
2015-02-10 00:00:00-05:00,26.72082395138966,27.16109458407621,26.71860158755748,27.132186889648438,248034000
2015-02-11 00:00:00-05:00,27.29895839530153,27.77702961636251,27.238922333336244,27.76813507080078,294247200
2015-02-12 00:00:00-05:00,28.030517303345807,28.346267722765855,27.921562092612835,28.119461059570312,297898000
2015-02-13 00:00:00-05:00,28.301791428327864,28.301791428327864,27.93934766074915,28.257320404052734,217088800
2015-02-17 00:00:00-05:00,28.348488556639758,28.657568474541197,28.221744262210645,28.424091339111328,252609600
2015-02-18 00:00:00-05:00,28.379622306808475,28.635334989242327,28.339597698284383,28.621994018554688,179566800
2015-02-19 00:00:00-05:00,28.568624983223973,28.690922861865086,28.535272558559186,28.561954498291016,149449600
2015-02-20 00:00:00-05:00,28.599760217904958,28.79543685913086,28.47301758832746,28.79543685913086,195793600
2015-02-23 00:00:00-05:00,28.911060947691585,29.573688507080078,28.83101173030139,29.573688507080078,283896400
2015-02-24 00:00:00-05:00,29.56034475659771,29.707102206832975,29.16676919202935,29.389127731323242,276912400
2015-02-25 00:00:00-05:00,29.253494104471162,29.262390347666056,28.495250535932684,28.63755989074707,298846800
2015-02-26 00:00:00-05:00,28.637556382320206,29.10006257703535,28.152816368187036,29.000001907348633,365150000
2015-02-27 00:00:00-05:00,28.90661104284422,29.033357042942402,28.515261222485382,28.564180374145508,248059200
2015-03-02 00:00:00-05:00,28.739836139406872,28.968865123087966,28.52859624288527,28.70425796508789,192386800
2015-03-03 00:00:00-05:00,28.675357338437337,28.799877571574093,28.4819031113867,28.764299392700195,151265200
2015-03-04 00:00:00-05:00,28.7064957846363,28.808778837633067,28.53305635310015,28.581972122192383,126665200
2015-03-05 00:00:00-05:00,28.59085879639421,28.628659337495048,27.96380784031683,28.108341217041016,226068400
2015-03-06 00:00:00-05:00,28.55083912068661,28.766527205699226,28.07499361156718,28.15059471130371,291368400
2015-03-09 00:00:00-04:00,28.453003906240394,28.811003054898826,27.80816368012048,28.27066993713379,354114000
2015-03-10 00:00:00-04:00,28.108345078545167,28.288454960913256,27.5279891281801,27.685863494873047,275426400
2015-03-11 00:00:00-04:00,27.73922890608748,27.743675330611506,27.152202474172537,27.181108474731445,275756000
2015-03-12 00:00:00-04:00,27.1966669192814,27.772576302192864,27.045463075163788,27.672513961791992,193450800
2015-03-13 00:00:00-04:00,27.661402386110844,27.883760923464692,27.256709915985283,27.481290817260742,207309200
2015-03-16 00:00:00-04:00,27.54577546449357,27.78369903564453,27.32119455940393,27.78369903564453,143497200
2015-03-17 00:00:00-04:00,27.99493975184684,28.310688462772674,27.93935011838267,28.248428344726562,204092400
2015-03-18 00:00:00-04:00,28.239535104003725,28.719830373617224,28.09944983193032,28.566402435302734,261083600
2015-03-19 00:00:00-04:00,28.62866382972867,28.739843106737325,28.328480121097527,28.35071563720703,183238000
2015-03-20 00:00:00-04:00,28.517482020323033,28.550834443294974,27.830394963725297,27.99493980407715,274780400
2015-03-23 00:00:00-04:00,28.266216726686977,28.428537502319035,28.13280025254547,28.28622817993164,150838800
2015-03-24 00:00:00-04:00,28.290682355055825,28.470790562185886,28.14170081990879,28.170608520507812,131369200
2015-03-25 00:00:00-04:00,28.137256709291577,28.199516844224117,27.434602737426758,27.434602737426758,206620800
2015-03-26 00:00:00-04:00,27.29673052284318,27.76812946725988,27.26115234777586,27.62582015991211,190291600
2015-03-27 00:00:00-04:00,27.699208219038226,27.72811422368741,27.330093858713987,27.40569496154785,158184800
2015-03-30 00:00:00-04:00,27.58358116024277,28.106123458047634,27.572462553209395,28.09945297241211,188398800
2015-03-31 00:00:00-04:00,28.037191820061732,28.12613558907677,27.652512436529037,27.66807746887207,168362400
2015-04-01 00:00:00-04:00,27.75479032396762,27.821498558372735,27.372333399161498,27.6280460357666,162485600
2015-04-02 00:00:00-04:00,27.801490240861305,27.919340005191067,27.614709866405345,27.86597442626953,128880400
2015-04-06 00:00:00-04:00,27.676966071227053,28.352936195517167,27.645836013226795,28.317358016967773,148776000
2015-04-07 00:00:00-04:00,28.381847310542977,28.48857847251313,28.012732972076122,28.0194034576416,140049200
2015-04-08 00:00:00-04:00,27.983825650100826,28.106123541988197,27.788150719542283,27.92823600769043,149316800
2015-04-09 00:00:00-04:00,27.983826359755124,28.146148866152842,27.719220808765048,28.141700744628906,129936000
2015-04-10 00:00:00-04:00,28.006050026366427,28.286222187665487,27.852623827943617,28.261762619018555,160752000
2015-04-13 00:00:00-04:00,28.54416866862595,28.58864309715633,28.152818805185365,28.20618438720703,145460400
2015-04-14 00:00:00-04:00,28.239529743583486,28.30401391271499,27.997159790794043,28.083879470825195,102098400
2015-04-15 00:00:00-04:00,28.10834693194571,28.268443673239815,28.019403166919286,28.19061851501465,115881600
2015-04-16 00:00:00-04:00,28.0794350838232,28.261769011778117,28.041634540622283,28.054975509643555,113476000
2015-04-17 00:00:00-04:00,27.917114801850463,28.048305523453024,27.674743116071788,27.739227294921875,207828000
2015-04-20 00:00:00-04:00,27.92156390871118,28.48857721065811,27.83262014670152,28.37295150756836,188217200
2015-04-21 00:00:00-04:00,28.484139301740328,28.506373126989242,28.16616472508044,28.219532012939453,129740400
2015-04-22 00:00:00-04:00,28.23731240714277,28.655345879560674,28.08833258253471,28.599756240844727,150618000
2015-04-23 00:00:00-04:00,28.528606525123738,29.00000562952615,28.493028337981716,28.833236694335938,183083600
2015-04-24 00:00:00-04:00,29.0155650385736,29.046695096238576,28.73539112666703,28.968868255615234,178103600
2015-04-27 00:00:00-04:00,29.420259958837757,29.602595603096105,29.162323219950373,29.495861053466797,387816800
2015-04-28 00:00:00-04:00,29.89832623214437,29.9161119268668,28.810993272703,29.031126022338867,475696000
2015-04-29 00:00:00-04:00,28.942193988863824,29.260165134074875,28.52860688860569,28.60420799255371,253544400
2015-04-30 00:00:00-04:00,28.60420158242397,28.60420158242397,27.701426480269312,27.828170776367188,332781600
2015-05-01 00:00:00-04:00,28.03941419799725,28.93552062370091,27.861528367104484,28.67313575744629,234050400
2015-05-04 00:00:00-04:00,28.795433608675246,29.033358897210668,28.5197077719741,28.61754608154297,203953200
2015-05-05 00:00:00-04:00,28.49524833280351,28.561956579916988,27.968259627159547,27.972707748413086,197085600
2015-05-06 00:00:00-04:00,28.141697581751504,28.18394624917403,27.430150899410055,27.797042846679688,288564000
2015-05-07 00:00:00-04:00,27.859559234892988,28.15206679371887,27.692093738472852,27.968971252441406,175763600
2015-05-08 00:00:00-04:00,28.28604476221257,28.495935440063477,28.158771026473666,28.495935440063477,222201600
2015-05-11 00:00:00-04:00,28.444571508121946,28.482529943603403,28.051585348625007,28.20565414428711,168143200
2015-05-12 00:00:00-04:00,28.044894102161358,28.33070167104977,27.870730221341702,28.105182647705078,192640000
2015-05-13 00:00:00-04:00,28.167700370734202,28.399919425982123,28.105180183465016,28.13644027709961,138776800
2015-05-14 00:00:00-04:00,28.449040986155204,28.79290199279785,28.393219150803873,28.79290199279785,180814000
2015-05-15 00:00:00-04:00,28.819702957980056,28.913483246079785,28.627675680320152,28.752716064453125,152832000
2015-05-18 00:00:00-04:00,28.66563079542484,29.18812237147555,28.661164094483212,29.069780349731445,203531600
2015-05-19 00:00:00-04:00,29.181428725830614,29.223853873876013,28.946976291486887,29.042991638183594,178532800
2015-05-20 00:00:00-04:00,29.027349995518332,29.24617060303671,28.879979554761622,29.040746688842773,145819600
2015-05-21 00:00:00-04:00,29.042996597241526,29.39132443021388,28.989406389439754,29.33773422241211,158921600
2015-05-22 00:00:00-04:00,29.384612371339564,29.690514906309943,29.339952182125543,29.594499588012695,182384000
2015-05-26 00:00:00-04:00,29.607903631243715,29.67712216380999,28.83086120910056,28.9425048828125,282790400
2015-05-27 00:00:00-04:00,29.103272746836808,29.53198405537011,29.038520913645133,29.482860565185547,183332800
2015-05-28 00:00:00-04:00,29.44266999162981,29.462765035348177,29.272972832850446,29.424806594848633,122933200
2015-05-29 00:00:00-04:00,29.30199655832027,29.35112004549353,29.005023988443504,29.089874267578125,203538000
2015-06-01 00:00:00-04:00,29.089872851775468,29.337721922416165,29.038517720264473,29.147926330566406,128451200
2015-06-02 00:00:00-04:00,28.99609298447233,29.174723530965508,28.875519324668655,29.018423080444336,134670400
2015-06-03 00:00:00-04:00,29.174722877184216,29.237243055991655,29.005022328626115,29.05414581298828,123934000
2015-06-04 00:00:00-04:00,28.93358395361112,29.156871370996207,28.783981792814583,28.88446044921875,153800400
2015-06-05 00:00:00-04:00,28.915713437081244,28.95813858108162,28.661165980173738,28.72591781616211,142507200
2015-06-08 00:00:00-04:00,28.78173923393358,28.850961177235256,28.319536172144808,28.53612518310547,210699200
2015-06-09 00:00:00-04:00,28.290505804225184,28.598643429224612,28.049356767393892,28.45127296447754,224301600
2015-06-10 00:00:00-04:00,28.5629177278905,28.879985359644007,28.54728768135469,28.77727508544922,156349200
2015-06-11 00:00:00-04:00,28.844255490920546,29.067542819658165,28.68795504222306,28.71251678466797,141563600
2015-06-12 00:00:00-04:00,28.623206555258715,28.654466648645087,28.382055803237584,28.39545249938965,147544800
2015-06-15 00:00:00-04:00,28.15653077756676,28.411078186682165,28.06944885884555,28.33962631225586,175955600
2015-06-16 00:00:00-04:00,28.364194695206884,28.54729027276738,28.216825914998417,28.49146842956543,125976400
2015-06-17 00:00:00-04:00,28.51825688943397,28.55398197492287,28.29943456545634,28.424476623535156,131672400
2015-06-18 00:00:00-04:00,28.408848283941207,28.649997310216285,28.406614933605677,28.553983688354492,141628800
2015-06-19 00:00:00-04:00,28.516029965430786,28.540591712541328,28.223524054356492,28.26818084716797,218867600
2015-06-22 00:00:00-04:00,28.466904931100128,28.594178657629293,28.37535799972522,28.49370002746582,136157200
2015-06-23 00:00:00-04:00,28.46466946819001,28.493696207701102,28.330695707868955,28.36418914794922,121075600
2015-06-24 00:00:00-04:00,28.404389588878498,28.982704833379493,28.384294540836557,28.605348587036133,221123600
2015-06-25 00:00:00-04:00,28.772808124768485,28.848725006243843,28.46913719177246,28.46913719177246,127752400
2015-06-26 00:00:00-04:00,28.507095937640774,28.578547822431265,28.248083494105483,28.301671981811523,176267200
2015-06-29 00:00:00-04:00,28.01363227545043,28.23915298841273,27.794811614338297,27.80597496032715,196645600
2015-06-30 00:00:00-04:00,28.03819139644943,28.16100011566019,27.879657588452865,28.00693130493164,177482800
2015-07-01 00:00:00-04:00,28.33516773993263,28.344099439204413,28.131975414481285,28.26818084716797,120955200
2015-07-02 00:00:00-04:00,28.230220949336946,28.288276139840534,28.082850474261843,28.232454299926758,108844000
2015-07-06 00:00:00-04:00,27.897524611636374,28.185565523968155,27.87742786244942,28.13420867919922,112241600
2015-07-07 00:00:00-04:00,28.109645880970817,28.167701072115218,27.636276059999904,28.06498908996582,187787200
2015-07-08 00:00:00-04:00,27.794813525637824,27.830538620225102,27.361635467764923,27.36833381652832,243046400
2015-07-09 00:00:00-04:00,27.65413790846935,27.701028047461744,26.62031809305281,26.81011199951172,314380000
2015-07-10 00:00:00-04:00,27.227662652442298,27.654140646579222,27.064662121527192,27.526866912841797,245418000
2015-07-13 00:00:00-04:00,27.91761835446566,28.080618876862893,27.759084533255947,28.058290481567383,165762000
2015-07-14 00:00:00-04:00,28.143142321440855,28.216827567634503,27.919854935555303,28.047128677368164,127072400
2015-07-15 00:00:00-04:00,28.071681278088274,28.3909822039926,28.040421190535152,28.317296981811523,134596800
2015-07-16 00:00:00-04:00,28.522722068791797,28.70805265866787,28.43564014939327,28.694652557373047,144889600
2015-07-17 00:00:00-04:00,28.821931214325204,28.9425048828125,28.649999002822348,28.9425048828125,184658800
2015-07-20 00:00:00-04:00,29.24394364033243,29.690518327173155,29.18365510362248,29.489561080932617,235600800
2015-07-21 00:00:00-04:00,29.663721316152145,29.679349656595203,29.098804678807095,29.19481658935547,307025600
2015-07-22 00:00:00-04:00,27.238822186865725,28.02256122890645,27.238822186865725,27.960041046142578,461802400
2015-07-23 00:00:00-04:00,28.178863083176353,28.377588689764913,27.924315638702303,27.946645736694336,203998000
2015-07-24 00:00:00-04:00,27.98236807937494,28.076148348962484,27.665300480171084,27.799272537231445,168649200
2015-07-27 00:00:00-04:00,27.48444437500477,27.600554773302164,27.26785703486667,27.412992477416992,177822000
2015-07-28 00:00:00-04:00,27.549192428588867,27.667536154204573,27.36386522413786,27.549192428588867,134472400
2015-07-29 00:00:00-04:00,27.497835403047585,27.575985628897783,27.301341459713193,27.462108612060547,148046800
2015-07-30 00:00:00-04:00,27.31250438639071,27.368326215311846,27.176298987539383,27.32366943359375,134513200
2015-07-31 00:00:00-04:00,27.375029390656604,27.383961089285012,26.99767491900346,27.08475685119629,171540000
2015-08-03 00:00:00-04:00,27.129416283371835,27.368333708425062,26.240731774075797,26.446157455444336,279904000
2015-08-04 00:00:00-04:00,26.21840444706124,26.28092464255406,25.287296456584127,25.597665786743164,496554400
2015-08-05 00:00:00-04:00,25.220301920594746,26.222863206316752,25.03050804074894,25.767356872558594,397250400
2015-08-06 00:00:00-04:00,26.011848009757106,26.130725715606143,25.59689691360648,25.823436737060547,211612000
2015-08-07 00:00:00-04:00,25.70007254388198,26.074649899477837,25.682128288087846,25.910911560058594,154681600
2015-08-10 00:00:00-04:00,26.13744746242508,26.913518390407532,26.13744746242508,26.85295867919922,219806400
2015-08-11 00:00:00-04:00,26.424554977301863,26.507545878935208,25.41970058587761,25.45558738708496,388331200
2015-08-12 00:00:00-04:00,25.2402588839715,25.88848010107389,24.58979420725311,25.848106384277344,404870000
2015-08-13 00:00:00-04:00,26.027540275904467,26.108287693272175,25.691093273958323,25.82791519165039,194143200
2015-08-14 00:00:00-04:00,25.64175104867108,26.088103654920044,25.572219206085563,26.009599685668945,171718000
2015-08-17 00:00:00-04:00,26.027546472717383,26.38866647768475,25.90642531782848,26.27876091003418,163538800
2015-08-18 00:00:00-04:00,26.115023157519488,26.341564676953208,26.020818383154,26.13072395324707,138242800
2015-08-19 00:00:00-04:00,26.041002370525103,26.135207137595437,25.72249956113972,25.796518325805664,193146000
2015-08-20 00:00:00-04:00,25.587921954384836,25.648481674930427,25.038390705136656,25.267175674438477,274006400
2015-08-21 00:00:00-04:00,24.769231170712416,25.098949543946166,23.6970868762912,23.721759796142578,513102000
2015-08-24 00:00:00-04:00,21.27915685105936,24.40362879000235,20.635420824502845,23.129615783691406,648825200
2015-08-25 00:00:00-04:00,24.921757912591616,24.921757912591616,23.21484951655128,23.268680572509766,414406400
2015-08-26 00:00:00-04:00,24.020072417026125,24.648107512469675,23.562505994962294,24.603248596191406,387098400
2015-08-27 00:00:00-04:00,25.172971406945223,25.39951120986132,24.67727120064296,25.327735900878906,338464400
2015-08-28 00:00:00-04:00,25.159510224151333,25.415209847647688,25.018203077879622,25.410724639892578,212657600
2015-08-31 00:00:00-04:00,25.1281145934092,25.688859814939384,25.121385924552218,25.291852951049805,224917200
2015-09-01 00:00:00-04:00,24.706436677037395,25.094471441466766,24.080644756987738,24.161392211914062,307383600
2015-09-02 00:00:00-04:00,24.72437594701632,25.197643280029297,24.477646711607818,25.197643280029297,247555200
2015-09-03 00:00:00-04:00,25.23128620434368,25.296332841717195,24.681756687277375,24.755775451660156,212935600
2015-09-04 00:00:00-04:00,24.441763874347867,24.773724099201758,24.33858695520362,24.509052276611328,199985200
2015-09-08 00:00:00-04:00,25.06530779013438,25.246988668124622,24.74456150119284,25.190914154052734,219374400
2015-09-09 00:00:00-04:00,25.516144558967323,25.574460815088862,24.6211941806021,24.70642852783203,340043200
2015-09-10 00:00:00-04:00,24.733343272285687,25.408480828757018,24.65035409552812,25.249229431152344,251571200
2015-09-11 00:00:00-04:00,25.074276071527077,25.617076873779297,25.067547404671917,25.617076873779297,199662000
2015-09-14 00:00:00-04:00,26.148667160912005,26.218199009025287,25.762874239912513,25.863807678222656,233453600
2015-09-15 00:00:00-04:00,26.002863545984535,26.13744198477777,25.66417313453637,26.08136749267578,173364800
2015-09-16 00:00:00-04:00,26.074651875706344,26.13969852444623,25.89297097798158,26.11054039001465,148694000
2015-09-17 00:00:00-04:00,25.94231616788589,26.128482269521882,25.50717735491766,25.55203628540039,256450400
2015-09-18 00:00:00-04:00,25.16848231997262,25.63726610331166,25.0922218094221,25.446611404418945,297141200
2015-09-21 00:00:00-04:00,25.495954303963952,25.87726194649189,25.493712555976934,25.841373443603516,200888000
2015-09-22 00:00:00-04:00,25.430907368673534,25.610346458431458,25.238010946124064,25.435394287109375,201384800
2015-09-23 00:00:00-04:00,25.48698035804439,25.73146606055154,25.41296332082469,25.641746520996094,143026800
2015-09-24 00:00:00-04:00,25.401751825083856,25.906422391145128,25.2043701752995,25.794273376464844,200878000
2015-09-25 00:00:00-04:00,26.117259542436617,26.17333404216788,25.574457084481946,25.729223251342773,224607600
2015-09-28 00:00:00-04:00,25.536338859542884,25.697833768612547,25.22007942199707,25.22007942199707,208436000
2015-09-29 00:00:00-04:00,25.30754720650309,25.460069935780723,24.192785720478692,24.461942672729492,293461600
2015-09-30 00:00:00-04:00,24.710912412608344,25.018201315562724,24.38792442798784,24.74007225036621,265892000
2015-10-01 00:00:00-04:00,24.46418647261006,24.587551075675574,24.069421454058606,24.57857894897461,255716400
2015-10-02 00:00:00-04:00,24.22643133643209,24.899325444124337,24.123254445270266,24.75801658630371,232079200
2015-10-05 00:00:00-04:00,24.64587156603645,24.98007692583926,24.464190675092638,24.847740173339844,208258800
2015-10-06 00:00:00-04:00,24.814091037028717,25.063061993191063,24.621194589709095,24.96661376953125,192787200
2015-10-07 00:00:00-04:00,25.063066117377303,25.069794785744335,24.540452909522134,24.847740173339844,187062400
2015-10-08 00:00:00-04:00,24.715400803406812,24.715400803406812,24.27128994512158,24.56063461303711,247918400
2015-10-09 00:00:00-04:00,24.672782033606488,25.184181241956313,24.55838956502569,25.14829444885254,211064400
2015-10-12 00:00:00-04:00,25.285119878499245,25.289605086536547,24.99577518923133,25.031661987304688,121868800
2015-10-13 00:00:00-04:00,24.856710397906387,25.222315611668947,24.82530880709283,25.07427978515625,132197200
2015-10-14 00:00:00-04:00,24.962129073655152,25.013716664543725,24.57409271155276,24.719886779785156,177849600
2015-10-15 00:00:00-04:00,24.881380032279928,25.14380831136145,24.782688353476704,25.089977264404297,150694000
2015-10-16 00:00:00-04:00,25.072031686655585,25.12137752344936,24.7916591696528,24.906051635742188,156930400
2015-10-19 00:00:00-04:00,24.852228064079956,25.06531055656749,24.697461840557473,25.06082534790039,119036800
2015-10-20 00:00:00-04:00,24.97334627729678,25.608110225715027,24.856712033921024,25.518390655517578,195871200
2015-10-21 00:00:00-04:00,25.569982491156885,25.92437388726271,25.502692379045122,25.516151428222656,167180800
2015-10-22 00:00:00-04:00,25.643995273146963,25.906423568725586,25.592405971095445,25.906423568725586,166616400
2015-10-23 00:00:00-04:00,26.175581178552775,26.74305667011026,26.092591997071434,26.70941162109375,237467600
2015-10-26 00:00:00-04:00,26.48511962859648,26.496333506659152,25.776336822702596,25.857084274291992,265335200
2015-10-27 00:00:00-04:00,25.883999051348866,26.139698728385536,25.56773793375908,25.69334602355957,279537600
2015-10-28 00:00:00-04:00,26.22716902919141,26.758755982685184,26.032029124710814,26.752025604248047,342205600
2015-10-29 00:00:00-04:00,26.624175460513595,27.070529772051515,26.527727239221168,27.03464126586914,204909200
2015-10-30 00:00:00-04:00,27.1378191678985,27.189408469648065,26.792399983652906,26.80361557006836,197461200
2015-11-02 00:00:00-05:00,27.095206348563828,27.220812714635596,26.82829110940293,27.180438995361328,128813200
2015-11-03 00:00:00-05:00,27.092960155231147,27.698564171983563,27.072772442001682,27.492210388183594,182076000
2015-11-04 00:00:00-05:00,27.617816977818606,27.77258317262153,27.279128170399268,27.364360809326172,179544400
2015-11-05 00:00:00-05:00,27.447708480518628,27.63692624256414,27.071527737980944,27.238218307495117,158210800
2015-11-06 00:00:00-05:00,27.281014189822066,27.438694204532553,27.170638179524726,27.269750595092773,132169200
2015-11-09 00:00:00-05:00,27.247228602394177,27.43869770715078,27.04224455710382,27.159378051757812,135485600
2015-11-10 00:00:00-05:00,26.332682796964708,26.596234467227482,26.143465023397653,26.30339813232422,236511600
2015-11-11 00:00:00-05:00,26.21329363333577,26.44981367862618,25.951993333491004,26.154726028442383,180872000
2015-11-12 00:00:00-05:00,26.18851124213056,26.314655247715674,26.05110364236827,26.066871643066406,130102400
2015-11-13 00:00:00-05:00,25.949744351965816,26.03309050593874,25.289737747064134,25.305505752563477,183249600
2015-11-16 00:00:00-05:00,25.089254758953953,25.733493272989936,25.00365727166892,25.71997833251953,152426800
2015-11-17 00:00:00-05:00,25.88666277806434,25.9159474336029,25.526250129222316,25.609596252441406,110467600
2015-11-18 00:00:00-05:00,26.07588372005007,26.465579354077473,26.01731612030753,26.420528411865234,186698800
2015-11-19 00:00:00-05:00,26.499370380292167,26.97466524569888,26.301143813878102,26.75616455078125,173183200
2015-11-20 00:00:00-05:00,26.85076764309796,27.01295376704762,26.771927643562183,26.873294830322266,137148400
2015-11-23 00:00:00-05:00,26.86653673188203,26.970156985280802,26.43178846701266,26.524145126342773,129930000
2015-11-24 00:00:00-05:00,26.42953744464211,26.884558122071645,26.38223344242789,26.7786865234375,171212800
2015-11-25 00:00:00-05:00,26.853025851129228,26.857531976870792,26.562442609801547,26.587221145629883,85553200
2015-11-27 00:00:00-05:00,26.645779515448833,26.672811104779505,26.490350884317436,26.537654876708984,52185600
2015-11-30 00:00:00-05:00,26.5782057691861,26.898073613791787,26.52414430022331,26.64803695678711,156721200
2015-12-01 00:00:00-05:00,26.749406131688787,26.762921071156022,26.32366835263742,26.431791305541992,139409600
2015-12-02 00:00:00-05:00,26.43179105368523,26.605240795250975,26.14796701607765,26.193017959594727,133546400
2015-12-03 00:00:00-05:00,26.253833559249966,26.307895024758317,25.72898174746501,25.94973373413086,166278000
2015-12-04 00:00:00-05:00,25.970008423709054,26.86203035765792,25.92946189404851,26.81247329711914,231108000
2015-12-07 00:00:00-05:00,26.80121736144958,26.999443928947482,26.537664000962682,26.643535614013672,128336800
2015-12-08 00:00:00-05:00,26.472339812035365,26.71561905204534,26.32367031108492,26.632274627685547,137238000
2015-12-09 00:00:00-05:00,26.499372348457303,26.51063594497179,25.9227119534532,26.04435157775879,185445600
2015-12-10 00:00:00-05:00,26.138950936246847,26.341683576214866,26.019564414538728,26.16823387145996,116850800
2015-12-11 00:00:00-05:00,25.94748405082484,25.992534988534192,25.420379142993248,25.494714736938477,187544800
2015-12-14 00:00:00-05:00,25.26946180846365,25.382090894484865,24.731094914768907,25.337039947509766,257274800
2015-12-15 00:00:00-05:00,25.215400251441203,25.409122416293304,24.85723886532313,24.888774871826172,213292400
2015-12-16 00:00:00-05:00,25.01943082219234,25.226667975408464,24.508095410885456,25.080249786376953,224954000
2015-12-17 00:00:00-05:00,25.23341878938219,25.285228923308203,24.548635482788086,24.548635482788086,179091200
2015-12-18 00:00:00-05:00,24.532861583107387,24.670267449100322,23.834560067295428,23.884117126464844,385813200
2015-12-21 00:00:00-05:00,24.1656944889718,24.185968616497497,23.780503251816764,24.176958084106445,190362400
2015-12-22 00:00:00-05:00,24.19272576997696,24.26480830958003,23.978729495298605,24.15443229675293,131157600
2015-12-23 00:00:00-05:00,24.163443227026107,24.519351549372036,24.147675223812477,24.465290069580078,130629600
2015-12-24 00:00:00-05:00,24.55314120884414,24.55314120884414,24.316619436371415,24.334640502929688,54281600
2015-12-28 00:00:00-05:00,24.23552075333201,24.258047940614375,23.917907691931227,24.06207275390625,106816800
2015-12-29 00:00:00-05:00,24.09360681006281,24.649994606822197,24.071081343180772,24.494565963745117,123724800
2015-12-30 00:00:00-05:00,24.458529336588093,24.485559213586477,24.143167595802193,24.17470359802246,100855200
2015-12-31 00:00:00-05:00,24.104874124885654,24.109378531524413,23.611558246655083,23.71067237854004,163649200
2016-01-04 00:00:00-05:00,23.11373688408393,23.735449804821453,22.976329287135002,23.73094367980957,270597600
2016-01-05 00:00:00-05:00,23.821049795708866,23.843575267401853,23.068688385946427,23.13626480102539,223164000
2016-01-06 00:00:00-05:00,22.65195856498295,23.059676977036663,22.496531613200904,22.683494567871094,273829600
2016-01-07 00:00:00-05:00,22.228471149896194,22.55509473351761,21.721640384466582,21.726144790649414,324377600
2016-01-08 00:00:00-05:00,22.199189536076883,22.32533353970958,21.795977274655915,21.841028213500977,283192000
2016-01-11 00:00:00-05:00,22.29379720120922,22.314069607807568,21.926625352707706,22.194683074951172,198957600
2016-01-12 00:00:00-05:00,22.64970885793796,22.6812448631054,22.26451588888082,22.51680564880371,196616800
2016-01-13 00:00:00-05:00,22.597899416901196,22.793874642374632,21.91762050355392,21.93789291381836,249758400
2016-01-14 00:00:00-05:00,22.066295623706186,22.63394731591552,21.566222086764018,22.41769790649414,252680400
2016-01-15 00:00:00-05:00,21.669835695707224,22.00997602034659,21.480619654080122,21.87932586669922,319335600
2016-01-19 00:00:00-05:00,22.167660331630024,22.22172181853563,21.51215814338778,21.77345848083496,212350800
2016-01-20 00:00:00-05:00,21.422055085619366,22.118103837081524,21.04362123011172,21.80274200439453,289337600
2016-01-21 00:00:00-05:00,21.863554876137204,22.048266485215724,21.386008711417897,21.692359924316406,208646000
2016-01-22 00:00:00-05:00,22.217217237012118,22.85469840108571,22.158651338201818,22.845687866210938,263202000
2016-01-25 00:00:00-05:00,22.868207212335967,22.870460275096484,22.347861422573573,22.39967155456543,207178000
2016-01-26 00:00:00-05:00,22.5100503512919,22.72404493823475,22.091069992394825,22.5235652923584,300308000
2016-01-27 00:00:00-05:00,21.633794256347503,21.76669574806189,21.02559618297217,21.043617248535156,533478800
2016-01-28 00:00:00-05:00,21.12696360512257,21.29140110397176,20.811601828860308,21.19454002380371,222715200
2016-01-29 00:00:00-05:00,21.352217130522604,21.926624298095703,21.253103009031683,21.926624298095703,257666000
2016-02-01 00:00:00-05:00,21.730659704514956,21.7847211934897,21.48963348954721,21.721649169921875,163774000
2016-02-02 00:00:00-05:00,21.494134011442785,21.63379469450947,21.237339837011106,21.282392501831055,149428800
2016-02-03 00:00:00-05:00,21.399522772852215,21.81399691532227,21.192285701617187,21.70362091064453,183857200
2016-02-04 00:00:00-05:00,21.71042043534473,22.0433470401719,21.558678918068512,21.878015518188477,185886800
2016-02-05 00:00:00-05:00,21.859896689195967,21.950489233076475,21.218958199443556,21.2936954498291,185672400
2016-02-08 00:00:00-05:00,21.092127482518418,21.674182274657653,21.07174506774626,21.517911911010742,216085600
2016-02-09 00:00:00-05:00,21.354842514451022,21.72853561437277,21.27330941163505,21.513378143310547,177324800
2016-02-10 00:00:00-05:00,21.724008249160672,21.821394929259718,21.311813825280545,21.35031509399414,169374400
2016-02-11 00:00:00-05:00,21.24160415793437,21.452231070787203,20.96982654862582,21.221220016479492,200298800
2016-02-12 00:00:00-05:00,21.332198610239757,21.402407011526563,21.06495155410116,21.286901473999023,161405600
2016-02-16 00:00:00-05:00,21.520180142186298,21.934639944924054,21.427324019335142,21.8870792388916,196231600
2016-02-17 00:00:00-05:00,21.893861874423507,22.24264192996997,21.776092815831376,22.222259521484375,179452800
2016-02-18 00:00:00-05:00,22.385328420660294,22.396653135119077,21.762507139421366,21.801010131835938,156084000
2016-02-19 00:00:00-05:00,21.742121224277902,21.914246834451163,21.696825829557408,21.75118064880371,141496800
2016-02-22 00:00:00-05:00,21.8123315363996,21.945955900104785,21.724004299335455,21.941425323486328,137123200
2016-02-23 00:00:00-05:00,21.832715936199516,21.855363635836255,21.41372744523932,21.4454345703125,127770400
2016-02-24 00:00:00-05:00,21.2846367988569,21.828188582017955,21.135158848951324,21.764774322509766,145022800
2016-02-25 00:00:00-05:00,21.75344661030085,21.914247512817383,21.57226156999311,21.914247512817383,110330800
2016-02-26 00:00:00-05:00,22.01389901650893,22.199612916119857,21.873482243576703,21.94822120666504,115964400
2016-02-29 00:00:00-05:00,21.9368987113174,22.24717758078485,21.889338019426862,21.89839744567871,140865200
2016-03-01 00:00:00-05:00,22.115818525109407,22.82243649472265,22.063727256060517,22.768081665039062,201628400
2016-03-02 00:00:00-05:00,22.763552504434063,22.84961446091474,22.566513873652035,22.817907333374023,132678400
2016-03-03 00:00:00-05:00,22.77940088109081,23.03532313165287,22.749957320858435,22.987762451171875,147822800
2016-03-04 00:00:00-05:00,23.184802721067463,23.497345098889944,22.958322286379367,23.329750061035156,184220400
2016-03-07 00:00:00-05:00,23.189336626842675,23.28898859276928,22.865469465490182,23.07156753540039,143315600
2016-03-08 00:00:00-05:00,22.824702740117004,23.046654373151963,22.738640778851057,22.881322860717773,126247600
2016-03-09 00:00:00-05:00,22.944732989793426,23.005883676665537,22.709193123136984,22.901702880859375,108806800
2016-03-10 00:00:00-05:00,22.967377626398576,23.155355040547636,22.68201184562909,22.913021087646484,134054400
2016-03-11 00:00:00-05:00,23.155366272871404,23.164425700391348,22.987771183525282,23.159896850585938,109632800
2016-03-14 00:00:00-04:00,23.080630895768163,23.30711141844868,23.051187321957766,23.218782424926758,100304400
2016-03-15 00:00:00-04:00,23.544907123012198,23.821213545524536,23.519994135545762,23.685325622558594,160270800
2016-03-16 00:00:00-04:00,23.692121847664875,24.077137951320523,23.68759127068511,24.00013542175293,153214000
2016-03-17 00:00:00-04:00,23.89821770115253,24.11337517779888,23.771389194773242,23.961633682250977,137682800
2016-03-18 00:00:00-04:00,24.083929047880954,24.120166747508094,23.823477925422555,23.988807678222656,176820800
2016-03-21 00:00:00-04:00,23.991078226933524,24.380624943797773,23.81215843358732,23.986549377441406,142010800
2016-03-22 00:00:00-04:00,23.837062166803783,24.2990823914476,23.828002743429394,24.16998863220215,129777600
2016-03-23 00:00:00-04:00,24.11564269013365,24.24926534626152,23.98428359475072,24.036373138427734,102814000
2016-03-24 00:00:00-04:00,23.88689454028983,24.063549023716174,23.755535457979903,23.93218994140625,104532000
2016-03-28 00:00:00-04:00,24.006929229334705,24.04996107050679,23.79403703984186,23.8234806060791,77645600
2016-03-29 00:00:00-04:00,23.75553984300412,24.41233364788222,23.75327455415751,24.387420654296875,124760400
2016-03-30 00:00:00-04:00,24.60710744864161,25.007977186036836,24.595782732119893,24.813203811645508,182404400
2016-03-31 00:00:00-04:00,24.849434495844047,24.890201044722406,24.659190025108817,24.68410301208496,103553600
2016-04-01 00:00:00-04:00,24.636548025912735,24.91285450690936,24.505188923814494,24.91058921813965,103496000
2016-04-04 00:00:00-04:00,25.007966581717497,25.408837877037346,24.973994174467073,25.16650390625,149424800
2016-04-05 00:00:00-04:00,24.80187463531264,25.078181061580132,24.781490496240938,24.86981773376465,106314800
2016-04-06 00:00:00-04:00,24.96494024682486,25.13480058080752,24.731663936712053,25.13027000427246,105616400
2016-04-07 00:00:00-04:00,24.90152804506245,25.00797414695786,24.487070080535233,24.582191467285156,127207600
2016-04-08 00:00:00-04:00,24.66597983809989,24.86075138172232,24.49838310721466,24.609359741210938,94326800
2016-04-11 00:00:00-04:00,24.67957590905189,25.051003723810304,24.647868783004864,24.690898895263672,117630000
2016-04-12 00:00:00-04:00,24.763369004113997,25.02608712825009,24.609363972886182,25.01249885559082,108929200
2016-04-13 00:00:00-04:00,25.094035020850985,25.442813399819443,25.094035020850985,25.37487030029297,133029200
2016-04-14 00:00:00-04:00,25.27974860292887,25.454137790196775,25.21406906468522,25.388458251953125,101895600
2016-04-15 00:00:00-04:00,25.390725898548595,25.433757741234675,24.8517029962933,24.87887954711914,187756000
2016-04-18 00:00:00-04:00,24.661459613589077,24.675047889615044,24.21982336365566,24.34212303161621,243286000
2016-04-19 00:00:00-04:00,24.432708709948805,24.45988698420057,24.059017374461504,24.213024139404297,129539600
2016-04-20 00:00:00-04:00,24.151874871871108,24.48027083078875,24.020515797140575,24.262849807739258,122444000
2016-04-21 00:00:00-04:00,24.217556463242936,24.217556463242936,23.89821817461431,24.00013542175293,126210000
2016-04-22 00:00:00-04:00,23.78271247781748,24.115639014935994,23.694385240774857,23.9344539642334,134732400
2016-04-25 00:00:00-04:00,23.780451778785896,23.927664444903044,23.669476820966093,23.79857063293457,112126400
2016-04-26 00:00:00-04:00,23.533585702810786,23.848393407654267,23.533585702810786,23.633235931396484,224064800
2016-04-27 00:00:00-04:00,21.742132859565245,22.355894944397587,21.669659152483074,22.154327392578125,458408400
2016-04-28 00:00:00-04:00,22.106753806786298,22.16790275955349,21.345779461747554,21.47713851928711,328970800
2016-04-29 00:00:00-04:00,21.28690195548378,21.452233482661203,20.951711779266073,21.230281829833984,274126000
2016-05-02 00:00:00-04:00,21.282369124043885,21.307282112901614,20.926794870603057,21.207630157470703,192640400
2016-05-03 00:00:00-04:00,21.334462004439807,21.683242175177742,21.21669290695213,21.556413650512695,227325200
2016-05-04 00:00:00-04:00,21.5609393046504,21.71947666489431,21.24839688894312,21.332195281982422,164102000
2016-05-05 00:00:00-04:00,21.41878098572205,21.434731072238087,21.11800668397035,21.245607376098633,143562000
2016-05-06 00:00:00-04:00,21.275233750654156,21.293461182259097,20.928886473720148,21.127124786376953,174799600
2016-05-09 00:00:00-04:00,21.19092812459223,21.366379130177148,21.097504918844063,21.143077850341797,131745600
2016-05-10 00:00:00-04:00,21.26611649121097,21.320802256007195,20.988127767650703,21.286623001098633,134747200
2016-05-11 00:00:00-04:00,21.30029133423994,21.320797839880143,21.067873839745104,21.079267501831055,114876400
2016-05-12 00:00:00-04:00,21.127122427175387,21.14079343395983,20.38657942691291,20.584815979003906,305258800
2016-05-13 00:00:00-04:00,20.50734358750293,20.887868323514734,20.50734358750293,20.625829696655273,177571200
2016-05-16 00:00:00-04:00,21.05193505633622,21.507653969539177,20.88331954521144,21.39144515991211,245039200
2016-05-17 00:00:00-04:00,21.54410629634626,21.57828381454151,21.193202622631627,21.302574157714844,187667600
2016-05-18 00:00:00-04:00,21.45524054073366,21.694491852089957,21.39371753322122,21.546382904052734,168249600
2016-05-19 00:00:00-04:00,21.56461224798511,21.56461224798511,21.32080277341668,21.464353561401367,121768400
2016-05-20 00:00:00-04:00,21.564618444085706,21.744627620160248,21.537274683952855,21.69677734375,128104000
2016-05-23 00:00:00-04:00,21.8448876584987,22.14566208445662,21.799314722184004,21.972488403320312,152074400
2016-05-24 00:00:00-04:00,22.152489631091072,22.350726182938512,22.06590195241827,22.30743408203125,140560800
2016-05-25 00:00:00-04:00,22.482888586730486,22.726698096946325,22.355287867643142,22.699356079101562,152675200
2016-05-26 00:00:00-04:00,22.71301830683631,22.95227130105576,22.47604439269927,22.879356384277344,225324800
2016-05-27 00:00:00-04:00,22.658335303115027,22.893030165646426,22.61504146843989,22.865686416625977,145364800
2016-05-31 00:00:00-04:00,22.694790126649263,22.877078295710227,22.51706011795067,22.7540340423584,169228800
2016-06-01 00:00:00-04:00,22.56263640980064,22.681124268100326,22.40541461020609,22.435035705566406,116693200
2016-06-02 00:00:00-04:00,22.239074706130616,22.29376046950281,22.018050833697107,22.26641845703125,160766400
2016-06-03 00:00:00-04:00,22.28236964346596,22.39174117560807,22.2048965479719,22.31199073791504,114019600
2016-06-06 00:00:00-04:00,22.32794217168202,23.216594181455072,22.227685217578443,22.473772048950195,93170000
2016-06-07 00:00:00-04:00,22.61504213482064,22.75631556794565,22.54896270989583,22.564912796020508,89638000
2016-06-08 00:00:00-04:00,22.56263241058802,22.68567667004546,22.485161064871615,22.544404983520508,83392400
2016-06-09 00:00:00-04:00,22.444149559864716,22.783659558832454,22.435034975797432,22.706188201904297,106405600
2016-06-10 00:00:00-04:00,22.45098391469261,22.637828532439826,22.4395919890132,22.51934242248535,126851600
2016-06-13 00:00:00-04:00,22.48743822808399,22.58541781123821,22.125140983051885,22.179826736450195,152082000
2016-06-14 00:00:00-04:00,22.175274127977108,22.439591835307525,22.045394354803797,22.20717430114746,127727600
2016-06-15 00:00:00-04:00,22.289206547254377,22.423644497893772,22.109197411764256,22.134262084960938,117780800
2016-06-16 00:00:00-04:00,21.97704484652,22.273262848314502,21.890458875092726,22.227691650390625,125307200
2016-06-17 00:00:00-04:00,22.015778778443952,22.02261428320331,21.7150044000258,21.721839904785156,244032800
2016-06-20 00:00:00-04:00,21.874499747171008,22.004379519882672,21.653475877826985,21.66942596435547,137647600
2016-06-21 00:00:00-04:00,21.632972376778547,21.95425323250543,21.573728444965415,21.85399627685547,142185600
2016-06-22 00:00:00-04:00,21.931465901677825,22.077295769638027,21.726392106599683,21.77196502685547,116876400
2016-06-23 00:00:00-04:00,21.860830769795754,21.940581209838957,21.703607231975436,21.897287368774414,128960800
2016-06-24 00:00:00-04:00,21.170408146901636,21.56916191718253,21.111164242842786,21.282058715820312,301245600
2016-06-27 00:00:00-04:00,21.190922301282,21.202315965632827,20.849133231906485,20.972177505493164,181958400
2016-06-28 00:00:00-04:00,21.168139441767984,21.34131307935169,20.994965804184282,21.325361251831055,161779600
2016-06-29 00:00:00-04:00,21.411951935226526,21.544110828145115,21.33447882135269,21.509931564331055,146124000
2016-06-30 00:00:00-04:00,21.51903785996703,21.822089478340487,21.487137689611927,21.783353805541992,143345600
2016-07-01 00:00:00-04:00,21.758291706600488,21.981594663880156,21.72183510978838,21.849435806274414,104106000
2016-07-05 00:00:00-04:00,21.735503678072735,21.737782758376927,21.5235944089345,21.644359588623047,110820800
2016-07-06 00:00:00-04:00,21.555495280247005,21.797027385905224,21.503088600549212,21.767404556274414,123796400
2016-07-07 00:00:00-04:00,21.806142802052754,21.98843100837468,21.7879153721639,21.860830307006836,100558400
2016-07-08 00:00:00-04:00,21.986151808280546,22.07729591094634,21.88589485993442,22.02944564819336,115648400
2016-07-11 00:00:00-04:00,22.04539088864821,22.2504646399493,22.04083446680987,22.09779930114746,95179600
2016-07-12 00:00:00-04:00,22.14109233791423,22.261857513714595,22.129700413617865,22.198057174682617,96670000
2016-07-13 00:00:00-04:00,22.195788674552603,22.255030876722028,22.06590712609078,22.072744369506836,103568800
2016-07-14 00:00:00-04:00,22.19122562037632,22.555800292868337,22.175275532780702,22.510229110717773,155676000
2016-07-15 00:00:00-04:00,22.539853824111724,22.626441517900535,22.444153283173037,22.507953643798828,120548000
2016-07-18 00:00:00-04:00,22.489715940605876,22.815554863126287,22.46693035451658,22.7471981048584,145975600
2016-07-19 00:00:00-04:00,22.685679548019195,22.78593823253969,22.63555020575895,22.756317138671875,95119600
2016-07-20 00:00:00-04:00,22.78593953559762,22.890754648849864,22.726695606044885,22.776824951171875,105104000
2016-07-21 00:00:00-04:00,22.747197623949873,23.013792626258883,22.587695047839347,22.65605354309082,130808000
2016-07-22 00:00:00-04:00,22.61732327115036,22.62643785525426,22.400855810148364,22.480607986450195,113254800
2016-07-25 00:00:00-04:00,22.38717956482979,22.521615737439962,22.084126233395963,22.179826736450195,161531600
2016-07-26 00:00:00-04:00,22.061345622068604,22.32338426293091,21.970201520234436,22.02716636657715,224959200
2016-07-27 00:00:00-04:00,23.758900426240057,23.777129596654746,23.412554880507894,23.458126068115234,369379200
2016-07-28 00:00:00-04:00,23.430784375744125,23.799915520397235,23.42850529480335,23.774850845336914,159479200
2016-07-29 00:00:00-04:00,23.740669483656855,23.822698999963638,23.62446071248406,23.74522590637207,110934800
2016-08-01 00:00:00-04:00,23.79079671840026,24.187271519812555,23.79079671840026,24.164485931396484,152671600
2016-08-02 00:00:00-04:00,24.164488509298266,24.169044932095982,23.697376074006293,23.80674934387207,135266400
2016-08-03 00:00:00-04:00,23.88194072866465,24.116635608645094,23.872826144980184,24.105243682861328,120810400
2016-08-04 00:00:00-04:00,24.187720617085038,24.28393958084668,24.118991787057148,24.25415802001953,109634800
2016-08-05 00:00:00-04:00,24.34579230534849,24.661942802371318,24.325174706593064,24.622997283935547,162213600
2016-08-08 00:00:00-04:00,24.63215606994949,24.826887130737305,24.54968393855186,24.826887130737305,112148800
2016-08-09 00:00:00-04:00,24.79481556148187,24.957471902628445,24.74441466042447,24.927688598632812,105260800
2016-08-10 00:00:00-04:00,24.90478090734447,24.94830927837689,24.687142547875503,24.742124557495117,96034000
2016-08-11 00:00:00-04:00,24.86124628527545,24.95517553644464,24.70775393359745,24.72608184814453,109938000
2016-08-12 00:00:00-04:00,24.69171978666066,24.84292247424229,24.69171978666066,24.783357620239258,74641600
2016-08-15 00:00:00-04:00,24.77419973894378,25.094931361217768,24.760454672281675,25.081186294555664,103472800
2016-08-16 00:00:00-04:00,25.115542928529912,25.253000553520927,25.019323989313243,25.058269500732422,135177600
2016-08-17 00:00:00-04:00,24.99412982262501,25.055986118985572,24.820018068966988,25.021621704101562,101424000
2016-08-18 00:00:00-04:00,25.023906413104605,25.10866996616933,24.975795196475197,24.98954200744629,87938800
2016-08-19 00:00:00-04:00,24.918529440935743,25.129297044864174,24.824601900923053,25.053695678710938,101472400
2016-08-22 00:00:00-04:00,24.9391435611924,24.99412556693711,24.70775840474066,24.85896110534668,103280800
2016-08-23 00:00:00-04:00,24.877286643843057,25.044525831372784,24.863541579717417,24.936851501464844,85030800
2016-08-24 00:00:00-04:00,24.872715232901683,24.913952189197687,24.66882187895119,24.749004364013672,94700400
2016-08-25 00:00:00-04:00,24.602374967579227,24.71463040333941,24.439718632705294,24.643611907958984,100344800
2016-08-26 00:00:00-04:00,24.606953332894857,24.730662383624868,24.354948883288298,24.499279022216797,111065200
2016-08-29 00:00:00-04:00,24.425970366554758,24.613827126359638,24.350369027794624,24.47178840637207,99881200
2016-08-30 00:00:00-04:00,24.238119403448643,24.398484329007708,24.16939057943956,24.283937454223633,99455600
2016-08-31 00:00:00-04:00,24.20604845624034,24.41452287701855,24.20146560206905,24.306848526000977,118649600
2016-09-01 00:00:00-04:00,24.316007577133412,24.467210273016907,24.19687961043286,24.451173782348633,106806000
2016-09-02 00:00:00-04:00,24.673393054162965,24.74212186960598,24.47179120889458,24.680267333984375,107210000
2016-09-06 00:00:00-04:00,24.719213042785295,24.810850881486054,24.629866630709817,24.67339324951172,107521600
2016-09-07 00:00:00-04:00,24.703177009338134,24.9162342454262,24.52906528736866,24.824596405029297,169457200
2016-09-08 00:00:00-04:00,24.570304123604007,24.574885229446362,24.109825207275087,24.17397117614746,212008000
2016-09-09 00:00:00-04:00,23.972368262360416,24.219789915352393,23.626436233520508,23.626436233520508,186228000
2016-09-12 00:00:00-04:00,23.516471746359155,24.219789427912858,23.488979869520065,24.155643463134766,181171200
2016-09-13 00:00:00-04:00,24.62986326383074,24.92310290931046,24.568006988328705,24.730663299560547,248704800
2016-09-14 00:00:00-04:00,24.909364780125077,25.894466879100452,24.87958147331745,25.60580825805664,443554800
2016-09-15 00:00:00-04:00,26.084617798367415,26.51302379402007,25.999852470972353,26.476367950439453,359934400
2016-09-16 00:00:00-04:00,26.37327341248133,26.604656844016898,26.125851740340764,26.32745361328125,319547600
2016-09-19 00:00:00-04:00,26.389308824360544,26.616111140609824,25.9448664034801,26.02046775817871,188092000
2016-09-20 00:00:00-04:00,25.899050950528483,26.144181210282788,25.775340107122563,26.018178939819336,138057200
2016-09-21 00:00:00-04:00,26.082320743821352,26.114393726111114,25.759299494232636,26.013593673706055,144012800
2016-09-22 00:00:00-04:00,26.1968736347284,26.332039875053763,26.116691160559213,26.258729934692383,124296000
2016-09-23 00:00:00-04:00,26.212903702359732,26.297669010181558,25.555405827538955,25.82115364074707,209924800
2016-09-26 00:00:00-04:00,25.576018395519128,25.976932337088968,25.55540080320451,25.86009407043457,119477600
2016-09-27 00:00:00-04:00,25.887591250502936,25.928828191435294,25.73638855113548,25.9082088470459,98429600
2016-09-28 00:00:00-04:00,26.045669121932946,26.26330748633983,25.98610425724975,26.10523223876953,118564400
2016-09-29 00:00:00-04:00,25.924244426122787,26.070864257095547,25.612676848344105,25.699731826782227,143548000
2016-09-30 00:00:00-04:00,25.763881636889035,25.972357778011098,25.61268067827166,25.8990478515625,145516400
2016-10-03 00:00:00-04:00,25.821158227265812,25.899051016800733,25.722647837700507,25.777629852294922,86807200
2016-10-04 00:00:00-04:00,25.9013392889627,26.187706481695248,25.802828904748836,25.88759422302246,118947200
2016-10-05 00:00:00-04:00,25.979230310514634,26.038795171956153,25.81657396582702,25.8990478515625,85812400
2016-10-06 00:00:00-04:00,26.04796331964767,26.194583205959084,25.91737992878135,26.09149169921875,115117200
2016-10-07 00:00:00-04:00,26.18770747697811,26.24498091770134,26.0044335153718,26.130434036254883,97433600
2016-10-10 00:00:00-04:00,26.350362382885976,26.74669533984366,26.28163530652368,26.58633041381836,144944000
2016-10-11 00:00:00-04:00,26.96433413575745,27.19113821057531,26.620693504896412,26.643604278564453,256164000
2016-10-12 00:00:00-04:00,26.884152160009997,27.02848234621631,26.746696254737,26.881860733032227,150347200
2016-10-13 00:00:00-04:00,26.75586051167074,26.904771805638177,26.51073025772928,26.799388885498047,140769600
2016-10-14 00:00:00-04:00,27.005565204577774,27.07200258849478,26.833744926537804,26.948291778564453,142608800
2016-10-17 00:00:00-04:00,26.87956888523306,26.996405433972964,26.753566629321565,26.929969787597656,94499600
2016-10-18 00:00:00-04:00,27.074292664562634,27.081165195686054,26.907053499892672,26.911636352539062,98214000
2016-10-19 00:00:00-04:00,26.861242511393115,26.978080814699002,26.070869763501435,26.83146095275879,80138400
2016-10-20 00:00:00-04:00,26.771898542894935,26.891026536204105,26.65047912245094,26.817716598510742,96503200
2016-10-21 00:00:00-04:00,26.76043934039463,26.783350112783413,26.639019937258844,26.712329864501953,92770800
2016-10-24 00:00:00-04:00,26.82687100016435,26.97349082330702,26.803961980519464,26.95287322998047,94154800
2016-10-25 00:00:00-04:00,27.021607022040897,27.115536298189827,26.874987162364132,27.090335845947266,192516000
2016-10-26 00:00:00-04:00,26.187707754551223,26.506147948519903,25.95861398923006,26.480947494506836,264536800
2016-10-27 00:00:00-04:00,26.435126540073536,26.542800877615743,26.139595405493818,26.226652145385742,138248000
2016-10-28 00:00:00-04:00,26.08691187471887,26.393896730570628,25.990691149471797,26.052547454833984,151446800
2016-10-31 00:00:00-04:00,26.03650530793658,26.16938010380211,25.9334120706561,26.01130485534668,105677600
2016-11-01 00:00:00-04:00,25.99297719249639,26.063995697126007,25.32173242146709,25.541662216186523,175303200
2016-11-02 00:00:00-04:00,25.52103904322871,25.738677363470607,25.48209353292795,25.564565658569336,113326800
2016-11-03 00:00:00-04:00,25.555361038381356,25.665889635814263,25.226074923961,25.290550231933594,107730400
2016-11-04 00:00:00-04:00,24.99119698748168,25.387261576155574,24.89448403168557,25.062580108642578,123348000
2016-11-07 00:00:00-05:00,25.348120894340145,25.447137060209464,25.205352868233966,25.424110412597656,130240000
2016-11-08 00:00:00-05:00,25.401079491951407,25.725760988623172,25.26061467156694,25.573781967163086,97016800
2016-11-09 00:00:00-05:00,25.302065296579254,25.63365463686349,24.88067255959203,25.53233528137207,236705600
2016-11-10 00:00:00-05:00,25.580682780622972,25.580682780622972,24.369464351036118,24.82079315185547,228538000
2016-11-11 00:00:00-05:00,24.666522753653677,25.069495249098946,24.535268925410048,24.968175888061523,136575600
2016-11-14 00:00:00-05:00,24.802374899615096,24.825401542133175,23.966495654149348,24.341835021972656,204702000
2016-11-15 00:00:00-05:00,24.539869101032913,24.795468892325932,24.445459332771897,24.664215087890625,129058000
2016-11-16 00:00:00-05:00,24.569800493239743,25.382654810784636,24.54677385191776,25.327388763427734,235362000
2016-11-17 00:00:00-05:00,25.285948146808604,25.410294157671302,25.060284530547943,25.318185806274414,110528000
2016-11-18 00:00:00-05:00,25.265224440138745,25.454045768065143,25.25140880245312,25.343515396118164,113715600
2016-11-21 00:00:00-05:00,25.35733256436925,25.787936332055246,25.332002724291176,25.72806739807129,117058400
2016-11-22 00:00:00-05:00,25.778723585598748,25.886950757404758,25.65207615055681,25.744184494018555,103862000
2016-11-23 00:00:00-05:00,25.642864762386477,25.67740561027784,25.405686967323877,25.612930297851562,109705600
2016-11-25 00:00:00-05:00,25.589901391862735,25.760302436292914,25.548452726571675,25.741880416870117,45903600
2016-11-28 00:00:00-05:00,25.658985485936697,25.89846649036812,25.649774475363877,25.69122314453125,108776000
2016-11-29 00:00:00-05:00,25.50930799135326,25.797145465089997,25.345816517089258,25.665891647338867,114115200
2016-11-30 00:00:00-05:00,25.698126249785442,25.836287869395303,25.391866792489708,25.449434280395508,144649200
2016-12-01 00:00:00-05:00,25.414896074071443,25.54614988077354,25.106333414654,25.212257385253906,148347600
2016-12-02 00:00:00-05:00,25.13857138956954,25.350419333475468,25.06488507182746,25.306669235229492,106112000
2016-12-05 00:00:00-05:00,25.329699832168703,25.336607651031624,24.92672733483875,25.124759674072266,137298000
2016-12-06 00:00:00-05:00,25.214565008965838,25.41259734958191,25.143181871123073,25.318185806274414,104782000
2016-12-07 00:00:00-05:00,25.159294614520356,25.60371567744042,25.136267971446728,25.566871643066406,119994800
2016-12-08 00:00:00-05:00,25.527726651799558,25.88925040096269,25.467855973231696,25.817867279052734,108273200
2016-12-09 00:00:00-05:00,25.861615267964666,26.411960259945555,25.861615267964666,26.2392578125,137610400
2016-12-12 00:00:00-05:00,26.08728306650545,26.481044473510515,25.903066402222468,26.08958625793457,105497600
2016-12-13 00:00:00-05:00,26.213933470945666,26.69289544716425,26.19321001618473,26.524799346923828,174935200
2016-12-14 00:00:00-05:00,26.490258498835086,26.757370759958963,26.476442862327794,26.524799346923828,136127200
2016-12-15 00:00:00-05:00,26.56854531771756,26.879411145367662,26.534006231818875,26.669864654541016,186098000
2016-12-16 00:00:00-05:00,26.819543630386885,26.826451448381032,26.630722325658223,26.704408645629883,177404400
2016-12-19 00:00:00-05:00,26.66526810960672,27.029093393618684,26.653753906270953,26.858694076538086,111117600
2016-12-20 00:00:00-05:00,26.88170868495732,27.056714307708265,26.867893052599612,26.930065155029297,85700000
2016-12-21 00:00:00-05:00,26.895531543314586,27.03369316544668,26.890925160378657,26.955400466918945,95132800
2016-12-22 00:00:00-05:00,26.79190897316127,26.82875300931792,26.628417515561896,26.778093338012695,104343600
2016-12-23 00:00:00-05:00,26.616899772401222,26.831050872802734,26.616899772401222,26.831050872802734,56998000
2016-12-27 00:00:00-05:00,26.831056171390763,27.125803209159262,26.824148353371736,27.00145721435547,73187600
2016-12-28 00:00:00-05:00,27.06132977220982,27.176464772827636,26.75737344085162,26.88632583618164,83623600
2016-12-29 00:00:00-05:00,26.814938442018846,26.966917471943905,26.80342599712243,26.87941551208496,60158000
2016-12-30 00:00:00-05:00,26.860989128341537,26.987636542550618,26.58005951756395,26.669864654541016,122345200
2017-01-03 00:00:00-05:00,26.665263101019615,26.78730590344384,26.42578212254811,26.74585723876953,115127600
2017-01-04 00:00:00-05:00,26.67678354655553,26.828762614884642,26.653756894123507,26.71592903137207,84472400
2017-01-05 00:00:00-05:00,26.692893104572285,26.90934742723303,26.667563268651545,26.85177993774414,88774400
2017-01-06 00:00:00-05:00,26.890930175339424,27.20870389800808,26.819547037903153,27.15113639831543,127007600
2017-01-09 00:00:00-05:00,27.160335592224044,27.501135837175077,27.15803415799966,27.399816513061523,134247600
2017-01-10 00:00:00-05:00,27.349157494083194,27.48962228515436,27.24093210793169,27.42745018005371,97848400
2017-01-11 00:00:00-05:00,27.342259720839134,27.616281587158287,27.31002206089814,27.574832916259766,110354400
2017-01-12 00:00:00-05:00,27.379101672346597,27.471210018062205,27.220214819907678,27.45969581604004,108344800
2017-01-13 00:00:00-05:00,27.427450000702212,27.544888150480016,27.358368322757613,27.411331176757812,104447600
2017-01-17 00:00:00-05:00,27.250151462329086,27.687664821810905,27.222520186181647,27.632400512695312,137759200
2017-01-18 00:00:00-05:00,27.63239962742561,27.747534625873215,27.56562111750752,27.630096435546875,94852000
2017-01-19 00:00:00-05:00,27.49423365835313,27.65311873659486,27.48732584062354,27.581735610961914,102389200
2017-01-20 00:00:00-05:00,27.736021311889637,27.736021311889637,27.57022838454286,27.632400512695312,130391600
2017-01-23 00:00:00-05:00,27.63239775829992,27.818915880985873,27.57943488959548,27.650819778442383,88200800
2017-01-24 00:00:00-05:00,27.528779117882305,27.65542656339956,27.51726491518952,27.625492095947266,92844000
2017-01-25 00:00:00-05:00,27.72910231322076,28.115955834702337,27.69686466616563,28.065296173095703,129510400
2017-01-26 00:00:00-05:00,28.016946760417436,28.194255620707516,28.000827932829285,28.079120635986328,105350400
2017-01-27 00:00:00-05:00,28.12517466330791,28.17353114733806,28.00082866573588,28.081422805786133,82251600
2017-01-30 00:00:00-05:00,27.84654792755327,28.007736206054688,27.784375807794287,28.007736206054688,121510000
2017-01-31 00:00:00-05:00,27.89720499791373,27.952469294408267,27.775162204612315,27.94325828552246,196804000
2017-02-01 00:00:00-05:00,29.25119789117242,30.047933639142915,29.246593264162144,29.647262573242188,447940000
2017-02-02 00:00:00-05:00,29.469950247627544,29.794629977612935,29.423895201544966,29.59659767150879,134841600
2017-02-03 00:00:00-05:00,29.545948150915528,29.748586909662734,29.51140905051178,29.723257064819336,98029200
2017-02-06 00:00:00-05:00,29.73475873926701,30.050227435489187,29.68179412277796,30.001869201660156,107383600
2017-02-07 00:00:00-05:00,30.0594346148809,30.416353703156428,30.038711164800187,30.287403106689453,152735200
2017-02-08 00:00:00-05:00,30.245953371960812,30.446287064580126,30.21601716000072,30.404836654663086,92016400
2017-02-09 00:00:00-05:00,30.446476067504936,30.631491448427983,30.323904127529328,30.624553680419922,113399600
2017-02-10 00:00:00-05:00,30.633803971878972,30.74481178011904,30.5389831114215,30.5551700592041,80262000
2017-02-13 00:00:00-05:00,30.777182175124473,30.948321967432385,30.70086322161718,30.825746536254883,92141600
2017-02-14 00:00:00-05:00,30.867371241745456,31.242024648763522,30.816491948338907,31.22583770751953,132904800
2017-02-15 00:00:00-05:00,31.341481582757584,31.514932810960097,31.133337991590007,31.33916664123535,142492400
2017-02-16 00:00:00-05:00,31.37616427091748,31.429354982395846,31.184211192508027,31.302160263061523,90338400
2017-02-17 00:00:00-05:00,31.24435394089768,31.41317883990692,31.24435394089768,31.387739181518555,88792800
2017-02-21 00:00:00-05:00,31.505681585032608,31.62594209699634,31.44786450624468,31.614377975463867,98028800
2017-02-22 00:00:00-05:00,31.551929917085136,31.7115055957675,31.477925902099557,31.70919418334961,83347600
2017-02-23 00:00:00-05:00,31.77164127137798,31.794765984845448,31.521871075358764,31.575061798095703,83152800
2017-02-24 00:00:00-05:00,31.43168748753463,31.605138778686523,31.285987273726867,31.605138778686523,87106400
2017-02-27 00:00:00-05:00,31.71613992546529,31.785521133063103,31.517249012418116,31.667572021484375,81029600
2017-02-28 00:00:00-05:00,31.702253649959545,31.785510365097114,31.614370581516106,31.681440353393555,93931600
2017-03-01 00:00:00-05:00,31.8895863837367,32.41225148179693,31.822520128099818,32.32899475097656,145658400
2017-03-02 00:00:00-05:00,32.377564310423224,32.442319156734115,32.09079032756467,32.137046813964844,104844000
2017-03-03 00:00:00-05:00,32.095418529316575,32.338250981396506,32.051476982031915,32.32668685913086,84432400
2017-03-06 00:00:00-05:00,32.231871393013506,32.324380857751315,32.05379729003433,32.22493362426758,87000000
2017-03-07 00:00:00-05:00,32.16016700809209,32.372933405905044,32.09772358332801,32.26655197143555,69785200
2017-03-08 00:00:00-05:00,32.1347333327084,32.331312822219466,32.10467084983143,32.146297454833984,74828800
2017-03-09 00:00:00-05:00,32.086159943764414,32.097720533766775,31.695316016322124,32.07228088378906,88623600
2017-03-10 00:00:00-05:00,32.20411244600232,32.229552101477296,32.06303863452733,32.178672790527344,78451200
2017-03-13 00:00:00-04:00,32.111601251222616,32.245733744711835,32.10466348531365,32.192543029785156,69686800
2017-03-14 00:00:00-04:00,32.215686010801,32.29662782640295,32.109301003391494,32.14399337768555,61236400
2017-03-15 00:00:00-04:00,32.24111154109597,32.55101018724552,32.153228466057726,32.483943939208984,102767200
2017-03-16 00:00:00-04:00,32.54407765973749,32.61345886020559,32.43769268183648,32.537139892578125,76928000
2017-03-17 00:00:00-04:00,32.60882380671838,32.60882380671838,32.35211590368076,32.375244140625,175540000
2017-03-20 00:00:00-04:00,32.47006642458355,32.72446295450743,32.43075123884514,32.715213775634766,86168000
2017-03-21 00:00:00-04:00,32.865544862425665,33.02512058613141,32.31512506851309,32.3405647277832,158119600
2017-03-22 00:00:00-04:00,32.342877504775444,32.747597084061425,32.322060673038834,32.70596694946289,103440800
2017-03-23 00:00:00-04:00,32.66897006285293,32.74297763825525,32.51864702752067,32.59033966064453,81385200
2017-03-24 00:00:00-04:00,32.72447228664738,32.779977962334236,32.45851508950733,32.52558135986328,89582400
2017-03-27 00:00:00-04:00,32.23647523276556,32.65969647504279,32.05839772529012,32.5810661315918,94300400
2017-03-28 00:00:00-04:00,32.58801674785039,33.31188412161657,32.52094696519964,33.25638198852539,133499200
2017-03-29 00:00:00-04:00,33.228624693216595,33.41595496380093,33.11530549478005,33.33038330078125,116760000
2017-03-30 00:00:00-04:00,33.34657763576764,33.418270246070115,33.18700193986894,33.28644561767578,84829200
2017-03-31 00:00:00-04:00,33.23787837068514,33.365076633853526,33.073676334799764,33.224002838134766,78646800
2017-04-03 00:00:00-04:00,33.23557605037279,33.33039339169721,33.082938092814025,33.23326110839844,79942800
2017-04-04 00:00:00-04:00,33.12918408536911,33.50846395747771,33.11068219784257,33.480712890625,79565600
2017-04-05 00:00:00-04:00,33.35352301607212,33.640297051616685,33.25870214195555,33.30727005004883,110871600
2017-04-06 00:00:00-04:00,33.36969945878765,33.42289370539606,33.17543494533447,33.224002838134766,84596000
2017-04-07 00:00:00-04:00,33.240196033289536,33.344266075859544,33.13381457781785,33.150001525878906,66688800
2017-04-10 00:00:00-04:00,33.210126823087656,33.274881659964585,33.04823620202139,33.110679626464844,75733600
2017-04-11 00:00:00-04:00,33.05748893171937,33.15230977466501,32.39143514753885,32.7545280456543,121517600
2017-04-12 00:00:00-04:00,32.74760079409637,32.874795567468055,32.6111497813907,32.793853759765625,81400000
2017-04-13 00:00:00-04:00,32.81928270915754,32.927979083886925,32.620391845703125,32.620391845703125,71291600
2017-04-17 00:00:00-04:00,32.71983974407023,32.81234918605461,32.57876593280913,32.800785064697266,66328400
2017-04-18 00:00:00-04:00,32.703654417891855,32.84935106181636,32.634273215183995,32.655086517333984,58790000
2017-04-19 00:00:00-04:00,32.81235301550316,32.84010408690004,32.48163745623287,32.534828186035156,69313600
2017-04-20 00:00:00-04:00,32.659716347145064,33.05287183249187,32.64584081090193,32.941864013671875,93278400
2017-04-21 00:00:00-04:00,32.94185730189468,32.99735943555886,32.805409851471275,32.90254211425781,69283600
2017-04-24 00:00:00-04:00,33.186998192294524,33.2910682125583,33.11299064880763,33.21937561035156,68537200
2017-04-25 00:00:00-04:00,33.28182382037621,33.51077719210791,33.27257111167275,33.425209045410156,75486000
2017-04-26 00:00:00-04:00,33.41133401237041,33.44140002279601,33.15925239397346,33.22863006591797,80164800
2017-04-27 00:00:00-04:00,33.284143929206884,33.33964960930629,33.14307008005347,33.25407791137695,56985200
2017-04-28 00:00:00-04:00,33.32344975203475,33.3720176495641,33.13381157392462,33.2216911315918,83441600
2017-05-01 00:00:00-04:00,33.55703493716388,34.042696296088565,33.52465751323557,33.89931106567383,134411600
2017-05-02 00:00:00-04:00,34.121332910219344,34.2485312163374,33.95944576101237,34.11439514160156,181408800
2017-05-03 00:00:00-04:00,33.67035404157906,34.10976596924904,33.36508169256447,34.010318756103516,182788000
2017-05-04 00:00:00-04:00,33.88543349087821,34.028818712660346,33.721231439422596,33.88774490356445,93487600
2017-05-05 00:00:00-04:00,33.940944317621934,34.454360375384375,33.940944317621934,34.449737548828125,109310800
2017-05-08 00:00:00-04:00,34.46590963683079,35.5459320230176,34.46590963683079,35.386356353759766,195009600
2017-05-09 00:00:00-04:00,35.5852443728662,35.81882756302211,35.48811213167329,35.612998962402344,156521600
2017-05-10 00:00:00-04:00,35.529755032223434,35.60144765064016,35.178226178926415,35.444183349609375,103222800
2017-05-11 00:00:00-04:00,35.402386567067346,35.77859014018026,35.36987549713816,35.7507209777832,109020400
2017-05-12 00:00:00-04:00,35.92488199853969,36.32430567087355,35.91791559499993,36.249996185302734,130108000
2017-05-15 00:00:00-04:00,36.229104490458674,36.37772705040875,36.00617242225423,36.1571159362793,104038800
2017-05-16 00:00:00-04:00,36.21283613713365,36.240701748573535,35.92952394269511,36.10369110107422,80194000
2017-05-17 00:00:00-04:00,35.66944687286726,35.89470341996121,34.766099730608424,34.89149856567383,203070800
2017-05-18 00:00:00-04:00,35.12836206645458,35.60906166779874,35.09585099942377,35.423282623291016,134272800
2017-05-19 00:00:00-04:00,35.618338426816244,35.75766999729566,35.44417130613762,35.54402542114258,107843200
2017-05-22 00:00:00-04:00,35.76232690430899,35.897016612667926,35.509204791580785,35.760005950927734,91865600
2017-05-23 00:00:00-04:00,35.971328243695154,35.971328243695154,35.60209465796139,35.715885162353516,79675600
2017-05-24 00:00:00-04:00,35.72516982929401,35.80180381095709,35.453469463455924,35.60905838012695,76712000
2017-05-25 00:00:00-04:00,35.69962089786806,35.843601487149655,35.53706559716929,35.73213195800781,76942400
2017-05-26 00:00:00-04:00,35.76231970147964,35.81805446236694,35.60208536443827,35.6717529296875,87710400
2017-05-30 00:00:00-04:00,35.62763230128075,35.862176124415456,35.6067330933998,35.68568801879883,80507600
2017-05-31 00:00:00-04:00,35.755356473228765,35.801800339704464,35.38612295110314,35.474365234375,97804800
2017-06-01 00:00:00-04:00,35.56957464642925,35.6067311540426,35.34896364056432,35.571895599365234,65616400
2017-06-02 00:00:00-04:00,35.6647929311988,36.09904861450195,35.504558565386986,36.09904861450195,111082800
2017-06-05 00:00:00-04:00,35.84128693027032,35.86683159485282,35.63693315705113,35.74607467651367,101326800
2017-06-06 00:00:00-04:00,35.73910180396234,36.18264837987697,35.71123619071204,35.866825103759766,106499600
2017-06-07 00:00:00-04:00,35.99919134332844,36.22212332066588,35.87378900556623,36.080467224121094,84278400
2017-06-08 00:00:00-04:00,36.05259467827722,36.119937740463165,35.855203853645264,35.992218017578125,85003200
2017-06-09 00:00:00-04:00,36.03867492991036,36.03867492991036,33.90919121369438,34.5965690612793,259530800
2017-06-12 00:00:00-04:00,33.8441647090024,33.92544059310496,33.094082235331136,33.76985168457031,289229200
2017-06-13 00:00:00-04:00,34.17391841944506,34.2412614926706,33.70714818267288,34.04154968261719,136661600
2017-06-14 00:00:00-04:00,34.252865569188764,34.252865569188764,33.40292920701269,33.70946502685547,126124800
2017-06-15 00:00:00-04:00,33.282193298333425,33.55156921439652,33.024425694460675,33.5074462890625,128661600
2017-06-16 00:00:00-04:00,33.389008269576124,33.55620904100653,33.02209566246163,33.038352966308594,201444400
2017-06-19 00:00:00-04:00,33.36114196159167,34.076388903736074,33.36114196159167,33.983497619628906,130165600
2017-06-20 00:00:00-04:00,34.10657538102148,34.10657538102148,33.6583868954916,33.67464065551758,99600400
2017-06-21 00:00:00-04:00,33.79307942236266,33.92080273369375,33.581755720291255,33.87435531616211,85063200
2017-06-22 00:00:00-04:00,33.85112601715256,34.067091567953106,33.70017903778404,33.8186149597168,76425200
2017-06-23 00:00:00-04:00,33.70250763646279,34.17391979838276,33.69786218670951,33.96956253051758,141757600
2017-06-26 00:00:00-04:00,34.17623830178447,34.43400582129584,33.76056093637986,33.86273956298828,102769600
2017-06-27 00:00:00-04:00,33.67465219733612,33.94171074360591,33.35186240508691,33.37740707397461,99047600
2017-06-28 00:00:00-04:00,33.55388868726849,33.93008865798964,33.24503179961903,33.86506652832031,88329600
2017-06-29 00:00:00-04:00,33.60496884797639,33.702502015890076,33.040665502299426,33.36577606201172,125997600
2017-06-30 00:00:00-04:00,33.544598259420724,33.663034209976,33.389009336702564,33.44474411010742,92096400
2017-07-03 00:00:00-04:00,33.64445863982163,33.741991843491185,33.2311021151761,33.32398986816406,57111200
2017-07-05 00:00:00-04:00,33.36811078774491,33.623553864846315,33.14285427965996,33.46099853515625,86278400
2017-07-06 00:00:00-04:00,33.212526386507434,33.32399240727423,33.07087024917093,33.145179748535156,96515200
2017-07-07 00:00:00-04:00,33.18465798501413,33.61427185791482,33.18465798501413,33.481903076171875,76806800
2017-07-10 00:00:00-04:00,33.46564155235199,33.89293082888166,33.29379533435106,33.68625259399414,84362400
2017-07-11 00:00:00-04:00,33.60962726895315,33.869719387969006,33.52835136080657,33.795406341552734,79127200
2017-07-12 00:00:00-04:00,33.874356186742034,33.94634472494956,33.63052495563669,33.84416961669922,99538000
2017-07-13 00:00:00-04:00,33.788431492665154,34.482779229905475,33.77449868580418,34.31557846069336,100797600
2017-07-14 00:00:00-04:00,34.36201230704108,34.67783549636971,34.213389838147556,34.61048889160156,80528400
2017-07-17 00:00:00-04:00,34.55941190824262,35.04243239726825,34.50135618621704,34.73125457763672,95174000
2017-07-18 00:00:00-04:00,34.64765535202909,34.863624487757846,34.524577500704176,34.852012634277344,71475200
2017-07-19 00:00:00-04:00,34.94489871378533,35.16318879245551,34.821820868312145,35.0703010559082,83692000
2017-07-20 00:00:00-04:00,35.18177493447977,35.23750971496516,34.877563454142056,34.91239547729492,68974800
2017-07-21 00:00:00-04:00,34.83110749186586,34.93560706851231,34.57333997963682,34.8961296081543,105010400
2017-07-24 00:00:00-04:00,34.968123698453404,35.40005842173057,34.81021028841995,35.31877899169922,85972800
2017-07-25 00:00:00-04:00,35.25143268115461,35.725165780959614,35.25143268115461,35.469722747802734,75415600
2017-07-26 00:00:00-04:00,35.611383897063476,35.74607006372819,35.544037270290794,35.63692855834961,63124000
2017-07-27 00:00:00-04:00,35.704269681568036,35.76000445134357,34.20643273532199,34.963478088378906,129905200
2017-07-28 00:00:00-04:00,34.807878617895376,34.88683352688208,34.64532335132304,34.71731185913086,68854800
2017-07-31 00:00:00-04:00,34.81020587973777,34.91006355379913,34.39917396192902,34.53850555419922,79383600
2017-08-01 00:00:00-04:00,34.62443594985058,34.88452446501993,34.4642015812408,34.84504699707031,141474400
2017-08-02 00:00:00-04:00,36.988461510367614,37.09760655177292,36.26392722992396,36.49150466918945,279747200
2017-08-03 00:00:00-04:00,36.47061154867575,36.50776806757906,35.99919928834219,36.126922607421875,108389200
2017-08-04 00:00:00-04:00,36.2430351689112,36.551888554255555,36.154789319703795,36.317344665527344,82239600
2017-08-07 00:00:00-04:00,36.47292438903443,36.90485908074103,36.38235760900434,36.87931442260742,87481200
2017-08-08 00:00:00-04:00,36.83054745286933,37.58062630745681,36.75391348294212,37.17423629760742,144823600
2017-08-09 00:00:00-04:00,36.98380410355417,37.4505742277671,36.94897209880944,37.40180587768555,104526000
2017-08-10 00:00:00-04:00,37.27826484389665,37.30157975418536,36.04964662203939,36.21051025390625,163217200
2017-08-11 00:00:00-04:00,36.508920736715325,36.96819669849492,36.38535954469906,36.71407699584961,105028400
2017-08-14 00:00:00-04:00,37.14304419731428,37.35053406139659,37.0101556317673,37.266605377197266,88490800
2017-08-15 00:00:00-04:00,37.45544754110693,37.814473661034796,37.334216417589246,37.67459487915039,117862000
2017-08-16 00:00:00-04:00,37.75386082862469,37.886745852628806,37.33654742570881,37.52305603027344,110686400
2017-08-17 00:00:00-04:00,37.422809112969794,37.46710530600799,36.79800583183834,36.802669525146484,111762400
2017-08-18 00:00:00-04:00,36.80266724347307,37.185008251856246,36.5368936590769,36.7187385559082,109712400
2017-08-21 00:00:00-04:00,36.718730572852444,36.80965300150056,36.161538549628425,36.651123046875,105474000
2017-08-22 00:00:00-04:00,36.888941483566825,37.301591333756456,36.83998513706117,37.250301361083984,86418400
2017-08-23 00:00:00-04:00,37.084759339285874,37.411146680312214,37.040463152141896,37.29690933227539,77596400
2017-08-24 00:00:00-04:00,37.40182334806708,37.47409814181354,36.96353223652894,37.13138961791992,79275600
2017-08-25 00:00:00-04:00,37.21997246525724,37.43212600451109,37.13138365295572,37.2689323425293,101920400
2017-08-28 00:00:00-04:00,37.334209744062925,37.767840649368395,37.28524986687383,37.64427947998047,103864000
2017-08-29 00:00:00-04:00,37.324902424865556,38.028967327814954,37.30158750972934,37.980010986328125,118067600
2017-08-30 00:00:00-04:00,38.18748671607475,38.20846799747685,37.91005569301831,38.082576751708984,109078400
2017-08-31 00:00:00-04:00,38.15017929920435,38.35533906569599,38.11287687668682,38.234107971191406,107140400
2017-09-01 00:00:00-04:00,38.42061679076495,38.453255521353654,38.14784949426905,38.245765686035156,66364400
2017-09-05 00:00:00-04:00,38.17582996377826,38.29239738351499,37.43212925668109,37.786495208740234,117874000
2017-09-06 00:00:00-04:00,37.933365242740834,37.99864270278832,37.42279945659071,37.746856689453125,86606800
2017-09-07 00:00:00-04:00,37.788820158012,37.823792513609234,37.38549793641219,37.59531784057617,87714000
2017-09-08 00:00:00-04:00,37.502059651665874,37.56966717046403,36.95885520478562,36.98217010498047,114446000
2017-09-11 00:00:00-04:00,37.41814459219067,37.77950433243373,37.2759321869604,37.65127944946289,126323200
2017-09-12 00:00:00-04:00,37.9100573601444,38.22479082443765,37.014820407399995,37.502071380615234,286856000
2017-09-13 00:00:00-04:00,37.27126064551317,37.29224548183914,36.8143184135975,37.219970703125,179629600
2017-09-14 00:00:00-04:00,37.066100994154894,37.16168355305076,36.85627755184762,36.90057373046875,95042800
2017-09-15 00:00:00-04:00,36.94488053464055,37.5277176686415,36.83530686885993,37.27360153198242,196458400
2017-09-18 00:00:00-04:00,37.32721555895089,37.4181379949622,36.835300954542234,36.99150085449219,113077600
2017-09-19 00:00:00-04:00,37.187330392736726,37.24794771699612,36.93787800840331,37.00548553466797,83242400
2017-09-20 00:00:00-04:00,36.811982819355215,36.89591148810429,35.863126050647985,36.38534927368164,211805600
2017-09-21 00:00:00-04:00,36.322399497770945,36.322399497770945,35.61133770608045,35.76054382324219,150046800
2017-09-22 00:00:00-04:00,35.329248102469,35.499439077763675,35.10077698110493,35.41084671020508,186581600
2017-09-25 00:00:00-04:00,34.96789096963907,35.39685816059518,34.774388653018086,35.098445892333984,177549200
2017-09-26 00:00:00-04:00,35.385188067895925,35.884096234168894,35.36420679653413,35.70225143432617,146640000
2017-09-27 00:00:00-04:00,35.856132681053886,36.070616268553735,35.79551535680401,35.95637893676758,102016800
2017-09-28 00:00:00-04:00,35.87712145655771,35.968043904578344,35.599690419497065,35.73490905761719,88022000
2017-09-29 00:00:00-04:00,35.71859035590698,35.93307398154975,35.43649563463179,35.93074035644531,105199200
2017-10-02 00:00:00-04:00,35.9633732366682,36.007669418176675,35.604347207215675,35.858463287353516,74795200
2017-10-03 00:00:00-04:00,35.905097659484454,36.15688372921722,35.88178630844872,36.014671325683594,64921200
2017-10-04 00:00:00-04:00,35.81650464609564,35.87012466029969,35.543737325116126,35.781532287597656,80655200
2017-10-05 00:00:00-04:00,35.94473096857849,36.238483168569914,35.91442585581295,36.22682571411133,85135200
2017-10-06 00:00:00-04:00,36.12890233441458,36.25013343349978,36.03331620710981,36.20583724975586,69630400
2017-10-09 00:00:00-04:00,36.32473231486565,36.53921590218833,36.25013102931436,36.33172607421875,65051600
2017-10-10 00:00:00-04:00,36.38302081015903,36.83530294716818,36.15921336664957,36.34571838378906,62468000
2017-10-11 00:00:00-04:00,36.362042409079685,36.59750732414715,36.31075245809779,36.49726104736328,67622400
2017-10-12 00:00:00-04:00,36.45062478115478,36.688419698755474,36.30607879655033,36.36902618408203,64500400
2017-10-13 00:00:00-04:00,36.539217115925325,36.66744197058261,36.464615827895976,36.59983444213867,65576800
2017-10-16 00:00:00-04:00,36.81199196055767,37.30157657606069,36.753708247157576,37.27360153198242,96486000
2017-10-17 00:00:00-04:00,37.25028826075554,37.504404408582516,37.122063374168995,37.41115188598633,75989200
2017-10-18 00:00:00-04:00,37.399482914666294,37.46709399648098,37.208314235005155,37.24561309814453,65496800
2017-10-19 00:00:00-04:00,36.5438909142801,36.620825848350755,36.14056858477861,36.364376068115234,170336800
2017-10-20 00:00:00-04:00,36.51124343379811,36.777016979980466,36.35970722734556,36.42731475830078,95896400
2017-10-23 00:00:00-04:00,36.57653355655175,36.76304218413668,36.252476194598465,36.40867614746094,87937200
2017-10-24 00:00:00-04:00,36.43663846459762,36.70008194240806,36.41565718513173,36.62548065185547,71028800
2017-10-25 00:00:00-04:00,36.58118992177633,36.730396082480816,36.198848912636365,36.464622497558594,84828400
2017-10-26 00:00:00-04:00,36.6557839773054,36.79566628165683,36.55087402771921,36.697750091552734,68002000
2017-10-27 00:00:00-04:00,37.1360375971169,38.14085148861399,36.99848893047398,38.01262664794922,177816800
2017-10-30 00:00:00-04:00,38.208472089995574,39.18297765530634,38.168839590650364,38.86824417114258,178803200
2017-10-31 00:00:00-04:00,39.14332608589209,39.5513119294922,38.91951870094983,39.40909957885742,144187200
2017-11-01 00:00:00-04:00,39.60262368515141,39.61894483541886,38.60947030783689,38.90788269042969,134551200
2017-11-02 00:00:00-04:00,38.84027411513797,39.283228983403035,38.53253435266287,39.19230651855469,165573600
2017-11-03 00:00:00-04:00,40.56546922766644,40.62608301597917,39.89403963313046,40.21576690673828,237594400
2017-11-06 00:00:00-05:00,40.1854541103544,40.79626985390001,40.033917876444164,40.623748779296875,140105200
2017-11-07 00:00:00-05:00,40.54446785406912,40.8568675855517,40.47219664606165,40.75428771972656,97446000
2017-11-08 00:00:00-05:00,40.7193273843951,41.08768081665039,40.64239246904859,41.08768081665039,97638000
2017-11-09 00:00:00-05:00,40.82424265097337,41.05504742704472,40.36496672397675,41.00375747680664,117930400
2017-11-10 00:00:00-05:00,40.971005926504496,41.034179626513755,40.7744694933025,40.86805725097656,100582000
2017-11-13 00:00:00-05:00,40.59430565493508,40.82827859819119,40.57090693255195,40.70427322387695,67928400
2017-11-14 00:00:00-05:00,40.48667385650138,40.58962251595852,40.05148406797848,40.08892059326172,99130000
2017-11-15 00:00:00-05:00,39.76837060760995,39.85026254347845,39.396354586101126,39.56013488769531,116632400
2017-11-16 00:00:00-05:00,40.051471492041685,40.21291333275822,39.84557780792042,40.03275680541992,94550000
2017-11-17 00:00:00-05:00,40.018721569317975,40.100613508945926,39.691160951092115,39.81048583984375,87598000
2017-11-20 00:00:00-05:00,39.8432486578885,39.90642234859549,39.67244941871851,39.77071762084961,65049600
2017-11-21 00:00:00-05:00,39.95789457257142,40.641095063383005,39.95789457257142,40.51007080078125,100525200
2017-11-22 00:00:00-05:00,40.56155111981388,40.945266618461126,40.4890200758842,40.935909271240234,102355600
2017-11-24 00:00:00-05:00,40.96865385426304,41.062241580805996,40.863363199223556,40.938236236572266,56106800
2017-11-27 00:00:00-05:00,40.956957323769124,40.96397622523732,40.55686208936625,40.73234176635742,82867200
2017-11-28 00:00:00-05:00,40.781476150791256,40.91483884393796,40.21058171803251,40.493690490722656,105715200
2017-11-29 00:00:00-05:00,40.39074142106722,40.45859198877118,39.110909418349486,39.653724670410156,166665600
2017-11-30 00:00:00-05:00,39.87600344692711,40.276098715053735,39.41039961629005,40.208248138427734,166108800
2017-12-01 00:00:00-05:00,39.76370451395961,40.16613829761256,39.424444430220944,40.02107620239258,159037200
2017-12-04 00:00:00-05:00,40.355649088115825,40.3884051547969,39.68882839422034,39.72860336303711,130169600
2017-12-05 00:00:00-05:00,39.555461202335145,40.131036155210275,39.40103821861945,39.691165924072266,109400800
2017-12-06 00:00:00-05:00,39.19046816116915,39.82219439660401,38.9471378700168,39.543766021728516,114240000
2017-12-07 00:00:00-05:00,39.54843690945161,39.87833953783558,39.52036130538249,39.61629104614258,102693200
2017-12-08 00:00:00-05:00,39.890050490050605,40.0093754121684,39.49931608257127,39.62799835205078,93420800
2017-12-11 00:00:00-05:00,39.58822192555354,40.45158267136319,39.49229216043162,40.400108337402344,141095200
2017-12-12 00:00:00-05:00,40.27844003213489,40.33459482276244,40.11700170310015,40.173152923583984,77636800
2017-12-13 00:00:00-05:00,40.360331330154146,40.6036616119481,40.24334486253051,40.3065185546875,95273600
2017-12-14 00:00:00-05:00,40.33692465515115,40.50772743470711,40.16144498831584,40.2948112487793,81906000
2017-12-15 00:00:00-05:00,40.62472328000438,40.75106709849942,40.35097536481199,40.70427322387695,160677200
2017-12-18 00:00:00-05:00,40.91719478800201,41.460010230575996,40.912514328887056,41.27751159667969,117684400
2017-12-19 00:00:00-05:00,40.952275414377006,41.03650579915266,40.732340322454874,40.83762741088867,109745600
2017-12-20 00:00:00-05:00,40.914845727931436,41.0435315553513,40.53581071820715,40.793182373046875,93902400
2017-12-21 00:00:00-05:00,40.75105732062149,41.18390858984374,40.734681074997674,40.947593688964844,83799600
2017-12-22 00:00:00-05:00,40.870382207799324,41.04352342951681,40.828268801787004,40.947593688964844,65397600
2017-12-26 00:00:00-05:00,39.96257283924499,40.11933425698644,39.70052075826751,39.90876007080078,132742000
2017-12-27 00:00:00-05:00,39.798792660997805,39.95789252309861,39.70754337064159,39.91577911376953,85992800
2017-12-28 00:00:00-05:00,40.00936935393371,40.20824776415976,39.88770243579035,40.0280876159668,65920800
2017-12-29 00:00:00-05:00,39.897068653071464,39.913444903186715,39.592903102369796,39.59524154663086,103999600
2018-01-02 00:00:00-05:00,39.81282023842002,40.31352198487498,39.602242535430626,40.304161071777344,102223600
2018-01-03 00:00:00-05:00,40.36734988159022,40.839976206320266,40.23398716613362,40.297157287597656,118071600
2018-01-04 00:00:00-05:00,40.36968122128297,40.587277867352185,40.262055690225814,40.48432922363281,89738400
2018-01-05 00:00:00-05:00,40.58026192724971,41.03182792816311,40.48901263550257,40.94525909423828,94640000
2018-01-08 00:00:00-05:00,40.793182373046875,41.08798698392758,40.694910599276334,40.793182373046875,82271200
2018-01-09 00:00:00-05:00,40.83997225073741,40.959297149866934,40.5732432755148,40.78849792480469,86336000
2018-01-10 00:00:00-05:00,40.514745908802524,40.781474856775525,40.47730939010454,40.77913284301758,95839600
2018-01-11 00:00:00-05:00,40.849323221374874,41.059900950094274,40.82592807605676,41.010765075683594,74670800
2018-01-12 00:00:00-05:00,41.22135650469974,41.49744646821115,41.09735111511696,41.43427276611328,101672400
2018-01-16 00:00:00-05:00,41.623781733545634,41.97240267540656,41.21199067273534,41.223690032958984,118263600
2018-01-17 00:00:00-05:00,41.21432947214807,41.939646970546875,40.961641853884466,41.9045524597168,137547200
2018-01-18 00:00:00-05:00,41.967711797937405,42.13851456048156,41.70566333067557,41.94197463989258,124773600
2018-01-19 00:00:00-05:00,41.78990484442101,42.01685887036376,41.50913804463785,41.75481033325195,129700400
2018-01-22 00:00:00-05:00,41.48340442098347,41.59571043645508,41.3196240713074,41.413211822509766,108434400
2018-01-23 00:00:00-05:00,41.483408346767774,41.98411036038649,41.37110232066807,41.42257308959961,130756400
2018-01-24 00:00:00-05:00,41.47169390424431,41.48339326253361,40.524103005097594,40.76275634765625,204420400
2018-01-25 00:00:00-05:00,40.83061705285022,40.93356571913233,39.899405738092184,40.03511047363281,166116000
2018-01-26 00:00:00-05:00,40.24332151046269,40.24332151046269,39.78941370824993,40.1286735534668,156572000
2018-01-29 00:00:00-05:00,39.81284317502581,39.81284317502581,39.08986752290882,39.29810333251953,202561600
2018-01-30 00:00:00-05:00,38.7295380718238,39.16004739790291,38.53534011524448,39.06645965576172,184192800
2018-01-31 00:00:00-05:00,39.043055645715235,39.41039480264759,38.95648681745555,39.17407989501953,129915600
2018-02-01 00:00:00-05:00,39.11325780235259,39.452517867378766,39.01732803557838,39.2559814453125,188923200
2018-02-02 00:00:00-05:00,38.83949745629807,39.026676471320826,37.45905891452289,37.55264663696289,346375200
2018-02-05 00:00:00-05:00,37.22508740195526,38.343477505754464,36.49977003097488,36.614418029785156,290954000
2018-02-06 00:00:00-05:00,36.226026556250716,38.30604561047682,36.031828610000396,38.14460372924805,272975200
2018-02-07 00:00:00-05:00,38.1586457232369,38.23117676302514,37.218077079981796,37.328041076660156,206434400
2018-02-08 00:00:00-05:00,37.5035123688258,37.66963468893804,36.27281627231443,36.3008918762207,217562000
2018-02-09 00:00:00-05:00,36.89995995166039,37.09259809366148,35.29540922724705,36.74490737915039,282690400
2018-02-12 00:00:00-05:00,37.23590527913192,38.50216084208162,37.00332640992512,38.22494888305664,243278000
2018-02-13 00:00:00-05:00,38.04640834113016,38.70420433662891,37.975929558630334,38.60788345336914,130196800
2018-02-14 00:00:00-05:00,38.302468550622955,39.359639279128274,38.26488298242506,39.3197021484375,162579600
2018-02-15 00:00:00-05:00,39.88822307075236,40.66348229136409,39.70263246077714,40.639991760253906,204588800
2018-02-16 00:00:00-05:00,40.491987467345076,41.06990903078648,40.35338150172052,40.50843048095703,160704400
2018-02-20 00:00:00-05:00,40.419161773030865,40.938348059316176,40.27115672319348,40.37217712402344,135722000
2018-02-21 00:00:00-05:00,40.6024081083395,40.90546216900995,40.17483951865487,40.18893814086914,149886400
2018-02-22 00:00:00-05:00,40.360446583179325,40.86553803994185,40.33930402017819,40.52489471435547,123967600
2018-02-23 00:00:00-05:00,40.799754815599,41.26490907984297,40.76921317110367,41.229671478271484,135249600
2018-02-26 00:00:00-05:00,41.42934608991008,42.14352204456397,41.39645647853849,42.04485321044922,152648800
2018-02-27 00:00:00-05:00,42.075395661320265,42.39959224122291,41.85456387295106,41.90859603881836,155712400
2018-02-28 00:00:00-05:00,42.112981691914705,42.43248231982833,41.828722238848975,41.84516525268555,151128400
2018-03-01 00:00:00-05:00,41.943837330028686,42.235147908327306,40.562469918991304,41.11219787597656,195208000
2018-03-02 00:00:00-05:00,40.59537503785648,41.417619309402816,40.51314917682163,41.39647674560547,153816000
2018-03-05 00:00:00-05:00,41.16153205911804,41.75589666087064,40.999431970512966,41.539764404296875,113605600
2018-03-06 00:00:00-05:00,41.79583480191392,41.87570906687499,41.37766531511881,41.50452423095703,95154000
2018-03-07 00:00:00-05:00,41.098097254279125,41.31188151451228,40.94069671967741,41.119239807128906,126814000
2018-03-08 00:00:00-05:00,41.22496025858815,41.61024012699742,41.128642980010106,41.567955017089844,95096400
2018-03-09 00:00:00-05:00,41.807592880114115,42.286842180896265,41.673682825885265,42.282142639160156,128740800
2018-03-12 00:00:00-04:00,42.35497062657902,42.84831856679929,42.336179628492644,42.69091796875,128828400
2018-03-13 00:00:00-04:00,42.89530783234035,43.10909220167953,42.10830475768041,42.27980041503906,126774000
2018-03-14 00:00:00-04:00,42.36200119663675,42.408985838476994,41.7723326497417,41.92033767700195,117473600
2018-03-15 00:00:00-04:00,41.934443192119986,42.34321720616517,41.83342636615037,41.96968078613281,90975200
2018-03-16 00:00:00-04:00,41.96968729351634,42.08010321814218,41.72771288457882,41.821685791015625,157618800
2018-03-19 00:00:00-04:00,41.657243047410006,41.6924806514219,40.797409662516635,41.18268966674805,133787200
2018-03-20 00:00:00-04:00,41.1685905456543,41.535075929863396,41.0981117599141,41.1685905456543,78597600
2018-03-21 00:00:00-04:00,41.12159543622554,41.133342496005184,40.2335722043143,40.235923767089844,148219600
2018-03-22 00:00:00-04:00,39.937564805796335,40.56716704796147,39.60866864715772,39.66740036010742,165963200
2018-03-23 00:00:00-04:00,39.55933735467391,39.91877519588673,38.74884033203125,38.74884033203125,164115200
2018-03-26 00:00:00-04:00,39.48415854628537,40.6658403493108,39.10122662256602,40.588314056396484,150164800
2018-03-27 00:00:00-04:00,40.802096971098365,41.14743975601389,39.213992623887194,39.54758834838867,163690400
2018-03-28 00:00:00-04:00,39.291517090797406,39.94226549266874,38.80756833575712,39.11062240600586,166674000
2018-03-29 00:00:00-04:00,39.42307458789862,40.34868696132009,39.2092902915603,39.4160270690918,153594000
2018-04-02 00:00:00-04:00,39.14821634870157,39.68854890632688,38.63842543352329,39.15761184692383,150347200
2018-04-03 00:00:00-04:00,39.38313485861057,39.643903791381845,38.734738078203186,39.559329986572266,121112000
2018-04-04 00:00:00-04:00,38.73473557473187,40.409761378700175,38.70889348091307,40.315792083740234,138422000
2018-04-05 00:00:00-04:00,40.54367560922729,40.93130347216911,40.42621218594805,40.595359802246094,107732800
2018-04-06 00:00:00-04:00,40.165443625813566,40.52018187700721,39.51469525092662,39.556983947753906,140021200
2018-04-09 00:00:00-04:00,39.90937698053834,40.66349020989333,39.90232946136302,39.94931411743164,116070800
2018-04-10 00:00:00-04:00,40.642340986243575,40.87726781275365,40.296998264497844,40.701072692871094,113634400
2018-04-11 00:00:00-04:00,40.46145555647489,40.858482557401416,40.336944596796116,40.51079177856445,89726400
2018-04-12 00:00:00-04:00,40.7386644739953,41.11219729191981,40.651739104982695,40.910160064697266,91557200
2018-04-13 00:00:00-04:00,41.06051033337822,41.309532195215816,40.842030106003335,41.048763275146484,100497200
2018-04-16 00:00:00-04:00,41.11924207319854,41.3917580517207,41.07225742493238,41.30483627319336,86313600
2018-04-17 00:00:00-04:00,41.46224528009664,42.03781540441986,41.44345070001389,41.87336730957031,106421600
2018-04-18 00:00:00-04:00,41.772344723353555,42.00962314798059,41.55386446253399,41.77939224243164,83018000
2018-04-19 00:00:00-04:00,40.82088756751069,41.20381947450477,40.56247018711588,40.595359802246094,139235200
2018-04-20 00:00:00-04:00,40.07852353288215,40.22417703818973,38.863948518722765,38.93207931518555,261964400
2018-04-23 00:00:00-04:00,39.19284587149001,39.213988427152856,38.54914502750533,38.819313049316406,146062000
2018-04-24 00:00:00-04:00,38.92033340945452,39.075386001140814,37.87490957405361,38.27898406982422,134768000
2018-04-25 00:00:00-04:00,38.203807312988204,38.86160328074757,38.154474676608544,38.44578170776367,113528400
2018-04-26 00:00:00-04:00,38.556191093752886,38.934423442282075,38.3799959671343,38.57968521118164,111852000
2018-04-27 00:00:00-04:00,38.527999011826125,38.60552529366012,37.73629676460138,38.133323669433594,142623200
2018-04-30 00:00:00-04:00,38.08869784255944,39.29387035128862,38.020567036992176,38.82401657104492,169709600
2018-05-01 00:00:00-04:00,39.09417764440143,39.7496219731945,38.8263611810119,39.726131439208984,214277600
2018-05-02 00:00:00-04:00,41.166232425025626,41.758249112359714,40.83028873791382,41.48103713989258,266157600
2018-05-03 00:00:00-04:00,41.31894232653787,41.69952273908075,40.98064703329983,41.556217193603516,136272800
2018-05-04 00:00:00-04:00,41.875714983370386,43.28527621703222,41.856920403424276,43.186607360839844,224805200
2018-05-07 00:00:00-04:00,43.5037575410482,44.08872675767489,43.40274070417876,43.499061584472656,169805600
2018-05-08 00:00:00-04:00,43.45911185257509,43.74807082502772,43.14900674286115,43.708133697509766,113611200
2018-05-09 00:00:00-04:00,43.825601865665355,44.02528752495806,43.51314874438485,44.015892028808594,92844800
2018-05-10 00:00:00-04:00,44.10517502583062,44.723030300623904,44.084028881643164,44.645503997802734,111957200
2018-05-11 00:00:00-04:00,44.68795202646433,44.82237483155684,44.20685116971051,44.47570037841797,104848800
2018-05-14 00:00:00-04:00,44.5747493038135,44.69738334833763,44.30354306537909,44.37193298339844,83115200
2018-05-15 00:00:00-04:00,44.04884454020393,44.11723805875026,43.65264721346762,43.96866226196289,94780800
2018-05-16 00:00:00-04:00,43.88139800932075,44.4450380927892,43.86488799085089,44.37900161743164,76732400
2018-05-17 00:00:00-04:00,44.336547887373015,44.551156509409175,43.949782400807,44.098358154296875,69176000
2018-05-18 00:00:00-04:00,44.14554136536321,44.29175654638332,43.89555917902967,43.93800735473633,73190800
2018-05-21 00:00:00-04:00,44.33657034673225,44.6360790369802,44.07951343549519,44.24931335449219,73603200
2018-05-22 00:00:00-04:00,44.426170654608676,44.544087019146,44.048836848680494,44.13845443725586,60962800
2018-05-23 00:00:00-04:00,43.94744041579675,44.45447945827249,43.808296339379034,44.42146301269531,80233600
2018-05-24 00:00:00-04:00,44.51815174366573,44.53465816586804,43.914420445273656,44.37193298339844,92936000
2018-05-25 00:00:00-04:00,44.39079998901704,44.72568208078346,44.25401655460162,44.47334289550781,69844000
2018-05-29 00:00:00-04:00,44.24222226649526,44.51342847074933,44.07006178001697,44.31296920776367,90056400
2018-05-30 00:00:00-04:00,44.27051140767336,44.336544270833336,44.04882811055581,44.2186279296875,74762000
2018-05-31 00:00:00-04:00,44.152607446031645,44.39079722646225,43.8979076459214,44.070064544677734,109931200
2018-06-01 00:00:00-04:00,44.334194945609255,44.86953263652804,44.277593796553276,44.86481857299805,93770000
2018-06-04 00:00:00-04:00,45.195002131394816,45.61478426915529,45.12661219596065,45.239810943603516,105064800
2018-06-05 00:00:00-04:00,45.532235292656786,45.73740865401023,45.36479244017438,45.58883285522461,86264000
2018-06-06 00:00:00-04:00,45.66429450155658,45.77041851462867,45.2610189336562,45.74683380126953,83734400
2018-06-07 00:00:00-04:00,45.78457108970132,45.798720479292754,45.36007140934705,45.62420654296875,85388800
2018-06-08 00:00:00-04:00,45.08414969878442,45.27989132749158,44.753985263930446,45.20914077758789,106627200
2018-06-11 00:00:00-04:00,45.12659186279679,45.272806995892275,44.85774270920611,45.098289489746094,73234000
2018-06-12 00:00:00-04:00,45.13603335770362,45.42374962276294,45.07943219787274,45.345924377441406,67644400
2018-06-13 00:00:00-04:00,45.37893736680692,45.48742201526099,44.91198952894419,44.973304748535156,86553600
2018-06-14 00:00:00-04:00,45.17376559052578,45.17848325327996,44.86010759003595,44.996891021728516,86440400
2018-06-15 00:00:00-04:00,44.81530191719264,44.84596132945059,44.39787689811876,44.53466033935547,246876800
2018-06-18 00:00:00-04:00,44.30825775933685,44.62427277739509,44.14788961977815,44.51107406616211,73939600
2018-06-19 00:00:00-04:00,43.66206984812118,43.94271136204255,43.26351197362925,43.791778564453125,134314000
2018-06-20 00:00:00-04:00,43.947441310166745,44.147897020063795,43.801222535187,43.98281478881836,82514800
2018-06-21 00:00:00-04:00,44.15968406816612,44.4191015421544,43.614910971313066,43.737545013427734,102847600
2018-06-22 00:00:00-04:00,43.893189923219936,43.900264617780905,43.558307852752996,43.610191345214844,108801600
2018-06-25 00:00:00-04:00,43.251724117986754,43.610190899003925,42.62205111884842,42.96165084838867,126652400
2018-06-26 00:00:00-04:00,43.15502901102434,43.989875223254224,43.048901412430034,43.494625091552734,98276800
2018-06-27 00:00:00-04:00,43.68330462576194,44.16676254218602,43.40030601080136,43.430965423583984,101141200
2018-06-28 00:00:00-04:00,43.41680674992798,43.9144139509313,43.34605621168392,43.746971130371094,69460800
2018-06-29 00:00:00-04:00,43.93328352507445,44.145535169386115,43.13617123876956,43.65500259399414,90950800
2018-07-02 00:00:00-04:00,43.35077487177182,44.17147177813843,43.25643961910087,44.14316940307617,70925200
2018-07-03 00:00:00-04:00,44.28703851560642,44.32477262604797,43.28474914758595,43.374366760253906,55819200
2018-07-05 00:00:00-04:00,43.690379855762245,43.96158971391458,43.45926473721124,43.72339630126953,66416800
2018-07-06 00:00:00-04:00,43.72810879016174,44.43796408383284,43.676225296429266,44.32948303222656,69940800
2018-07-09 00:00:00-04:00,44.69031130755683,44.96859225753732,44.64314547179164,44.945011138916016,79026400
2018-07-10 00:00:00-04:00,44.97565843531915,45.11008121096338,44.850663786356435,44.8907585144043,63756400
2018-07-11 00:00:00-04:00,44.454477036854996,44.756342693838846,44.2445860160065,44.30826187133789,75326000
2018-07-12 00:00:00-04:00,44.697394413652766,45.14076127002318,44.64551090499141,45.051143646240234,72164400
2018-07-13 00:00:00-04:00,45.06292901075361,45.24216063196947,45.020477238201885,45.12188720703125,50055600
2018-07-16 00:00:00-04:00,45.1666852570409,45.43317379376515,44.9072678157817,45.0228271484375,60172400
2018-07-17 00:00:00-04:00,44.749269628425964,45.24923396629142,44.61956088081296,45.150184631347656,62138000
2018-07-18 00:00:00-04:00,45.22801158520352,45.23272924852803,44.79171949001588,44.90256118774414,65573600
2018-07-19 00:00:00-04:00,44.735116413293575,45.40959824469999,44.735116413293575,45.251590728759766,81147200
2018-07-20 00:00:00-04:00,45.228001785572765,45.38129162443984,44.84831093697936,45.14781951904297,82704800
2018-07-23 00:00:00-04:00,44.9685818691092,45.2704510650198,44.70445037102443,45.18790817260742,63957600
2018-07-24 00:00:00-04:00,45.38601163631743,45.67137084476869,45.29167997651918,45.51572036743164,74791600
2018-07-25 00:00:00-04:00,45.52986693116255,45.95200953909044,45.38129115760423,45.9449348449707,66839600
2018-07-26 00:00:00-04:00,45.89542574479551,46.21380149467784,45.659592922222906,45.80109405517578,76304000
2018-07-27 00:00:00-04:00,45.985020990156144,46.03218681201262,44.83179919293578,45.039329528808594,96096000
2018-07-30 00:00:00-04:00,45.25630747638057,45.327058027636596,44.58890389877771,44.78700256347656,84118000
2018-07-31 00:00:00-04:00,44.87897424756083,45.31290565554583,44.65257321814302,44.87661361694336,157492000
2018-08-01 00:00:00-04:00,46.96137932119036,47.58161704185553,46.53216196456808,47.520301818847656,271742800
2018-08-02 00:00:00-04:00,47.30332729077155,49.14282322186188,47.24908677289368,48.90934753417969,249616000
2018-08-03 00:00:00-04:00,48.82446789997577,49.22774360109267,48.45892631328963,49.05086898803711,133789600
2018-08-06 00:00:00-04:00,49.05321826366124,49.348009238803435,48.83389550544632,49.30556106567383,101701600
2018-08-07 00:00:00-04:00,49.364518588912105,49.40696676146404,48.760783657277955,48.843326568603516,102349600
2018-08-08 00:00:00-04:00,48.59335174746598,49.008416202101316,48.23252783213272,48.87635040283203,90102000
2018-08-09 00:00:00-04:00,49.41403967695169,49.472997869054055,48.86454889473496,49.26074981689453,93970400
2018-08-10 00:00:00-04:00,49.07378955771502,49.48557902120588,48.9104936737248,49.11402130126953,98444800
2018-08-13 00:00:00-04:00,49.535283277925444,49.92340537094262,49.154260693043554,49.43115234375,103563600
2018-08-14 00:00:00-04:00,49.73643570353363,49.831098200524664,49.28677981496923,49.639404296875,82992000
2018-08-15 00:00:00-04:00,49.513984613795685,49.87370867325662,49.3033574470419,49.75537872314453,115230400
2018-08-16 00:00:00-04:00,50.11272573092973,50.600244468404085,50.04646125852407,50.484283447265625,114001600
2018-08-17 00:00:00-04:00,50.51267159308972,51.5800060608776,50.446407133647675,51.4924430847168,141708000
2018-08-20 00:00:00-04:00,51.61550439065792,51.8710937996567,50.90789028088457,50.99072265625,121150800
2018-08-21 00:00:00-04:00,51.30785435109778,51.40015154482209,50.65230557912929,50.89133071899414,104639200
2018-08-22 00:00:00-04:00,50.66888111445021,51.20373113650399,50.60734723529338,50.893707275390625,76072400
2018-08-23 00:00:00-04:00,50.7990476295531,51.367033573446925,50.78721752310949,50.99784469604492,75532800
2018-08-24 00:00:00-04:00,51.26051822721865,51.33151328398734,50.907893796984375,51.15638732910156,73905600
2018-08-27 00:00:00-04:00,51.39069246128995,51.76698442201551,51.196633233845155,51.57765579223633,82100400
2018-08-28 00:00:00-04:00,51.83086765400602,52.19295690212046,51.809569136150444,51.994163513183594,91107200
2018-08-29 00:00:00-04:00,52.10066463492159,52.89111127993572,51.92553865671049,52.77041244506836,109019200
2018-08-30 00:00:00-04:00,52.83430761557534,54.019972076612355,52.63314531345547,53.25556182861328,195175200
2018-08-31 00:00:00-04:00,53.60582244851051,54.164339850677784,53.48512722248886,53.87088394165039,173360400
2018-09-04 00:00:00-04:00,54.05547385071295,54.23769932388201,53.634219632745676,54.04364013671875,109560400
2018-09-05 00:00:00-04:00,54.192734620702346,54.35366156833602,53.272128046000965,53.69101333618164,133332000
2018-09-06 00:00:00-04:00,53.53956346194695,53.80462498223648,52.3728319908037,52.79882049560547,137160000
2018-09-07 00:00:00-04:00,52.50298926252407,53.33602933601762,52.233197177478694,52.372825622558594,150479200
2018-09-10 00:00:00-04:00,52.28998468502147,52.50298068228619,51.229749739479225,51.66993713378906,158066000
2018-09-11 00:00:00-04:00,51.59420698255603,53.08279929926548,51.251050959636466,52.97630310058594,142996000
2018-09-12 00:00:00-04:00,53.2342583896033,53.24845740046068,52.027291910736004,52.31838607788086,197114800
2018-09-13 00:00:00-04:00,52.898217849689914,54.04128551338811,52.67339168395936,53.5821647644043,166825600
2018-09-14 00:00:00-04:00,53.425970693396906,53.683929109361706,52.66156025229259,52.97394943237305,127997200
2018-09-17 00:00:00-04:00,52.57398872003908,52.76331733842613,51.41909100904988,51.563453674316406,148780400
2018-09-18 00:00:00-04:00,51.54213606573139,52.50297788359779,51.38357443364483,51.64863586425781,126286800
2018-09-19 00:00:00-04:00,51.71017596241406,51.97523383237658,50.952865183133554,51.67940902709961,108495200
2018-09-20 00:00:00-04:00,52.12196578156135,52.60475027848478,51.8640038049603,52.072265625,106435200
2018-09-21 00:00:00-04:00,52.24976062216609,52.38702376647529,51.423816457857285,51.511383056640625,384986800
2018-09-24 00:00:00-04:00,51.31259228450954,52.36335902352826,51.267626333584346,52.25212860107422,110773600
2018-09-25 00:00:00-04:00,52.006003504013755,52.732550997350124,51.99416978895151,52.58345413208008,98217600
2018-09-26 00:00:00-04:00,52.30183301725907,52.952647681500984,52.00837346864391,52.16456985473633,95938800
2018-09-27 00:00:00-04:00,52.96919873540815,53.58924626246891,52.90293066844936,53.23662185668945,120724800
2018-09-28 00:00:00-04:00,53.198765683780366,53.44725924659931,53.016540200703474,53.4235954284668,91717600
2018-10-01 00:00:00-04:00,53.94662109687337,54.2945114233787,53.567967440306184,53.7833251953125,94403200
2018-10-02 00:00:00-04:00,53.780956173640334,54.4317708248065,53.634228207852296,54.261375427246094,99152800
2018-10-03 00:00:00-04:00,54.44359983400097,55.25297609687015,54.37970066265418,54.921653747558594,114619200
2018-10-04 00:00:00-04:00,54.616356932476414,54.9879146101768,53.65788386972213,53.956077575683594,128168000
2018-10-05 00:00:00-04:00,53.948981542667234,54.05547775401999,52.202430676368174,53.08043670654297,134322000
2018-10-08 00:00:00-04:00,52.58819715632624,53.201145421192365,52.112508453535554,52.9573860168457,118655600
2018-10-09 00:00:00-04:00,52.92660311263696,53.78567943285647,52.59764610036944,53.69101333618164,107564000
2018-10-10 00:00:00-04:00,53.35734185418573,53.56796901762654,51.130371361429916,51.2037353515625,167962400
2018-10-11 00:00:00-04:00,50.76826546098694,51.946830350297546,50.2476145806156,50.7516975402832,212497600
2018-10-12 00:00:00-04:00,52.164569832970635,52.746754721279835,51.317327037082954,52.56452560424805,161351600
2018-10-15 00:00:00-04:00,52.33969204186986,52.49825370424345,51.419085391816054,51.44038391113281,123164000
2018-10-16 00:00:00-04:00,51.81195605880608,52.77279839530564,51.298404450810615,52.57400131225586,116736000
2018-10-17 00:00:00-04:00,52.609490546874305,52.68995403710675,51.908975733135755,52.346797943115234,91541600
2018-10-18 00:00:00-04:00,51.55871374421379,52.003635406378,50.408546758242004,51.123260498046875,130325200
2018-10-19 00:00:00-04:00,51.60603453844459,52.36334516342306,51.45693771139783,51.901859283447266,132314800
2018-10-22 00:00:00-04:00,52.01547032624564,52.860347780678396,51.81431160695901,52.218997955322266,115168400
2018-10-23 00:00:00-04:00,51.07829499747305,52.83431062152317,50.810868215917154,52.711246490478516,155071200
2018-10-24 00:00:00-04:00,52.68048950792541,53.066242647781394,50.77300788610359,50.90317153930664,163702000
2018-10-25 00:00:00-04:00,51.523223066162,52.391764375608986,51.29602799685772,52.01784133911133,119423200
2018-10-26 00:00:00-04:00,51.09485949880697,52.110132264199265,50.33044920447651,51.18952560424805,189033600
2018-10-29 00:00:00-04:00,51.873484321572484,51.99181427217194,48.77323817140933,50.22869873046875,183742000
2018-10-30 00:00:00-04:00,49.97072476050618,50.924463645690075,49.52580670807782,50.47954559326172,146640000
2018-10-31 00:00:00-04:00,51.32679410406147,52.17166796781139,51.265260226318844,51.795379638671875,153435600
2018-11-01 00:00:00-04:00,51.840341976440314,52.623685518956215,51.310222601060566,52.590553283691406,233292800
2018-11-02 00:00:00-04:00,49.59208347306749,50.56238691019162,48.61704221561226,49.102195739746094,365314800
2018-11-05 00:00:00-05:00,48.349609382233005,48.37090790263362,46.898883307010784,47.70825958251953,264654800
2018-11-06 00:00:00-05:00,47.78636371038881,48.44901211289893,47.731932947771526,48.224185943603516,127531600
2018-11-07 00:00:00-05:00,48.74483556791726,49.712773606380615,48.30938225721915,49.68674087524414,133697600
2018-11-08 00:00:00-05:00,49.86722555541948,49.90047339465784,49.100148077728555,49.51337432861328,101450400
2018-11-09 00:00:00-05:00,48.815166373876544,48.92440772185427,48.03146315999094,48.55868148803711,137463200
2018-11-12 00:00:00-05:00,47.259627429985954,47.46149160971139,46.02232604202068,46.112571716308594,204542000
2018-11-13 00:00:00-05:00,45.509366284258455,46.827408453582805,45.46661699229114,45.65185546875,187531600
2018-11-14 00:00:00-05:00,46.04845004074686,46.18619210460232,44.155689779845716,44.3623046875,243204000
2018-11-15 00:00:00-05:00,44.73991147050331,45.59011034254825,44.38605662645267,45.45711898803711,185915200
2018-11-16 00:00:00-05:00,45.24099422566041,46.30255485250831,44.99401086475405,45.960575103759766,147713200
2018-11-19 00:00:00-05:00,45.122270426691934,45.28850964562058,43.93246870577776,44.13908004760742,167701200
2018-11-20 00:00:00-05:00,42.36031733508425,43.09652435353119,41.68110818136177,42.03021240234375,271300800
2018-11-21 00:00:00-05:00,42.68328983761377,42.81153410282051,41.92808729886991,41.98270797729492,124496800
2018-11-23 00:00:00-05:00,41.54573618072765,41.93996319137456,40.87127786952604,40.91639709472656,94496000
2018-11-26 00:00:00-05:00,41.37949593469791,41.548108696422304,40.434300553403695,41.4697380065918,179994000
2018-11-27 00:00:00-05:00,40.73115914826122,41.505364622235895,40.58154566531735,41.37949752807617,165549600
2018-11-28 00:00:00-05:00,41.97082246218877,43.05375604780833,41.54334772477524,42.970638275146484,184250000
2018-11-29 00:00:00-05:00,43.379125333484275,43.41237317618883,42.201195033571544,42.64054489135742,167080000
2018-11-30 00:00:00-05:00,42.81627748733265,42.82577894068575,42.04207573121886,42.410179138183594,158126000
2018-12-03 00:00:00-05:00,43.80658726921649,43.92057932148779,43.034759211952036,43.89208221435547,163210000
2018-12-04 00:00:00-05:00,42.97301774526017,43.31499758229476,41.86158689864037,41.96133041381836,165377200
2018-12-06 00:00:00-05:00,40.79052552365589,41.507733053331634,40.472295688010675,41.49348449707031,172393600
2018-12-07 00:00:00-05:00,41.20138228468355,41.43886790910072,39.96883131415951,40.013954162597656,169126400
2018-12-10 00:00:00-05:00,39.18512221335925,40.39392299254589,38.78852171429132,40.277557373046875,248104000
2018-12-11 00:00:00-05:00,40.766788118317066,40.79765878910287,39.66010410415537,40.04720687866211,189126800
2018-12-12 00:00:00-05:00,40.46754567904434,40.828524813618266,40.13981800799348,40.158817291259766,142510800
2018-12-13 00:00:00-05:00,40.48892605974861,40.98289660129505,40.265688989423055,40.598167419433594,127594400
2018-12-14 00:00:00-05:00,40.13506061883299,40.1540598989454,39.2516140241877,39.299110412597656,162814800
2018-12-17 00:00:00-05:00,39.29199353840662,39.98070398320627,38.64603238784971,38.93339157104492,177151600
2018-12-18 00:00:00-05:00,39.27538143852134,39.7859741817901,39.04026931963005,39.439247131347656,135366000
2018-12-19 00:00:00-05:00,39.42262018513315,39.76697367284492,37.78159337881256,38.209068298339844,196189200
2018-12-20 00:00:00-05:00,38.09269098875768,38.498792982639806,36.88151653310877,37.244869232177734,259092000
2018-12-21 00:00:00-05:00,37.25198753673331,37.56071950978802,35.53496783964715,35.796199798583984,382978400
2018-12-24 00:00:00-05:00,35.183481779293345,35.99093480050358,34.81300491166097,34.87000274658203,148676800
2018-12-26 00:00:00-05:00,35.21912221236073,37.33986730293272,34.84389445485186,37.325618743896484,234330000
2018-12-27 00:00:00-05:00,37.00976168340444,37.23062521543055,35.639472134315575,37.08338165283203,212468400
2018-12-28 00:00:00-05:00,37.40397891761338,37.64621522429912,36.70339718009544,37.10237121582031,169165600
2018-12-31 00:00:00-05:00,37.64858765548356,37.84570111622469,37.16174150533906,37.460975646972656,140014000
2019-01-02 00:00:00-05:00,36.784149594963864,37.72459429722969,36.627408207295694,37.50373077392578,148158800
2019-01-03 00:00:00-05:00,34.19317547745964,34.60640172363963,33.72295500680148,33.7680778503418,365248800
2019-01-04 00:00:00-05:00,34.32380096292475,35.27849429775803,34.15043745176816,35.20962142944336,234428400
2019-01-07 00:00:00-05:00,35.3141057597988,35.34498004544206,34.64914539714357,35.13124084472656,219111200
2019-01-08 00:00:00-05:00,35.51834826233486,36.055068075400506,35.27136481535477,35.80095672607422,164101200
2019-01-09 00:00:00-05:00,35.929187021597,36.69864150293026,35.53496376531212,36.40890884399414,180396400
2019-01-10 00:00:00-05:00,36.21655182724987,36.56565592820539,35.82707561156554,36.52528381347656,143122800
2019-01-11 00:00:00-05:00,36.30680246578782,36.50153878834281,35.98144470474648,36.166683197021484,108092800
2019-01-14 00:00:00-05:00,35.824712768467144,35.924456309448,35.437609988385816,35.62284851074219,129756800
2019-01-15 00:00:00-05:00,35.68696070331559,36.42791458616587,35.634713583499995,36.35192108154297,114843600
2019-01-16 00:00:00-05:00,36.35429336518652,37.01925372022599,36.33529408375769,36.796016693115234,122278800
2019-01-17 00:00:00-05:00,36.62028785981504,37.44198983365644,36.397050760758674,37.0145149230957,119284800
2019-01-18 00:00:00-05:00,37.40398497191301,37.49423066668109,37.04300581658366,37.242496490478516,135004000
2019-01-22 00:00:00-05:00,37.14512410332922,37.22111761208294,36.24505163700586,36.40654373168945,121576000
2019-01-23 00:00:00-05:00,36.60840409054777,36.84351614102213,36.02656509052752,36.55378341674805,92522400
2019-01-24 00:00:00-05:00,36.59890508773824,36.68677359804413,36.036065388764655,36.2640495300293,101766000
2019-01-25 00:00:00-05:00,36.92425809596469,37.5535970765076,36.6487775687618,37.46572494506836,134142000
2019-01-28 00:00:00-05:00,36.99786810096469,37.126112312913,36.49202640019958,37.118988037109375,104768400
2019-01-29 00:00:00-05:00,37.10713770633597,37.55361194681666,36.598918493259745,36.734283447265625,166348800
2019-01-30 00:00:00-05:00,38.7695241919444,39.45823098230422,38.05231666544547,39.2444953918457,244439200
2019-01-31 00:00:00-05:00,39.44873274205534,40.13506597381766,39.080629341215584,39.527103424072266,162958400
2019-02-01 00:00:00-05:00,39.65059867839811,40.13031699712782,39.405985168485806,39.546104431152344,130672400
2019-02-04 00:00:00-05:00,39.75746683302016,40.76678067534809,39.72659254412772,40.669410705566406,125982000
2019-02-05 00:00:00-05:00,41.051766667858935,41.57898506305087,40.93065029956902,41.3652458190918,144406400
2019-02-06 00:00:00-05:00,41.476863882454516,41.69535385122478,41.049392646908444,41.37949752807617,112958400
2019-02-07 00:00:00-05:00,40.94251782527925,41.30824769496477,40.45329804715444,40.59579086303711,126966800
2019-02-08 00:00:00-05:00,40.3048068425163,40.70310822980999,40.16885776650786,40.64348220825195,95280000
2019-02-11 00:00:00-05:00,40.79613489799055,40.83429643477586,40.36682670736698,40.40975570678711,83973600
2019-02-12 00:00:00-05:00,40.56955604622166,40.78420831850001,40.47415220576565,40.757972717285156,89134000
2019-02-13 00:00:00-05:00,40.877218430046,41.137187031192965,40.52661710438461,40.588626861572266,89960800
2019-02-14 00:00:00-05:00,40.47654256965909,40.84622110600096,40.39783576019398,40.73651123046875,87342800
2019-02-15 00:00:00-05:00,40.84383289109825,40.95115902339319,40.48607669059228,40.6458740234375,98507200
2019-02-19 00:00:00-05:00,40.4765339806188,40.88914507060669,40.42406278544301,40.76750564575195,75891200
2019-02-20 00:00:00-05:00,40.82952266876856,41.33753763113266,40.78182257054154,41.02986526489258,104457600
2019-02-21 00:00:00-05:00,40.9750096836761,41.11095514343004,40.61725349372424,40.79851531982422,68998800
2019-02-22 00:00:00-05:00,40.922530681262195,41.261206039788064,40.874830592887925,41.254051208496094,75652800
2019-02-25 00:00:00-05:00,41.53788347577221,41.94572353268566,41.487796003181955,41.5545768737793,87493600
2019-02-26 00:00:00-05:00,41.430551160576144,41.809771827642344,41.30175690127716,41.57842254638672,68280800
2019-02-27 00:00:00-05:00,41.311300281596466,41.73822105568102,41.196815683559215,41.70721435546875,111341600
2019-02-28 00:00:00-05:00,41.57603864043286,41.71675519338844,41.24213069934181,41.2969856262207,112861600
2019-03-01 00:00:00-05:00,41.56649542685582,41.77399283512558,41.234974864095655,41.73106384277344,103544800
2019-03-04 00:00:00-05:00,41.902783144722314,42.39410097599845,41.4925558286642,41.94094467163086,109744800
2019-03-05 00:00:00-05:00,41.96242304785135,41.976732715355126,41.628515035862925,41.8646354675293,78949600
2019-03-06 00:00:00-05:00,41.65951531314144,41.855090443606244,41.485408319904245,41.623741149902344,83241600
2019-03-07 00:00:00-05:00,41.468717309443846,41.60466642807359,41.0274867951546,41.1419677734375,99185600
2019-03-08 00:00:00-05:00,40.62202508642293,41.27791144259841,40.42644995336146,41.239749908447266,95997600
2019-03-11 00:00:00-04:00,41.85508454688193,42.72085192885243,41.82169411946825,42.66838073730469,128044000
2019-03-12 00:00:00-04:00,42.930745544199205,43.5675511663907,42.780486770223504,43.14778518676758,129870400
2019-03-13 00:00:00-04:00,43.46737552238741,43.71780557424151,43.15016460861008,43.338584899902344,124130000
2019-03-14 00:00:00-04:00,43.8609111740343,43.908614914858006,43.54131649050845,43.82036590576172,94318000
2019-03-15 00:00:00-04:00,44.08749464595025,44.678983933208535,43.822754887497275,44.3903923034668,156171600
2019-03-18 00:00:00-04:00,44.314075897314986,44.931800829531916,44.31168852645204,44.84355545043945,104879200
2019-03-19 00:00:00-04:00,44.92224984377744,45.074892326124115,44.34268297347357,44.4881706237793,126585600
2019-03-20 00:00:00-04:00,44.416615452853335,45.19414111173891,44.05885931953551,44.876930236816406,124140800
2019-03-21 00:00:00-04:00,45.320552133949356,46.82551249017216,45.27046466941773,46.52976608276367,204136800
2019-03-22 00:00:00-04:00,46.58938884769909,47.14987492430253,45.50181076136391,45.56620788574219,169630800
2019-03-25 00:00:00-04:00,45.67592791524002,45.78802515555478,44.50487531846958,45.01527404785156,175381200
2019-03-26 00:00:00-04:00,45.71170377934582,46.00267911768265,44.0230940523578,44.55018615722656,199202000
2019-03-27 00:00:00-04:00,45.01765519484567,45.25854305952079,44.49294682904075,44.95087432861328,119393600
2019-03-28 00:00:00-04:00,45.065352975754955,45.21084063526759,44.72667756034346,45.010498046875,83121600
2019-03-29 00:00:00-04:00,45.275244191354744,45.33487023011922,44.96757179333069,45.303863525390625,94256000
2019-04-01 00:00:00-04:00,45.70693049851085,45.71646906225277,44.92940835895731,45.61153030395508,111448000
2019-04-02 00:00:00-04:00,45.57575525688568,46.379516683711444,45.56621669256709,46.274574279785156,91062800
2019-04-03 00:00:00-04:00,46.090925278762874,46.866063737526034,46.06707340893333,46.5917854309082,93087200
2019-04-04 00:00:00-04:00,46.458222344190496,46.83505934250355,46.06469194760166,46.67287826538086,76457200
2019-04-05 00:00:00-04:00,46.85415063290159,47.00918055067742,46.73012742653801,46.985328674316406,74106400
2019-04-08 00:00:00-04:00,46.84696596741409,47.75566583314697,46.82788520633229,47.72466278076172,103526800
2019-04-09 00:00:00-04:00,47.77715244831723,48.38056764876141,47.51718016237022,47.58157730102539,143072800
2019-04-10 00:00:00-04:00,47.38599528748367,47.87731681584689,47.26674323132718,47.84869384765625,86781200
2019-04-11 00:00:00-04:00,47.90356523914055,47.93933940985185,47.32876930114629,47.45040512084961,83603200
2019-04-12 00:00:00-04:00,47.51003081940437,47.73422532565795,46.79690566698891,47.43132400512695,111042800
2019-04-15 00:00:00-04:00,47.36214374594973,47.66504496639306,47.22619466458724,47.51716995239258,70146400
2019-04-16 00:00:00-04:00,47.57202578246403,48.02756581308935,47.35736992515956,47.52193832397461,102785600
2019-04-17 00:00:00-04:00,47.59111312973718,48.50697176693292,47.369306032753535,48.44734573364258,115627200
2019-04-18 00:00:00-04:00,48.44495416346428,48.69061310818153,48.30185387954341,48.6214485168457,96783200
2019-04-22 00:00:00-04:00,48.37579748500796,48.87904139023964,48.258929140631615,48.781253814697266,77758000
2019-04-23 00:00:00-04:00,48.75740951951015,49.54924517237071,48.63100259071863,49.48484802246094,93292000
2019-04-24 00:00:00-04:00,49.45621602782266,49.72333948607253,49.38228033057737,49.40851593017578,70162400
2019-04-25 00:00:00-04:00,49.329810923117755,49.55161802291001,48.921967248962424,48.96012878417969,74172800
2019-04-26 00:00:00-04:00,48.8695026000393,48.8933544725691,48.20646130370041,48.726402282714844,74596400
2019-04-29 00:00:00-04:00,48.750262700091966,49.12471608454507,48.62147201838288,48.800350189208984,88818800
2019-04-30 00:00:00-04:00,48.4306548403864,48.511745382518534,47.488564122761446,47.86063003540039,186139600
2019-05-01 00:00:00-04:00,50.057253572929376,51.35232939695796,49.9022236875031,50.209896087646484,259309200
2019-05-02 00:00:00-04:00,50.047701352042424,50.717897315952065,49.63986136370917,49.88313293457031,127985200
2019-05-03 00:00:00-04:00,50.29812502467135,50.524703171639125,50.14071145926002,50.503238677978516,83569600
2019-05-06 00:00:00-04:00,48.72400995039716,49.80920453287324,48.53559327802315,49.72334289550781,129772400
2019-05-07 00:00:00-04:00,49.10322560559148,49.47052032079765,47.898779164566115,48.38294219970703,155054800
2019-05-08 00:00:00-04:00,48.15397864611798,48.97443337179271,48.11820448511399,48.39248275756836,105358000
2019-05-09 00:00:00-04:00,47.79622408457386,48.10150906634315,46.90422100692585,47.8725471496582,139634400
2019-05-10 00:00:00-04:00,47.26680187205951,47.609178036306886,46.15348841724261,47.2093391418457,164834800
2019-05-13 00:00:00-04:00,44.94201315243579,45.365788479732885,43.77841929201786,44.46556091308594,229722400
2019-05-14 00:00:00-04:00,44.630770853179754,45.418469654624175,44.39134823649402,45.169471740722656,146118800
2019-05-15 00:00:00-04:00,44.59724627738985,45.90928103046059,44.53739063067478,45.7105598449707,106178800
2019-05-16 00:00:00-04:00,45.4687323557019,46.08165343188728,45.212548501742816,45.50943374633789,132125600
2019-05-17 00:00:00-04:00,44.75526323345386,45.70577121307955,44.714561831332965,45.25086975097656,131516400
2019-05-20 00:00:00-04:00,43.93883006731114,44.13755123427518,43.16309964301399,43.83587646484375,154449200
2019-05-21 00:00:00-04:00,44.34585752053852,45.01145210514859,44.22135673647284,44.67626190185547,113459200
2019-05-22 00:00:00-04:00,44.21177717624734,44.46317163112691,43.70659535573083,43.761661529541016,118994400
2019-05-23 00:00:00-04:00,43.048190348330664,43.22536075947972,42.57173799121202,43.014671325683594,146118800
2019-05-24 00:00:00-04:00,43.14394936030299,43.608429762680224,42.76566123520502,42.84946060180664,94858800
2019-05-28 00:00:00-04:00,42.83750064653366,43.23733603874262,42.595685082134175,42.672298431396484,111792800
2019-05-29 00:00:00-04:00,42.23892942786569,42.94043945879135,42.138372386702336,42.46877670288086,113924800
2019-05-30 00:00:00-04:00,42.605253206009266,42.91171385804956,42.29879255396897,42.68905258178711,84873600
2019-05-31 00:00:00-04:00,42.19343784970935,42.61482390464401,41.89655620551277,41.91571044921875,108174400
2019-06-03 00:00:00-04:00,42.042604554336634,42.598063014392494,40.766481823880554,41.4919319152832,161584400
2019-06-04 00:00:00-04:00,42.004294598391965,43.05535949284863,41.78402628112911,43.00986862182617,123872000
2019-06-05 00:00:00-04:00,44.12079739285381,44.290789049992995,43.36901055867717,43.704200744628906,119093600
2019-06-06 00:00:00-04:00,43.83349524890833,44.40571518469204,43.6108303047652,44.34585952758789,90105200
2019-06-07 00:00:00-04:00,44.65470509073558,45.9499821546274,44.47753471563899,45.52620315551758,122737600
2019-06-10 00:00:00-04:00,45.923645296205336,46.77598911152849,45.878154420674264,46.108001708984375,104883600
2019-06-11 00:00:00-04:00,46.65389767491463,46.92683934948886,46.35222645142724,46.64192581176758,107731600
2019-06-12 00:00:00-04:00,46.436014126524086,46.919648817978434,46.30193805046919,46.49347686767578,73012800
2019-06-13 00:00:00-04:00,46.61558132869754,47.11597370565027,46.352218650285145,46.4838981628418,86698400
2019-06-14 00:00:00-04:00,45.86140302948494,46.34982356084615,45.56212475815353,46.14631652832031,75046000
2019-06-17 00:00:00-04:00,46.18462023261922,46.677833880392626,46.00984274939172,46.42164993286133,58676400
2019-06-18 00:00:00-04:00,46.93879971823583,47.95394916644094,46.73768561849317,47.51341247558594,106204000
2019-06-19 00:00:00-04:00,47.80790804751456,47.855795495195196,47.240477594832555,47.37455368041992,84496800
2019-06-20 00:00:00-04:00,47.97310938789001,48.03057213210239,47.41286133169161,47.7552375793457,86056000
2019-06-21 00:00:00-04:00,47.59721577519034,48.08803285817052,47.44158888613369,47.59242630004883,191202400
2019-06-24 00:00:00-04:00,47.53495764148546,47.92282470708887,47.446372455538985,47.54453659057617,72881600
2019-06-25 00:00:00-04:00,47.50862823550264,47.707349446417524,46.75684136270738,46.823883056640625,84281200
2019-06-26 00:00:00-04:00,47.35061933799166,48.12156057668087,47.250062261636515,47.836647033691406,104270000
2019-06-27 00:00:00-04:00,47.953952766753574,48.26041706742118,47.78157184924549,47.82227325439453,83598800
2019-06-28 00:00:00-04:00,47.56848407525534,47.76481237594813,47.178227691464755,47.38652420043945,124442400
2019-07-01 00:00:00-04:00,48.64349397414677,48.95953359072476,48.04014794005199,48.25563049316406,109012000
2019-07-02 00:00:00-04:00,48.222111012389796,48.63391821311523,48.21013915067002,48.53814697265625,67740800
2019-07-03 00:00:00-04:00,48.66982377146037,48.94755485247247,48.52856532024344,48.940372467041016,45448000
2019-07-05 00:00:00-04:00,48.686596019379415,49.10079616973039,48.57885290715956,48.89728546142578,69062000
2019-07-08 00:00:00-04:00,48.07845500360109,48.21971347045251,47.5038421856941,47.889312744140625,101354400
2019-07-09 00:00:00-04:00,47.69297620031747,48.24604176393507,47.59960154221708,48.181400299072266,82312000
2019-07-10 00:00:00-04:00,48.32745148133247,48.77756346841761,48.25801688405682,48.65785217285156,71588400
2019-07-11 00:00:00-04:00,48.67701511228483,48.93559199528535,48.293941090035496,48.30351638793945,80767200
2019-07-12 00:00:00-04:00,48.47109948824724,48.8422052094691,48.41124384460819,48.67461013793945,70380800
2019-07-15 00:00:00-04:00,48.86376402908005,49.289936021261454,48.84221686901794,49.131919860839844,67789600
2019-07-16 00:00:00-04:00,48.98348029822733,49.34740375815225,48.722510480064635,48.96193313598633,67467200
2019-07-17 00:00:00-04:00,48.854183380535474,49.103181282791674,48.66743404051857,48.686588287353516,56430000
2019-07-18 00:00:00-04:00,48.84220835020634,49.2923239883717,48.77038084256098,49.23965072631836,74162400
2019-07-19 00:00:00-04:00,49.27077499857013,49.44076665116611,48.44955723828679,48.50462341308594,83717200
2019-07-22 00:00:00-04:00,48.75841111322735,49.615544461109494,48.74883581666229,49.61315155029297,89111600
2019-07-23 00:00:00-04:00,49.91003660607573,50.017776044989866,49.62990895028045,50.001014709472656,73420800
2019-07-24 00:00:00-04:00,49.720893093799184,50.07523753448428,49.60118178852593,49.9603157043457,59966400
2019-07-25 00:00:00-04:00,50.01299627768614,50.09679566493992,49.495842486559184,49.565277099609375,55638400
2019-07-26 00:00:00-04:00,49.67539961135831,50.214100456871776,49.59399680482801,49.73765182495117,70475600
2019-07-29 00:00:00-04:00,49.910033358512514,50.4319728369032,49.90524388391939,50.202125549316406,86693600
2019-07-30 00:00:00-04:00,49.9818514561341,50.31704522638405,49.63468948072739,49.98664093017578,135742800
2019-07-31 00:00:00-04:00,51.81584527199262,53.0009865627098,50.590002572472564,51.006595611572266,277125600
2019-08-01 00:00:00-04:00,51.21248911312201,52.201305551333476,49.49822619298105,49.90284729003906,216071600
2019-08-02 00:00:00-04:00,49.20852693471187,49.42400581448253,48.274780251307064,48.84700012207031,163448400
2019-08-05 00:00:00-04:00,47.40328781920137,47.561303978461524,46.108010514374186,46.28997039794922,209572000
2019-08-06 00:00:00-04:00,47.001046156589894,47.42243223605077,46.45755587635723,47.1662483215332,143299200
2019-08-07 00:00:00-04:00,46.78556919770773,47.77917148507969,46.40488815632608,47.65467071533203,133457600
2019-08-08 00:00:00-04:00,47.93240408773638,48.72968178909559,47.73847236505692,48.70573806762695,108038000
2019-08-09 00:00:00-04:00,48.37888473817284,48.729767784636486,47.89581454791173,48.30438232421875,98478800
2019-08-12 00:00:00-04:00,47.97512638824654,48.55913570914154,47.86216992838576,48.18181228637695,89927600
2019-08-13 00:00:00-04:00,48.31159574878954,50.98408951762822,48.181814264515985,50.22223663330078,188874000
2019-08-14 00:00:00-04:00,48.82591597848995,49.61420571033035,48.688924793129885,48.727378845214844,146189600
2019-08-15 00:00:00-04:00,48.898010052333305,49.30176654519396,47.98714860628682,48.48463821411133,108909600
2019-08-16 00:00:00-04:00,49.0950783725183,49.787236519570556,48.98933158147647,49.62861633300781,110481600
2019-08-19 00:00:00-04:00,50.61878493455606,51.125886205011135,50.476989765853084,50.553897857666016,97654400
2019-08-20 00:00:00-04:00,50.68127875978292,51.27489985948379,50.546693252789694,50.556304931640625,107537200
2019-08-21 00:00:00-04:00,51.18836961984207,51.34698612513652,50.85430792354824,51.104251861572266,86141600
2019-08-22 00:00:00-04:00,51.23643854407338,51.536853889289645,50.65002720346251,51.060997009277344,89014800
2019-08-23 00:00:00-04:00,50.33278212314745,50.96245512141073,48.30678298506462,48.700927734375,187272000
2019-08-26 00:00:00-04:00,49.474802566101914,49.79444493377358,49.28253601154714,49.62621307373047,104174400
2019-08-27 00:00:00-04:00,49.95546320825073,50.121293052732874,48.91482409284731,49.06623458862305,103493200
2019-08-28 00:00:00-04:00,49.05181158184592,49.44114863660078,48.864352728284025,49.395484924316406,63755200
2019-08-29 00:00:00-04:00,50.109285330383344,50.30635957969884,49.66707477161969,50.23185348510742,83962000
2019-08-30 00:00:00-04:00,50.508233068974185,50.57792781692434,49.79684790345952,50.166961669921875,84573600
2019-09-03 00:00:00-04:00,49.61179332263298,49.743976816789676,49.08066101044846,49.43635177612305,80092000
2019-09-04 00:00:00-04:00,50.08284558735108,50.344806902391355,49.82569194490394,50.27511215209961,76752400
2019-09-05 00:00:00-04:00,50.95043926969008,51.42389411665541,50.832675141759566,51.25806427001953,95654800
2019-09-06 00:00:00-04:00,51.44311846648742,51.53204022483421,51.07300475059711,51.25325393676758,77449200
2019-09-09 00:00:00-04:00,51.63298415640306,52.0175172563899,50.72693413624486,51.471961975097656,109237600
2019-09-10 00:00:00-04:00,51.39746659829906,52.0992364848002,50.88075361239367,52.08000946044922,127111600
2019-09-11 00:00:00-04:00,52.40926543357923,53.764739433347756,52.32754966606249,53.735897064208984,177158400
2019-09-12 00:00:00-04:00,54.02670011962347,54.4160372602079,53.56045488514693,53.61573028564453,128906800
2019-09-13 00:00:00-04:00,52.873092912946426,53.06295376939327,52.15690386302663,52.57267761230469,159053200
2019-09-16 00:00:00-04:00,52.32754329567108,52.904342934889065,52.286687250476454,52.849063873291016,84632400
2019-09-17 00:00:00-04:00,52.863484906843915,53.07017079472141,52.66160302374134,53.04132843017578,73274800
2019-09-18 00:00:00-04:00,53.12785993920919,53.5580568283564,52.73852276993989,53.5388298034668,101360000
2019-09-19 00:00:00-04:00,53.35617058720185,53.77675209631372,52.96202577677849,53.103824615478516,88242400
2019-09-20 00:00:00-04:00,53.20476016935374,53.48835049337496,52.2650600947515,52.327545166015625,221652400
2019-09-23 00:00:00-04:00,52.62075086028852,52.8346464382801,52.308318169456676,52.56547546386719,76662000
2019-09-24 00:00:00-04:00,53.12064347326149,53.471530215080406,52.19776839960509,52.315528869628906,124763200
2019-09-25 00:00:00-04:00,52.52461681555622,53.2335962580172,52.1857474445808,53.12063980102539,87613600
2019-09-26 00:00:00-04:00,52.87309349274994,53.09900638805851,52.59190520832725,52.846656799316406,75334000
2019-09-27 00:00:00-04:00,53.002883868542426,53.10382666173709,52.21940189013441,52.589515686035156,101408000
2019-09-30 00:00:00-04:00,53.08939905865949,53.973823753885995,53.06296236123528,53.82722091674805,103909600
2019-10-01 00:00:00-04:00,54.09158512052922,54.84863029507966,53.882493554454456,53.97622299194336,139223200
2019-10-02 00:00:00-04:00,53.60851376014331,53.733487563158945,52.37560808292696,52.62315368652344,138449200
2019-10-03 00:00:00-04:00,52.495792601975765,53.10383681145658,51.702698793535845,53.0701904296875,114426000
2019-10-04 00:00:00-04:00,54.22857675291312,54.6731929479549,53.80799525329293,54.557830810546875,138478800
2019-10-07 00:00:00-04:00,54.37999382145774,55.25960730535331,54.2766490193029,54.569854736328125,122306000
2019-10-08 00:00:00-04:00,54.27183612343445,54.81017807266463,53.91373971335013,53.93056106567383,111820000
2019-10-09 00:00:00-04:00,54.56262969970703,54.74528088709752,54.22856802332947,54.56262969970703,74770400
2019-10-10 00:00:00-04:00,54.77893513356194,55.38217150680817,54.62752828997779,55.29805374145508,113013600
2019-10-11 00:00:00-04:00,55.98540478852595,57.11256378651316,55.83159227355159,56.768890380859375,166795600
2019-10-14 00:00:00-04:00,56.454045539346986,57.23032136758356,56.39877014720684,56.68716812133789,96427600
2019-10-15 00:00:00-04:00,56.812142470885,57.11495979657442,56.449242080538056,56.554988861083984,87360000
2019-10-16 00:00:00-04:00,56.08633553766423,56.53575933506916,56.04547949556907,56.32666778564453,73903200
2019-10-17 00:00:00-04:00,56.49970829460661,56.754459895212634,56.122388565552164,56.545372009277344,67585200
2019-10-18 00:00:00-04:00,56.37954905370019,57.09814389578318,56.307448635792866,56.81695556640625,97433600
2019-10-21 00:00:00-04:00,57.083731129906674,57.9176845365252,57.03566540148423,57.80232238769531,87247200
2019-10-22 00:00:00-04:00,57.95853733426326,58.20848130833189,57.58842354511688,57.67013931274414,82293600
2019-10-23 00:00:00-04:00,58.18444081930115,58.45841944527722,57.97294725988833,58.44399642944336,75828800
2019-10-24 00:00:00-04:00,58.76365316728542,58.83335159243042,58.114756648600185,58.54014587402344,69275200
2019-10-25 00:00:00-04:00,58.4391953673054,59.29717966007289,58.371902625409106,59.261131286621094,73477200
2019-10-28 00:00:00-04:00,59.46301639925722,59.90282494220439,59.29478452503203,59.854759216308594,96572800
2019-10-29 00:00:00-04:00,59.835529194446124,60.02298808307294,58.29740403976976,58.47043991088867,142839600
2019-10-30 00:00:00-04:00,58.82372472112932,58.953506199746954,57.970548101650635,58.463226318359375,124522000
2019-10-31 00:00:00-04:00,59.41975464010306,59.883594183478614,57.021235828674115,59.785057067871094,139162000
2019-11-01 00:00:00-04:00,59.972513844449246,61.50823692360431,59.88119007430968,61.48180389404297,151125200
2019-11-04 00:00:00-05:00,61.844699369305836,61.96967684280091,61.37605584677562,61.88555908203125,103272000
2019-11-05 00:00:00-05:00,61.77741161321152,62.05139394165395,61.60197373719849,61.7966423034668,79897600
2019-11-06 00:00:00-05:00,61.710117874054276,61.88315741177333,61.373654143589235,61.82307434082031,75864400
2019-11-07 00:00:00-05:00,62.3702628523427,62.758363326737026,62.218397769161385,62.536590576171875,94940400
2019-11-08 00:00:00-05:00,62.35821740841793,62.78006162131691,61.914679233049654,62.70774841308594,69986400
2019-11-11 00:00:00-05:00,62.26419939293928,63.269397069308496,62.259380964786935,63.204315185546875,81821200
2019-11-12 00:00:00-05:00,63.047624721518574,63.34653646560139,62.8957669917644,63.14645767211914,87388800
2019-11-13 00:00:00-05:00,62.94639919439951,63.82624436182228,62.93193655049298,63.75151824951172,102734400
2019-11-14 00:00:00-05:00,63.57795673081392,63.85034877458667,63.18021932585927,63.31039047241211,89182800
2019-11-15 00:00:00-05:00,63.56108852589213,64.06730317075748,63.399586537701325,64.06248474121094,100206400
2019-11-18 00:00:00-05:00,64.07210078681992,64.4650196804653,63.69365188987565,64.3854751586914,86703200
2019-11-19 00:00:00-05:00,64.57830146137563,64.60240830888569,63.97326152022207,64.1902084350586,76167200
2019-11-20 00:00:00-05:00,64.00943296128311,64.13959672655233,62.77041280435066,63.442955017089844,106234400
2019-11-21 00:00:00-05:00,63.5634845963379,63.64062358695327,62.95843713304087,63.15851593017578,121395200
2019-11-22 00:00:00-05:00,63.29831083346435,63.4405316800588,62.876466720956635,63.103057861328125,65325200
2019-11-25 00:00:00-05:00,63.32726038211015,64.2263939691162,63.28145955811588,64.20951843261719,84020400
2019-11-26 00:00:00-05:00,64.34690190752454,64.39993403773599,63.27662244789559,63.70811080932617,105207600
2019-11-27 00:00:00-05:00,64.01906644818817,64.59760146667433,63.95398456897874,64.56385040283203,65235600
2019-11-29 00:00:00-05:00,64.2649473538178,64.60242121725912,64.09620674390789,64.421630859375,46617600
2019-12-02 00:00:00-05:00,64.42645458192374,64.66268998393599,63.50563454094097,63.676780700683594,94487200
2019-12-03 00:00:00-05:00,62.26661128399151,62.56069723689113,61.77968521879456,62.54141616821289,114430400
2019-12-04 00:00:00-05:00,62.93192000275179,63.47187818362995,62.83790548569971,63.093421936035156,67181600
2019-12-05 00:00:00-05:00,63.58758484552913,64.09379930384016,63.332068402488204,64.0190658569336,74424400
2019-12-06 00:00:00-05:00,64.4770771543204,65.32558393574297,64.43368187672564,65.25567626953125,106075600
2019-12-09 00:00:00-05:00,65.08452157936348,65.27736166371423,63.85755870346598,64.34207916259766,128042400
2019-12-10 00:00:00-05:00,64.74705730032277,65.10140670875774,64.08656483345956,64.71813201904297,90420400
2019-12-11 00:00:00-05:00,64.79766301561628,65.34967820606464,64.72293693578348,65.27012634277344,78756800
2019-12-12 00:00:00-05:00,64.54940123697496,65.70163837389192,64.43851852305019,65.43647766113281,137310400
2019-12-13 00:00:00-05:00,65.4364539980619,66.36209958719724,65.30869579489323,66.32594299316406,133587600
2019-12-16 00:00:00-05:00,66.77191612256408,67.6855122693703,66.7670976938844,67.4613265991211,128186000
2019-12-17 00:00:00-05:00,67.39140304865965,67.92171691942357,67.20578694097172,67.59388732910156,114158400
2019-12-18 00:00:00-05:00,67.44685857632358,67.95307308973534,67.28294373773436,67.4323959350586,116028400
2019-12-19 00:00:00-05:00,67.3745402255633,67.77950886281938,67.24196357196422,67.49988555908203,98369200
2019-12-20 00:00:00-05:00,68.03261138491365,68.13384985354818,67.14794077021222,67.36006927490234,275978000
2019-12-23 00:00:00-05:00,67.62284751640941,68.51956828211395,67.58427801121577,68.45930480957031,98572000
2019-12-24 00:00:00-05:00,68.62559884825562,68.67381254514265,68.19893632067681,68.52435302734375,48478800
2019-12-26 00:00:00-05:00,68.65696311017838,69.90080192756368,68.62803782360339,69.88392639160156,93121200
2019-12-27 00:00:00-05:00,70.17559948118166,70.86260446261116,69.45243789154644,69.85740661621094,146266000
2019-12-30 00:00:00-05:00,69.77543291987965,70.55403936484663,68.75336713216096,70.27200317382812,144114400
2019-12-31 00:00:00-05:00,69.88873327875099,70.79268511683624,69.78990032835488,70.78545379638672,100805600
2020-01-02 00:00:00-05:00,71.40977771923563,72.46077614730521,71.15667416341765,72.4005126953125,135480400
2020-01-03 00:00:00-05:00,71.62912999102163,72.45594269937853,71.47244650368873,71.69662475585938,146322800
2020-01-06 00:00:00-05:00,70.81920816221287,72.3065062028637,70.56851011431775,72.26793670654297,118387200
2020-01-07 00:00:00-05:00,72.2775784441153,72.53309491165653,71.70869494472285,71.92805480957031,108872000
2020-01-08 00:00:00-05:00,71.63155170295238,73.38642316119072,71.63155170295238,73.0851058959961,132079200
2020-01-09 00:00:00-05:00,74.06137477592067,74.83033706552648,73.81068409472688,74.63749694824219,170108400
2020-01-10 00:00:00-05:00,74.87132551313572,75.370308736383,74.30484750773756,74.80623626708984,140644800
2020-01-13 00:00:00-05:00,75.1220256778742,76.43094632364196,75.0039042885127,76.40442657470703,121532000
2020-01-14 00:00:00-05:00,76.34175230410106,76.5514679630278,75.24977872842311,75.37271118164062,161954400
2020-01-15 00:00:00-05:00,75.17264532410701,76.0524904138791,74.6182170498927,75.0497055053711,121923600
2020-01-16 00:00:00-05:00,75.5920621906251,76.10068954693726,75.23048148138665,75.98979949951172,108829200
2020-01-17 00:00:00-05:00,76.23809509330889,76.83349837052724,75.93195936574989,76.83109283447266,137816400
2020-01-21 00:00:00-05:00,76.459869381581,76.90099467937888,76.17301471865545,76.31041717529297,110843200
2020-01-22 00:00:00-05:00,76.79492300181599,77.13480977194556,76.48878729766383,76.58280181884766,101832400
2020-01-23 00:00:00-05:00,76.63584965719392,77.03117417903718,76.0886526637108,76.95162963867188,104472000
2020-01-24 00:00:00-05:00,77.19746512519868,77.9399074546243,76.53938572501609,76.72982025146484,146537600
2020-01-27 00:00:00-05:00,74.74113029786567,75.15333017904537,73.49247355216795,74.47356414794922,161940000
2020-01-28 00:00:00-05:00,75.35343533999493,76.75154473409874,75.25460237825888,76.58039855957031,162234000
2020-01-29 00:00:00-05:00,78.209907499375,79.02948893915872,77.46987057591716,78.18338775634766,216229200
2020-01-30 00:00:00-05:00,77.26738534868132,78.12312337660362,76.83589699674123,78.0700912475586,126743200
2020-01-31 00:00:00-05:00,77.36138082338869,77.78322490007396,74.31446514624638,74.60855102539062,199588400
2020-02-03 00:00:00-05:00,73.3526878513845,75.56797344941275,72.8512990512171,74.4036865234375,173788400
2020-02-04 00:00:00-05:00,76.00666815397705,77.05043515977154,75.60169956180454,76.86000061035156,136616400
2020-02-05 00:00:00-05:00,77.98570816488551,78.2846198234048,76.8840980954443,77.48673248291016,118826800
2020-02-06 00:00:00-05:00,77.75672634398214,78.39551744527337,77.19989265225486,78.39310455322266,105425600
2020-02-07 00:00:00-05:00,77.89294895065062,78.141823360646,76.83704482888538,77.32754516601562,117684000
2020-02-10 00:00:00-05:00,75.91402717049185,77.69480895996094,75.83429386411699,77.69480895996094,109348800
2020-02-11 00:00:00-05:00,78.19016687181822,78.26265171467769,77.00861231633205,77.22607421875,94323200
2020-02-12 00:00:00-05:00,77.67547849475221,79.06482742202022,77.67547849475221,79.05999755859375,113730400
2020-02-13 00:00:00-05:00,78.33269781258844,78.82319807398167,78.12973294999506,78.49700164794922,94747600
2020-02-14 00:00:00-05:00,78.46558778851511,78.76520890109116,78.00891869878639,78.5163345336914,80113600
2020-02-18 00:00:00-05:00,76.19915236156656,77.25989377012822,76.0179329078446,77.07867431640625,152531200
2020-02-19 00:00:00-05:00,77.32031481331299,78.42454732896218,77.32031481331299,78.19499969482422,93984000
2020-02-20 00:00:00-05:00,77.95576899229526,78.44385067885128,76.88777921917897,77.39277648925781,100566000
2020-02-21 00:00:00-05:00,76.98683382307465,77.42901329626612,75.0248329307541,75.64097595214844,129554000
2020-02-24 00:00:00-05:00,71.82571246698684,73.49775945094957,69.88545691802558,72.04800415039062,222195200
2020-02-25 00:00:00-05:00,72.71729750302329,73.09906307526451,69.13640088272064,69.6075668334961,230673600
2020-02-26 00:00:00-05:00,69.23306562077462,71.9755209333374,69.22581713906433,70.7118148803711,198054800
2020-02-27 00:00:00-05:00,67.92104419759342,69.10500967174747,65.95420576749399,66.08951568603516,320605600
2020-02-28 00:00:00-05:00,62.160671794936235,67.27105731603613,61.94562123770189,66.05084228515625,426510000
2020-03-02 00:00:00-05:00,68.20615048257532,72.83570304979878,67.10433710214947,72.20022583007812,341397200
2020-03-03 00:00:00-05:00,73.37454464911569,73.45427795635602,69.05668336601278,69.90721130371094,319475600
2020-03-04 00:00:00-05:00,71.62759322830975,73.30930768219956,70.82781196815235,73.14983367919922,219178400
2020-03-05 00:00:00-05:00,71.40529829391956,72.37905058025478,70.41221917601806,70.7770767211914,187572800
2020-03-06 00:00:00-05:00,68.13851293457299,70.26965542799252,67.95246362121284,69.83714294433594,226176800
2020-03-09 00:00:00-04:00,63.72884532127841,67.19376061426469,63.54762585590985,64.31358337402344,286744800
2020-03-10 00:00:00-04:00,66.96420578722295,69.21132371848606,65.0867678159455,68.9455337524414,285290000
2020-03-11 00:00:00-04:00,67.02461750309321,67.9500415324096,65.68841908631278,66.551025390625,255598800
2020-03-12 00:00:00-04:00,61.84172741301199,65.23898664623883,59.92321736395271,59.978790283203125,418474000
2020-03-13 00:00:00-04:00,64.00430027982446,67.6359379478289,61.119282212065336,67.16476440429688,370732000
2020-03-16 00:00:00-04:00,58.46139822062626,62.60044826219108,57.9902283526449,58.52422332763672,322423600
2020-03-17 00:00:00-04:00,59.804833950382424,62.24525368604919,57.60362153116066,61.0975341796875,324056000
2020-03-18 00:00:00-04:00,57.934642818544056,60.40647473225053,57.29433197423103,59.60186004638672,300233600
2020-03-19 00:00:00-04:00,59.775834978401704,61.09269547807698,58.62086339938416,59.14519119262695,271857200
2020-03-20 00:00:00-04:00,59.72509749228031,60.84866031438535,55.09071377836536,55.39033126831055,401693200
2020-03-23 00:00:00-04:00,55.110045472758834,55.21152792629808,51.37209184292637,54.2136116027832,336752800
2020-03-24 00:00:00-04:00,57.11070131069981,59.84832336499044,56.61295251663222,59.65260696411133,287531200
2020-03-25 00:00:00-04:00,60.58770393527842,62.39989846973341,59.029217373030974,59.32400131225586,303602000
2020-03-26 00:00:00-04:00,59.565624014727966,62.503792458271775,59.52696298189895,62.445804595947266,252087200
2020-03-27 00:00:00-04:00,61.07095335601888,61.8248250722316,59.69368630258447,59.860408782958984,204216800
2020-03-30 00:00:00-04:00,60.585279571290975,61.740251079824446,60.26149806281595,61.568695068359375,167976400
2020-03-31 00:00:00-04:00,61.759583420299464,63.42438208826982,60.88972867869349,61.443050384521484,197002000
2020-04-01 00:00:00-04:00,59.56078230159109,60.09719207609643,57.78000065964953,58.2100944519043,176218400
2020-04-02 00:00:00-04:00,58.07237254686632,59.23459262853542,57.241178794751,59.181434631347656,165934000
2020-04-03 00:00:00-04:00,58.66677342106095,59.3674871060243,57.741345715951596,58.33091354370117,129880000
2020-04-06 00:00:00-04:00,60.62395293309614,63.5742038908206,60.25668412215434,63.4195671081543,201820400
2020-04-07 00:00:00-04:00,65.43229446081726,65.64976368215225,62.58111162954673,62.68500900268555,202887200
2020-04-08 00:00:00-04:00,63.48477990198321,64.60350888065241,63.119929845723,64.28939819335938,168895200
2020-04-09 00:00:00-04:00,64.92487082512187,65.2558970699064,63.95836739563788,64.75331115722656,161834800
2020-04-13 00:00:00-04:00,64.83066667987022,66.13303426308396,64.23143158956411,66.02429962158203,131022800
2020-04-14 00:00:00-04:00,67.65525160710325,69.64866527052683,67.1840781553046,69.35871124267578,194994800
2020-04-15 00:00:00-04:00,68.23513158350792,69.18471930712683,67.80745652734791,68.72563171386719,131154400
2020-04-16 00:00:00-04:00,69.43845097329417,69.63658597716727,68.22307301485074,69.271728515625,157125200
2020-04-17 00:00:00-04:00,68.78850190508753,69.33457898800233,66.89656632293641,68.33182525634766,215250000
2020-04-20 00:00:00-04:00,67.15992291899424,68.06118282102301,66.89413295001411,66.91345977783203,130015200
2020-04-21 00:00:00-04:00,66.75639235940385,66.99076973874533,64.13475030153334,64.84513092041016,180991600
2020-04-22 00:00:00-04:00,66.11125999851906,67.14783719048366,65.77057396314187,66.7129135131836,116862400
2020-04-23 00:00:00-04:00,66.65734876053877,68.07811050746528,66.41572281375096,66.45438385009766,124814400
2020-04-24 00:00:00-04:00,66.97869281072518,68.38253849821193,66.93036468813068,68.37287139892578,126161200
2020-04-27 00:00:00-04:00,68.09017755648323,68.75223755503086,67.64317552817161,68.42121124267578,117087600
2020-04-28 00:00:00-04:00,68.88271760948632,69.06393705890572,67.22033738750322,67.31214904785156,112004800
2020-04-29 00:00:00-04:00,68.79815533490073,69.99178804731254,68.59519043374839,69.52303314208984,137280800
2020-04-30 00:00:00-04:00,70.06185756526263,71.16608991336996,69.67284332982524,70.98970031738281,183064000
2020-05-01 00:00:00-04:00,69.16541493960355,72.24614521202258,69.06876605288338,69.8468017578125,240616800
2020-05-04 00:00:00-04:00,69.87095242016659,70.96309864089797,69.18231725189493,70.83503723144531,133568000
2020-05-05 00:00:00-04:00,71.2941513796541,72.72941009570229,71.14917433658927,71.8982162475586,147751200
2020-05-06 00:00:00-04:00,72.59891211487862,73.27063178737225,72.21472783850132,72.6399917602539,142333600
2020-05-07 00:00:00-04:00,73.26579854405584,73.73697195261609,72.9637661985266,73.39144134521484,115215200
2020-05-08 00:00:00-04:00,74.05047071308249,75.19160756554702,73.72339119914562,75.1383056640625,133838400
2020-05-11 00:00:00-04:00,74.64647707690482,76.81487886134366,74.43811241092033,76.32063293457031,145946400
2020-05-12 00:00:00-04:00,77.00386673715238,77.45451148487108,75.32729289469059,75.44843292236328,162301200
2020-05-13 00:00:00-04:00,75.62769739388037,76.54836579208815,73.46171369194431,74.53743743896484,200622400
2020-05-14 00:00:00-04:00,73.77667808210235,75.0559160635201,73.05468108965971,74.99534606933594,158929200
2020-05-15 00:00:00-04:00,72.76878686428954,74.5979975896763,72.7348641211466,74.55196380615234,166348400
2020-05-18 00:00:00-04:00,75.87481117448924,76.68160011197014,75.18431187481639,76.30848693847656,135178400
2020-05-19 00:00:00-04:00,76.32547436249678,77.17102926581177,75.83607138413613,75.86756896972656,101729600
2020-05-20 00:00:00-04:00,76.72523721961544,77.41331160943199,76.68647152801736,77.34305572509766,111504800
2020-05-21 00:00:00-04:00,77.20494465969075,77.74523171426733,76.52898139842385,76.76641845703125,102688800
2020-05-22 00:00:00-04:00,76.5047461498377,77.34304019898961,76.4029926993938,77.26066589355469,81803200
2020-05-26 00:00:00-04:00,78.37758347481825,78.5568683167511,76.68162339962899,76.73735046386719,125522000
2020-05-27 00:00:00-04:00,76.59440888025136,77.21706291080646,75.85545038481993,77.07169342041016,112945200
2020-05-28 00:00:00-04:00,76.74704422339656,78.36305531429218,76.47084882755918,77.10562133789062,133560800
2020-05-29 00:00:00-04:00,77.34788086093664,77.80821132778638,76.67434283627068,77.0304946899414,153532400
2020-06-01 00:00:00-04:00,76.9844643152945,78.09895371175787,76.85363105469186,77.97781372070312,80791200
2020-06-02 00:00:00-04:00,77.71131704152964,78.36305089208805,77.2703656270627,78.33882141113281,87642800
2020-06-03 00:00:00-04:00,78.65863382513984,79.03174713400516,78.08684912120862,78.77008056640625,104491200
2020-06-04 00:00:00-04:00,78.59321910796065,78.8912188000404,77.71858439241902,78.0916976928711,87560400
2020-06-05 00:00:00-04:00,78.34124573703636,80.37639642085425,78.31217331772173,80.31582641601562,137250400
2020-06-08 00:00:00-04:00,80.01294059949022,80.82457978001567,79.30306223484457,80.79065704345703,95654400
2020-06-09 00:00:00-04:00,80.47089129660488,83.734396145206,80.43939371025141,83.34190368652344,147712400
2020-06-10 00:00:00-04:00,84.2892200574616,85.95368266276594,83.85069379935202,85.486083984375,166651600
2020-06-11 00:00:00-04:00,84.63082691049463,85.05481691401155,81.28009773597238,81.38185119628906,201662400
2020-06-12 00:00:00-04:00,83.51874266162812,84.26496163650457,80.97480324748997,82.08444213867188,200146000
2020-06-15 00:00:00-04:00,80.73981210877636,83.75135081292053,80.5774812512651,83.09961700439453,138808800
2020-06-16 00:00:00-04:00,85.1517132659384,85.57328542706455,83.51874869015089,85.30192565917969,165428800
2020-06-17 00:00:00-04:00,86.04572836693566,86.10629835837992,85.06207229738494,85.18321228027344,114406400
2020-06-18 00:00:00-04:00,85.13960882948713,85.63386205994001,84.60901508072114,85.2171401977539,96820400
2020-06-19 00:00:00-04:00,85.92216897764727,86.38734236256319,83.62292711838043,84.73014831542969,264476000
2020-06-22 00:00:00-04:00,85.12266086900618,87.08997343752344,85.07662707395669,86.94702911376953,135445200
2020-06-23 00:00:00-04:00,88.18992644325299,90.22023417459731,87.77077935086206,88.80289459228516,212155600
2020-06-24 00:00:00-04:00,88.4321923624518,89.35043555341034,86.86221543627708,87.2353286743164,192623200
2020-06-25 00:00:00-04:00,87.39039728120305,88.43219830369976,86.63205971274161,88.3934326171875,137522400
2020-06-26 00:00:00-04:00,88.2892608623175,88.50973656249651,85.52968795154212,85.67748260498047,205256800
2020-06-29 00:00:00-04:00,85.58540582946648,87.74654657742667,85.10811395697272,87.65205383300781,130646000
2020-06-30 00:00:00-04:00,87.24017383067029,88.66963165860406,87.22079468512266,88.38373565673828,140223200
2020-07-01 00:00:00-04:00,88.46125786012283,89.00396260480164,88.16810117862731,88.216552734375,110737200
2020-07-02 00:00:00-04:00,89.12268481304834,89.75745712558465,88.10268825115901,88.216552734375,114041600
2020-07-06 00:00:00-04:00,89.6435984064739,91.04397648582848,89.61210082402599,90.57637786865234,118655600
2020-07-07 00:00:00-04:00,90.95432807349727,91.73204473813118,90.183879512503,90.29532623291016,112424400
2020-07-08 00:00:00-04:00,91.27171499364255,92.42981301031341,91.18449035546323,92.3983154296875,117092000
2020-07-09 00:00:00-04:00,93.2899001154489,93.34320200495762,91.74900304495738,92.795654296875,125642800
2020-07-10 00:00:00-04:00,92.39106579987347,93.01615241811884,91.78052278573126,92.95800018310547,90257200
2020-07-13 00:00:00-04:00,94.26143682269026,96.86837145256374,92.31592911855529,92.52913665771484,191649200
2020-07-14 00:00:00-04:00,91.91132657887599,94.25175199437801,90.97855460222202,94.06035614013672,170989200
2020-07-15 00:00:00-04:00,95.93316555212387,96.18271360128323,93.5103660869661,94.70722961425781,153198000
2020-07-16 00:00:00-04:00,93.58064343111674,94.39712579079603,92.94344589283693,93.54187774658203,110577600
2020-07-17 00:00:00-04:00,93.99251265271707,94.14756798104436,92.88044113908421,93.35289001464844,92186800
2020-07-20 00:00:00-04:00,93.44013312925429,95.45832232514117,93.09609226760277,95.32022094726562,90318000
2020-07-21 00:00:00-04:00,96.110052433633,96.18515864106797,93.75509057115264,94.004638671875,103433200
2020-07-22 00:00:00-04:00,93.70664633807918,94.94954409881868,93.61942907463074,94.26873779296875,89001600
2020-07-23 00:00:00-04:00,94.00220251459487,94.07973387894577,89.16872158432245,89.97793579101562,197004400
2020-07-24 00:00:00-04:00,88.17779782726093,90.0990762102355,86.3921882418588,89.75503540039062,185438800
2020-07-27 00:00:00-04:00,90.81621759974705,91.97431549086922,90.59332418129368,91.88224792480469,121214000
2020-07-28 00:00:00-04:00,91.45343048257014,91.63029754160469,90.36801343757494,90.37286376953125,103625600
2020-07-29 00:00:00-04:00,90.85498286396583,92.28928344671583,90.81864234957972,92.10514831542969,90329200
2020-07-30 00:00:00-04:00,91.27897773393107,93.32382125064892,90.87194916313929,93.21964263916016,158130000
2020-07-31 00:00:00-04:00,99.70789639582766,103.12888823385559,97.71150450591125,102.97867584228516,374336800
2020-08-03 00:00:00-04:00,104.85878026409463,108.19013023936542,104.56078059833798,105.5735092163086,308151200
2020-08-04 00:00:00-04:00,105.76249918664718,107.36881693797415,105.04050204922461,106.27855682373047,173071600
2020-08-05 00:00:00-04:00,105.99992015103618,106.98357631299436,105.53473931977294,106.66376495361328,121776800
2020-08-06 00:00:00-04:00,106.99570525966352,110.87945383007707,106.40696656350907,110.38520050048828,202428800
2020-08-07 00:00:00-04:00,109.9070500983417,110.36335897935025,107.0794001665455,107.8755111694336,198045600
2020-08-10 00:00:00-04:00,109.31964772784534,110.46041967667294,106.79539443179243,109.44343566894531,212403600
2020-08-11 00:00:00-04:00,108.70800016951561,109.20556664025784,105.92888988244533,106.1885986328125,187902400
2020-08-12 00:00:00-04:00,107.27840393895296,109.97499163666492,107.08423344754698,109.71771240234375,165598000
2020-08-13 00:00:00-04:00,111.09632674056478,112.66185296122792,110.60846363412838,111.65943145751953,210082000
2020-08-14 00:00:00-04:00,111.48470252378944,111.64974819993897,109.75170070282874,111.55994415283203,165565200
2020-08-17 00:00:00-04:00,112.68129051352851,112.70556367842538,110.64247058340116,111.2686767578125,119561600
2020-08-18 00:00:00-04:00,111.02111317320909,112.62061629597079,110.68616274132592,112.19586181640625,105633600
2020-08-19 00:00:00-04:00,112.60362178027331,113.74924556112234,112.24197605902953,112.33663177490234,145538000
2020-08-20 00:00:00-04:00,112.37788158405773,114.94340001045877,112.36088962986535,114.8293228149414,126907200
2020-08-21 00:00:00-04:00,115.78805492165831,121.22976923366335,115.77592204362502,120.74676513671875,338054800
2020-08-24 00:00:00-04:00,124.9481850882098,125.03314486284968,120.32686221834298,122.19092559814453,345937600
2020-08-25 00:00:00-04:00,121.06473415847236,121.53317587987507,119.46765321039159,121.18851470947266,211495600
2020-08-26 00:00:00-04:00,122.50401940268071,123.29284897570295,121.43848913169968,122.83654022216797,163022400
2020-08-27 00:00:00-04:00,123.43850794155522,123.77102883487844,120.22493186903937,121.36813354492188,155552400
2020-08-28 00:00:00-04:00,122.3414135230096,122.75888676117691,120.94822130817289,121.17152404785156,187630000
2020-08-31 00:00:00-04:00,123.86325036863211,127.18361471555613,122.32927827603109,125.28070831298828,225702700
2020-09-01 00:00:00-04:00,128.8923509024096,130.87292869764627,126.72732074484928,130.27098083496094,151948100
2020-09-02 00:00:00-04:00,133.58164753272405,133.96028524180616,123.3001648971193,127.57197570800781,200119000
2020-09-03 00:00:00-04:00,123.21278063679146,125.08654753719104,116.98951728236517,117.35844421386719,257599600
2020-09-04 00:00:00-04:00,116.57200225201848,120.09624685163348,107.65944275365602,117.43607330322266,332607200
2020-09-08 00:00:00-04:00,110.63033399373361,115.52350643380636,109.39733569135389,109.53325653076172,231366600
2020-09-09 00:00:00-04:00,113.8438880955757,115.66911573534202,111.90215372713668,113.90213775634766,176940500
2020-09-10 00:00:00-04:00,116.85357611251904,116.98949692716701,109.22255937183643,110.1837158203125,182274400
2020-09-11 00:00:00-04:00,111.23227329257654,111.87304930648419,106.79540974753245,108.73714447021484,180860300
2020-09-14 00:00:00-04:00,111.377905426981,112.55265405113641,109.51384186173257,111.99925994873047,140150100
2020-09-15 00:00:00-04:00,114.88272413305843,115.36815776085928,110.30022950147779,112.17400360107422,184642000
2020-09-16 00:00:00-04:00,111.8730523722857,112.62061700186764,108.77598303445264,108.86335754394531,154679000
2020-09-17 00:00:00-04:00,106.52355532978139,108.93130194991431,105.54297733812126,107.12548828125,178011000
2020-09-18 00:00:00-04:00,107.18374764280628,107.64975978247199,102.99930468969426,103.72745513916016,287104900
2020-09-21 00:00:00-04:00,101.49446425369291,106.97986575435861,100.0964130289504,106.8730697631836,195713800
2020-09-22 00:00:00-04:00,109.39731520243424,109.57207159281869,105.97986595474057,108.55265808105469,183055400
2020-09-23 00:00:00-04:00,108.36823233583739,108.84395533385234,103.65951906471085,103.99932861328125,150718700
2020-09-24 00:00:00-04:00,102.1060976756968,107.03810463761715,101.94105203582586,105.06724548339844,167743300
2020-09-25 00:00:00-04:00,105.27114215532431,109.16432212155291,104.53328092968297,109.00897979736328,149981400
2020-09-28 00:00:00-04:00,111.65945483814875,111.96042134324223,109.49441741099088,111.61090850830078,137672400
2020-09-29 00:00:00-04:00,111.21287142269765,111.95072536524631,110.26141804491623,110.76626586914062,99382200
2020-09-30 00:00:00-04:00,110.47498574403602,113.84389630124348,110.30994008853341,112.4361343383789,142675200
2020-10-01 00:00:00-04:00,114.21285493254106,114.2905261121738,112.45558708435615,113.38761901855469,116120400
2020-10-02 00:00:00-04:00,109.6011992914294,112.00895324338501,108.95072003519334,109.72740936279297,144712000
2020-10-05 00:00:00-04:00,110.59147581245446,113.25164961401181,110.24196306105239,113.10601806640625,106243800
2020-10-06 00:00:00-04:00,112.32935419932602,112.73712413305032,108.97986466252809,109.86335754394531,161498200
2020-10-07 00:00:00-04:00,111.2808188977388,112.18372583418271,110.80508856065056,111.7274169921875,96849000
2020-10-08 00:00:00-04:00,112.86332975388186,113.0089613382161,111.25168639294162,111.62062072753906,83477200
2020-10-09 00:00:00-04:00,111.92157933161523,113.59147224549314,111.57206651675105,113.56234741210938,100506900
2020-10-12 00:00:00-04:00,116.56232621166858,121.53316947743221,115.80505089927543,120.77589416503906,240226800
2020-10-13 00:00:00-04:00,121.62052821230519,121.73703494031142,116.16425940876682,117.57201385498047,262330500
2020-10-14 00:00:00-04:00,117.47494141501437,119.4458008172495,116.1351472290792,117.65940856933594,150712000
2020-10-15 00:00:00-04:00,115.26136605608602,117.66911279151616,114.70797199610067,117.19338989257812,112559200
2020-10-16 00:00:00-04:00,117.74677427764382,118.00891257285697,115.34873107903783,115.5526123046875,115393800
2020-10-19 00:00:00-04:00,116.46522044416251,116.91181843671082,112.29049621444842,112.6011734008789,120639300
2020-10-20 00:00:00-04:00,112.81477533834804,115.513792607474,112.2613812832418,114.08661651611328,124423700
2020-10-21 00:00:00-04:00,113.27107784719725,115.25164788351834,113.05748587164362,113.46525573730469,89946000
2020-10-22 00:00:00-04:00,114.02837075211397,114.60118635769001,111.25168945435153,112.37789916992188,101988000
2020-10-23 00:00:00-04:00,112.99925284491812,113.15459517987493,110.95072209723901,111.68858337402344,82572600
2020-10-26 00:00:00-04:00,110.688585063703,113.15458894171616,109.59150025316038,111.69828796386719,111850700
2020-10-27 00:00:00-04:00,112.12545415431511,113.86330738232272,111.203133250019,113.20311737060547,92276800
2020-10-28 00:00:00-04:00,111.69829454102945,112.06722147724142,107.86336396260268,107.96044921875,143937800
2020-10-29 00:00:00-04:00,109.09636307884779,113.52351567412646,108.93131000553764,111.96041870117188,146129200
2020-10-30 00:00:00-04:00,107.82449561822492,108.72740229961097,104.58180312392899,105.68859100341797,190272600
2020-11-02 00:00:00-05:00,105.93134082759394,107.45560232371076,104.19348732192323,105.60124206542969,122866900
2020-11-03 00:00:00-05:00,106.46532742335162,108.24200921576619,105.56242040449504,107.22260284423828,107624400
2020-11-04 00:00:00-05:00,110.8147809731129,112.22253544210156,109.07692780633057,111.60118103027344,138235500
2020-11-05 00:00:00-05:00,114.51380126430563,116.1351553723964,113.46527015302647,115.56233978271484,126387100
2020-11-06 00:00:00-05:00,115.07122503446419,115.9270597389854,112.94135464559444,115.43106842041016,114457900
2020-11-09 00:00:00-05:00,117.19134868504119,118.64043465344767,112.86353836131654,113.1261215209961,154515300
2020-11-10 00:00:00-05:00,112.37726248118744,114.36124218625869,110.99624681601809,112.78572845458984,138023400
2020-11-11 00:00:00-05:00,113.97224059958567,116.3452388928094,113.24283383562194,116.2090835571289,112295000
2020-11-12 00:00:00-05:00,116.33552114136147,117.22053084100786,115.31434868339849,115.93677520751953,103162300
2020-11-13 00:00:00-05:00,116.16047817324268,116.38415879232042,114.6335867503118,115.98542022705078,81581900
2020-11-16 00:00:00-05:00,115.65472831052979,117.66789057082231,114.90587400574458,116.99684143066406,91183000
2020-11-17 00:00:00-05:00,116.26742672482064,117.35666927518157,115.6936229499769,116.11181640625,74271000
2020-11-18 00:00:00-05:00,115.35323797332128,116.53001321672764,114.75998660153422,114.7891616821289,76322100
2020-11-19 00:00:00-05:00,114.36124340716778,115.7908817492475,113.60266161420516,115.38241577148438,74113000
2020-11-20 00:00:00-05:00,115.38242633677936,115.50885417388024,114.06949561951376,114.11811828613281,73604300
2020-11-23 00:00:00-05:00,113.96248988252185,114.39041080457727,110.6266699980908,110.72392272949219,127959300
2020-11-24 00:00:00-05:00,110.78228497711366,112.66901178958845,109.49852215679763,112.00768280029297,113874200
2020-11-25 00:00:00-05:00,112.37726193090761,113.54430968345936,112.00769112066959,112.84407806396484,76499200
2020-11-27 00:00:00-05:00,113.36925481147574,114.26399194036229,113.02886649286769,113.38870239257812,46691300
2020-11-30 00:00:00-05:00,113.75826127961471,117.64843004399634,113.60265096748358,115.7811508178711,169410200
2020-12-01 00:00:00-05:00,117.68734871878834,120.07980194572332,116.71480639467286,119.35039520263672,127728200
2020-12-02 00:00:00-05:00,118.66961579736986,119.98255392256038,117.57064559900594,119.70051574707031,89004200
2020-12-03 00:00:00-05:00,120.12843050881996,120.38129360308123,118.85440237603919,119.56436157226562,78967600
2020-12-04 00:00:00-05:00,119.23368360656494,119.48654668025314,118.18333614962214,118.89329528808594,78260400
2020-12-07 00:00:00-05:00,118.9516334233034,121.14958086023294,118.8932832660097,120.35209655761719,86712000
2020-12-08 00:00:00-05:00,120.95509315138429,121.54834457068203,119.71023272701726,120.96481323242188,82225500
2020-12-09 00:00:00-05:00,121.11067878997038,122.49168693103906,117.67760601650876,118.43618774414062,115089200
2020-12-10 00:00:00-05:00,117.19133836507719,120.46880834155796,116.85095006957522,119.8561019897461,81312200
2020-12-11 00:00:00-05:00,119.06835963048555,119.38930038520903,117.23998269251022,119.04891204833984,86939800
2020-12-14 00:00:00-05:00,119.23367205010081,119.96307869896347,118.20277969407886,118.43618774414062,79184500
2020-12-15 00:00:00-05:00,120.92590514212858,124.3881607505194,120.72167215100104,124.36870574951172,157243700
2020-12-16 00:00:00-05:00,123.91161767905837,124.84524997430788,123.08495079030278,124.30062866210938,98208600
2020-12-17 00:00:00-05:00,125.3606965932024,126.02203307421959,124.52430962121518,125.16619110107422,94359800
2020-12-18 00:00:00-05:00,125.41905534776451,125.5552106694522,122.65703149372492,123.18220520019531,192541500
2020-12-21 00:00:00-05:00,121.5872462655349,124.78691161724761,120.06035501087901,124.7091064453125,121251600
2020-12-22 00:00:00-05:00,127.99627481697722,130.71939584455194,126.09008564573021,128.2588653564453,168904800
2020-12-23 00:00:00-05:00,128.53116034106085,128.79373600877426,127.1890475690477,127.3641128540039,88223700
2020-12-24 00:00:00-05:00,127.71425848740788,129.79549835924004,127.50029800003861,128.34640502929688,54930100
2020-12-28 00:00:00-05:00,130.31093707619408,133.56894460120503,129.8441061270866,132.93679809570312,124486200
2020-12-29 00:00:00-05:00,134.25948649182007,134.97915839822994,130.6513475184492,131.1667938232422,121047300
2020-12-30 00:00:00-05:00,131.85726886914946,132.25601471943688,129.73711922699422,130.04833984375,96452100
2020-12-31 00:00:00-05:00,130.39843312807264,131.04031440956527,128.10323341470374,129.04660034179688,99116600
2021-01-04 00:00:00-05:00,129.85384635373498,129.94137159533847,123.27945861661561,125.85669708251953,143301900
2021-01-05 00:00:00-05:00,125.35100302677368,128.12275510528912,124.90362694441386,127.41278839111328,97664900
2021-01-06 00:00:00-05:00,124.21309795786028,127.45166544679954,122.90988747820573,123.12384796142578,155088000
2021-01-07 00:00:00-05:00,124.83553507837492,128.0157526782517,124.34926390945633,127.32524108886719,109578200
2021-01-08 00:00:00-05:00,128.79375026318803,128.9882705657379,126.65416049347947,128.4241943359375,105158200
2021-01-11 00:00:00-05:00,125.64273221772613,126.595819441527,124.97167570919714,125.43849182128906,100384500
2021-01-12 00:00:00-05:00,124.97166974271053,126.1289973076945,123.376701166046,125.26343536376953,91951100
2021-01-13 00:00:00-05:00,125.22450882511869,127.84064931000806,124.96193315668431,127.29602813720703,88636800
2021-01-14 00:00:00-05:00,127.20850335964174,127.40300880206377,125.22450926342061,125.37039947509766,90221800
2021-01-15 00:00:00-05:00,125.24397825437474,126.64444134000357,123.51285439569902,123.64900970458984,111598500
2021-01-19 00:00:00-05:00,124.27145353534586,125.1759255883475,123.45452156734409,124.32008361816406,90757300
2021-01-20 00:00:00-05:00,125.127277070296,128.85211530015263,125.02029683978466,128.4047393798828,104319500
2021-01-21 00:00:00-05:00,130.1261500695179,135.83496806730975,129.92190967683482,133.11184692382812,120150900
2021-01-22 00:00:00-05:00,132.53807846792435,136.01006199526975,131.31268037347158,135.25148010253906,114459400
2021-01-25 00:00:00-05:00,139.1416483205631,141.106173284309,132.79093279458516,138.99575805664062,157611700
2021-01-26 00:00:00-05:00,139.6570621664172,140.33783872046894,137.48828243304504,139.22914123535156,98390600
2021-01-27 00:00:00-05:00,139.4917564593141,140.33787848176394,136.55468894542827,138.1593780517578,140843800
2021-01-28 00:00:00-05:00,135.68913749731348,138.09131872574878,132.94656044856208,133.3258514404297,142621100
2021-01-29 00:00:00-05:00,132.1004504499765,132.98546769252428,126.63476631172155,128.3367156982422,177523800
2021-02-01 00:00:00-05:00,130.07752674070377,131.66277536673383,127.3349504556567,130.45681762695312,106239800
2021-02-02 00:00:00-05:00,132.00314951845078,132.56722577893618,130.9139069960329,131.28347778320312,83305400
2021-02-03 00:00:00-05:00,132.0322866567034,132.0420215734524,129.94132744974428,130.26226806640625,89880900
2021-02-04 00:00:00-05:00,132.55753183488522,133.62731956895118,130.8944778045398,133.6175994873047,84183100
2021-02-05 00:00:00-05:00,133.77826657108233,133.84643851699295,132.32700815681875,133.20359802246094,75693800
2021-02-08 00:00:00-05:00,132.49258030251252,133.39840366543814,131.41144491824002,133.34970092773438,71297200
2021-02-09 00:00:00-05:00,133.06723649739686,134.29448011812482,132.31727079805114,132.4730987548828,76774200
2021-02-10 00:00:00-05:00,132.93089894279558,133.42764614924684,130.9049865610518,131.86924743652344,73046600
2021-02-11 00:00:00-05:00,132.36597838425936,132.84324151471785,130.29137814000228,131.6160125732422,64280000
2021-02-12 00:00:00-05:00,130.8563275721737,132.0056353585524,130.21348684657468,131.84979248046875,60145100
2021-02-16 00:00:00-05:00,131.96663266193272,132.47309953309198,129.33683338034655,129.7264404296875,80576300
2021-02-17 00:00:00-05:00,127.83692569620267,128.78170264078364,126.10321467381557,127.43758392333984,97918500
2021-02-18 00:00:00-05:00,125.84021263400942,126.61941198787154,124.09676726976038,126.33695983886719,96856700
2021-02-19 00:00:00-05:00,126.85317866159306,127.31095773335569,125.45062277040475,126.49279022216797,87668800
2021-02-22 00:00:00-05:00,124.68115232492676,126.34669108531578,122.33382715227125,122.72342681884766,103916400
2021-02-23 00:00:00-05:00,120.54168521506156,123.41496896895947,115.31132670254333,122.58707427978516,158273000
2021-02-24 00:00:00-05:00,121.69102056156322,122.29489311702532,119.05149320550255,122.0903549194336,111039900
2021-02-25 00:00:00-05:00,121.43777330096201,123.17148430278391,117.40543205845579,117.8437271118164,148199500
2021-02-26 00:00:00-05:00,119.40211317040608,121.6033452358005,118.04825992472897,118.10670471191406,164560400
2021-03-01 00:00:00-05:00,120.53195302229754,124.60325484384613,119.5969181572381,124.4668960571289,116307900
2021-03-02 00:00:00-05:00,125.07077944616279,125.3727157063762,121.75919289657611,121.8663330078125,102260900
2021-03-03 00:00:00-05:00,121.56438254510716,122.44098002866822,118.6716145648539,118.88589477539062,112966300
2021-03-04 00:00:00-05:00,118.583971529586,120.38586201324064,115.53536779088374,117.00609588623047,178155000
2021-03-05 00:00:00-05:00,117.83397451469976,118.76900926850234,114.51264641529035,118.26252746582031,153766600
2021-03-08 00:00:00-05:00,117.7852730985796,117.85345248459532,113.18801326724598,113.33411407470703,154376600
2021-03-09 00:00:00-05:00,115.93468039958287,118.88588550494669,115.70092356585985,117.94110870361328,129525800
2021-03-10 00:00:00-05:00,118.52552453136408,118.99303824849771,116.34376908141869,116.85999298095703,111943300
2021-03-11 00:00:00-05:00,119.35340180320566,120.00597696289303,118.10668883216246,118.78848266601562,103026500
2021-03-12 00:00:00-05:00,117.26907585524096,118.01904922400895,116.0613233493951,117.8826904296875,88105100
2021-03-15 00:00:00-04:00,118.25279852383531,120.77544332973144,117.28853761790177,120.76570129394531,92403800
2021-03-16 00:00:00-04:00,122.43123557963636,123.91171295180644,121.47672411823375,122.30461883544922,115227900
2021-03-17 00:00:00-04:00,120.82416526324258,122.58709503966791,119.15862613615897,121.51570129394531,111932600
2021-03-18 00:00:00-04:00,119.68454802673601,119.97674960924601,117.19112226503158,117.39566040039062,121229700
2021-03-19 00:00:00-04:00,116.78206442899135,118.27227638684158,116.56778422545804,116.86972045898438,185549500
2021-03-22 00:00:00-04:00,117.20088106018801,120.6488260443175,117.13270167198472,120.18130493164062,111912300
2021-03-23 00:00:00-04:00,120.12287382459728,121.0092059173222,118.96381673388366,119.3534164428711,95467100
2021-03-24 00:00:00-04:00,119.62612832333967,119.70404974763237,116.94764066899515,116.96711730957031,88530500
2021-03-25 00:00:00-04:00,116.43143354135354,118.49630686413842,115.9054750318424,117.4541244506836,98844700
2021-03-26 00:00:00-04:00,117.22036947257719,118.32098926109825,115.82755546141085,118.0580062866211,94071200
2021-03-29 00:00:00-04:00,118.4865630734955,119.39237925463331,117.59048892877756,118.23332214355469,80819200
2021-03-30 00:00:00-04:00,116.98661215897457,117.26907177481125,115.76911765846987,116.78207397460938,85671900
2021-03-31 00:00:00-04:00,118.48657394561577,120.3079410804402,117.9995761138878,118.97357177734375,118323800
2021-04-01 00:00:00-04:00,120.44429326652572,120.95076768283118,119.30471282559485,119.80145263671875,75089100
2021-04-05 00:00:00-04:00,120.6488353850815,122.87928615898178,119.86963594729222,122.62604522705078,88651200
2021-04-06 00:00:00-04:00,123.21045341308864,123.82406801579717,122.38255857200649,122.92799377441406,80171300
2021-04-07 00:00:00-04:00,122.55788761739583,124.59353517817296,121.88582816862353,124.57405853271484,83466700
2021-04-08 00:00:00-04:00,125.59670985066151,126.9992656715053,125.17789894243262,126.97004699707031,88844600
2021-04-09 00:00:00-04:00,126.42467413975899,129.58041142763508,126.10325370080896,129.5414581298828,106686700
2021-04-12 00:00:00-04:00,129.07396138117724,129.3953818627952,127.23310943154726,127.8272476196289,91420000
2021-04-13 00:00:00-04:00,128.99597765783932,131.15824904554103,128.49923039780398,130.93421936035156,91266500
2021-04-14 00:00:00-04:00,131.43094899145666,131.48938634080065,128.2362450900617,128.59661865234375,87222800
2021-04-15 00:00:00-04:00,130.3400706375454,131.48937806764056,130.16474373855363,131.00238037109375,89347100
2021-04-16 00:00:00-04:00,130.8076234498389,131.16799709740084,129.81414368991753,130.6712646484375,84922400
2021-04-19 00:00:00-04:00,130.03815636501255,131.9471944147541,129.8725788847892,131.3335723876953,94264200
2021-04-20 00:00:00-04:00,131.50889480005515,132.0056272235911,128.38236227240412,129.6485595703125,94812300
2021-04-21 00:00:00-04:00,128.91804235349915,130.27189547649485,127.88560952240783,130.0283966064453,68847100
2021-04-22 00:00:00-04:00,129.58034294411806,130.66147844484067,127.99274053029319,128.5089569091797,84566500
2021-04-23 00:00:00-04:00,128.72326849315886,131.60628729046172,128.72326849315886,130.8271026611328,78657500
2021-04-26 00:00:00-04:00,131.3237996328013,131.54781441014728,130.0868213316481,131.21665954589844,66905100
2021-04-27 00:00:00-04:00,131.49915149684074,131.88875868630524,130.62256132903624,130.89527893066406,66015800
2021-04-28 00:00:00-04:00,130.81735115204378,131.50889459107745,129.61934068424674,130.10633850097656,107760100
2021-04-29 00:00:00-04:00,132.92119413868548,133.50559750247544,129.00572727008065,130.00894165039062,151101000
2021-04-30 00:00:00-04:00,128.3530983774782,130.08680880809916,127.66157004294367,128.0414276123047,109839500
2021-05-03 00:00:00-04:00,128.60637073689202,130.58359545105438,128.401839986388,129.09336853027344,75135100
2021-05-04 00:00:00-04:00,127.77847859118502,128.07068022860358,123.40523322106765,124.52532958984375,137564700
2021-05-05 00:00:00-04:00,125.84022317213565,127.05771762012843,124.64221279666873,124.76883697509766,84000900
2021-05-06 00:00:00-04:00,124.56430537762937,126.37593791446682,123.82406658932013,126.36620330810547,78128300
2021-05-07 00:00:00-04:00,127.66381362314827,128.06381882504127,126.3271629457147,127.03939819335938,78973300
2021-05-10 00:00:00-04:00,126.25885342470616,126.38567778466182,123.72215780429457,123.76118469238281,88071200
2021-05-11 00:00:00-04:00,120.4927732833166,123.19532046962064,119.78054551827158,122.8440933227539,126142800
2021-05-12 00:00:00-04:00,120.39522003263365,121.60502403427476,119.27322096428664,119.78055572509766,112172300
2021-05-13 00:00:00-04:00,121.54646856304096,123.07823863645709,121.23426088704589,121.92697143554688,105861300
2021-05-14 00:00:00-04:00,123.17581868284023,124.7758841676664,122.7855571745272,124.34659576416016,81918000
2021-05-17 00:00:00-04:00,123.73192293508849,123.83924502210618,122.12209907344122,123.1953125,74244600
2021-05-18 00:00:00-04:00,123.4782434793631,123.89777321547987,121.74158792545293,121.80988311767578,63342900
2021-05-19 00:00:00-04:00,120.16106519010208,121.8782039395482,119.86836719410006,121.65380859375,92612000
2021-05-20 00:00:00-04:00,122.1806452374261,124.61001150333645,122.05380598133526,124.20999145507812,76857100
2021-05-21 00:00:00-04:00,124.70757329750661,124.88319058200729,122.16112639405591,122.37577056884766,79295400
2021-05-24 00:00:00-04:00,122.94164165492356,124.82464619337513,122.87334646207267,124.00509643554688,63092900
2021-05-25 00:00:00-04:00,124.70757079826137,125.19540319531397,123.24409593795775,123.80997467041016,72009500
2021-05-26 00:00:00-04:00,123.86850677372105,124.28803651614747,123.34165494995638,123.76118469238281,56575900
2021-05-27 00:00:00-04:00,123.36118872845968,124.5319657543007,122.03430412924318,122.22943115234375,94625600
2021-05-28 00:00:00-04:00,122.51236002849775,122.736762785055,121.51720038633076,121.57573699951172,71311100
2021-06-01 00:00:00-04:00,122.03429182182089,122.29771402080185,120.92205152635813,121.25376892089844,67637100
2021-06-02 00:00:00-04:00,121.25377238108098,122.19039542274523,121.02937706510446,122.01477813720703,59278900
2021-06-03 00:00:00-04:00,121.64404739693522,121.80990611741935,120.13178685609535,120.53180694580078,76229200
2021-06-04 00:00:00-04:00,121.04890215666704,123.08801464449839,120.83425795335646,122.8245849609375,75169300
2021-06-07 00:00:00-04:00,123.09775754946514,123.24410653680496,121.7903901347652,122.83433532714844,71057600
2021-06-08 00:00:00-04:00,123.51728685562117,125.33200387040455,123.13678395621102,123.65387725830078,74403800
2021-06-09 00:00:00-04:00,124.11241656746353,124.63926837987677,123.43921578877699,124.03436279296875,56877900
2021-06-10 00:00:00-04:00,123.92703729774797,125.06855324831824,122.8733411455855,123.03919982910156,71186400
2021-06-11 00:00:00-04:00,123.44899075181716,124.33683580636276,123.02946096276283,124.2490234375,53522400
2021-06-14 00:00:00-04:00,124.7076153772233,127.36137781990277,123.9758776854988,127.30284118652344,96906500
2021-06-15 00:00:00-04:00,126.77595907590421,127.4198916269695,126.23934861668313,126.48326110839844,62746300
2021-06-16 00:00:00-04:00,127.19545621391383,127.70279826458582,125.33197646072955,126.9808120727539,91815000
2021-06-17 00:00:00-04:00,126.63935317228925,129.32239025268845,126.49299676283543,128.5808868408203,96721700
2021-06-18 00:00:00-04:00,127.52721480091387,128.30772287123602,127.06865812161917,127.2833023071289,108953300
2021-06-21 00:00:00-04:00,127.1271913132279,129.18581330080102,126.063736441913,129.0784912109375,79663300
2021-06-22 00:00:00-04:00,128.91263161271146,130.8151460223462,128.4150406144124,130.7175750732422,74783600
2021-06-23 00:00:00-04:00,130.51271488266488,131.0493254021088,129.98585550457855,130.4444122314453,60214200
2021-06-24 00:00:00-04:00,131.1761533209972,131.36152922245495,129.69316099657445,130.16148376464844,68711000
2021-06-25 00:00:00-04:00,130.21025787505408,130.6297802366699,129.5760764313894,129.8687744140625,70783700
2021-06-28 00:00:00-04:00,130.1614721527149,131.9566646084623,130.1029355337376,131.49810791015625,62111300
2021-06-29 00:00:00-04:00,131.51760238370522,133.16645300747723,131.0785629298999,133.01034545898438,64556100
2021-06-30 00:00:00-04:00,132.85424351014055,134.06405473109936,132.5615455661884,133.62501525878906,63261400
2021-07-01 00:00:00-04:00,133.27380646927242,133.98602685703514,132.45424909031448,133.927490234375,52485800
2021-07-02 00:00:00-04:00,134.5421050302235,136.59097561940857,134.3957635112395,136.5519561767578,78852600
2021-07-06 00:00:00-04:00,136.65928383502748,139.66427232062847,136.65928383502748,138.56179809570312,108181800
2021-07-07 00:00:00-04:00,140.04478004189397,141.36191336128311,139.1862182535438,141.04971313476562,104911600
2021-07-08 00:00:00-04:00,138.13250812343543,140.5521155930635,137.2446631833098,139.75209045410156,105575500
2021-07-09 00:00:00-04:00,139.27404907544525,142.10342835570765,139.17647811244083,141.5765838623047,99890800
2021-07-12 00:00:00-04:00,142.64979816390084,142.75712026323748,140.49360503622404,140.98143005371094,76299700
2021-07-13 00:00:00-04:00,140.52287651879445,143.8693639556699,140.1326224508896,142.0936737060547,100827100
2021-07-14 00:00:00-04:00,144.49375275658443,145.92795926693185,144.08396670742601,145.51817321777344,127050800
2021-07-15 00:00:00-04:00,145.6059747770822,146.3474632313837,143.50831887175875,144.86447143554688,106820300
2021-07-16 00:00:00-04:00,144.84498071759424,146.11331359035626,142.32780236268064,142.82537841796875,93251400
2021-07-19 00:00:00-04:00,140.24968646910114,140.56190161268026,138.2203326975493,138.98133850097656,121434600
2021-07-20 00:00:00-04:00,139.9667464752501,143.5181116494979,139.47892150687957,142.5912322998047,96350000
2021-07-21 00:00:00-04:00,141.9863363279922,142.57173225410514,141.10825732605966,141.8594970703125,74993500
2021-07-22 00:00:00-04:00,142.3863736933565,144.59133749363102,142.25953442025497,143.22543334960938,77338200
2021-07-23 00:00:00-04:00,143.95716474814094,145.0986734955369,143.34250046599004,144.94256591796875,71447400
2021-07-26 00:00:00-04:00,144.6596522812441,146.181664137203,144.10352454843763,145.36212158203125,72434100
2021-07-27 00:00:00-04:00,145.48895126026883,145.57677109148528,142.0058878307222,143.19618225097656,104818600
2021-07-28 00:00:00-04:00,141.283848347971,143.39125553651849,139.0691190835095,141.44970703125,118931200
2021-07-29 00:00:00-04:00,141.16680912935195,142.9815188308623,141.05948702759235,142.0936737060547,56699500
2021-07-30 00:00:00-04:00,140.86436116386733,142.7668758133756,140.60093147786202,142.30831909179688,70440600
2021-08-02 00:00:00-04:00,142.79610475580563,143.37173456258094,141.7131328866216,141.9765625,62880000
2021-08-03 00:00:00-04:00,142.25954411950144,144.43523975697417,141.64487976916462,143.7718048095703,64786600
2021-08-04 00:00:00-04:00,143.68399557594776,144.19132291330385,142.71809660960577,143.3717803955078,56368300
2021-08-05 00:00:00-04:00,143.40104166770632,144.2401013148973,142.61076750096896,143.47909545898438,46397700
2021-08-06 00:00:00-04:00,143.0002897194494,143.74288917370467,142.296768169296,142.7950897216797,54126800
2021-08-09 00:00:00-04:00,142.8537292225246,143.34228507821692,142.18930041536296,142.74624633789062,48908700
2021-08-10 00:00:00-04:00,143.0882569205625,144.32919310328901,141.9743500451473,142.26748657226562,69023100
2021-08-11 00:00:00-04:00,142.7071837820295,143.36184690994065,142.19908146277635,142.5215301513672,48493500
2021-08-12 00:00:00-04:00,142.8439937943236,145.63853447846216,142.50199865892714,145.48219299316406,72282600
2021-08-13 00:00:00-04:00,145.56036386786354,146.0196076628779,144.87638850599475,145.68739318847656,59375000
2021-08-16 00:00:00-04:00,145.1401675406519,147.72952253031957,143.1175540441941,147.66111755371094,103296000
2021-08-17 00:00:00-04:00,146.7915040599331,148.20831321235303,145.67759718518755,146.75242614746094,92229700
2021-08-18 00:00:00-04:00,146.37133747643588,147.2702784625577,142.8048707810112,143.01007080078125,86326000
2021-08-19 00:00:00-04:00,141.71052547158095,144.61254875765684,141.19265740190144,143.34230041503906,86960300
2021-08-20 00:00:00-04:00,144.0653382889344,145.10107421090675,143.42044104748524,144.7981719970703,60549600
2021-08-23 00:00:00-04:00,144.91542102572143,146.75239563031982,144.50503593715925,146.28338623046875,60131800
2021-08-24 00:00:00-04:00,146.02937310982574,147.40710449199298,145.73623655262395,146.1954803466797,48606400
2021-08-25 00:00:00-04:00,146.3811188443998,146.8794554129226,144.41712946066949,144.9643096923828,58991300
2021-08-26 00:00:00-04:00,144.95457445829595,145.7069399805224,144.13378902838653,144.16310119628906,48597200
2021-08-27 00:00:00-04:00,144.10443150378484,145.34536755607812,143.4693148530707,145.1988067626953,55802400
2021-08-30 00:00:00-04:00,145.58963083933705,149.976867364279,145.2085579053338,149.61532592773438,90956700
2021-08-31 00:00:00-04:00,149.16586282859998,149.30265785841414,147.82720977662575,148.3548583984375,86453100
2021-09-01 00:00:00-04:00,149.33198527371385,151.43276949828842,148.8531951656688,149.01930236816406,80313700
2021-09-02 00:00:00-04:00,150.34815971820325,151.1787105563669,148.91180444862712,150.13319396972656,71115500
2021-09-03 00:00:00-04:00,150.24072279818162,151.09082030337387,149.5860596037749,150.76837158203125,57808700
2021-09-07 00:00:00-04:00,151.4230043452141,153.66058362239795,150.8562777588282,153.1036376953125,82278300
2021-09-08 00:00:00-04:00,153.38699333617137,153.44561765373206,150.4556581818044,151.55979919433594,74420200
2021-09-09 00:00:00-04:00,151.93112186962642,152.53692642541913,150.42636132134103,150.5436248779297,57305700
2021-09-10 00:00:00-04:00,151.45233157203938,151.92134106933233,145.2965241455898,145.5603485107422,140893200
2021-09-13 00:00:00-04:00,147.18232700871462,147.9542386226374,145.3453524055779,146.12704467773438,102404300
2021-09-14 00:00:00-04:00,146.9087519585389,147.61227358439965,143.5474852815467,144.7297821044922,109296300
2021-09-15 00:00:00-04:00,145.1596986106003,146.01956159972383,143.01982179601146,145.6189422607422,83281300
2021-09-16 00:00:00-04:00,145.04244981377065,145.56031777444971,143.85037245648,145.38442993164062,68034100
2021-09-17 00:00:00-04:00,145.41377207009813,145.41377207009813,142.42379770872697,142.71693420410156,129868800
2021-09-20 00:00:00-04:00,140.50868223734292,141.52487196661303,138.0365905336095,139.66836547851562,123478900
2021-09-21 00:00:00-04:00,140.6356964105484,141.29037444715544,139.51202378684255,140.1471405029297,75834000
2021-09-22 00:00:00-04:00,141.14379903633161,143.07847626004042,140.41096517330857,142.5117645263672,76404300
2021-09-23 00:00:00-04:00,143.29342671393508,143.71359250338787,142.30654925147212,143.4693145751953,64838200
2021-09-24 00:00:00-04:00,142.32609558654582,144.09466540021555,142.2283784515029,143.5572509765625,53477900
2021-09-27 00:00:00-04:00,142.14045701354505,142.6192471706429,140.52822848156046,142.04273986816406,74150700
2021-09-28 00:00:00-04:00,139.9712677848058,141.43693551030117,138.44697573581755,138.6619415283203,108972300
2021-09-29 00:00:00-04:00,139.2091064976362,141.14378350850296,138.77917495976774,139.5608673095703,74602000
2021-09-30 00:00:00-04:00,140.37187163149707,141.075393254431,138.04634099404652,138.2613067626953,89056700
2021-10-01 00:00:00-04:00,138.65213028813756,139.64878829633227,135.9259954801677,139.3849639892578,94639600
2021-10-04 00:00:00-04:00,138.5153346198599,138.95504676613083,135.10522468851968,135.95530700683594,98322000
2021-10-05 00:00:00-04:00,136.29733265175278,138.98439014714222,136.1703033445533,137.8802490234375,80861100
2021-10-06 00:00:00-04:00,136.27778622694314,138.8964387383312,135.20295726507902,138.7498779296875,83221100
2021-10-07 00:00:00-04:00,139.78558344753552,140.91903648455812,139.453369081024,140.01031494140625,61732700
2021-10-08 00:00:00-04:00,140.73339820397527,140.87995899645605,139.2970427994977,139.62925720214844,58773200
2021-10-11 00:00:00-04:00,139.01368703802868,141.49554421911762,138.56420909161307,139.54132080078125,64452200
2021-10-12 00:00:00-04:00,139.95173660619236,139.9712830193318,137.8118591085372,138.27110290527344,73035900
2021-10-13 00:00:00-04:00,138.0072325170972,138.1635590245904,136.013916723793,137.68478393554688,78762700
2021-10-14 00:00:00-04:00,138.85736070158842,140.58685278975153,138.27108764845218,140.46958923339844,69907100
2021-10-15 00:00:00-04:00,140.47938508226497,141.5835114147044,140.2253264406504,141.52488708496094,67940300
2021-10-18 00:00:00-04:00,140.16670208595596,143.479110901774,139.88334618906478,143.1957550048828,85589200
2021-10-19 00:00:00-04:00,143.64518755891186,145.75575243725564,143.1957245202807,145.35513305664062,76378900
2021-10-20 00:00:00-04:00,145.2964783878217,146.32244845404824,144.72975192352953,145.84365844726562,58418800
2021-10-21 00:00:00-04:00,145.40402210693284,146.2150267878781,144.48553451864436,146.05868530273438,61421000
2021-10-22 00:00:00-04:00,146.26388560104417,146.7426608994433,145.2379151037615,145.28677368164062,58883400
2021-10-25 00:00:00-04:00,145.27699295562158,145.95120256523685,144.24125670704237,145.2379150390625,50720600
2021-10-26 00:00:00-04:00,145.912078981119,147.387512149544,145.5993961083312,145.90231323242188,60893400
2021-10-27 00:00:00-04:00,145.94142163499626,146.30294823636,145.0913391249601,145.44309997558594,56094900
2021-10-28 00:00:00-04:00,146.39086968766787,149.6641846605071,146.2931525621037,149.0779266357422,100077900
2021-10-29 00:00:00-04:00,143.85041786872506,146.50816348044404,143.058959600078,146.37136840820312,124953200
2021-11-01 00:00:00-04:00,145.57986452377787,146.27360541935798,144.41709931929685,145.55055236816406,74588300
2021-11-02 00:00:00-04:00,145.25741606122364,148.10081443519022,145.2476354029817,146.58628845214844,69122000
2021-11-03 00:00:00-04:00,146.9478153017873,148.49165344387518,146.39086943374969,148.02264404296875,54511500
2021-11-04 00:00:00-04:00,148.11059575284676,148.94113176601576,147.192108353955,147.50479125976562,60394600
2021-11-05 00:00:00-04:00,148.6300811635526,148.9334254421716,146.83935549516048,148.03317260742188,65463900
2021-11-08 00:00:00-05:00,148.1603949099799,148.31696452355757,146.93722280009231,147.21121215820312,55020900
2021-11-09 00:00:00-05:00,146.97636409239348,148.17996131979666,146.8393694074151,147.57327270507812,56787900
2021-11-10 00:00:00-05:00,146.80026646441542,146.90790623545243,144.67684091878007,144.74533081054688,65187100
2021-11-11 00:00:00-05:00,145.7630135429795,146.22291262356347,144.51047128224292,144.69639587402344,41000000
2021-11-12 00:00:00-05:00,145.24435777936998,147.1720784304826,144.31474986015922,146.77088928222656,63804000
2021-11-15 00:00:00-05:00,147.14272437440852,148.62032601011296,146.22289645235986,146.78067016601562,59222800
2021-11-16 00:00:00-05:00,146.72193826652372,148.23867461686362,146.1348097014568,147.75918579101562,59256200
2021-11-17 00:00:00-05:00,147.75919078814144,151.67334153749616,147.7494107865361,150.1957550048828,88807000
2021-11-18 00:00:00-05:00,150.4110893484419,155.26462968629394,149.76525065573642,154.48179626464844,137827700
2021-11-19 00:00:00-05:00,154.26644947880266,157.56413140418218,153.17049212484577,157.10421752929688,117305600
2021-11-22 00:00:00-05:00,158.210017461011,162.14374442137012,157.54461878472307,157.56419372558594,117467900
2021-11-23 00:00:00-05:00,157.66200120676388,158.3274146566765,155.64621578340464,157.94578552246094,96041900
2021-11-24 00:00:00-05:00,157.29995411244806,158.66012108108276,156.2137765381209,158.46441650390625,69463600
2021-11-26 00:00:00-05:00,156.1452930856568,157.00639624695634,153.00417999336176,153.44451904296875,76959800
2021-11-29 00:00:00-05:00,155.94958045222978,157.73052659848017,155.38202667808307,156.80091857910156,88748200
2021-11-30 00:00:00-05:00,156.55630019703872,161.96761414950842,156.48779536992407,161.75233459472656,174048100
2021-12-01 00:00:00-05:00,163.88550209995378,166.6449857878265,160.99881865483053,161.23367309570312,152052500
2021-12-02 00:00:00-05:00,155.33309702351337,160.6759050938818,154.4132690949476,160.24534606933594,136739200
2021-12-03 00:00:00-05:00,160.49976670029744,161.4195945786872,156.29205136899398,158.36654663085938,118023100
2021-12-06 00:00:00-05:00,160.76397340255957,164.27693555746282,160.7541933995356,161.77188110351562,107497000
2021-12-07 00:00:00-05:00,165.4511829707639,167.89752761795768,164.72705957992557,167.506103515625,120405400
2021-12-08 00:00:00-05:00,168.43571937748263,172.18352101189242,167.03640253357247,171.32240295410156,116998900
2021-12-09 00:00:00-05:00,171.15604705270513,172.95655298827864,170.18728927314578,170.8135528564453,108923700
2021-12-10 00:00:00-05:00,171.44965634293334,175.7747926825468,170.94081238200658,175.59864807128906,115402700
2021-12-13 00:00:00-05:00,177.23275419312068,178.22108688608395,171.76273170193855,171.96823120117188,153237000
2021-12-14 00:00:00-05:00,171.48873864529648,173.92530298904865,168.51399049049428,170.58848571777344,139380400
2021-12-15 00:00:00-05:00,171.3517373886768,175.64751729804553,168.6118288401074,175.45181274414062,131063300
2021-12-16 00:00:00-05:00,175.4322831196354,177.25236431050817,167.08535557027756,168.5629425048828,150185800
2021-12-17 00:00:00-05:00,166.2829122189755,169.74694420568176,166.0480727156741,167.46694946289062,195432700
2021-12-20 00:00:00-05:00,164.66834446331637,166.91898445345717,163.8659512088188,166.10679626464844,107499100
2021-12-21 00:00:00-05:00,167.87789004054633,169.4826909330617,165.49025616676315,169.27720642089844,91185900
2021-12-22 00:00:00-05:00,169.32617236411534,172.08565609490324,168.45527432954148,171.87037658691406,92135300
2021-12-23 00:00:00-05:00,172.07589419886108,173.05443209039555,171.50834043001467,172.4966583251953,68356600
2021-12-27 00:00:00-05:00,173.28926405046633,176.54779687853835,173.26970404402934,176.45973205566406,74919600
2021-12-28 00:00:00-05:00,176.29333921586215,177.43822642660322,174.69831813522254,175.44200134277344,79144300
2021-12-29 00:00:00-05:00,175.48120622634931,176.75330850310786,174.31674371757737,175.53013610839844,62348900
2021-12-30 00:00:00-05:00,175.61818975957434,176.69458737092964,174.26780274374727,174.3754425048828,59773000
2021-12-31 00:00:00-05:00,174.2678163999058,175.38334904304386,173.45562812611084,173.7589874267578,64062300
2022-01-03 00:00:00-05:00,174.0133573614573,178.95497562988,173.89593761791699,178.1036376953125,104487900
2022-01-04 00:00:00-05:00,178.7103390737201,179.01368336177322,175.2756623032222,175.8432159423828,99310400
2022-01-05 00:00:00-05:00,175.75516158524204,176.3031403228598,170.8918278919333,171.1658172607422,94537600
2022-01-06 00:00:00-05:00,168.99346035254746,171.53766438344002,167.95621276391145,168.30848693847656,96904000
2022-01-07 00:00:00-05:00,169.17940193566972,170.40257420223315,167.35932100577125,168.474853515625,86709100
2022-01-10 00:00:00-05:00,165.45120727418032,168.79780545137268,164.56073410828597,168.4944610595703,106765600
2022-01-11 00:00:00-05:00,168.62164395189677,171.4202477771128,167.15383722500894,171.32240295410156,76138300
2022-01-12 00:00:00-05:00,172.3400748149154,173.37732250749067,171.0679876032979,171.7627410888672,74805200
2022-01-13 00:00:00-05:00,172.00740890545092,172.8293772441357,168.1030368997407,168.4944610595703,84505800
2022-01-14 00:00:00-05:00,167.66264878484014,170.0502832024392,167.4180143556812,169.35552978515625,80440800
2022-01-18 00:00:00-05:00,167.82900716362772,168.83689986985863,165.77408681023036,166.1557159423828,90956700
2022-01-19 00:00:00-05:00,166.35143003303915,167.40825267441707,162.37856885772902,162.66233825683594,94815000
2022-01-20 00:00:00-05:00,163.3962685823185,166.0383181560068,160.65635923759166,160.97927856445312,91420500
2022-01-21 00:00:00-05:00,160.8911718694381,162.76018251834915,158.81667665863466,158.92431640625,122848900
2022-01-24 00:00:00-05:00,156.58560899416545,158.8166737850042,151.37978119467465,158.15126037597656,162294600
2022-01-25 00:00:00-05:00,155.56793581393717,159.26680751652682,153.65001008067688,156.35076904296875,115798400
2022-01-26 00:00:00-05:00,159.99092174206848,160.86181974023197,154.43283450239605,156.2626953125,108275300
2022-01-27 00:00:00-05:00,158.96346843901696,160.32363543352318,154.88296745549835,155.80279541015625,121954600
2022-01-28 00:00:00-05:00,162.15349217595866,166.69390660020625,159.30594382680772,166.67433166503906,179935700
2022-01-31 00:00:00-05:00,166.5080140130585,171.24413390438698,165.8719554140601,171.0288543701172,115541600
2022-02-01 00:00:00-05:00,170.2753591337895,171.08754730875657,168.61184784118433,170.86248779296875,86213900
2022-02-02 00:00:00-05:00,170.9994831805343,172.105235689561,169.6099612749151,172.0660858154297,84914300
2022-02-03 00:00:00-05:00,170.73526997176376,172.45750604377838,168.4259201826274,169.18917846679688,89418100
2022-02-04 00:00:00-05:00,168.20939100229583,170.5804825811808,167.22960653014735,168.90504455566406,82465400
2022-02-07 00:00:00-05:00,169.36555780513737,170.43351937589156,167.49416572772904,168.1898193359375,77251200
2022-02-08 00:00:00-05:00,168.2583626015754,171.8051921224292,167.9644243058782,171.2957000732422,74829200
2022-02-09 00:00:00-05:00,172.49106914991745,173.07893089654075,171.36430797248656,172.71641540527344,71285000
2022-02-10 00:00:00-05:00,170.61970267650963,171.93261055270034,168.08206395678414,168.64053344726562,90865900
2022-02-11 00:00:00-05:00,168.84630403587076,169.58114258215622,164.64301917893397,165.23089599609375,98670700
2022-02-14 00:00:00-05:00,163.98651932384257,166.1518495458794,163.19289630795137,165.46600341796875,86185500
2022-02-15 00:00:00-05:00,167.5137966342849,169.45376621533188,166.80835043202623,169.2969970703125,62527400
2022-02-16 00:00:00-05:00,168.37601280595229,169.83588249389837,166.61239729167082,169.06185913085938,61177400
2022-02-17 00:00:00-05:00,167.57253401447812,168.43474911832254,165.06428820364812,165.46600341796875,69589300
2022-02-18 00:00:00-05:00,166.3870146722984,167.0924457737123,162.83039207397334,163.91795349121094,82772700
2022-02-22 00:00:00-05:00,161.64484588368407,163.32028399061443,158.87205389872815,160.99819946289062,91162800
2022-02-23 00:00:00-05:00,162.19352949330056,162.7911986729469,156.52058346872764,156.83412170410156,90009200
2022-02-24 00:00:00-05:00,149.49552020889521,159.55791116992768,148.9272434071185,159.45013427734375,141147500
2022-02-25 00:00:00-05:00,160.52795528492686,161.78207876759572,157.61799292036503,161.51754760742188,91974200
2022-02-28 00:00:00-05:00,159.76364417956287,162.07593599497437,159.14637521454355,161.78199768066406,95056600
2022-03-01 00:00:00-05:00,161.37050993245586,163.23210951924372,158.69570233786408,159.9008331298828,83474400
2022-03-02 00:00:00-05:00,161.06678613054137,163.97674752234462,159.65589394659725,163.1929168701172,79724800
2022-03-03 00:00:00-05:00,165.06429046074288,165.49539801856008,162.20332160924863,162.86956787109375,76678400
2022-03-04 00:00:00-05:00,161.16475211398938,162.2033212553789,158.82306783943153,159.87142944335938,83737200
2022-03-07 00:00:00-05:00,160.05757297165496,161.6840185904636,155.82489737817548,156.07965087890625,96418800
2022-03-08 00:00:00-05:00,155.60937048225745,159.58729287941838,152.65041731502816,154.25726318359375,131148300
2022-03-09 00:00:00-05:00,158.21558423430952,160.1065759424101,156.187438255504,159.65586853027344,91454900
2022-03-10 00:00:00-05:00,156.9614757494235,157.14763719865718,152.82678391494153,155.31544494628906,105342000
2022-03-11 00:00:00-05:00,155.71717401765326,156.060104640192,151.37673500562354,151.60208129882812,96970100
2022-03-14 00:00:00-04:00,148.38834185067742,151.0043643598726,147.0656419035059,147.5751190185547,108732100
2022-03-15 00:00:00-04:00,147.84947354452075,152.42508026860065,147.33999637401098,151.95477294921875,92964300
2022-03-16 00:00:00-04:00,153.8751690879972,156.76553056777536,151.3375306500096,156.3638153076172,102300200
2022-03-17 00:00:00-04:00,155.40363939181822,157.74532403885397,154.4434546489776,157.3730010986328,75615400
2022-03-18 00:00:00-04:00,157.26517111893895,161.15491594906342,156.53033290091022,160.66502380371094,123511700
2022-03-21 00:00:00-04:00,160.2045664067095,162.9871658912754,159.71467413165345,162.03677368164062,95811400
2022-03-22 00:00:00-04:00,162.16411234772428,165.9950729796282,161.57625067180703,165.40721130371094,81532000
2022-03-23 00:00:00-04:00,164.59399656875675,169.14998832074127,164.26085849061369,166.7691192626953,98062700
2022-03-24 00:00:00-04:00,167.60192566241446,170.61966356312797,166.76911784992285,170.55108642578125,90131400
2022-03-25 00:00:00-04:00,170.36494232979024,171.73663471959298,169.25778100424003,171.18795776367188,80546200
2022-03-28 00:00:00-04:00,168.68948719730128,172.17751745210523,168.52292563460833,172.05015563964844,90371900
2022-03-29 00:00:00-04:00,173.11812439551318,175.39121664425457,172.7751938429614,175.3422393798828,100589400
2022-03-30 00:00:00-04:00,174.94053078604693,175.979099995584,173.12792342578476,174.17630004882812,92633200
2022-03-31 00:00:00-04:00,174.24490046314256,174.43106194071976,170.87443883843048,171.0802001953125,103049300
2022-04-01 00:00:00-04:00,170.5119011506989,171.34472398421482,168.46415506398156,170.78623962402344,78751300
2022-04-04 00:00:00-04:00,171.04101704135246,174.88177115423625,170.91364025013027,174.83277893066406,76468400
2022-04-05 00:00:00-04:00,173.9117334912033,174.695564012496,170.89399570193683,171.52105712890625,73401800
2022-04-06 00:00:00-04:00,168.87566890286308,170.11999949152553,166.69075350018778,168.35638427734375,89058800
2022-04-07 00:00:00-04:00,167.69994098041755,169.85546417791434,166.41642550623965,168.66012573242188,77594700
2022-04-08 00:00:00-04:00,168.307342341053,168.307342341053,165.77949710583576,166.65150451660156,76575500
2022-04-11 00:00:00-04:00,165.29941429501065,165.61293749392965,162.1543001430966,162.3992462158203,72246700
2022-04-12 00:00:00-04:00,164.62341397476007,166.43600652884118,163.2713064320056,164.27069091796875,79265200
2022-04-13 00:00:00-04:00,164.00610048305086,167.5823073528285,163.39863897484116,166.9552459716797,70618900
2022-04-14 00:00:00-04:00,167.17084695435335,167.80771592706967,161.70364698483297,161.94859313964844,75329400
2022-04-18 00:00:00-04:00,160.60627109784113,163.23210129361956,160.2633554980497,161.7330322265625,69023900
2022-04-19 00:00:00-04:00,161.68406811950865,164.42746814637917,160.59650655333354,164.0159454345703,67723800
2022-04-20 00:00:00-04:00,165.34841899344127,165.46600329408383,162.74220370933205,163.84934997558594,67929800
2022-04-21 00:00:00-04:00,165.4953937411617,168.062424195949,162.55604041418727,163.05572509765625,87227800
2022-04-22 00:00:00-04:00,163.0949398073809,164.47642463552896,158.23520194954875,158.5193328857422,84882400
2022-04-25 00:00:00-04:00,157.8628653370747,159.87142644375086,155.25665006996203,159.58729553222656,96046400
2022-04-26 00:00:00-04:00,158.97005703556184,159.0582340646371,153.55184919980582,153.63023376464844,95623200
2022-04-27 00:00:00-04:00,152.75824569613656,156.5598004031042,152.23896096876302,153.4049072265625,88063200
2022-04-28 00:00:00-04:00,156.030686213781,161.19415486672693,155.717147988404,160.33193969726562,130216800
2022-04-29 00:00:00-04:00,158.5683119363977,162.84017274008735,154.0711048951049,154.4630126953125,131747600
2022-05-02 00:00:00-04:00,153.54203875876948,155.03130046543404,150.17157761678854,154.7667694091797,123055300
2022-05-03 00:00:00-04:00,154.95292717961667,157.46118829235783,153.15993453329665,156.25604248046875,88966500
2022-05-04 00:00:00-04:00,156.4421811299961,163.11451083359574,156.040465917951,162.663818359375,108256500
2022-05-05 00:00:00-04:00,160.5376906280676,160.76303686900772,151.8175999162394,153.60081481933594,130525300
2022-05-06 00:00:00-04:00,153.0807759379822,156.44638259515347,151.28513392702433,154.32693481445312,116124600
2022-05-09 00:00:00-04:00,152.0210492953049,152.90416000742098,148.6456508199546,149.20494079589844,131577900
2022-05-10 00:00:00-04:00,152.5999477156594,153.79704209180267,150.05856639249635,151.60890197753906,115366700
2022-05-11 00:00:00-04:00,150.61792919171955,152.5313135713574,143.07231197215032,143.74935913085938,142689800
2022-05-12 00:00:00-04:00,140.08936442340104,143.45495579096956,136.19390367446763,139.88330078125,182602000
2022-05-13 00:00:00-04:00,141.87518108716213,145.3192870677171,140.42297369266063,144.34786987304688,113990900
2022-05-16 00:00:00-04:00,142.81717961196202,144.75019240669823,141.47289233038416,142.80735778808594,86643800
2022-05-17 00:00:00-04:00,146.06502676243824,146.95794432736452,143.92595034164182,146.43789672851562,78336300
2022-05-18 00:00:00-04:00,144.09279133540988,144.5932103275883,137.27327061969143,138.17601013183594,109742900
2022-05-19 00:00:00-04:00,137.25364468817165,139.00022255113117,134.03523053806913,134.77114868164062,136095600
2022-05-20 00:00:00-04:00,136.47844306099526,138.05821430560903,130.12011571020568,135.00660705566406,137426100
2022-05-23 00:00:00-04:00,135.20285452842407,140.57015125059797,135.0654837610607,140.4229736328125,117726300
2022-05-24 00:00:00-04:00,138.16617251433556,139.30439614103204,134.7515166065387,137.72462463378906,104132700
2022-05-25 00:00:00-04:00,135.8308524536192,139.12776621000188,135.742545873108,137.88162231445312,92482700
2022-05-26 00:00:00-04:00,134.8103917996885,141.62989697300142,134.56508575048807,141.08041381835938,90601500
2022-05-27 00:00:00-04:00,142.6601806038178,146.8696256795322,142.5326166713653,146.83038330078125,90978500
2022-05-31 00:00:00-04:00,146.2710413787294,147.83118365219022,144.08290148988652,146.04534912109375,103718400
2022-06-01 00:00:00-04:00,147.08550619630913,148.8909701597807,144.90718720632282,145.91786193847656,74286600
2022-06-02 00:00:00-04:00,145.05435330119587,148.429766433254,144.1025647736461,148.3708953857422,72348100
2022-06-03 00:00:00-04:00,144.14182533230215,145.19174238635256,141.74765092180013,142.65037536621094,88570300
2022-06-06 00:00:00-04:00,144.2693611343495,145.78045445382116,142.17934925780943,143.3960723876953,71598400
2022-06-07 00:00:00-04:00,141.63972369363694,146.20241037757677,141.39441763595644,145.91786193847656,67808200
2022-06-08 00:00:00-04:00,145.79028471849585,147.0560572730291,144.69131847131706,145.1819305419922,53950200
2022-06-09 00:00:00-04:00,144.3184132523197,145.17207325562853,139.85384150532468,139.96177673339844,69473000
2022-06-10 00:00:00-04:00,137.6461172993445,138.11710068108783,134.48657445941151,134.55526733398438,91437900
2022-06-13 00:00:00-04:00,130.37522601482007,132.6614796951245,128.9720829038409,129.40382385253906,122207100
2022-06-14 00:00:00-04:00,130.63038185886012,131.37610685696256,129.01135295389076,130.26731872558594,84784300
2022-06-15 00:00:00-04:00,131.76861186695444,134.76134914011658,129.6786141747916,132.88720703125,91533000
2022-06-16 00:00:00-04:00,129.60006522049088,129.90424225906582,126.61713593346167,127.61798858642578,108123900
2022-06-17 00:00:00-04:00,127.62782938306579,130.58130861525225,127.37270152778396,129.08984375,134520300
2022-06-21 00:00:00-04:00,130.91492771438774,134.48658311474856,130.8168142802015,133.3189239501953,81000500
2022-06-22 00:00:00-04:00,132.25918724085466,135.17342395812105,131.39572023105475,132.80868530273438,73409200
2022-06-23 00:00:00-04:00,134.25111690905595,135.98787315289331,133.08345758782295,135.67388916015625,72433800
2022-06-24 00:00:00-04:00,137.27324957478913,139.24551965514786,137.1457006192552,139.00021362304688,89116800
2022-06-27 00:00:00-04:00,140.02068012877845,140.79585557470105,138.32316657888146,139.00021362304688,70207900
2022-06-28 00:00:00-04:00,139.46134767334664,140.72711982555325,134.741663449174,134.85940551757812,67083400
2022-06-29 00:00:00-04:00,134.87907356263912,138.02879459026983,134.1038981265762,136.61582946777344,66242400
2022-06-30 00:00:00-04:00,134.67301697127326,135.77198324759192,131.25836106107414,134.15296936035156,98964500
2022-07-01 00:00:00-04:00,133.48571986150768,136.4293921589786,133.11286488498627,136.3214569091797,71051600
2022-07-05 00:00:00-04:00,135.18323666479031,138.95113328697806,134.35899711370092,138.90206909179688,73353800
2022-07-06 00:00:00-04:00,138.69602774966668,141.41400763305737,138.43109305954474,140.23654174804688,74064300
2022-07-07 00:00:00-04:00,140.59956929502877,143.79836886527636,140.5897624458258,143.6021270751953,66253700
2022-07-08 00:00:00-04:00,142.5326123028861,144.7796239540416,142.2774994180926,144.27919006347656,64547800
2022-07-11 00:00:00-04:00,142.9349304914586,143.88671918371236,141.08041731246487,142.1499481201172,63141600
2022-07-12 00:00:00-04:00,143.02323999517395,145.6627355993454,142.32657916846543,143.12136840820312,77588800
2022-07-13 00:00:00-04:00,140.30521051946872,143.70023682096436,139.45153554732983,142.75827026367188,71185600
2022-07-14 00:00:00-04:00,141.37478416032295,146.1533412106034,140.5603662797928,145.68235778808594,78140700
2022-07-15 00:00:00-04:00,146.96775651820843,148.0274804295402,145.41742051675783,147.35043334960938,76259900
2022-07-18 00:00:00-04:00,147.90974591488566,148.72416382298212,143.94559163866427,144.30865478515625,81420900
2022-07-19 00:00:00-04:00,145.14266864096726,148.3905180514349,144.15163767930207,148.1648406982422,82982400
2022-07-20 00:00:00-04:00,148.2825708215841,150.8337592919261,147.54665279809592,150.16651916503906,64823400
2022-07-21 00:00:00-04:00,151.5991200487024,152.64903699884627,149.08718880462706,152.43316650390625,65086600
2022-07-22 00:00:00-04:00,152.47238671293337,153.34567541649065,150.52956751320949,151.19679260253906,66675400
2022-07-25 00:00:00-04:00,151.11832702232695,152.1289867062053,149.42081342303993,150.07823181152344,53623900
2022-07-26 00:00:00-04:00,149.4011517193333,150.21556938623502,147.96857315136768,148.75355529785156,55138700
2022-07-27 00:00:00-04:00,149.7151553193297,154.37596918243503,149.30304304810883,153.84609985351562,78620700
2022-07-28 00:00:00-04:00,154.0325515340952,154.68016301876492,151.51081343985047,154.39561462402344,81378700
2022-07-29 00:00:00-04:00,158.2125962735302,160.55772152561576,156.50526076605678,159.458740234375,101786900
2022-08-01 00:00:00-04:00,157.98688125382472,160.51844113720935,157.8691391572039,158.4774932861328,67829400
2022-08-02 00:00:00-04:00,157.0939825576486,159.36060780651525,156.63280603827062,157.0056610107422,59907000
2022-08-03 00:00:00-04:00,157.82005902527283,163.4620968271696,157.73175246172306,163.0107421875,82507500
2022-08-04 00:00:00-04:00,162.89300390623217,164.05085610462757,161.3426680652943,162.69676208496094,55474100
2022-08-05 00:00:00-04:00,160.36804367078585,162.96207295817032,160.1616937873522,162.4707794189453,56697000
2022-08-08 00:00:00-04:00,163.47299550022427,164.88792318870864,161.34078349494277,161.99911499023438,60276900
2022-08-09 00:00:00-04:00,161.16397150362104,162.9326316242368,160.40737509225636,162.0482940673828,63135500
2022-08-10 00:00:00-04:00,164.76022682069504,166.39132529301642,163.99380994682684,166.29307556152344,70170500
2022-08-11 00:00:00-04:00,167.09876052441393,168.01257432763373,165.26132743753485,165.5561065673828,57149200
2022-08-12 00:00:00-04:00,166.86294364369544,169.1720142653812,166.45024387983412,169.10324096679688,68039400
2022-08-15 00:00:00-04:00,168.53332166791955,170.370754508125,168.36628368181792,170.1742401123047,54091700
2022-08-16 00:00:00-04:00,169.77138205657383,170.6851957704937,168.6708894053126,170.01702880859375,56377100
2022-08-17 00:00:00-04:00,169.76154036690085,173.0826738438294,169.56502598846322,171.5105438232422,79542000
2022-08-18 00:00:00-04:00,170.72449438338106,171.85446345688476,170.10545976423154,171.11752319335938,62290100
2022-08-19 00:00:00-04:00,170.01705694310306,170.71470043124475,168.3270058100883,168.53335571289062,70346300
2022-08-22 00:00:00-04:00,166.73521001384654,166.9022480242965,164.22960987091767,164.65213012695312,69026800
2022-08-23 00:00:00-04:00,164.1706263803019,165.77224787707962,163.74810620318166,164.31800842285156,54147100
2022-08-24 00:00:00-04:00,164.4064885816526,165.1827258305819,163.355113138006,164.61282348632812,53841500
2022-08-25 00:00:00-04:00,165.84104108991514,167.17736007756102,165.41853585512217,167.06927490234375,51218200
2022-08-26 00:00:00-04:00,167.59988131493301,168.0715189036816,160.71193645776907,160.77088928222656,78961000
2022-08-29 00:00:00-04:00,158.3439099366534,160.0634374134409,157.03708224821386,158.56991577148438,73314000
2022-08-30 00:00:00-04:00,159.30682979347176,159.72933499269527,154.9736176696823,156.1428985595703,77906200
2022-08-31 00:00:00-04:00,157.5185361319256,157.78383884788298,154.40373681361956,154.4823455810547,87991100
2022-09-01 00:00:00-04:00,153.91243529158203,155.66143904544523,151.97673759886456,155.20945739746094,74229900
2022-09-02 00:00:00-04:00,156.9682888748041,157.56766760419046,152.2715237467297,153.09689331054688,76957800
2022-09-06 00:00:00-04:00,153.74537814772464,154.3545772465812,151.01378768157298,151.8391571044922,73714800
2022-09-07 00:00:00-04:00,152.1241445003408,153.9419216691413,150.93520749298594,153.24429321289062,87449600
2022-09-08 00:00:00-04:00,151.94727474830393,153.63732582875608,150.0213973567108,151.77041625976562,84923800
2022-09-09 00:00:00-04:00,152.76282069447305,155.07190642293236,152.05535676886382,154.62973022460938,68028800
2022-09-12 00:00:00-04:00,156.81109704001935,161.39977773963366,156.52615333191596,160.584228515625,104956000
2022-09-13 00:00:00-04:00,157.1156691952697,157.7445243311509,150.69937671737435,151.16119384765625,122656600
2022-09-14 00:00:00-04:00,152.0946413613245,154.3644300184662,150.9351958505273,152.6055908203125,87965400
2022-09-15 00:00:00-04:00,151.9570788549336,152.5368165999088,148.74403004784534,149.71678161621094,90481100
2022-09-16 00:00:00-04:00,148.57701100499813,148.7145726076231,145.78645207689314,148.0758819580078,162278800
2022-09-19 00:00:00-04:00,146.71006595451675,151.8686478234834,146.50373107588743,151.7900390625,81474200
2022-09-20 00:00:00-04:00,150.72882307884146,155.32733752502483,150.41440307013318,154.16787719726562,107689800
2022-09-21 00:00:00-04:00,154.60024966459952,155.97588059110078,150.92538353116046,151.0432891845703,101696800
2022-09-22 00:00:00-04:00,149.72662084225365,151.7802241971407,148.28221666613402,150.08035278320312,86652500
2022-09-23 00:00:00-04:00,148.55732254844892,148.8324456934816,145.9731140864417,147.810546875,96029900
2022-09-26 00:00:00-04:00,147.0539962445305,151.0924300246352,147.03434030349507,148.14466857910156,93339400
2022-09-27 00:00:00-04:00,150.08037791467922,152.0258964191408,147.33895116498724,149.117431640625,84442700
2022-09-28 00:00:00-04:00,145.06913148839868,148.01689223253555,142.317885128587,147.23081970214844,146691400
2022-09-29 00:00:00-04:00,143.55598373619551,144.16518295071455,138.23034837016746,139.99900817871094,128138200
2022-09-30 00:00:00-04:00,138.819918971248,140.60823487907734,135.59703414181732,135.79354858398438,124925300
2022-10-03 00:00:00-04:00,135.80335372086685,140.57872706512543,135.2924042908768,139.96951293945312,114311700
2022-10-04 00:00:00-04:00,142.50457878595228,143.67385961125873,141.74798266491518,143.5559539794922,87830100
2022-10-05 00:00:00-04:00,141.56135391828514,144.81371535397435,140.51979882721227,143.85076904296875,79471000
2022-10-06 00:00:00-04:00,143.271047261683,144.9709190386039,142.6913243714458,142.8976593017578,68402200
2022-10-07 00:00:00-04:00,140.05793931227225,140.60820060654387,137.02174919053795,137.65060424804688,85925600
2022-10-10 00:00:00-04:00,137.97486877441406,139.4192729060871,136.15709176712548,137.97486877441406,74899000
2022-10-11 00:00:00-04:00,137.46394548029593,138.8887089375452,135.8132061545904,136.55996704101562,77033700
2022-10-12 00:00:00-04:00,136.7073741798383,137.91595234603557,135.75426331101272,135.93112182617188,70433700
2022-10-13 00:00:00-04:00,132.63939717381422,141.0896346353026,132.03018316415034,140.50009155273438,113224000
2022-10-14 00:00:00-04:00,141.79714775053986,142.00349764686453,135.78371925254498,135.9704132080078,88598000
2022-10-17 00:00:00-04:00,138.6135887754333,140.4117102259384,137.8275159869022,139.9302520751953,85250900
2022-10-18 00:00:00-04:00,142.95662494362372,144.14554712451348,138.1615943476007,141.24691772460938,99136600
2022-10-19 00:00:00-04:00,139.22276826600364,142.42599680685538,139.03607431855443,141.35498046875,61758300
2022-10-20 00:00:00-04:00,140.52960554450746,143.34962560942563,140.16603813694184,140.89315795898438,64522000
2022-10-21 00:00:00-04:00,140.3821753657461,145.27546856585172,140.16600506406664,144.70556640625,86548600
2022-10-24 00:00:00-04:00,144.6270145421138,147.6140730780798,143.45773335763306,146.84765625,75981900
2022-10-25 00:00:00-04:00,147.47646582788911,149.83468340940922,146.75918158114587,149.68728637695312,74732300
2022-10-26 00:00:00-04:00,148.33135548203074,149.3434189974195,145.46218795090752,146.7493896484375,88194300
2022-10-27 00:00:00-04:00,145.49168973842666,146.4546209688135,141.62029388228584,142.27862548828125,109180200
2022-10-28 00:00:00-04:00,145.6193922207591,154.75745443354808,145.24601935139384,153.02810668945312,164762400
2022-10-31 00:00:00-04:00,150.49300240721152,151.55419798226043,149.2745893410994,150.66986083984375,97943200
2022-11-01 00:00:00-04:00,152.37963325052954,152.74318573696127,146.5332420839713,148.02676391601562,80379300
2022-11-02 00:00:00-04:00,146.35636351890798,149.52029556888522,142.47514699591338,142.50462341308594,93604600
2022-11-03 00:00:00-04:00,139.58632020230726,140.31344004952294,136.33395931941936,136.46170043945312,97918500
2022-11-04 00:00:00-04:00,139.84739003185524,140.41823769444377,132.25908536615194,136.19595336914062,140814800
2022-11-07 00:00:00-05:00,134.94598671425354,136.95378268582516,133.52871190234,136.7274169921875,83374600
2022-11-08 00:00:00-05:00,138.1939045722533,139.19779504119253,135.31999290082103,137.2982635498047,89908500
2022-11-09 00:00:00-05:00,136.31406095143706,136.36327480735815,132.46576869499577,132.74134826660156,74917800
2022-11-10 00:00:00-05:00,139.01083896213112,144.55197143554688,137.29829567413785,144.55197143554688,118854000
2022-11-11 00:00:00-05:00,143.51851370440974,147.64236984681628,142.09138720356083,147.33726501464844,93979700
2022-11-14 00:00:00-05:00,146.61882473623606,147.90814675324938,145.10312196997452,145.93971252441406,73374100
2022-11-15 00:00:00-05:00,149.81750629168315,151.16587871608763,146.21526862726066,147.67190551757812,89868300
2022-11-16 00:00:00-05:00,146.7763108997982,147.5046219917799,144.96533989912186,146.44166564941406,64218300
2022-11-17 00:00:00-05:00,144.11891685845265,149.08921670380388,143.84333724490105,148.34121704101562,80389400
2022-11-18 00:00:00-05:00,149.90608139833125,150.28992540848853,147.60301733738748,148.9021759033203,74829600
2022-11-21 00:00:00-05:00,147.79004119922186,147.99671837716943,145.3885491071394,145.67396545410156,58724100
2022-11-22 00:00:00-05:00,145.79205967642807,148.04590985414606,144.6109873377189,147.8096923828125,51804100
2022-11-23 00:00:00-05:00,147.09124229312135,149.4336837921187,146.98297781162248,148.68568420410156,58301400
2022-11-25 00:00:00-05:00,145.96922504559745,146.5302359602774,144.79800437919693,145.7723846435547,35195900
2022-11-28 00:00:00-05:00,142.8492184523058,144.32554357687198,141.1170023792789,141.94374084472656,69246000
2022-11-29 00:00:00-05:00,142.01266197350824,142.5244590100729,138.13485967272496,138.94190979003906,83763800
2022-11-30 00:00:00-05:00,139.16828541868128,146.37276146207836,138.33170993361605,145.6936492919922,111380900
2022-12-01 00:00:00-05:00,145.87082558028513,146.77630352615344,144.29607218523327,145.96923828125,71250400
2022-12-02 00:00:00-05:00,143.6563344518848,145.66413072697534,143.35121453595042,145.4771270751953,65447400
2022-12-05 00:00:00-05:00,145.43774157529282,148.53801893223152,143.4693076933105,144.31573486328125,68826400
2022-12-06 00:00:00-05:00,144.74881132681773,144.97517704731527,139.68008441838234,140.6544647216797,64727200
2022-12-07 00:00:00-05:00,139.9458168978351,141.10718574311466,137.7903792762826,138.71554565429688,69721100
2022-12-08 00:00:00-05:00,140.11314322681335,141.25483863673134,138.87303512029186,140.3985595703125,62128300
2022-12-09 00:00:00-05:00,140.09345741010685,143.2724894333561,138.6761823933455,139.9163055419922,76097000
2022-12-12 00:00:00-05:00,140.44774653895632,142.21933993621704,138.83363144766497,142.20950317382812,70462700
2022-12-13 00:00:00-05:00,147.1404505596148,147.60303377953338,141.9634742273276,143.17405700683594,93886200
2022-12-14 00:00:00-05:00,143.05594605605327,144.3452679150581,138.9320744491566,140.94972229003906,82291200
2022-12-15 00:00:00-05:00,138.88288378971373,139.5619960317231,133.88305882406812,134.34564208984375,98931900
2022-12-16 00:00:00-05:00,134.53264031194206,135.47748033551235,131.6193510336839,132.3870391845703,160156900
2022-12-19 00:00:00-05:00,132.97755207276447,133.0661279935264,129.24737645818792,130.28079223632812,79592600
2022-12-20 00:00:00-05:00,129.31628812854967,131.146932591331,127.8399624333377,130.21192932128906,77432800
2022-12-21 00:00:00-05:00,130.88117753836192,134.6507305969255,130.65481182459862,133.31219482421875,85928000
2022-12-22 00:00:00-05:00,132.22957105725172,132.43624823454394,128.24348886904642,130.1430206298828,77852100
2022-12-23 00:00:00-05:00,128.85370313619094,130.3300288114699,127.5939064280565,129.77886962890625,63814900
2022-12-27 00:00:00-05:00,129.3064364059333,129.33596171498522,126.68841553829142,127.97773742675781,69007800
2022-12-28 00:00:00-05:00,127.62342547026658,128.9619612841453,123.883405115354,124.05072021484375,85438400
2022-12-29 00:00:00-05:00,125.96997258821519,128.42067161063116,125.71408149167755,127.56440734863281,75703700
2022-12-30 00:00:00-05:00,126.38330400552722,127.89899152283257,125.41876807644428,127.87930297851562,77034200
2023-01-03 00:00:00-05:00,128.2237854341601,128.83399514878522,122.21021915687207,123.09601593017578,112117500
2023-01-04 00:00:00-05:00,124.8873030948284,126.62937150933897,123.10587260552037,124.36566925048828,89113600
2023-01-05 00:00:00-05:00,125.12350481122068,125.75340309203497,122.79091532129203,123.04680633544922,80962700
2023-01-06 00:00:00-05:00,124.02120184221346,128.2336424206293,122.91887596059405,127.57421875,87754700
2023-01-09 00:00:00-05:00,128.41079711233908,131.30439758356596,127.83994943275363,128.09584045410156,70790800
2023-01-10 00:00:00-05:00,128.20408860626057,129.1883055110105,126.09786503081405,128.6666717529297,63896200
2023-01-11 00:00:00-05:00,129.1784514392973,131.4027759395212,128.40092679663005,131.3831024169922,69458900
2023-01-12 00:00:00-05:00,131.76696547602162,132.14095769176564,129.36547379890666,131.30438232421875,71379600
2023-01-13 00:00:00-05:00,129.9461488585014,132.7905349401524,129.5819934315568,132.633056640625,57809700
2023-01-17 00:00:00-05:00,132.7019826183309,135.12314807764807,132.01303370787318,133.79446411132812,63646600
2023-01-18 00:00:00-05:00,134.6605941996835,136.42233624485746,132.898837136548,133.0760040283203,69672800
2023-01-19 00:00:00-05:00,131.96381962844052,134.0995687562006,131.65871475561192,133.13504028320312,58280400
2023-01-20 00:00:00-05:00,133.14486670992753,135.84162653742413,132.1015991542997,135.69398498535156,80223600
2023-01-23 00:00:00-05:00,135.94008891399082,141.0580308975386,135.72355990616546,138.88290405273438,81760300
2023-01-24 00:00:00-05:00,138.0954784443646,140.90050277108796,138.08564168128757,140.2804412841797,66435100
2023-01-25 00:00:00-05:00,138.66629550196592,140.1819826693379,136.61912288645627,139.62098693847656,65799300
2023-01-26 00:00:00-05:00,140.91035682918778,141.9733130723702,139.66039693887691,141.68789672851562,54105100
2023-01-27 00:00:00-05:00,140.90049992434123,144.9062550377642,140.82176076743906,143.62677001953125,70555800
2023-01-30 00:00:00-05:00,142.67209860282117,143.2527830109075,140.59540019505755,140.74302673339844,64015300
2023-01-31 00:00:00-05:00,140.4477482733763,142.0618633846007,140.03437897857034,142.0126495361328,65874500
2023-02-01 00:00:00-05:00,141.69775584370586,144.2960887309056,139.08958619067016,143.13470458984375,77663600
2023-02-02 00:00:00-05:00,146.54991104174482,148.79392468833726,145.83143680858885,148.4396209716797,118339000
2023-02-03 00:00:00-05:00,145.69363837431163,154.8960731461596,145.4967979818679,152.0615234375,154357300
2023-02-06 00:00:00-05:00,150.1620046015634,150.6836384438328,148.40024764766747,149.3352508544922,69858300
2023-02-07 00:00:00-05:00,148.2624474794368,152.77999988075524,148.2624474794368,152.2091522216797,83322600
2023-02-08 00:00:00-05:00,151.45133472995892,152.14028370808583,148.7840997356859,149.5222625732422,64120100
2023-02-09 00:00:00-05:00,151.3529215136586,151.89424398332804,148.04595108381588,148.4888458251953,56007100
2023-02-10 00:00:00-05:00,147.32567733632254,149.17882019931434,147.08909918660703,148.85353088378906,57450700
2023-02-13 00:00:00-05:00,148.79440338379132,152.05713357186568,148.76483299254943,151.6529998779297,62199000
2023-02-14 00:00:00-05:00,149.9476888936107,151.5741355635304,148.7056873791277,151.01226806640625,61707600
2023-02-15 00:00:00-05:00,150.92354792770303,153.27941747242824,150.69683660205456,153.11184692382812,65573800
2023-02-16 00:00:00-05:00,151.3178281549916,154.09756497312395,151.16012443154224,151.51498413085938,68167900
2023-02-17 00:00:00-05:00,150.17441057100683,150.81512239489066,148.69583093968438,150.37155151367188,59144100
2023-02-21 00:00:00-05:00,148.05511953332274,149.1394173925265,146.29068760704538,146.35968017578125,58867200
2023-02-22 00:00:00-05:00,146.74408634882758,147.80866542554767,145.0585140913541,146.7835235595703,51011300
2023-02-23 00:00:00-05:00,147.946689634791,148.19311959888688,145.13739706863274,147.26654052734375,48394200
2023-02-24 00:00:00-05:00,145.00921102304162,145.08807039598366,143.6390613800591,144.61492919921875,55469600
2023-02-27 00:00:00-05:00,145.6006854773172,147.03982803359767,145.344388690471,145.80767822265625,44998500
2023-02-28 00:00:00-05:00,144.95008720013072,146.95109701970668,144.7332276594082,145.30494689941406,50547000
2023-03-01 00:00:00-05:00,144.73323786008925,145.1275197577975,142.93922063146897,143.2349395751953,55479000
2023-03-02 00:00:00-05:00,142.31823534576338,144.6149643784106,141.8450789930105,143.82638549804688,52238100
2023-03-03 00:00:00-05:00,145.9259528752422,148.9521198871165,145.22610023869615,148.87326049804688,70732300
2023-03-06 00:00:00-05:00,151.59384830577196,154.0680147422593,151.26857399298945,151.63328552246094,87558000
2023-03-07 00:00:00-05:00,151.50512207262017,151.83041139396585,148.9718301446463,149.43511962890625,56182000
2023-03-08 00:00:00-05:00,150.62780991403972,151.2783884609091,149.66180891591966,150.68695068359375,47204800
2023-03-09 00:00:00-05:00,151.36711819838627,152.33311931510104,148.08466971716794,148.4395294189453,53833600
2023-03-10 00:00:00-05:00,148.06495118697146,148.7845223003039,145.50207415084836,146.37936401367188,68572400
2023-03-13 00:00:00-04:00,145.69922529511118,150.95311305935627,145.59079552733544,148.3212432861328,84457100
2023-03-14 00:00:00-04:00,149.11968969699433,151.209410853691,147.95654755608294,150.41098022460938,73695900
2023-03-15 00:00:00-04:00,149.03098388604963,151.06156433450928,147.77911548729296,150.80528259277344,77167900
2023-03-16 00:00:00-04:00,149.98709719489494,154.22569446185167,149.4745187940127,153.62440490722656,76161100
2023-03-17 00:00:00-04:00,153.8511391851991,154.50171782493953,152.07684064085686,152.78656005859375,98944600
2023-03-20 00:00:00-04:00,152.85558396503848,155.56631354554972,151.94870846939224,155.1522979736328,73641400
2023-03-21 00:00:00-04:00,155.07344501678244,157.1237289497417,154.3045697408097,157.0054473876953,73938300
2023-03-22 00:00:00-04:00,157.02515051318744,159.82459083880553,155.55642275206148,155.57614135742188,75701800
2023-03-23 00:00:00-04:00,156.56186795883147,159.24302685232914,155.4282812343858,156.66043090820312,67622100
2023-03-24 00:00:00-04:00,156.5914437450547,158.0503047976887,155.59587218901564,157.9615936279297,59196500
2023-03-27 00:00:00-04:00,157.6560281012329,158.47417734472043,155.61558088418133,156.0197296142578,52390300
2023-03-28 00:00:00-04:00,155.71413440722972,156.22671283698608,153.75254688783264,155.39869689941406,45992200
2023-03-29 00:00:00-04:00,157.09416533498404,158.75018247951246,157.07446176772007,158.47418212890625,51305700
2023-03-30 00:00:00-04:00,159.22332411879057,160.14990317241256,158.96704237580855,160.04147338867188,49501700
2023-03-31 00:00:00-04:00,160.120319104618,162.64375926608275,159.59788883873148,162.54518127441406,68749800
2023-04-03 00:00:00-04:00,161.92418140899423,163.91532439911353,161.87489241518372,163.7970428466797,56976200
2023-04-04 00:00:00-04:00,164.22090454094308,164.45746763773894,162.75217680448466,163.26475524902344,46278300
2023-04-05 00:00:00-04:00,162.38746386000238,162.69303455117807,159.489445623491,161.42144775390625,51511700
2023-04-06 00:00:00-04:00,160.1104583059446,162.60434321282244,159.686606015777,162.30862426757812,45390100
2023-04-10 00:00:00-04:00,159.11486640899105,159.71615600585938,157.79400566862077,159.71615600585938,47716900
2023-04-11 00:00:00-04:00,160.03162242596915,160.0414742096721,158.21788648492154,158.50375366210938,47644200
2023-04-12 00:00:00-04:00,158.9177526201656,159.74575366976245,157.49831365463328,157.81375122070312,50133100
2023-04-13 00:00:00-04:00,159.32191350458623,163.4323637150449,159.11490570596376,163.19578552246094,68445600
2023-04-14 00:00:00-04:00,162.23961256067847,163.94491858408577,161.48061917083933,162.85076904296875,49386500
2023-04-17 00:00:00-04:00,162.73245273206868,163.02817163401676,161.68759231395518,162.87045288085938,41516200
2023-04-18 00:00:00-04:00,163.72804670609275,165.019337094876,163.28446081239204,164.09275817871094,49923000
2023-04-19 00:00:00-04:00,163.43233711220313,165.7586363174907,163.17604035173306,165.2362060546875,47720200
2023-04-20 00:00:00-04:00,163.71820194187683,165.47278202514906,163.19577163848064,164.27020263671875,52456400
2023-04-21 00:00:00-04:00,162.6930225330838,164.0730239528686,162.14102196516987,162.6634521484375,58337300
2023-04-24 00:00:00-04:00,162.643765839196,163.23520373133107,161.54961626736943,162.96905517578125,41949600
2023-04-25 00:00:00-04:00,162.83105575677226,163.93505711689548,161.3918982344198,161.43133544921875,48714100
2023-04-26 00:00:00-04:00,160.73144699304368,162.91974586384254,160.47516529354857,161.42144775390625,45498800
2023-04-27 00:00:00-04:00,162.83103216774902,166.15290259103057,162.83103216774902,166.0050506591797,64902300
2023-04-28 00:00:00-04:00,166.08393356927388,167.424513091262,165.4826438930684,167.25692749023438,55275900
2023-05-01 00:00:00-04:00,166.8626573980738,168.01594783420873,166.23179728666088,167.16822814941406,52472900
2023-05-02 00:00:00-04:00,167.66107793363267,167.91737470896658,165.1474894240389,166.13320922851562,48425700
2023-05-03 00:00:00-04:00,167.07950544573387,168.47922575134587,164.77292473257992,165.05877685546875,65136000
2023-05-04 00:00:00-04:00,162.53531316165655,164.65460440159984,161.96359395737636,163.42245483398438,81235400
2023-05-05 00:00:00-04:00,168.53837432535954,171.81097141948842,168.32151475691046,171.09140014648438,113453200
2023-05-08 00:00:00-04:00,170.0169462399646,171.36739258858663,169.65223472844943,171.0223846435547,55962800
2023-05-09 00:00:00-04:00,170.57879765359286,171.06179068201072,169.14950709207488,169.31707763671875,45326900
2023-05-10 00:00:00-04:00,170.54926084220077,171.5448325237521,169.44524432941884,171.08154296875,53724500
2023-05-11 00:00:00-04:00,171.36739208260082,172.09681510347738,169.71137500858376,171.26881408691406,49514700
2023-05-12 00:00:00-04:00,171.3773676163626,171.8116866019269,168.79121464447562,170.3409423828125,45533100
2023-05-15 00:00:00-04:00,170.92332917405315,170.97268634600138,169.2551561693846,169.847412109375,37266700
2023-05-16 00:00:00-04:00,169.76844364659667,170.903583292935,169.58089543020992,169.847412109375,42110300
2023-05-17 00:00:00-04:00,169.492059065459,170.69628668546216,168.21871333171157,170.4593963623047,57951600
2023-05-18 00:00:00-04:00,170.76540150488879,172.97647339745131,170.35082834910114,172.78892517089844,65496700
2023-05-19 00:00:00-04:00,174.11161490131875,174.11161490131875,172.68034719263906,172.8975067138672,55809500
2023-05-22 00:00:00-04:00,171.7326849095955,172.4532662969635,171.20953215868957,171.94984436035156,43570900
2023-05-23 00:00:00-04:00,170.89372201948225,171.140492823502,169.06761204505847,169.343994140625,50747300
2023-05-24 00:00:00-04:00,168.88004898113246,170.19287135053577,168.3174194294986,169.620361328125,45143500
2023-05-25 00:00:00-04:00,170.18301363335365,171.65375792303627,169.47231254318322,170.75552368164062,56058300
2023-05-26 00:00:00-04:00,171.08128541223243,173.49963649375093,170.873991291327,173.1640167236328,54835000
2023-05-30 00:00:00-04:00,174.6742524991613,176.67803022234617,174.28929064745816,175.00985717773438,55964400
2023-05-31 00:00:00-04:00,175.03946345752533,177.03337571367211,174.4768188110026,174.9604949951172,99625300
2023-06-01 00:00:00-04:00,175.40469602373648,177.79343575638538,174.64463768008144,177.76382446289062,68901800
2023-06-02 00:00:00-04:00,178.69166987914852,179.43198227661338,176.94452840385708,178.61270141601562,61996900
2023-06-05 00:00:00-04:00,180.27098229225282,182.561007136821,175.74025964458482,177.2603759765625,121946500
2023-06-06 00:00:00-04:00,177.64534986625156,177.79340630920336,175.13815031318512,176.89517211914062,64848400
2023-06-07 00:00:00-04:00,176.13510374325992,178.86932803839457,175.0295755351299,175.5231170654297,61944600
2023-06-08 00:00:00-04:00,175.60209965770608,178.50412674833163,175.1677956906412,178.2376251220703,50214900
2023-06-09 00:00:00-04:00,179.1556074319137,179.87617397731293,178.2968498358667,178.62258911132812,48900000
2023-06-12 00:00:00-04:00,178.92857679274874,181.51472997018058,178.63244881890137,181.416015625,54274900
2023-06-13 00:00:00-04:00,180.4388079672042,181.7713612206094,180.08345742062403,180.9422149658203,54929100
2023-06-14 00:00:00-04:00,181.00144926283193,182.00827838693002,179.66889592317074,181.57395935058594,57462900
2023-06-15 00:00:00-04:00,181.5838370156226,184.11076766616947,181.4061542027307,183.6073455810547,65433200
2023-06-16 00:00:00-04:00,184.31805138125782,184.57470266619666,181.88983501651188,182.53143310546875,101256200
2023-06-20 00:00:00-04:00,182.02801364300083,183.69618663444365,182.02801364300083,182.62025451660156,49799100
2023-06-21 00:00:00-04:00,182.51167734169172,183.015099412311,180.23151756348105,181.58383178710938,49515700
2023-06-22 00:00:00-04:00,181.36667829792557,184.63392138287654,181.29757524213758,184.58456420898438,51245300
2023-06-23 00:00:00-04:00,183.15325269805686,185.1372840954023,182.6202194463161,184.26864624023438,53117000
2023-06-26 00:00:00-04:00,184.4167547195407,185.6209974197008,182.83741558637178,182.8769073486328,48088700
2023-06-27 00:00:00-04:00,183.48889069387212,185.9565986299679,183.27173119056016,185.630859375,50730800
2023-06-28 00:00:00-04:00,185.5025240055518,187.4470789620611,185.17679982937508,186.80548095703125,51216800
2023-06-29 00:00:00-04:00,186.63770623646846,187.6149240946042,186.49951518133068,187.14111328125,46347300
2023-06-30 00:00:00-04:00,189.15473724224137,191.96791501002735,188.78950625721086,191.46450805664062,85213200
2023-07-03 00:00:00-04:00,191.27700219289193,191.37571654835668,189.28308969373236,189.97406005859375,31458200
2023-07-05 00:00:00-04:00,189.09553270560195,190.48730854754436,188.15779163185775,188.85862731933594,46920300
2023-07-06 00:00:00-04:00,187.3878728511301,189.53972207962792,186.756140199604,189.33242797851562,45094300
2023-07-07 00:00:00-04:00,188.9375920522482,190.1813114167851,187.7827065576724,188.21701049804688,46815000
2023-07-10 00:00:00-04:00,186.8153498480431,187.53593138541007,184.62402407003376,186.1737518310547,59922200
2023-07-11 00:00:00-04:00,186.71667122446578,186.85486227702734,184.18974051380027,185.65061950683594,46638100
2023-07-12 00:00:00-04:00,187.22992243297554,189.22383458950753,186.0355602702456,187.3187713623047,60750200
2023-07-13 00:00:00-04:00,188.0393349477294,188.72042471252908,187.32863389417258,188.0788116455078,41342300
2023-07-14 00:00:00-04:00,187.77283329330808,188.71055932283986,187.18059240914323,188.22689819335938,41616200
2023-07-17 00:00:00-04:00,189.42126802557274,191.81002272437502,189.33243414864154,191.48428344726562,50520200
2023-07-18 00:00:00-04:00,190.85253399958415,191.81987127398517,189.93453883356673,191.2276153564453,48288200
2023-07-19 00:00:00-04:00,190.60575926840173,195.6694855056854,190.1615598085878,192.57992553710938,80507300
2023-07-20 00:00:00-04:00,192.57005054034346,193.93223012421538,190.01350876450033,190.6353759765625,59581200
2023-07-21 00:00:00-04:00,191.59284231983003,192.4515998266043,188.75990348350925,189.4607391357422,71951700
2023-07-24 00:00:00-04:00,190.91177825353577,192.3924031537896,189.76675804919924,190.2602996826172,45377800
2023-07-25 00:00:00-04:00,190.83277109248917,191.92843389899372,190.42806342033606,191.1190185546875,37283200
2023-07-26 00:00:00-04:00,191.16839008411552,193.112945076557,190.82292002182845,191.9876708984375,47471900
2023-07-27 00:00:00-04:00,193.48806403406496,194.6528150463848,190.06288393124004,190.72422790527344,47460200
2023-07-28 00:00:00-04:00,192.15550162315532,194.09019149232068,191.63234868611636,193.30052185058594,48291400
2023-07-31 00:00:00-04:00,193.52752900074864,193.95198260711592,192.7378594315981,193.91249084472656,38824100
2023-08-01 00:00:00-04:00,193.7052107356477,194.1888718595327,192.75760424557473,193.08334350585938,35175100
2023-08-02 00:00:00-04:00,192.52071519961737,192.6589062555568,189.37193220630533,190.09249877929688,50389300
2023-08-03 00:00:00-04:00,189.09552588996192,189.8851803589987,188.22688789998924,188.70068359375,61235200
2023-08-04 00:00:00-04:00,183.12365370967743,184.95962880576235,179.57014866509618,179.63925170898438,115956800
2023-08-07 00:00:00-04:00,179.77747246914834,180.7645556934903,175.0592158617292,176.5398406982422,97576100
2023-08-08 00:00:00-04:00,177.36897457174686,177.94148460917899,175.2862285117603,177.47755432128906,67823000
2023-08-09 00:00:00-04:00,178.53374257918168,178.59296516430098,174.72360063232372,175.88836669921875,60378500
2023-08-10 00:00:00-04:00,177.1617092563292,178.41530928434332,175.30600286506225,175.6712188720703,54686900
2023-08-11 00:00:00-04:00,175.2659271193574,176.55085581531623,174.5048425991432,175.73046875,52036700
2023-08-14 00:00:00-04:00,175.90843422608452,177.60851131506328,175.25607590732963,177.3811798095703,43675600
2023-08-15 00:00:00-04:00,176.8078826094104,177.40092323969566,174.99907927707545,175.39443969726562,43622600
2023-08-16 00:00:00-04:00,175.07813825565708,176.471793411816,174.45543132326716,174.52462768554688,46964900
2023-08-17 00:00:00-04:00,175.08801600845376,175.4537251155125,171.47040969711574,171.98439025878906,66062900
2023-08-18 00:00:00-04:00,170.30411608587545,173.0716844916875,169.96805819399307,172.46875,61172200
2023-08-21 00:00:00-04:00,173.04204616473623,174.0897650131681,171.72745069652257,173.80311584472656,46311900
2023-08-22 00:00:00-04:00,175.00895776189057,175.62177093693052,174.2083431088137,175.17698669433594,42038900
2023-08-23 00:00:00-04:00,176.45205395893973,179.44695366375947,176.264252478764,179.0219268798828,52722800
2023-08-24 00:00:00-04:00,178.57712060131817,179.00214733275968,173.9710983264249,174.33682250976562,54945800
2023-08-25 00:00:00-04:00,175.3252527852027,177.07473842454561,173.78332608108835,176.54100036621094,51449600
2023-08-28 00:00:00-04:00,178.003859262239,178.49806733287568,176.48170504077262,178.1027069091797,43820700
2023-08-29 00:00:00-04:00,177.61838490226515,182.7581460326424,177.4207046822572,181.9871826171875,53003900
2023-08-30 00:00:00-04:00,182.7976884731864,185.67398314097,182.6000082560471,185.47628784179688,60813900
2023-08-31 00:00:00-04:00,185.66408956621913,186.92926105598286,185.30825914209595,185.69374084472656,60794500
2023-09-01 00:00:00-04:00,187.29495583927402,187.7199674857303,186.09896582677092,187.2653045654297,45766500
2023-09-05 00:00:00-04:00,186.09901418245303,187.77931882570883,185.43677709113604,187.5025634765625,45280000
2023-09-06 00:00:00-04:00,186.21757793807612,186.66237722656214,179.36786194540127,180.7911834716797,81755800
2023-09-07 00:00:00-04:00,173.15073850258275,176.1456533918577,171.52973657694065,175.503173828125,112488800
2023-09-08 00:00:00-04:00,176.2840260730559,178.15213198996554,175.7305003611282,176.11598205566406,65551300
2023-09-11 00:00:00-04:00,177.98410020535158,178.21143169284028,175.28571330476424,177.28231811523438,58953100
2023-09-12 00:00:00-04:00,177.4108165912451,178.043402311121,172.79491507430095,174.2577667236328,90370200
2023-09-13 00:00:00-04:00,174.46534664942806,175.24620393193433,171.96465474647994,172.19200134277344,84267900
2023-09-14 00:00:00-04:00,171.98440467411754,174.060084556446,171.56927171405846,173.70425415039062,60895800
2023-09-15 00:00:00-04:00,174.43566940930017,174.45544195430384,171.806494041059,172.98269653320312,109259500
2023-09-18 00:00:00-04:00,174.43570157296918,177.30211784571853,174.12929493806257,175.908447265625,67257600
2023-09-19 00:00:00-04:00,175.46361863431386,177.54917706999674,175.07813698421282,176.99566650390625,51826900
2023-09-20 00:00:00-04:00,177.18345571133617,177.61836118650515,173.36816915467014,173.45713806152344,58436200
2023-09-21 00:00:00-04:00,172.5280351536478,174.25776334751873,171.846025624082,171.9152069091797,63149100
2023-09-22 00:00:00-04:00,172.64662317617766,175.02870938713053,172.03381007438438,172.76522827148438,56725400
2023-09-25 00:00:00-04:00,172.18207147695253,174.91998813589507,172.13264765845275,174.04029846191406,46172700
2023-09-26 00:00:00-04:00,172.79493440563715,173.17052232124786,169.6715354659317,169.9680633544922,64588900
2023-09-27 00:00:00-04:00,170.62036773962245,171.03550065621633,167.09173040755883,168.4557342529297,66921800
2023-09-28 00:00:00-04:00,167.37838547451082,170.03722730338785,165.67830850769053,168.71275329589844,56294400
2023-09-29 00:00:00-04:00,170.027329658855,171.06516950648842,168.3667828862352,169.22671508789062,51861100
2023-10-02 00:00:00-04:00,169.2366280911879,172.2809518891447,168.9499789385755,171.73731994628906,52164500
2023-10-03 00:00:00-04:00,170.26456118455488,171.61870157072957,168.84125459232132,170.40293884277344,49594600
2023-10-04 00:00:00-04:00,169.10809426237566,172.19196251916273,168.9894891655102,171.64833068847656,53020300
2023-10-05 00:00:00-04:00,171.77681389678688,173.4175881136583,170.6796715086417,172.88385009765625,48527900
2023-10-06 00:00:00-04:00,171.78673241813826,175.92819856079907,171.17390414032383,175.43399047851562,57266700
2023-10-09 00:00:00-04:00,174.7618406122257,176.97589800927489,173.76354582426052,176.91659545898438,42390800
2023-10-10 00:00:00-04:00,176.03691333055846,177.6381425852869,175.88864186643335,176.32354736328125,43698000
2023-10-11 00:00:00-04:00,176.13575227199846,177.76664794425923,175.54271164011269,177.71722412109375,47551100
2023-10-12 00:00:00-04:00,177.98411345020415,180.2278073787141,176.96603088257305,178.61669921875,56743100
2023-10-13 00:00:00-04:00,179.31846581874476,179.82255265296823,176.0764618780152,176.7782440185547,51427100
2023-10-16 00:00:00-04:00,174.70255348644375,177.0055649122618,174.46532818230494,176.6497344970703,52517000
2023-10-17 00:00:00-04:00,174.60369235668924,176.35319301979084,172.7751316803463,175.097900390625,57549400
2023-10-18 00:00:00-04:00,173.54613304029243,175.52296560926894,173.08157618002008,173.80311584472656,54764400
2023-10-19 00:00:00-04:00,174.00078890109597,175.77994115612455,173.1606441431901,173.42752075195312,59302900
2023-10-20 00:00:00-04:00,173.2792552037354,173.38798159754705,170.6401855525277,170.87741088867188,64244000
2023-10-23 00:00:00-04:00,168.93020088937016,171.99428177951037,167.96154224302492,170.99598693847656,55980100
2023-10-24 00:00:00-04:00,171.04544171274492,171.6582549852611,169.46396961859497,171.43092346191406,43816600
2023-10-25 00:00:00-04:00,169.88899020331988,171.05531414118843,168.67322735441405,169.11802673339844,57157000
2023-10-26 00:00:00-04:00,168.3964558542296,169.39476582537458,163.75090293239452,164.95677185058594,70625300
2023-10-27 00:00:00-04:00,164.9765244498122,167.00278034322866,164.8974493569631,166.27134704589844,58499100
2023-10-30 00:00:00-04:00,167.06208999172168,169.18717852998205,166.91381853056686,168.31736755371094,51131000
2023-10-31 00:00:00-04:00,167.3882903979478,168.92032345051314,165.95507483465602,168.79183959960938,44846000
2023-11-01 00:00:00-04:00,169.01916053768616,172.2117404582064,168.14934950515965,171.9547576904297,56934900
2023-11-02 00:00:00-04:00,173.4868204991482,175.72063574409248,173.4275179386151,175.51307678222656,77334800
2023-11-03 00:00:00-04:00,172.2216123316697,174.77172746685503,171.34192267930985,174.6036834716797,79829200
2023-11-06 00:00:00-05:00,174.33683183407777,177.35148879200258,174.16880291146146,177.15380859375,63841300
2023-11-07 00:00:00-05:00,177.10440348202485,180.32664987384885,176.89684453064555,179.71383666992188,70530000
2023-11-08 00:00:00-05:00,180.23770048559436,181.32494925868284,179.48649451949703,180.7714385986328,49340300
2023-11-09 00:00:00-05:00,180.84059837026544,181.98714947029399,179.7039109186948,180.29696655273438,53763500
2023-11-10 00:00:00-05:00,182.07846664625706,184.65174012268164,181.64298820237886,184.4834747314453,66133400
2023-11-13 00:00:00-05:00,183.9094496896321,184.1172820619318,182.31600272709323,182.89993286132812,43627500
2023-11-14 00:00:00-05:00,185.7701387274506,186.17592689168708,184.38453902262373,185.5128173828125,60108400
2023-11-15 00:00:00-05:00,185.91859136162876,187.55162053928348,185.84930383072194,186.07693481445312,53790500
2023-11-16 00:00:00-05:00,187.6209309899597,188.9966390106662,186.71037673999564,187.75949096679688,54412900
2023-11-17 00:00:00-05:00,188.2938943366879,188.42256253993392,186.63117494967102,187.73965454101562,50922700
2023-11-20 00:00:00-05:00,187.93762437034974,189.93685974559065,187.92773262314063,189.48158264160156,46505100
2023-11-21 00:00:00-05:00,189.44197314241592,189.55084275358138,187.78914548337832,188.6798858642578,38134500
2023-11-22 00:00:00-05:00,189.52114419013287,190.94632571731435,188.8679265514864,189.34298706054688,39617700
2023-11-24 00:00:00-05:00,188.90754041885276,188.93723076179566,187.30420149232032,188.0167999267578,24048300
2023-11-27 00:00:00-05:00,187.96730652329646,188.70959528304604,186.95778958150402,187.83863830566406,40552600
2023-11-28 00:00:00-05:00,187.82874701011957,189.11538388382388,187.45264920500045,188.44236755371094,38415400
2023-11-29 00:00:00-05:00,188.93721085337887,190.11497800569174,187.02706184977393,187.42294311523438,43014200
2023-11-30 00:00:00-05:00,187.88812439803064,188.36320007044645,186.2550951920731,187.9969940185547,48794400
2023-12-01 00:00:00-05:00,188.37308016671426,189.59042941044567,187.2843840288066,189.2737274169922,45704800
2023-12-04 00:00:00-05:00,188.0267090138373,188.09599655502976,185.52272251537218,187.48236083984375,43389500
2023-12-05 00:00:00-05:00,188.25433276481266,192.40123993854135,188.22462732075607,191.4313201904297,66628400
2023-12-06 00:00:00-05:00,192.4506950223819,192.75750523859645,190.1347581304068,190.3426055908203,41089700
2023-12-07 00:00:00-05:00,191.63914867608756,192.99505783958267,191.5995514892092,192.27256774902344,47477700
2023-12-08 00:00:00-05:00,192.2032849129047,193.97488907234165,191.67873543823174,193.69776916503906,53406400
2023-12-11 00:00:00-05:00,191.12451418849048,191.50061200003438,189.45188773429211,191.19378662109375,60943700
2023-12-12 00:00:00-05:00,191.094792823406,192.71793007544312,189.74877546060196,192.70803833007812,52696900
2023-12-13 00:00:00-05:00,193.08412007779322,195.96420366520786,192.84659737493098,195.92462158203125,70404200
2023-12-14 00:00:00-05:00,195.98404908233329,197.56758952005956,194.14317218582164,196.0731201171875,66831600
2023-12-15 00:00:00-05:00,195.4990685795855,196.36011872958818,194.9745190512041,195.53866577148438,128538400
2023-12-18 00:00:00-05:00,194.0738561652729,194.60831249977454,192.39133809002112,193.87591552734375,55751900
2023-12-19 00:00:00-05:00,194.14316672319833,194.9250376214273,193.87593852424982,194.91514587402344,40714100
2023-12-20 00:00:00-05:00,194.87553713507947,195.6475162401682,192.8268280029297,192.8268280029297,52242800
2023-12-21 00:00:00-05:00,194.08375795359612,195.0536776254948,191.51048442189503,192.6783447265625,46482500
2023-12-22 00:00:00-05:00,193.173238924369,193.40088504018271,190.98596961710052,191.6094970703125,37149600
2023-12-26 00:00:00-05:00,191.6193796571302,191.8964996004414,190.84740051477698,191.0651397705078,28919300
2023-12-27 00:00:00-05:00,190.51085997155874,191.51046990751823,189.12524544338694,191.1640625,48087700
2023-12-28 00:00:00-05:00,192.14390044821914,192.65855816674446,191.18387253758047,191.58966064453125,34049900
2023-12-29 00:00:00-05:00,191.90635467026271,192.40121377472641,189.75866796911842,190.55044555664062,42672100
2024-01-02 00:00:00-05:00,185.22574644136162,186.50249131681724,181.9992706966848,183.7312774658203,82488700
2024-01-03 00:00:00-05:00,182.32590048043423,183.96883642924203,181.5440145919006,182.3555908203125,58414500
2024-01-04 00:00:00-05:00,180.27718031693732,181.2075179249861,179.0202489631632,180.03965759277344,71983600
2024-01-05 00:00:00-05:00,180.11885376441708,180.88092604513352,178.31755906038765,179.31716918945312,62379700
2024-01-08 00:00:00-05:00,180.21777638123424,183.69169679289456,179.63384629047616,183.652099609375,59144500
2024-01-09 00:00:00-05:00,182.0289926299427,183.24634194188326,180.85122540618832,183.2364501953125,42841800
2024-01-10 00:00:00-05:00,182.4545871112419,184.48349768333688,182.02900036017593,184.27566528320312,46792900
2024-01-11 00:00:00-05:00,184.6220377994394,185.12680377786887,181.73206228896322,183.6818084716797,49128400
2024-01-12 00:00:00-05:00,184.14698280822722,184.8199990991005,183.28593272766105,184.0084228515625,40477800
2024-01-16 00:00:00-05:00,180.28711706016838,182.36551675075452,179.0697524893553,181.74200439453125,65603000
2024-01-17 00:00:00-05:00,179.40625114511818,181.04917214343425,178.44622312883942,180.80174255371094,47317400
2024-01-18 00:00:00-05:00,184.17665903424702,187.19530261085842,183.91933773499053,186.6905517578125,78005800
2024-01-19 00:00:00-05:00,187.38334105678896,189.9763978035435,186.8785902318415,189.5904083251953,68903000
2024-01-22 00:00:00-05:00,190.32282073770045,193.3216657993532,190.28322355100102,191.89646911621094,60133900
2024-01-23 00:00:00-05:00,193.01485907067706,193.7373491711095,191.83709192633378,193.17320251464844,42355600
2024-01-24 00:00:00-05:00,193.41075266703035,194.36088890095834,192.34185506707502,192.50021362304688,53631300
2024-01-25 00:00:00-05:00,193.21282181305796,194.2520291241628,191.1245154438125,192.17361450195312,54822100
2024-01-26 00:00:00-05:00,192.27260502262163,192.7575573916286,189.9665592517261,190.44161987304688,44594000
2024-01-29 00:00:00-05:00,190.03581744325376,190.22386634852867,187.63080907007364,189.75869750976562,47145600
2024-01-30 00:00:00-05:00,188.97683613469175,189.82799457367844,185.54251203451676,186.1066436767578,55859400
2024-01-31 00:00:00-05:00,185.11691469411622,185.17631048108575,182.45458500160478,182.50405883789062,55467800
2024-02-01 00:00:00-05:00,182.0982797244824,185.02783750412453,181.93002942176474,184.9387664794922,64885400
2024-02-02 00:00:00-05:00,178.01075956316492,185.4039575322669,177.40703070953327,183.93917846679688,102551700
2024-02-05 00:00:00-05:00,186.21550453356022,187.3042007769885,183.92925752426459,185.75033569335938,69668800
2024-02-06 00:00:00-05:00,184.93876832266957,187.36357521832525,184.8496972971495,187.3536834716797,43490800
2024-02-07 00:00:00-05:00,188.67990426473503,189.0856924097343,186.67077723703076,187.46255493164062,53439000
2024-02-08 00:00:00-05:00,187.44273393335544,187.5911856262693,185.42371540021887,186.3837432861328,40962000
2024-02-09 00:00:00-05:00,186.9486117161699,188.27653811843788,186.30447993507684,187.14682006835938,45155200
2024-02-12 00:00:00-05:00,186.72067805809255,186.96842336096995,185.1053738445565,185.46212768554688,41781900
2024-02-13 00:00:00-05:00,184.09459726813964,184.53063145226378,181.85496988989732,183.3711700439453,56529500
2024-02-14 00:00:00-05:00,183.6486735380374,183.8567711565096,180.79464237244255,182.4892120361328,54630500
2024-02-15 00:00:00-05:00,181.8946109768474,182.82613576875198,179.71445525689393,182.20181274414062,65434500
2024-02-16 00:00:00-05:00,181.76579187183052,183.18290302222294,180.03157456209792,180.66580200195312,49752500
2024-02-20 00:00:00-05:00,180.15046783149373,180.78469520216953,178.3766181157698,179.92254638671875,53665600
2024-02-21 00:00:00-05:00,180.29914247718926,181.24057170015067,179.03068760645021,180.67572021484375,41371400
2024-02-22 00:00:00-05:00,181.82522643308513,183.29188949706392,180.8144364958238,182.7071990966797,52292200
2024-02-23 00:00:00-05:00,183.34143499372246,183.3711632214272,180.58650833781007,180.8739013671875,45119700
2024-02-26 00:00:00-05:00,180.59643039937333,181.11172976770854,179.02075870271764,179.5261688232422,40867400
2024-02-27 00:00:00-05:00,179.4666949255866,182.2612539462515,177.94057546451762,180.98289489746094,54318900
2024-02-28 00:00:00-05:00,180.8639793914523,181.46847854843006,178.50545433930714,179.7838134765625,48953900
2024-02-29 00:00:00-05:00,179.63518756564144,180.92346630197014,177.9108746304469,179.119873046875,136682600
2024-03-01 00:00:00-05:00,177.93071007111854,178.90186759105143,175.78028228782205,178.0397186279297,73563100
2024-03-04 00:00:00-05:00,174.56133114426578,175.30456703921072,172.22261492332544,173.52081298828125,81510100
2024-03-05 00:00:00-05:00,169.21993595014084,170.48839061409436,168.09021804252058,168.58570861816406,95132400
2024-03-06 00:00:00-05:00,169.5172478388351,169.69563232435493,167.15870765798908,167.59474182128906,68587700
2024-03-07 00:00:00-05:00,167.62447121611535,169.1902233947002,166.97043508778398,167.475830078125,71765100
2024-03-08 00:00:00-05:00,167.47580771798204,172.13341591430694,167.41635127072408,169.19020080566406,76267000
2024-03-11 00:00:00-04:00,171.38030546468005,172.80732093128213,170.49833272784605,171.1920166015625,60139500
2024-03-12 00:00:00-04:00,171.58839851794536,172.4604668624585,169.4676992338398,171.6676788330078,59825400
2024-03-13 00:00:00-04:00,171.21183277143888,171.62804307697533,169.21995080494636,169.5866241455078,52488700
2024-03-14 00:00:00-04:00,171.35057361629615,172.73794133442243,170.49832912625453,171.43975830078125,72913500
2024-03-15 00:00:00-04:00,169.62625165850892,171.06317138671875,168.75418335618096,171.06317138671875,121752700
2024-03-18 00:00:00-04:00,173.98658058844927,176.107279800922,171.95506605696912,172.15325927734375,75604200
2024-03-19 00:00:00-04:00,172.76764601394297,175.0171774056643,171.4694631572472,174.49195861816406,55215200
2024-03-20 00:00:00-04:00,174.1352174960067,177.05860900878906,173.51089450186836,177.05860900878906,53423100
2024-03-21 00:00:00-04:00,175.4532130863986,175.88924720546055,169.2992135808601,169.82443237304688,106181300
2024-03-22 00:00:00-04:00,170.210942813777,171.48931715990707,168.5262776263353,170.72625732421875,71160100
2024-03-25 00:00:00-04:00,169.0316847755244,170.38932429506946,167.92177545566648,169.3091583251953,54288300
2024-03-26 00:00:00-04:00,168.46682128354186,169.8740129173693,168.05061095138228,168.179443359375,57388400
2024-03-27 00:00:00-04:00,168.87310882923745,172.0343412561863,168.575811446925,171.7469482421875,60273300
2024-03-28 00:00:00-04:00,170.20104086869387,170.67670766601367,168.97221859434498,169.9334716796875,65672700
2024-04-01 00:00:00-04:00,169.6460781034487,169.70553455748254,167.9514935576168,168.4965362548828,46240500
2024-04-02 00:00:00-04:00,167.5550863912881,167.81273603395658,166.71274640687062,167.31724548339844,49329500
2024-04-03 00:00:00-04:00,167.26773529316293,169.140689438472,167.05963767767048,168.11997985839844,47691700
2024-04-04 00:00:00-04:00,168.75419869027797,170.3695030458197,167.29747009277344,167.29747009277344,53704400
2024-04-05 00:00:00-04:00,168.06050251317026,168.85329051832247,167.42627513328318,168.05059814453125,42104800
2024-04-08 00:00:00-04:00,167.50555706407098,167.67402205960258,166.72268854116854,166.9307861328125,37425500
2024-04-09 00:00:00-04:00,167.17853275073267,168.5460917055098,166.83169838821917,168.13978576660156,42373800
2024-04-10 00:00:00-04:00,167.27765088979615,167.56502882108228,165.60289002910008,166.266845703125,49709300
2024-04-11 00:00:00-04:00,166.8217782077108,173.87757491447604,166.64340884278624,173.4613494873047,91070300
2024-04-12 00:00:00-04:00,172.68839280877705,176.7514221146486,172.63885584160187,174.95774841308594,101670900
2024-04-15 00:00:00-04:00,173.77844021277133,175.0369903996079,170.9442337612168,171.1325225830078,73531800
2024-04-16 00:00:00-04:00,170.20103782824683,172.1929047923956,166.75242714722782,167.8524169921875,73711200
2024-04-17 00:00:00-04:00,168.08034382587564,169.11095775477588,166.48486328125,166.48486328125,50901200
2024-04-18 00:00:00-04:00,166.51456987389489,167.11906901091456,165.0479219314042,165.5334930419922,43122900
2024-04-19 00:00:00-04:00,164.7109957890585,164.89926951971245,162.6002009445124,163.51190185546875,68149400
2024-04-22 00:00:00-04:00,164.0272084619306,165.75150603037284,163.28397258003716,164.3443145751953,48116400
2024-04-23 00:00:00-04:00,163.8587664496344,165.54343166054898,163.4326366212621,165.394775390625,49537800
2024-04-24 00:00:00-04:00,165.03799187966663,167.7731094949557,164.7109814111337,167.49563598632812,48251800
2024-04-25 00:00:00-04:00,168.00101903826769,169.0712804049099,166.63346032736303,168.35777282714844,50558300
2024-04-26 00:00:00-04:00,168.34790327634968,169.79472746518425,167.65420428921547,167.77313232421875,44838400
2024-04-29 00:00:00-04:00,171.80640930182136,174.44242297655094,171.53885525962073,171.93524169921875,68169400
2024-04-30 00:00:00-04:00,171.76679778510277,173.41183044153803,168.46682810243752,168.79385375976562,65934800
2024-05-01 00:00:00-04:00,168.05060587060277,171.1523820898212,167.58484346320657,167.77313232421875,50383100
2024-05-02 00:00:00-04:00,170.95416794412498,171.8559644998941,169.34878317714927,171.469482421875,94214900
2024-05-03 00:00:00-04:00,184.9666328542693,185.31348231884328,181.01262758822543,181.72613525390625,163224100
2024-05-06 00:00:00-04:00,180.70540954983616,182.53871551128475,178.79280816471214,180.07118225097656,78569700
2024-05-07 00:00:00-04:00,181.79550770435065,183.23242749590466,179.68472791941784,180.75497436523438,77305800
2024-05-08 00:00:00-04:00,181.20094275555934,181.4189598584749,179.813559816899,181.09193420410156,45057100
2024-05-09 00:00:00-04:00,180.9135439323752,182.99461071341904,180.46760537105857,182.90542602539062,48983000
2024-05-10 00:00:00-04:00,183.48094965782863,183.66949389545601,180.7322193628195,181.64515686035156,50759500
2024-05-13 00:00:00-04:00,184.01682262141375,185.6640864017181,183.20310853414878,184.85037231445312,72044800
2024-05-14 00:00:00-04:00,186.07090395104018,186.85484938535834,184.86026592315986,185.99151611328125,52393600
2024-05-15 00:00:00-04:00,186.46785537715886,189.1868170758504,185.93199122253947,188.2639617919922,70400000
2024-05-16 00:00:00-04:00,189.0082265089993,189.6333963773736,188.20444533062346,188.383056640625,52845200
2024-05-17 00:00:00-04:00,188.05555831413108,189.34558420614056,187.7280891548122,188.4127960205078,41282900
2024-05-20 00:00:00-04:00,187.87695420764547,190.44707314635468,187.5594028379898,189.57382202148438,44361300
2024-05-21 00:00:00-04:00,189.62343971650407,191.25085261805762,189.4547462309282,190.873779296875,42309400
2024-05-22 00:00:00-04:00,190.79440205142186,191.3401840301744,188.8097513226368,189.43490600585938,34648500
2024-05-23 00:00:00-04:00,189.51429520164533,189.5341459487459,185.19768892080702,185.44577026367188,51005900
2024-05-24 00:00:00-04:00,187.37088671578107,189.11737394472448,186.59685898409072,188.52197265625,36327000
2024-05-28 00:00:00-04:00,190.04021443649896,191.5187845976106,187.64872194997955,188.53189086914062,52280100
2024-05-29 00:00:00-04:00,188.15481585355153,190.7745542503335,188.05557725890648,188.82958984375,53068000
2024-05-30 00:00:00-04:00,189.29596821795033,190.70506832278696,189.16697622567534,189.8218994140625,49889100
2024-05-31 00:00:00-04:00,189.9707550742459,191.09208749217237,188.45249859880175,190.7745361328125,75158300
2024-06-03 00:00:00-04:00,191.41956102246726,193.49353258818425,191.04248767189634,192.5408935546875,50080500
2024-06-04 00:00:00-04:00,193.14619663099631,193.82098571162214,191.54855228534223,192.85842895507812,47471400
2024-06-05 00:00:00-04:00,193.90036613096368,195.38885414673365,193.3744349100596,194.36676025390625,54156800
2024-06-06 00:00:00-04:00,194.1881470745491,194.9919281725913,192.67980832687616,192.9874267578125,41181800
2024-06-07 00:00:00-04:00,193.1561225415401,195.42855606321456,192.65004206608782,195.37893676757812,53103900
2024-06-10 00:00:00-04:00,195.3888517006261,195.7857909182053,190.6753063763642,191.6378631591797,97010200
2024-06-11 00:00:00-04:00,192.16378906024917,205.57011360777915,192.14395345618084,205.5601806640625,172373300
2024-06-12 00:00:00-04:00,205.7784872423207,218.51002232587345,205.3120931521647,211.43475341796875,198134300
2024-06-13 00:00:00-04:00,213.09194207290335,215.08651049080893,209.97604121171418,212.5957794189453,97862700
2024-06-14 00:00:00-04:00,212.2087548022513,213.5186162217459,209.67832245756608,210.85919189453125,70122700
2024-06-17 00:00:00-04:00,211.7324642876032,217.26964179829142,211.08745883873982,215.00714111328125,93728300
2024-06-18 00:00:00-04:00,215.92007781385274,216.95210469802018,211.36530791117931,212.64540100097656,79943300
2024-06-20 00:00:00-04:00,212.28813739547695,212.59577094768608,207.2471383568116,208.0707550048828,86172500
2024-06-21 00:00:00-04:00,208.77532033595196,210.26380829361358,205.52049454653314,205.8975830078125,241805100
2024-06-24 00:00:00-04:00,206.12581247138846,211.0675882243761,205.00448003735443,206.54258728027344,80727000
2024-06-25 00:00:00-04:00,207.54485732874397,209.75775393646785,207.0090082596573,207.46548461914062,55549700
2024-06-26 00:00:00-04:00,209.87680350658064,213.21101716086312,209.02340313251779,211.61337280273438,66213200
2024-06-27 00:00:00-04:00,213.0423164247351,214.0842609953053,210.72027890747495,212.45684814453125,49772700
2024-06-28 00:00:00-04:00,214.1140398112984,214.41174043740799,208.68601906723538,209.00355529785156,82542700
2024-07-01 00:00:00-04:00,210.46229254870087,215.84069445328046,210.29359904602236,215.08653259277344,60402900
2024-07-02 00:00:00-04:00,214.49109278116705,218.6886394133838,213.44916340119858,218.57948303222656,58046200
2024-07-03 00:00:00-04:00,218.3115631866412,219.84967041015625,217.34900644671097,219.84967041015625,37369800
2024-07-05 00:00:00-04:00,219.9489270685169,224.71209219476,219.9489270685169,224.60293579101562,60412400
2024-07-08 00:00:00-04:00,225.34715532852172,226.1013322692385,221.53662969916704,226.07156372070312,59085900
2024-07-09 00:00:00-04:00,226.180713251394,227.63943274976205,224.63268810415036,226.92495727539062,48076100
2024-07-10 00:00:00-04:00,227.54019053238477,231.29117889263895,227.49057123987387,231.1919403076172,62627700
2024-07-11 00:00:00-04:00,229.61417679228308,230.6065022056456,224.0373128145247,225.82350158691406,64710600
2024-07-12 00:00:00-04:00,227.1631286162611,230.8545803134063,226.92496506939614,228.77069091796875,53046500
2024-07-15 00:00:00-04:00,234.6651283197596,235.40937243942963,231.30114550451836,232.60108947753906,62631300
2024-07-16 00:00:00-04:00,233.1964793539142,234.4567369075411,230.54697223527828,233.0178680419922,43234300
2024-07-17 00:00:00-04:00,227.68904591405493,229.6836295353235,224.9006141352506,227.12342834472656,57345900
2024-07-18 00:00:00-04:00,228.51267855827928,228.67145424701283,220.56415801938329,222.45948791503906,66034600
2024-07-19 00:00:00-04:00,223.09459660515446,225.0593965950336,221.56640705838353,222.5885009765625,49151500
2024-07-22 00:00:00-04:00,225.26777593230437,226.03187070395737,221.3778623137636,222.24119567871094,48201800
2024-07-23 00:00:00-04:00,222.64802398231987,225.19830728583617,220.97099179310993,223.28311157226562,39960300
2024-07-24 00:00:00-04:00,222.28089648286087,223.0747598557794,215.46362561910502,216.86279296875,61777600
2024-07-25 00:00:00-04:00,217.24978234747041,219.15506035064124,212.97286249707204,215.8208465576172,51391200
2024-07-26 00:00:00-04:00,217.02155779536062,217.80550332568987,214.35220009781358,216.28724670410156,41601300
2024-07-29 00:00:00-04:00,215.29491873308154,217.61695646267233,214.0941983741811,216.56509399414062,36311800
2024-07-30 00:00:00-04:00,217.50779485320817,218.63904514115285,214.46134877521007,217.12078857421875,41643800
2024-07-31 00:00:00-04:00,219.74053796301214,222.10227724921992,218.93675681546986,220.37562561035156,50036300
2024-08-01 00:00:00-04:00,222.64802807062824,222.7571844619209,215.35444602521784,216.6841583251953,62501000
2024-08-02 00:00:00-04:00,217.46808032420208,223.86859053089324,216.03914463167754,218.17263793945312,105568600
2024-08-05 00:00:00-04:00,197.562059997048,211.8614726265992,194.4957781490091,207.6639404296875,119548600
2024-08-06 00:00:00-04:00,203.72440665766518,208.37841518370308,199.52687447574846,205.63958740234375,69660500
2024-08-07 00:00:00-04:00,205.31211338628992,212.00039184379946,204.80603289763474,208.209716796875,63516400
2024-08-08 00:00:00-04:00,211.47445056104476,212.5560815310077,207.22729938249148,211.67291259765625,47161100
2024-08-09 00:00:00-04:00,210.47220292637738,215.1162780786914,210.3431957915856,214.58042907714844,42201600
2024-08-12 00:00:00-04:00,214.65991863613397,218.07745621052726,214.19298467780987,216.11038208007812,38028100
2024-08-13 00:00:00-04:00,217.58071280084246,220.44192247615112,217.58071280084246,219.8259735107422,44155300
2024-08-14 00:00:00-04:00,219.13055181670978,221.5744891931242,218.2662191901357,220.27304077148438,41960600
2024-08-15 00:00:00-04:00,223.13425172393934,223.87935717471936,221.30624816369337,223.2534637451172,46414000
2024-08-16 00:00:00-04:00,222.45869413327577,225.34970708383625,222.19045191126241,224.57479858398438,44340200
2024-08-19 00:00:00-04:00,224.24695901251525,224.515201244893,221.5844407323156,224.4158477783203,40687800
2024-08-20 00:00:00-04:00,224.2966078109087,225.68746521443902,223.97868888483964,225.03176879882812,30299000
2024-08-21 00:00:00-04:00,225.04172779494317,226.4921913011218,223.58131984717622,224.92250061035156,34765500
2024-08-22 00:00:00-04:00,226.30343225653021,226.84984597984075,222.43881906323927,223.06471252441406,43695300
2024-08-23 00:00:00-04:00,224.187342377279,226.73063334528243,222.866020162344,225.35963439941406,38677300
2024-08-26 00:00:00-04:00,225.2801304868265,225.7967411465175,222.4288653159012,225.6973876953125,30602200
2024-08-27 00:00:00-04:00,224.52510403050715,227.356510742363,223.42234738221904,226.54185485839844,35934600
2024-08-28 00:00:00-04:00,226.43257756563742,228.35991942602843,224.20719049274723,225.0119171142578,38052200
2024-08-29 00:00:00-04:00,228.59834913803303,231.39993763712056,227.38630977427198,228.2903594970703,51906300
2024-08-30 00:00:00-04:00,228.68776005113654,228.89638108151303,225.9954391052015,227.50552368164062,52990800
2024-09-03 00:00:00-04:00,227.05848641015993,227.50554667965343,219.72664341730942,221.3162078857422,50190600
2024-09-04 00:00:00-04:00,220.2134333758585,220.33264539565292,216.06070449558098,219.40872192382812,43840200
2024-09-05 00:00:00-04:00,220.1836512012438,224.0085170705176,220.07436845302396,220.9287567138672,36615400
2024-09-06 00:00:00-04:00,222.4884846157397,223.7700744804958,218.33577084564575,219.37892150878906,48423000
2024-09-09 00:00:00-04:00,219.37892899374344,219.82598924771256,215.2957503769675,219.4683380126953,67180000
2024-09-10 00:00:00-04:00,217.49131703149231,220.03460793809228,215.31560663834654,218.67355346679688,51591000
2024-09-11 00:00:00-04:00,220.01474349397893,221.63409569372266,216.46803428284608,221.2069091796875,44587100
2024-09-12 00:00:00-04:00,221.04796566036197,222.09111639532034,218.38546260882887,221.3162078857422,37455600
2024-09-13 00:00:00-04:00,222.12091208096655,222.57790161811045,220.46181236980377,221.04795837402344,36766600
2024-09-16 00:00:00-04:00,215.12686027714844,215.80243050187988,212.52396316355507,214.90830993652344,59357400
2024-09-17 00:00:00-04:00,214.34200737227792,215.48449636527135,213.10016491936787,215.37521362304688,45519300
2024-09-18 00:00:00-04:00,216.13026348358338,221.25659276615585,216.12031904206836,219.24977111816406,59894900
2024-09-19 00:00:00-04:00,223.52170475455895,228.32018565098164,223.16405353373213,227.37637329101562,66781300
2024-09-20 00:00:00-04:00,228.46920754640476,231.56884144729943,226.1345376792504,226.71075439453125,318679900
2024-09-23 00:00:00-04:00,225.8563676699032,227.95259834339626,224.33635371548323,224.99205017089844,54146000
2024-09-24 00:00:00-04:00,227.15783023434298,227.8532741806864,224.2568878942957,225.8861846923828,43556100
2024-09-25 00:00:00-04:00,223.46208007568333,225.80667911779153,222.5580303354434,224.89268493652344,42308700
2024-09-26 00:00:00-04:00,225.81665178414175,227.00881759745033,223.9389864593978,226.03521728515625,36636700
2024-09-27 00:00:00-04:00,226.9690772008412,228.02215721764472,225.81664372013879,226.30343627929688,34026000
2024-09-30 00:00:00-04:00,228.53875664504176,231.4794464111328,228.15130238402674,231.4794464111328,54541900
2024-10-01 00:00:00-04:00,228.02216122790813,228.15130254219565,222.27988260723768,224.7337646484375,63285000
2024-10-02 00:00:00-04:00,224.41582711263038,225.8861642954019,221.56456176324298,225.30001831054688,32880600
2024-10-03 00:00:00-04:00,223.6707104185886,225.3298099915582,221.86259582618194,224.19725036621094,34044200
2024-10-04 00:00:00-04:00,226.41271278943105,226.5120662505933,222.66732681912907,225.3199005126953,37245100
2024-10-07 00:00:00-04:00,223.0348842523572,224.2171205854488,219.8855738973866,220.24322509765625,39505400
2024-10-08 00:00:00-04:00,222.83620769655573,224.5052366387564,221.79305702807565,224.29661560058594,31855700
2024-10-09 00:00:00-04:00,223.76012210676075,228.25062837641602,223.3627386107029,228.0419921875,33591100
2024-10-10 00:00:00-04:00,226.29350107451606,228.00227752622936,225.68748134269669,227.54527282714844,28183500
2024-10-11 00:00:00-04:00,227.80359724609562,227.91287999534921,225.8563814846346,226.0650177001953,31759200
2024-10-14 00:00:00-04:00,227.20748901369805,230.21771386522883,227.1081507143634,229.79052734375,39882100
2024-10-15 00:00:00-04:00,232.08545910083197,235.9401430278398,230.85354589755886,232.3238983154297,64751400
2024-10-16 00:00:00-04:00,230.0885617348273,230.60515724916505,228.34003796565733,230.2673797607422,34082200
2024-10-17 00:00:00-04:00,231.90660939150177,232.3238817771462,229.01561181125544,230.6349639892578,32993800
2024-10-18 00:00:00-04:00,234.6386615701971,234.6386615701971,232.4828249974097,233.46636962890625,46431500
2024-10-21 00:00:00-04:00,232.91995571367772,235.3043021987925,232.91995571367772,234.93670654296875,36254500
2024-10-22 00:00:00-04:00,232.36362533760988,234.67842149785605,231.0820505913223,234.32077026367188,38846600
2024-10-23 00:00:00-04:00,232.55238437433343,233.60546433739609,226.27362172475395,229.25404357910156,52287000
2024-10-24 00:00:00-04:00,228.47914643577636,229.3136761173618,226.91940013747097,229.0653076171875,31109500
2024-10-25 00:00:00-04:00,228.2407111108546,231.69799621804017,228.07182235817814,229.89981079101562,38802300
2024-10-28 00:00:00-04:00,231.7973512193415,233.19813797949908,231.032372026897,231.87681579589844,36087100
2024-10-29 00:00:00-04:00,231.5787930163908,232.80076177889833,230.80388451731673,232.1450653076172,35417200
2024-10-30 00:00:00-04:00,231.09197226998216,231.94636045913163,228.05194445904854,228.59835815429688,47070900
2024-10-31 00:00:00-04:00,227.84332326136388,228.33013097812315,223.89923027313517,224.4357147216797,64370100
2024-11-01 00:00:00-04:00,219.5279346472888,223.87935529424118,218.83250593091054,221.4552764892578,65276700
2024-11-04 00:00:00-05:00,219.54780947276666,221.33605042122997,218.2761640538016,220.56114196777344,44944500
2024-11-05 00:00:00-05:00,220.35251908634842,222.4884819564664,219.6968226591573,221.9917449951172,28111300
2024-11-06 00:00:00-05:00,221.15721202226086,224.59463817705685,219.7464809892452,221.26649475097656,54561100
2024-11-07 00:00:00-05:00,223.16406118155706,226.39285156162418,223.10445516924474,225.99545288085938,42137700
2024-11-08 00:00:00-05:00,225.9357792784742,227.4176895436531,225.17991383614745,225.7269287109375,38328800
2024-11-11 00:00:00-05:00,223.77757009002366,224.47376393957063,220.29658566640109,223.01174926757812,42005600
2024-11-12 00:00:00-05:00,223.33001798502116,224.36436096493557,222.14648085284745,223.01174926757812,40398300
2024-11-13 00:00:00-05:00,222.79294167641658,225.4185978724207,221.54973296285615,223.89691162109375,48566200
2024-11-14 00:00:00-05:00,223.79749088560675,227.62656507733544,223.77759529455372,226.9801025390625,44923900
2024-11-15 00:00:00-05:00,225.16996034674554,225.68713943052106,223.0515429787679,223.77757263183594,47923700
2024-11-18 00:00:00-05:00,224.0262188410909,228.49183017609323,223.94665165924164,226.7811737060547,44633700
2024-11-19 00:00:00-05:00,225.7467938634959,228.90952454109907,225.42854034251505,227.03973388671875,36211800
2024-11-20 00:00:00-05:00,226.82094870348703,228.68078414631773,224.6627401240164,227.75584411621094,35169600
2024-11-21 00:00:00-05:00,227.63650237265796,228.90954693288327,224.48372676835862,227.27845764160156,42108300
2024-11-22 00:00:00-05:00,226.82094518602503,229.46649702017746,226.82094518602503,228.62110900878906,38168300
2024-11-25 00:00:00-05:00,230.20248468460477,231.98275293866183,228.49182822914253,231.6048126220703,90152800
2024-11-26 00:00:00-05:00,232.06231657216094,234.29015208323423,232.06231657216094,233.7829132080078,45986200
2024-11-27 00:00:00-05:00,233.19611792325418,234.40949083683986,232.53970008294309,233.6536102294922,33498400
2024-11-29 00:00:00-05:00,233.5342752849028,236.51797629056327,232.698842645531,236.04058837890625,28481400
2024-12-02 00:00:00-05:00,235.9809120539101,239.4817769036961,235.8715090788613,238.28829956054688,48137100
2024-12-03 00:00:00-05:00,238.50711361537608,241.441083276618,237.60205398884364,241.33168029785156,38861000
2024-12-04 00:00:00-05:00,241.55048900644988,242.78375758332757,239.9392952788925,241.68972778320312,44383900
2024-12-05 00:00:00-05:00,242.6644095132275,243.21140922639395,240.81451427308068,241.7195587158203,40033900
2024-12-06 00:00:00-05:00,241.5902721155965,243.3009285590703,240.76477968960373,241.52064514160156,36870600
2024-12-09 00:00:00-05:00,240.51612576959502,245.89673657618508,240.43655859300793,245.40939331054688,44649200
2024-12-10 00:00:00-05:00,245.54863486606115,246.86147053083658,244.00705305092782,246.42385864257812,36914800
2024-12-11 00:00:00-05:00,246.61283253090062,249.43739908317045,244.92205654138039,245.15081787109375,45205800
2024-12-12 00:00:00-05:00,245.54862958315107,247.38858448031883,244.3451969163318,246.61282348632812,32777500
2024-12-13 00:00:00-05:00,246.4736080363398,247.9356076049288,244.9021903118032,246.78192138671875,33155300
2024-12-16 00:00:00-05:00,246.6426542229925,250.0142354510927,246.304489938892,249.6760711669922,51694800
2024-12-17 00:00:00-05:00,248.72130738305802,252.45093348613432,248.42293425963442,252.1028289794922,51356400
2024-12-18 00:00:00-05:00,250.7900177691265,252.89849494785605,246.39403346062903,246.7023468017578,56774100
2024-12-19 00:00:00-05:00,246.15532490458142,250.6308762664829,245.7475488049507,248.43287658691406,60882300
2024-12-20 00:00:00-05:00,246.6923766885693,253.61456925624782,244.35515348919105,253.1073455810547,147495300
2024-12-23 00:00:00-05:00,253.38581895601413,254.26102752773247,252.07298333460633,253.8831024169922,40858800
2024-12-24 00:00:00-05:00,254.10192745486222,256.80713572411884,253.90300191480816,256.7972106933594,23234700
2024-12-26 00:00:00-05:00,256.78725468311694,258.6868812844183,256.23029959445824,257.61273193359375,27237100
2024-12-27 00:00:00-05:00,256.4291751646687,257.29447387899233,251.68510189149424,254.20135498046875,42355300
2024-12-30 00:00:00-05:00,250.85960874260036,252.1227129740064,249.3876539575231,250.82977294921875,35557500
2024-12-31 00:00:00-05:00,251.0684930674946,251.90392569582917,248.07483671879714,249.05946350097656,39480700
2025-01-02 00:00:00-05:00,247.57756417344766,247.74665392379396,240.5062071395791,242.52517700195312,55740700
2025-01-03 00:00:00-05:00,242.03782653808594,242.85336358935695,240.5758118291158,242.03782653808594,40244100
2025-01-06 00:00:00-05:00,242.9826459215422,245.98624232017474,241.8786760145675,243.6688995361328,45045600
2025-01-07 00:00:00-05:00,241.65986382248775,244.21590806857427,240.0387300769128,240.89405822753906,40856000
2025-01-08 00:00:00-05:00,240.6056476428208,242.38593107741448,238.74581220273618,241.38140869140625,37628900
2025-01-10 00:00:00-05:00,238.70602211575698,238.85521627248303,231.73411285331812,235.56320190429688,61710900
2025-01-13 00:00:00-05:00,232.2612269401141,233.39503269669683,228.47192915300568,233.12649536132812,49630700
2025-01-14 00:00:00-05:00,233.47460320476435,234.8371551382162,231.20699165927476,232.01258850097656,39435300
2025-01-15 00:00:00-05:00,233.36518970349533,237.66172623332486,233.15632396556444,236.57763671875,39832000
2025-01-16 00:00:00-05:00,236.06047699847062,236.7168796666606,226.79110553013876,227.0198516845703,71759100
2025-01-17 00:00:00-05:00,230.85888730040747,231.0279618693864,227.2386640256131,228.7305145263672,68488300
2025-01-21 00:00:00-05:00,222.783001089375,223.20071739531107,218.1881065481907,221.43038940429688,98070400
2025-01-22 00:00:00-05:00,218.59586314481808,222.90233985709415,218.59586314481808,222.61392211914062,64126500
2025-01-23 00:00:00-05:00,223.51898889751178,225.7965406078772,221.09224303438072,222.44485473632812,60234800
2025-01-24 00:00:00-05:00,223.5587751677507,224.40416321125562,220.207089142254,221.56964111328125,54697900
2025-01-27 00:00:00-05:00,222.80289291870474,230.88871192185238,222.76310174211312,228.6111602783203,94863400
2025-01-28 00:00:00-05:00,229.59580038333414,238.88505261672515,229.5560092044273,236.9655303955078,75707600
2025-01-29 00:00:00-05:00,232.84798871941953,238.55680796680022,232.73858575763728,238.0595245361328,45486100
2025-01-30 00:00:00-05:00,237.37329797187644,239.48177510143526,235.9212386876704,236.29916381835938,55658300
2025-01-31 00:00:00-05:00,245.84702671405668,245.84702671405668,232.17173004375724,234.7178192138672,100959800
2025-02-03 00:00:00-05:00,228.7404632470789,230.5704628324937,224.47376244068877,226.77120971679688,73063300
2025-02-04 00:00:00-05:00,226.0153670030395,231.8634262398647,225.4186206897715,231.53521728515625,45067300
2025-02-05 00:00:00-05:00,227.2883741709104,231.4058805611787,227.02979223826367,231.20697021484375,39620300
2025-02-06 00:00:00-05:00,230.03337408912944,232.52974674745317,229.1780459389265,231.95289611816406,29925300
2025-02-07 00:00:00-05:00,231.33629458433444,232.72868233994458,226.02529517161955,226.39329528808594,39707200
2025-02-10 00:00:00-05:00,228.57377553913867,229.58933825388894,226.21404995469493,226.66209411621094,33115600
2025-02-11 00:00:00-05:00,227.20971719471092,234.2092091135714,227.1400288616486,231.61053466796875,53718400
2025-02-12 00:00:00-05:00,230.19669384296432,235.9317077791751,229.67894615315132,235.8420867919922,45243300
2025-02-13 00:00:00-05:00,235.8819260401158,241.28835511000761,234.54774465400956,240.48187255859375,53614100
2025-02-14 00:00:00-05:00,240.203075232316,244.48441805735465,239.9442089936196,243.53854370117188,40896200
2025-02-18 00:00:00-05:00,243.0905000064508,244.11602908498713,240.7905267294893,243.40911865234375,48822500
2025-02-19 00:00:00-05:00,243.5982928571997,244.94242536854557,242.10480216065562,243.807373046875,32204200
2025-02-20 00:00:00-05:00,243.87709210808563,245.7091038330044,243.2299036494767,244.7632293701172,32316900
2025-02-21 00:00:00-05:00,244.88267886995578,247.6107939080121,244.155851012499,244.4844207763672,53197400
2025-02-24 00:00:00-05:00,243.86711335623195,247.7800669312537,243.3593319822528,246.0277099609375,51326400
2025-02-25 00:00:00-05:00,246.92381259977986,248.91513366913293,243.84722519384715,245.9679718017578,48013300
2025-02-26 00:00:00-05:00,243.26972892021308,243.91690216055417,238.0922974197643,239.31695556640625,44433600
2025-02-27 00:00:00-05:00,238.3710773588995,241.4078448384303,236.0312691715791,236.27023315429688,41153600
2025-02-28 00:00:00-05:00,235.92174819400608,241.03944246427386,229.2010399398617,240.79052734375,56833400
2025-03-03 00:00:00-05:00,240.74073286620586,242.97101773746803,235.0853888180174,236.99705505371094,47184000
2025-03-04 00:00:00-05:00,236.6784633674393,239.02822274747484,233.6615980851158,234.9061737060547,53798100
2025-03-05 00:00:00-05:00,234.3983766092207,235.5234777567522,228.23523611666363,234.7169952392578,47227600
2025-03-06 00:00:00-05:00,233.42263965762712,236.82779659290307,232.14819548977783,234.30877685546875,45170400
2025-03-07 00:00:00-05:00,234.08974000390756,240.32256924437755,233.74125275300776,238.03256225585938,46273600
2025-03-10 00:00:00-04:00,234.5178647329352,235.13518456664028,223.24699590534985,226.4928436279297,72071200
2025-03-11 00:00:00-04:00,222.8387656202518,224.8599551431671,216.50636447278404,219.88165283203125,76137400
2025-03-12 00:00:00-04:00,219.18469713036333,220.78771110845915,213.9773970817033,216.0384063720703,62547500
2025-03-13 00:00:00-04:00,215.01287598245443,215.899013195213,207.51555384047248,208.77008056640625,61368300
2025-03-14 00:00:00-04:00,210.3332680009786,213.02154815111564,208.67051688888432,212.5635528564453,60107600
2025-03-17 00:00:00-04:00,212.3843419118567,214.28605714072168,209.0588394397278,213.07135009765625,48073400
2025-03-18 00:00:00-04:00,213.23066628615402,214.2163605039484,210.57225445008928,211.7670440673828,42432400
2025-03-19 00:00:00-04:00,213.29037609854922,217.81066771448715,212.82241448637808,214.3059539794922,54385400
2025-03-20 00:00:00-04:00,213.0614056873257,216.54621759798974,211.29908226715483,213.17092895507812,48862900
2025-03-21 00:00:00-04:00,210.6419412957371,217.8903488075446,210.36315756009637,217.3228302001953,94127800
2025-03-24 00:00:00-04:00,220.04097309502072,220.5188858867363,217.63147647971348,219.7721405029297,44299500
2025-03-25 00:00:00-04:00,219.81198848707382,223.1275400112128,219.12498026235477,222.779052734375,34493600
2025-03-26 00:00:00-04:00,222.5400680439697,224.04352508950674,219.51326687455483,220.56866455078125,34466100
2025-03-27 00:00:00-04:00,220.4292696466093,224.0136533961419,219.6028696378956,222.87860107421875,37094800
2025-03-28 00:00:00-04:00,220.7080664246457,222.8387793372666,216.73537546649092,216.9544219970703,39818600
2025-03-31 00:00:00-04:00,216.0682695484103,224.6409066608951,215.29165561007284,221.1660614013672,65299300
2025-04-01 00:00:00-04:00,218.85614379144315,222.70934527111467,217.95008904171658,222.2214813232422,36412700
2025-04-02 00:00:00-04:00,220.35960203797094,224.2128035366635,220.06090083198967,222.91844177246094,35905900
2025-04-03 00:00:00-04:00,204.64803566499702,206.58958563447752,200.37665915579902,202.30824279785156,103419000
2025-04-04 00:00:00-04:00,193.0486144227304,199.01262630823254,186.52703508606032,187.56253051757812,125910900
2025-04-07 00:00:00-04:00,176.43103817745248,193.30748067285785,173.86223225537526,180.6725616455078,160466300
2025-04-08 00:00:00-04:00,185.88979780340043,189.51400113284038,168.4757067407598,171.67176818847656,120859500
2025-04-09 00:00:00-04:00,171.20381523449285,199.7394480269994,171.14407803694525,197.98709106445312,184395900
2025-04-10 00:00:00-04:00,188.24954112448538,193.93475416517637,182.20587449762067,189.5936737060547,121880000
2025-04-11 00:00:00-04:00,185.2924188893916,198.67408279715283,185.2525839628914,197.2901153564453,87435900
2025-04-14 00:00:00-04:00,210.52246440005902,212.01595519155484,200.28707539108044,201.64117431640625,101352900
2025-04-15 00:00:00-04:00,200.98401841430368,202.62685207462172,198.93296032454862,201.26280212402344,51343900
2025-04-16 00:00:00-04:00,197.49920369317184,199.8290454554037,191.53519224238798,193.4269561767578,59732400
2025-04-17 00:00:00-04:00,196.34424488667963,197.9671763411939,193.5763099497932,196.1251983642578,52164700
2025-04-21 00:00:00-04:00,192.43130060162235,192.958999427942,188.98630873883343,192.32177734375,46742500
2025-04-22 00:00:00-04:00,195.26894368988752,200.715208155226,195.1196006832811,198.8732452392578,52976400
2025-04-23 00:00:00-04:00,205.10606155750318,207.09738254349836,201.9199510184256,203.71214294433594,52929200
2025-04-24 00:00:00-04:00,204.00088023313933,207.92378505310097,202.0593452871763,207.4657745361328,47311000
2025-04-25 00:00:00-04:00,205.47445049920006,208.8397878176709,205.30519003897632,208.371826171875,38222300
2025-04-28 00:00:00-04:00,209.08871177088434,210.5822025692478,206.55974070372147,209.2281036376953,38743100
2025-04-29 00:00:00-04:00,207.78438836336602,211.31898611202763,207.46576971677675,210.29345703125,36827600
2025-04-30 00:00:00-04:00,208.39173986928208,212.65316547487808,205.7731479657814,211.57785034179688,52286500
2025-05-01 00:00:00-04:00,208.1726964341785,213.62891164873253,207.99346964638974,212.39430236816406,57365700
2025-05-02 00:00:00-04:00,205.19567188008233,206.0917754590827,201.2827333487594,204.45889282226562,101010600
2025-05-05 00:00:00-04:00,202.21865389928206,203.21431440062256,197.34987465543003,198.02691650390625,69018500
2025-05-06 00:00:00-04:00,197.34988881133353,199.77928784710326,196.16505029893813,197.64857482910156,51216500
2025-05-07 00:00:00-04:00,198.30570335142838,198.574535944944,192.41139491378883,195.39837646484375,68536700
2025-05-08 00:00:00-04:00,196.86199326420865,199.18188402861682,193.83517686729027,196.63299560546875,50478900
2025-05-09 00:00:00-04:00,198.1364339272832,199.6697443694255,196.6827629534363,197.66847229003906,36453900
2025-05-12 00:00:00-04:00,210.32995926202443,210.6290521628615,206.1227607044075,210.15049743652344,63775800
2025-05-13 00:00:00-04:00,209.79158118866218,212.75257189298435,208.36592688565332,212.28399658203125,51909300
2025-05-14 00:00:00-04:00,211.78550901932945,213.29093762104833,209.94113079478424,211.68582153320312,49325800
2025-05-15 00:00:00-04:00,210.31001909194578,212.31393091132972,208.90429308394448,210.80850219726562,45029500
2025-05-16 00:00:00-04:00,211.71573318604425,211.92510277199543,209.1335944967917,210.6190643310547,54737900
2025-05-19 00:00:00-04:00,207.27923550566183,208.84446444770495,203.64029993754312,208.14659118652344,46140500
2025-05-20 00:00:00-04:00,207.03996203611737,207.83753801206538,204.40797196423648,206.232421875,42496600
2025-05-21 00:00:00-04:00,204.5475404614086,206.41186226922272,200.10108001028593,201.4768829345703,59211800
2025-05-22 00:00:00-04:00,200.1010626250374,202.13486667390606,199.09411717835945,200.74908447265625,46742400
2025-05-23 00:00:00-04:00,193.082445017036,197.1002176461426,192.8730906309023,194.67759704589844,78432900
2025-05-27 00:00:00-04:00,197.6983910952664,200.1309909415137,196.83102019804124,199.60260009765625,56288500
2025-05-28 00:00:00-04:00,199.98143310081724,202.11494001836002,199.2935240345892,199.81195068359375,45339700
2025-05-29 00:00:00-04:00,202.9623758748587,203.19167383577107,197.90775006205254,199.3433837890625,51396800
2025-05-30 00:00:00-04:00,198.7651407343476,201.3472946799051,196.18300200128658,200.24066162109375,70819900
2025-06-02 00:00:00-04:00,199.67238359256916,201.51677709467234,199.51286535414474,201.08807373046875,35423300
2025-06-03 00:00:00-04:00,200.73913195165156,203.1517881077627,200.35031577799097,202.65330505371094,46381600
2025-06-04 00:00:00-04:00,202.29440469878628,205.6143037964219,201.48686455307688,202.20468139648438,43604000
2025-06-05 00:00:00-04:00,202.88261988754903,204.12882762641604,199.54277706238673,200.02133178710938,55126100
2025-06-06 00:00:00-04:00,202.3841235560851,205.07592905349443,201.4370087789868,203.30133056640625,46607700
2025-06-09 00:00:00-04:00,203.76991971327615,205.37503589356555,199.4131823149893,200.83883666992188,72862600
2025-06-10 00:00:00-04:00,199.9914028593682,203.73002568042446,199.96149509379936,202.05511474609375,54672600
2025-06-11 00:00:00-04:00,202.88260699920767,203.8795731269679,197.80805305990708,198.1769256591797,60989900
2025-06-12 00:00:00-04:00,198.47602627663701,199.07419684911244,196.7612432530472,198.5956573486328,43904600
2025-06-13 00:00:00-04:00,199.12405177447246,199.76210952406473,195.1062792678608,195.85400390625,51447300
2025-06-16 00:00:00-04:00,196.701426450214,198.08720880439395,195.96366601516638,197.81802368164062,43020700
2025-06-17 00:00:00-04:00,196.6017124403596,197.78810453675544,194.61775963167673,195.04644775390625,38856200
2025-06-18 00:00:00-04:00,195.34553910938874,196.97059871241268,194.4781834746436,195.9835968017578,45394700
2025-06-20 00:00:00-04:00,197.63856158511533,201.08805571006383,196.26274352386682,200.3901824951172,96813500
2025-06-23 00:00:00-04:00,201.01829760639046,201.68626312768808,198.35639970659372,200.88868713378906,55814300
2025-06-24 00:00:00-04:00,201.97536755465325,202.8227948624406,199.59261907789957,199.69232177734375,54064000
2025-06-25 00:00:00-04:00,200.83883469818846,203.05210084338043,200.01135094007643,200.94850158691406,39525700
2025-06-26 00:00:00-04:00,200.81887060840756,202.0252062612044,198.85486142223453,200.3901824951172,50799100
2025-06-27 00:00:00-04:00,201.2774955925489,202.60346239871808,199.39323017588663,200.46995544433594,73188600
2025-06-30 00:00:00-04:00,201.39712965217615,206.7608124915243,198.6554726965608,204.54754638671875,91912800
2025-07-01 00:00:00-04:00,206.04299395149746,209.55231908550664,205.51460310500556,207.18951416015625,78788900
2025-07-02 00:00:00-04:00,208.2761972389462,212.69274987948137,207.5085290616707,211.7954864501953,67941800
2025-07-03 00:00:00-04:00,211.5063683517463,213.9987837940836,211.16740350258758,212.90213012695312,34955800
2025-07-07 00:00:00-04:00,212.03474730839852,215.57398008038285,208.16652910348648,209.3130340576172,50229000
2025-07-08 00:00:00-04:00,209.46260228799343,210.78855393169587,207.8175989494771,209.37286376953125,42848900
2025-07-09 00:00:00-04:00,208.8943192909964,210.6888614301138,206.59132988433592,210.4994354248047,48749400
2025-07-10 00:00:00-04:00,209.87133445003573,212.83232507172787,209.39279496736208,211.7655792236328,44443600
2025-07-11 00:00:00-04:00,209.93115706069412,211.48642172848318,209.22330444266433,210.5193634033203,39765800
2025-07-14 00:00:00-04:00,209.29309904361602,210.27013683517245,206.91035052542594,207.98707580566406,38840100
2025-07-15 00:00:00-04:00,208.5852680860029,211.2471659954246,208.2861751856472,208.47560119628906,42296300
2025-07-16 00:00:00-04:00,209.66198981724762,211.7556096589697,208.0070223143888,209.5224151611328,47490500
2025-07-17 00:00:00-04:00,209.93116216460888,211.15742622671814,208.95412441878605,209.38282775878906,48068100
2025-07-18 00:00:00-04:00,210.23024956462245,211.1474566075158,209.06380098140497,210.539306640625,48974600
2025-07-21 00:00:00-04:00,211.45652088357517,215.12534891613055,210.98794558852114,211.83535766601562,51377400
2025-07-22 00:00:00-04:00,212.49337032996837,214.29787667610697,211.5861274580158,213.74954223632812,46404100
2025-07-23 00:00:00-04:00,214.3477325289176,214.49727137359017,211.76559372759175,213.50030517578125,46989300
2025-07-24 00:00:00-04:00,213.25104009789538,215.0356179140754,212.88216751340357,213.11146545410156,46022600
2025-07-25 00:00:00-04:00,214.04862920984866,214.58699944946258,212.7525701732737,213.2311248779297,40268800
2025-07-28 00:00:00-04:00,213.38067592321022,214.1981955143971,212.41361748607306,213.40061950683594,37858000
2025-07-29 00:00:00-04:00,213.53020352524888,214.1582970701604,210.18041185237743,210.62904357910156,51411700
2025-07-30 00:00:00-04:00,211.25711581327238,211.74563469104578,207.0898047125579,208.415771484375,45512500
2025-07-31 00:00:00-04:00,207.85748415888986,209.20337937318874,206.5315173151756,206.94027709960938,80698400
2025-08-01 00:00:00-04:00,210.23025491744008,212.93203997684435,200.88868661623732,201.76602172851562,104434500
2025-08-04 00:00:00-04:00,203.8895472057539,207.24933356384108,201.06813110178,202.7330780029297,75109300
2025-08-05 00:00:00-04:00,202.78290655256814,204.71702329589334,201.54667827641916,202.3043670654297,44155100
2025-08-06 00:00:00-04:00,205.00616501036765,214.72658548105818,204.96627784328447,212.60304260253906,108483100
2025-08-07 00:00:00-04:00,218.2159523061407,220.1799768073744,215.92292715514498,219.36245727539062,90224800
2025-08-08 00:00:00-04:00,220.16003429974123,230.29917810781973,218.58482597462978,228.65419006347656,113854000
2025-08-11 00:00:00-04:00,227.48640043221798,229.12327986736793,224.3324083989562,226.747802734375,61806100
2025-08-12 00:00:00-04:00,227.57622481823222,230.36092560837628,226.63802588155738,229.21310424804688,55626200
2025-08-13 00:00:00-04:00,230.6304284784954,234.55294488479396,229.99163136972763,232.88612365722656,69878500
2025-08-14 00:00:00-04:00,233.6147219132583,234.67270293292236,230.41083714463488,232.337158203125,51916300
2025-08-15 00:00:00-04:00,233.5548328767578,233.834298979768,228.9036945156081,231.1494140625,56038700
2025-08-18 00:00:00-04:00,231.25921652669462,232.67651332576617,229.672244959047,230.4507598876953,37476200
2025-08-19 00:00:00-04:00,230.84001516813981,232.42698672077375,228.9136940815642,230.1213836669922,39402600
2025-08-20 00:00:00-04:00,229.54248102593337,230.0315543310328,225.3404986724704,225.5800323486328,42263900
2025-08-21 00:00:00-04:00,225.83955683035407,226.08908123987146,223.35428822884654,224.47215270996094,30621200
2025-08-22 00:00:00-04:00,225.73973438952316,228.65417758009713,224.98118568943215,227.3267059326172,42477800
2025-08-25 00:00:00-04:00,226.04912998143794,228.86377239669042,225.79960559269966,226.72784423828125,30983100
2025-08-26 00:00:00-04:00,226.43840339540802,229.0534295301293,224.26255788237486,228.87376403808594,54575100
2025-08-27 00:00:00-04:00,228.17510050695543,230.46073738560713,227.82576024347395,230.05152893066406,31259500
2025-08-28 00:00:00-04:00,230.3809040856524,232.9659733126178,228.90370861616245,232.11758422851562,38074700
2025-08-29 00:00:00-04:00,232.0676707602769,232.9360260407387,230.92984008944924,231.69837951660156,39418400
2025-09-02 00:00:00-04:00,228.81388239599917,230.4108447009183,226.53822101083426,229.28298950195312,44075600
2025-09-03 00:00:00-04:00,236.75874463665696,238.395624134605,233.9141603097862,238.01634216308594,66427800
2025-09-04 00:00:00-04:00,237.99636566705198,239.44360411673358,236.28962732845326,239.32383728027344,47549400
2025-09-05 00:00:00-04:00,239.54341659874092,240.86091270031892,238.03629475202086,239.2340087890625,54870400
2025-09-08 00:00:00-04:00,238.84475646782593,239.69313028194867,235.89038089866295,237.42745971679688,48999500
2025-09-09 00:00:00-04:00,236.54912730927947,238.3257397896772,232.9160527142261,233.9041748046875,66313900
2025-09-10 00:00:00-04:00,231.7482872752143,231.97784546194652,225.52015268533836,226.35855102539062,83440800
2025-09-11 00:00:00-04:00,226.44839058875493,230.01159113632517,226.21881717306923,229.59239196777344,50208600
2025-09-12 00:00:00-04:00,228.78393068206054,234.06386022938602,228.58431421011397,233.6247100830078,55824200
2025-09-15 00:00:00-04:00,236.54912714503797,237.7368657054393,234.58287368836292,236.24969482421875,42699500
2025-09-16 00:00:00-04:00,236.72878926810645,240.76111223381088,235.87043992435724,237.6969451904297,63421100
2025-09-17 00:00:00-04:00,238.5153883976145,239.6432435766681,237.27774187166392,238.5353546142578,46508000
2025-09-18 00:00:00-04:00,239.5134800259323,240.74113579799257,236.199788714976,237.42745971679688,44249600
2025-09-19 00:00:00-04:00,240.77107799962133,245.83144010441063,239.7530294205925,245.032958984375,163741300
2025-09-22 00:00:00-04:00,247.82763635806887,256.15178189089505,247.64797087114997,255.5928192138672,105517400
2025-09-23 00:00:00-04:00,255.39322235208516,256.8504363399061,253.0975947938589,253.9459686279297,60275200
2025-09-24 00:00:00-04:00,254.73446948849343,255.2534845023776,250.56241362070242,251.8300018310547,42303700
2025-09-25 00:00:00-04:00,252.72829161839874,256.6807646844572,251.2311452680336,256.3813171386719,55202100
2025-09-26 00:00:00-04:00,253.61660096533106,257.10994249251326,253.2972024297037,254.97401428222656,46076300
2025-09-29 00:00:00-04:00,254.0757261912774,254.5148915782133,252.52867184357527,253.9459686279297,40127700
2025-09-30 00:00:00-04:00,254.37515755125318,255.4331385813304,252.6284867333586,254.14559936523438,37704300
2025-10-01 00:00:00-04:00,254.55481135314994,258.29769267334166,254.44502000530687,254.9640350341797,48713900
2025-10-02 00:00:00-04:00,256.09186667190835,257.68882891050583,253.66649683440303,256.6408386230469,42630200
2025-10-03 00:00:00-04:00,254.18552630266564,258.7468246365968,253.46689477740222,257.5291442871094,49155600
2025-10-06 00:00:00-04:00,257.49917477533796,258.57713717661323,254.56478079871025,256.20166015625,44664100
2025-10-07 00:00:00-04:00,256.32145476920215,256.9103287268919,254.94407514023973,255.99209594726562,31955800
2025-10-08 00:00:00-04:00,256.03201279963565,258.0282082133661,255.62278908467795,257.569091796875,36496900
2025-10-09 00:00:00-04:00,257.3195337882977,257.50917476461467,252.65841993311406,253.55670166015625,38322000
2025-10-10 00:00:00-04:00,254.45500785015722,255.8922708493858,243.53581752909898,244.80340576171875,61999100
2025-10-13 00:00:00-04:00,248.90558714178317,249.2149949644775,245.09284695690994,247.18885803222656,38142900
2025-10-14 00:00:00-04:00,246.13087266264282,248.37659224814226,244.23447809703134,247.29864501953125,35478000
2025-10-15 00:00:00-04:00,249.01538540478128,251.3409547309234,246.99922390992754,248.86566162109375,33893600
2025-10-16 00:00:00-04:00,247.77774448085987,248.56623493239263,244.66368465033412,246.97926330566406,39777000
2025-10-17 00:00:00-04:00,247.5481624372989,252.89796599708643,246.79958926324147,251.81002807617188,49147000
2025-10-20 00:00:00-04:00,255.4032084113237,263.87706298772724,255.14370850365398,261.7411193847656,90483000
2025-10-21 00:00:00-04:00,261.3817895915523,264.7853058703715,261.3318664386604,262.27008056640625,46695900
2025-10-22 00:00:00-04:00,262.15033525743416,262.349966966352,254.94406918261987,257.9583435058594,45015300
2025-10-23 00:00:00-04:00,259.4454820834593,260.12418111371363,257.51916110368444,259.0861511230469,32754900
2025-10-24 00:00:00-04:00,260.69313376057823,263.62754335723145,258.68694768993146,262.3200378417969,38253700
2025-10-27 00:00:00-04:00,264.37609822840903,268.60802232244004,264.1465248140549,268.2986145019531,44888200
2025-10-28 00:00:00-04:00,268.4782600095115,269.3765722048576,267.63986169210665,268.4882507324219,41534800
2025-10-29 00:00:00-04:00,268.76770579477784,270.8936584399069,266.6018207191691,269.1869201660156,51086700
2025-10-30 00:00:00-04:00,271.4725408872279,273.6184749716116,267.969239224885,270.8836669921875,69886500
2025-10-31 00:00:00-04:00,276.4630533049319,276.79244258078194,268.647962249571,269.85565185546875,86167100
2025-11-03 00:00:00-05:00,269.90556627002525,270.33474092754267,265.74348587775046,268.53814697265625,50194600
2025-11-04 00:00:00-05:00,267.8195068636227,270.9734988318123,267.11086611942017,269.5262756347656,49274800
2025-11-05 00:00:00-05:00,268.0989800730272,271.18312844251227,266.4221834255846,269.6260986328125,43683100
2025-11-06 00:00:00-05:00,267.38037702601645,272.8798740142925,267.38037702601645,269.25677490234375,51204000
2025-11-07 00:00:00-05:00,269.28671541495146,271.7719991063764,266.26248096015127,267.9592590332031,48227400
2025-11-10 00:00:00-05:00,268.7085692371889,273.4741297822401,267.20997142836535,269.1781311035156,41312400
2025-11-11 00:00:00-05:00,269.55775905965567,275.65206242273547,269.5477586519058,274.99267578125,46208300
2025-11-12 00:00:00-05:00,274.74292397164845,275.4722525277038,271.4460210796085,273.21435546875,48398000
2025-11-13 00:00:00-05:00,273.85374352181776,276.4413491841305,271.83564282199285,272.6948547363281,49602800
2025-11-14 00:00:00-05:00,270.7965900477885,275.70200347225597,269.3479639093673,272.15533447265625,47431300
2025-11-17 00:00:00-05:00,268.5687054184609,270.2371271729127,265.48159771217263,267.2099609375,45018300
2025-11-18 00:00:00-05:00,269.7376065335732,270.4569347049811,265.0719890725528,267.19000244140625,45677300
2025-11-19 00:00:00-05:00,265.2817633125939,271.9555110777923,265.2517925781922,268.3089294433594,40424500
2025-11-20 00:00:00-05:00,270.5768036466949,275.17250947675234,265.67142054546326,266.0010986328125,45823600
2025-11-21 00:00:00-05:00,265.70137680880595,273.0744516711978,265.4216397990326,271.2361755371094,59030800
2025-11-24 00:00:00-05:00,270.64675212306133,276.7410558404627,270.64675212306133,275.6620788574219,65585800
2025-11-25 00:00:00-05:00,275.012667049666,280.1179060838009,274.9926967216935,276.7110900878906,46914200
2025-11-26 00:00:00-05:00,276.70108254872224,279.26868736786383,276.3714044558947,277.29052734375,33431400
2025-11-28 00:00:00-05:00,277.0008150112318,278.73917862681736,275.73198274965245,278.5893249511719,20135600
2025-12-01 00:00:00-05:00,277.75011957449965,283.1550658399818,275.88187257202503,282.8353576660156,46587700
2025-12-02 00:00:00-05:00,282.7354345985028,287.1313151163589,282.36578537497866,285.9224548339844,53669500
2025-12-03 00:00:00-05:00,285.9324708384744,288.35019153510143,283.0351573834178,283.8843688964844,43538700
2025-12-04 00:00:00-05:00,283.83440686502166,284.46382276925783,278.32954829392816,280.4375915527344,43989100
2025-12-05 00:00:00-05:00,280.27774306596746,280.8771882481053,277.79005013345267,278.5193786621094,47265800
2025-12-08 00:00:00-05:00,277.86998437615557,279.4085531850005,275.8918244790692,277.6302185058594,38211800
2025-12-09 00:00:00-05:00,277.8999627322321,279.7682096639769,276.6611317163261,276.9208679199219,32193300
2025-12-10 00:00:00-05:00,277.490342786908,279.48847306800184,276.1815698919154,278.5193786621094,33038300
2025-12-11 00:00:00-05:00,278.83908758708685,279.3286197507982,273.5540244422053,277.77008056640625,33248000
2025-12-12 00:00:00-05:00,277.64021728323,278.9589906850317,276.5612402656973,278.0198669433594,39532900
2025-12-15 00:00:00-05:00,279.8880911943856,279.8880911943856,272.5849275039148,273.8537292480469,50409100
2025-12-16 00:00:00-05:00,272.5649667835892,275.2424541197232,271.53593087885605,274.353271484375,37648600
2025-12-17 00:00:00-05:00,274.75292651919426,275.90184538512057,271.38608172110213,271.58587646484375,50138700
2025-12-18 00:00:00-05:00,273.35420232069225,273.374203136776,266.7004552212896,271.935546875,51630700
2025-12-19 00:00:00-05:00,271.8955859651445,274.34330788170604,269.64768928264715,273.4141845703125,144632000
2025-12-22 00:00:00-05:00,272.6048920133635,273.62395794129594,270.25711338978425,270.7166748046875,36571800
2025-12-23 00:00:00-05:00,270.5868091030317,272.2452609569047,269.30800689497966,272.1053771972656,29642000
2025-12-24 00:00:00-05:00,272.085389177814,275.17249671786806,271.9455359163183,273.55401611328125,17910600
2025-12-26 00:00:00-05:00,273.9037084592662,275.1125687682936,272.6049054553,273.1444091796875,21521800
2025-12-29 00:00:00-05:00,272.4350823114352,274.10350406329195,272.0954038139857,273.50408935546875,23715200
2025-12-30 00:00:00-05:00,272.5549704076282,273.82377221524894,272.02546707967076,272.82470703125,22139600
2025-12-31 00:00:00-05:00,272.80472532736104,273.42414083736213,271.49595243002375,271.6058349609375,27293600
2026-01-02 00:00:00-05:00,272.0054842546519,277.58025431004916,268.7485221479618,270.75665283203125,37838100
2026-01-05 00:00:00-05:00,270.38700744645297,271.25618925068443,265.89121426121545,267.0101623535156,45647200
2026-01-06 00:00:00-05:00,266.7503924619391,267.2998660934885,261.8749496989937,262.1147155761719,52352100
2026-01-07 00:00:00-05:00,262.95395138764474,263.4334831315393,259.56710600115036,260.08660888671875,48309800
2026-01-08 00:00:00-05:00,256.7797203952787,259.0476178563403,255.46096229095477,258.7978515625,50419300
2026-01-09 00:00:00-05:00,258.8377955175017,259.9667440583015,255.98048371428257,259.1275329589844,39997000
2026-01-12 00:00:00-05:00,258.9177364764393,261.05572011368304,256.5599267903311,260.0067138671875,45263800
2026-01-13 00:00:00-05:00,258.4781303943212,261.56523797230057,258.148452318208,260.8059387207031,45730800
2026-01-14 00:00:00-05:00,259.247418118488,261.57525710051715,256.4700180914029,259.71697998046875,40019400
2026-01-15 00:00:00-05:00,260.40631875644857,260.7959687899761,256.8096782083212,257.9685974121094,39388600
2026-01-16 00:00:00-05:00,257.6589020182799,258.6579671912775,254.69167723491495,255.29112243652344,72142800
2026-01-20 00:00:00-05:00,252.49373739571587,254.55180921698133,243.19244305608962,246.46937561035156,80267500
2026-01-21 00:00:00-05:00,248.46750904444812,251.3248360900433,244.9507953165175,247.41848754882812,54641700
2026-01-22 00:00:00-05:00,248.96703988447874,250.76536025794266,247.9180183962477,248.1178436279297,39708300
2026-01-23 00:00:00-05:00,247.08880782235642,249.17685039145397,244.45126111041233,247.80812072753906,41689000
2026-01-26 00:00:00-05:00,251.24490015634893,256.32015295784896,249.5664780183616,255.17123413085938,55969200
2026-01-27 00:00:00-05:00,258.92771692213245,261.70511669708895,257.96859246831417,258.0285339355469,49648300
2026-01-28 00:00:00-05:00,257.409147241713,258.61800761819165,254.27208306792676,256.2002868652344,41288000
2026-01-29 00:00:00-05:00,257.75880668092503,259.4072580677027,254.17216647920577,258.0385437011719,67253000
2026-01-30 00:00:00-05:00,254.93144331105526,261.6551472598355,251.94423313215475,259.2374267578125,92443400
2026-02-02 00:00:00-05:00,259.7869174093499,270.2371306501278,258.9676766447768,269.7575988769531,73913400
2026-02-03 00:00:00-05:00,268.9483513556569,271.6258386480508,267.3598109321867,269.22808837890625,64394700
2026-02-04 00:00:00-05:00,272.03545112075,278.68922850453845,272.03545112075,276.23150634765625,90545700
2026-02-05 00:00:00-05:00,277.86999494352693,279.2387093202658,272.97458180817284,275.6520690917969,52977400
2026-02-06 00:00:00-05:00,276.8609202349588,280.6473855638201,276.67109542368036,277.8599853515625,50453400
2026-02-09 00:00:00-05:00,277.9100036621094,278.20001220703125,271.70001220703125,274.6199951171875,44623400
2026-02-10 00:00:00-05:00,274.8900146484375,275.3699951171875,272.94000244140625,273.67999267578125,34376900
2026-02-11 00:00:00-05:00,274.70001220703125,280.17999267578125,274.45001220703125,275.5,51931300
2026-02-12 00:00:00-05:00,275.5899963378906,275.7200012207031,260.17999267578125,261.7300109863281,81077200
2026-02-13 00:00:00-05:00,262.010009765625,262.2300109863281,255.4499969482422,255.77999877929688,56290700
2026-02-17 00:00:00-05:00,258.04998779296875,266.2900085449219,255.5399932861328,263.8800048828125,58392700
