Date,Open,High,Low,Close,Volume
2014-01-02 00:00:00-05:00,42.27021727268083,42.40795150425947,42.02374359776821,42.197723388671875,15627600
2014-01-03 00:00:00-05:00,42.25570161626118,42.73414999816187,42.19770653222094,42.523921966552734,14214100
2014-01-06 00:00:00-05:00,42.88638076841608,43.111107559626035,42.64715797228983,42.77039337158203,17550700
2014-01-07 00:00:00-05:00,42.98062578215934,43.08211441908453,42.12521760613566,42.27745056152344,17851200
2014-01-08 00:00:00-05:00,42.43692090113133,42.705141180604066,42.26293846030543,42.676143646240234,14687400
2014-01-09 00:00:00-05:00,42.755896372955775,42.77039514383052,42.284698763636726,42.596412658691406,13242500
2014-01-10 00:00:00-05:00,42.53116775828083,42.59641084175535,42.17595756575329,42.40068435668945,12694900
2014-01-13 00:00:00-05:00,42.415184153396076,42.53117156045779,41.70476093947334,41.827999114990234,20711600
2014-01-14 00:00:00-05:00,42.26293759617945,42.465917567218966,41.72649704820227,41.85698318481445,30272400
2014-01-15 00:00:00-05:00,41.849738698369904,43.24159010929893,41.849738698369904,43.12560272216797,35186600
2014-01-16 00:00:00-05:00,42.61817571618747,43.36484467825478,42.5819301601824,42.763160705566406,21689400
2014-01-17 00:00:00-05:00,42.922622749745464,42.93712151881633,42.06721473206612,42.12520980834961,20997900
2014-01-21 00:00:00-05:00,42.110693626140204,42.364415066570835,41.74098484646182,42.16868591308594,19548300
2014-01-22 00:00:00-05:00,42.2847078894528,42.2847078894528,41.62502611639067,41.74826431274414,15433500
2014-01-23 00:00:00-05:00,41.38579113303151,41.39303913523064,40.74785909056311,40.93634033203125,26234600
2014-01-24 00:00:00-05:00,40.59562235618941,40.85659465665066,39.935943603515625,39.935943603515625,26833100
2014-01-27 00:00:00-05:00,39.92869560199495,40.45063743756013,39.645973766257065,39.935943603515625,23935000
2014-01-28 00:00:00-05:00,40.1534335110985,40.84211003918149,40.044696858469564,40.40715789794922,18041000
2014-01-29 00:00:00-05:00,39.8417080569335,40.501386893476464,39.76196620328144,40.254913330078125,25459000
2014-01-30 00:00:00-05:00,40.646371143364895,40.87834593259946,40.327406499506786,40.59562683105469,17031100
2014-01-31 00:00:00-05:00,40.2331719896485,40.675374862983,40.00119716517106,40.131683349609375,18174000
2014-02-03 00:00:00-05:00,40.23317008077732,40.537635986449246,39.290772055380245,39.370513916015625,28549900
2014-02-04 00:00:00-05:00,39.66772949756637,40.12442832935183,39.58073687358631,39.8344612121582,20709300
2014-02-05 00:00:00-05:00,39.94319592252488,40.19692024889069,39.566238964843436,40.0229377746582,19491600
2014-02-06 00:00:00-05:00,40.124425742004526,40.994332568206616,40.01568911707775,40.94358825683594,20881600
2014-02-07 00:00:00-05:00,41.0668278156001,41.26980506799629,40.784105944302695,41.04507827758789,23388500
2014-02-10 00:00:00-05:00,41.153819222204405,41.26255585493187,40.878348108317525,41.13207244873047,14715200
2014-02-11 00:00:00-05:00,41.0378387525657,41.733763274848705,41.0160919754188,41.63227462768555,18774100
2014-02-12 00:00:00-05:00,41.567015991413754,41.83523628226714,41.43652984659704,41.69750213623047,13437900
2014-02-13 00:00:00-05:00,41.37129439028624,42.117963094470426,41.29155253540099,42.06721878051758,16605500
2014-02-14 00:00:00-05:00,41.965731694034254,42.21220527029733,41.86424306240083,42.154212951660156,13067300
2014-02-18 00:00:00-05:00,42.059970169060556,42.51667175338219,41.972980312880416,42.40068435668945,14983800
2014-02-19 00:00:00-05:00,42.30644907578499,42.43693525921375,41.48003842430818,41.509033203125,18669900
2014-02-20 00:00:00-05:00,41.704756636027966,42.023724046552395,41.516278156010685,41.741004943847656,12457000
2014-02-21 00:00:00-05:00,41.748257575992014,41.92948807375802,41.588773853043385,41.76275634765625,16790100
2014-02-24 00:00:00-05:00,41.770000899354756,42.21220371982187,41.74100612378006,42.06721878051758,16151400
2014-02-25 00:00:00-05:00,41.97298066771308,42.030972983870875,41.26255474593685,41.3422966003418,17991800
2014-02-26 00:00:00-05:00,41.58876734870483,41.596018116081915,40.75510884857724,41.13931655883789,23661700
2014-02-27 00:00:00-05:00,41.16107210352229,41.24081396952181,40.69712244537022,41.095829010009766,16277500
2014-02-28 00:00:00-05:00,41.00883299566761,41.64676506271778,40.87834682819467,41.1900634765625,18599000
2014-03-03 00:00:00-05:00,40.81309539582996,40.900085234564926,40.370892670445116,40.74785232543945,19151000
2014-03-04 00:00:00-05:00,41.28430914916504,41.5815270635621,41.05958232984705,41.509033203125,17157000
2014-03-05 00:00:00-05:00,41.6685024145621,42.25569003543142,41.58151257770048,42.16144943237305,17761500
2014-03-06 00:00:00-05:00,42.41517322565262,42.83562919627477,42.33543415069479,42.69789505004883,19420600
2014-03-07 00:00:00-05:00,43.02411546072708,43.35033088246065,42.82113820514073,43.06036376953125,18602200
2014-03-10 00:00:00-04:00,42.87187844863868,43.1183519921744,42.67614921418172,42.915374755859375,16945200
2014-03-11 00:00:00-04:00,43.074866052730805,43.096615594254814,42.139718727941634,42.18321228027344,19420000
2014-03-12 00:00:00-04:00,41.82799160644695,42.01647007207925,41.62501160650746,41.98747253417969,17932100
2014-03-13 00:00:00-04:00,42.04546744592258,42.291940986392284,41.45827974985603,41.6250114440918,17192500
2014-03-14 00:00:00-04:00,41.40029059921509,41.70475647313634,41.045077647616004,41.17556381225586,18635800
2014-03-17 00:00:00-04:00,41.47278184584164,41.82799479882812,41.35679445074847,41.741004943847656,13581400
2014-03-18 00:00:00-04:00,41.91499149530689,42.16146509577978,41.77000653643612,42.08897399902344,12554800
2014-03-19 00:00:00-04:00,42.0382230587458,42.7196486631734,41.96572920804649,42.26294708251953,21450700
2014-03-20 00:00:00-04:00,42.306455707247224,43.850540609614804,42.13972395014401,43.575069427490234,33736500
2014-03-21 00:00:00-04:00,44.19124217575245,44.3652246635313,43.49531775535268,43.618553161621094,35144100
2014-03-24 00:00:00-04:00,43.763534944746254,44.35797068988534,43.74903617469925,44.27098083496094,25810500
2014-03-25 00:00:00-04:00,44.29996932321757,44.56818960088751,43.90126290714452,44.16948318481445,24053500
2014-03-26 00:00:00-04:00,44.39422425974462,44.51021166851106,43.41557790575465,43.422828674316406,22745200
2014-03-27 00:00:00-04:00,43.451808031756755,43.894010734918645,42.78488135937665,43.43730926513672,24632600
2014-03-28 00:00:00-04:00,43.647538808963546,43.92300985397614,43.26333115841021,43.5243034362793,14708700
2014-03-31 00:00:00-04:00,44.09701003287441,44.234744228107346,43.930275526331656,44.01001739501953,15216700
2014-04-01 00:00:00-04:00,44.183994282179384,44.43046786068372,43.76353821546583,43.981014251708984,14584400
2014-04-02 00:00:00-04:00,44.039369195304374,44.331166697185104,43.91535706581676,44.11961364746094,14012200
2014-04-03 00:00:00-04:00,44.24363328536374,44.35305527316588,43.97371959331927,44.25092697143555,11925200
2014-04-04 00:00:00-04:00,44.51353506703606,44.54271537091483,43.62355527824231,43.63085174560547,16966900
2014-04-07 00:00:00-04:00,43.54331820249465,43.76946142164328,42.92325194546967,43.03997039794922,18685700
2014-04-08 00:00:00-04:00,42.89407562356463,43.0545645541864,42.492856079797896,42.93054962158203,16956500
2014-04-09 00:00:00-04:00,43.112919736905354,43.368243272863936,42.675226222101365,43.236934661865234,15308400
2014-04-10 00:00:00-04:00,43.29528885570692,43.32446916298198,41.858193507251144,41.87278366088867,29977200
2014-04-11 00:00:00-04:00,40.25331269124054,40.88796906769072,39.793732592465524,40.340850830078125,47241300
2014-04-14 00:00:00-04:00,40.74207342285026,40.80772772768435,39.742671478409044,40.09282684326172,31081500
2014-04-15 00:00:00-04:00,40.18766545599064,40.58888501087934,39.647840808890905,39.976112365722656,26691400
2014-04-16 00:00:00-04:00,40.12200577147284,40.37732651326726,39.89586255532109,40.31167221069336,27049400
2014-04-17 00:00:00-04:00,40.37003173143452,40.5378143261706,40.12929836760409,40.282493591308594,17955400
2014-04-21 00:00:00-04:00,40.31166915272612,40.42109390964433,40.1147090427328,40.14388656616211,12384800
2014-04-22 00:00:00-04:00,40.15118226365359,40.909853514000986,40.078231499512235,40.712890625,16257600
2014-04-23 00:00:00-04:00,40.70559722080455,40.93903411805174,40.530520939262814,40.887969970703125,11379000
2014-04-24 00:00:00-04:00,40.902555101181306,41.04115737227834,40.566989950449326,40.99009323120117,15360600
2014-04-25 00:00:00-04:00,41.07764227110189,41.10681979835655,40.588881817651554,40.632652282714844,15937700
2014-04-28 00:00:00-04:00,40.5815785039613,40.63264264302691,39.888561610202025,40.47945022583008,21394100
2014-04-29 00:00:00-04:00,40.65452762208543,41.0776336808537,40.53780918911263,40.9244384765625,13453400
2014-04-30 00:00:00-04:00,41.026579486607744,41.106821167715495,40.64724379178535,40.836910247802734,14388100
2014-05-01 00:00:00-04:00,40.79313565981425,40.99009856507918,40.48675077348257,40.647239685058594,12744600
2014-05-02 00:00:00-04:00,40.727485366583885,41.121408406181956,40.4429815285583,40.54511260986328,15153800
2014-05-05 00:00:00-04:00,39.30497057116889,39.93233319201076,39.1736619862119,39.55299758911133,25232300
2014-05-06 00:00:00-04:00,39.42168926570731,39.43627941777566,38.89645492239454,38.91104507446289,25327400
2014-05-07 00:00:00-04:00,39.06424389729255,39.48005355961249,38.83810346014963,39.42898941040039,18502600
2014-05-08 00:00:00-04:00,39.538417645278294,39.77914825799398,39.43628933789663,39.65513610839844,16090800
2014-05-09 00:00:00-04:00,39.5530098575383,39.618664170381244,39.159083980480645,39.39981460571289,12366500
2014-05-12 00:00:00-04:00,39.589491755577654,39.903173225875435,39.41441262547187,39.86669921875,12825500
2014-05-13 00:00:00-04:00,39.932343791511165,39.997998101416705,39.75726470416715,39.84480285644531,12310700
2014-05-14 00:00:00-04:00,39.85939272316177,39.90316319037719,39.611365641183006,39.65513610839844,10325800
2014-05-15 00:00:00-04:00,39.538426892298794,39.538426892298794,38.918357650939825,39.03507614135742,19763000
2014-05-16 00:00:00-04:00,38.96942092905543,39.035075252344335,38.64115209539915,38.88917922973633,19992400
2014-05-19 00:00:00-04:00,38.721383039875,39.32685911382097,38.70679288615751,39.26850128173828,12068900
2014-05-20 00:00:00-04:00,39.18825912475586,39.421696032344414,38.962115903059946,39.18825912475586,16888200
2014-05-21 00:00:00-04:00,39.42898879957701,39.83020830122257,39.37792465115598,39.48005294799805,13210200
2014-05-22 00:00:00-04:00,39.51652434283946,39.83020568124217,39.40710236747233,39.793731689453125,11800900
2014-05-23 00:00:00-04:00,39.793722993102165,39.82290329327134,39.5092220234192,39.77913284301758,10876500
2014-05-27 00:00:00-04:00,39.939650437022905,40.435704765530474,39.895879955288024,40.224151611328125,14503700
2014-05-28 00:00:00-04:00,40.187665802805355,40.55970504856682,40.12201149087242,40.45028305053711,11374900
2014-05-29 00:00:00-04:00,40.66912352471447,40.79313565981425,40.40650631769456,40.647239685058594,11741000
2014-05-30 00:00:00-04:00,40.545096300899914,40.76394296437771,40.348133468934,40.53779983520508,11991900
2014-06-02 00:00:00-04:00,40.59616499210018,40.59616499210018,40.13658499919556,40.377315521240234,9440000
2014-06-03 00:00:00-04:00,40.18766837205514,40.60347811328442,40.18766837205514,40.55970764160156,9131500
2014-06-04 00:00:00-04:00,40.50134261134437,40.654535060879134,40.304379697890774,40.61806106567383,9727800
2014-06-05 00:00:00-04:00,40.78583516220932,41.332953324526265,40.47945032704953,41.31106948852539,16803400
2014-06-06 00:00:00-04:00,41.40590588739589,41.67581954765126,41.32566421890646,41.55910110473633,15399800
2014-06-09 00:00:00-04:00,41.51532810413561,42.06973997835174,41.50803441936924,41.887367248535156,11999700
2014-06-10 00:00:00-04:00,41.92385597666934,42.266714914206645,41.86549535074685,42.2375373840332,11609200
2014-06-11 00:00:00-04:00,41.93114273040042,42.157285944276644,41.56639722705721,41.777950286865234,14232200
2014-06-12 00:00:00-04:00,41.63205229714368,41.88737304108003,41.486153536556884,41.61016845703125,11670200
2014-06-13 00:00:00-04:00,41.60287198846884,42.069745796116685,41.49345000511929,41.61016845703125,12040800
2014-06-16 00:00:00-04:00,41.4715701216119,41.544520905153966,41.092237178344575,41.48616027832031,11199100
2014-06-17 00:00:00-04:00,41.42778997300402,42.011382151859685,41.3475455266388,41.887367248535156,11200500
2014-06-18 00:00:00-04:00,41.79253347703891,42.171869071241595,41.544506464782806,42.14998245239258,13729400
2014-06-19 00:00:00-04:00,42.08432857845818,42.08432857845818,41.7341732840597,41.799827575683594,11624400
2014-06-20 00:00:00-04:00,42.084344198939235,42.142704827727535,41.836317092164855,41.982215881347656,17124800
2014-06-23 00:00:00-04:00,41.97492147209042,42.47097567710606,41.75607468347479,42.44908905029297,16007700
2014-06-24 00:00:00-04:00,42.2229351863158,42.398011448579,41.79982911740356,41.887367248535156,12322900
2014-06-25 00:00:00-04:00,41.741465219722976,42.120800776502534,41.48614176544369,41.96760559082031,14836600
2014-06-26 00:00:00-04:00,41.82901215323208,41.93843691138163,41.28918761330133,41.86548614501953,11854400
2014-06-27 00:00:00-04:00,41.82170965441685,42.091620476107195,41.756055369920645,41.96760559082031,10178600
2014-06-30 00:00:00-04:00,41.90195557777834,42.14998259084918,41.8581879055103,42.03326416015625,11549000
2014-07-01 00:00:00-04:00,41.98184809170049,42.598904222258625,41.93042698100735,42.290374755859375,14472200
2014-07-02 00:00:00-04:00,42.070008908456636,42.22427227992365,41.739442539426534,41.849632263183594,19189900
2014-07-03 00:00:00-04:00,42.040612740754284,42.34914219883396,41.87165726699838,41.90838623046875,12599800
2014-07-07 00:00:00-04:00,41.79084508971792,41.864305806987424,41.43089738293676,41.629234313964844,13916100
2014-07-08 00:00:00-04:00,41.3941704990279,41.482323370134885,40.86526728358679,40.96076202392578,18343400
2014-07-09 00:00:00-04:00,41.04891407462518,41.22521420883528,40.850574321958746,41.151756286621094,10914300
2014-07-10 00:00:00-04:00,40.44656270264215,40.99750569701877,40.37310195538068,40.81385803222656,12436600
2014-07-11 00:00:00-04:00,40.61551051948152,41.070955857210954,40.542049786144226,40.990150451660156,10230000
2014-07-14 00:00:00-04:00,41.526401628315774,41.75412570067727,41.28398821137396,41.350101470947266,14004400
2014-07-15 00:00:00-04:00,42.56952337828844,43.11311882172053,42.42994937889432,42.80459213256836,36178000
2014-07-16 00:00:00-04:00,42.9808813532168,43.32613972413481,42.83396552088051,43.12779998779297,20507500
2014-07-17 00:00:00-04:00,43.017612710340636,43.23798925901938,42.42993817754419,42.50339889526367,17013500
2014-07-18 00:00:00-04:00,42.84866443484914,42.95885132651139,42.532790301384765,42.775203704833984,12803300
2014-07-21 00:00:00-04:00,42.69440555018024,42.90743750002523,42.53279752119508,42.78255844116211,9141400
2014-07-22 00:00:00-04:00,42.91478297725286,43.19392819944423,42.878054006442625,43.09843063354492,10375200
2014-07-23 00:00:00-04:00,43.16453263428461,43.480406744830844,42.98823249952027,43.34083557128906,11122100
2014-07-24 00:00:00-04:00,43.39228223814109,43.59796678394023,43.33351642601638,43.46574020385742,9844100
2014-07-25 00:00:00-04:00,43.28207704116975,43.539185433905686,43.2233112500169,43.34819030761719,10500600
2014-07-28 00:00:00-04:00,43.29675630380862,43.53182500294189,43.098416563494936,43.480403900146484,12382800
2014-07-29 00:00:00-04:00,43.436339914470445,43.436339914470445,42.92947064260605,43.07638931274414,13498800
2014-07-30 00:00:00-04:00,43.35554755948212,43.54653992659816,43.0543654560259,43.274742126464844,11815700
2014-07-31 00:00:00-04:00,43.08372780507133,43.10576462021345,42.35648208074161,42.363826751708984,15955900
2014-08-01 00:00:00-04:00,42.15814702170634,42.231607750741865,41.11502988956453,41.48966979980469,23915400
2014-08-04 00:00:00-04:00,41.80553233815539,41.85695343310322,41.38681610658618,41.614540100097656,13543900
2014-08-05 00:00:00-04:00,41.4529539361702,41.57783301163384,40.84324230257854,41.181156158447266,16863300
2014-08-06 00:00:00-04:00,41.05625797536904,41.64392974877292,41.01218434376379,41.3060188293457,12190600
2014-08-07 00:00:00-04:00,41.59985554434392,41.643929175342286,40.90199409705624,41.07094955444336,11743800
2014-08-08 00:00:00-04:00,41.05626687105427,41.401525338716425,40.87261922693452,41.38683319091797,12213200
2014-08-11 00:00:00-04:00,41.53374979252255,41.563134086652056,41.26194927518539,41.37213897705078,9066800
2014-08-12 00:00:00-04:00,41.30603401469162,41.541102810471564,41.2325760668508,41.39418411254883,11289600
2014-08-13 00:00:00-04:00,41.643945481053045,41.75413520617385,41.51171893180452,41.665985107421875,7012600
2014-08-14 00:00:00-04:00,41.702708388406656,41.87166388888238,41.651287270967984,41.856971740722656,8275900
2014-08-15 00:00:00-04:00,42.047977140501025,42.23896950877185,41.42357330120041,41.688026428222656,12727400
2014-08-18 00:00:00-04:00,41.76880979421346,42.18752609003316,41.695349074273196,42.04060745239258,8881400
2014-08-19 00:00:00-04:00,42.31240150276218,42.400554359174045,42.12140925168252,42.28302001953125,9040500
2014-08-20 00:00:00-04:00,42.18019746524694,42.49607169653942,42.15816064053762,42.3418083190918,8121400
2014-08-21 00:00:00-04:00,42.35648893053483,43.17188484953695,42.31241249088267,42.97354507446289,12745500
2014-08-22 00:00:00-04:00,42.92946239067769,43.39960260519705,42.848659799762196,42.96619415283203,10228600
2014-08-25 00:00:00-04:00,43.326142248166086,43.95054578093042,43.23799218318102,43.59059524536133,13996800
2014-08-26 00:00:00-04:00,43.75954430774874,44.038689408678216,43.62731782847897,43.88442611694336,10281100
2014-08-27 00:00:00-04:00,43.96523850501902,44.038699233357185,43.73016977881741,43.77424621582031,11410900
2014-08-28 00:00:00-04:00,43.52448346026315,43.61263352821366,43.201264676284524,43.458370208740234,9096100
2014-08-29 00:00:00-04:00,43.59060038886531,43.81832445270724,43.50979498549429,43.67140579223633,8897900
2014-09-02 00:00:00-04:00,43.67875590489042,43.86240355279417,43.451034614923834,43.8330192565918,8671100
2014-09-03 00:00:00-04:00,44.09011784619549,44.34722337522405,43.678746197509696,43.85504913330078,11791800
2014-09-04 00:00:00-04:00,43.803645698213245,44.17828573482175,43.656726992825924,43.86241149902344,9811900
2014-09-05 00:00:00-04:00,43.7962683943191,44.009300231933594,43.50243398590123,44.009300231933594,9600900
2014-09-08 00:00:00-04:00,43.95790756112532,44.2370528115054,43.88444961208688,43.99463653564453,8090000
2014-09-09 00:00:00-04:00,43.80363459565903,43.840363562136154,43.17923095658577,43.384918212890625,14868700
2014-09-10 00:00:00-04:00,43.45103554670258,43.75221758363375,43.28207724103609,43.50245666503906,9153800
2014-09-11 00:00:00-04:00,43.47306314083325,43.95789272669889,43.318799818566944,43.89912414550781,11467000
2014-09-12 00:00:00-04:00,43.92851004139845,44.37661068151486,43.89178107793192,44.09746551513672,14359100
2014-09-15 00:00:00-04:00,43.91382623945141,44.06809239890678,43.67141279272008,44.0313606262207,10685600
2014-09-16 00:00:00-04:00,43.86240127101835,44.22235187517055,43.79628800912266,44.06808853149414,10947900
2014-09-17 00:00:00-04:00,44.038708547624566,44.508846099462744,43.943210981707175,44.30316162109375,15091800
2014-09-18 00:00:00-04:00,44.47211002221641,45.10385830738895,44.47211002221641,45.04508972167969,16973700
2014-09-19 00:00:00-04:00,45.35362384575699,45.434426456037514,44.79533343319631,44.890830993652344,18739300
2014-09-22 00:00:00-04:00,44.765952380239604,45.14059517411567,44.663110139486456,44.74391555786133,13225200
2014-09-23 00:00:00-04:00,44.677787742122014,45.10385151765519,44.64105878270294,44.76593780517578,14328800
2014-09-24 00:00:00-04:00,44.942241827651856,45.2801527461178,44.82470747330544,45.27280807495117,13728200
2014-09-25 00:00:00-04:00,45.16997852808599,45.17732320131162,44.18562698364258,44.18562698364258,16340100
2014-09-26 00:00:00-04:00,44.31784567078575,44.72186988042123,44.31049819662055,44.48680114746094,11948900
2014-09-29 00:00:00-04:00,44.09747259957905,44.44273107656027,43.87709598113516,44.31785202026367,10686500
2014-09-30 00:00:00-04:00,44.369273887257826,44.619034806310424,44.170934086635995,44.251739501953125,14384800
2014-10-01 00:00:00-04:00,44.25173734784216,44.369271727425456,43.87709458637995,43.90647888183594,18995800
2014-10-02 00:00:00-04:00,43.74378474409019,43.995228414489006,43.34443253443547,43.5145263671875,24559100
2014-10-03 00:00:00-04:00,43.81774473829563,44.66081988188091,43.66983617495478,44.594261169433594,18321100
2014-10-06 00:00:00-04:00,44.949223499184114,44.96401463219104,44.372383417514875,44.50550079345703,11578000
2014-10-07 00:00:00-04:00,44.313226369513764,44.313226369513764,43.773362618624574,43.83252716064453,14542000
2014-10-08 00:00:00-04:00,43.89907569047039,44.69038291939379,43.76595832288328,44.66819763183594,15834100
2014-10-09 00:00:00-04:00,44.616433642488516,44.616433642488516,43.55149461676231,43.69200897216797,19189500
2014-10-10 00:00:00-04:00,43.65503424141086,44.23927137051931,43.27047320026809,43.277870178222656,16689400
2014-10-13 00:00:00-04:00,43.26307463550981,43.743776593241336,42.97465458931898,43.01163101196289,17169300
2014-10-14 00:00:00-04:00,41.92451359000298,43.277872886075286,41.45860551005214,42.88591766357422,29096800
2014-10-15 00:00:00-04:00,42.16855043204358,42.43478515269079,40.127419454494884,41.06663513183594,37866900
2014-10-16 00:00:00-04:00,40.48979532155237,41.39942874092684,40.142210787723165,40.73384475708008,31965100
2014-10-17 00:00:00-04:00,41.21455677545838,41.991073077727904,41.096230508647025,41.56214141845703,20183500
2014-10-20 00:00:00-04:00,41.48818039670996,41.96888238061894,41.465995106139516,41.8801383972168,10807600
2014-10-21 00:00:00-04:00,42.32386286061434,42.900703007922814,42.212933582119895,42.8415412902832,14020400
2014-10-22 00:00:00-04:00,42.92288940351314,43.08558623635421,42.47916384392385,42.4865608215332,13750700
2014-10-23 00:00:00-04:00,42.98204605201844,43.337024765172394,42.8489286819457,42.93767547607422,12641900
2014-10-24 00:00:00-04:00,42.893317649390625,43.470157915020245,42.893317649390625,43.44057846069336,13758000
2014-10-27 00:00:00-04:00,43.226092335927085,43.4775359252882,43.07818384434057,43.36660385131836,11087100
2014-10-28 00:00:00-04:00,43.53670687435224,44.14312927962401,43.492336292237994,44.098758697509766,13625000
2014-10-29 00:00:00-04:00,44.091359580394396,44.20968582882516,43.45535493715898,43.847312927246094,16712100
2014-10-30 00:00:00-04:00,43.588478773245114,44.13573951646812,43.573687637361175,43.92127227783203,14709800
2014-10-31 00:00:00-04:00,44.4611250339787,44.77173316839349,44.276240112888,44.727359771728516,18347600
2014-11-03 00:00:00-05:00,44.95662703230309,45.2228618230126,44.63862467908012,45.02318572998047,11841200
2014-11-04 00:00:00-05:00,44.54987970788729,44.64601785265425,43.94345446400677,44.557273864746094,15295800
2014-11-05 00:00:00-05:00,44.9640178146937,45.282020144050016,44.66080661939121,45.22285842895508,14063800
2014-11-06 00:00:00-05:00,45.17107987802715,45.34117364657358,44.83828649560167,45.28200912475586,10421600
2014-11-07 00:00:00-05:00,45.1636899753481,45.518668698488774,45.00838731293407,45.45950698852539,12384600
2014-11-10 00:00:00-05:00,45.29681061004481,45.79969787597656,45.25983418601577,45.79969787597656,10801000
2014-11-11 00:00:00-05:00,45.637002739873,45.770120136443374,45.32639736195586,45.38555908203125,12539800
2014-11-12 00:00:00-05:00,44.68299160334921,44.993599774107764,44.54248006248245,44.786529541015625,17219600
2014-11-13 00:00:00-05:00,44.742160379045245,44.83830134828589,44.36499630144058,44.542484283447266,12240400
2014-11-14 00:00:00-05:00,44.55727485185457,44.83090379962025,44.505507289334595,44.57946014404297,6803400
2014-11-17 00:00:00-05:00,44.37239354559299,44.7643487858204,44.29104370604674,44.653419494628906,9017600
2014-11-18 00:00:00-05:00,44.63123347852625,44.97881814707249,44.520304182117684,44.76435089111328,8897800
2014-11-19 00:00:00-05:00,44.70517562609954,44.956619238051665,44.48331427934651,44.816104888916016,9210100
2014-11-20 00:00:00-05:00,44.52029658778283,44.55727301361153,44.18750311308363,44.46113204956055,10917300
2014-11-21 00:00:00-05:00,45.16368344283122,45.16368344283122,44.59423760855818,44.705169677734375,12340500
2014-11-24 00:00:00-05:00,44.89007255161764,45.34119234257375,44.89007255161764,45.08235168457031,8335000
2014-11-25 00:00:00-05:00,45.23026601701441,45.23026601701441,44.335423299428,44.594261169433594,14802600
2014-11-26 00:00:00-05:00,44.79392652213428,44.79392652213428,44.52029757956173,44.62383270263672,7626600
2014-11-28 00:00:00-05:00,44.66819816339593,44.78652440031258,44.394566448366156,44.49070739746094,6759600
2014-12-01 00:00:00-05:00,44.3575919847688,44.52768578151881,44.039589680069184,44.37238311767578,12771600
2014-12-02 00:00:00-05:00,44.379786542133004,45.252443818055006,44.372392384695345,45.17109680175781,12546600
2014-12-03 00:00:00-05:00,45.08234562082138,45.57044177694978,44.971416343272466,45.51128005981445,12115500
2014-12-04 00:00:00-05:00,45.185871316355936,45.53345585330509,44.99359224937292,45.3929443359375,11515200
2014-12-05 00:00:00-05:00,45.858860189617616,46.635379209978765,45.76272205010957,46.369144439697266,20071100
2014-12-08 00:00:00-05:00,46.29519441024883,46.70933775016012,46.043750743359965,46.346961975097656,15528200
2014-12-09 00:00:00-05:00,45.74054330306187,46.480083229197845,45.52607886853435,46.184268951416016,19676400
2014-12-10 00:00:00-05:00,45.96977757731203,46.02894209449976,44.646001126990775,44.87525939941406,29620600
2014-12-11 00:00:00-05:00,45.23765083818375,45.89584366813703,45.193280253124854,45.2154655456543,16886200
2014-12-12 00:00:00-05:00,44.764342828907374,45.27462709229409,44.34280537200904,44.40196990966797,17405400
2014-12-15 00:00:00-05:00,44.91964526091345,44.971412817268174,43.47754219688268,43.75117111206055,19209900
2014-12-16 00:00:00-05:00,43.20392199049028,44.26886131083594,42.974666414343304,43.21131896972656,20709700
2014-12-17 00:00:00-05:00,43.31483761138409,44.24665916175441,43.1447438283114,44.20228576660156,17856400
2014-12-18 00:00:00-05:00,44.845697706167805,45.46691131591797,44.697789166490004,45.46691131591797,18173400
2014-12-19 00:00:00-05:00,45.40774270325223,46.110303223164834,45.38555459193856,45.79969787597656,22756400
2014-12-22 00:00:00-05:00,45.96979423407425,46.0955174680932,45.56304790494562,45.80709457397461,17073400
2014-12-23 00:00:00-05:00,45.88843388779215,46.56881182046108,45.79968992131179,46.20643615722656,13552600
2014-12-24 00:00:00-05:00,46.3987180425738,46.49485616412759,46.051133510605986,46.20643615722656,7412500
2014-12-26 00:00:00-05:00,46.346960849621574,46.50966051869304,46.15468173072673,46.258216857910156,6086500
2014-12-29 00:00:00-05:00,46.1620758757908,46.84245400172153,46.036355455992656,46.56142807006836,10601200
2014-12-30 00:00:00-05:00,46.38394008410224,46.798080592704174,46.27300797865779,46.701942443847656,7518100
2014-12-31 00:00:00-05:00,46.81286988749017,46.9533842583442,46.28040313720703,46.28040313720703,18529400
2015-01-02 00:00:00-05:00,46.280401938132975,46.860952868334685,46.19852878863917,46.51113510131836,12600000
2015-01-05 00:00:00-05:00,46.19109800875287,46.35484150726431,44.829032393800695,45.06720733642578,20100600
2015-01-06 00:00:00-05:00,45.13417659074702,45.21604972766438,43.4297355162963,43.898643493652344,29074100
2015-01-07 00:00:00-05:00,44.575956841643674,44.575956841643674,43.667913390065095,43.965633392333984,23843200
2015-01-08 00:00:00-05:00,44.635508991631035,45.32770569229681,44.635508991631035,44.94811248779297,16971100
2015-01-09 00:00:00-05:00,45.19373418511393,45.2458347703795,44.12938879022763,44.166603088378906,15396200
2015-01-12 00:00:00-05:00,44.12194554016679,44.21126326551081,43.37020647377007,43.78701400756836,15455200
2015-01-13 00:00:00-05:00,44.10705232433267,44.43454492061389,43.44462824806361,43.79444885253906,21644700
2015-01-14 00:00:00-05:00,43.79445381918881,43.79445381918881,41.13731265052719,42.283531188964844,49602300
2015-01-15 00:00:00-05:00,41.47968770738164,42.13467011878321,40.56420237970784,40.92890930175781,42458100
2015-01-16 00:00:00-05:00,40.68329349725809,41.68065207110165,40.66840720937755,41.6285514831543,29368900
2015-01-20 00:00:00-05:00,41.7104250968022,41.97092803934904,41.248958685334735,41.464805603027344,23477700
2015-01-21 00:00:00-05:00,41.271276610380596,41.99324289899742,41.0777577657275,41.5987663269043,21842400
2015-01-22 00:00:00-05:00,41.96346833161667,42.9682682100003,41.650862095258,42.86406707763672,31423500
2015-01-23 00:00:00-05:00,42.96083350056382,43.072476372345825,42.17187747933646,42.186763763427734,15458300
2015-01-26 00:00:00-05:00,41.985798626712366,42.41749230066482,41.829496919633606,42.253746032714844,12577700
2015-01-27 00:00:00-05:00,41.71785258843159,42.13465999357473,41.50200574437882,41.829498291015625,15220500
2015-01-28 00:00:00-05:00,42.14210578325693,42.18676463645494,40.75027084350586,40.75027084350586,24354400
2015-01-29 00:00:00-05:00,41.1373070814408,41.59877055601775,40.69817161456755,41.43502426147461,20393300
2015-01-30 00:00:00-05:00,40.928909653825045,41.30850002641106,40.46744328493209,40.47488784790039,26943700
2015-02-02 00:00:00-05:00,40.58652220023287,41.420137042632824,40.3930061928029,41.286163330078125,20308900
2015-02-03 00:00:00-05:00,41.61367829158448,42.261216402195835,41.58390570645361,42.21656036376953,18812500
2015-02-04 00:00:00-05:00,41.918819233010524,42.477042148406724,41.88904666276493,41.963478088378906,14934100
2015-02-05 00:00:00-05:00,42.32073288421546,42.4547065872167,42.023012913264246,42.253746032714844,11293900
2015-02-06 00:00:00-05:00,42.98316304368168,43.71257395461981,42.826861314038176,43.087364196777344,25214000
2015-02-09 00:00:00-05:00,42.73754305145657,43.243665365009186,42.59612760827245,43.03526306152344,14372400
2015-02-10 00:00:00-05:00,43.48183555812285,43.69768240022987,43.206446423971066,43.5116081237793,16367300
2015-02-11 00:00:00-05:00,43.21389554448091,43.66047271937303,43.050149255361866,43.44462585449219,13061900
2015-02-12 00:00:00-05:00,43.86143406151484,44.441984966809635,43.57860033156189,44.33778381347656,23211300
2015-02-13 00:00:00-05:00,44.25590684064486,44.821574251636974,44.166591979692306,44.412208557128906,16479100
2015-02-17 00:00:00-05:00,44.18147953876064,44.7620304106175,44.15170697116072,44.73225784301758,15308800
2015-02-18 00:00:00-05:00,44.732251760799514,44.732251760799514,44.00284098938893,44.18891525268555,14278100
2015-02-19 00:00:00-05:00,44.025185934058314,44.27080256386769,43.76468017843576,44.0847282409668,11256500
2015-02-20 00:00:00-05:00,43.883769926154024,44.57596667068102,43.429748100252546,44.50897979736328,15379000
2015-02-23 00:00:00-05:00,44.285683649686476,44.308011657246446,43.764675038895284,44.17403793334961,16814000
2015-02-24 00:00:00-05:00,44.84391253780985,45.588209841341964,44.71738335905845,45.26816177368164,22937700
2015-02-25 00:00:00-05:00,45.2234910717875,45.6030841871849,45.21604934997907,45.506324768066406,18307900
2015-02-26 00:00:00-05:00,45.42446975729238,45.92315049548735,45.33515486361166,45.83383560180664,15444800
2015-02-27 00:00:00-05:00,45.49888036771407,46.086872891081725,45.49888036771407,45.61052322387695,15225900
2015-03-02 00:00:00-05:00,45.61051678172999,46.019882380977975,45.42444254180548,45.975223541259766,13047300
2015-03-03 00:00:00-05:00,45.885932437671094,46.13899364844652,45.77428670025554,46.124107360839844,13706900
2015-03-04 00:00:00-05:00,45.87847627996296,46.27295286440732,45.66262942311787,46.24318313598633,16625500
2015-03-05 00:00:00-05:00,46.295283337825936,46.31761134377936,45.84870334387937,46.14642333984375,10931300
2015-03-06 00:00:00-05:00,46.26552083662906,46.793971247138906,45.25327603723226,45.32026290893555,22719200
2015-03-09 00:00:00-04:00,45.283044480174695,45.871039984899916,45.25327190896283,45.7742805480957,13001500
2015-03-10 00:00:00-04:00,45.22349271318092,45.40956699709492,44.628055572509766,44.628055572509766,16357700
2015-03-11 00:00:00-04:00,44.75459839858785,45.14163334355538,44.62806637846918,44.83647155761719,13015600
2015-03-12 00:00:00-04:00,45.14163244064173,45.73706971357851,45.14163244064173,45.67752456665039,18159600
2015-03-13 00:00:00-04:00,45.6998539884507,46.0422300547829,44.97788472048467,45.40213394165039,16506200
2015-03-16 00:00:00-04:00,45.77427951561177,46.08688298847921,45.58820520863774,46.03478240966797,15182900
2015-03-17 00:00:00-04:00,45.65519099331756,45.893365873471794,45.3425846885723,45.85615158081055,11718300
2015-03-18 00:00:00-04:00,45.692398809909875,46.18363478551275,45.46911024632096,45.96034622192383,15697900
2015-03-19 00:00:00-04:00,45.82638407630195,45.88592922255648,45.22350224718467,45.550994873046875,11523800
2015-03-20 00:00:00-04:00,45.64029823971473,46.22084907289955,45.513769094745996,45.96034622192383,18368300
2015-03-23 00:00:00-04:00,45.9603464586207,46.20596586732115,45.49143848518139,45.506324768066406,15112900
2015-03-24 00:00:00-04:00,45.379799138460506,45.580759714076294,44.992764271267326,45.000205993652344,12128700
2015-03-25 00:00:00-04:00,45.05230185475712,45.1341749887685,44.352663613759255,44.367549896240234,14950900
2015-03-26 00:00:00-04:00,44.255915060537944,44.50153452286303,43.81677955699482,44.315460205078125,14039600
2015-03-27 00:00:00-04:00,44.278242848696514,44.4940868845628,43.913535961769746,44.322898864746094,11755800
2015-03-30 00:00:00-04:00,45.31281030580649,45.744501167039274,45.11184973894582,45.372352600097656,20656500
2015-03-31 00:00:00-04:00,45.19373211057218,45.3574755827752,44.970440653376464,45.08953094482422,17346700
2015-04-01 00:00:00-04:00,45.26184988719835,45.3817288657422,44.75236351385195,44.917198181152344,18100600
2015-04-02 00:00:00-04:00,45.00711205310436,45.47913683769381,44.95466517238782,45.34427261352539,12697800
2015-04-06 00:00:00-04:00,44.89471421708912,45.51658831828315,44.692420784171055,45.306800842285156,12025200
2015-04-07 00:00:00-04:00,45.816297831296524,46.07853223735856,45.591522216796875,45.591522216796875,11505500
2015-04-08 00:00:00-04:00,45.748857568880645,46.12347971545738,45.65894619584132,45.741363525390625,11734000
2015-04-09 00:00:00-04:00,45.9061961087436,46.138462858049195,45.5765296635931,46.05604553222656,11728500
2015-04-10 00:00:00-04:00,45.96613346485806,46.2883087201024,45.8537485425584,46.228370666503906,9869700
2015-04-13 00:00:00-04:00,46.18343222942308,46.6554570821464,46.078538452849244,46.50560760498047,15468700
2015-04-14 00:00:00-04:00,47.17241611473781,47.659426008318576,47.007584327393786,47.232357025146484,33775400
2015-04-15 00:00:00-04:00,47.26233047958651,48.3112736131842,47.20988075058054,48.10897445678711,28732200
2015-04-16 00:00:00-04:00,48.0115805327924,48.153933075817655,47.69689641160975,47.80928421020508,16640500
2015-04-17 00:00:00-04:00,47.3897019503702,47.50208973856787,46.82027754024783,47.08251190185547,20221200
2015-04-20 00:00:00-04:00,47.36722454917519,47.5919972627476,47.307283634547815,47.38220977783203,12755300
2015-04-21 00:00:00-04:00,47.449642889550674,47.65193633538153,46.550549157948346,46.6854133605957,14985100
2015-04-22 00:00:00-04:00,46.94016148782264,47.31478367732437,46.47562791497935,47.157440185546875,14484700
2015-04-23 00:00:00-04:00,47.0450486402827,47.3597298633877,46.902690399043706,47.05253982543945,12851300
2015-04-24 00:00:00-04:00,46.92517779248677,47.082518431271396,46.707896229513395,46.9026985168457,9597500
2015-04-27 00:00:00-04:00,46.97762179764633,47.31478233022669,46.68541695545681,46.70789337158203,11146400
2015-04-28 00:00:00-04:00,46.82028191378998,47.03756060878679,46.28082505307414,47.02257537841797,12307800
2015-04-29 00:00:00-04:00,46.87272368999615,47.86921710688376,46.797797546306015,47.65193557739258,17601200
2015-04-30 00:00:00-04:00,47.636954717965544,47.86172743988606,47.142450728344095,47.397193908691406,16840900
2015-05-01 00:00:00-04:00,47.726878840747595,47.8542490434984,47.44965915500555,47.659446716308594,11640100
2015-05-04 00:00:00-04:00,47.71188541994016,48.60348811877384,47.6819149568562,48.4911003112793,14972500
2015-05-05 00:00:00-04:00,48.333748654978386,48.94063467438263,48.16891400371302,48.2513313293457,17692400
2015-05-06 00:00:00-04:00,48.34874028658545,48.75333294911819,47.5170785440928,47.891700744628906,18087900
2015-05-07 00:00:00-04:00,47.7043816773997,48.401179082678134,47.389700453410775,48.326255798339844,15039900
2015-05-08 00:00:00-04:00,48.67840767994077,49.18789408067802,48.401185204915194,49.06801223754883,16802600
2015-05-11 00:00:00-04:00,48.89568381883447,49.180394590316894,48.76081961838906,49.03803634643555,13798800
2015-05-12 00:00:00-04:00,48.93315469150584,49.10548343542135,48.52107366121676,48.970619201660156,12762200
2015-05-13 00:00:00-04:00,49.01555752260838,49.17289812934583,48.74582913497848,49.09048080444336,11874100
2015-05-14 00:00:00-04:00,49.32275612090202,49.584990495831335,49.23284474252026,49.48759078979492,11855500
2015-05-15 00:00:00-04:00,49.547525315256586,49.57000744675525,49.030550616398884,49.36021423339844,11152100
2015-05-18 00:00:00-04:00,49.30027325522914,49.85471239200893,49.30027325522914,49.764801025390625,10510900
2015-05-19 00:00:00-04:00,50.02704445212084,50.34173143429965,49.877197863487844,50.20686721801758,14282700
2015-05-20 00:00:00-04:00,50.161912573786786,50.2218535004191,49.74983156482277,49.80977249145508,12446000
2015-05-21 00:00:00-04:00,49.55501380960782,49.95960638706627,49.45761411581002,49.937129974365234,12934500
2015-05-22 00:00:00-04:00,49.922152743893896,50.07200505495258,49.68988880710441,49.802276611328125,9296900
2015-05-26 00:00:00-04:00,49.59998097594537,49.667415949826015,48.933153863707304,49.247840881347656,15571300
2015-05-27 00:00:00-04:00,49.412666318856736,49.937140833140354,49.31526660387947,49.802276611328125,10963700
2015-05-28 00:00:00-04:00,49.71985743035043,49.74982789145366,49.255323857671776,49.5999755859375,11797400
2015-05-29 00:00:00-04:00,49.58498479356694,49.61495524958092,48.97060473598013,49.28528594970703,14310700
2015-06-01 00:00:00-04:00,49.44262821402464,49.94462622373734,49.42764584365539,49.51006317138672,11899300
2015-06-02 00:00:00-04:00,49.32277345049499,49.742348597799946,49.135462300264905,49.465126037597656,12784200
2015-06-03 00:00:00-04:00,49.77230446318272,50.29677324341987,49.65242261839653,49.9745979309082,12927300
2015-06-04 00:00:00-04:00,49.682395791058475,50.23684077903253,49.457625894238795,49.697383880615234,13863300
2015-06-05 00:00:00-04:00,50.47659074465222,50.82873076534261,50.20686233830355,50.5140495300293,20801100
2015-06-08 00:00:00-04:00,50.544016165781116,50.6114511204088,50.05700626246542,50.116947174072266,14558700
2015-06-09 00:00:00-04:00,50.16189222115337,50.40165011412211,49.80225823983979,50.33422088623047,13263500
2015-06-10 00:00:00-04:00,50.641419334597416,51.32323438927683,50.551513677298395,51.14341735839844,17478900
2015-06-11 00:00:00-04:00,51.21833495772231,51.458092877698014,51.06099435863948,51.33821105957031,13739900
2015-06-12 00:00:00-04:00,51.18087812335718,51.35320683364712,50.851214506707734,51.13592529296875,11804700
2015-06-15 00:00:00-04:00,50.633925362981664,51.10594716002445,50.42413789762932,50.94111251831055,14082300
2015-06-16 00:00:00-04:00,50.77628274818804,51.33821596270056,50.663900678309744,51.225833892822266,11692800
2015-06-17 00:00:00-04:00,51.255807931019284,51.45810138721298,50.97858546796506,51.05350875854492,14521900
2015-06-18 00:00:00-04:00,51.21085233620478,51.562998110141805,50.873694651016265,51.53302764892578,16759600
2015-06-19 00:00:00-04:00,51.29327099511965,51.45061163334098,50.88867833271573,51.00856018066406,21606400
2015-06-22 00:00:00-04:00,51.60046701447855,51.915148309650704,51.51055562316588,51.66789627075195,14306700
2015-06-23 00:00:00-04:00,51.960108622127905,52.312254476743604,51.84023246608047,52.25980758666992,15736900
2015-06-24 00:00:00-04:00,52.079971028814775,52.27477042411804,51.630425608166995,51.71283721923828,16995000
2015-06-25 00:00:00-04:00,51.93762318999979,52.05001099674131,51.42813675354873,51.435630798339844,13314300
2015-06-26 00:00:00-04:00,51.65291206215939,51.91514646548759,51.52553616658746,51.660400390625,14489200
2015-06-29 00:00:00-04:00,50.708856253114334,51.14341933445117,50.319251718444434,50.34921646118164,19934400
2015-06-30 00:00:00-04:00,50.86619089186974,51.03102553893613,50.319245798909364,50.76879119873047,20677400
2015-07-01 00:00:00-04:00,51.37211336251252,51.57572900543469,51.11570229899486,51.33440399169922,13964400
2015-07-02 00:00:00-04:00,51.243901518788775,51.379647189517875,50.67075824561415,50.919620513916016,12822900
2015-07-06 00:00:00-04:00,50.436973411511765,50.874376792685474,50.18056810411884,50.77634048461914,13527100
2015-07-07 00:00:00-04:00,50.595340061310495,50.69338211846611,49.24543211731194,50.376644134521484,22421500
2015-07-08 00:00:00-04:00,49.7733280426248,49.89399341780951,49.17755569834425,49.343467712402344,17707200
2015-07-09 00:00:00-04:00,50.14285673682573,50.30122572984558,49.76578606192841,49.856285095214844,14984700
2015-07-10 00:00:00-04:00,50.69338821002348,50.82913389854614,50.39927351049813,50.565185546875,12356100
2015-07-13 00:00:00-04:00,51.19865371287229,51.387189042718965,51.04028472623808,51.34947967529297,16175600
2015-07-14 00:00:00-04:00,51.26651122169607,52.11114551719705,51.100599269754206,52.06589889526367,20185100
2015-07-15 00:00:00-04:00,52.209197710451065,52.36002364871411,51.92262037265425,52.17903137207031,16891600
2015-07-16 00:00:00-04:00,52.510869965991404,52.752195013052884,52.34496367097155,52.45808029174805,18035700
2015-07-17 00:00:00-04:00,52.29971693316332,52.40529629308445,51.975435826650255,52.19413757324219,14040700
2015-07-20 00:00:00-04:00,52.41282290673314,52.616438536063384,52.1714979091068,52.23183059692383,11512900
2015-07-21 00:00:00-04:00,52.156424120741235,52.44299579316066,51.937722415351736,52.11117172241211,11659900
2015-07-22 00:00:00-04:00,52.24691951489358,53.00860400177716,52.186586817119235,52.85023498535156,15493000
2015-07-23 00:00:00-04:00,52.93318598006606,53.249923982841146,52.38266023402558,52.51840591430664,14331800
2015-07-24 00:00:00-04:00,52.367566533245736,52.45805979450798,51.7944176128084,51.967872619628906,12413900
2015-07-27 00:00:00-04:00,51.39474102495402,51.44753069636658,50.957337602597015,51.289161682128906,16801600
2015-07-28 00:00:00-04:00,51.696402878286534,51.734106501649045,51.108167666671584,51.319332122802734,14932400
2015-07-29 00:00:00-04:00,51.522931741420855,52.111161016063974,51.402272129165475,51.990501403808594,13059200
2015-07-30 00:00:00-04:00,51.98294291929274,52.37509373454111,51.68882836944656,52.06589889526367,10197200
2015-07-31 00:00:00-04:00,52.04329146377995,52.065914781649475,51.583264821628276,51.68130111694336,11911800
2015-08-03 00:00:00-04:00,51.72654775268242,51.915083073116996,51.28160715820468,51.68130111694336,9980600
2015-08-04 00:00:00-04:00,51.63606780605691,51.99805249266343,51.51540240809283,51.62852478027344,10964000
2015-08-05 00:00:00-04:00,52.073466898370626,52.35249553900631,51.70393346317045,51.8321418762207,11302900
2015-08-06 00:00:00-04:00,51.847213004534936,51.9905016889127,51.28160704448546,51.47014236450195,10803400
2015-08-07 00:00:00-04:00,51.53049082529076,51.83968585289306,50.942261367318935,51.319332122802734,11453300
2015-08-10 00:00:00-04:00,51.447516059210734,52.0432883263043,51.447516059210734,51.952789306640625,12661400
2015-08-11 00:00:00-04:00,51.455074310302734,51.583276977536045,51.16849687337802,51.455074310302734,14800300
2015-08-12 00:00:00-04:00,50.8366701612103,50.94224948783373,49.8261177802752,50.70846176147461,21069000
2015-08-13 00:00:00-04:00,50.7159932036837,51.13077314472392,50.50483459865976,50.942237854003906,11930600
2015-08-14 00:00:00-04:00,50.8442106192005,51.21374403918915,50.82913032315544,51.19865798950195,11248800
2015-08-17 00:00:00-04:00,50.99504266894821,51.462606646636964,50.82913064319717,51.33440399169922,10326500
2015-08-18 00:00:00-04:00,51.26653407077728,51.553105726810706,51.16094898314162,51.43998336791992,10617500
2015-08-19 00:00:00-04:00,51.228829457205634,51.515401139851015,50.7989690564162,50.97996139526367,15198200
2015-08-20 00:00:00-04:00,50.38419161419314,50.557646690246486,49.728092193603516,49.728092193603516,20972300
2015-08-21 00:00:00-04:00,49.08706329333509,49.351017398773,47.940770842548396,47.96339416503906,28235500
2015-08-24 00:00:00-04:00,44.713036786780314,47.45056753769455,37.75985332600061,45.43701171875,36339100
2015-08-25 00:00:00-04:00,47.58629655344329,47.752208496132035,45.04484215668565,45.18058776855469,31772500
2015-08-26 00:00:00-04:00,46.60594521033507,47.495832431210985,45.663268313375134,47.44304275512695,33576800
2015-08-27 00:00:00-04:00,48.249963494435,48.81557238688178,47.61648464186124,48.627037048339844,29045700
2015-08-28 00:00:00-04:00,48.48374826394327,48.611950913050485,47.963388889324456,48.36308288574219,16687300
2015-08-31 00:00:00-04:00,47.970934062538056,48.52899707760947,47.86535472870406,48.34046173095703,14223400
2015-09-01 00:00:00-04:00,47.39778379830767,47.39778379830767,45.995083271238165,46.34198760986328,23637300
2015-09-02 00:00:00-04:00,47.22434056386692,47.44304229226511,46.40986922878686,47.1866340637207,17757900
2015-09-03 00:00:00-04:00,47.420409688958706,48.0086390312432,47.09612867287341,47.26958084106445,17065400
2015-09-04 00:00:00-04:00,46.60593773595675,46.69643389804164,45.814089844866494,46.379695892333984,20189000
2015-09-08 00:00:00-04:00,47.33745802524119,47.66173907110156,47.005636830863224,47.63157272338867,13385100
2015-09-09 00:00:00-04:00,48.21980089579099,48.5214557347996,46.756767590705195,46.892513275146484,13889500
2015-09-10 00:00:00-04:00,46.65118124912031,47.510901870291406,46.34198343138648,47.254493713378906,15751100
2015-09-11 00:00:00-04:00,47.04333529841516,47.254493942725325,46.749220650462924,47.179080963134766,12766700
2015-09-14 00:00:00-04:00,47.239410432558806,47.277116922083586,46.84725661249546,47.0433349609375,10202800
2015-09-15 00:00:00-04:00,47.32989720493635,48.18207750808675,47.141361917847696,47.94829559326172,14023500
2015-09-16 00:00:00-04:00,48.1820930091895,48.48375071630849,47.66927663317988,48.370628356933594,12235900
2015-09-17 00:00:00-04:00,48.370620946267,48.74769158398573,47.05087371425146,47.246952056884766,21249200
2015-09-18 00:00:00-04:00,46.62855894577753,46.62855894577753,45.83670826257821,45.95737075805664,31008000
2015-09-21 00:00:00-04:00,46.39477727544445,46.6888919484884,46.06295610938838,46.34198760986328,13136400
2015-09-22 00:00:00-04:00,45.70096095337632,46.07049145071227,45.56521529123827,45.93474578857422,14811900
2015-09-23 00:00:00-04:00,45.85180266174354,46.115753913050064,45.48981508666917,45.73114013671875,11712200
2015-09-24 00:00:00-04:00,45.256022504031755,45.535056883205556,44.84124532446498,45.41439437866211,17293400
2015-09-25 00:00:00-04:00,46.20624587581084,46.6511894356862,45.90458815233488,46.35707473754883,18384300
2015-09-28 00:00:00-04:00,45.942294154880585,46.01016699809227,45.01470054886836,45.233402252197266,17452200
2015-09-29 00:00:00-04:00,45.23340603854724,45.34652841230958,44.290729179932576,45.12782669067383,19334900
2015-09-30 00:00:00-04:00,45.776392423662394,46.002634312128194,45.331448796390255,45.980010986328125,18743800
2015-10-01 00:00:00-04:00,46.09311700342538,46.658722997481355,45.655716530635594,46.319358825683594,16863200
2015-10-02 00:00:00-04:00,45.26355059025615,46.22822133740227,44.458391575944326,46.190242767333984,20435100
2015-10-05 00:00:00-04:00,46.51685928805316,47.27644220792773,46.501667281946204,47.10933303833008,13471100
2015-10-06 00:00:00-04:00,47.17768278693222,47.367578465258255,46.805485982478835,47.13210678100586,12134800
2015-10-07 00:00:00-04:00,47.51190209849018,47.87650148356164,46.911831009536215,47.19287872314453,12773100
2015-10-08 00:00:00-04:00,46.98019357533576,47.28402784501781,46.66117019999011,47.19287872314453,13964600
2015-10-09 00:00:00-04:00,47.39037344878601,47.51190658862871,46.775113196022936,47.04096603393555,12112000
2015-10-12 00:00:00-04:00,46.97260742064035,47.101735124915784,46.63839198229907,46.8814582824707,10857400
2015-10-13 00:00:00-04:00,46.63079001232468,47.215669145935266,46.57002489195893,46.752323150634766,15621900
2015-10-14 00:00:00-04:00,46.15225141152093,46.31176600775823,45.22556233056631,45.56737518310547,28989400
2015-10-15 00:00:00-04:00,45.931971990382266,47.06374871872406,45.65092427334415,47.01057815551758,18147900
2015-10-16 00:00:00-04:00,47.42075729370117,47.587866446997396,47.162499010233645,47.42075729370117,17456600
2015-10-19 00:00:00-04:00,47.09413277255282,47.67901186598586,47.02577020585082,47.2612419128418,14510400
2015-10-20 00:00:00-04:00,47.36758734239643,47.71699476057987,47.15490507003758,47.48912048339844,11545100
2015-10-21 00:00:00-04:00,47.76257486522218,47.82333999213751,47.13211965019956,47.13971710205078,12113400
2015-10-22 00:00:00-04:00,47.41316010342974,48.29427899105443,47.41316010342974,47.99803924560547,15295700
2015-10-23 00:00:00-04:00,48.33226241976501,48.757629901691594,48.233515828007626,48.51456069946289,16985200
2015-10-26 00:00:00-04:00,48.49176987152732,48.605708459495865,48.16514901010137,48.53734588623047,13880200
2015-10-27 00:00:00-04:00,48.25628157113094,48.50694521955452,48.08917536975955,48.33983612060547,8831900
2015-10-28 00:00:00-04:00,48.385418203253906,49.934964697365025,48.377820753667706,49.75266647338867,17962000
2015-10-29 00:00:00-04:00,49.57038732065905,50.0033493911492,49.28174207689343,49.532405853271484,12753700
2015-10-30 00:00:00-04:00,49.60075635160772,49.631134562150855,48.71204012157286,48.803192138671875,15731400
2015-11-02 00:00:00-05:00,48.95512114216157,49.94258134227752,48.909548017440564,49.7830696105957,15253300
2015-11-03 00:00:00-05:00,49.593149616725704,50.20840968027655,49.501997616691874,49.9653434753418,11519500
2015-11-04 00:00:00-05:00,50.1400601946135,50.246401318640345,49.85141503354921,50.018524169921875,11388400
2015-11-05 00:00:00-05:00,49.97296379356394,50.64139471424375,49.94257977964784,50.46669387817383,12715900
2015-11-06 00:00:00-05:00,51.93268554695285,52.43400725314409,51.72759491634367,52.00104522705078,23262700
2015-11-09 00:00:00-05:00,52.183337468386604,52.1985323700898,50.952817007650296,51.18828582763672,17143800
2015-11-10 00:00:00-05:00,51.03637913601204,51.5377008584405,50.8388859507364,51.408573150634766,13239700
2015-11-11 00:00:00-05:00,51.72758502169369,51.780755583318424,51.08194083192007,51.15789794921875,8513900
2015-11-12 00:00:00-05:00,50.78571863470345,50.81610264939919,50.094495339481384,50.132476806640625,13576900
2015-11-13 00:00:00-05:00,50.01093055538187,50.26159427916654,49.54759036238802,49.798248291015625,11837000
2015-11-16 00:00:00-05:00,49.72228745754626,50.573022246694805,49.502007758700024,50.51985168457031,11041100
2015-11-17 00:00:00-05:00,50.64138805717731,50.69455862575141,50.048914351592344,50.2312126159668,12354800
2015-11-18 00:00:00-05:00,50.49707329206184,51.30982675601586,50.4135187101935,51.233863830566406,12911400
2015-11-19 00:00:00-05:00,51.3325997610834,51.514897984679116,50.92242441162601,51.393367767333984,12839500
2015-11-20 00:00:00-05:00,51.64402930871051,51.735181324541216,51.18068336976153,51.30221939086914,11209600
2015-11-23 00:00:00-05:00,51.1275088490047,51.332599419948465,50.724930951793006,50.80088806152344,11339000
2015-11-24 00:00:00-05:00,50.26159903635344,50.998395375613946,50.162855345739466,50.724945068359375,10910000
2015-11-25 00:00:00-05:00,50.83887612965226,50.98319871353005,50.550236757053455,50.78570556640625,7772000
2015-11-27 00:00:00-05:00,50.89205150415045,51.1427152382176,50.61860121156034,51.02117919921875,4052500
2015-11-30 00:00:00-05:00,51.10473538669029,51.28703365577241,50.64898681640625,50.64898681640625,15147500
2015-12-01 00:00:00-05:00,51.15028666136965,51.52248628720902,50.88443392516653,51.355377197265625,12708800
2015-12-02 00:00:00-05:00,51.522511137028324,51.56048680614195,50.49707534843558,50.6338005065918,13440900
2015-12-03 00:00:00-05:00,50.76292593763672,50.91484019759794,49.81344732498524,49.98055648803711,14626900
2015-12-04 00:00:00-05:00,50.20843428914274,51.65164312368924,50.15526371185115,51.56808853149414,17786000
2015-12-07 00:00:00-05:00,51.39337531453409,51.46173498523769,50.436299358585366,50.89204788208008,11686000
2015-12-08 00:00:00-05:00,50.32235334553466,50.86165636144166,49.904580546867805,50.102073669433594,13084500
2015-12-09 00:00:00-05:00,49.83621714925936,50.573013232483,49.40325527908694,49.7222785949707,16770200
2015-12-10 00:00:00-05:00,49.78306066401753,50.512259504299834,49.433653248579596,49.83623123168945,12839000
2015-12-11 00:00:00-05:00,49.220967565676304,49.49441783622004,48.24110216450898,48.66646957397461,17889300
2015-12-14 00:00:00-05:00,48.788015488976704,49.190593525751524,48.309474520981105,48.81839370727539,17638200
2015-12-15 00:00:00-05:00,49.42605798659268,50.6262003330947,49.42605798659268,50.20842742919922,18126600
2015-12-16 00:00:00-05:00,50.823694272138276,51.454143670495,50.064111377347324,51.29463195800781,21720000
2015-12-17 00:00:00-05:00,51.575676287941505,51.65163341334145,50.193235743096594,50.345149993896484,18122100
2015-12-18 00:00:00-05:00,50.1096859072816,50.1096859072816,48.91714096069336,48.91714096069336,23819600
2015-12-21 00:00:00-05:00,49.388083212486016,49.79825872044995,49.24376638581672,49.7830696105957,18869300
2015-12-22 00:00:00-05:00,50.0717025672823,50.13247058913724,49.357698593538075,49.889404296875,12149500
2015-12-23 00:00:00-05:00,50.22361994198868,50.77811217514414,50.170449374492165,50.68696594238281,12524500
2015-12-24 00:00:00-05:00,50.60341740770811,50.80850225106576,50.37554020828146,50.58822250366211,4468200
2015-12-28 00:00:00-05:00,50.352740950958676,50.47427117689332,49.91218156723814,50.42110061645508,6610600
2015-12-29 00:00:00-05:00,50.7705105422371,51.11992372289962,50.69455342280658,50.94521713256836,9820800
2015-12-30 00:00:00-05:00,50.92242405431398,50.93002150383101,50.47426725530559,50.58060836791992,7190700
2015-12-31 00:00:00-05:00,50.276794224917126,50.72494535619772,50.13247161883669,50.15525817871094,14654300
2016-01-04 00:00:00-05:00,48.90117180701021,48.985283959290726,48.18237242721638,48.648826599121094,25393200
2016-01-05 00:00:00-05:00,48.71000888738811,49.03881787674279,48.20532131991445,48.732948303222656,16566700
2016-01-06 00:00:00-05:00,47.96062829291991,48.27414630789397,47.67004969559724,48.029449462890625,22961500
2016-01-07 00:00:00-05:00,46.99713593513023,47.410062990290974,45.94188179463064,46.0871696472168,27630900
2016-01-08 00:00:00-05:00,46.744800988646325,46.85185551986343,45.0013318957684,45.05485916137695,22373300
2016-01-11 00:00:00-05:00,44.986026763916016,45.28425084065528,44.38193019374268,44.986026763916016,20925500
2016-01-12 00:00:00-05:00,45.460123781434284,45.54423885794296,44.42780636566798,45.08543014526367,22971600
2016-01-13 00:00:00-05:00,45.467774088013755,45.63600425881826,43.51784487475291,43.846656799316406,28808100
2016-01-14 00:00:00-05:00,44.4736808203401,45.406589091184784,43.80841165059815,44.504268646240234,31296300
2016-01-15 00:00:00-05:00,43.16609957198696,44.02253862886642,42.99022387654848,43.61725997924805,38131700
2016-01-19 00:00:00-05:00,44.14487623436061,44.32840030288592,43.211967810304486,43.59430694580078,22818900
2016-01-20 00:00:00-05:00,42.53905964962392,42.95963218069252,41.797320677928155,42.447296142578125,34646100
2016-01-21 00:00:00-05:00,42.62317545131023,43.21962367198946,42.10319390409674,42.24848175048828,31301100
2016-01-22 00:00:00-05:00,43.158451376446706,43.7090208029313,43.051396858411785,43.548439025878906,22732200
2016-01-25 00:00:00-05:00,43.189032467937146,43.47196263811753,42.516114709249365,42.56199645996094,21114400
2016-01-26 00:00:00-05:00,42.70728918524414,43.7013734787083,42.67670426495067,43.64784622192383,17535700
2016-01-27 00:00:00-05:00,43.64784781767652,44.5578141332974,43.25021466915685,43.61725997924805,20560000
2016-01-28 00:00:00-05:00,43.984297702503476,44.32840353292704,43.3037344584526,43.80077362060547,15497900
2016-01-29 00:00:00-05:00,44.221352003672266,45.528951330079614,43.97665223903624,45.49836349487305,26992200
2016-02-01 00:00:00-05:00,45.2383827783362,45.61307655030513,44.68781329038746,45.00897979736328,16807900
2016-02-02 00:00:00-05:00,44.259586078962705,44.336052751240736,43.39549868054147,43.6096076965332,22448200
2016-02-03 00:00:00-05:00,43.869596796793736,44.19840872570726,42.07260381348942,43.900184631347656,31543200
2016-02-04 00:00:00-05:00,43.632549778636445,44.748979522709945,43.632549778636445,44.65721893310547,21651300
2016-02-05 00:00:00-05:00,44.794855893412155,45.223073871455505,43.907826271428206,44.16017150878906,22001300
2016-02-08 00:00:00-05:00,43.34961669481451,43.525492373725356,42.470238300260256,43.23491668701172,28267600
2016-02-09 00:00:00-05:00,42.279068778378665,43.34961677151495,42.156720352962616,42.97492599487305,26300000
2016-02-10 00:00:00-05:00,43.25785633759551,43.90018630259868,42.41671127445601,42.4549446105957,22389600
2016-02-11 00:00:00-05:00,41.216158648896304,41.223804147873466,40.14560793710055,40.58147430419922,44334700
2016-02-12 00:00:00-05:00,42.55435260890346,44.02253368436583,42.18730442302137,43.961360931396484,37011400
2016-02-16 00:00:00-05:00,44.52721982278376,44.81014999458083,44.07605948109938,44.618980407714844,23730700
2016-02-17 00:00:00-05:00,45.00132779140571,45.307200353000674,44.64957638748335,44.940155029296875,21580100
2016-02-18 00:00:00-05:00,44.99367630557317,45.00897022332042,43.77783755632386,44.206058502197266,17037800
2016-02-19 00:00:00-05:00,43.969006310282545,44.48133941842575,43.647842794792744,44.21370315551758,15658200
2016-02-22 00:00:00-05:00,44.741338240593045,45.0242713889381,44.67251705816006,44.7872200012207,14882800
2016-02-23 00:00:00-05:00,44.27488312496725,44.42017097936713,42.79140507502243,42.913753509521484,31772500
2016-02-24 00:00:00-05:00,42.21024995615947,42.98257388764465,41.54498053824485,42.929046630859375,25560100
2016-02-25 00:00:00-05:00,42.9213921675789,43.60960086126257,42.852571006508924,43.59430694580078,14473300
2016-02-26 00:00:00-05:00,44.07605849361925,44.435458242320564,43.693719328453206,43.99959182739258,20947500
2016-02-29 00:00:00-05:00,43.90018894798469,44.053125218775826,43.043749915377745,43.051395416259766,19554100
2016-03-01 00:00:00-05:00,43.40314931360611,45.26896667480469,43.334328133610796,45.26896667480469,23958100
2016-03-02 00:00:00-05:00,45.26895608977145,45.8042314849054,45.08543201369092,45.697174072265625,20943100
2016-03-03 00:00:00-05:00,45.559541034402386,45.85011672973633,45.19249283089817,45.85011672973633,15790600
2016-03-04 00:00:00-05:00,45.957163384243685,46.30126919307075,45.52129699873478,45.91893005371094,18459000
2016-03-07 00:00:00-05:00,45.528950200275226,45.918934879923654,45.36072002783026,45.83481979370117,12832400
2016-03-08 00:00:00-05:00,45.27660781656855,45.49836525486955,44.87132919396209,44.94779586791992,14132900
2016-03-09 00:00:00-05:00,45.230717445917534,45.52894148213419,44.87131775252009,45.2077751159668,13238800
2016-03-10 00:00:00-05:00,45.567186926849196,45.62835968328151,44.206060279792766,44.81780242919922,21139200
2016-03-11 00:00:00-05:00,45.414248044667936,45.5060086325399,44.848387682938224,45.376014709472656,21055000
2016-03-14 00:00:00-04:00,45.230717445917534,45.35306584326324,44.810142095339295,45.2077751159668,13436100
2016-03-15 00:00:00-04:00,44.76427899384474,45.27661217612998,44.68016389418193,45.26896667480469,10910500
2016-03-16 00:00:00-04:00,45.10074092490594,45.689543763617216,44.71075614446975,45.05485916137695,17423900
2016-03-17 00:00:00-04:00,44.94014819602041,45.215432876194676,44.34370000032049,44.92485427856445,19405700
2016-03-18 00:00:00-04:00,45.91893359534468,46.6224391828751,45.620709510365195,46.247745513916016,29570200
2016-03-21 00:00:00-04:00,46.04893502145695,46.507740903019716,45.85011700030087,46.23245620727539,12684400
2016-03-22 00:00:00-04:00,45.87305845803408,46.324218830307046,45.590125350037795,46.06422805786133,12042700
2016-03-23 00:00:00-04:00,46.14069230414356,46.270686225020896,45.77364704182256,45.83481979370117,11658700
2016-03-24 00:00:00-04:00,45.345420423406225,45.506002158591,45.016608536875836,45.483062744140625,12921200
2016-03-28 00:00:00-04:00,45.52130780245517,45.68953799714527,45.253671508190756,45.42190170288086,11159700
2016-03-29 00:00:00-04:00,45.368367629207384,45.368367629207384,44.75662261932204,45.13896179199219,15933400
2016-03-30 00:00:00-04:00,45.46776979172778,46.056572416890724,45.40659704622594,45.658939361572266,13307100
2016-03-31 00:00:00-04:00,45.46012783466724,45.82717308732681,45.20013708273966,45.28425216674805,14904700
2016-04-01 00:00:00-04:00,45.131312770950046,45.92657888814244,44.779561459620545,45.781288146972656,15417500
2016-04-04 00:00:00-04:00,45.78900209019092,45.889147098891854,45.41923929492608,45.604122161865234,12305000
2016-04-05 00:00:00-04:00,45.134216711033,45.31909958761127,44.841486714206404,44.95703887939453,12886600
2016-04-06 00:00:00-04:00,44.81836934274894,45.35760778498104,44.64119154318654,45.30368423461914,12167900
2016-04-07 00:00:00-04:00,44.87997898931161,45.01093823534372,43.963276021535016,44.155860900878906,19226800
2016-04-08 00:00:00-04:00,44.45629989141532,45.12649749359847,44.44089274599142,44.47941207885742,13547700
2016-04-11 00:00:00-04:00,44.610375331247724,45.357605837919344,44.610375331247724,44.83377456665039,17627800
2016-04-12 00:00:00-04:00,44.9416151270658,45.750471168757024,44.83376804665531,45.665733337402344,17779200
2016-04-13 00:00:00-04:00,46.59014291428083,47.884313795673016,46.513110122684026,47.59928894042969,37516800
2016-04-14 00:00:00-04:00,47.52226530194855,48.46208087934513,47.46063964071339,48.215572357177734,24249900
2016-04-15 00:00:00-04:00,48.438979485231144,48.454386637693815,47.337393062367546,47.66093444824219,19290700
2016-04-18 00:00:00-04:00,47.483740324728394,48.20786154916567,47.399002484539956,47.96905517578125,13813100
2016-04-19 00:00:00-04:00,48.18474641868594,48.901162556508126,48.18474641868594,48.77790832519531,19255600
2016-04-20 00:00:00-04:00,48.90117627248744,49.54055685844199,48.64696563474589,49.48663330078125,14594400
2016-04-21 00:00:00-04:00,49.502052891164546,49.81019008432284,48.79333852234609,48.99362564086914,15395800
2016-04-22 00:00:00-04:00,49.02442718808798,49.594477026862975,49.02442718808798,49.27864074707031,12444700
2016-04-25 00:00:00-04:00,48.99362564086914,49.263246419536166,48.646974971833636,48.99362564086914,10687200
2016-04-26 00:00:00-04:00,49.155381858129054,49.35566890565114,48.785619120586944,49.24782180786133,12048000
2016-04-27 00:00:00-04:00,49.193908699189976,49.794772907888245,48.99361867054812,49.38649368286133,15284100
2016-04-28 00:00:00-04:00,49.02443994790778,49.62530424209099,48.80104062979872,48.99362564086914,12852500
2016-04-29 00:00:00-04:00,48.60074035833281,49.00131742558377,48.3003082925479,48.68547821044922,16376400
2016-05-02 00:00:00-04:00,49.06292933221765,49.301735672280735,48.63924312900647,49.13996505737305,10247300
2016-05-03 00:00:00-04:00,48.45437475686236,48.46207686189824,47.6069992108716,48.19245910644531,19120300
2016-05-04 00:00:00-04:00,47.5684747611028,47.961346700957975,47.19871207105892,47.429813385009766,17030200
2016-05-05 00:00:00-04:00,47.452933279100016,47.76107039256186,47.03695199612381,47.17561340332031,14033900
2016-05-06 00:00:00-04:00,46.759630153361165,47.514562864555,46.674892298467704,47.45293426513672,11057900
2016-05-09 00:00:00-04:00,47.27575058281801,47.676327613485256,47.029242092963244,47.152496337890625,11197100
2016-05-10 00:00:00-04:00,47.4144175535114,47.96135814605534,47.26034899457432,47.79188537597656,11897200
2016-05-11 00:00:00-04:00,47.73796220720111,48.22327420464964,47.614707946777344,47.614707946777344,11254000
2016-05-12 00:00:00-04:00,47.96905505558954,48.19245428123333,47.27574812725119,47.583885192871094,11071700
2016-05-13 00:00:00-04:00,47.52995665699616,48.06919499590978,47.006125463607226,47.1447868347168,15122300
2016-05-16 00:00:00-04:00,47.152492057108915,47.75335901786604,46.99072142631816,47.4991455078125,10951300
2016-05-17 00:00:00-04:00,47.321967730477944,47.88431535556921,47.10627355609026,47.4991455078125,12180900
2016-05-18 00:00:00-04:00,47.52995889291523,49.43269590622791,47.52225385048416,49.33255386352539,24007100
2016-05-19 00:00:00-04:00,48.939687619306994,49.47122397359362,48.45437565054076,48.83184051513672,16076200
2016-05-20 00:00:00-04:00,49.193902781851094,49.44811634025349,48.81643496626933,48.92428207397461,11862000
2016-05-23 00:00:00-04:00,48.87805915625052,49.2016004501888,48.65465991694285,48.88576126098633,9347500
2016-05-24 00:00:00-04:00,49.25553716963254,49.89491782373748,49.15539508822492,49.717742919921875,13839400
2016-05-25 00:00:00-04:00,50.02585611385586,50.99647979007293,50.010446030422365,50.47264862060547,18935200
2016-05-26 00:00:00-04:00,50.51117227076883,50.51887731314437,50.00275114126386,50.09518814086914,9428400
2016-05-27 00:00:00-04:00,50.23386366933172,50.426448642397965,50.11061234272734,50.40333938598633,10116000
2016-05-31 00:00:00-04:00,50.63444038712425,50.70376815181699,50.0412754176957,50.28007888793945,15139400
2016-06-01 00:00:00-04:00,49.88720243957265,50.78079346805057,49.50203257550571,50.60361862182617,14031000
2016-06-02 00:00:00-04:00,50.47265713628796,50.6960563659668,50.19534023716938,50.6960563659668,10637600
2016-06-03 00:00:00-04:00,49.49432962124258,49.964237345412215,48.955091201070644,49.794761657714844,20261700
2016-06-06 00:00:00-04:00,49.79475620963283,50.65753876295542,49.763941917311456,50.28777313232422,13193500
2016-06-07 00:00:00-04:00,50.41873341875216,50.6421326476739,50.1028971828461,50.11830139160156,9924100
2016-06-08 00:00:00-04:00,50.01815903184523,50.44184823531855,50.010453988902334,50.26466751098633,9428000
2016-06-09 00:00:00-04:00,49.91032327371146,49.995061133649294,49.50974323087314,49.87950897216797,10817800
2016-06-10 00:00:00-04:00,49.247828020151196,49.35567513154522,48.97821024166613,49.178497314453125,16678400
2016-06-13 00:00:00-04:00,48.901169607231616,49.5636593594249,48.73169391276121,48.73939895629883,14314900
2016-06-14 00:00:00-04:00,48.284887840395655,48.89345684828218,47.514548216826626,47.82268524169922,19509300
2016-06-15 00:00:00-04:00,48.07690160349518,48.51599500694153,47.69173174513082,47.737953186035156,16982100
2016-06-16 00:00:00-04:00,47.3373800096936,47.99216764643187,46.913693718944536,47.9305419921875,16791200
2016-06-17 00:00:00-04:00,47.99217182851203,48.308011047896166,47.70714690824178,47.97676467895508,15751500
2016-06-20 00:00:00-04:00,48.87804586696264,49.18617992903874,48.02296848173414,48.046077728271484,12213200
2016-06-21 00:00:00-04:00,48.32341751487491,48.531409623035806,47.86891689451148,48.49289321899414,11611600
2016-06-22 00:00:00-04:00,48.4928776365787,49.0783344302792,48.284885595252746,48.3079948425293,12643500
2016-06-23 00:00:00-04:00,49.07063510317318,49.41728852499227,48.939675837769315,49.34025573730469,16583600
2016-06-24 00:00:00-04:00,46.59015035991477,47.52996584837462,45.71196346547142,45.91225051879883,44108700
2016-06-27 00:00:00-04:00,45.22665276633902,45.2574670662045,43.94788870805548,44.37928009033203,37300700
2016-06-28 00:00:00-04:00,45.596402959298686,45.873725704289875,44.87998684760898,45.850616455078125,29088700
2016-06-29 00:00:00-04:00,46.497701415742966,47.15248893817287,46.22037867352382,47.1447868347168,21483000
2016-06-30 00:00:00-04:00,47.47604354582538,47.90743196082749,47.00613578924392,47.86891555786133,21343600
2016-07-01 00:00:00-04:00,47.86891212052307,48.14062873164018,47.48074384093353,47.55837631225586,14217800
2016-07-05 00:00:00-04:00,46.92954282221414,47.04599152231819,45.881486752345076,46.230838775634766,23357700
2016-07-06 00:00:00-04:00,45.811625587094255,46.80533853836494,45.61754141962201,46.72770309448242,20429800
2016-07-07 00:00:00-04:00,46.983890540461395,47.465218394568176,46.70440889566099,47.03047180175781,13771400
2016-07-08 00:00:00-04:00,47.6127281291579,48.264848071623376,47.6127281291579,48.00089645385742,16998800
2016-07-11 00:00:00-04:00,48.458928417154866,48.870388822740814,48.24155512012089,48.34247970581055,13151400
2016-07-12 00:00:00-04:00,48.932493440584004,49.34395383970159,48.823806793775624,49.06447219848633,16588100
2016-07-13 00:00:00-04:00,48.97130755368877,49.24302414249628,48.62971760034366,49.03341293334961,18526900
2016-07-14 00:00:00-04:00,50.26003050472184,50.44635555578393,49.72436227110862,49.77870559692383,28985900
2016-07-15 00:00:00-04:00,50.26779467406924,50.30661387312467,49.38277142700497,49.82528305053711,17607100
2016-07-18 00:00:00-04:00,49.786455759040344,49.99606992310319,49.607901687555774,49.65447998046875,10824400
2016-07-19 00:00:00-04:00,49.38275536084397,49.76315851131854,49.26630372454221,49.576839447021484,9737400
2016-07-20 00:00:00-04:00,49.77093205655983,49.86409456615073,49.46039628090075,49.63119125366211,10411100
2016-07-21 00:00:00-04:00,49.685543039746584,49.825283866465,49.39829932326501,49.44487762451172,9808700
2016-07-22 00:00:00-04:00,49.607896630916684,49.75539651776521,49.37499334413767,49.716583251953125,8195700
2016-07-25 00:00:00-04:00,49.6700227567776,49.817525666748104,49.43712233417011,49.584625244140625,8168300
2016-07-26 00:00:00-04:00,49.67000836494949,49.887384596356235,49.4603971568905,49.78645706176758,8067800
2016-07-27 00:00:00-04:00,49.74764636636787,50.221212124481376,49.732116318868385,49.94173049926758,11806800
2016-07-28 00:00:00-04:00,49.68553967850612,49.8330455197796,49.46816639008912,49.7631721496582,10013400
2016-07-29 00:00:00-04:00,49.53026795952227,49.91067414643924,49.49145172693614,49.66224670410156,13210400
2016-08-01 00:00:00-04:00,49.801993018632125,49.92620379204979,49.38277055276362,49.5302734375,11422600
2016-08-02 00:00:00-04:00,49.36724091533032,49.69330380354618,49.204210951966836,49.413822174072266,13550000
2016-08-03 00:00:00-04:00,49.444871426464736,50.20568085351266,49.413820216689,50.19792175292969,13122300
2016-08-04 00:00:00-04:00,50.065937902838336,50.32213036257927,49.89514292967771,50.12028121948242,9873000
2016-08-05 00:00:00-04:00,50.5705618804064,51.52545843333456,50.516218559376526,51.47111511230469,20752700
2016-08-08 00:00:00-04:00,51.292544901454036,51.61860476279294,51.11398492616277,51.315834045410156,11359200
2016-08-09 00:00:00-04:00,51.37795722367559,51.45558970028687,50.99755394219548,51.13729476928711,10097000
2016-08-10 00:00:00-04:00,51.176103725755546,51.29255539233064,50.58609221493662,50.67924880981445,11556100
2016-08-11 00:00:00-04:00,50.67149057049965,50.99755646516357,50.47740640788049,50.81899642944336,9604500
2016-08-12 00:00:00-04:00,50.438595235231666,50.73360104245861,50.353197726275134,50.71031188964844,7685400
2016-08-15 00:00:00-04:00,50.896634414713034,51.106248649880946,50.819001925864605,51.020851135253906,8371600
2016-08-16 00:00:00-04:00,50.74136774820545,51.20716858877213,50.64820521090049,51.013084411621094,10128900
2016-08-17 00:00:00-04:00,51.08295313279086,51.22269396450404,50.88110394854326,51.1528205871582,11868100
2016-08-18 00:00:00-04:00,50.94321525163869,51.23045603353457,50.87334187024588,51.19940185546875,9313600
2016-08-19 00:00:00-04:00,51.02084139741459,51.1683472441591,50.63267310427903,51.1295280456543,9084900
2016-08-22 00:00:00-04:00,51.044127581094784,51.14504919917324,50.780176000130616,51.08294677734375,9055600
2016-08-23 00:00:00-04:00,51.29255757891863,51.5021658493071,51.051895134587795,51.059654235839844,8949600
2016-08-24 00:00:00-04:00,51.23045603353457,51.4167811019295,51.05966101566197,51.19940185546875,10167200
2016-08-25 00:00:00-04:00,51.168349797339985,51.346903904224035,51.07518727006674,51.29256057739258,9978700
2016-08-26 00:00:00-04:00,51.4944169847883,51.92139863467632,51.12177274637876,51.409019470214844,14038600
2016-08-29 00:00:00-04:00,51.6186129967279,52.0921787426318,51.595323849056804,51.97572708129883,14583100
2016-08-30 00:00:00-04:00,51.975722547620535,52.48034242072867,51.975722547620535,52.4027099609375,13791200
2016-08-31 00:00:00-04:00,52.37165579242563,52.61231819467136,51.90585511070159,52.4027099609375,14952300
2016-09-01 00:00:00-04:00,52.51140292044211,52.573511264954135,51.74283140678336,52.17757797241211,12226500
2016-09-02 00:00:00-04:00,52.32509485070594,52.464835693855065,51.99903485768431,52.394962310791016,13720700
2016-09-06 00:00:00-04:00,52.402718435530716,52.44153763319267,51.789411834935294,52.35614013671875,16649400
2016-09-07 00:00:00-04:00,52.138763427734375,52.47258244464526,51.98349257024113,52.138763427734375,10070400
2016-09-08 00:00:00-04:00,52.18535189982504,52.54246605723165,52.014556884765625,52.208641052246094,12253000
2016-09-09 00:00:00-04:00,52.03784177668004,52.34837760381996,51.73507097403763,51.742835998535156,19686900
2016-09-12 00:00:00-04:00,51.34690603524371,52.24745940065833,51.05190023776926,52.061134338378906,16453000
2016-09-13 00:00:00-04:00,51.32360971821509,51.90586212985149,51.09847140829167,51.6496696472168,18876100
2016-09-14 00:00:00-04:00,51.447805245410564,52.20861744401271,51.401226961630705,51.54873275756836,12648600
2016-09-15 00:00:00-04:00,51.46335265619575,51.960207594110116,51.30808178623622,51.735069274902344,12531300
2016-09-16 00:00:00-04:00,51.30808469250785,51.44006642019387,50.80347062474593,51.09847640991211,25161500
2016-09-19 00:00:00-04:00,51.35466512585836,51.73506838550796,51.121761786412016,51.385719299316406,13466900
2016-09-20 00:00:00-04:00,51.820475270188595,51.898107756409544,51.424541890588976,51.5953369140625,10092200
2016-09-21 00:00:00-04:00,51.89032745361328,52.11546574345533,51.47887006710024,51.89032745361328,14116800
2016-09-22 00:00:00-04:00,52.006774583842294,52.34059947793674,51.890322937441574,52.31731033325195,12781700
2016-09-23 00:00:00-04:00,52.31732771219686,52.71326107229106,52.15429772227071,52.208641052246094,13967400
2016-09-26 00:00:00-04:00,51.70402060128109,51.859291487758625,50.88110563337557,51.06742477416992,16408100
2016-09-27 00:00:00-04:00,50.78017523216335,51.55651176157986,50.54727190414733,51.51769256591797,13711400
2016-09-28 00:00:00-04:00,51.68848801998148,51.83598793428676,51.230446383513154,51.78940963745117,11278000
2016-09-29 00:00:00-04:00,51.78164533477955,52.17757863232915,50.73359218053912,50.966495513916016,18727200
2016-09-30 00:00:00-04:00,51.30032730288814,52.061133903752356,51.30032730288814,51.69625473022461,21680100
2016-10-03 00:00:00-04:00,51.50992714257345,51.952438723988735,51.440059698497286,51.6341438293457,14901700
2016-10-04 00:00:00-04:00,51.77488900037365,52.53341046581057,51.688870733198335,52.07986068725586,17226900
2016-10-05 00:00:00-04:00,52.30663416298504,53.229370668265865,52.236258836852485,52.932220458984375,16280000
2016-10-06 00:00:00-04:00,52.96353271721029,53.1512063342162,52.431785830662946,53.0730094909668,17485000
2016-10-07 00:00:00-04:00,53.01042869963793,53.315400444123114,52.70545695515274,53.26066207885742,18497000
2016-10-10 00:00:00-04:00,53.44052105919023,54.00354772672745,53.354508730683,53.67511749267578,13027500
2016-10-11 00:00:00-04:00,53.565642811414676,53.81587623262221,53.119914343450155,53.41706466674805,15657100
2016-10-12 00:00:00-04:00,53.377963569428516,53.636012469561635,53.213748463513,53.276302337646484,11899800
2016-10-13 00:00:00-04:00,52.75236767054006,53.07298231956753,52.251900970720214,52.97132110595703,17890000
2016-10-14 00:00:00-04:00,53.80022527954742,53.980077334868206,52.627255303679675,52.799285888671875,24163800
2016-10-17 00:00:00-04:00,52.721087795155775,53.01042252990492,52.18934118044853,52.52559280395508,14963400
2016-10-18 00:00:00-04:00,53.0573387748828,53.33885203607871,52.81492689786605,52.940040588378906,11870300
2016-10-19 00:00:00-04:00,53.026071378153404,53.56563958382238,53.026071378153404,53.448341369628906,12705800
2016-10-20 00:00:00-04:00,53.23721877514066,53.70640574888373,53.12774201346848,53.37797546386719,14122000
2016-10-21 00:00:00-04:00,53.02606128974996,53.58908783793275,52.94004301344237,53.55780792236328,12175700
2016-10-24 00:00:00-04:00,53.93316965789757,53.995729499145185,53.56563804811138,53.85497283935547,10197100
2016-10-25 00:00:00-04:00,53.8627858058577,53.9018871963029,53.471795765543895,53.80023193359375,9945100
2016-10-26 00:00:00-04:00,53.46398037778595,54.152120702478214,53.46398037778595,54.05828094482422,9801300
2016-10-27 00:00:00-04:00,54.33980041709664,54.558753910430326,54.034828627662534,54.13648986816406,14210700
2016-10-28 00:00:00-04:00,54.37107086882558,54.38671381050182,53.542173941011406,54.042640686035156,12766500
2016-10-31 00:00:00-04:00,54.29288928239721,54.41018751372283,54.136495617986974,54.15995407104492,14336300
2016-11-01 00:00:00-04:00,54.331985696804374,54.56657617189712,53.43270729386053,53.93317413330078,15564500
2016-11-02 00:00:00-04:00,53.682950998945444,53.839344678971464,53.182484063618425,53.7064094543457,12449800
2016-11-03 00:00:00-04:00,53.84715486363256,54.105209751006655,53.34668803322929,53.4718017578125,10369700
2016-11-04 00:00:00-04:00,53.55782264773146,53.61256102351953,52.89314066572338,52.98698043823242,13571300
2016-11-07 00:00:00-05:00,54.01917594180845,54.71513761440801,53.956616114465376,54.64475631713867,16515100
2016-11-08 00:00:00-05:00,54.50401481725537,55.16870272671361,54.144304659238585,54.76206970214844,17531700
2016-11-09 00:00:00-05:00,55.88028824179546,57.98381628157649,55.77081152268744,57.280033111572266,50948400
2016-11-10 00:00:00-05:00,58.03855489517995,60.40795327287084,58.03855489517995,59.93876647949219,56192300
2016-11-11 00:00:00-05:00,59.6650790753063,59.99350925825934,59.25062464515981,59.97005081176758,27574300
2016-11-14 00:00:00-05:00,60.40798510008362,62.90250445218329,60.40798510008362,62.175262451171875,46130700
2016-11-15 00:00:00-05:00,61.28376773703021,62.09702755991896,60.822396487472524,62.057926177978516,28126300
2016-11-16 00:00:00-05:00,61.166488223679096,61.26814349530029,60.11863172143531,60.525264739990234,26054900
2016-11-17 00:00:00-05:00,60.93970690249046,61.354155383724255,60.681652048352056,61.01008224487305,19306700
2016-11-18 00:00:00-05:00,60.96316851948207,61.32287865333069,60.64255977745744,60.76767349243164,19770000
2016-11-21 00:00:00-05:00,60.99445268260449,61.12738787839762,60.43924748308449,61.03355407714844,11983500
2016-11-22 00:00:00-05:00,61.26814454668977,61.43235966491205,60.806779114451246,61.40890121459961,14410100
2016-11-23 00:00:00-05:00,61.67477551238199,61.96410434461923,60.90843235357084,61.666954040527344,13373700
2016-11-25 00:00:00-05:00,61.85462565749945,62.12831750345491,61.361980334779616,61.64349365234375,6185700
2016-11-28 00:00:00-05:00,61.13522080480838,61.674789127225424,61.01010109165347,61.24469757080078,13007200
2016-11-29 00:00:00-05:00,61.29939596045132,61.90152374660175,61.29939596045132,61.713844299316406,14144100
2016-11-30 00:00:00-05:00,62.495827366704724,62.972835546278596,62.32379084737871,62.691322326660156,25351900
2016-12-01 00:00:00-05:00,63.06669217726629,64.34131751001492,63.06669217726629,63.95814895629883,23823600
2016-12-02 00:00:00-05:00,63.96599284499634,63.98945130013416,63.262209360679975,63.809593200683594,16931500
2016-12-05 00:00:00-05:00,64.35697336291895,65.13113209664212,64.34915189036624,65.10767364501953,18529800
2016-12-06 00:00:00-05:00,65.37355025201101,65.53776539498018,64.4586347557388,65.44393157958984,16130000
2016-12-07 00:00:00-05:00,65.3344237925324,65.75668769334241,64.78703427653564,65.74105072021484,18996900
2016-12-08 00:00:00-05:00,65.86617967827137,66.85929167814318,65.63940475665534,66.56214141845703,20844900
2016-12-09 00:00:00-05:00,66.48393179195786,66.85928478775084,65.79579159337645,66.8514633178711,14567200
2016-12-12 00:00:00-05:00,66.74981690989758,67.0860685668382,65.91309850300358,66.25717163085938,14511300
2016-12-13 00:00:00-05:00,66.45267623720733,66.99223848758027,65.54557639316101,66.2806396484375,16669000
2016-12-14 00:00:00-05:00,65.59248382185902,67.34412341273003,65.49865003501418,66.25717163085938,22622600
2016-12-15 00:00:00-05:00,66.78110304101084,67.63345850300624,66.3901129833539,67.25028991699219,19438900
2016-12-16 00:00:00-05:00,67.47707408421833,67.47707408421833,66.38230058001791,66.42140197753906,23008500
2016-12-19 00:00:00-05:00,66.31191250262654,66.81237927150387,65.83490418134744,66.80455780029297,21685100
2016-12-20 00:00:00-05:00,67.08608543897189,67.67257061839007,66.89841185204808,67.66474914550781,14587300
2016-12-21 00:00:00-05:00,67.5865357275066,67.88368599771144,67.27374251537637,67.8367691040039,11400500
2016-12-22 00:00:00-05:00,67.59434707456711,68.16518908262553,67.41448906556921,67.94623565673828,13924200
2016-12-23 00:00:00-05:00,68.03227159276335,68.14956980595787,67.56308470602025,68.07137298583984,10759400
2016-12-27 00:00:00-05:00,68.07135727078034,68.15737554286234,67.8367608985506,68.1339111328125,6946400
2016-12-28 00:00:00-05:00,68.15736781371047,68.337219841462,67.52396006693301,67.6412582397461,9455600
2016-12-29 00:00:00-05:00,67.70381358512073,67.77418890453664,66.49956395817766,67.16424560546875,14689000
2016-12-30 00:00:00-05:00,67.32848029381863,67.57871366813717,66.98441313290203,67.47705841064453,13617800
2017-01-03 00:00:00-05:00,68.29811709193255,68.62655316242802,67.2346299869152,68.21210479736328,20550700
2017-01-04 00:00:00-05:00,68.3772481474247,68.55023662740548,67.9369181976886,68.33793640136719,15266600
2017-01-05 00:00:00-05:00,68.2593052947833,68.49519978246005,67.04053310590956,67.70889282226562,14300800
2017-01-06 00:00:00-05:00,67.92903601138431,68.1098891937696,67.57520039246869,67.71673583984375,12893300
2017-01-09 00:00:00-05:00,67.41007278786908,68.22782643737291,67.24494310965376,67.76390838623047,12806600
2017-01-10 00:00:00-05:00,67.67743167301066,68.33006781114062,67.4022254698972,67.96050262451172,13989000
2017-01-11 00:00:00-05:00,67.96051030282462,68.47161102294922,67.55163332615251,68.47161102294922,14713100
2017-01-12 00:00:00-05:00,68.21997908348949,68.62099122886049,67.63810773698987,67.81109619140625,21337400
2017-01-13 00:00:00-05:00,68.49517916351766,69.32866237072754,67.70100769305597,68.17279052734375,28296000
2017-01-17 00:00:00-05:00,66.78102386633748,67.0090535141828,65.48361669710076,65.6959228515625,30024600
2017-01-18 00:00:00-05:00,65.7588348094402,66.23062368354695,65.2870519343782,66.00259399414062,21270100
2017-01-19 00:00:00-05:00,66.09696338020818,66.57661112200364,65.35783889208508,65.49937438964844,16555600
2017-01-20 00:00:00-05:00,65.60160169613951,65.9161257364436,65.49151918189014,65.79031372070312,18436800
2017-01-23 00:00:00-05:00,65.49936413162831,66.04977653648086,65.4285933944071,65.82174682617188,12179200
2017-01-24 00:00:00-05:00,65.98686554832948,66.83607833637416,65.70379461898125,66.61591339111328,15175300
2017-01-25 00:00:00-05:00,67.49657299351558,67.7560556779055,66.96974887602926,67.6459732055664,17551000
2017-01-26 00:00:00-05:00,67.58307216898471,68.36937902842162,67.58307216898471,68.21212005615234,15962800
2017-01-27 00:00:00-05:00,68.14132993254155,68.39294779386024,67.83466485248647,68.35363006591797,12535400
2017-01-30 00:00:00-05:00,67.77178517340812,68.01553836229542,67.08769609611966,67.6459732055664,13661900
2017-01-31 00:00:00-05:00,67.30786940933356,67.74034060375351,66.12054431114512,66.54515075683594,15655100
2017-02-01 00:00:00-05:00,67.26070005742595,67.7010300482879,66.58447557200442,66.7967758178711,15430900
2017-02-02 00:00:00-05:00,66.31712565397983,66.76532637706809,66.17559616127319,66.51370239257812,11081400
2017-02-03 00:00:00-05:00,67.77179736878449,68.6524573059699,67.52017938686782,68.55023956298828,17885200
2017-02-06 00:00:00-05:00,68.24358899740002,68.76254852639397,68.10205348966592,68.22785949707031,11828400
2017-02-07 00:00:00-05:00,68.5187927332232,68.72323423663555,67.99983322338747,68.18854522705078,9392800
2017-02-08 00:00:00-05:00,67.76392321680318,67.86614094560123,67.12701660074404,67.59093475341797,13970900
2017-02-09 00:00:00-05:00,67.59093728445737,68.66817984739369,67.59093728445737,68.56595611572266,13749100
2017-02-10 00:00:00-05:00,68.7861136372727,68.7861136372727,68.32218955882327,68.40868377685547,10992500
2017-02-13 00:00:00-05:00,68.75468812568923,69.77688365786919,68.74682337571306,69.3129653930664,18739100
2017-02-14 00:00:00-05:00,69.43090371430033,70.53172860748225,69.28150347920604,70.42164611816406,17932100
2017-02-15 00:00:00-05:00,70.83050950575647,71.45169252328972,70.25650297088211,71.23152160644531,17381800
2017-02-16 00:00:00-05:00,71.08215419761441,71.5853901990911,70.58677694684624,71.18437194824219,17672700
2017-02-17 00:00:00-05:00,70.62607478041384,71.13717538751786,70.5238570586109,70.9484634399414,15776600
2017-02-21 00:00:00-05:00,71.16862185333984,71.67185766676631,71.12930411830423,71.56177520751953,14068300
2017-02-22 00:00:00-05:00,71.17652104086727,71.78984566105204,71.09789152516589,71.60112762451172,11839000
2017-02-23 00:00:00-05:00,71.69547619891266,71.82128220589922,71.17651067259568,71.65615844726562,11067000
2017-02-24 00:00:00-05:00,70.9091371479362,71.19220803467799,70.55530153903095,71.02708435058594,15062300
2017-02-27 00:00:00-05:00,71.0192262965285,71.3416149475486,70.78333186899941,71.10572052001953,12361000
2017-02-28 00:00:00-05:00,70.64966733575899,71.41238591919551,70.44522588063131,71.255126953125,15183500
2017-03-01 00:00:00-05:00,72.96141337811079,73.89712044990449,72.81987790505835,73.59832000732422,24451400
2017-03-02 00:00:00-05:00,73.81062318856624,73.84993493005166,72.36381552348713,72.45030975341797,16862500
2017-03-03 00:00:00-05:00,72.45034891509313,73.213067900914,72.45034891509313,72.96931457519531,12817500
2017-03-06 00:00:00-05:00,72.53681120684375,72.5918524496405,71.63255707600081,72.27732849121094,15059200
2017-03-07 00:00:00-05:00,72.05717476962367,72.41101052869448,71.7190625113586,71.87632751464844,11156800
2017-03-08 00:00:00-05:00,72.87491958343405,73.00859030905369,71.6325533123869,71.71904754638672,17378400
2017-03-09 00:00:00-05:00,72.02570921830123,72.45031565462533,71.6718735208872,72.00212097167969,13726200
2017-03-10 00:00:00-05:00,72.30091781670619,72.34023556173842,71.18436344671987,71.77409362792969,13729900
2017-03-13 00:00:00-04:00,71.7976726164834,72.16723777556399,71.49887818952529,71.83699035644531,10004300
2017-03-14 00:00:00-04:00,71.56962335835553,72.0650003506623,71.37304671037175,71.95491790771484,10237700
2017-03-15 00:00:00-04:00,72.18297856202386,72.77270875942914,71.65614835973368,72.12793731689453,16601400
2017-03-16 00:00:00-04:00,72.36381861612693,72.97713700072455,72.00211818416027,72.05715942382812,14492000
2017-03-17 00:00:00-04:00,72.20656122816708,72.37168495079023,71.27871888268085,71.30230712890625,21734700
2017-03-20 00:00:00-04:00,70.97992597816635,71.6876034353808,70.60250200034929,70.79121398925781,14623600
2017-03-21 00:00:00-04:00,71.05068721623117,71.27085217367218,68.45587222000161,68.7153549194336,33089200
2017-03-22 00:00:00-04:00,68.32218838842972,69.25003053039006,67.63024065506967,68.82542419433594,21741000
2017-03-23 00:00:00-04:00,68.57381944692933,69.58815600003562,68.47946046557811,68.7153549194336,16090100
2017-03-24 00:00:00-04:00,69.02987980853595,69.26576826659365,68.22784345362211,68.63672637939453,16093200
2017-03-27 00:00:00-04:00,67.2528429932319,68.72323937938542,67.01695447076217,68.59742736816406,16689300
2017-03-28 00:00:00-04:00,68.42441992245178,69.99703363336953,68.39297292739322,69.66678619384766,16264400
2017-03-29 00:00:00-04:00,69.6667932140598,69.83978169953976,69.25791624759918,69.40731048583984,10207600
2017-03-30 00:00:00-04:00,69.35226950264862,70.34301792384241,69.28936950691008,70.0049057006836,11631000
2017-03-31 00:00:00-04:00,69.75328780464999,69.7768760529611,68.9984338634651,69.06919860839844,16987600
2017-04-03 00:00:00-04:00,69.18714640070112,69.32868189074227,68.0941802272346,68.81758117675781,19831800
2017-04-04 00:00:00-04:00,68.71477576310082,69.33161822588558,68.58033697680469,69.04692077636719,14280800
2017-04-05 00:00:00-04:00,69.92472983511102,70.01963098652462,68.11374025519216,68.16119384765625,17635500
2017-04-06 00:00:00-04:00,67.99511344990668,68.73058069566105,67.41780873793252,68.3905258178711,14379600
2017-04-07 00:00:00-04:00,67.95556074908744,68.65148425195369,67.78157836499261,68.15326690673828,13097100
2017-04-10 00:00:00-04:00,68.07419946210878,68.55660306733384,67.5364383628504,67.91603088378906,15081600
2017-04-11 00:00:00-04:00,67.64715042309534,67.84485661230237,67.06194179242651,67.79740905761719,14690500
2017-04-12 00:00:00-04:00,67.95559719008318,67.97141103642961,67.24385343416698,67.53646087646484,14730600
2017-04-13 00:00:00-04:00,67.61551142660002,68.79383853283767,66.74560546875,66.74560546875,30529800
2017-04-17 00:00:00-04:00,66.77725292820632,68.07420521241133,66.7218954294969,67.90022277832031,19071700
2017-04-18 00:00:00-04:00,67.50481173132526,67.71833179257135,67.0144981373508,67.34664916992188,14127000
2017-04-19 00:00:00-04:00,67.61552652262473,67.9476715206572,66.71398665167094,66.7930679321289,17588500
2017-04-20 00:00:00-04:00,67.20432026228349,67.83697672791159,66.86426522485856,67.65509033203125,15635800
2017-04-21 00:00:00-04:00,67.61554159721723,67.7578903471836,66.83262648916033,66.84053039550781,19820600
2017-04-24 00:00:00-04:00,68.44588533489699,69.63212247391763,68.34307425473284,69.1971664428711,25468300
2017-04-25 00:00:00-04:00,70.02753478927562,70.48620856380496,69.7981948852539,69.7981948852539,18253800
2017-04-26 00:00:00-04:00,69.86936501864155,70.42294596028634,69.7032925462023,69.93263244628906,12832200
2017-04-27 00:00:00-04:00,69.88518529843259,69.88518529843259,68.8096631562306,69.2841567993164,13329000
2017-04-28 00:00:00-04:00,69.27622844122989,69.47393457606988,68.76219128394344,68.8017349243164,10755600
2017-05-01 00:00:00-04:00,69.08645487001255,69.38696612133548,68.45379261789496,68.84920501708984,15712300
2017-05-02 00:00:00-04:00,68.57242932369141,68.70686811446805,68.02675818834277,68.40635681152344,14414200
2017-05-03 00:00:00-04:00,68.05835792659407,68.88081617154991,68.02672422099818,68.8017349243164,11540500
2017-05-04 00:00:00-04:00,69.34744928330333,69.37908300874054,68.46172307161055,68.880859375,11540100
2017-05-05 00:00:00-04:00,68.9994410591564,69.07061237161282,68.34305524344465,68.8017349243164,9436000
2017-05-08 00:00:00-04:00,68.83341180360232,69.05484184814647,68.52499052248494,68.880859375,8162200
2017-05-09 00:00:00-04:00,69.00737200990476,69.4660457969517,68.40634348756642,68.60404968261719,10273900
2017-05-10 00:00:00-04:00,68.43007918211184,69.18136647424345,68.38263161776163,69.1418228149414,8334900
2017-05-11 00:00:00-04:00,68.87292017027869,69.18134735385762,68.28771158214373,68.92828369140625,10907400
2017-05-12 00:00:00-04:00,68.54869098911078,68.84129832472773,68.27980743112225,68.73848724365234,8738800
2017-05-15 00:00:00-04:00,68.88085189486341,69.18927314248769,68.69105559636743,69.07064819335938,8835600
2017-05-16 00:00:00-04:00,69.08645061190448,69.66374930037945,69.07063073814368,69.2841567993164,9795000
2017-05-17 00:00:00-04:00,69.28414926194621,69.28414926194621,66.40554796907054,66.64279174804688,24679700
2017-05-18 00:00:00-04:00,66.48464288591155,67.06194766368515,65.92315798342743,66.39765167236328,23350100
2017-05-19 00:00:00-04:00,66.59534983487335,67.48897960832018,66.54790228176529,67.0461196899414,13412900
2017-05-22 00:00:00-04:00,67.36244762869167,67.44943882765133,66.59534671069119,66.98284912109375,11636000
2017-05-23 00:00:00-04:00,67.02240927750721,68.06629788863044,66.8326129937162,67.8211441040039,11753000
2017-05-24 00:00:00-04:00,67.91603209158072,67.98720946146896,67.40990469898553,67.7815933227539,9833800
2017-05-25 00:00:00-04:00,68.00302222096903,68.07419958972493,67.28337479718681,67.49689483642578,12238500
2017-05-26 00:00:00-04:00,67.30711552940951,67.66298436228477,67.23593814272495,67.50482177734375,8113500
2017-05-30 00:00:00-04:00,67.32291563025812,67.33873550563206,66.25530331607374,66.35020446777344,12603200
2017-05-31 00:00:00-04:00,66.21577530808118,66.28694665705285,64.56294803539133,64.96627044677734,28327900
2017-06-01 00:00:00-04:00,65.21141936114523,65.70173296242244,64.57085313435144,65.6859130859375,17123500
2017-06-02 00:00:00-04:00,65.0769647004281,65.63053957203282,64.83181097636225,65.35375213623047,14998500
2017-06-05 00:00:00-04:00,65.35377190407148,66.04179176704305,65.30632433887185,65.47239685058594,9080200
2017-06-06 00:00:00-04:00,65.07697559732424,65.81244292618665,64.95044072919046,65.60682678222656,12196800
2017-06-07 00:00:00-04:00,65.88363156212442,66.51629400186962,65.71755902923243,66.3581314086914,13711100
2017-06-08 00:00:00-04:00,66.35811239132906,67.79741329742431,66.3422925164353,67.1805648803711,17951000
2017-06-09 00:00:00-04:00,67.62345526171971,68.84132662661875,67.5285540786763,68.77014923095703,19120200
2017-06-12 00:00:00-04:00,68.77011457561542,69.38695687076057,68.71475708844889,68.78593444824219,16053400
2017-06-13 00:00:00-04:00,69.2367177023477,69.47396153611301,68.7859477813274,69.0152816772461,12557200
2017-06-14 00:00:00-04:00,68.6198763279305,69.04692251294861,67.86859505995434,68.87294006347656,16175700
2017-06-15 00:00:00-04:00,68.20865195551596,68.86503811223307,68.20074201662952,68.46171569824219,12509700
2017-06-16 00:00:00-04:00,68.68311796119939,68.7701091532468,68.02673206975545,68.15326690673828,16936600
2017-06-19 00:00:00-04:00,68.77802796078849,69.77446881326583,68.68312682080982,69.64793395996094,15972300
2017-06-20 00:00:00-04:00,69.39488218155361,69.52932096109824,69.09437090371597,69.2129898071289,11197800
2017-06-21 00:00:00-04:00,69.18137258815528,69.23673009596118,68.61197763157128,68.89667510986328,10005900
2017-06-22 00:00:00-04:00,68.74641745228043,69.08647244342785,68.52498741776878,68.81758880615234,12180600
2017-06-23 00:00:00-04:00,69.32369456911977,69.59257206510298,68.49332623902846,68.69103240966797,18812000
2017-06-26 00:00:00-04:00,68.80969076181584,69.33163216855239,68.5012694683996,68.9915771484375,10082400
2017-06-27 00:00:00-04:00,69.36326508563396,70.33598256133517,69.19719254754182,69.63214874267578,15415200
2017-06-28 00:00:00-04:00,70.06707601912966,71.22958943959325,70.06707601912966,71.0318832397461,17466200
2017-06-29 00:00:00-04:00,73.02474884643286,73.26990860267865,71.41937569399869,72.08367156982422,27697800
2017-06-30 00:00:00-04:00,72.72427031113244,72.75590403690957,72.09161389613864,72.28141021728516,16892700
2017-07-03 00:00:00-04:00,72.80618925761642,74.33292920144609,72.68691791307603,73.75244903564453,13208100
2017-07-05 00:00:00-04:00,74.04668552382768,74.57945122672876,73.64114464448825,74.49198150634766,17535400
2017-07-06 00:00:00-04:00,74.38065648665727,75.15197706483337,73.85583817159625,74.25342559814453,16596100
2017-07-07 00:00:00-04:00,74.71463647659841,74.88162248564133,74.13416216897824,74.62716674804688,12817800
2017-07-10 00:00:00-04:00,74.34884294205295,74.49197464706937,74.02281836579802,74.10234069824219,13987200
2017-07-11 00:00:00-04:00,74.21365791579517,74.21365791579517,73.37872203488998,73.81607055664062,13262300
2017-07-12 00:00:00-04:00,73.64115416175842,73.81609362512954,73.21175895167573,73.56163787841797,13540100
2017-07-13 00:00:00-04:00,73.70476604103591,74.25343261617166,73.42644996278506,74.0307846069336,12820100
2017-07-14 00:00:00-04:00,72.20983505012785,73.64115238248756,72.02694820953397,73.35488891601562,22235200
2017-07-17 00:00:00-04:00,73.01295356105135,73.14813182783331,72.55970414495098,72.67102813720703,14374200
2017-07-18 00:00:00-04:00,71.92356956252479,72.82212111075165,71.82019900625497,72.41658020019531,14719400
2017-07-19 00:00:00-04:00,72.63126722996144,72.85392128197753,72.36091069542435,72.51994323730469,11651200
2017-07-20 00:00:00-04:00,72.4801881351859,72.93343755291771,72.28139442448419,72.51994323730469,11561700
2017-07-21 00:00:00-04:00,72.40861576076455,72.64717062880976,71.97922063830454,72.2734375,10971300
2017-07-24 00:00:00-04:00,72.32911663261282,72.79031958454475,72.28936152298654,72.58357238769531,10725100
2017-07-25 00:00:00-04:00,73.45030326967247,74.36474949619027,73.3707809311034,73.79222869873047,16447700
2017-07-26 00:00:00-04:00,74.03076340502523,74.10233228275678,72.9016167862959,73.10041046142578,11815500
2017-07-27 00:00:00-04:00,73.02089624270288,73.20378303157382,72.48813063449386,72.79824829101562,12332400
2017-07-28 00:00:00-04:00,72.71875068049144,72.95730560506415,72.28936152298654,72.58357238769531,9351900
2017-07-31 00:00:00-04:00,72.76644600950046,73.44234336095295,72.75849256300276,72.9970474243164,11520300
2017-08-01 00:00:00-04:00,73.54571778202258,74.06258263102589,73.37873179696658,73.97511291503906,12523700
2017-08-02 00:00:00-04:00,73.84788655153022,74.11824307404477,73.56162313551344,74.03872680664062,10165600
2017-08-03 00:00:00-04:00,73.71272826971284,74.05465380040098,73.34694845704487,73.55369567871094,11078800
2017-08-04 00:00:00-04:00,74.34886618860358,75.06452493744968,74.32501190809272,74.4760971069336,14324000
2017-08-07 00:00:00-04:00,74.6589433279283,74.8974981365873,74.51581165607304,74.76231384277344,7978300
2017-08-08 00:00:00-04:00,74.70667605029043,75.71655152498036,74.42836606121544,74.49198150634766,13745400
2017-08-09 00:00:00-04:00,73.93537618911014,74.49199627763433,73.81609872251097,74.37271881103516,11214400
2017-08-10 00:00:00-04:00,73.87174812368002,74.00692639829303,73.21175151228293,73.30717468261719,13252300
2017-08-11 00:00:00-04:00,73.25945868433594,73.68885384269856,72.55175353445203,72.69488525390625,10679500
2017-08-14 00:00:00-04:00,73.45032109749661,73.87176290071316,73.41851336768916,73.54573822021484,10994800
2017-08-15 00:00:00-04:00,74.19774607259009,74.39653973890114,73.67293394821358,73.7365493774414,8812700
2017-08-16 00:00:00-04:00,73.98306558904476,74.13415074538949,73.06065989071196,73.22764587402344,11085400
2017-08-17 00:00:00-04:00,72.96522488055537,73.12425737798547,71.96330315998323,72.08258056640625,13837500
2017-08-18 00:00:00-04:00,71.81222654649919,72.79029411497368,71.71680946341986,72.1541519165039,13040700
2017-08-21 00:00:00-04:00,72.24162796086576,72.31319684615823,71.69296148490014,72.06668853759766,11502100
2017-08-22 00:00:00-04:00,72.41658695724732,72.92549847155905,72.36092494995397,72.80622100830078,9211800
2017-08-23 00:00:00-04:00,72.25754052032718,73.4264424492159,72.23368017889047,72.8936767578125,8811300
2017-08-24 00:00:00-04:00,73.10040807350155,73.25149320300935,72.68691991208723,72.77438354492188,8623200
2017-08-25 00:00:00-04:00,73.0606653269877,73.53777510532386,72.99705594768535,73.06861877441406,11794600
2017-08-28 00:00:00-04:00,73.28332239833267,73.3071766748888,72.46428714745285,72.83802032470703,7292900
2017-08-29 00:00:00-04:00,71.92357995683672,72.6074309767206,71.81225593654902,72.44044494628906,10886100
2017-08-30 00:00:00-04:00,72.55972094429698,73.06067902543322,72.51201238419942,72.60742950439453,9165300
2017-08-31 00:00:00-04:00,73.00499686417528,73.03680458436146,72.20187467960781,72.2734375,13217400
2017-09-01 00:00:00-04:00,72.55970001419384,73.44234452162048,72.32114514911012,72.91752624511719,9815800
2017-09-05 00:00:00-04:00,72.3767958097162,72.44836468471635,70.786446469372,71.17608642578125,16897300
2017-09-06 00:00:00-04:00,71.56573615316972,71.97922440381666,71.27947272322083,71.65320587158203,11845700
2017-09-07 00:00:00-04:00,71.65321316800481,71.66911399719775,70.03900903662631,70.39683532714844,14592300
2017-09-08 00:00:00-04:00,70.221902213025,71.1045469471593,70.16624020576896,70.30937194824219,14242200
2017-09-11 00:00:00-04:00,71.0806791527455,71.76453000712468,70.73080027840194,71.39875030517578,13219000
2017-09-12 00:00:00-04:00,71.70091067005332,72.55970091497333,71.64524867640307,72.2734375,14003800
2017-09-13 00:00:00-04:00,72.05076857660553,72.75847346155125,71.82016722232989,72.48016357421875,12485400
2017-09-14 00:00:00-04:00,72.51993054669492,72.78233965490959,72.15415091101761,72.33704376220703,10562800
2017-09-15 00:00:00-04:00,72.42452484744673,72.92548280546949,72.17006914495389,72.85391998291016,18171800
2017-09-18 00:00:00-04:00,73.10040544711069,74.0625660407358,73.03679001942446,73.88762664794922,11318700
2017-09-19 00:00:00-04:00,73.72064763407188,75.03268713667362,73.5695624957821,74.69871520996094,12626100
2017-09-20 00:00:00-04:00,74.8259462369054,75.77220617469847,74.51582855533832,75.2235336303711,15311600
2017-09-21 00:00:00-04:00,75.11220322852294,75.83581513482768,74.89750872374228,75.5654525756836,10851500
2017-09-22 00:00:00-04:00,75.30305649142365,75.52571054729626,75.0883619494963,75.40643310546875,8358300
2017-09-25 00:00:00-04:00,75.1519602895146,75.4461710367973,74.30907100802303,74.84184265136719,10463400
2017-09-26 00:00:00-04:00,74.5714889727757,74.77028266530995,74.22161013257076,74.50787353515625,9358100
2017-09-27 00:00:00-04:00,75.51775217818556,76.11413328175126,75.20763448966758,75.68473815917969,15090200
2017-09-28 00:00:00-04:00,76.01075122781764,76.24135263267668,75.47003822336427,75.84376525878906,10270400
2017-09-29 00:00:00-04:00,75.78015758192991,75.95509093431738,75.55750355155112,75.9471435546875,11438400
2017-10-02 00:00:00-04:00,76.15388582535982,77.03653031434146,75.90738358550621,77.00472259521484,13797200
2017-10-03 00:00:00-04:00,76.99675967096968,77.4738632281446,76.94904506856156,77.41024780273438,9633500
2017-10-04 00:00:00-04:00,77.37051315430955,77.48183714484044,76.55943143278164,76.623046875,12166600
2017-10-05 00:00:00-04:00,76.78301903694705,77.90277261833575,76.4231010760778,77.65482330322266,14236200
2017-10-06 00:00:00-04:00,78.02273700578674,78.09471814759151,77.15892669113776,77.51884460449219,10231900
2017-10-09 00:00:00-04:00,77.55085336422064,77.63883440056446,76.8949986128544,77.11095428466797,7765100
2017-10-10 00:00:00-04:00,77.15094093362187,77.72681458257304,76.9749788628683,77.68682098388672,10631500
2017-10-11 00:00:00-04:00,77.44685540746072,77.59082377826144,76.89497563569718,77.45484924316406,14283600
2017-10-12 00:00:00-04:00,77.8227814496743,77.98274361108733,76.4790785464428,76.77500915527344,18251600
2017-10-13 00:00:00-04:00,76.3670976143261,77.35087642127729,75.95118626494713,76.67102813720703,13190600
2017-10-16 00:00:00-04:00,77.05494235828111,78.34265783412907,77.05494235828111,78.25467681884766,12434000
2017-10-17 00:00:00-04:00,78.43864565096396,78.52662667394353,77.83877836819362,78.07872772216797,10335700
2017-10-18 00:00:00-04:00,78.50263893240896,78.82256939466376,78.0867275008279,78.37466430664062,10158600
2017-10-19 00:00:00-04:00,77.73479877019876,78.54261560089832,77.65481158903509,78.47063446044922,9133900
2017-10-20 00:00:00-04:00,79.4064386925173,79.89433128582766,78.96653963607048,79.59040069580078,15326600
2017-10-23 00:00:00-04:00,79.59040420103942,79.97431589985845,79.37444853105808,79.45442962646484,9238600
2017-10-24 00:00:00-04:00,79.88629275235333,80.93406468700014,79.79031792932473,80.71810913085938,13000800
2017-10-25 00:00:00-04:00,80.98207292363136,81.14203507125657,80.13426255732114,80.79811096191406,14632700
2017-10-26 00:00:00-04:00,81.0620472277982,81.91785746066878,81.03805351787466,81.37397766113281,13054400
2017-10-27 00:00:00-04:00,81.12604285969532,81.76590366684825,80.82211233248837,81.39797973632812,10400400
2017-10-30 00:00:00-04:00,80.88609084015145,81.52595162601432,80.67814127158603,81.11004638671875,8839500
2017-10-31 00:00:00-04:00,81.07805913992277,81.34199609043188,80.43819830353026,80.4701919555664,8690200
2017-11-01 00:00:00-04:00,80.86207746756548,81.34196988919811,80.56614696034303,80.71810913085938,8418200
2017-11-02 00:00:00-04:00,80.67814564562335,81.39798144103972,80.11027206591051,81.25401306152344,8731800
2017-11-03 00:00:00-04:00,80.86209712856042,81.2060212330829,80.56616654938473,81.11004638671875,7103500
2017-11-06 00:00:00-05:00,81.05406196366307,81.33400490255391,80.51018816783383,80.60616302490234,8121500
2017-11-07 00:00:00-05:00,80.43017542319772,80.5821437014809,78.5825867858114,78.98249816894531,18822600
2017-11-08 00:00:00-05:00,78.5986129159243,78.67860010721327,77.70281495428108,78.0947265625,18524700
2017-11-09 00:00:00-05:00,77.67881037013291,78.55861443172923,77.4308610957251,78.08671569824219,13697800
2017-11-10 00:00:00-05:00,78.23068113982289,78.6545863288894,77.9827379768968,77.99073791503906,9314000
2017-11-13 00:00:00-05:00,77.33488425684787,78.42264397486542,77.278896893516,78.27067565917969,9303100
2017-11-14 00:00:00-05:00,77.85480025539843,78.20672447438709,77.462888531086,77.79881286621094,11043800
2017-11-15 00:00:00-05:00,77.09493835390555,78.97452118035376,76.7430142817966,78.53462219238281,15384100
2017-11-16 00:00:00-05:00,78.80654760089988,79.23045275208774,78.63058559048281,78.75856018066406,9808000
2017-11-17 00:00:00-05:00,78.23868578976789,78.71058453394241,78.03873003932355,78.49462890625,9017900
2017-11-20 00:00:00-05:00,78.74258561522068,79.30246547397358,78.1907117986328,79.19049072265625,9483200
2017-11-21 00:00:00-05:00,79.58239426023985,79.6223878540007,79.11050158512317,79.12649536132812,13389400
2017-11-22 00:00:00-05:00,79.20648467499285,79.59839630546692,78.85456054026803,78.8945541381836,7342200
2017-11-24 00:00:00-05:00,79.04651468066885,79.10250205092129,78.59061577942303,78.63860321044922,3680000
2017-11-27 00:00:00-05:00,78.63060599233226,79.28646068177142,78.32667541503906,78.32667541503906,13076200
2017-11-28 00:00:00-05:00,78.55061702965699,81.34199762416739,78.3586612159859,81.07006072998047,16773000
2017-11-29 00:00:00-05:00,81.90987869046184,83.3575564089746,81.54995466891809,82.96564483642578,21105500
2017-11-30 00:00:00-05:00,83.77344277553946,85.30910727006362,83.21356922691776,83.59748077392578,23945900
2017-12-01 00:00:00-05:00,83.90142705589678,84.23735122389293,81.74190147128286,83.81344604492188,19683500
2017-12-04 00:00:00-05:00,86.16493610840735,86.70081606404652,85.39710064394586,85.54106903076172,23576600
2017-12-05 00:00:00-05:00,84.44529915234813,85.90897645290396,83.27755850722357,84.5572738647461,17193900
2017-12-06 00:00:00-05:00,84.42132277037051,84.58928487344174,83.60549986726403,83.92543029785156,15476200
2017-12-07 00:00:00-05:00,83.14159656919416,84.13338146080473,82.96564063890688,83.67748260498047,13371800
2017-12-08 00:00:00-05:00,83.78146640880519,84.73325781282499,83.45353602174548,84.72525787353516,13506900
2017-12-11 00:00:00-05:00,84.55729126280993,84.82922816253894,84.22936089319684,84.47731018066406,10591200
2017-12-12 00:00:00-05:00,85.50906835211543,85.87698615034505,84.41330879279192,85.46107482910156,15508800
2017-12-13 00:00:00-05:00,85.34112095654324,85.66905135130861,84.36534191605668,84.38933563232422,15020300
2017-12-14 00:00:00-05:00,84.87723663539619,85.14117364272462,83.69349566388854,83.7094955444336,13034200
2017-12-15 00:00:00-05:00,84.61327453968711,85.19714190307226,84.14137580416043,84.8932113647461,29350600
2017-12-18 00:00:00-05:00,85.73301895955188,86.08493688754079,85.1651454304545,85.54905700683594,12713100
2017-12-19 00:00:00-05:00,85.86099632843332,85.97297105830242,85.13316058428421,85.18914794921875,12149900
2017-12-20 00:00:00-05:00,86.06095219368152,86.1649330873928,84.85321777452405,84.8932113647461,13091500
2017-12-21 00:00:00-05:00,85.25312633043482,86.43686699553582,85.22913261799441,86.24491119384766,12323700
2017-12-22 00:00:00-05:00,86.54084625456775,86.74880194340335,85.42909277151497,85.94097900390625,14573400
2017-12-26 00:00:00-05:00,85.74103719427421,86.37289819996477,85.10118235083408,85.5970687866211,7403700
2017-12-27 00:00:00-05:00,85.31711397258736,85.81300640627502,85.31711397258736,85.75701904296875,9496500
2017-12-28 00:00:00-05:00,85.90098306170968,86.25290099799342,85.70902726899448,86.2129135131836,7440600
2017-12-29 00:00:00-05:00,86.45284956909917,86.60481786441956,85.5330581665039,85.5330581665039,8925700
2018-01-02 00:00:00-05:00,86.0849610789395,86.3968916107191,85.42910635799697,86.34090423583984,13578800
2018-01-03 00:00:00-05:00,86.26890138088154,86.77278762803334,85.96497086544842,86.42886352539062,11901000
2018-01-04 00:00:00-05:00,87.12029439312698,88.4629552577911,86.9916531411112,87.66700744628906,12953700
2018-01-05 00:00:00-05:00,87.84390020866987,88.07705791492951,86.65399297223334,87.1042251586914,14155000
2018-01-08 00:00:00-05:00,86.95146926996418,87.37758274126287,86.58967029953736,87.23286437988281,12466500
2018-01-09 00:00:00-05:00,87.40973845330936,88.14136570055048,87.22481817141812,87.67505645751953,13292300
2018-01-10 00:00:00-05:00,88.0127359418718,89.00163964124485,87.94841530651082,88.63984680175781,15834500
2018-01-11 00:00:00-05:00,88.97752002906059,89.18655902487522,88.47905044498002,89.11419677734375,13676800
2018-01-12 00:00:00-05:00,89.76543596888847,90.73022099126331,89.11420025152955,90.58550262451172,18884200
2018-01-16 00:00:00-05:00,89.65288829327214,91.19654696124928,89.29913088162786,90.263916015625,22703300
2018-01-17 00:00:00-05:00,89.95837864408112,91.09200670751385,89.49206329313917,90.84276580810547,14940300
2018-01-18 00:00:00-05:00,90.6578730410279,91.42970235524233,90.26391370307928,91.05986785888672,14572900
2018-01-19 00:00:00-05:00,91.60656669048902,91.92815758717983,90.69001914022326,90.85885620117188,18785500
2018-01-22 00:00:00-05:00,90.57747429352962,91.96837291278635,90.44883300895228,91.92013549804688,12475700
2018-01-23 00:00:00-05:00,91.38949904198846,92.16936995830906,91.13222260779597,91.82365417480469,12320800
2018-01-24 00:00:00-05:00,92.34623748753536,93.26278505686066,92.18544203584624,92.99746704101562,15904500
2018-01-25 00:00:00-05:00,93.29492787568427,93.39944428628388,92.523098811224,93.02156829833984,13510000
2018-01-26 00:00:00-05:00,93.02158957254689,93.52006530761719,92.42663901607519,93.52006530761719,13883900
2018-01-29 00:00:00-05:00,93.27888085404156,94.34818861067147,93.27888085404156,93.42359924316406,11679900
2018-01-30 00:00:00-05:00,92.8849000485325,93.74516851348395,92.44270953201604,92.54722595214844,14279100
2018-01-31 00:00:00-05:00,92.98138994942803,93.79342108855073,92.58743679902236,92.99746704101562,13141400
2018-02-01 00:00:00-05:00,93.07788667908508,94.0587551135816,92.8447350594337,93.9622802734375,13800600
2018-02-02 00:00:00-05:00,93.6567370547721,94.00245279220748,91.72716098848046,91.87992095947266,16477300
2018-02-05 00:00:00-05:00,90.85080558129462,92.12914583057491,83.59882362232864,87.47405242919922,30097600
2018-02-06 00:00:00-05:00,85.90627513259383,90.43273985292677,85.71331937395418,90.13526153564453,33114800
2018-02-07 00:00:00-05:00,89.68504135794993,92.01660626542309,89.36344429465763,90.74630737304688,21878300
2018-02-08 00:00:00-05:00,90.93925829516347,90.93925829516347,86.70222994078398,86.73439025878906,27425800
2018-02-09 00:00:00-05:00,87.71525618241978,89.28303944068324,85.4078101653045,88.47100830078125,28188000
2018-02-12 00:00:00-05:00,89.37951764042705,90.63374552128984,88.49513035391531,89.8377914428711,18043300
2018-02-13 00:00:00-05:00,89.5001111398659,90.89101567761624,89.08203929765978,90.39253997802734,16358200
2018-02-14 00:00:00-05:00,90.55332668109695,92.67585827124556,90.47292896543044,92.48290252685547,15186900
2018-02-15 00:00:00-05:00,93.05373432314869,93.25473167937959,91.83167309620396,92.86882019042969,12130200
2018-02-16 00:00:00-05:00,92.09699115125973,93.31905237916891,92.05678922640081,92.20150756835938,13214300
2018-02-20 00:00:00-05:00,92.17741718456324,92.77236782474245,91.63070396187156,92.22565460205078,13461500
2018-02-21 00:00:00-05:00,92.4587817978639,94.42855339128091,92.19346382142581,92.61154174804688,14212500
2018-02-22 00:00:00-05:00,92.8608056887227,93.60851631754852,92.26585505809437,92.44273376464844,17070400
2018-02-23 00:00:00-05:00,92.7080529642237,94.38035305963488,92.7080529642237,94.31603240966797,12162500
2018-02-26 00:00:00-05:00,94.98332643029394,95.59436021534765,94.3240552343517,95.48983764648438,16511200
2018-02-27 00:00:00-05:00,95.60239498765036,95.94006910761505,94.34816718871234,94.35620880126953,17563300
2018-02-28 00:00:00-05:00,94.72603403367667,95.2647054775606,92.73213755599025,92.86077880859375,17735600
2018-03-01 00:00:00-05:00,92.84470643622603,93.7773310291758,90.56941477030769,91.19652557373047,18690000
2018-03-02 00:00:00-05:00,90.36038275372752,91.30104903134294,89.33931874993148,91.10809326171875,18353700
2018-03-05 00:00:00-05:00,90.08703763804768,93.20651509529262,89.95839635702946,92.50704193115234,13933000
2018-03-06 00:00:00-05:00,92.97335204374518,93.118070409617,91.91208607200294,92.58744049072266,10674400
2018-03-07 00:00:00-05:00,91.45382479165463,92.53920961733613,90.93927189453221,92.24173736572266,13006500
2018-03-08 00:00:00-05:00,92.54722653616903,92.64370747886734,91.01964534685256,92.24974822998047,11173700
2018-03-09 00:00:00-05:00,93.70498091786382,94.9350839008273,92.99746621522625,94.90292358398438,15366600
2018-03-12 00:00:00-04:00,94.87075030547405,95.47374236250036,94.26775824844773,94.59739685058594,12339300
2018-03-13 00:00:00-04:00,95.03155264344507,95.24863323477166,93.1261015304274,93.46377563476562,13312300
2018-03-14 00:00:00-04:00,93.71303347164107,93.7371521801795,92.13721446293495,92.41860961914062,12905100
2018-03-15 00:00:00-04:00,93.15828131232176,93.26279775675671,92.32213135497979,92.65176391601562,8748000
2018-03-16 00:00:00-04:00,92.7321495455127,93.74517807190779,92.7321495455127,92.81255340576172,19888900
2018-03-19 00:00:00-04:00,92.53917579781361,92.82057085215796,91.09199860377754,92.08090209960938,13214900
2018-03-20 00:00:00-04:00,92.35425465267024,92.82056379271062,92.01657447918708,92.1693344116211,9921200
2018-03-21 00:00:00-04:00,92.30602724639964,93.76928780725058,91.82363480081356,92.24974822998047,13633000
2018-03-22 00:00:00-04:00,91.01159367131115,91.3331906441259,88.06899578484338,88.39862823486328,22550400
2018-03-23 00:00:00-04:00,88.6559211418664,89.17851555353529,85.8339223599702,86.03491973876953,23081500
2018-03-26 00:00:00-04:00,87.78760796725585,89.3714681283627,87.35345293827586,88.68807220458984,20217500
2018-03-27 00:00:00-04:00,89.29911538105559,89.79759108966928,86.26807760181386,86.96754455566406,18039900
2018-03-28 00:00:00-04:00,87.05597237672191,87.77152246126207,85.74547184599214,86.83085632324219,19189300
2018-03-29 00:00:00-04:00,87.2328607114145,89.06595578917117,86.65398729023806,88.41472625732422,13274600
2018-04-02 00:00:00-04:00,88.40670000171662,89.02577545899449,85.2872224094433,86.71028137207031,18822500
2018-04-03 00:00:00-04:00,87.12032129792345,88.03686903275357,86.23593388602913,87.90019226074219,14050700
2018-04-04 00:00:00-04:00,86.1072758918099,89.4116732915593,86.04295525841475,89.23479461669922,15302600
2018-04-05 00:00:00-04:00,90.20445464207346,91.1741380708742,90.01052042233638,90.4064712524414,16627000
2018-04-06 00:00:00-04:00,89.33177559779774,90.13984229279343,87.12575080783327,88.15199279785156,18906000
2018-04-09 00:00:00-04:00,88.89539533697159,91.2953537729213,88.7984251397915,89.21054077148438,15974300
2018-04-10 00:00:00-04:00,90.60851907971698,91.2064928912646,90.03479244841573,90.91558837890625,13951400
2018-04-11 00:00:00-04:00,90.22871084591264,90.34991589221995,89.30750933856895,89.38832092285156,14503300
2018-04-12 00:00:00-04:00,90.14791456320852,92.43474468926375,90.09943253645632,91.61051940917969,16435500
2018-04-13 00:00:00-04:00,92.94382248584542,93.04887509498359,88.11966980990574,89.12975311279297,39152800
2018-04-16 00:00:00-04:00,89.64692880407989,90.07520320274841,88.71765079212474,89.05703735351562,16580500
2018-04-17 00:00:00-04:00,89.9943977593306,90.4388307806586,88.87926167896036,89.05703735351562,15501400
2018-04-18 00:00:00-04:00,89.31558931566155,89.75194596574735,87.9903607480194,88.33782958984375,16081400
2018-04-19 00:00:00-04:00,88.50755345804724,90.39843292974209,88.48331244104838,90.2772216796875,17911000
2018-04-20 00:00:00-04:00,90.74586908912333,91.10141415168496,89.59840999045747,90.0751724243164,15584400
2018-04-23 00:00:00-04:00,90.15598657221388,90.46304964804372,89.3964020269322,89.63882446289062,11285800
2018-04-24 00:00:00-04:00,90.30142639130548,91.2307040480307,88.55599988840687,89.21862030029297,16453100
2018-04-25 00:00:00-04:00,89.10550724952935,89.31560630584626,87.75603741657626,88.8792495727539,13548200
2018-04-26 00:00:00-04:00,88.86307795937877,89.54993328203703,88.35399209600955,88.96812438964844,10299500
2018-04-27 00:00:00-04:00,88.52369993347611,89.0166210606849,88.18430727052028,88.4024887084961,9384000
2018-04-30 00:00:00-04:00,88.68532259265878,89.12976175504683,87.87725587199674,87.90149688720703,13744900
2018-05-01 00:00:00-04:00,87.6348333897742,88.05503153695196,86.89949587980286,87.90149688720703,10503400
2018-05-02 00:00:00-04:00,87.36007759024548,88.47520724016036,87.05301451231321,87.20654296875,12162100
2018-05-03 00:00:00-04:00,86.93989609571237,87.08534835300247,84.99245849178044,86.65707397460938,15379100
2018-05-04 00:00:00-04:00,86.00254178205199,87.86917394384609,85.63891422185257,87.6186752319336,11967900
2018-05-07 00:00:00-04:00,87.88533656817552,88.62875645721329,87.56210865314092,88.37825775146484,9356700
2018-05-08 00:00:00-04:00,88.50755536844855,89.97015429951212,88.30553866901721,89.68733215332031,12543200
2018-05-09 00:00:00-04:00,90.05093031692314,91.8286741032064,89.71962010158366,91.642822265625,11368100
2018-05-10 00:00:00-04:00,91.46504807594964,92.47513118955433,91.10949684714221,92.35391998291016,9159700
2018-05-11 00:00:00-04:00,92.51555717081912,92.70949762272262,91.85294270613171,92.00647735595703,10253000
2018-05-14 00:00:00-04:00,92.20848873305255,92.68524511184442,91.90950184402512,92.0387954711914,8710700
2018-05-15 00:00:00-04:00,92.04687222908254,92.04687222908254,90.96405974556237,91.33576965332031,11536200
2018-05-16 00:00:00-04:00,91.22263805967398,91.86909380625652,91.01253901727583,91.58626556396484,7571100
2018-05-17 00:00:00-04:00,91.4731319406618,91.64283134316956,90.66506538229885,91.2791976928711,8617200
2018-05-18 00:00:00-04:00,91.10950028185441,91.14990607394506,89.56609026685399,89.80043029785156,11806300
2018-05-21 00:00:00-04:00,90.54385888510606,90.93980976616635,90.4388062885585,90.62466430664062,9441900
2018-05-22 00:00:00-04:00,90.78628366643795,92.3539348845166,90.73780164198078,91.31961059570312,11507600
2018-05-23 00:00:00-04:00,90.91560173989009,91.12569467908881,89.79238932740651,90.8994369506836,11453900
2018-05-24 00:00:00-04:00,90.61657047302322,90.62465286367367,88.98427896992024,89.88123321533203,14084800
2018-05-25 00:00:00-04:00,89.25904489094783,89.76004845285584,89.04894582755936,89.42066192626953,8283500
2018-05-29 00:00:00-04:00,88.22471194256569,88.24087056199618,84.81466989225294,85.59849548339844,30643800
2018-05-30 00:00:00-04:00,86.98028955898711,87.7560327661338,86.18030533990753,87.55401611328125,17490800
2018-05-31 00:00:00-04:00,87.23077736345786,87.42471776486649,85.99443658850446,86.47119903564453,19808200
2018-06-01 00:00:00-04:00,87.54592557291237,88.03077042668039,87.10957506861462,87.59441375732422,13594200
2018-06-04 00:00:00-04:00,88.07119106299568,88.28937253224808,87.48938203173581,87.63483428955078,9415400
2018-06-05 00:00:00-04:00,87.46511932392345,87.52168373431954,86.51968296513516,87.14189147949219,10415200
2018-06-06 00:00:00-04:00,87.8045270463662,89.48530102925574,87.65907479961949,89.17823791503906,15453600
2018-06-07 00:00:00-04:00,89.84084605172312,90.09942712062389,88.91156821612192,89.53378295898438,13444400
2018-06-08 00:00:00-04:00,89.3883507559252,89.80854277516433,88.9358291601365,89.7843017578125,10383200
2018-06-11 00:00:00-04:00,89.79236159604534,90.43073494121177,89.50953335782641,89.55802154541016,12642900
2018-06-12 00:00:00-04:00,89.80851616669507,90.1236616290182,88.49944613200464,89.04085540771484,15294100
2018-06-13 00:00:00-04:00,89.25903378415676,90.05901797301114,88.54793741240384,88.86308288574219,14979700
2018-06-14 00:00:00-04:00,89.11359845504782,89.17824527339377,87.09343161968653,87.29544830322266,20487300
2018-06-15 00:00:00-04:00,87.1095861096768,87.57826007463366,85.87323897393256,87.19039154052734,26028600
2018-06-18 00:00:00-04:00,86.67322147527577,87.5944168660346,86.21262377989635,87.41664123535156,9786800
2018-06-19 00:00:00-04:00,86.38233291779078,87.17423484469391,86.13991043768424,86.90757751464844,12707200
2018-06-20 00:00:00-04:00,87.41665253159326,87.78836245966463,86.8186849225271,86.89949035644531,8876900
2018-06-21 00:00:00-04:00,86.54393386682213,87.44088830924082,86.0833361395038,86.875244140625,11048700
2018-06-22 00:00:00-04:00,87.4004844991957,87.57017774166854,85.25910682312816,85.45304107666016,19478900
2018-06-25 00:00:00-04:00,85.38031965882168,85.4126368974728,84.00660274391176,84.67729949951172,16907600
2018-06-26 00:00:00-04:00,84.61266022651978,85.01669356128401,83.3197547882861,84.73387145996094,17086800
2018-06-27 00:00:00-04:00,84.58839950515285,85.59040021570202,83.41670557334554,83.4247817993164,16276800
2018-06-28 00:00:00-04:00,83.78034491665994,85.2187024710752,83.64297507495935,84.7904281616211,14491300
2018-06-29 00:00:00-04:00,86.2045387377775,86.38231436299505,84.16013137789258,84.20053100585938,18972400
2018-07-02 00:00:00-04:00,83.81267285870264,84.91972020948822,83.53792699536531,84.9116439819336,11130000
2018-07-03 00:00:00-04:00,85.17829230038723,85.47727295826232,83.65104095113323,83.72377014160156,8311700
2018-07-05 00:00:00-04:00,84.60123192972735,84.80434638800355,84.1137584695767,84.26812744140625,10723400
2018-07-06 00:00:00-04:00,83.78066629822106,84.90185604125475,83.03320027096969,84.54437255859375,12173700
2018-07-09 00:00:00-04:00,85.0724528226871,87.30671170252585,85.0724528226871,87.16046905517578,13900800
2018-07-10 00:00:00-04:00,87.76170373243697,88.07044171594634,86.55114314045514,86.624267578125,14575900
2018-07-11 00:00:00-04:00,86.37238744689124,86.98173080191732,86.29114290593333,86.43738555908203,10186500
2018-07-12 00:00:00-04:00,87.27425048143901,87.3879941232906,86.09618867716321,86.81114959716797,12456800
2018-07-13 00:00:00-04:00,87.17674502781782,87.58297402384946,85.42183278965103,86.41303253173828,21289100
2018-07-16 00:00:00-04:00,86.97360826589711,89.99594601590812,86.91673646895349,89.84158325195312,24662600
2018-07-17 00:00:00-04:00,89.93096505064197,90.12595320695999,89.16725265710063,89.77659606933594,14821900
2018-07-18 00:00:00-04:00,89.71159746736508,91.09277958012223,89.5328557423032,90.6134262084961,14244900
2018-07-19 00:00:00-04:00,90.231564775711,90.25593751888427,89.15100057080812,89.28099060058594,16775300
2018-07-20 00:00:00-04:00,89.37037132005804,90.78404636715977,89.191629585648,90.41031646728516,13578100
2018-07-23 00:00:00-04:00,90.2315801846364,92.81519677775087,90.12596287999547,92.09210968017578,18140000
2018-07-24 00:00:00-04:00,92.2545843668878,93.25390397558425,92.14896088729999,92.74205780029297,14000400
2018-07-25 00:00:00-04:00,92.52268279607327,93.85511295917324,92.11645393662668,93.5788803100586,13329100
2018-07-26 00:00:00-04:00,93.77389945005305,93.91201582030318,93.09143771571418,93.31079864501953,11897800
2018-07-27 00:00:00-04:00,93.57888995173809,94.48884492213527,93.27827833329303,94.26947784423828,12802700
2018-07-30 00:00:00-04:00,94.47258609446898,95.5531563886655,94.29384439785774,94.83819580078125,13411600
2018-07-31 00:00:00-04:00,95.1225602519144,95.1225602519144,93.28640389719168,93.39202117919922,15843800
2018-08-01 00:00:00-04:00,94.04200556762403,94.80571800674548,93.66014934806331,93.96888732910156,13531600
2018-08-02 00:00:00-04:00,93.08330412784858,94.44823368844996,92.88831596163755,94.36698913574219,11058100
2018-08-03 00:00:00-04:00,94.24511540200766,95.16319058780358,94.19636991206363,95.13069152832031,11016100
2018-08-06 00:00:00-04:00,94.88695486056376,95.48817194546814,94.39135506669777,95.15506744384766,9857400
2018-08-07 00:00:00-04:00,95.65879547075271,96.10564981414471,95.32569094086585,95.50443267822266,10562100
2018-08-08 00:00:00-04:00,95.32568722279873,96.0893934364056,95.28506184823414,95.69941711425781,8997100
2018-08-09 00:00:00-04:00,95.47191247207054,95.64252785669751,94.81381747586853,94.9600601196289,9694200
2018-08-10 00:00:00-04:00,93.83889640313579,94.20450001359316,93.1726811095149,94.02576446533203,12630600
2018-08-13 00:00:00-04:00,93.88762585688416,94.14761211732639,92.47395095313955,92.53082275390625,10336300
2018-08-14 00:00:00-04:00,92.83953938719013,93.46513529234043,92.33581957627783,93.14827728271484,10597600
2018-08-15 00:00:00-04:00,92.47394675265865,92.88830196717254,91.78335886084292,92.37644958496094,10152100
2018-08-16 00:00:00-04:00,92.90453494633377,93.68449357931988,92.86391578126087,93.24576568603516,10118600
2018-08-17 00:00:00-04:00,93.14014841857336,93.4895054707134,92.86391578126087,93.24576568603516,8505100
2018-08-20 00:00:00-04:00,93.09956056702129,93.47329670706472,92.70958419267735,93.12393951416016,8618700
2018-08-21 00:00:00-04:00,93.73326758522525,94.561971893143,93.335158762173,93.69264221191406,10976700
2018-08-22 00:00:00-04:00,93.68452741481222,93.7657781714233,93.25392567844825,93.40829467773438,8314700
2018-08-23 00:00:00-04:00,93.40016446816935,93.55453346101926,92.96956274975874,93.21330261230469,9265400
2018-08-24 00:00:00-04:00,93.41640064725917,93.61138878382047,92.98579280611801,93.17266082763672,8845700
2018-08-27 00:00:00-04:00,93.61140744984233,95.28506886938891,93.57078207228423,94.82196807861328,13768000
2018-08-28 00:00:00-04:00,95.05755509107385,95.08192783137879,94.22072461494777,94.35884094238281,8302600
2018-08-29 00:00:00-04:00,94.52949529670971,94.5457479293209,93.72516354222525,94.0501480102539,7221700
2018-08-30 00:00:00-04:00,93.91201436399389,94.27762417191659,93.41642070187355,93.5870361328125,8991800
2018-08-31 00:00:00-04:00,93.29453749955498,93.30265761518613,92.47395332581424,93.09142303466797,13065700
2018-09-04 00:00:00-04:00,92.89642460099927,93.62763788215527,92.3195802899099,93.55451965332031,10174200
2018-09-05 00:00:00-04:00,93.4326590561362,94.00137711009663,92.82331562750923,93.09954833984375,11462400
2018-09-06 00:00:00-04:00,93.02642328162263,93.18891237124892,92.21396543636828,92.7014389038086,9877600
2018-09-07 00:00:00-04:00,93.02644594278314,93.24580688707091,92.31960521374397,92.88020324707031,10955600
2018-09-10 00:00:00-04:00,93.31079168995699,93.40828887269367,92.34397097170704,92.38459014892578,8276900
2018-09-11 00:00:00-04:00,92.2464338228762,93.09139044482743,91.95394859994849,92.96952056884766,9333800
2018-09-12 00:00:00-04:00,92.82329283866503,93.33513896156718,91.68585081143321,91.87271881103516,10800800
2018-09-13 00:00:00-04:00,92.10836087459806,92.7258244593422,91.53963658520242,92.230224609375,12470800
2018-09-14 00:00:00-04:00,92.46584162113179,93.01831330085687,91.99462069904827,92.21398162841797,10337900
2018-09-17 00:00:00-04:00,92.44959993386783,92.96957257693724,92.05149723495343,92.49021911621094,9561300
2018-09-18 00:00:00-04:00,92.88831775375057,93.15643036156477,92.26272166885074,92.86394500732422,7944200
2018-09-19 00:00:00-04:00,92.97770061390105,95.9187947684732,92.97770061390105,95.56131744384766,16052800
2018-09-20 00:00:00-04:00,96.27625679373385,96.87747387693291,95.93502597882855,96.38187408447266,15590000
2018-09-21 00:00:00-04:00,96.78810642572812,96.86935717376349,95.6587904519285,95.74816131591797,24788200
2018-09-24 00:00:00-04:00,95.67504270241257,96.24376074503924,94.59447222286012,94.83008575439453,12492500
2018-09-25 00:00:00-04:00,95.09005709738442,95.84564306310546,94.50508651765705,94.56195831298828,9308300
2018-09-26 00:00:00-04:00,94.85444536615091,94.9519425307715,93.15641158929522,93.44889068603516,14023600
2018-09-27 00:00:00-04:00,93.77388451578352,94.05012341085296,92.75019207730674,93.04267120361328,13283000
2018-09-28 00:00:00-04:00,92.33585245474976,92.81519969692208,91.41777095249158,91.6777572631836,15815100
2018-10-01 00:00:00-04:00,92.10836432147146,93.11581049088926,91.8402516978043,92.21398162841797,10146300
2018-10-02 00:00:00-04:00,92.10023298322153,92.71770275596059,91.65337863481258,92.59583282470703,13753100
2018-10-03 00:00:00-04:00,93.38389676023607,93.96886733821792,93.01016693509452,93.46514129638672,17142000
2018-10-04 00:00:00-04:00,93.71877003349086,95.56777832524455,93.44059672252138,94.30783081054688,16357400
2018-10-05 00:00:00-04:00,94.76601966710726,94.98691672989246,93.285168553139,93.77606201171875,13777600
2018-10-08 00:00:00-04:00,93.47333744265632,94.72510192566786,92.73700355795273,94.3487548828125,14370900
2018-10-09 00:00:00-04:00,93.81694483401215,94.11147834705716,92.99879757376898,93.69422149658203,14069500
2018-10-10 00:00:00-04:00,93.8414875628927,94.04602437644911,91.1988754272461,91.1988754272461,23086400
2018-10-11 00:00:00-04:00,90.78981215972998,91.19888583352025,87.85265993609192,88.46627044677734,33705600
2018-10-12 00:00:00-04:00,90.29893885286668,90.6752859414551,86.39637191068907,87.50086975097656,32075700
2018-10-15 00:00:00-04:00,87.70540787339192,89.05535247170006,86.98544033388022,87.00180053710938,18903200
2018-10-16 00:00:00-04:00,87.67265521369445,88.99804965661447,87.32085167497556,88.86714935302734,19302800
2018-10-17 00:00:00-04:00,88.67081446278605,90.65073594812905,88.54809734428845,89.85713195800781,18794500
2018-10-18 00:00:00-04:00,89.19444837755043,89.86532915815681,88.20449053311727,88.4335708618164,17582500
2018-10-19 00:00:00-04:00,88.07355011511994,89.35804101008367,87.76265017442341,88.28627014160156,15234500
2018-10-22 00:00:00-04:00,88.48265031174161,88.63809408682334,86.81362872045624,87.0181655883789,16199100
2018-10-23 00:00:00-04:00,85.25095102892782,86.85452532138446,84.84187735557985,86.1100082397461,21407500
2018-10-24 00:00:00-04:00,85.70911679339136,85.93001382797054,84.19554546795509,84.50643920898438,23168900
2018-10-25 00:00:00-04:00,85.23459125345416,86.64180569550278,84.85824422113377,85.79093170166016,17464700
2018-10-26 00:00:00-04:00,85.08731223257098,85.54547268562429,84.04826799311994,84.61278533935547,19174900
2018-10-29 00:00:00-04:00,85.46366080446865,87.23903883512601,84.84186714803805,85.7827377319336,18445200
2018-10-30 00:00:00-04:00,86.4863690583811,87.52541984983941,85.79094495121454,87.29633331298828,18019700
2018-10-31 00:00:00-04:00,88.42536560922318,90.38892046482236,88.1881021326496,89.19441986083984,20860000
2018-11-01 00:00:00-04:00,89.68531117142084,90.17619831341742,88.621717162121,89.16169738769531,13065000
2018-11-02 00:00:00-04:00,89.91439434299609,90.65890518012121,87.9426562480522,88.67080688476562,19009200
2018-11-05 00:00:00-05:00,88.85897888709832,89.41531930162066,88.70352890243267,89.2516860961914,10276400
2018-11-06 00:00:00-05:00,88.90806048811383,89.72620774113847,88.16354973368489,89.66893768310547,10825000
2018-11-07 00:00:00-05:00,90.2989253383932,91.41160623463526,89.46441154522721,91.20706939697266,12679600
2018-11-08 00:00:00-05:00,90.82251703115016,92.39335806387815,90.81433381188471,91.94337463378906,11662500
2018-11-09 00:00:00-05:00,91.8206656118948,91.92702250380893,90.6752582509502,91.05160522460938,10432200
2018-11-12 00:00:00-05:00,91.15795522466755,91.58339524409524,88.85078047920959,89.13713073730469,13279700
2018-11-13 00:00:00-05:00,89.25986854577485,90.9125295755047,89.25986854577485,89.66075897216797,13746100
2018-11-14 00:00:00-05:00,90.18438860331929,90.57709585091091,86.70726223217146,87.81175994873047,18361400
2018-11-15 00:00:00-05:00,88.55625584395398,90.06165001705693,87.38630503666127,90.053466796875,19100000
2018-11-16 00:00:00-05:00,89.54623673325574,90.61801414719997,88.80990901502669,89.988037109375,13798600
2018-11-19 00:00:00-05:00,89.96346451735937,90.97796528807267,89.6116609749874,90.67525482177734,13987000
2018-11-20 00:00:00-05:00,89.81621826157766,90.39710215159045,88.34355672466289,88.72808074951172,18936200
2018-11-21 00:00:00-05:00,89.20259281966099,89.6771197182163,88.06536865234375,88.06536865234375,10619600
2018-11-23 00:00:00-05:00,87.32903950026754,87.86083648419816,86.77269909648862,87.25540924072266,6488400
2018-11-26 00:00:00-05:00,88.13082997088976,89.97984465474492,87.90992669983507,89.39077758789062,13948300
2018-11-27 00:00:00-05:00,88.98168459802363,90.02072871823553,88.87532147507946,89.76710510253906,9238200
2018-11-28 00:00:00-05:00,89.83257896540809,91.14161343969005,89.07170170192408,90.76526641845703,13977300
2018-11-29 00:00:00-05:00,90.21711355445683,90.65073693174119,89.70168292526601,90.04530334472656,11144300
2018-11-30 00:00:00-05:00,89.87347466017603,91.07615212302929,89.65257764792275,90.96979522705078,18652700
2018-12-03 00:00:00-05:00,91.94340519118374,92.36066212485377,91.41979133958466,91.82886505126953,16034500
2018-12-04 00:00:00-05:00,91.30524221523314,91.30524221523314,87.32086865034533,87.72994232177734,23555900
2018-12-06 00:00:00-05:00,85.91364632807424,86.19999662337273,84.17098865303085,86.0609130859375,27213900
2018-12-07 00:00:00-05:00,86.03637697666728,87.52540488070241,84.19554546795509,84.50643920898438,19248600
2018-12-10 00:00:00-05:00,84.16281815755761,84.67006550773966,81.22566599447408,82.92741394042969,23636400
2018-12-11 00:00:00-05:00,84.3755367965465,84.80916014988625,81.98654795226018,82.1174545288086,16860700
2018-12-12 00:00:00-05:00,83.17286628565294,84.18736729689222,81.86382547402513,82.64924621582031,22621500
2018-12-13 00:00:00-05:00,83.08286745960149,83.42648785502357,82.36289378313346,82.73106384277344,17250900
2018-12-14 00:00:00-05:00,81.80652481466049,83.4019153664883,81.70016794132538,82.05197143554688,19879500
2018-12-17 00:00:00-05:00,81.6265558441771,82.27289297976851,80.53842464615136,81.00476837158203,25113500
2018-12-18 00:00:00-05:00,81.34020666655641,82.54288424947987,80.2766188746826,80.6202392578125,20837200
2018-12-19 00:00:00-05:00,80.51386120264448,82.2892389577794,79.03301066856544,79.5975341796875,28767900
2018-12-20 00:00:00-05:00,79.04122305113658,80.40752774974615,78.28852891989929,78.91031646728516,31825200
2018-12-21 00:00:00-05:00,79.09847313603987,80.53023076482691,76.65221470660615,77.044921875,41313900
2018-12-24 00:00:00-05:00,75.99768935076565,77.08582657389613,75.38407897949219,75.38407897949219,17009300
2018-12-26 00:00:00-05:00,75.83408310021635,78.5094223022461,74.54140873406303,78.5094223022461,22542900
2018-12-27 00:00:00-05:00,77.57672503559215,79.48300970087276,76.53768073383746,79.39301300048828,20304700
2018-12-28 00:00:00-05:00,80.13752767056123,80.44024442672477,78.90212970890634,79.22120666503906,17963300
2018-12-31 00:00:00-05:00,79.84298879088493,80.84112945534609,79.17210828161946,79.86753845214844,13237200
2019-01-02 00:00:00-05:00,78.50123057887812,81.63473622160714,78.4930536001329,81.25020599365234,15670900
2019-01-03 00:00:00-05:00,81.35742702598175,81.56362488569738,79.74908623726364,80.09549713134766,16286400
2019-01-04 00:00:00-05:00,81.74508387513681,83.24620411315435,81.06050543826616,83.04825592041016,16935200
2019-01-07 00:00:00-05:00,82.83380486243198,83.69158871816998,82.23995401671648,83.10598754882812,15430700
2019-01-08 00:00:00-05:00,83.82354133010493,83.98025369781585,82.10798013123483,82.94926452636719,13578800
2019-01-09 00:00:00-05:00,83.1472126897425,83.70807105074661,82.42139857836129,82.80905151367188,14230300
2019-01-10 00:00:00-05:00,82.49564427213566,83.08125178327204,81.87705063805568,82.80081939697266,14376100
2019-01-11 00:00:00-05:00,82.38840787558807,82.619348447961,81.61310198891437,82.4049072265625,15439900
2019-01-14 00:00:00-05:00,81.54714489542626,83.60087414540482,81.37393942062424,83.25446319580078,21258500
2019-01-15 00:00:00-05:00,81.56361563224648,84.51637015862023,81.32442538699355,83.86478424072266,26504900
2019-01-16 00:00:00-05:00,84.33493979849467,85.32468718615611,83.96378610128673,84.5411376953125,18533000
2019-01-17 00:00:00-05:00,84.21946359921834,85.3659233220632,84.06275119492761,84.88754272460938,14247600
2019-01-18 00:00:00-05:00,85.58862472797954,86.52064329774487,84.81332487432097,86.26495361328125,16428700
2019-01-22 00:00:00-05:00,85.01950778006778,85.4401469066832,84.23595209375858,84.90403747558594,17083700
2019-01-23 00:00:00-05:00,85.31643374851433,85.53087500522264,84.10398925125715,84.68959045410156,12146700
2019-01-24 00:00:00-05:00,84.2359438178278,85.02774281047978,84.07923773008959,84.73906707763672,11296800
2019-01-25 00:00:00-05:00,85.37414659086177,86.03397583490886,84.73905378556793,85.2751693725586,14369400
2019-01-28 00:00:00-05:00,84.86282497256676,85.97629260695473,84.61538492374196,85.67936706542969,12283100
2019-01-29 00:00:00-05:00,85.67933541500484,86.69383168923177,85.5556217289548,85.91852569580078,9743300
2019-01-30 00:00:00-05:00,85.893780751821,86.80105008461578,85.59685532761044,86.1164779663086,12526300
2019-01-31 00:00:00-05:00,85.29169280531451,85.61336098980509,84.73083432854585,85.36592102050781,17520600
2019-02-01 00:00:00-05:00,85.77834434349198,86.47941609161315,85.38244152390465,85.67936706542969,13000800
2019-02-04 00:00:00-05:00,85.60510900104195,85.98451232910156,84.96177264943393,85.98451232910156,9871500
2019-02-05 00:00:00-05:00,86.20721212000858,86.23196115294103,85.19272201288801,85.60511779785156,12763000
2019-02-06 00:00:00-05:00,85.53912292425242,86.2896861852866,85.34117473264344,85.5638656616211,8745000
2019-02-07 00:00:00-05:00,85.15972482163737,85.36592270256143,83.66685417739835,84.44215393066406,13177500
2019-02-08 00:00:00-05:00,84.19471143743833,84.40915268044104,82.52862921005242,83.60086059570312,12892600
2019-02-11 00:00:00-05:00,83.93079192235503,84.13698981484818,83.11424373736676,83.20497131347656,10978500
2019-02-12 00:00:00-05:00,84.08749568619865,84.88754449348689,84.03801020703776,84.62361145019531,12852300
2019-02-13 00:00:00-05:00,84.87104962574234,85.65459906153403,84.87104962574234,85.02775573730469,10754100
2019-02-14 00:00:00-05:00,84.51638552444327,85.03600190108926,83.59261678441287,84.47514343261719,11518500
2019-02-15 00:00:00-05:00,85.69584017025002,87.180461130372,85.49789196743241,87.05674743652344,14716900
2019-02-19 00:00:00-05:00,86.52886549574396,86.90826877016092,85.62158995620474,86.75155639648438,12764900
2019-02-20 00:00:00-05:00,86.77630043234936,87.26293061927967,86.50411776640489,87.17220306396484,10030300
2019-02-21 00:00:00-05:00,86.97426144927792,87.41964961588903,86.57011537486888,86.99076080322266,8400100
2019-02-22 00:00:00-05:00,87.18044746462589,87.50211560352972,86.4216408955532,86.60309600830078,10647300
2019-02-25 00:00:00-05:00,87.2217002131125,88.4753805112352,87.172214737281,87.5103759765625,11230700
2019-02-26 00:00:00-05:00,86.19070678307442,86.99075549879544,85.72882558334244,86.84229278564453,15465400
2019-02-27 00:00:00-05:00,86.75156233463257,86.9165181025716,86.19895359011169,86.73506927490234,9968800
2019-02-28 00:00:00-05:00,86.61134914327701,86.77630491091257,85.92677075153698,86.07523345947266,15156900
2019-03-01 00:00:00-05:00,86.68557380881444,87.35365911355562,85.9432602994681,86.13296508789062,13813300
2019-03-04 00:00:00-05:00,86.53711466217396,87.36190608585306,85.17620755457159,85.93502044677734,12466300
2019-03-05 00:00:00-05:00,85.88554976541239,86.23196703081662,85.16798507796666,85.86905670166016,10856600
2019-03-06 00:00:00-05:00,85.66283357149733,86.24843469851133,85.4071502563295,85.54736328125,9070800
2019-03-07 00:00:00-05:00,85.1597202093523,85.34117534156339,84.26070051769143,84.92877960205078,12705700
2019-03-08 00:00:00-05:00,84.12047830034666,85.14322422999506,84.12047830034666,84.9617691040039,10582400
2019-03-11 00:00:00-04:00,85.76183248112086,86.23196343672392,85.49789942346055,86.06700134277344,9763200
2019-03-12 00:00:00-04:00,86.2649413712547,86.4299034495406,85.57211952043346,85.81130981445312,10219100
2019-03-13 00:00:00-04:00,85.93500458991419,86.58659044950812,85.73705015404346,86.09996032714844,13022200
2019-03-14 00:00:00-04:00,86.19071542342924,87.32068209194567,86.15772300690394,86.88353729248047,10926500
2019-03-15 00:00:00-04:00,86.9412614724202,88.08772097515684,86.79279877387437,87.88152313232422,24811700
2019-03-18 00:00:00-04:00,87.88153489504906,88.90427457044554,87.84029280389888,88.4094009399414,12935500
2019-03-19 00:00:00-04:00,89.24243341709769,89.40739548462342,87.88153254280228,88.08773040771484,12889300
2019-03-20 00:00:00-04:00,87.78255377772841,87.96400890252556,86.11647782694045,86.20719909667969,14920700
2019-03-21 00:00:00-04:00,85.35765721102648,85.35765721102648,84.35966040737372,84.8462905883789,19751000
2019-03-22 00:00:00-04:00,83.98028053692639,84.3926763373027,82.08325733813113,82.28121185302734,31115200
2019-03-25 00:00:00-04:00,82.14099309942866,82.94929164285045,80.90380568924833,81.59663391113281,21032300
2019-03-26 00:00:00-04:00,82.33068434291789,82.8090649061003,81.50589287232458,82.41316223144531,15987100
2019-03-27 00:00:00-04:00,82.38016987180005,82.85030075864172,81.72034047048622,82.13273620605469,12753200
2019-03-28 00:00:00-04:00,82.47914946530224,83.13898517808855,82.26470191474773,83.06475067138672,12454100
2019-03-29 00:00:00-04:00,83.74932806080645,84.12048171163268,82.96577237522048,83.49364471435547,14523400
2019-04-01 00:00:00-04:00,84.252423977737,86.3391447475108,84.2276812480808,86.30615234375,17499300
2019-04-02 00:00:00-04:00,86.2731787854566,86.96600683045905,86.05048787724874,86.71856689453125,10295400
2019-04-03 00:00:00-04:00,87.27118800896908,87.72482585834982,86.42990343417006,86.89178466796875,11499200
2019-04-04 00:00:00-04:00,86.89177687652136,87.87247817005266,86.80866154625524,87.73118591308594,11952100
2019-04-05 00:00:00-04:00,87.9306747895249,88.18831461678388,87.25747724029627,87.52342987060547,9933700
2019-04-08 00:00:00-04:00,87.3572035459952,87.80599975585938,87.1909855456649,87.80599975585938,8056300
2019-04-09 00:00:00-04:00,87.33227617329739,87.43200444253091,86.64245938731607,87.15774536132812,9092200
2019-04-10 00:00:00-04:00,87.3738242969783,87.86417818567696,86.82529981390309,87.54835510253906,10882300
2019-04-11 00:00:00-04:00,87.85584803417498,88.70357616899341,87.73118138601826,88.28802490234375,11183800
2019-04-12 00:00:00-04:00,90.95587674727895,92.95883085202144,90.49045494793488,92.42692565917969,25834100
2019-04-15 00:00:00-04:00,92.1858911131824,92.25238083738189,90.68991036354815,91.37141418457031,15163800
2019-04-16 00:00:00-04:00,91.3381819864774,92.5765231525455,91.30493711976825,92.33550262451172,11583200
2019-04-17 00:00:00-04:00,92.83417626250326,95.29424602544755,92.26071966672387,94.99504852294922,17791900
2019-04-18 00:00:00-04:00,95.18617739441827,95.5352389559363,94.18885683556405,94.2968978881836,12501900
2019-04-22 00:00:00-04:00,93.77329999653985,94.68751151152277,93.63201408821166,94.41324615478516,7975900
2019-04-23 00:00:00-04:00,93.91459552033659,95.05320838588527,93.789928859891,94.52960968017578,9193100
2019-04-24 00:00:00-04:00,94.13069880307411,94.87037973987252,93.75669876282534,94.37171936035156,9245700
2019-04-25 00:00:00-04:00,93.92293228420795,94.87038900002072,93.49906806687758,94.42159271240234,9311800
2019-04-26 00:00:00-04:00,94.70412990015319,95.22772854743272,94.41324528544736,95.13630676269531,7889300
2019-04-29 00:00:00-04:00,95.24437256927013,97.37199989170051,95.11970589032602,96.50765228271484,14242200
2019-04-30 00:00:00-04:00,96.76529491655388,97.00631547863858,95.7929062059718,96.44947814941406,11389100
2019-05-01 00:00:00-04:00,96.17521625540425,97.23902681630067,95.66824304422532,95.70980072021484,10412900
2019-05-02 00:00:00-04:00,95.71808756779501,96.22506067508279,95.22774006382048,95.91755676269531,8613300
2019-05-03 00:00:00-04:00,96.40791767139741,96.97306778724148,96.13365224588249,96.50765228271484,8185400
2019-05-06 00:00:00-04:00,94.895311131748,95.96743442752677,94.5130046321449,95.651611328125,9387000
2019-05-07 00:00:00-04:00,94.77061511047002,94.77061511047002,93.32449856565181,94.089111328125,15017700
2019-05-08 00:00:00-04:00,93.63204229448992,94.47145153740894,93.46581793390372,93.59048461914062,9575800
2019-05-09 00:00:00-04:00,92.36875136050283,93.6985143805217,91.90333588869878,93.51567077636719,12205900
2019-05-10 00:00:00-04:00,92.87572256657683,93.78162142542706,91.87008910550036,93.50736236572266,13189000
2019-05-13 00:00:00-04:00,91.48778637913631,91.79529031881215,90.57357468088236,90.96418762207031,13783700
2019-05-14 00:00:00-04:00,91.0473095267156,92.85080098683929,91.00575185255904,91.687255859375,10503600
2019-05-15 00:00:00-04:00,90.7647025337587,92.16926777651561,90.26604230593297,91.33816528320312,10142000
2019-05-16 00:00:00-04:00,91.93658372714846,93.22478911845778,91.91164531965873,92.51004028320312,9672700
2019-05-17 00:00:00-04:00,91.42128729936852,92.87571687004029,91.28000137715473,92.06123352050781,9570100
2019-05-20 00:00:00-04:00,91.90334286228092,92.92559568553433,91.72881204711109,92.54328918457031,8518200
2019-05-21 00:00:00-04:00,92.61808742596982,93.01701317330799,92.43524381643549,92.8591079711914,7967900
2019-05-22 00:00:00-04:00,92.58483953663233,92.90896907357491,92.04462152812464,92.10279846191406,7918900
2019-05-23 00:00:00-04:00,91.12206460074144,91.2467312261285,89.34350601158933,90.29096221923828,14558000
2019-05-24 00:00:00-04:00,91.02233295917884,91.3880200478578,90.7480739834778,91.18024444580078,8537300
2019-05-28 00:00:00-04:00,90.75641137535557,91.28001012911848,90.12477789519984,90.1912612915039,11665500
2019-05-29 00:00:00-04:00,89.30198006637241,90.09153141364646,88.97785052975588,89.94193267822266,9966400
2019-05-30 00:00:00-04:00,90.29930069788857,90.73978407082109,88.54567366695399,88.97784423828125,10367800
2019-05-31 00:00:00-04:00,87.7312020493978,88.58723684578901,87.1328070699525,88.06364440917969,10952800
2019-06-03 00:00:00-04:00,87.93067772627995,88.81164465470012,87.51512633124236,88.47920227050781,11680700
2019-06-04 00:00:00-04:00,89.634431738988,91.33819493979689,89.03603673498075,91.20521545410156,12858600
2019-06-05 00:00:00-04:00,91.30494770108785,91.73711833677093,90.29100134178785,91.52934265136719,8340500
2019-06-06 00:00:00-04:00,91.54596193693027,92.14435688411096,90.5320156476308,91.72880554199219,8726700
2019-06-07 00:00:00-04:00,91.17195726607778,91.43790985781246,90.5569430865932,90.7231674194336,10618900
2019-06-10 00:00:00-04:00,92.04464316088439,92.42694972146786,91.60415965283848,91.70388793945312,11380600
2019-06-11 00:00:00-04:00,92.10280406997605,92.72613111602104,91.72881037867329,91.9864501953125,9847700
2019-06-12 00:00:00-04:00,92.00305985539597,92.1692841881416,90.49876610370526,90.81458282470703,9670500
2019-06-13 00:00:00-04:00,90.9725040952325,91.55427981091283,90.63175527304043,91.03899383544922,8406900
2019-06-14 00:00:00-04:00,91.06391471161746,91.67062242011566,90.28267621210713,91.27169036865234,9077400
2019-06-17 00:00:00-04:00,91.17196652921255,91.72881017479114,90.64006129170126,90.77304077148438,8128600
2019-06-18 00:00:00-04:00,90.59852596755461,92.5931741310578,90.57359389589271,92.01139831542969,11057300
2019-06-19 00:00:00-04:00,92.10278132175877,92.74272747434973,91.1719442135447,91.34648132324219,13126500
2019-06-20 00:00:00-04:00,92.15264956988263,92.32718034658507,90.61511110204826,91.57919311523438,13638000
2019-06-21 00:00:00-04:00,91.5791908572665,92.8092190648828,90.66497299116214,90.95586395263672,27089500
2019-06-24 00:00:00-04:00,90.82288142764067,91.23011988278391,90.2078673446557,90.30760192871094,13039600
2019-06-25 00:00:00-04:00,90.3242366377016,90.57356997008029,89.4848211822241,89.55962371826172,18660100
2019-06-26 00:00:00-04:00,90.00841366924739,90.84782272569507,89.8920598130901,90.15801239013672,10324600
2019-06-27 00:00:00-04:00,90.45722198486328,91.04731052848692,90.12478595119649,90.45722198486328,10906600
2019-06-28 00:00:00-04:00,92.28565744770663,93.4408898546588,92.16930356073384,92.91729736328125,21634700
2019-07-01 00:00:00-04:00,94.10575032330547,95.177867098935,93.98108366496425,94.47974395751953,12724500
2019-07-02 00:00:00-04:00,94.33846250556653,94.91191901580322,94.09744197890649,94.57948303222656,10174900
2019-07-03 00:00:00-04:00,94.86407091794469,95.30767923950468,93.96013012168928,94.42884063720703,6849400
2019-07-05 00:00:00-04:00,95.0063444421341,95.64244961816897,94.51251906037747,94.9896011352539,7929400
2019-07-08 00:00:00-04:00,94.54599833051786,94.98123490518522,94.16098529028166,94.47067260742188,6917200
2019-07-09 00:00:00-04:00,93.97686105370792,94.98961414484499,93.86805508688708,94.8724365234375,8947300
2019-07-10 00:00:00-04:00,94.8891723399162,95.27418540638227,94.36186669951842,94.59622192382812,9242300
2019-07-11 00:00:00-04:00,94.88917879764239,95.71779379304375,94.67993213516822,95.50017547607422,11595200
2019-07-12 00:00:00-04:00,95.52527560167073,96.54640024590663,95.35788084078322,96.50455474853516,10783400
2019-07-15 00:00:00-04:00,96.7054210216631,96.73052959496285,95.0230763678776,95.332763671875,12946600
2019-07-16 00:00:00-04:00,94.98123961856705,96.6719496953047,94.51252279291931,96.35389709472656,16945000
2019-07-17 00:00:00-04:00,95.77636478494722,96.2032296849773,95.19047679329822,95.40808868408203,13120900
2019-07-18 00:00:00-04:00,95.35788844737131,96.31205270908445,95.03983582203402,95.97725677490234,9397200
2019-07-19 00:00:00-04:00,96.16140974716505,96.35391951447998,94.91430124458417,95.03147888183594,10402800
2019-07-22 00:00:00-04:00,94.50414507536634,95.79309861542033,94.38696109511599,95.64244079589844,9061100
2019-07-23 00:00:00-04:00,96.15304139287183,97.46711041491594,96.10282422824037,97.39178466796875,12752200
2019-07-24 00:00:00-04:00,96.73890779491457,97.82698648764239,96.6886842592159,97.78514099121094,10011000
2019-07-25 00:00:00-04:00,97.83535400675636,98.12829801219961,96.52128542316777,96.84770965576172,10138400
2019-07-26 00:00:00-04:00,96.89793411459138,97.51730878506082,96.69705912223147,97.27458190917969,12800400
2019-07-29 00:00:00-04:00,97.47545949695073,98.07809087577719,96.91468000275987,96.96489715576172,8500400
2019-07-30 00:00:00-04:00,96.4124867806745,97.1574043305542,96.05258229365504,96.74727630615234,7121100
2019-07-31 00:00:00-04:00,97.17413621980813,97.24109667571611,96.13627469603671,97.09043884277344,13648000
2019-08-01 00:00:00-04:00,96.52966377210551,97.76003506601153,94.24468759975137,94.52926635742188,15664500
2019-08-02 00:00:00-04:00,94.07729503571719,94.93939021125888,93.24030843644158,94.5208969116211,11025500
2019-08-05 00:00:00-04:00,92.7297582292449,92.88878774733291,90.62054814718941,91.70863342285156,15855300
2019-08-06 00:00:00-04:00,92.11035323767463,92.48699455261371,90.67910091522786,92.42840576171875,10203500
2019-08-07 00:00:00-04:00,90.39453864444098,90.62889383402938,88.67034856186916,90.41964721679688,17320900
2019-08-08 00:00:00-04:00,91.2734054024214,92.13550071205786,90.99719824912953,91.95136260986328,10903300
2019-08-09 00:00:00-04:00,91.52449731819308,92.4451814407314,90.63729343101822,91.85092163085938,9980800
2019-08-12 00:00:00-04:00,90.76282052937334,90.82140933051132,89.7333242971484,90.126708984375,9393700
2019-08-13 00:00:00-04:00,90.35270239900679,92.34473462655788,89.58267624693379,91.51611328125,12124700
2019-08-14 00:00:00-04:00,88.97168947160212,89.4822518735172,87.42325895573074,87.7162094116211,19491800
2019-08-15 00:00:00-04:00,87.73293463639048,89.03863168122449,87.33117826106411,88.05098724365234,13365600
2019-08-16 00:00:00-04:00,89.03027133770459,90.37782034111078,88.61177801703687,90.16020202636719,11830600
2019-08-19 00:00:00-04:00,91.75883178944186,91.85927247277452,90.74607884554771,90.9720687866211,8265400
2019-08-20 00:00:00-04:00,90.26899773219745,90.76282311502887,89.75843542814997,89.81702423095703,8374000
2019-08-21 00:00:00-04:00,90.57031351499805,90.75445157711196,89.93420195106829,90.06812286376953,8189300
2019-08-22 00:00:00-04:00,90.70422550902497,91.4575082189494,90.33594942100859,90.9971694946289,9343400
2019-08-23 00:00:00-04:00,90.39455628794323,91.04740483942173,87.97566543146455,88.73731994628906,14762300
2019-08-26 00:00:00-04:00,89.23951433458424,89.54919529231653,88.72895199347307,89.44876098632812,8209500
2019-08-27 00:00:00-04:00,89.8505013797638,90.02626778216117,87.74966343276604,88.5029525756836,14331800
2019-08-28 00:00:00-04:00,87.95055683674752,89.73333606433116,87.9170766051782,89.39017486572266,10585500
2019-08-29 00:00:00-04:00,90.51174040072029,91.9764671123465,90.41129969878473,91.41568756103516,10002200
2019-08-30 00:00:00-04:00,91.93461929928088,92.53725076620788,91.62493829622815,91.95136260986328,10170300
2019-09-03 00:00:00-04:00,91.2147975680274,91.22316283587242,89.82539682167608,90.8632583618164,9868800
2019-09-04 00:00:00-04:00,91.60818518437242,92.25266847309938,90.86326758570452,91.95972442626953,6929200
2019-09-05 00:00:00-04:00,93.11475022916359,95.18210795259282,93.07289834893776,94.05217742919922,13224700
2019-09-06 00:00:00-04:00,94.29491127053291,94.56274672099629,93.70901683247493,94.25305938720703,7836600
2019-09-09 00:00:00-04:00,95.17375492807697,97.14067235537556,95.08168588211944,96.58826446533203,13985100
2019-09-10 00:00:00-04:00,97.3415367042575,98.15340828029899,96.86445463410094,97.81861877441406,14333100
2019-09-11 00:00:00-04:00,97.83536538823148,98.0948291967082,96.5715138054912,98.08646392822266,9919200
2019-09-12 00:00:00-04:00,97.55077715682813,99.1577896717667,97.02347158564197,98.68907928466797,12283500
2019-09-13 00:00:00-04:00,99.60140123729066,100.77318370545775,99.39215459603585,100.63089752197266,16257200
2019-09-16 00:00:00-04:00,99.5177179779331,100.32959608290668,99.08248132637743,99.73533630371094,11993900
2019-09-17 00:00:00-04:00,99.11595920716054,99.27498871672712,98.1283146883236,99.24150848388672,10735400
2019-09-18 00:00:00-04:00,99.03227062272884,100.50536907017063,98.55518843731389,100.23753356933594,10665600
2019-09-19 00:00:00-04:00,100.18729193441183,100.72296283936832,99.67672960535941,99.9194564819336,9382600
2019-09-20 00:00:00-04:00,100.22077350221106,100.72296418409981,99.49259924846774,99.51770782470703,21862800
2019-09-23 00:00:00-04:00,98.58026223476244,99.70182738894559,98.49656486760246,99.50094604492188,9135100
2019-09-24 00:00:00-04:00,99.39216329257951,99.81902826608506,97.96091690745051,98.20364379882812,11696500
2019-09-25 00:00:00-04:00,98.1534013588897,99.06571993948418,98.02785849588591,98.764404296875,9389400
2019-09-26 00:00:00-04:00,98.66399790037327,98.8062905040488,97.8855999508047,97.95256042480469,9899200
2019-09-27 00:00:00-04:00,98.73093480279279,99.30008592450577,98.16178368107981,98.53005981445312,10207800
2019-09-30 00:00:00-04:00,99.06573861926934,99.4088998190194,98.11157436632355,98.50495910644531,9755000
2019-10-01 00:00:00-04:00,99.09920891617436,99.60139956963746,96.59662091666452,96.71379852294922,11250300
2019-10-02 00:00:00-04:00,96.09443151596811,96.169763632111,94.52089897385144,94.78873443603516,12548700
2019-10-03 00:00:00-04:00,94.72121507930933,95.26118340847718,93.24475537195056,94.65372467041016,12735200
2019-10-04 00:00:00-04:00,94.78028154622612,96.97388416814468,94.72122341021165,96.70390319824219,9453100
2019-10-07 00:00:00-04:00,96.34112387561201,97.44635755956774,96.2398785894513,96.49298858642578,6771600
2019-10-08 00:00:00-04:00,95.38776662340416,95.38776662340416,94.20660357762546,94.34159088134766,10806300
2019-10-09 00:00:00-04:00,95.05870417640169,95.47211757816328,94.55249064676049,95.02495574951172,7273700
2019-10-10 00:00:00-04:00,95.4552596543545,97.36200432376462,95.33714335452744,96.3580093383789,10994100
2019-10-11 00:00:00-04:00,97.89351392493847,99.54714832713866,97.75852664560308,97.98632049560547,15076500
2019-10-14 00:00:00-04:00,97.74164261231712,98.60221140277925,97.58134563123436,98.24785614013672,8779000
2019-10-15 00:00:00-04:00,100.27273802271563,102.58445103494917,99.44592391995985,101.20923614501953,23379000
2019-10-16 00:00:00-04:00,101.20922451700578,101.76606395790503,100.71988193624973,100.97299194335938,11087700
2019-10-17 00:00:00-04:00,101.87574692470734,102.56757368568664,101.14173301469003,101.53826904296875,10818500
2019-10-18 00:00:00-04:00,101.24298128596054,102.10354379467483,101.12486498940869,101.71544647216797,10417400
2019-10-21 00:00:00-04:00,102.9725456905459,104.42368960074607,102.92191982567662,104.23808288574219,12714600
2019-10-22 00:00:00-04:00,104.1537061002629,105.54579826907379,103.87529281598462,105.28425598144531,12549100
2019-10-23 00:00:00-04:00,104.78646688460114,105.58797755819829,104.76115717308254,105.56266784667969,8828300
2019-10-24 00:00:00-04:00,105.70610168985378,106.01826984110231,104.67679709926368,105.48674011230469,8020500
2019-10-25 00:00:00-04:00,105.46143550785507,106.85352774392979,105.25051263683936,106.33043670654297,9055700
2019-10-28 00:00:00-04:00,106.78601676142453,107.32597872488415,106.64259077294247,106.73539733886719,9522200
2019-10-29 00:00:00-04:00,106.35573956858586,107.50316042793052,106.25450071660853,106.66790771484375,9797300
2019-10-30 00:00:00-04:00,106.34731255637215,106.52448699296295,105.39393707399834,106.07733154296875,8513700
2019-10-31 00:00:00-04:00,105.87486302694043,106.0773536568474,104.49964795898526,105.39395904541016,11589100
2019-11-01 00:00:00-04:00,106.47385716212634,107.9840656122747,106.32199244543949,107.82376861572266,11682600
2019-11-04 00:00:00-05:00,108.90368893370896,109.19054092390884,108.4649657951208,108.68433380126953,9159900
2019-11-05 00:00:00-05:00,109.165242873954,109.9330052300786,108.70120997334514,108.92057800292969,13747600
2019-11-06 00:00:00-05:00,108.57464978711315,109.54488976068808,108.48184321691568,109.08930206298828,11231100
2019-11-07 00:00:00-05:00,110.04268996354837,110.76826525947456,109.61241187913289,109.6799087524414,13528900
2019-11-08 00:00:00-05:00,109.57864258343722,110.017352840092,109.04711288460621,110.00048828125,9293400
2019-11-11 00:00:00-05:00,109.3424140486277,109.76425976197316,109.13149119195496,109.61238861083984,8679000
2019-11-12 00:00:00-05:00,109.3677274199559,110.20297372114537,108.84462996378709,108.97119140625,9099000
2019-11-13 00:00:00-05:00,108.10218429812477,108.68433342982327,107.50315773361652,108.39746856689453,8023300
2019-11-14 00:00:00-05:00,107.75625813929362,108.70118831318123,107.64657414635735,108.49871063232422,8483400
2019-11-15 00:00:00-05:00,109.0302228605084,109.28333282470703,108.32995753816544,109.28333282470703,10163600
2019-11-18 00:00:00-05:00,109.30866154031821,110.22828212555933,108.82776411105928,110.20297241210938,8749300
2019-11-19 00:00:00-05:00,110.51513651999343,110.73449164032681,109.83173570052651,110.16921997070312,8824500
2019-11-20 00:00:00-05:00,109.93298558843655,110.20296012637515,108.78556483635373,109.36771392822266,11782800
2019-11-21 00:00:00-05:00,109.67988367007662,110.28734251722301,109.16523139329173,109.62081909179688,7705500
2019-11-22 00:00:00-05:00,109.80644298713858,110.70919906668243,109.76426871133307,110.34640502929688,8167900
2019-11-25 00:00:00-05:00,110.73452110276861,111.426354385421,110.4139141792261,110.93701171875,10068500
2019-11-26 00:00:00-05:00,111.21542100881058,111.21542100881058,109.98362573998573,111.08885955810547,10490700
2019-11-27 00:00:00-05:00,111.61193788775273,111.7300541775311,111.07197586680726,111.41789245605469,6607900
2019-11-29 00:00:00-05:00,111.25758623657059,111.71318682411697,110.90323737609548,111.16477966308594,5712000
2019-12-02 00:00:00-05:00,111.62881799489982,111.99161202672084,110.8188813809405,110.92012023925781,8615600
2019-12-03 00:00:00-05:00,109.48583041632268,109.64613383308775,108.4902679260647,109.4942626953125,10361300
2019-12-04 00:00:00-05:00,110.00051594509213,111.76382831571185,109.67147673299701,111.65414428710938,10318200
2019-12-05 00:00:00-05:00,111.94096694515099,112.47249663806053,111.51912125203775,112.2615737915039,9587400
2019-12-06 00:00:00-05:00,113.63681407780827,114.55643475454151,113.6030592073769,113.93209838867188,10170600
2019-12-09 00:00:00-05:00,113.58619452590656,114.2864600389406,113.40058135986328,113.40058135986328,8498200
2019-12-10 00:00:00-05:00,112.4218871389623,113.70430176387295,112.1097254180886,113.47650146484375,7532900
2019-12-11 00:00:00-05:00,113.29930375421512,113.91520769806054,113.06307121022525,113.20649719238281,9011900
2019-12-12 00:00:00-05:00,113.4680520562894,116.82593995836972,113.23181951284906,116.44628143310547,13717400
2019-12-13 00:00:00-05:00,116.38723038529146,117.12968296450035,114.92764781362817,115.42542266845703,10592100
2019-12-16 00:00:00-05:00,116.75002011831769,117.13811095326241,115.85570929359999,115.87257385253906,11372000
2019-12-17 00:00:00-05:00,116.20164778832954,116.99472000211614,115.77980196173776,116.58130645751953,11546800
2019-12-18 00:00:00-05:00,116.55599476661587,117.29001524659655,116.19321354126457,116.46318817138672,10381500
2019-12-19 00:00:00-05:00,116.22690032771024,116.61500396167247,115.67007389457368,115.88099670410156,9350400
2019-12-20 00:00:00-05:00,116.44628624512039,117.17186133673019,115.50134315860221,115.7882080078125,29992600
2019-12-23 00:00:00-05:00,116.09196279989348,116.35350512143415,115.48450385205838,115.75447845458984,9738400
2019-12-24 00:00:00-05:00,115.86415037604172,116.11726039015866,115.63635007596545,116.0750732421875,3324300
2019-12-26 00:00:00-05:00,116.33661422420411,117.35748654926724,116.24380764919837,117.30685424804688,6770900
2019-12-27 00:00:00-05:00,117.52619089105335,117.92272679897333,116.99466129666988,117.39119720458984,7868200
2019-12-30 00:00:00-05:00,118.0324316580203,118.18430281714839,116.82595903372192,116.96095275878906,6963000
2019-12-31 00:00:00-05:00,116.85970316566123,117.67808493749865,116.67409000872632,117.61058807373047,7201600
2020-01-02 00:00:00-05:00,117.93962883678368,119.04487551304119,117.49247337275646,119.03643035888672,10803700
2020-01-03 00:00:00-05:00,116.7522983592996,118.22125092178655,116.39567471180096,117.46554565429688,10386800
2020-01-06 00:00:00-05:00,115.95415346287253,117.40613343114413,115.90320907036407,117.37216186523438,10259000
2020-01-07 00:00:00-05:00,116.56550802847862,117.05799206617905,115.32581799940147,115.37676239013672,10531300
2020-01-08 00:00:00-05:00,115.22394928905571,116.82027642355806,115.13904626561248,116.27684783935547,9695300
2020-01-09 00:00:00-05:00,117.21934180711366,117.37217500174437,116.36173458271591,116.70138549804688,9469000
2020-01-10 00:00:00-05:00,116.50608354181118,116.54004215202404,115.31732488265791,115.53810119628906,10190900
2020-01-13 00:00:00-05:00,115.6400024594917,116.49759674072266,115.27487933943956,116.49759674072266,12355200
2020-01-14 00:00:00-05:00,117.1259373944417,119.52041476331547,116.913660434674,117.85617065429688,24906000
2020-01-15 00:00:00-05:00,117.04953056914141,117.68636150160387,115.60603675713975,116.09003448486328,16293400
2020-01-16 00:00:00-05:00,116.70985802177523,117.09195391923353,116.19190177435432,116.5400390625,10783800
2020-01-17 00:00:00-05:00,116.78628069078088,117.42311153848834,116.59948889530159,117.34669494628906,14697700
2020-01-21 00:00:00-05:00,116.48909505763129,117.2363140285538,116.0645411798537,116.19190216064453,8474200
2020-01-22 00:00:00-05:00,116.53154911327246,116.6673965027569,115.80131594982642,116.05603790283203,7549100
2020-01-23 00:00:00-05:00,115.23243145500606,116.10701149967672,114.39181002337033,115.93717956542969,9345700
2020-01-24 00:00:00-05:00,115.79281313881162,115.84375752789855,112.3539373118916,113.05868530273438,15166400
2020-01-27 00:00:00-05:00,110.61328659505132,112.88040306840392,110.13778825767731,112.10771179199219,12860500
2020-01-28 00:00:00-05:00,112.79546777788853,114.60407138937096,112.48978847674158,114.14554595947266,13062800
2020-01-29 00:00:00-05:00,114.46823027584394,115.0880753952981,113.51723360420378,113.97574615478516,9326000
2020-01-30 00:00:00-05:00,112.66811164390131,115.58904443455975,112.66811164390131,115.38525390625,9048900
2020-01-31 00:00:00-05:00,114.19651269573059,114.48520623822883,111.63220351173867,112.38790893554688,12785200
2020-02-03 00:00:00-05:00,112.64265457620944,113.98424658263349,112.64265457620944,113.24551391601562,10021100
2020-02-04 00:00:00-05:00,115.09656214245152,115.98812790250733,114.69748044943947,114.87578582763672,9157100
2020-02-05 00:00:00-05:00,115.96266232470764,116.94761755865933,115.48715105754118,116.82874298095703,10150700
2020-02-06 00:00:00-05:00,117.38068340706957,117.42312843793998,116.42118731239952,116.84574127197266,8992300
2020-02-07 00:00:00-05:00,116.09853548025022,116.89669908886025,115.73342525217038,116.4721450805664,6379800
2020-02-10 00:00:00-05:00,116.28529811841656,117.049502830081,116.11547916794295,116.95610046386719,5960700
2020-02-11 00:00:00-05:00,117.39767382815953,117.87318521747501,116.99010559367825,117.17691040039062,6578600
2020-02-12 00:00:00-05:00,117.68638041076264,118.27225407942171,117.0070913823868,117.17691040039062,7958000
2020-02-13 00:00:00-05:00,116.96458591280047,117.46555634729373,115.81828533292781,117.0749740600586,7447500
2020-02-14 00:00:00-05:00,117.04099774532665,117.33819061140889,116.2768060273363,116.71834564208984,6627600
2020-02-18 00:00:00-05:00,116.61647737831423,116.93065611568404,114.67202596307037,115.1729965209961,8996400
2020-02-19 00:00:00-05:00,116.25135137314341,117.50802728250584,115.76735371073332,116.74383544921875,7071200
2020-02-20 00:00:00-05:00,116.47211473565025,117.48255508515338,115.92868626487001,116.74383544921875,7422800
2020-02-21 00:00:00-05:00,115.94568152032275,116.25984728423882,114.56163155477633,115.31733703613281,9772800
2020-02-24 00:00:00-05:00,111.60673519823553,113.10116031407765,111.06330670553318,112.21809387207031,13618400
2020-02-25 00:00:00-05:00,111.23313606843034,112.27753516862072,106.6394591716508,107.20836639404297,20797200
2020-02-26 00:00:00-05:00,107.77724023949213,109.49243493703645,107.27626332960905,107.53099822998047,24825600
2020-02-27 00:00:00-05:00,104.3638478609997,106.66492933304055,102.99678371854986,103.05622100830078,23005500
2020-02-28 00:00:00-05:00,99.78717427363897,100.61081011112056,95.66051514827868,98.58993530273438,45931400
2020-03-02 00:00:00-05:00,99.03143448529835,103.23452173194399,97.18887222377151,103.1835708618164,27355400
2020-03-03 00:00:00-05:00,102.71656164006558,104.39779129322379,98.70027928520487,99.31163787841797,32547700
2020-03-04 00:00:00-05:00,100.47493808246475,102.05427927461011,97.39267229867507,101.76557922363281,25795900
2020-03-05 00:00:00-05:00,98.21630022530869,98.86162398398,95.59256016460512,96.77281951904297,25025600
2020-03-06 00:00:00-05:00,90.22620743538722,93.67358344276964,89.1733089731436,91.7715835571289,38159400
2020-03-09 00:00:00-04:00,81.9983344810391,84.25696418690751,78.96702009770588,79.34062957763672,40352000
2020-03-10 00:00:00-04:00,84.06168422488152,85.99764924930949,80.30862876677611,85.50516510009766,31102700
2020-03-11 00:00:00-04:00,82.95783060500686,84.95323914488081,80.28314618091429,81.48038482666016,38127000
2020-03-12 00:00:00-04:00,76.07155911921086,82.32948547887791,73.2949796670311,74.7639389038086,49725200
2020-03-13 00:00:00-04:00,81.50585089849162,88.2987128809799,78.11791279861542,88.23078918457031,38543300
2020-03-16 00:00:00-04:00,72.34398442528821,79.79915660411076,71.79206951908975,75.02716827392578,38589700
2020-03-17 00:00:00-04:00,77.17540870525711,82.7370674788808,74.2969337337138,79.61235046386719,35239800
2020-03-18 00:00:00-04:00,74.44127768526258,77.09049629696509,68.23430187251955,71.23165130615234,41525600
2020-03-19 00:00:00-04:00,69.25323367204547,74.8148926405872,65.30488738064852,72.42890167236328,32175100
2020-03-20 00:00:00-04:00,73.27800962347175,75.96118704533737,70.03441791431379,70.90050506591797,30150800
2020-03-23 00:00:00-04:00,70.2042408317131,71.11278601782863,66.30683223533657,67.10499572753906,32536600
2020-03-24 00:00:00-04:00,72.08925915476195,76.50461746887855,70.39104342192034,75.08660888671875,34363200
2020-03-25 00:00:00-04:00,75.77437365826886,80.79260356116563,71.78356983179975,77.88865661621094,38111700
2020-03-26 00:00:00-04:00,79.88404978976531,83.69654134933616,79.42553087838212,83.31444549560547,29826300
2020-03-27 00:00:00-04:00,79.12836274606161,80.52938551834767,76.88671853658936,77.37919616699219,30041500
2020-03-30 00:00:00-04:00,76.97164494954647,79.89257219545344,75.82535039374535,79.3916015625,21656900
2020-03-31 00:00:00-04:00,78.16036877594333,79.96047300917627,75.85928113749922,76.4451675415039,23379300
2020-04-01 00:00:00-04:00,72.25906759085085,73.49876411751497,70.68821956286716,71.63072967529297,28029600
2020-04-02 00:00:00-04:00,70.9090035332284,74.64507964104348,70.44199159043428,74.30543518066406,24018000
2020-04-03 00:00:00-04:00,73.782086527225,75.05182764050242,71.01096574624242,72.10912322998047,21199400
2020-04-06 00:00:00-04:00,76.34729011680025,78.06315239232646,75.24055816362643,76.75051879882812,26820800
2020-04-07 00:00:00-04:00,81.03159398412883,81.07449315955418,77.53981448764826,77.76287841796875,22563800
2020-04-08 00:00:00-04:00,79.01546335984744,81.38335533901721,77.68567390780863,80.90291595458984,22903300
2020-04-09 00:00:00-04:00,83.15069639467724,89.55944397314734,83.12495950408035,88.16101837158203,42055900
2020-04-13 00:00:00-04:00,88.46129275065516,88.46129275065516,83.47671422413971,84.24027252197266,26911900
2020-04-14 00:00:00-04:00,86.66821168507913,87.50898718709097,80.33668143909756,81.93243408203125,46151300
2020-04-15 00:00:00-04:00,78.20044210641852,78.9554193210945,77.32534848358151,77.89158630371094,30118600
2020-04-16 00:00:00-04:00,77.41115142405626,77.70284495189489,74.68292936937326,74.92314910888672,32449600
2020-04-17 00:00:00-04:00,78.92966151956409,82.10400398421818,78.03741238649225,81.65788269042969,30191900
2020-04-20 00:00:00-04:00,79.33290729756797,81.25467155113427,77.60846357488546,78.68087768554688,23679400
2020-04-21 00:00:00-04:00,76.02987771409501,78.3977634999528,75.78107684001277,76.39878845214844,23035000
2020-04-22 00:00:00-04:00,77.80578006738374,78.81813911195725,76.510302165189,76.64756774902344,16662400
2020-04-23 00:00:00-04:00,76.99073477980343,78.31194945408959,76.57893151889296,76.69046020507812,16638800
2020-04-24 00:00:00-04:00,77.76288209058407,78.15752965025418,75.91832873359684,77.82293701171875,15809200
2020-04-27 00:00:00-04:00,78.87821846118229,82.04398101473436,78.53504457707031,81.17747497558594,22870200
2020-04-28 00:00:00-04:00,83.91424970316098,84.38611448768934,81.52920198244458,81.75226593017578,20238900
2020-04-29 00:00:00-04:00,85.00383050096546,85.32126087688754,83.45097047510502,83.9571533203125,20462600
2020-04-30 00:00:00-04:00,82.01823778748344,83.08207085516024,81.11741377491326,82.15550994873047,19127600
2020-05-01 00:00:00-04:00,80.2165732703324,80.4224749411751,78.79240422872152,80.00209045410156,18547700
2020-05-04 00:00:00-04:00,78.94682007745477,79.50447662370178,77.9001495921006,79.04977416992188,15725900
2020-05-05 00:00:00-04:00,80.345267829558,80.82570726464631,78.84388804941061,78.92967987060547,18064100
2020-05-06 00:00:00-04:00,79.06693030947254,79.58168764078792,77.15374114924848,77.4454345703125,20978000
2020-05-07 00:00:00-04:00,78.36344369334307,79.71040215056072,77.71142060234824,78.25191497802734,16771900
2020-05-08 00:00:00-04:00,79.61603366382748,80.71418476890148,79.02405892464041,79.53023529052734,20487800
2020-05-11 00:00:00-04:00,78.16612098886911,78.16612098886911,76.63900432757528,77.18807983398438,31907600
2020-05-12 00:00:00-04:00,77.34251200585602,77.89158754262587,74.55423513658859,74.66576385498047,27962900
2020-05-13 00:00:00-04:00,74.10809408650601,74.51990393911707,71.55146279713523,72.09195709228516,35451600
2020-05-14 00:00:00-04:00,70.96807002495869,75.59231867672635,70.69353230233875,75.08613586425781,35152500
2020-05-15 00:00:00-04:00,74.51132105857111,74.88023172474439,73.18153166785007,73.6962890625,26099000
2020-05-18 00:00:00-04:00,76.08991468505891,78.20042449800553,75.39498601269585,77.59986877441406,30504400
2020-05-19 00:00:00-04:00,77.25668759242869,78.24330298590989,76.00410259794229,76.07273864746094,19597300
2020-05-20 00:00:00-04:00,77.82293869580853,79.26426337972659,77.53124522841227,78.3548583984375,20552400
2020-05-21 00:00:00-04:00,77.44545673918702,78.72377910822692,76.93069926052158,77.35966491699219,14621400
2020-05-22 00:00:00-04:00,77.22239315458623,77.52266778107916,76.11566106365862,76.75910949707031,13557900
2020-05-26 00:00:00-04:00,79.69322405246996,83.64828718022052,79.45300437759062,82.20696258544922,41233900
2020-05-27 00:00:00-04:00,87.56903215757424,88.00657887650759,84.76360017904979,86.9684829711914,39402000
2020-05-28 00:00:00-04:00,88.3154493615074,88.32402396167672,85.27837180001329,85.67301940917969,24713900
2020-05-29 00:00:00-04:00,84.64351072372098,85.0896321488167,83.03059558534356,83.48529815673828,26526400
2020-06-01 00:00:00-04:00,83.86278545329785,85.3727463898507,83.54534851259463,84.59202575683594,15176800
2020-06-02 00:00:00-04:00,86.03335865410908,86.15346852494672,84.0172211987663,84.87515258789062,21195000
2020-06-03 00:00:00-04:00,87.14863662777911,90.01412315999097,86.70250882143233,89.45646667480469,25941100
2020-06-04 00:00:00-04:00,89.07041705400958,91.46404589101176,88.186748963981,91.31819915771484,26784700
2020-06-05 00:00:00-04:00,98.60203924848429,99.32269835974633,93.96920916945567,95.42769622802734,42231000
2020-06-08 00:00:00-04:00,97.297979161934,97.96716444121917,96.03681926843709,97.33229064941406,24881800
2020-06-09 00:00:00-04:00,94.93008920380935,95.77085811977612,93.52308255033806,94.8357162475586,17031100
2020-06-10 00:00:00-04:00,94.76708635969376,94.80998554096713,90.81202272054479,90.9921875,24913300
2020-06-11 00:00:00-04:00,85.81887175656189,87.148667965143,82.82469318256892,83.39950561523438,36259200
2020-06-12 00:00:00-04:00,86.40224625107435,86.76257576699237,83.50244128957475,85.68158721923828,24856800
2020-06-15 00:00:00-04:00,82.72170822273733,87.01994450959538,82.24985008421238,86.86551666259766,22153600
2020-06-16 00:00:00-04:00,90.40022777112902,90.66618439232003,85.20115939295026,87.56047058105469,22193600
2020-06-17 00:00:00-04:00,87.96370998964235,87.97229113682981,85.11537785467516,85.3470230102539,15639800
2020-06-18 00:00:00-04:00,84.65208290237655,86.23925455644331,84.18879919793875,84.88372802734375,16591900
2020-06-19 00:00:00-04:00,86.24782727566097,86.30788220117432,82.98769246201383,83.91425323486328,40371200
2020-06-22 00:00:00-04:00,83.43381793985688,84.03436722456735,82.82468750950873,83.00485229492188,16216900
2020-06-23 00:00:00-04:00,84.90943811435694,85.76736917495185,83.94855297011262,84.0171890258789,15381400
2020-06-24 00:00:00-04:00,83.00484993644052,83.08206060849676,80.91149555407904,81.21177673339844,22919800
2020-06-25 00:00:00-04:00,80.94580612594687,84.25742102901712,80.86859546101043,84.04293823242188,25743600
2020-06-26 00:00:00-04:00,81.59785032385325,81.8209143051367,78.92968333108657,79.43585968017578,41896300
2020-06-29 00:00:00-04:00,80.13078675280521,81.065928751584,79.08410949309192,79.78761291503906,18499700
2020-06-30 00:00:00-04:00,79.64176957891883,81.2117855358624,79.41870559297408,80.697021484375,19137000
2020-07-01 00:00:00-04:00,81.40908363653186,82.11258689469669,79.81333122609789,80.01065826416016,18755700
2020-07-02 00:00:00-04:00,82.0724266367996,82.26301175874701,79.63815047385421,80.27054595947266,27845600
2020-07-06 00:00:00-04:00,81.80389029427836,82.47093170815957,80.98091617712544,82.29767608642578,18625300
2020-07-07 00:00:00-04:00,81.27545014386182,81.51801065229401,79.69880022977436,79.97601318359375,25757200
2020-07-08 00:00:00-04:00,79.9500180708702,80.85961989294745,79.52553722056747,80.8249740600586,18762200
2020-07-09 00:00:00-04:00,81.01555619582162,81.53533624225098,78.64191998028707,79.07506561279297,25600800
2020-07-10 00:00:00-04:00,79.69879685070121,83.89164342561081,79.58618136492613,83.39785766601562,28954200
2020-07-13 00:00:00-04:00,85.52896496120199,85.99675656738646,83.36323615402284,84.59336853027344,32079200
2020-07-14 00:00:00-04:00,85.21707810409184,86.58581334377408,83.71839123744668,85.0784683227539,42731700
2020-07-15 00:00:00-04:00,87.40014304891496,87.74666094754811,85.45965206956019,86.39524841308594,22508400
2020-07-16 00:00:00-04:00,85.57226082641665,87.68601389296224,85.37301751168542,86.63780212402344,16886900
2020-07-17 00:00:00-04:00,86.6291368245118,86.69844172019829,85.0178343508336,85.03516387939453,16137700
2020-07-20 00:00:00-04:00,84.40276136333637,85.23440021566081,84.25549342901682,84.29014587402344,14458100
2020-07-21 00:00:00-04:00,84.6453199660839,86.67244499308877,84.58467984100518,86.1180191040039,17798100
2020-07-22 00:00:00-04:00,86.32593209405026,86.7417482299909,84.48939210069047,85.49429321289062,14271200
2020-07-23 00:00:00-04:00,85.32969878537854,86.06604511801594,84.87056542300269,85.74552154541016,12870200
2020-07-24 00:00:00-04:00,86.28261871845555,86.45588095719603,84.8445784879419,85.13911437988281,12744200
2020-07-27 00:00:00-04:00,84.47207229108805,84.5760230242598,83.31123843286788,83.94363403320312,11959100
2020-07-28 00:00:00-04:00,83.59710603549237,84.80125035016295,83.59710603549237,84.30746459960938,11754300
2020-07-29 00:00:00-04:00,84.09090015419699,86.37790876427226,84.03026002473584,86.35192108154297,12743500
2020-07-30 00:00:00-04:00,84.49807508102296,84.67133074013638,83.20730257557264,84.04759979248047,14834800
2020-07-31 00:00:00-04:00,83.57978062933418,83.9696090384275,82.5142395102535,83.7183837890625,14535000
2020-08-03 00:00:00-04:00,84.04758922876623,84.52405214536243,83.03402987085677,83.25060272216797,12962800
2020-08-04 00:00:00-04:00,83.08601247065343,83.1206583109568,82.32367179840006,82.7741470336914,13366200
2020-08-05 00:00:00-04:00,83.05136890664919,85.30372549624627,82.9214238591325,84.21219635009766,15260900
2020-08-06 00:00:00-04:00,84.53271695323542,84.98318557611033,83.63177309820672,84.23817443847656,10482100
2020-08-07 00:00:00-04:00,83.96962218786454,86.18732596502521,83.64909200380237,86.09203338623047,14743700
2020-08-10 00:00:00-04:00,86.72442986230892,88.3963724762334,86.655124966256,87.18356323242188,14989900
2020-08-11 00:00:00-04:00,89.97302219888304,91.96549499319457,89.66982154129963,89.93836975097656,31518600
2020-08-12 00:00:00-04:00,91.96550007178031,92.19939584646713,88.11049929760324,89.17604064941406,19240800
2020-08-13 00:00:00-04:00,88.36170558288774,89.53986218606845,88.04984021091181,88.68223571777344,13598600
2020-08-14 00:00:00-04:00,87.92857535570812,89.49656064363381,87.85927045885603,88.71690368652344,12134400
2020-08-17 00:00:00-04:00,87.92857682293828,88.36172252157344,86.22198171283112,86.37791442871094,14988000
2020-08-18 00:00:00-04:00,86.55118930818692,86.55118930818692,85.000526687599,85.17378234863281,13246500
2020-08-19 00:00:00-04:00,85.69352461530433,87.1402293448537,85.19107412898789,85.37300109863281,13533000
2020-08-20 00:00:00-04:00,84.25549935300369,84.9225407907658,83.85700612132679,84.35079193115234,13672600
2020-08-21 00:00:00-04:00,84.26414739318558,85.39032866742664,83.97827630233293,84.30746459960938,12228300
2020-08-24 00:00:00-04:00,85.28637702626212,86.8110515860439,84.39409803234925,86.68110656738281,17898300
2020-08-25 00:00:00-04:00,87.72931247636032,88.3443850835088,86.4558698834402,87.06227111816406,13648900
2020-08-26 00:00:00-04:00,86.57717336420066,86.86304453198518,85.8061744691706,85.8408203125,12052400
2020-08-27 00:00:00-04:00,85.76284971568485,88.92481468867447,85.76284971568485,88.66492462158203,22163900
2020-08-28 00:00:00-04:00,89.34930066635629,89.44459325571003,88.19713143819128,89.02877044677734,13756700
2020-08-31 00:00:00-04:00,88.46568979698523,88.51766517168535,86.64647237112585,86.79374694824219,14219400
2020-09-01 00:00:00-04:00,86.23929569809735,87.38279987201645,85.79748531452385,86.75040435791016,11595600
2020-09-02 00:00:00-04:00,86.5858256904857,88.30975039298909,86.247972561896,88.05852508544922,14475700
2020-09-03 00:00:00-04:00,89.50521354916206,90.95191838055636,87.18355268645308,87.78129577636719,23281200
2020-09-04 00:00:00-04:00,90.1376143770896,91.14250887020935,87.81595337801926,89.67847442626953,26325500
2020-09-08 00:00:00-04:00,89.21067786212035,89.72178653879187,86.17865841815907,86.55982208251953,22108600
2020-09-09 00:00:00-04:00,87.32217999282881,88.09317884742688,86.24797384612293,87.38282012939453,13434000
2020-09-10 00:00:00-04:00,87.84192655210907,88.7255406433847,86.31725223203172,86.48184967041016,15922800
2020-09-11 00:00:00-04:00,86.60313414342917,87.80727840801961,86.27393925056612,87.5560531616211,13784300
2020-09-14 00:00:00-04:00,87.93723622452303,89.6265017024662,87.81595596504395,88.76887512207031,19017400
2020-09-15 00:00:00-04:00,88.99411064546283,89.09806137443142,85.88412135467924,86.00540161132812,23683000
2020-09-16 00:00:00-04:00,86.13535167337574,87.60804436704038,85.55493803840143,86.36924743652344,19270600
2020-09-17 00:00:00-04:00,85.50294834362037,86.05737424478585,84.64532181045473,85.38166809082031,18290100
2020-09-18 00:00:00-04:00,84.80125198668897,86.1873166983883,84.4114235584628,85.19974517822266,20121600
2020-09-21 00:00:00-04:00,82.47093819169719,83.20729116515068,81.27545844548227,82.56623077392578,28378800
2020-09-22 00:00:00-04:00,82.2630263535957,82.86943426822239,81.14550971150108,81.665283203125,19257000
2020-09-23 00:00:00-04:00,82.10710197644606,82.60088783498416,80.27056834573975,80.3398666381836,19952700
2020-09-24 00:00:00-04:00,79.97600351393284,81.69126300218214,79.16168766898569,80.27054595947266,18366500
2020-09-25 00:00:00-04:00,79.74211978638192,81.18882472517694,79.58618708218806,80.97225189208984,13293100
2020-09-28 00:00:00-04:00,82.34965598724757,83.96962323773396,81.73458990415047,83.30258178710938,20894100
2020-09-29 00:00:00-04:00,83.18994653133481,83.18994653133481,81.71725407038073,82.60086822509766,12848200
2020-09-30 00:00:00-04:00,82.6008712837353,84.20350881159492,82.52290824187821,83.39785766601562,16400600
2020-10-01 00:00:00-04:00,84.13420220165366,84.69728618404763,83.18994137390774,84.00425720214844,15778700
2020-10-02 00:00:00-04:00,82.51424578419248,85.40765553477527,82.37563600464746,84.80125427246094,15149600
2020-10-05 00:00:00-04:00,85.96411695315192,86.77724404071034,85.27339552001236,86.59363555908203,13871900
2020-10-06 00:00:00-04:00,87.49420726189854,88.18492879733404,85.25592448319738,85.70182800292969,19220400
2020-10-07 00:00:00-04:00,86.52367698526014,87.73899488453567,86.27012054050816,87.19691467285156,16358500
2020-10-08 00:00:00-04:00,87.87889992397612,89.11170161155549,87.34555815249757,88.98929595947266,15659000
2020-10-09 00:00:00-04:00,89.18166734843702,89.27784419001053,87.52918404592353,88.4822006225586,13689100
2020-10-12 00:00:00-04:00,88.3947548946637,90.05598310153202,88.17617241140756,89.56636047363281,16058000
2020-10-13 00:00:00-04:00,90.05598861298847,90.24834227732326,87.66032631765603,88.11497497558594,21697300
2020-10-14 00:00:00-04:00,88.33357147772291,89.12046992448975,87.52044419449877,87.6253662109375,15204100
2020-10-15 00:00:00-04:00,86.64609699416194,88.98930153464721,86.59363933158504,88.93684387207031,17171200
2020-10-16 00:00:00-04:00,88.66579558074972,89.47017746258223,88.06250583407156,88.75322723388672,13275000
2020-10-19 00:00:00-04:00,88.83193063186306,89.06800347794353,87.04829655175803,87.25814056396484,11725700
2020-10-20 00:00:00-04:00,87.70404353550538,88.98056458408372,87.53792536513593,87.75650787353516,11257100
2020-10-21 00:00:00-04:00,87.74775643449034,88.29858191487217,86.84719763154189,86.88217163085938,10730500
2020-10-22 00:00:00-04:00,86.83843776885277,90.2658090746716,86.82969260285122,89.9510498046875,14837200
2020-10-23 00:00:00-04:00,90.4931505218356,91.3237613124884,89.9947827133223,90.76419067382812,15087600
2020-10-26 00:00:00-04:00,89.74995915164735,89.79367164115708,87.65156620756912,88.51715087890625,12410700
2020-10-27 00:00:00-04:00,87.87890812921962,88.23737995218762,86.69856399072209,86.84719848632812,10391700
2020-10-28 00:00:00-04:00,85.24716997593825,85.94663660295843,83.99687788280016,84.4078140258789,16389500
2020-10-29 00:00:00-04:00,84.04061368576286,85.66686824551316,83.27119890960006,84.95865631103516,14208800
2020-10-30 00:00:00-04:00,85.60566169513058,86.05156523496944,84.13678688772158,85.71932220458984,15194500
2020-11-02 00:00:00-05:00,86.89966405533659,88.20241397585049,85.56194013197955,87.6515884399414,15011600
2020-11-03 00:00:00-05:00,90.07346442652998,91.57731293958483,89.78494062578496,90.41445922851562,17482600
2020-11-04 00:00:00-05:00,88.30733598437986,89.24286888095439,86.49747302855407,87.6515884399414,18886500
2020-11-05 00:00:00-05:00,88.35980398153998,91.89209863427108,88.3073463064481,91.2363510131836,17837400
2020-11-06 00:00:00-05:00,91.83088187507022,91.89208471027354,89.52265113224695,90.0210189819336,12552800
2020-11-09 00:00:00-05:00,98.93918288078781,103.95783505470061,96.48231112227772,102.20917510986328,47792400
2020-11-10 00:00:00-05:00,102.60262574895938,102.69005741618669,100.27691138179179,101.8769302368164,20539300
2020-11-11 00:00:00-05:00,102.20041978298124,102.26162260814226,99.63863295162852,100.35558319091797,14443400
2020-11-12 00:00:00-05:00,98.38834685892674,99.63863893713025,97.97741072075657,99.12278747558594,22063000
2020-11-13 00:00:00-05:00,100.28564108264207,100.42553707442183,99.29765065547771,99.74356079101562,11847900
2020-11-16 00:00:00-05:00,102.98732636604656,103.70427666347871,101.18620879043588,102.55890655517578,19858600
2020-11-17 00:00:00-05:00,100.88892926422596,101.80697835146357,100.18072416131051,101.51844787597656,14553200
2020-11-18 00:00:00-05:00,102.59387940327373,103.70428224319973,100.72281372953316,100.76653289794922,12571200
2020-11-19 00:00:00-05:00,99.8310092826615,101.26491008712779,99.28892222902799,101.03758239746094,10202500
2020-11-20 00:00:00-05:00,100.04958377260206,101.1162674570195,99.75230809911442,100.17198944091797,12718900
2020-11-23 00:00:00-05:00,101.4659785954227,103.31955355041008,101.04629734544778,103.05725860595703,13209200
2020-11-24 00:00:00-05:00,104.98080744119034,107.97975973965032,104.66604809372565,107.82238006591797,20121600
2020-11-25 00:00:00-05:00,106.11744178390029,107.00051034166417,105.33054339577642,106.69449615478516,11715600
2020-11-27 00:00:00-05:00,106.66823563739115,106.97424973337702,105.86385382205486,105.98625946044922,5983600
2020-11-30 00:00:00-05:00,104.91959137044783,105.54910998596779,102.96983269574616,103.06600952148438,14411800
2020-12-01 00:00:00-05:00,105.21686501761414,106.30103897943654,104.59609154157185,104.69226837158203,12668900
2020-12-02 00:00:00-05:00,104.65729618477809,106.93929797161294,104.28133402566637,106.70323181152344,10811300
2020-12-03 00:00:00-05:00,106.53710309475959,106.57207709323959,105.23435333676842,106.0037612915039,12904400
2020-12-04 00:00:00-05:00,107.08793509594118,107.7961402200852,106.39721363571077,106.96552276611328,13583700
2020-12-07 00:00:00-05:00,105.92508206154332,106.81689573680958,105.10320971742503,106.56333923339844,9724300
2020-12-08 00:00:00-05:00,105.82889510859444,106.956781514301,105.58408379646116,106.66825103759766,9592100
2020-12-09 00:00:00-05:00,107.69121400517088,107.80488116328414,105.30429707330283,105.83763885498047,13073900
2020-12-10 00:00:00-05:00,104.91085121236547,105.60157268900572,104.53488905851341,105.1556625366211,13668400
2020-12-11 00:00:00-05:00,103.99281649807256,104.93708786621512,103.49444864494413,104.53489685058594,9981600
2020-12-14 00:00:00-05:00,106.09119233129442,106.1611403278449,103.26711034430166,103.43323516845703,12112400
2020-12-15 00:00:00-05:00,104.29882018907769,105.70649193754446,103.71302072547199,105.19937896728516,12590200
2020-12-16 00:00:00-05:00,105.18190377404099,105.86388012039716,104.79719643174421,105.50540161132812,11169400
2020-12-17 00:00:00-05:00,106.0212534824899,106.18737163991845,104.55237887365065,104.63106536865234,11618000
2020-12-18 00:00:00-05:00,104.16768441541667,104.81468680198815,103.40701485010881,104.11522674560547,28954800
2020-12-21 00:00:00-05:00,107.69124118509238,109.29126693395173,105.87263290236514,108.02349090576172,28323600
2020-12-22 00:00:00-05:00,107.88358663941193,107.99724714691965,106.32728018447867,106.3797378540039,11788200
2020-12-23 00:00:00-05:00,107.35021612735854,110.62020784411376,106.97425403129738,109.35243225097656,14973200
2020-12-24 00:00:00-05:00,109.36993459697368,109.77213226011793,108.04095595514254,108.87156677246094,4164900
2020-12-28 00:00:00-05:00,110.00819755983903,110.7338930424901,109.10763874983974,109.58851623535156,8072600
2020-12-29 00:00:00-05:00,110.34043588675277,110.41038388297922,109.19506579862909,109.29998779296875,8389200
2020-12-30 00:00:00-05:00,109.71967093673683,110.03443027355408,109.20381943343604,109.60601043701172,7398000
2020-12-31 00:00:00-05:00,109.36991350639859,111.32841709752071,109.13384739109209,111.10108947753906,8580200
2021-01-04 00:00:00-05:00,111.47707350930867,111.79183283874832,109.09889487381272,110.05191802978516,16819900
2021-01-05 00:00:00-05:00,110.069524754473,111.22315025197018,108.99515915036257,110.65074157714844,13731200
2021-01-06 00:00:00-05:00,114.37578315873478,116.92079340736811,112.6145233009003,115.84642791748047,24909100
2021-01-07 00:00:00-05:00,119.49224284544138,121.69380966494676,118.81415650259042,119.65074920654297,21940400
2021-01-08 00:00:00-05:00,119.73881814867303,120.07346060767277,118.10965331515045,119.78285217285156,12035100
2021-01-11 00:00:00-05:00,118.51473533528288,121.70259948590957,118.10083973771248,121.57051086425781,15937900
2021-01-12 00:00:00-05:00,122.79456532442202,124.74955729331901,122.25738260436844,123.48145294189453,18033500
2021-01-13 00:00:00-05:00,122.04603586755401,123.98341167784737,121.61453743837819,123.595947265625,14816800
2021-01-14 00:00:00-05:00,123.71922697478715,125.70943811024483,123.28771513439074,124.31804656982422,18565600
2021-01-15 00:00:00-05:00,121.02450852168431,124.74075388961778,120.65464695808421,122.09007263183594,27881000
2021-01-19 00:00:00-05:00,123.16445362362192,123.9041768436323,121.36798102683997,121.56170654296875,19843800
2021-01-20 00:00:00-05:00,121.36797236928443,121.67618363698773,119.27207662479778,119.73880767822266,16028800
2021-01-21 00:00:00-05:00,119.49221790537113,119.90611345603486,118.28576384002498,118.73487854003906,13411700
2021-01-22 00:00:00-05:00,116.85034953235896,118.3562135428104,116.41883764679487,117.81903076171875,12933200
2021-01-25 00:00:00-05:00,116.3660125978637,117.27305703165408,114.53430743368878,116.34839630126953,14212800
2021-01-26 00:00:00-05:00,116.90317231298677,117.27303384455251,115.66148567589815,115.87284088134766,11307800
2021-01-27 00:00:00-05:00,114.12041190039189,114.34938344441355,112.14780995507773,112.59693145751953,17603900
2021-01-28 00:00:00-05:00,114.39340110662452,116.3924274457659,113.59204103491929,114.57833862304688,13761800
2021-01-29 00:00:00-05:00,115.52940930206678,115.99614033921522,112.88752942207365,113.31022644042969,14808100
2021-02-01 00:00:00-05:00,113.9530735173329,114.5431051478544,113.14289868018798,114.14681243896484,11080700
2021-02-02 00:00:00-05:00,116.18989269576538,118.34742549289892,115.55584037632975,117.66053771972656,12253600
2021-02-03 00:00:00-05:00,117.69571247918736,119.55383471269224,117.572425321209,119.00785064697266,10600800
2021-02-04 00:00:00-05:00,119.29847197545183,122.10767263558712,119.29847197545183,121.74661254882812,12419500
2021-02-05 00:00:00-05:00,122.7505213688462,122.83858938951025,120.98046702676294,121.50883483886719,10051300
2021-02-08 00:00:00-05:00,121.7026230894847,123.55194477505243,121.68500679074914,123.41104125976562,10136400
2021-02-09 00:00:00-05:00,122.78576750783384,123.27011485337783,122.00201032587948,122.9178695678711,8614800
2021-02-10 00:00:00-05:00,123.28775217262383,124.053893189761,122.44234453102872,122.98834228515625,10323200
2021-02-11 00:00:00-05:00,122.98831842110268,123.77207558463171,121.72021392341615,122.6448745727539,9201000
2021-02-12 00:00:00-05:00,122.4511357565229,124.7055377824405,122.40710173750345,124.38851165771484,8324600
2021-02-16 00:00:00-05:00,126.41394064774109,127.97265336308983,125.40121207923887,127.38262176513672,12130600
2021-02-17 00:00:00-05:00,126.76621710492418,128.02552033617525,126.03529529496545,127.77894592285156,10810100
2021-02-18 00:00:00-05:00,126.81022568419304,128.38654132716314,126.28184436892423,128.21041870117188,10587800
2021-02-19 00:00:00-05:00,128.44821535303137,131.0724792455333,128.44821535303137,130.35037231445312,11969800
2021-02-22 00:00:00-05:00,129.33760313507204,132.2612894153277,129.26715140620274,131.57440185546875,11488400
2021-02-23 00:00:00-05:00,133.4237230667867,134.1282269906219,131.732921711959,132.63116455078125,16234400
2021-02-24 00:00:00-05:00,132.19086006353746,135.40514179320962,132.19086006353746,134.96482849121094,15061400
2021-02-25 00:00:00-05:00,135.85429511590357,136.40908084178506,132.6135816257489,133.13314819335938,18127700
2021-02-26 00:00:00-05:00,132.3581564351311,132.86010651783965,129.02057470729503,129.60179138183594,19829200
2021-03-01 00:00:00-05:00,131.6713066217273,133.30927280473998,130.7554473380552,132.53431701660156,14845500
2021-03-02 00:00:00-05:00,132.16444877709827,133.6615113893449,131.95309354441903,132.10279846191406,14221700
2021-03-03 00:00:00-05:00,133.17718672244283,136.4795372105624,132.81613994808865,134.65664672851562,14324100
2021-03-04 00:00:00-05:00,134.392414752408,135.95112746682216,130.87871007409666,132.58712768554688,20093900
2021-03-05 00:00:00-05:00,134.92960039502665,135.1673733247868,130.3063110305166,132.89535522460938,18465100
2021-03-08 00:00:00-05:00,134.26916878794182,136.90224774789667,132.7544896224071,134.65664672851562,17133300
2021-03-09 00:00:00-05:00,133.41492750341672,135.8366506099144,131.93548129189443,133.70553588867188,16238800
2021-03-10 00:00:00-05:00,133.77598418023575,137.51864706654976,133.42372549326453,136.61160278320312,14342200
2021-03-11 00:00:00-05:00,135.71336267683088,137.50983498623822,135.05289274233925,135.89830017089844,11771500
2021-03-12 00:00:00-05:00,138.13509273419663,138.81317899690382,136.5587769901482,137.5098419189453,12849500
2021-03-15 00:00:00-04:00,137.68600673433355,138.18795702723799,135.58130920179673,136.82298278808594,12101100
2021-03-16 00:00:00-04:00,135.69573201541843,136.14486012318824,134.02254706678022,135.18496704101562,12805600
2021-03-17 00:00:00-04:00,136.79655744647064,138.1527301795073,134.77992808182782,136.57640075683594,13952400
2021-03-18 00:00:00-04:00,138.78672894062476,142.3884877676018,138.35521715810293,138.83074951171875,21898500
2021-03-19 00:00:00-04:00,136.9462499343872,137.32492639353174,133.14194967070932,136.62042236328125,54418800
2021-03-22 00:00:00-04:00,134.55974467171816,135.59007616213268,132.63117030352103,132.9481964111328,19944800
2021-03-23 00:00:00-04:00,132.3846101483925,133.9609259899851,131.17815589917424,131.61846923828125,17076300
2021-03-24 00:00:00-04:00,132.09401509386254,134.89440176394933,131.9707278839335,132.63999938964844,13079800
2021-03-25 00:00:00-04:00,132.09401394366222,134.70947649473055,131.5039956271896,134.33961486816406,15608300
2021-03-26 00:00:00-04:00,135.88071153000138,136.89342692740183,134.3396147025584,136.57640075683594,16754400
2021-03-29 00:00:00-04:00,133.9609070659652,135.3787163550945,133.0098287753727,134.4540557861328,17570300
2021-03-30 00:00:00-04:00,136.0216122279378,137.2632857194948,135.51084710605508,136.03921508789062,13184300
2021-03-31 00:00:00-04:00,134.98244566183757,136.04800977200048,133.96091556961943,134.0577850341797,16736700
2021-04-01 00:00:00-04:00,133.76718421952287,135.43156806868996,133.45897295103796,135.3611297607422,16561500
2021-04-05 00:00:00-04:00,136.76954646456912,137.24789314005847,135.17509359010108,136.07861328125,13508000
2021-04-06 00:00:00-04:00,135.34340155638282,136.66326817490452,134.51960171546628,135.1219482421875,13071600
2021-04-07 00:00:00-04:00,135.61798763377223,137.50476029853337,135.21936093556724,137.239013671875,16903500
2021-04-08 00:00:00-04:00,136.4152421063897,137.7528152637231,134.91821553363113,137.4073486328125,12335500
2021-04-09 00:00:00-04:00,138.01852702112294,139.10807327115336,137.27444731458675,138.4348602294922,12122400
2021-04-12 00:00:00-04:00,137.81481631451828,139.2941227047361,137.8059630486259,138.14256286621094,12273400
2021-04-13 00:00:00-04:00,137.07960460633433,137.47821787766935,135.02451131594526,136.49496459960938,16113600
2021-04-14 00:00:00-04:00,134.1741389849991,136.26465887240974,133.69579224323164,133.94383239746094,19939600
2021-04-15 00:00:00-04:00,133.97927328574767,134.82079329070083,132.26965995584362,134.79421997070312,17694100
2021-04-16 00:00:00-04:00,136.30010314120403,136.8670231749179,135.25484982009772,135.79519653320312,13773400
2021-04-19 00:00:00-04:00,135.9014248674468,136.30890478277246,134.83845200179002,135.21934509277344,11900200
2021-04-20 00:00:00-04:00,134.41333253202296,134.42218580025943,131.6761588056715,132.22537231445312,13716700
2021-04-21 00:00:00-04:00,130.91432501403213,133.41232469030226,130.02851182666313,133.35031127929688,12236700
2021-04-22 00:00:00-04:00,133.07575496768993,133.13776839901942,130.44488785765662,130.54232788085938,15256100
2021-04-23 00:00:00-04:00,130.37399184308134,133.87296510634272,129.93995198713216,133.04029846191406,14041900
2021-04-26 00:00:00-04:00,133.56290670922135,135.05107984128384,133.20858685305393,133.36802673339844,10799100
2021-04-27 00:00:00-04:00,133.31488813920456,134.26271476203746,132.96942152787338,133.979248046875,12821200
2021-04-28 00:00:00-04:00,135.02449574710272,135.4319757547434,134.11210925837207,134.8473358154297,8943700
2021-04-29 00:00:00-04:00,136.0076999938163,137.54901922952072,135.70652686665161,137.46929931640625,12976900
2021-04-30 00:00:00-04:00,136.5038111059668,136.84927769199828,135.53826450503723,136.24691772460938,11705100
2021-05-03 00:00:00-04:00,137.16816349980652,137.72621655983326,135.64456389139863,135.84829711914062,11801100
2021-05-04 00:00:00-04:00,135.41426891306273,137.86797543116535,134.7676290169956,137.7262420654297,12977700
2021-05-05 00:00:00-04:00,138.18688509440503,140.2065384875466,136.97332510825962,139.5333251953125,10506700
2021-05-06 00:00:00-04:00,140.0205126269201,142.4564991637856,139.214419292594,142.34133911132812,13542400
2021-05-07 00:00:00-04:00,139.26756384566923,143.0588435723394,139.09040389437806,142.8285369873047,14257800
2021-05-10 00:00:00-04:00,143.05881760570085,145.03417706110335,142.72220429783985,142.810791015625,14014300
2021-05-11 00:00:00-04:00,142.68680186801498,143.84721507863,139.99392198227167,140.43682861328125,15451700
2021-05-12 00:00:00-04:00,141.38467361443287,142.42107364333614,139.09927348027205,139.4713134765625,14381700
2021-05-13 00:00:00-04:00,140.1179314535284,143.90035776316472,139.675024834672,143.058837890625,15395000
2021-05-14 00:00:00-04:00,143.84719831176548,145.67197125619887,143.49287845483252,145.28221130371094,10584000
2021-05-17 00:00:00-04:00,144.71532226907541,146.02633575533164,144.4141489748432,145.86688232421875,9886800
2021-05-18 00:00:00-04:00,145.87573123952274,146.60210465075843,143.7143580897188,143.81179809570312,11098100
2021-05-19 00:00:00-04:00,142.61592365585847,142.77536354224253,140.52540398583562,142.71336364746094,13278900
2021-05-20 00:00:00-04:00,142.46534729003906,143.37773386051856,141.30493408970716,142.46534729003906,10426000
2021-05-21 00:00:00-04:00,142.9171152145738,144.58244855125105,142.56279529957106,144.08639526367188,10249000
2021-05-24 00:00:00-04:00,144.7064506085215,145.4771037977023,143.60803733121725,144.8658905029297,9440300
2021-05-25 00:00:00-04:00,145.14050774173066,146.77925415930193,143.11198781153988,143.36888122558594,12609100
2021-05-26 00:00:00-04:00,144.89245491015578,145.04304151482526,142.89050865840034,143.35113525390625,13058300
2021-05-27 00:00:00-04:00,145.2290863734995,145.93773970967172,144.00667322295152,145.5834197998047,15707500
2021-05-28 00:00:00-04:00,145.87570836043355,146.1060284383306,144.61785526365065,145.4859619140625,10291300
2021-06-01 00:00:00-04:00,146.92985626059428,147.85110971518804,146.5843895942314,147.0893096923828,9445400
2021-06-02 00:00:00-04:00,148.1611484544992,148.32060189939196,146.62869501535306,147.09817504882812,10498600
2021-06-03 00:00:00-04:00,146.522389138422,148.1522824548166,145.85802912741386,147.1956024169922,13354400
2021-06-04 00:00:00-04:00,147.2310049257619,147.63847139259747,146.18573841346193,147.4347381591797,8510800
2021-06-07 00:00:00-04:00,147.93083741698902,148.01942416333557,146.28322395659728,146.7438507080078,7267200
2021-06-08 00:00:00-04:00,145.7074198162014,146.83239286135543,144.52928662462668,146.1591796875,10370700
2021-06-09 00:00:00-04:00,145.39738480678477,145.46825148802247,143.7497716382106,144.33441162109375,12377400
2021-06-10 00:00:00-04:00,145.5922529758328,146.37177288969642,142.0047069386294,142.0844268798828,12119400
2021-06-11 00:00:00-04:00,142.11099755360996,142.7930774655695,140.89743786006468,141.9869842529297,13683800
2021-06-14 00:00:00-04:00,141.86300809711778,142.0224615348494,138.7715280362567,139.57762145996094,19917900
2021-06-15 00:00:00-04:00,138.80693493292355,139.00181493114965,136.53040188664625,137.4604949951172,24485500
2021-06-16 00:00:00-04:00,137.06188067237764,139.62188042953358,135.6268675296592,138.42604064941406,25321200
2021-06-17 00:00:00-04:00,139.16125228375597,139.48014556073286,133.9792399119905,134.43099975585938,29722400
2021-06-18 00:00:00-04:00,132.2518910558235,132.60621086921634,130.71057148305235,131.0294647216797,43595700
2021-06-21 00:00:00-04:00,132.05704410476417,133.93496391462293,132.00389747111728,133.2528839111328,18664800
2021-06-22 00:00:00-04:00,133.4034805420436,133.73122711851084,131.68500067846534,133.05801391601562,14251200
2021-06-23 00:00:00-04:00,133.04912825654648,134.67902115751602,132.9516882724431,133.86407470703125,12733300
2021-06-24 00:00:00-04:00,134.572771282595,135.63574466860058,133.95270460046171,135.09539794921875,13733200
2021-06-25 00:00:00-04:00,135.16622528665232,136.8581316467477,134.35127881079288,136.4595184326172,15484900
2021-06-28 00:00:00-04:00,136.14949861520898,136.84043189322009,134.7499120089604,136.7075653076172,14125800
2021-06-29 00:00:00-04:00,137.3010761831724,138.46148956763852,136.06979610515506,136.53927612304688,14528700
2021-06-30 00:00:00-04:00,136.19377355736304,138.25771984527788,136.15834697814103,137.7793731689453,12531000
2021-07-01 00:00:00-04:00,138.41716611499032,139.19668605821502,137.67308626905955,139.14353942871094,10479400
2021-07-02 00:00:00-04:00,138.93865840086298,139.26830730268145,138.19919483476065,139.0099334716797,11424000
2021-07-06 00:00:00-04:00,138.78714483365982,138.78714483365982,135.73130394264481,136.67567443847656,15083400
2021-07-07 00:00:00-04:00,135.42839273445813,137.45077969077047,135.0185782111768,136.83604431152344,12271800
2021-07-08 00:00:00-04:00,135.07207209166174,135.89171498131088,133.67332437299157,134.47515869140625,17834600
2021-07-09 00:00:00-04:00,136.3550069295551,139.11684466026915,135.936274368771,138.77830505371094,13694500
2021-07-12 00:00:00-04:00,137.51317006422656,141.7984825755835,137.1478904977535,140.7650146484375,19940400
2021-07-13 00:00:00-04:00,139.0277773873737,140.22160442307305,136.7559334291309,138.67140197753906,22671700
2021-07-14 00:00:00-04:00,138.93860574189387,140.1235278557573,136.26585277374846,138.1991424560547,14622800
2021-07-15 00:00:00-04:00,137.11226233957663,139.45538081747017,136.93408147458618,138.50210571289062,11539300
2021-07-16 00:00:00-04:00,138.9475290595295,139.23261565157924,134.5463934912248,135.3393096923828,14002700
2021-07-19 00:00:00-04:00,132.3458537859426,133.47732329989526,129.8156502695137,130.93820190429688,22172900
2021-07-20 00:00:00-04:00,130.5373030345036,134.63551748539462,130.3680264473625,133.37933349609375,15385200
2021-07-21 00:00:00-04:00,135.4640733766617,136.8895339017644,134.849337832586,136.1857147216797,12356700
2021-07-22 00:00:00-04:00,136.2035021707036,136.70241390704203,133.61092840402503,134.46620178222656,9913300
2021-07-23 00:00:00-04:00,134.95622290491735,136.16787164203217,133.8603978305859,134.20785522460938,9666100
2021-07-26 00:00:00-04:00,133.80696398857532,135.3838925064186,133.78914182384207,135.10769653320312,8208000
2021-07-27 00:00:00-04:00,133.99403794196442,135.85606656263974,133.4594953935887,134.92950439453125,11218700
2021-07-28 00:00:00-04:00,135.6778905325206,136.1055409424531,134.42170653704045,135.15225219726562,9217300
2021-07-29 00:00:00-04:00,136.43516802695103,137.08553429404455,135.33934280540174,136.31044006347656,9063500
2021-07-30 00:00:00-04:00,135.93623240477226,136.90732949305198,134.70676155526058,135.22349548339844,9805200
2021-08-02 00:00:00-04:00,135.4462282826304,137.602247667399,134.59095483122,134.68003845214844,10203200
2021-08-03 00:00:00-04:00,135.37495272185765,136.59551931350722,133.21002906140902,136.21241760253906,10394800
2021-08-04 00:00:00-04:00,134.75132066610402,136.64006209980127,134.44841186906336,134.74241638183594,10155000
2021-08-05 00:00:00-04:00,135.66896711140254,136.92516452403135,135.4284154890353,136.44406127929688,9151500
2021-08-06 00:00:00-04:00,138.26151664042402,140.60463448402783,138.1902415948565,140.3195343017578,13328800
2021-08-09 00:00:00-04:00,140.3373979218325,141.25504231383724,138.89410161276385,140.16812133789062,9516900
2021-08-10 00:00:00-04:00,139.64245500947143,142.5290198600422,139.25935330248848,141.88755798339844,8667000
2021-08-11 00:00:00-04:00,142.54683916028566,143.88321577741334,141.72719646643313,143.58030700683594,9156500
2021-08-12 00:00:00-04:00,144.22179450546938,144.65833557762264,143.03687206301498,144.1416015625,8844200
2021-08-13 00:00:00-04:00,144.14158121873933,144.47123004050718,142.1637562597644,142.52902221679688,8980900
2021-08-16 00:00:00-04:00,141.6024847733706,141.6826641169598,139.67809896126502,141.59356689453125,8755800
2021-08-17 00:00:00-04:00,140.38195160743564,141.53122981172737,138.3328375495524,139.88302612304688,9347200
2021-08-18 00:00:00-04:00,139.25935972055967,140.77391726797674,138.39516836342884,138.60899353027344,8065500
2021-08-19 00:00:00-04:00,136.45298201605056,138.59117943159833,136.31933618112404,137.4508056640625,9517700
2021-08-20 00:00:00-04:00,137.5131839395258,138.0031779113322,136.45298945852372,137.8428192138672,6974100
2021-08-23 00:00:00-04:00,138.38625853149074,139.95426890917625,138.30607919501094,139.6068115234375,7934600
2021-08-24 00:00:00-04:00,139.87411019832362,141.25503566118547,139.75828652122274,140.4710235595703,7670900
2021-08-25 00:00:00-04:00,141.21937051217787,144.13267541995864,140.58682650971858,143.36648559570312,11335000
2021-08-26 00:00:00-04:00,144.56030491747717,145.95905226861288,143.57138570064427,144.10594177246094,11027500
2021-08-27 00:00:00-04:00,144.1059188050885,145.36211585761902,143.66936429620475,145.2641143798828,8780200
2021-08-30 00:00:00-04:00,145.40673525859776,145.65619121533533,142.43997663632956,142.9388885498047,7937600
2021-08-31 00:00:00-04:00,142.93884340192741,143.76739036917758,141.96774633461513,142.50228881835938,12340800
2021-09-01 00:00:00-04:00,142.74286801069155,143.22395769850735,141.62922062800567,142.2974090576172,8729900
2021-09-02 00:00:00-04:00,142.56465906249136,143.9812149915615,142.03900726972964,142.9566650390625,8813300
2021-09-03 00:00:00-04:00,142.89431944036056,143.33977838413554,141.78957636584053,142.09249877929688,7959700
2021-09-07 00:00:00-04:00,142.5379323190154,143.77630741822523,141.62028814593384,141.843017578125,9285600
2021-09-08 00:00:00-04:00,141.55795245164745,142.17268801189235,140.80066675684424,141.2104949951172,7852700
2021-09-09 00:00:00-04:00,141.00555263396032,143.286299842823,140.8362760905278,141.8251953125,7904300
2021-09-10 00:00:00-04:00,143.04577400186136,143.1883241266595,140.0701115169227,140.19483947753906,8311600
2021-09-13 00:00:00-04:00,141.23721197472548,142.5914109735593,140.82739735826365,142.42213439941406,10052800
2021-09-14 00:00:00-04:00,142.94775525831307,143.74067153971725,139.21480758042009,139.93646240234375,11685600
2021-09-15 00:00:00-04:00,139.62465357094885,141.37976291138116,139.40192409723235,140.90757751464844,11691500
2021-09-16 00:00:00-04:00,142.0211715131593,143.30409497474966,140.07005988151755,140.84515380859375,10880900
2021-09-17 00:00:00-04:00,140.21267018501177,141.6648571876006,139.87411701656984,140.4799346923828,25581600
2021-09-20 00:00:00-04:00,137.1033272267929,137.70024046717623,134.07421242006328,136.2747802734375,15819900
2021-09-21 00:00:00-04:00,136.7825947389586,137.69133460830878,135.93622563449807,136.29258728027344,8999900
2021-09-22 00:00:00-04:00,138.2704270581164,140.09681109813366,138.1813434429482,138.90298461914062,11236200
2021-09-23 00:00:00-04:00,140.76504701464305,144.0703588469352,140.47104243702702,143.59815979003906,12336100
2021-09-24 00:00:00-04:00,143.82980364330206,145.74527189955336,143.27743883522265,145.25526428222656,10102400
2021-09-27 00:00:00-04:00,147.00141348038844,149.13961042055513,146.65395613775323,148.7654266357422,13220900
2021-09-28 00:00:00-04:00,149.40689005865082,150.83236376378696,147.58942399921077,147.96360778808594,13387900
2021-09-29 00:00:00-04:00,148.07944088771023,148.6941626980374,147.03705518762249,147.84779357910156,7777100
2021-09-30 00:00:00-04:00,148.71199598454749,148.77436675517,145.03250115896438,145.83433532714844,13161200
2021-10-01 00:00:00-04:00,146.1105315861398,149.94148116976393,145.75416987366089,148.89910888671875,11285000
2021-10-04 00:00:00-04:00,148.7565306566486,151.84801618813538,147.65178780577892,148.73870849609375,14120000
2021-10-05 00:00:00-04:00,149.8680359356657,152.49414818968071,149.38403368241293,151.1676483154297,12292900
2021-10-06 00:00:00-04:00,150.5671672275058,151.56204574441995,148.7835522499762,151.49034118652344,8692600
2021-10-07 00:00:00-04:00,153.44421920823416,153.7220657864047,151.95638059634337,152.4493408203125,10195400
2021-10-08 00:00:00-04:00,152.38664812924782,153.5697393029528,151.74132069768223,152.56590270996094,8190100
2021-10-11 00:00:00-04:00,153.08568583572742,153.5248573213355,149.19580700645596,149.3571319580078,12154700
2021-10-12 00:00:00-04:00,148.55946629949358,149.40197767816952,147.68110948345142,148.2099151611328,13032600
2021-10-13 00:00:00-04:00,147.05368344656407,148.2547036726577,143.9435692374502,144.3020782470703,22753500
2021-10-14 00:00:00-04:00,144.97434676197614,146.99994940379497,143.45962033249228,146.51596069335938,15176800
2021-10-15 00:00:00-04:00,148.20096055749215,149.83219468115365,147.11644800438182,149.3302764892578,14267400
2021-10-18 00:00:00-04:00,149.21378840797192,151.1228832304639,148.70291216080741,149.2765350341797,12672900
2021-10-19 00:00:00-04:00,150.03830818219467,151.15866596036588,149.3033605913604,151.08697509765625,8053900
2021-10-20 00:00:00-04:00,150.84500531202306,153.148454270621,150.09212801105105,153.12156677246094,8185600
2021-10-21 00:00:00-04:00,153.04983270143168,153.56072242043302,151.18555568982256,151.92051696777344,8415200
2021-10-22 00:00:00-04:00,152.39554936196765,154.2418968411187,152.09977325954404,153.96405029296875,8817900
2021-10-25 00:00:00-04:00,154.79764304761355,155.0217146662663,152.7989143623337,153.21121215820312,10159200
2021-10-26 00:00:00-04:00,153.26498027663456,154.60045198728875,152.852682499278,153.6234893798828,8015100
2021-10-27 00:00:00-04:00,152.65550994507007,152.99608948555067,149.98456656086825,150.4237518310547,9847000
2021-10-28 00:00:00-04:00,150.84499749686972,152.82578269867892,150.54026341601363,152.69134521484375,7212900
2021-10-29 00:00:00-04:00,153.42626851340637,154.37634339426853,151.8219221977971,152.2700653076172,8140100
2021-11-01 00:00:00-04:00,154.19712616768516,154.45705691597723,151.4813791187876,152.189453125,7435500
2021-11-02 00:00:00-04:00,152.18945244676723,153.88343340710705,151.4007159399434,152.7899627685547,7173800
2021-11-03 00:00:00-04:00,152.48521039107976,153.38149679568025,151.60683986767475,152.84371948242188,8402700
2021-11-04 00:00:00-04:00,152.36868478191192,152.54793932287697,149.22272450780412,150.83602905273438,9574200
2021-11-05 00:00:00-04:00,151.3827611054454,152.4493440646651,150.0473031785607,150.6209259033203,7975600
2021-11-08 00:00:00-05:00,151.51721088314994,153.19326198877818,151.23936430160134,151.5261688232422,6413700
2021-11-09 00:00:00-05:00,149.99354016564533,150.99737659509412,149.3213253403011,150.37893676757812,7990300
2021-11-10 00:00:00-05:00,150.08312187832058,151.42755118211488,149.76045829836028,150.23548889160156,6999200
2021-11-11 00:00:00-05:00,150.14591525772767,151.18559718264933,149.59020833917435,150.22657775878906,5815300
2021-11-12 00:00:00-05:00,150.26239672616083,150.34307288925447,148.53257068569053,149.55433654785156,8113400
2021-11-15 00:00:00-05:00,149.86807111310466,150.38790524603243,148.78355843467688,149.2854766845703,6492500
2021-11-16 00:00:00-05:00,149.73359925972483,149.7425708762499,147.99480150820128,148.2099151611328,9706100
2021-11-17 00:00:00-05:00,148.0754576775142,148.38914965989866,146.44421013464066,147.41220092773438,9909600
2021-11-18 00:00:00-05:00,147.34048553872242,147.75278320174272,145.7002801775359,146.13946533203125,8122500
2021-11-19 00:00:00-05:00,144.57097033800943,145.29695998960133,142.91283535687944,144.23037719726562,12193600
2021-11-22 00:00:00-05:00,147.13436039941146,148.7655943328011,146.0857070830374,147.30465698242188,14549900
2021-11-23 00:00:00-05:00,148.33538207453157,151.07801595369253,148.2188604795857,150.82705688476562,12354400
2021-11-24 00:00:00-05:00,150.98839612488786,151.866752869594,149.17789396942763,149.6439666748047,9629800
2021-11-26 00:00:00-05:00,145.3238615183155,145.78096261221904,142.34819808563626,145.13563537597656,13619300
2021-11-29 00:00:00-05:00,146.37251693544695,147.69005892178674,143.24448642707395,144.50823974609375,12104400
2021-11-30 00:00:00-05:00,142.65293861195255,143.97048063929282,141.8731601883517,142.35716247558594,18922600
2021-12-01 00:00:00-05:00,144.30206835887273,146.33664172346647,141.433955449721,141.51461791992188,12253400
2021-12-02 00:00:00-05:00,143.25347666670322,146.31877493537897,142.330302641762,144.4903564453125,12969900
2021-12-03 00:00:00-05:00,144.75025432119497,145.04603047581804,140.88726210614743,141.8731689453125,12681800
2021-12-06 00:00:00-05:00,144.31106004396992,145.74512367202226,142.92182714483437,143.54922485351562,11186500
2021-12-07 00:00:00-05:00,145.09084973411137,146.4442373019538,144.44552241899893,145.70928955078125,9851600
2021-12-08 00:00:00-05:00,145.7899462624158,146.33668150280062,143.55818824650183,144.0421905517578,11705700
2021-12-09 00:00:00-05:00,143.0921117952787,144.23935724111146,142.19582543595658,143.818115234375,11189600
2021-12-10 00:00:00-05:00,144.58890570536127,144.92948518355655,142.62603661213964,143.24447631835938,10405400
2021-12-13 00:00:00-05:00,142.95766845468523,143.2175854706919,140.96791172441394,141.54153442382812,12069000
2021-12-14 00:00:00-05:00,141.12032995294354,144.20355820940242,140.98589242628066,142.6260986328125,12563600
2021-12-15 00:00:00-05:00,143.2713890969695,143.2713890969695,141.03067305651794,141.55947875976562,14014200
2021-12-16 00:00:00-05:00,143.75538587100158,145.0370826302449,142.2406595538259,143.7733154296875,19542800
2021-12-17 00:00:00-05:00,142.79633539871557,142.8501103868288,139.08569710398578,140.5018310546875,28082000
2021-12-20 00:00:00-05:00,138.48518023780184,138.65547680941037,136.09209764893,137.97430419921875,15148000
2021-12-21 00:00:00-05:00,139.29188369323552,140.878300899471,139.00506545801449,139.90135192871094,11291300
2021-12-22 00:00:00-05:00,139.59657467444103,140.77070740003697,139.13947363908258,140.4480438232422,7273000
2021-12-23 00:00:00-05:00,141.26368737179422,142.6170747908714,140.9051783144706,140.94998168945312,8055200
2021-12-27 00:00:00-05:00,141.25476507221907,141.79252879388838,140.12543527184357,141.75668334960938,6188100
2021-12-28 00:00:00-05:00,141.79249096775948,143.54024653036703,141.6849409873663,142.18685913085938,6342300
2021-12-29 00:00:00-05:00,142.3750582016619,143.07416029377796,141.74764696534754,142.11512756347656,6398900
2021-12-30 00:00:00-05:00,142.60813712804307,143.62094518954336,141.94488023382004,142.04347229003906,6948200
2021-12-31 00:00:00-05:00,142.0165613421231,142.76943855098904,141.57738980840648,141.92694091796875,5805900
2022-01-03 00:00:00-05:00,143.2803105731878,145.77198508194508,142.96660493686375,144.92947387695312,13120900
2022-01-04 00:00:00-05:00,147.26881979656702,151.09596664749054,147.19711524166442,150.4237518310547,20195800
2022-01-05 00:00:00-05:00,151.31640038878064,151.80329013211062,147.62860510009205,147.67369079589844,17539400
2022-01-06 00:00:00-05:00,150.49588954287339,150.91064493017925,147.75483879607614,149.24258422851562,14047500
2022-01-07 00:00:00-05:00,149.37780644172148,151.05489230050952,148.82779404291946,150.72128295898438,13913300
2022-01-10 00:00:00-05:00,152.44347310483272,152.65986243028658,149.25159297216194,150.86557006835938,12922500
2022-01-11 00:00:00-05:00,151.71309667891737,151.94753675973007,149.9548648639256,151.01882934570312,11854100
2022-01-12 00:00:00-05:00,151.8934642763877,152.9123294773183,150.7393282273638,151.87542724609375,12568000
2022-01-13 00:00:00-05:00,151.78526396720187,153.1107037210954,151.3795201923459,151.6860809326172,13623400
2022-01-14 00:00:00-05:00,144.95064045931974,145.19409214852905,141.47023749986312,142.36288452148438,40158400
2022-01-18 00:00:00-05:00,140.46042827380643,140.46042827380643,135.73573048529457,136.39395141601562,32324800
2022-01-19 00:00:00-05:00,136.66443486704068,137.2595192359794,133.94142136009356,134.28404235839844,22380000
2022-01-20 00:00:00-05:00,134.33813903540556,135.79882177428496,132.86843090397187,133.13893127441406,14860800
2022-01-21 00:00:00-05:00,132.99466510334548,133.0036767378507,130.0823112045706,130.81265258789062,20705400
2022-01-24 00:00:00-05:00,128.2880073309946,131.17331261267407,125.8445197948773,130.6954345703125,28471400
2022-01-25 00:00:00-05:00,129.52325957873367,132.4085782655211,126.94451528921533,132.1200408935547,18915900
2022-01-26 00:00:00-05:00,134.094712438551,135.7627869034802,131.60613883252398,133.37338256835938,20709100
2022-01-27 00:00:00-05:00,134.72586860719565,135.5914671882387,129.95609917114837,131.02005004882812,17536800
2022-01-28 00:00:00-05:00,130.01021703478224,132.3274735750889,128.1888619517171,132.19223022460938,14117000
2022-01-31 00:00:00-05:00,131.3175949685572,134.15781485585117,130.4429847793707,133.98651123046875,13985700
2022-02-01 00:00:00-05:00,134.06764790281895,136.57425824240727,133.71600152448022,136.2857208251953,14584900
2022-02-02 00:00:00-05:00,135.69962879846554,136.09636081155023,133.5086048510469,135.1947021484375,12441100
2022-02-03 00:00:00-05:00,135.24883473438163,136.73656641317066,133.7069919647916,134.07667541503906,12474900
2022-02-04 00:00:00-05:00,134.43733604731216,138.40462936624814,134.13978698465868,137.55706787109375,16654400
2022-02-07 00:00:00-05:00,138.1972510091852,138.5128233408308,136.01523831868516,138.0169219970703,12572300
2022-02-08 00:00:00-05:00,139.75713525745087,142.89490450641233,139.5768062216666,140.61370849609375,20411400
2022-02-09 00:00:00-05:00,141.19074267349717,141.94813273393166,140.49647533054264,141.19976806640625,9131100
2022-02-10 00:00:00-05:00,141.25389239508493,143.3908196734867,139.95550132428062,140.61370849609375,16455600
2022-02-11 00:00:00-05:00,140.30716166904648,142.63344360848723,137.92678238932976,138.78335571289062,16830000
2022-02-14 00:00:00-05:00,137.7103315468569,138.5669045735747,135.5373445022074,137.4939422607422,17026500
2022-02-15 00:00:00-05:00,139.31531476265337,140.60469417240373,138.7202303317611,139.50466918945312,9500000
2022-02-16 00:00:00-05:00,138.62101035358594,140.74892538775418,138.62101035358594,139.75709533691406,9076500
2022-02-17 00:00:00-05:00,137.9538037443335,138.61201085107288,135.85293697750177,136.53819274902344,11367500
2022-02-18 00:00:00-05:00,137.169394124282,138.9817238412777,136.26773508450253,137.17840576171875,11733300
2022-02-22 00:00:00-05:00,135.78982446353288,138.17020320971827,135.61850708557432,136.93492126464844,11333500
2022-02-23 00:00:00-05:00,138.0620153113664,138.22432107815925,133.41847717876846,134.0676727294922,11799000
2022-02-24 00:00:00-05:00,128.88312175221003,130.73152519700787,126.0338764061564,130.3347930908203,25655100
2022-02-25 00:00:00-05:00,130.96594393403072,135.36604338931622,130.65938323643374,133.41845703125,18367700
2022-02-28 00:00:00-05:00,129.43315845316462,130.7946586559632,127.02573045787467,127.85525512695312,31315300
2022-03-01 00:00:00-05:00,126.26830903048626,126.66504115637358,120.4436001152447,123.03135681152344,36840400
2022-03-02 00:00:00-05:00,123.7887473806501,126.26830941680886,123.17562591747438,125.58305358886719,19405600
2022-03-03 00:00:00-05:00,126.08795774127407,127.11584817771083,123.58134748824018,124.69038391113281,16640800
2022-03-04 00:00:00-05:00,121.66983342025418,122.10262576615227,119.37961250017631,121.18292999267578,21016000
2022-03-07 00:00:00-05:00,119.17225967403718,119.64112617209153,116.26891680545484,116.50335693359375,27560100
2022-03-08 00:00:00-05:00,116.8910580516259,118.82961916353426,114.7541240039746,115.6828384399414,19207800
2022-03-09 00:00:00-05:00,119.83046403607919,121.94035634877817,119.41570864069838,120.31736755371094,17536200
2022-03-10 00:00:00-05:00,118.89273834228516,120.32637263388989,117.50418974551918,118.89273834228516,15604200
2022-03-11 00:00:00-05:00,119.46078288187726,120.89441711411023,115.79102485389355,116.21480560302734,20061800
2022-03-14 00:00:00-04:00,116.7287645318465,119.84849654865901,116.52137308375106,117.36893463134766,15786900
2022-03-15 00:00:00-04:00,118.83865311124794,120.41655628370094,118.23454326192422,119.45177459716797,15096600
2022-03-16 00:00:00-04:00,121.60671917413966,124.87073341849661,121.20998709684156,124.7895736694336,20354900
2022-03-17 00:00:00-04:00,123.40104086989797,126.40356673734074,122.55347928015323,126.36749267578125,17050500
2022-03-18 00:00:00-04:00,126.40354130955727,126.99863938156687,124.843675537369,126.32239532470703,23656500
2022-03-21 00:00:00-04:00,126.54784404901395,126.91751377661636,125.0871471377102,125.91667175292969,12676100
2022-03-22 00:00:00-04:00,128.2790016487539,129.77574480424462,127.7830865558708,128.59457397460938,13548600
2022-03-23 00:00:00-04:00,127.1158546985693,127.6658671209086,125.51090312352443,126.03386688232422,12093200
2022-03-24 00:00:00-04:00,126.50273136775705,126.87241477473805,125.42975520312606,126.85437774658203,10017600
2022-03-25 00:00:00-04:00,127.21503858766098,129.0995022043166,126.9535635855836,127.96341705322266,8383500
2022-03-28 00:00:00-04:00,126.23226180603757,127.10687214920881,124.33877237565714,127.0167007446289,10818100
2022-03-29 00:00:00-04:00,129.25277690342176,129.47819157276277,126.44861786649084,127.2961654663086,11316500
2022-03-30 00:00:00-04:00,127.94538037938845,128.14374641939918,126.15108814232102,126.71912384033203,8771000
2022-03-31 00:00:00-04:00,126.0789719984332,126.54783850238907,122.86004295909729,122.91415405273438,17353900
2022-04-01 00:00:00-04:00,123.88789655808655,123.89692195010552,120.64193357996916,122.00343322753906,15721300
2022-04-04 00:00:00-04:00,120.93047945062679,123.47316398826104,119.82144292759713,122.5444564819336,17416400
2022-04-05 00:00:00-04:00,121.78146997527257,122.98955314801529,120.81861540645515,121.11837005615234,12110300
2022-04-06 00:00:00-04:00,119.51969762585993,120.40986931912754,118.95652975912814,119.43795013427734,12914700
2022-04-07 00:00:00-04:00,118.94741759742486,119.82851070897789,116.93089664729351,119.0745849609375,12994200
2022-04-08 00:00:00-04:00,119.60143370879378,121.62703323706248,119.43793874122419,121.25462341308594,13126900
2022-04-11 00:00:00-04:00,120.80952453613281,122.53536934256763,120.41894400443994,120.80952453613281,10466400
2022-04-12 00:00:00-04:00,120.02835597857299,122.24471350073475,118.720340794333,119.48334503173828,12989900
2022-04-13 00:00:00-04:00,115.30497710415962,117.40324566002532,114.46021846359908,115.6319808959961,30838000
2022-04-14 00:00:00-04:00,114.9053101238107,116.54032916638806,113.56096036323571,114.56014251708984,18835200
2022-04-18 00:00:00-04:00,114.1513635368558,117.39415187006067,114.0332815447342,116.6856460571289,11834400
2022-04-19 00:00:00-04:00,116.67656489636225,119.28351670517229,116.47672848285896,119.10183715820312,15015400
2022-04-20 00:00:00-04:00,120.37352783424483,121.27277785832541,119.30167669194792,119.51968383789062,13430200
2022-04-21 00:00:00-04:00,120.10102173202377,120.6369403702375,118.04817309434537,118.59317016601562,12174200
2022-04-22 00:00:00-04:00,118.33883866968395,118.5568458204477,115.0778930031577,115.1868896484375,14318800
2022-04-25 00:00:00-04:00,114.46021568083782,115.46847619280373,111.82602161290978,115.15055084228516,17149000
2022-04-26 00:00:00-04:00,113.21578739331876,114.82355719737451,111.60802451936502,111.74427032470703,17209500
2022-04-27 00:00:00-04:00,111.11751891921612,112.2347761045314,110.10925837826214,110.29092407226562,17215200
2022-04-28 00:00:00-04:00,111.55352228810203,112.31653346919038,110.03659221999705,112.03494262695312,13015600
2022-04-29 00:00:00-04:00,111.7715241139551,112.28019359036128,108.00190213818304,108.41973876953125,14874800
2022-05-02 00:00:00-04:00,108.89206575458068,109.64599148059293,107.38422123265754,109.40982055664062,18545000
2022-05-03 00:00:00-04:00,110.39083588780059,112.78885894625404,109.70957917960128,111.75334930419922,15720900
2022-05-04 00:00:00-04:00,111.54443448748812,115.72280757940801,111.48992923835024,115.45030212402344,17128500
2022-05-05 00:00:00-04:00,113.76987211959876,114.54196168209465,110.96309776261796,112.56177520751953,15055400
2022-05-06 00:00:00-04:00,112.45277310802744,112.89785886925199,110.07291392272015,112.3801040649414,14417900
2022-05-09 00:00:00-04:00,110.91767547295842,112.02585415446022,109.45524385951447,110.69058990478516,14312300
2022-05-10 00:00:00-04:00,111.82601864061022,112.4346063049608,106.78471621477684,107.99281311035156,16382400
2022-05-11 00:00:00-04:00,108.36524200658015,111.62618762272967,107.12989589174472,107.31156158447266,14630300
2022-05-12 00:00:00-04:00,106.27606431313248,107.4750760435637,104.79546864702583,107.22074127197266,16318800
2022-05-13 00:00:00-04:00,108.46516045008319,109.22816467730523,107.14805991961376,108.17448425292969,10443200
2022-05-16 00:00:00-04:00,107.67488983282664,108.5105630294059,106.48496371747785,107.4205551147461,10269000
2022-05-17 00:00:00-04:00,109.94574498388234,111.69884577508077,109.7368232205348,110.98125457763672,11160200
2022-05-18 00:00:00-04:00,110.18194041341269,110.7905281831618,108.57417041857961,109.08283996582031,12664900
2022-05-19 00:00:00-04:00,107.35697626208484,108.68315515891753,106.84829987295196,107.46597290039062,12765800
2022-05-20 00:00:00-04:00,108.5105806265787,108.70133169607323,104.47753821411612,106.58489227294922,13150100
2022-05-23 00:00:00-04:00,109.41889960974774,114.96887095692279,109.40981424740006,113.17943572998047,24376700
2022-05-24 00:00:00-04:00,112.96144504102342,115.80455384598669,111.8260172056401,114.77812957763672,19324900
2022-05-25 00:00:00-04:00,114.70545354980048,116.14063590957697,113.6971931389538,115.57746124267578,12780400
2022-05-26 00:00:00-04:00,116.60390321275453,118.25709294518363,116.45857897028732,117.57583618164062,15990900
2022-05-27 00:00:00-04:00,118.22983006765288,119.23809051513672,117.30331709586166,119.23809051513672,11177800
2022-05-31 00:00:00-04:00,118.24798777348443,120.94576537213284,117.82107966621072,120.11009216308594,17015000
2022-06-01 00:00:00-04:00,120.6914319158185,120.6914319158185,116.87639718748618,118.00274658203125,10768000
2022-06-02 00:00:00-04:00,117.99365970028113,119.91026251539448,116.87640254764649,119.90118408203125,8374800
2022-06-03 00:00:00-04:00,119.18361306639687,119.69228259559758,118.0754342234074,118.22985076904297,8596000
2022-06-06 00:00:00-04:00,119.07457938335389,120.25542705220377,117.59399097613824,117.8392333984375,11323500
2022-06-07 00:00:00-04:00,117.02173713540805,118.3751721169585,116.83097915886881,118.14808654785156,6722200
2022-06-08 00:00:00-04:00,117.17615693807602,117.5849082018658,115.26863949022072,116.26781463623047,8422100
2022-06-09 00:00:00-04:00,115.69555343259873,116.35864631606303,113.78802918733766,113.8243637084961,13560100
2022-06-10 00:00:00-04:00,111.35367776027306,112.0894397260275,108.38340152773641,108.59232330322266,12945200
2022-06-13 00:00:00-04:00,106.14887228605704,107.13896197849859,104.51385351951916,105.35861206054688,16805600
2022-06-14 00:00:00-04:00,104.95895719379872,106.56672004093218,102.8425179381667,103.60552215576172,13357900
2022-06-15 00:00:00-04:00,105.02254580211081,106.23063586993884,102.79710286959158,104.83179473876953,14083500
2022-06-16 00:00:00-04:00,103.42385161420655,103.78718990892105,101.61625243388144,103.03326416015625,16724900
2022-06-17 00:00:00-04:00,103.13318601982735,104.12327580466221,101.87967613524056,102.66992950439453,30919900
2022-06-21 00:00:00-04:00,105.24961424409061,106.3032876028022,104.49568854745061,105.2132797241211,11680500
2022-06-22 00:00:00-04:00,104.3503507047964,105.54936214611182,103.90526496183492,104.62285614013672,9842700
2022-06-23 00:00:00-04:00,104.46845213994337,104.62286867108389,101.26200485988664,103.47835540771484,11851500
2022-06-24 00:00:00-04:00,102.85160235034752,107.02089020814364,102.48826404195286,106.56671905517578,14841100
2022-06-27 00:00:00-04:00,107.23888298213505,107.63855578665463,105.04069641748,105.7128677368164,11280500
2022-06-28 00:00:00-04:00,106.88461704457568,108.35613379373866,105.00434910791766,105.20418548583984,11590900
2022-06-29 00:00:00-04:00,105.36770941231696,106.11254983957924,104.21411771196144,104.73187255859375,9338400
2022-06-30 00:00:00-04:00,102.79711407674255,103.62370903810731,100.76242891584127,102.28844451904297,15172600
2022-07-01 00:00:00-04:00,102.32475502113735,103.9325177413926,100.97132702000935,103.596435546875,10573600
2022-07-05 00:00:00-04:00,101.50710434073656,103.28487843308086,100.16003566352076,103.20240783691406,12514200
2022-07-06 00:00:00-04:00,102.38683816346857,103.54146852042062,101.52544126961844,102.53345489501953,10656200
2022-07-07 00:00:00-04:00,104.008796514899,105.29172579970682,103.9171602069989,105.12677764892578,10347400
2022-07-08 00:00:00-04:00,105.53001013266544,105.97903303891945,104.10962256271016,104.79690551757812,8807800
2022-07-11 00:00:00-04:00,104.05464295359482,104.67777978372902,102.83585949310525,103.4223403930664,7939500
2022-07-12 00:00:00-04:00,103.16573817619788,105.54831729750768,102.8724977765198,103.52312469482422,11250900
2022-07-13 00:00:00-04:00,102.40514936732816,103.07410778169448,101.1497101199243,102.55177307128906,12979900
2022-07-14 00:00:00-04:00,98.95955375450689,99.17948927605498,97.19094580261864,98.96871948242188,26204800
2022-07-15 00:00:00-04:00,100.03174292947327,104.35703763188111,98.66633580730928,103.50480651855469,18863900
2022-07-18 00:00:00-04:00,105.17261081752476,106.15313416657214,101.98362199636645,102.44181060791016,13977900
2022-07-19 00:00:00-04:00,103.66975904453123,105.3284066734865,103.2482263352078,104.98017883300781,11862300
2022-07-20 00:00:00-04:00,104.55862959234112,105.14511039879575,103.9904802437522,104.96183776855469,11667500
2022-07-21 00:00:00-04:00,104.87021104859112,105.86905886017962,103.88968770514225,105.67662048339844,11595900
2022-07-22 00:00:00-04:00,105.60330163931829,106.52884452569346,104.1645897821543,105.16344451904297,7645500
2022-07-25 00:00:00-04:00,106.15313322445726,106.72128961463426,105.17260988411208,105.5849838256836,9394000
2022-07-26 00:00:00-04:00,104.99848659935485,105.9148636714566,103.57809934103625,103.93548583984375,10675100
2022-07-27 00:00:00-04:00,104.47614691397277,106.06147525713818,103.82552006309774,105.60328674316406,9337400
2022-07-28 00:00:00-04:00,105.6124748776878,106.2814333262325,104.03630493659365,105.20926666259766,10384800
2022-07-29 00:00:00-04:00,105.92403493104177,106.7579415211145,105.19093738153259,105.71327209472656,12944500
2022-08-01 00:00:00-04:00,104.92518931366378,105.48417996451607,103.6147696390859,104.65943908691406,14740400
2022-08-02 00:00:00-04:00,104.39368214700731,104.83354625057682,102.88165846720327,103.02828216552734,14942900
2022-08-03 00:00:00-04:00,103.96297256991674,104.5586190452197,102.36847847517195,104.1095962524414,14394500
2022-08-04 00:00:00-04:00,103.4131647121609,103.84386311099726,101.73619277297375,102.96414184570312,18033900
2022-08-05 00:00:00-04:00,103.11991009739606,106.47385351414741,102.68005302099068,106.0798110961914,14174600
2022-08-08 00:00:00-04:00,106.52884536668232,106.9412122941212,104.63194491593815,104.78772735595703,10332500
2022-08-09 00:00:00-04:00,105.15428278631208,106.2905885468458,104.80606197024294,105.73159790039062,10233800
2022-08-10 00:00:00-04:00,108.09585619678464,109.3879514348252,107.67432351391135,108.48989868164062,12847300
2022-08-11 00:00:00-04:00,109.87361546039648,111.06490149308424,109.33294933698859,110.09354400634766,11684900
2022-08-12 00:00:00-04:00,110.57921982769855,112.02709728237251,109.45207994200595,111.91712951660156,9906700
2022-08-15 00:00:00-04:00,111.00991836762337,112.45779582486121,110.51507390788124,112.21953582763672,8456200
2022-08-16 00:00:00-04:00,112.06376026995359,113.85069288013405,111.67888355259205,113.29170227050781,9555000
2022-08-17 00:00:00-04:00,112.07292560842028,112.86101049821654,111.51393500074147,112.33866882324219,8149300
2022-08-18 00:00:00-04:00,112.01794165588767,112.22871147810542,110.46926901551625,111.4681167602539,9531800
2022-08-19 00:00:00-04:00,110.53341925157693,110.87247433761473,108.23331054548441,108.70982360839844,13464500
2022-08-22 00:00:00-04:00,106.98703866096179,107.36275667080531,105.84156715495577,106.91372680664062,8967600
2022-08-23 00:00:00-04:00,106.93206046395504,107.48188539985915,105.7316015468306,105.85989379882812,7607000
2022-08-24 00:00:00-04:00,105.6491160611385,106.67546092385679,104.87935566624918,106.11647033691406,9771300
2022-08-25 00:00:00-04:00,106.4463719508021,108.81061965881429,106.00650784733313,108.63651275634766,10758900
2022-08-26 00:00:00-04:00,109.47041834593523,109.95609713831021,105.01682464047673,105.08097076416016,11276200
2022-08-29 00:00:00-04:00,104.46699244717283,105.25507733547249,103.97214795977054,104.82437896728516,8117300
2022-08-30 00:00:00-04:00,105.3833868989143,105.91488739773268,103.88052872332035,104.84272766113281,10745400
2022-08-31 00:00:00-04:00,104.9068721808871,105.41087548086992,103.86219566861296,104.21958923339844,10738300
2022-09-01 00:00:00-04:00,103.81636782209952,105.04430984320028,102.5517698761506,104.9343490600586,9979800
2022-09-02 00:00:00-04:00,106.18062623115148,107.6284968602804,103.72473511215662,104.20124816894531,10666600
2022-09-06 00:00:00-04:00,104.76938770283603,105.15426437817918,102.69837365378655,104.22872161865234,9751900
2022-09-07 00:00:00-04:00,103.66974596651418,106.40055298934676,103.33069089059337,106.20811462402344,10647900
2022-09-08 00:00:00-04:00,105.63995544914893,108.85644116414007,105.04430891060943,108.68232727050781,11435000
2022-09-09 00:00:00-04:00,109.17717594110229,110.01108252523977,108.74647755073704,109.20466613769531,9299700
2022-09-12 00:00:00-04:00,110.53341343198815,111.38564445406696,109.77281872586778,110.49675750732422,8614600
2022-09-13 00:00:00-04:00,108.19665662766957,108.97557585589206,106.09815198318093,106.65714263916016,12904600
2022-09-14 00:00:00-04:00,106.94122249652341,107.98589200434151,105.2734161777784,106.40972900390625,9345700
2022-09-15 00:00:00-04:00,106.40972187467932,109.39710648181243,106.07982552679664,108.01338195800781,10821400
2022-09-16 00:00:00-04:00,107.57351101412983,107.58267674304666,105.7224322828817,107.28943634033203,14844100
2022-09-19 00:00:00-04:00,106.29973601882503,108.80144839962286,105.85071322944151,108.27911376953125,8201300
2022-09-20 00:00:00-04:00,107.59185197928264,107.84843648040561,105.05348318302326,106.14397430419922,9619000
2022-09-21 00:00:00-04:00,106.79459759436294,106.84957798801601,103.01912108885114,103.08326721191406,12606300
2022-09-22 00:00:00-04:00,103.89883015210658,104.1004342270476,101.78200134803042,101.91029357910156,11684500
2022-09-23 00:00:00-04:00,100.84731912870868,101.11306237869354,98.19898943631804,100.01341247558594,18138600
2022-09-26 00:00:00-04:00,98.96873219953821,100.44409997034356,97.1909582912976,97.85991668701172,15753600
2022-09-27 00:00:00-04:00,98.73964564651318,99.12452240172287,95.89887765728396,96.99852752685547,12793600
2022-09-28 00:00:00-04:00,97.09015402674522,99.6376883182945,96.80607935398723,98.95956420898438,12762600
2022-09-29 00:00:00-04:00,98.00653218998973,98.30893832370536,95.6697746810847,97.28260040283203,12713900
2022-09-30 00:00:00-04:00,97.19095971185767,98.62051284089952,95.66977725616037,95.76141357421875,15973400
2022-10-03 00:00:00-04:00,96.7877646101113,99.29863623834855,95.72476367775484,98.72132110595703,12248100
2022-10-04 00:00:00-04:00,101.36047282541023,103.54144783308098,100.67318999203555,103.33984375,16013600
2022-10-05 00:00:00-04:00,101.47221389217445,102.58170224754564,100.62160568279288,102.0639419555664,10943500
2022-10-06 00:00:00-04:00,101.20406710381754,101.87901054744121,99.7987149793053,99.98362731933594,11521400
2022-10-07 00:00:00-04:00,99.4104131661769,99.58608487183628,97.33011706677853,97.986572265625,11681100
2022-10-10 00:00:00-04:00,98.67999527596226,99.21624397154699,96.63667619768087,97.07122802734375,8931700
2022-10-11 00:00:00-04:00,96.49800710853047,96.65518334771437,94.16807145845762,94.269775390625,12739700
2022-10-12 00:00:00-04:00,94.12183082774065,96.83083853679516,93.64104740244561,95.7953109741211,13181000
2022-10-13 00:00:00-04:00,94.28827824745021,101.61091961331793,94.0848703671834,101.12089538574219,22398700
2022-10-14 00:00:00-04:00,103.51551683527647,106.5481246562342,102.36904469529462,102.80359649658203,33387100
2022-10-17 00:00:00-04:00,106.70531205897753,108.1846321443908,105.69752062163202,107.12136840820312,22276300
2022-10-18 00:00:00-04:00,110.6347612213072,111.07855372572234,108.13840193164204,109.87660217285156,21539700
2022-10-19 00:00:00-04:00,109.09072732191753,109.86737488021511,106.9457111453157,107.72235870361328,17072000
2022-10-20 00:00:00-04:00,108.32332904516313,109.75641763262496,106.92721729073263,107.37100982666016,12207400
2022-10-21 00:00:00-04:00,107.67611066165193,113.15884614253234,107.55591833162632,113.01091766357422,20593300
2022-10-24 00:00:00-04:00,112.86300372374154,113.81531597371169,112.17881938800814,113.14962005615234,12624200
2022-10-25 00:00:00-04:00,112.6595617961019,113.97245776219108,111.77196985900132,113.44544982910156,11289100
2022-10-26 00:00:00-04:00,113.72283518159631,115.75689933074233,113.61188353467853,114.74911499023438,11667000
2022-10-27 00:00:00-04:00,115.75691552999595,116.6814915551683,114.8415872401828,115.2021713256836,10727600
2022-10-28 00:00:00-04:00,115.84012551034374,116.75545375646097,114.69365326896778,116.57054138183594,11859500
2022-10-31 00:00:00-04:00,116.21919616106848,117.81871568676551,116.11749224044269,116.3856201171875,13295200
2022-11-01 00:00:00-04:00,117.30094889933004,118.60459727168887,116.80167705865396,118.4843978881836,13386900
2022-11-02 00:00:00-04:00,118.02212165838785,120.52772164129821,117.08829797195993,117.3934097290039,16546100
2022-11-03 00:00:00-04:00,116.78319177083767,118.51214436843179,116.41336701568612,117.60606384277344,12474400
2022-11-04 00:00:00-04:00,119.72335947533648,120.96228801384352,118.77104725909035,120.82359313964844,14953200
2022-11-07 00:00:00-05:00,121.1194516290445,122.31214841852203,120.63866817618016,121.46154022216797,12011200
2022-11-08 00:00:00-05:00,121.34136176805379,122.09950676724323,120.32432250436136,121.53551483154297,9884100
2022-11-09 00:00:00-05:00,121.4153223778536,121.51701219031175,119.47370721007265,119.9544906616211,9494000
2022-11-10 00:00:00-05:00,122.62649285643379,125.04887693766456,122.53402963328007,124.8917007446289,16351600
2022-11-11 00:00:00-05:00,124.99342699991585,125.8995074956498,123.6897715030098,125.09513092041016,10704700
2022-11-14 00:00:00-05:00,124.63286210047784,125.49271110857165,123.80998992919922,123.80998992919922,11085600
2022-11-15 00:00:00-05:00,124.52186941416352,125.47419552435314,121.67418819493219,122.91311645507812,14038300
2022-11-16 00:00:00-05:00,122.96860709212768,123.48636739103947,122.07176725011621,123.07955169677734,7893400
2022-11-17 00:00:00-05:00,122.0440319815209,122.8669040570799,121.37833613298888,122.54329681396484,8820200
2022-11-18 00:00:00-05:00,124.42021285837188,124.5126620038549,122.30292568367324,123.7452621459961,9468500
2022-11-21 00:00:00-05:00,123.6527835293775,124.41092841645519,122.73744832741083,123.01482391357422,7800500
2022-11-22 00:00:00-05:00,123.89318349949001,125.06739896496119,123.60656719791352,124.854736328125,9185700
2022-11-23 00:00:00-05:00,124.76225572378185,126.20459165688116,124.68828796978873,126.18609619140625,7316200
2022-11-25 00:00:00-05:00,126.18611490876208,126.79633838879062,125.7977947236281,126.426513671875,3220500
2022-11-28 00:00:00-05:00,125.80706879573377,126.39879689824559,124.06886132239435,124.216796875,9906900
2022-11-29 00:00:00-05:00,124.50338992200528,126.3340461926546,124.27224595472453,126.26007843017578,7925300
2022-11-30 00:00:00-05:00,125.8255285835747,127.75788879394531,123.1442641649299,127.75788879394531,14761200
2022-12-01 00:00:00-05:00,127.75788342742307,128.20168999049824,125.2152998549245,125.96421813964844,8858500
2022-12-02 00:00:00-05:00,124.34622641019595,125.14136230312384,123.2829555874232,124.96569061279297,8931900
2022-12-05 00:00:00-05:00,124.1150828397859,124.42019460172425,120.74962688555479,121.46154022216797,10154500
2022-12-06 00:00:00-05:00,123.32917159620258,124.91944318076214,120.07466066641702,121.66493225097656,13966700
2022-12-07 00:00:00-05:00,121.4060467844829,123.0425499107223,120.49996644514613,121.58171844482422,11739400
2022-12-08 00:00:00-05:00,122.3491235897468,122.95009224744453,121.51699686227167,122.8576431274414,8907300
2022-12-09 00:00:00-05:00,122.2289476587072,123.67128400014992,122.04403527532669,122.19197082519531,7957800
2022-12-12 00:00:00-05:00,122.41385455741163,124.49415052003471,121.67420505702913,124.08734893798828,8841600
2022-12-13 00:00:00-05:00,126.56520404718822,126.75011641972054,123.04257185657714,123.96714782714844,10025400
2022-12-14 00:00:00-05:00,123.68979832254927,125.47423765852021,122.74672668329046,123.34770965576172,9966100
2022-12-15 00:00:00-05:00,121.25813173026505,122.11799471073402,119.31653067549726,120.28733825683594,12087800
2022-12-16 00:00:00-05:00,119.40897393750946,120.10240587467946,118.74327814919356,119.53841400146484,21133700
2022-12-19 00:00:00-05:00,119.87125619982066,121.42455100138771,119.35349596860104,120.25033569335938,9017200
2022-12-20 00:00:00-05:00,121.09172011776286,122.09026389293138,120.37979264596574,120.83283996582031,8549900
2022-12-21 00:00:00-05:00,122.21045218799598,122.95011582942855,121.83138673983463,122.19197082519531,8051700
2022-12-22 00:00:00-05:00,121.21192282598966,121.39683520987333,118.72481105520909,120.80510711669922,8648200
2022-12-23 00:00:00-05:00,120.73114885564915,121.5262848661283,119.86204506420547,121.37834930419922,5091900
2022-12-27 00:00:00-05:00,121.6464736719592,122.24744244154189,120.7034021817415,121.80364990234375,5411000
2022-12-28 00:00:00-05:00,121.90533797107096,123.34767411677514,121.12868349361527,122.46932983398438,8827700
2022-12-29 00:00:00-05:00,122.9038773963336,123.21824394936257,122.33064480724447,123.17201232910156,6585200
2022-12-30 00:00:00-05:00,122.7929457065109,124.19830528435155,122.4508570748442,123.98565673828125,9292500
2023-01-03 00:00:00-05:00,125.03966965650287,126.4265337267963,123.79148635007445,124.9287109375,11054800
2023-01-04 00:00:00-05:00,125.73309725421527,127.29561886762211,125.34477702118721,126.09368133544922,11687600
2023-01-05 00:00:00-05:00,126.35449122293095,126.40106434687239,124.52892993412944,126.06575775146484,8381300
2023-01-06 00:00:00-05:00,126.79223148923117,128.88789380185912,125.26472708317824,128.4780731201172,10029100
2023-01-09 00:00:00-05:00,129.09279002240004,129.35358238914282,127.4907716483412,127.94715118408203,8482300
2023-01-10 00:00:00-05:00,128.33833841583532,129.20455279171128,127.89126782202855,129.09278869628906,9048700
2023-01-11 00:00:00-05:00,129.3721879351154,130.1638881093571,128.6270750794958,130.0521240234375,8703700
2023-01-12 00:00:00-05:00,130.39677991322543,131.19778927260577,129.67028470496427,129.92176818847656,11001700
2023-01-13 00:00:00-05:00,126.29859782383485,133.6473870191893,125.55347054401255,133.20030212402344,20200000
2023-01-17 00:00:00-05:00,131.4864916525837,131.83110708446426,129.67956299829072,131.14187622070312,14292900
2023-01-18 00:00:00-05:00,129.3908357771105,131.07667726824099,127.05301335185757,127.20204162597656,13392600
2023-01-19 00:00:00-05:00,126.03778963087468,126.57799227370195,124.4264480039747,125.50688171386719,13303400
2023-01-20 00:00:00-05:00,125.88873836942804,126.19610381072332,124.38917533214183,125.81422424316406,13092500
2023-01-23 00:00:00-05:00,125.85150411134802,128.4967064799969,125.57209383659618,127.85403442382812,10487100
2023-01-24 00:00:00-05:00,127.06234236861914,130.66687726925733,125.7397482040752,128.95309448242188,6945000
2023-01-25 00:00:00-05:00,128.58052150745957,129.57711791992188,127.83539432652056,129.57711791992188,8967000
2023-01-26 00:00:00-05:00,129.85652808739243,130.45262692406783,128.86924072153477,130.37811279296875,7487600
2023-01-27 00:00:00-05:00,130.96492555553354,131.57033343473924,130.16391627153163,130.69482421875,7489900
2023-01-30 00:00:00-05:00,129.67958832481602,130.48059765133877,129.381545944686,129.58645629882812,6729300
2023-01-31 00:00:00-05:00,130.28498293798387,130.46195222574966,128.7667876925378,130.3594970703125,9188700
2023-02-01 00:00:00-05:00,128.7295928460628,131.21644445225388,128.6457555287259,130.01492309570312,8841800
2023-02-02 00:00:00-05:00,130.39678781300066,130.82524065486277,128.53397655852922,129.4095001220703,11822100
2023-02-03 00:00:00-05:00,128.7016240095664,132.56696592770845,128.65506509744642,131.41201782226562,11501200
2023-02-06 00:00:00-05:00,130.6109962002668,132.48313045013606,130.42471793282908,132.18507385253906,8406200
2023-02-07 00:00:00-05:00,131.68210658770164,134.4390587508407,131.49581412868693,133.79638671875,10447900
2023-02-08 00:00:00-05:00,132.86499131185334,134.1596444119659,132.52037581845053,132.85568237304688,6958000
2023-02-09 00:00:00-05:00,133.30274042376843,133.5076507550767,130.27567278012776,130.78794860839844,6443100
2023-02-10 00:00:00-05:00,130.1918214932311,131.5889293337326,129.08344699916134,131.36538696289062,6582900
2023-02-13 00:00:00-05:00,131.60756242308426,132.93946508605518,131.0859777659176,132.7904510498047,7134600
2023-02-14 00:00:00-05:00,132.725292508968,133.94543152054968,131.88703318849662,133.3772735595703,9249400
2023-02-15 00:00:00-05:00,131.89633116616562,134.01993453285192,131.60759774004632,133.9361114501953,6728300
2023-02-16 00:00:00-05:00,133.10716278336827,133.55423344185013,131.96152379108605,132.09193420410156,8165300
2023-02-17 00:00:00-05:00,131.30951350325904,133.03261897064874,130.46194549251427,132.48309326171875,7948800
2023-02-21 00:00:00-05:00,131.0394113480385,131.64481909625857,129.2324828277159,130.0521240234375,9996300
2023-02-22 00:00:00-05:00,129.390817939092,129.86582950872716,128.01234212382633,129.05551147460938,11107500
2023-02-23 00:00:00-05:00,129.21386266685136,130.55508867012486,128.47805867978445,130.08938598632812,8068000
2023-02-24 00:00:00-05:00,129.56781935517012,131.6634817250216,129.40015897527957,131.26296997070312,9126900
2023-02-27 00:00:00-05:00,132.36201148598914,133.47969503510043,131.99876397722502,132.40858459472656,10014700
2023-02-28 00:00:00-05:00,133.13511858454643,133.89886378536326,132.1664488028744,133.51699829101562,11019800
2023-03-01 00:00:00-05:00,132.35270576257005,133.6194176055495,132.07328131547854,132.77183532714844,7139200
2023-03-02 00:00:00-05:00,132.48311423589823,132.66006933042848,129.96830819084622,131.39337158203125,11106800
2023-03-03 00:00:00-05:00,131.80317960186355,133.88022398003244,131.40268208173438,133.8057098388672,9513100
2023-03-06 00:00:00-05:00,133.6007975087355,134.1596322409515,132.87430240837136,133.02333068847656,9261300
2023-03-07 00:00:00-05:00,132.26889923495622,132.54832374701917,128.35699870243823,129.11143493652344,11747600
2023-03-08 00:00:00-05:00,128.53394975296376,129.08347554752075,127.50008915385733,128.34767150878906,10002500
2023-03-09 00:00:00-05:00,127.37900485816044,127.92854487759995,120.35621398362,121.39938354492188,25888100
2023-03-10 00:00:00-05:00,120.11402869865132,125.9818704726114,119.05222016365482,124.48230743408203,37599700
2023-03-13 00:00:00-04:00,122.20972116393081,124.69657212832854,120.53318843171887,122.2469711303711,42901100
2023-03-14 00:00:00-04:00,126.00052659363065,126.23337795327473,122.28421377734838,125.38579559326172,29648100
2023-03-15 00:00:00-04:00,121.99548300572502,122.00480615606881,118.03701691216072,119.4620590209961,34280600
2023-03-16 00:00:00-04:00,119.2292091534464,122.89894898088174,117.37571425698644,121.78126525878906,24558500
2023-03-17 00:00:00-04:00,119.57381794989983,119.66694995339917,116.84479300804942,117.18009948730469,38396000
2023-03-20 00:00:00-04:00,118.2791796638236,120.58906837597486,117.36640627475937,118.41889190673828,22875500
2023-03-21 00:00:00-04:00,121.63222066361494,122.6940221890498,121.25966421024464,121.594970703125,17807800
2023-03-22 00:00:00-04:00,121.60429412497828,121.69744035547473,118.36300711579763,118.45614624023438,17250200
2023-03-23 00:00:00-04:00,119.12675995339434,120.64494829753855,117.37571313780303,118.13946533203125,16677600
2023-03-24 00:00:00-04:00,117.01245619019491,117.05902930196044,114.66531774203082,116.34185028076172,22311100
2023-03-27 00:00:00-04:00,118.09289887713624,120.50524270860102,117.62719614811813,119.6762924194336,18853900
2023-03-28 00:00:00-04:00,119.88119830592825,120.4679740584626,118.97772680215019,120.03953552246094,10820500
2023-03-29 00:00:00-04:00,121.17586331233446,121.28762742637217,119.00567964861354,120.28170776367188,14595300
2023-03-30 00:00:00-04:00,121.03614077863185,121.19447800673328,118.89391241180665,119.91845703125,12134700
2023-03-31 00:00:00-04:00,120.76602923925783,121.3993780981695,120.01159312879946,121.3714370727539,13105200
2023-04-03 00:00:00-04:00,120.9988762552352,122.42392534882397,120.53317356551028,121.23172760009766,11775400
2023-04-04 00:00:00-04:00,121.54839348427596,121.63221655163285,118.67035447475182,119.61106872558594,11579900
2023-04-05 00:00:00-04:00,119.02907938933363,120.29633619977899,118.70991252623699,119.78943634033203,9614700
2023-04-06 00:00:00-04:00,119.21682275792045,120.23063682777145,119.08540321129104,119.65802001953125,8760200
2023-04-10 00:00:00-04:00,118.78501262654797,120.37143631574664,118.48462407340136,120.05227661132812,9477300
2023-04-11 00:00:00-04:00,120.43715065972816,121.03792775310147,119.72372517566188,120.64366912841797,10516300
2023-04-12 00:00:00-04:00,121.2632125961424,122.43660649875403,120.21185624297229,120.62489318847656,11821000
2023-04-13 00:00:00-04:00,120.58735151336242,121.1317936821894,119.05724127282645,121.08486938476562,12450200
2023-04-14 00:00:00-04:00,126.86736389961706,130.59406469351157,126.63268508047337,130.22796630859375,43931300
2023-04-17 00:00:00-04:00,131.3731850599719,131.47644430152636,129.223533624992,131.2605438232422,16050500
2023-04-18 00:00:00-04:00,131.67357560553415,133.09103029865304,130.50956368507917,132.73431396484375,13760100
2023-04-19 00:00:00-04:00,132.57473538845093,132.82819248721285,131.7956001023727,132.5653533935547,9158100
2023-04-20 00:00:00-04:00,131.33561270994062,132.76244912762158,131.26989578777787,132.18045043945312,10586200
2023-04-21 00:00:00-04:00,131.1760413997785,132.4620763872215,130.27486868264657,131.927001953125,11842500
2023-04-24 00:00:00-04:00,131.8519496528658,132.45272683689151,131.45767664503393,132.1053924560547,7567500
2023-04-25 00:00:00-04:00,131.04463780444166,131.38257582399962,129.19536785347964,129.23291015625,10629300
2023-04-26 00:00:00-04:00,129.18598021428377,129.3643383926522,125.78783580084611,126.94245147705078,14416100
2023-04-27 00:00:00-04:00,127.66525568797654,129.45820499597775,127.34609598643402,128.65090942382812,9041100
2023-04-28 00:00:00-04:00,128.19091103346244,129.84305850942042,127.35545530251673,129.76795959472656,9887300
2023-05-01 00:00:00-04:00,133.54163628938056,134.583610867704,132.19928025690874,132.54660034179688,20415800
2023-05-02 00:00:00-04:00,132.73430513882255,133.68241652644966,129.94632023565427,130.4062957763672,14113400
2023-05-03 00:00:00-04:00,129.9557377552297,130.17163824588116,127.43997350945571,127.64649200439453,12930900
2023-05-04 00:00:00-04:00,126.68900618044792,127.40242455614329,123.73204478827054,125.90047454833984,17089200
2023-05-05 00:00:00-04:00,128.0782916604132,129.4300437080676,127.58077379893709,128.3599090576172,11261400
2023-05-08 00:00:00-04:00,129.06396694442347,129.51454626100983,128.11585535960975,128.66970825195312,7484900
2023-05-09 00:00:00-04:00,127.5995163739126,128.5570096342542,126.9236547871665,128.05010986328125,7343600
2023-05-10 00:00:00-04:00,129.49577262064992,129.59903187647697,126.6045277811514,128.11585998535156,8133400
2023-05-11 00:00:00-04:00,126.72657288053968,128.42564538070803,126.63269561560877,127.71222686767578,7057300
2023-05-12 00:00:00-04:00,128.4349892168052,128.5945690430482,124.97112868178164,125.88168334960938,9988600
2023-05-15 00:00:00-04:00,126.04129291345689,127.35548845355511,125.75029349555349,126.94245147705078,7639500
2023-05-16 00:00:00-04:00,127.15836102061431,127.60894028375941,125.75028829008642,126.08822631835938,6477200
2023-05-17 00:00:00-04:00,127.571376771963,130.09652269089167,127.15835415850178,129.96510314941406,12711500
2023-05-18 00:00:00-04:00,129.79615941925783,131.16667563968596,129.31740548276412,130.95077514648438,10999600
2023-05-19 00:00:00-04:00,131.22297688858401,131.88008891431372,129.66472071613862,130.65036010742188,13492200
2023-05-22 00:00:00-04:00,132.35883160323743,132.9596087056534,129.22352654761832,129.5708465576172,11402500
2023-05-23 00:00:00-04:00,129.1108774941843,130.50956824657774,128.09707772078264,128.21910095214844,9514900
2023-05-24 00:00:00-04:00,127.10202832106606,127.99381919171971,126.8016469148907,127.04570770263672,8578000
2023-05-25 00:00:00-04:00,126.55755439078693,127.91868818157756,126.33225764990964,127.35545349121094,8472500
2023-05-26 00:00:00-04:00,127.76853308172117,129.16722395889101,127.31795377294043,128.54766845703125,8579900
2023-05-30 00:00:00-04:00,128.4162112811747,129.2798273382363,127.68401474749955,129.0357666015625,7399900
2023-05-31 00:00:00-04:00,128.35051500293292,128.45377423960687,126.16330704331611,127.39303588867188,14219900
2023-06-01 00:00:00-04:00,128.15341683206634,129.75861197463715,127.14898458519723,129.14845275878906,12248100
2023-06-02 00:00:00-04:00,131.0070483571405,132.8093792353639,130.8005299345016,131.8612823486328,12922500
2023-06-05 00:00:00-04:00,131.5233809197483,131.5233809197483,129.66472892375828,130.56588745117188,8511900
2023-06-06 00:00:00-04:00,130.1810121805009,131.51400031934904,129.73982923080433,130.80056762695312,9329500
2023-06-07 00:00:00-04:00,130.9976907119284,132.61228177610948,130.3218147165198,132.0678253173828,9281400
2023-06-08 00:00:00-04:00,132.04907183312383,132.2555903329756,130.93199839946868,132.1053924560547,7368100
2023-06-09 00:00:00-04:00,131.74868395209361,133.10981812635623,131.61726439713703,132.36822509765625,7249100
2023-06-12 00:00:00-04:00,132.42455788061736,132.65923667661448,131.19482895772052,132.3588409423828,7596600
2023-06-13 00:00:00-04:00,131.87068550676506,134.11421389129723,131.55152582915244,133.31631469726562,7701600
2023-06-14 00:00:00-04:00,134.23625649474494,134.8088732667247,132.07720894513335,132.8188018798828,9068700
2023-06-15 00:00:00-04:00,131.9739669965915,134.61175442612577,131.44828877451943,134.3207550048828,9343100
2023-06-16 00:00:00-04:00,134.28319401808403,135.14681016615265,133.76689786335405,134.48031616210938,13813500
2023-06-20 00:00:00-04:00,133.87017339669265,134.2362717466919,132.39638367768478,133.79507446289062,8428600
2023-06-21 00:00:00-04:00,134.14238834568462,135.19375904703173,133.00655104271297,133.5979461669922,9926500
2023-06-22 00:00:00-04:00,133.5885520215995,133.86078743903076,130.43446851356103,131.02586364746094,10075200
2023-06-23 00:00:00-04:00,130.04957773104178,130.65035479474497,129.18596159719687,130.34059143066406,9919500
2023-06-26 00:00:00-04:00,130.35936380847232,131.42949846967983,129.25168684496631,130.65975952148438,8429700
2023-06-27 00:00:00-04:00,130.48140351484898,131.2699207890598,130.04958825116807,130.6691436767578,8154000
2023-06-28 00:00:00-04:00,130.63164756646339,130.67858620445259,129.50519187302848,130.09657287597656,7558600
2023-06-29 00:00:00-04:00,131.48585356744434,134.7619606632815,131.279335064,134.63992309570312,15423200
2023-06-30 00:00:00-04:00,135.73820094124056,137.05239627192034,134.85580650907494,136.52671813964844,14212800
2023-07-03 00:00:00-04:00,137.23077186825142,138.44170812520798,137.05241369562958,137.62503051757812,8021600
2023-07-05 00:00:00-04:00,136.99177289990052,137.45489301705248,136.44357724802387,136.70822143554688,8934900
2023-07-06 00:00:00-04:00,135.17706060606832,135.52676589823656,133.683703055419,135.3566436767578,9709500
2023-07-07 00:00:00-04:00,136.01825465749548,137.84241023098767,135.15815385350504,136.42466735839844,8981500
2023-07-10 00:00:00-04:00,136.57588191389272,137.9841782065254,136.57588191389272,137.1902313232422,9100100
2023-07-11 00:00:00-04:00,138.31499304074333,139.7138430776228,137.71955083325997,139.3357696533203,11260900
2023-07-12 00:00:00-04:00,139.36413107551158,141.65142133661465,138.9388110688898,140.02574157714844,11323200
2023-07-13 00:00:00-04:00,140.54556201162572,141.17881871057477,139.64766115257927,140.70623779296875,11234900
2023-07-14 00:00:00-04:00,143.2392715913975,144.5057849236938,140.27146415943682,141.556884765625,27028400
2023-07-17 00:00:00-04:00,142.10509377594764,145.31863838441882,142.10509377594764,144.96893310546875,17262400
2023-07-18 00:00:00-04:00,144.96892213278474,145.9329767891415,144.43963382999488,145.2335662841797,13491700
2023-07-19 00:00:00-04:00,144.37347122761187,146.69857570240228,143.87253660559233,145.7912139892578,12510000
2023-07-20 00:00:00-04:00,146.05587835349277,148.0029097079431,145.9424635319216,147.5870361328125,9935900
2023-07-21 00:00:00-04:00,147.25619779040136,147.57754931158073,146.20706771194367,146.4528045654297,10636400
2023-07-24 00:00:00-04:00,146.47174702287958,150.0822581348991,146.2449029653077,149.33558654785156,14381400
2023-07-25 00:00:00-04:00,148.67394949090556,149.07091570415795,147.4074361788111,148.22027587890625,9944700
2023-07-26 00:00:00-04:00,148.11631052969997,149.57185334132768,147.70988346034667,149.1087188720703,8728600
2023-07-27 00:00:00-04:00,149.11820578572036,150.07281416902694,147.01994509034975,147.46417236328125,10778400
2023-07-28 00:00:00-04:00,148.6550488839012,148.9575075868142,147.86111642179168,148.3053436279297,9103800
2023-07-31 00:00:00-04:00,148.56053574199896,150.63990339275125,148.53218203967285,149.2977752685547,8892700
2023-08-01 00:00:00-04:00,148.79683736010875,149.3355865887295,147.5870312301141,148.560546875,6853900
2023-08-02 00:00:00-04:00,147.02937266535088,147.15224831888227,145.49821510852917,146.87814331054688,8299400
2023-08-03 00:00:00-04:00,146.50008773681375,148.31479677039448,145.88573829898567,147.77606201171875,6084000
2023-08-04 00:00:00-04:00,147.82332409946116,149.1465594906286,147.1617136148909,147.46417236328125,6209400
2023-08-07 00:00:00-04:00,148.0123440323078,149.05201336178683,148.0123440323078,148.16355895996094,7251800
2023-08-08 00:00:00-04:00,145.85741292851418,147.42637095409896,144.22227221553078,147.3318634033203,8623400
2023-08-09 00:00:00-04:00,146.80257172877367,146.99160124818755,145.05401622463242,145.35646057128906,6277800
2023-08-10 00:00:00-04:00,145.91410833506913,146.9159777074465,144.6948413275329,145.13906860351562,5995100
2023-08-11 00:00:00-04:00,144.6381420545946,146.04643864938976,144.26008301726742,145.9802703857422,5180700
2023-08-14 00:00:00-04:00,145.18630840748784,146.42446808979585,144.53414444119738,146.28269958496094,5044300
2023-08-15 00:00:00-04:00,144.4680080086143,144.86497429197647,141.99167392379331,142.55877685546875,10300300
2023-08-16 00:00:00-04:00,142.34137723309698,142.68163606845835,141.47181565893183,141.953857421875,6978200
2023-08-17 00:00:00-04:00,142.6060146497314,142.965166320838,140.2620030404894,140.47940063476562,9953900
2023-08-18 00:00:00-04:00,139.55314539081465,141.30170063233274,139.35466947294978,140.80076599121094,8517500
2023-08-21 00:00:00-04:00,141.44348219978474,141.86881662137475,139.9028780048332,141.28280639648438,8327000
2023-08-22 00:00:00-04:00,141.07487038608625,141.43403654957152,137.8518790305932,138.35281372070312,9673300
2023-08-23 00:00:00-04:00,138.32445836995967,139.49644996818782,137.48326480392976,139.28851318359375,7858000
2023-08-24 00:00:00-04:00,139.4113561543249,141.21661853259198,138.92932886056724,139.15615844726562,6534000
2023-08-25 00:00:00-04:00,139.203451937629,140.46996549930876,137.85187726106636,138.98606872558594,6695500
2023-08-28 00:00:00-04:00,139.47755472158863,140.46051679570425,139.06168115953045,139.4680938720703,5094100
2023-08-29 00:00:00-04:00,139.6098712013941,140.68735519519547,139.10892212395314,140.60227966308594,6337000
2023-08-30 00:00:00-04:00,140.4699531534528,140.97088779310553,139.11837859567956,140.03518676757812,6277300
2023-08-31 00:00:00-04:00,140.129697529157,140.214773060549,137.95583670566558,138.3055419921875,10933900
2023-09-01 00:00:00-04:00,138.07871337147864,139.95959094685168,137.71010076768496,138.76869201660156,7903500
2023-09-05 00:00:00-04:00,139.09001123044766,140.08243398545335,137.0579047469552,137.23748779296875,7854700
2023-09-06 00:00:00-04:00,136.76494504929482,137.5588777059369,136.2073029039411,137.0106964111328,8629200
2023-09-07 00:00:00-04:00,136.2261580571825,137.30364179948586,135.52673321946799,135.83863830566406,8373700
2023-09-08 00:00:00-04:00,135.50786137813657,136.2167328261026,134.82734363432706,135.94264221191406,7107900
2023-09-11 00:00:00-04:00,136.81217652578113,137.0957279625712,135.81030728154468,136.5380859375,6854200
2023-09-12 00:00:00-04:00,136.57589277056198,139.24125621640766,136.15057280550866,138.3149871826172,8363200
2023-09-13 00:00:00-04:00,139.26015824164483,139.6004171205013,137.823522461608,138.38116455078125,8325900
2023-09-14 00:00:00-04:00,139.73274779499476,141.6797792238606,139.4303034519031,141.0654296875,10034900
2023-09-15 00:00:00-04:00,140.75351978588003,141.51909867919093,140.17697040343165,140.64955139160156,19863400
2023-09-18 00:00:00-04:00,140.03520322945775,140.96145793705688,139.6476833541259,140.9425506591797,6512400
2023-09-19 00:00:00-04:00,141.3016885997896,141.50962534881546,139.13727443114246,140.762939453125,7943400
2023-09-20 00:00:00-04:00,141.44345548523634,142.01055832556247,140.01626638051553,140.16749572753906,7332000
2023-09-21 00:00:00-04:00,139.48699475882626,140.68735440849775,138.58909383935037,139.0711212158203,8052400
2023-09-22 00:00:00-04:00,139.212884032162,139.4208207951516,137.22805277911417,137.73843383789062,7071700
2023-09-25 00:00:00-04:00,137.37929111046418,138.4851288283916,135.81976528618725,138.41896057128906,7044700
2023-09-26 00:00:00-04:00,136.67040908600976,137.84240054826023,136.3206893950259,136.9822998046875,7468400
2023-09-27 00:00:00-04:00,137.22804828967273,138.07868816714648,136.58533074636094,137.7856903076172,6717800
2023-09-28 00:00:00-04:00,138.25830001435864,140.70626620049762,138.00310222916187,139.4964599609375,8868100
2023-09-29 00:00:00-04:00,140.45107978151157,140.60229474164558,136.91616868912737,137.06739807128906,11917800
2023-10-02 00:00:00-04:00,136.88780993307262,137.63448154415704,134.8084564821515,135.8859405517578,9170600
2023-10-03 00:00:00-04:00,135.34716851944313,135.71578104903912,134.54378963290048,134.88404846191406,9431100
2023-10-04 00:00:00-04:00,135.33772328426525,135.60236744004644,134.14681016122506,135.48895263671875,8128700
2023-10-05 00:00:00-04:00,135.24140407917886,136.2506805403231,134.08932754409395,136.06024169921875,8576200
2023-10-06 00:00:00-04:00,136.06977263324086,138.89761799371698,135.33662377315048,138.1549530029297,10270600
2023-10-09 00:00:00-04:00,136.78387239130825,138.44057986808556,136.63152713206975,137.8407440185547,6964900
2023-10-10 00:00:00-04:00,138.45960167681886,139.74499096101405,138.32630323114566,138.6785888671875,11288800
2023-10-11 00:00:00-04:00,139.4974479049693,140.18298702545476,138.07877448409943,139.15467834472656,8698200
2023-10-12 00:00:00-04:00,139.2975150564194,139.92592837249737,138.1835175570688,138.83096313476562,10484400
2023-10-13 00:00:00-04:00,141.39222103840595,145.7815693568303,140.76380768029736,140.91615295410156,29427000
2023-10-16 00:00:00-04:00,142.296739758379,142.36339626021208,139.69741222732762,140.77333068847656,12663500
2023-10-17 00:00:00-04:00,140.5067520328286,142.16345979366602,139.76407239881138,140.46865844726562,11482700
2023-10-18 00:00:00-04:00,139.57360820497632,140.4210086362249,138.4120011605535,138.92616271972656,9620300
2023-10-19 00:00:00-04:00,138.51673884994236,139.98303640086567,137.94546597674957,138.33583068847656,11143600
2023-10-20 00:00:00-04:00,137.6503194431313,138.19302945151148,135.31757443481777,136.10784912109375,13332900
2023-10-23 00:00:00-04:00,136.09833654527492,136.8029079615198,133.99410937041876,134.25119018554688,10133400
2023-10-24 00:00:00-04:00,134.43211747139384,134.94626464626407,133.6418426521826,134.41307067871094,8881400
2023-10-25 00:00:00-04:00,133.84177704325438,134.42256611040705,132.8325005847285,133.67990112304688,8242600
2023-10-26 00:00:00-04:00,133.07053844381778,134.88912191359694,132.7563317818839,134.02267456054688,9109400
2023-10-27 00:00:00-04:00,132.29930131198498,132.44213043662663,128.7192749923256,129.19534301757812,17434700
2023-10-30 00:00:00-04:00,129.90944007114453,131.43284897643716,129.52857694848944,130.842529296875,9855500
2023-10-31 00:00:00-04:00,131.11867762913826,132.57544479880684,130.89015971937744,132.404052734375,9672500
2023-11-01 00:00:00-04:00,132.58493950187864,133.80367243340865,131.84227457574136,132.28977966308594,9432000
2023-11-02 00:00:00-04:00,133.38474970695052,134.70821837372014,132.56591203717937,134.65109252929688,10186200
2023-11-03 00:00:00-04:00,135.38422865912943,136.88860537693347,135.06050588564386,136.15545654296875,9538700
2023-11-06 00:00:00-05:00,136.31732948085772,137.288512412053,135.95551309839496,137.18377685546875,7625100
2023-11-07 00:00:00-05:00,136.64104316759799,137.35514522528302,135.98408147842036,137.1171112060547,6297900
2023-11-08 00:00:00-05:00,137.21230260963293,137.90735773590177,136.7457507969645,137.79310607910156,7618200
2023-11-09 00:00:00-05:00,138.4786626305155,138.6786030552605,136.82194075470156,137.38369750976562,7992500
2023-11-10 00:00:00-05:00,138.00259133572115,139.46887435315006,137.1837538113683,139.4212646484375,7983300
2023-11-13 00:00:00-05:00,138.72621080025883,139.2498885003074,138.21206375831073,138.80238342285156,6676300
2023-11-14 00:00:00-05:00,139.65931419733056,142.10631091334398,139.50698346510433,141.3350830078125,9927700
2023-11-15 00:00:00-05:00,141.3541125789678,142.9727408231984,141.3541125789678,142.57284545898438,8365300
2023-11-16 00:00:00-05:00,142.90609839977253,144.27717665687527,142.90609839977253,144.2010040283203,8126200
2023-11-17 00:00:00-05:00,144.91509792293098,145.54351117681955,144.28668466904244,145.50543212890625,7812400
2023-11-20 00:00:00-05:00,144.80086530590324,146.39093090960563,144.64852003731698,145.95294189453125,7019000
2023-11-21 00:00:00-05:00,145.86725690229986,146.2766830061606,145.26742100044763,145.6482696533203,7083500
2023-11-22 00:00:00-05:00,146.06718519558558,146.5146902715766,145.58158654420177,145.9910125732422,5174500
2023-11-24 00:00:00-05:00,146.2385734536382,147.04789491316575,145.94341360062845,146.1909637451172,3496900
2023-11-27 00:00:00-05:00,146.08621512693892,146.18143453546136,145.40069059365675,145.8577117919922,6259100
2023-11-28 00:00:00-05:00,145.88628776178052,146.50517038722398,145.41021973345684,146.1909637451172,6582700
2023-11-29 00:00:00-05:00,146.79081040440963,148.1809354045383,146.6289490222787,146.9336395263672,9126100
2023-11-30 00:00:00-05:00,147.49539286994312,148.65699996500146,146.9907619466653,148.60939025878906,9869800
2023-12-01 00:00:00-05:00,148.36183954608933,150.30419060735318,148.36183954608933,149.3330078125,8916000
2023-12-04 00:00:00-05:00,148.5522693504873,150.48510435359785,148.41897088573631,150.427978515625,9607500
2023-12-05 00:00:00-05:00,149.73291254732652,150.91356649970896,149.4567994806308,150.408935546875,9135600
2023-12-06 00:00:00-05:00,151.23728745575312,151.5991038056745,148.5332245469806,148.82838439941406,9366000
2023-12-07 00:00:00-05:00,149.19021075461634,149.78053049907243,148.67604911462075,149.28541564941406,8130900
2023-12-08 00:00:00-05:00,149.7329315523442,151.18018262469351,149.46633458223317,150.93263244628906,7369400
2023-12-11 00:00:00-05:00,150.9325921790752,151.67525704459868,150.58029200449715,151.48483276367188,8093900
2023-12-12 00:00:00-05:00,151.60861989861942,152.96065135267247,151.27538099659157,152.83688354492188,10223000
2023-12-13 00:00:00-05:00,152.8368965803763,154.27461691513594,152.12279447855528,153.35104370117188,12379100
2023-12-14 00:00:00-05:00,154.084160476499,156.95008441752987,153.96990881312436,156.14077758789062,13643000
2023-12-15 00:00:00-05:00,155.27435487389386,157.36905136044854,154.61737864904833,157.32144165039062,20309300
2023-12-18 00:00:00-05:00,157.9784302023214,159.1305213504684,157.7023171079503,158.27359008789062,8469600
2023-12-19 00:00:00-05:00,158.05459847553416,160.40637589223485,157.62614012029542,160.3873291015625,10345700
2023-12-20 00:00:00-05:00,159.9493713496461,161.30140305994743,158.48307341180026,158.5782928466797,10734700
2023-12-21 00:00:00-05:00,158.85437480725014,160.04454486759295,157.74989350442564,159.4827880859375,7601700
2023-12-22 00:00:00-05:00,159.48276212531422,160.1778172594492,159.22568136616374,159.38754272460938,6576300
2023-12-26 00:00:00-05:00,159.44470540544634,160.69200127572972,159.1780939518335,160.33018493652344,4683600
2023-12-27 00:00:00-05:00,159.80649458132476,161.3584808310641,159.55894446422272,161.2918243408203,6428600
2023-12-28 00:00:00-05:00,161.24424684612208,162.49154275455325,160.91099341524577,162.14877319335938,6320100
2023-12-29 00:00:00-05:00,161.86312409207517,162.52010027323502,161.51083841227057,161.95834350585938,6435100
2024-01-02 00:00:00-05:00,160.9966749848298,163.92925564889285,160.82529747610658,163.84356689453125,9977400
2024-01-03 00:00:00-05:00,163.63410176829163,163.80547928325578,162.21541382672396,163.1294708251953,9852300
2024-01-04 00:00:00-05:00,163.47435122253862,166.0705572172805,163.3785446534517,164.21202087402344,11972500
2024-01-05 00:00:00-05:00,164.26951043733862,166.09930786122962,164.26951043733862,165.03591918945312,10066000
2024-01-08 00:00:00-05:00,164.79644775390625,165.12216678275226,162.37269004378862,164.79644775390625,11229900
2024-01-09 00:00:00-05:00,164.41319375604527,164.57605322862534,162.95703331249527,163.49351501464844,9923600
2024-01-10 00:00:00-05:00,162.8612379033593,163.89588752185023,161.8553273338794,163.83840942382812,9670200
2024-01-11 00:00:00-05:00,163.1773901734868,163.20612922392672,161.5583554478897,163.14865112304688,11919500
2024-01-12 00:00:00-05:00,166.50166046764423,168.9062533664625,161.80741624247742,161.9511260986328,19436500
2024-01-16 00:00:00-05:00,157.94666093131482,161.03144564695285,157.40060436457583,160.93565368652344,17206400
2024-01-17 00:00:00-05:00,160.3129423831961,161.97030558173176,159.49864492712499,160.0734405517578,11107500
2024-01-18 00:00:00-05:00,160.10218227621107,160.494968794658,158.30113841397468,160.38958740234375,9382300
2024-01-19 00:00:00-05:00,160.51410852793856,163.4072943513664,160.06384397661594,163.158203125,13115700
2024-01-22 00:00:00-05:00,163.3019221540116,164.75808264802268,162.58341671700845,162.96661376953125,12837500
2024-01-23 00:00:00-05:00,162.54508413668046,162.6217264688559,161.366739342797,161.89364624023438,8360800
2024-01-24 00:00:00-05:00,162.2481127691283,163.82881892654672,161.7691091313614,163.34024047851562,9967100
2024-01-25 00:00:00-05:00,165.07423089153494,165.7256834386291,163.7330265563865,165.6777801513672,8873500
2024-01-26 00:00:00-05:00,165.3616153061402,165.79271560149414,164.56646761478433,165.04547119140625,7443000
2024-01-29 00:00:00-05:00,165.0071788069499,165.5819744028677,164.10664962684461,165.47659301757812,6971200
2024-01-30 00:00:00-05:00,165.5723880358486,169.3373493585278,165.5723880358486,168.86793518066406,10822100
2024-01-31 00:00:00-05:00,168.80087682836762,170.8126979280155,167.01898273434634,167.03814697265625,11521800
2024-02-01 00:00:00-05:00,166.3483989340028,167.49800485295836,164.23119621701684,166.4346160888672,9354800
2024-02-02 00:00:00-05:00,166.02265010918322,168.43683233787874,165.98432163521917,167.39259338378906,8607600
2024-02-05 00:00:00-05:00,166.55916285184333,167.7375078303953,165.65863358018984,167.1722869873047,7820200
2024-02-06 00:00:00-05:00,167.27764151152834,168.4847253479882,166.46332952613528,167.7470703125,6764800
2024-02-07 00:00:00-05:00,168.31232370327837,168.4847580199118,166.65497498193633,168.063232421875,7225500
2024-02-08 00:00:00-05:00,167.6512542715661,167.9482341545339,166.28131103902965,167.45965576171875,6060300
2024-02-09 00:00:00-05:00,167.65126808553677,167.74707465736927,166.37711669392303,167.6608428955078,6296700
2024-02-12 00:00:00-05:00,167.4405142059646,169.38526784949886,166.40586457100534,168.40809631347656,8539300
2024-02-13 00:00:00-05:00,167.9578676968848,168.82964333837177,165.3712359714486,166.94236755371094,8397600
2024-02-14 00:00:00-05:00,167.7183369693553,168.70508327150296,167.0956234834558,168.6380157470703,7056700
2024-02-15 00:00:00-05:00,168.7529691077419,172.64249077273533,168.7529691077419,172.31675720214844,8723400
2024-02-16 00:00:00-05:00,172.06768515146553,172.42214316112788,170.67857754324285,171.5120391845703,8152600
2024-02-20 00:00:00-05:00,171.66531498276106,172.8819882373571,170.91807052542617,172.18263244628906,9668000
2024-02-21 00:00:00-05:00,172.39342375179427,173.3897596052579,171.0234802258223,173.30352783203125,7024000
2024-02-22 00:00:00-05:00,174.18489140759863,175.71769429130376,173.62924542867003,175.3824005126953,9296500
2024-02-23 00:00:00-05:00,176.09129927335195,177.4229286828694,175.49733949325957,176.2637481689453,7105800
2024-02-26 00:00:00-05:00,176.03382425230393,176.71401580107593,174.8171510066002,175.6602020263672,7145400
2024-02-27 00:00:00-05:00,175.6123090112838,175.83264658868708,174.587248841427,175.74642944335938,5717100
2024-02-28 00:00:00-05:00,175.72728669011613,177.42296384570128,175.27703667012304,176.6374053955078,6131600
2024-02-29 00:00:00-05:00,177.86362911999925,178.60128417576158,176.12963834051115,178.246826171875,9643000
2024-03-01 00:00:00-05:00,177.90195704317333,178.61088772502615,177.32716141991548,177.50917053222656,6311800
2024-03-04 00:00:00-05:00,176.95352892532506,179.71257991723328,176.53200338846983,178.84078979492188,7063600
2024-03-05 00:00:00-05:00,178.5342250453487,181.35076859433357,178.5342250453487,180.63226318359375,6617800
2024-03-06 00:00:00-05:00,181.3028803430116,182.08845334054516,179.75091320489955,181.5711212158203,7572900
2024-03-07 00:00:00-05:00,181.9351781279422,182.5003989523278,178.79291521043658,179.9808349609375,7618300
2024-03-08 00:00:00-05:00,180.52689436305062,182.4620731636392,180.02872648390257,180.31613159179688,6172200
2024-03-11 00:00:00-04:00,179.41559665071196,180.526888569288,178.40011130436957,180.3831787109375,5762600
2024-03-12 00:00:00-04:00,181.0154467372591,182.17464181216428,180.01912574052128,181.86807250976562,5708400
2024-03-13 00:00:00-04:00,182.36627326879466,183.67873861401878,181.86810537139763,183.34344482421875,7795500
2024-03-14 00:00:00-04:00,183.00814508455193,183.5829553486229,179.24318317078706,180.07664489746094,10310900
2024-03-15 00:00:00-04:00,178.64918225909958,182.92190089143276,178.64918225909958,182.30877685546875,17214200
2024-03-18 00:00:00-04:00,182.6249332720875,184.6080007490843,181.91600261926007,184.56968688964844,9013800
2024-03-19 00:00:00-04:00,184.61760186984023,185.7863573820429,184.30145769185557,185.65223693847656,8478700
2024-03-20 00:00:00-04:00,186.0354362918315,188.3059088707096,185.47979031452184,188.0855712890625,9367000
2024-03-21 00:00:00-04:00,188.26759566341468,191.05538575190852,188.08557194045494,190.700927734375,11203800
2024-03-22 00:00:00-04:00,190.65302489235967,192.06129677346303,188.28674572441219,188.36338806152344,8108800
2024-03-25 00:00:00-04:00,188.34422876431154,188.6699477167768,186.19828728954033,186.63897705078125,8620000
2024-03-26 00:00:00-04:00,186.41861458155125,188.40169647073768,185.91087194305058,187.5107421875,5961500
2024-03-27 00:00:00-04:00,188.24843073927042,191.21825915794204,188.13347454330642,191.14161682128906,8725800
2024-03-28 00:00:00-04:00,191.11287144733137,192.29121627105735,190.20275286596726,191.88885498046875,8628300
2024-04-01 00:00:00-04:00,191.59187857143777,192.5019825513943,190.231510006592,190.58596801757812,7309000
2024-04-02 00:00:00-04:00,190.0590889867335,191.3907186984199,189.76210902929765,190.5093536376953,7014700
2024-04-03 00:00:00-04:00,190.68177067602005,191.179938575822,189.39804437463775,189.9728546142578,9353400
2024-04-04 00:00:00-04:00,191.90000369198225,192.410708039564,188.43106933312296,188.5274200439453,9243800
2024-04-05 00:00:00-04:00,189.0188703042211,190.90750898554447,188.00709223043438,190.26190185546875,6532300
2024-04-08 00:00:00-04:00,190.4257171626085,191.7362074873057,190.4257171626085,191.25440979003906,8001000
2024-04-09 00:00:00-04:00,190.85937544895748,191.63988548294424,187.8144100172181,189.9728546142578,7351500
2024-04-10 00:00:00-04:00,188.43109330669446,189.89576250853975,187.1109575411202,188.35400390625,7681400
2024-04-11 00:00:00-04:00,188.86470139056973,189.4139578348504,186.20518333764534,188.31544494628906,10137700
2024-04-12 00:00:00-04:00,181.46431691477588,182.0520960717655,175.89472123515532,176.1356201171875,31532300
2024-04-15 00:00:00-04:00,177.78336870412258,180.63561783679535,175.56709612650053,176.2319793701172,14766600
2024-04-16 00:00:00-04:00,176.2416050129826,176.49214924448614,173.10991974558794,174.2180633544922,16451800
2024-04-17 00:00:00-04:00,174.7673084398127,175.77908663989885,172.67630800139477,173.52427673339844,9017100
2024-04-18 00:00:00-04:00,174.50713892954175,176.68485931658026,173.4182713843728,174.65167236328125,9557700
2024-04-19 00:00:00-04:00,175.7597928603478,179.11311539639945,174.8058428364993,179.03602600097656,13402300
2024-04-22 00:00:00-04:00,179.2191232415869,183.2084078209713,179.2094778769642,182.51461791992188,11529700
2024-04-23 00:00:00-04:00,184.1719918434863,185.23193795193276,183.5841980666637,185.1452178955078,9144400
2024-04-24 00:00:00-04:00,183.5938388084488,186.1955435671471,183.24694386040238,186.05101013183594,6964900
2024-04-25 00:00:00-04:00,185.2512221550963,186.87970079080816,184.22016798330733,186.3304443359375,9802300
2024-04-26 00:00:00-04:00,186.52316483427794,187.77582706610977,186.03172178018212,186.44607543945312,6413700
2024-04-29 00:00:00-04:00,186.43642951373823,187.18803273189192,185.42465142674712,186.24371337890625,5387800
2024-04-30 00:00:00-04:00,185.79082028032872,187.89146582521732,184.66341546581035,184.75978088378906,8153700
2024-05-01 00:00:00-04:00,185.27050491712367,187.3807813464834,183.8443730368157,184.87542724609375,7445300
2024-05-02 00:00:00-04:00,186.04138186282856,186.4557208515815,182.6206150512481,184.68270874023438,6501700
2024-05-03 00:00:00-04:00,185.0103322613228,185.52103668973848,181.59921072970675,183.57456970214844,8922800
2024-05-06 00:00:00-04:00,184.7501553064273,185.20304635349385,182.90969913363128,185.0103302001953,7911100
2024-05-07 00:00:00-04:00,184.72122647131476,185.90644464013317,184.67304376294203,184.7694091796875,7688800
2024-05-08 00:00:00-04:00,184.0467076500154,189.49101537195588,184.0467076500154,188.5274200439453,9227600
2024-05-09 00:00:00-04:00,188.06489501433873,190.39679390170576,187.99745098830826,190.31007385253906,7977300
2024-05-10 00:00:00-04:00,191.31223696860485,192.08311628052726,191.0520767796797,191.53387451171875,7529800
2024-05-13 00:00:00-04:00,191.56278955355822,192.57456777562447,190.83044755880903,191.49533081054688,7049200
2024-05-14 00:00:00-04:00,191.75546856584114,194.24154625435682,190.94605202631448,194.17408752441406,8596200
2024-05-15 00:00:00-04:00,194.65590813494666,195.31116067512863,192.49746377505176,194.7522735595703,8370000
2024-05-16 00:00:00-04:00,194.85826801387446,197.0359883811209,194.63664518305498,195.0991668701172,8497900
2024-05-17 00:00:00-04:00,196.39038213409867,197.58524575986786,195.42678670459753,197.33470153808594,9260500
2024-05-20 00:00:00-04:00,196.94928058388155,198.3850431496676,188.28655188085736,188.4600067138672,17373300
2024-05-21 00:00:00-04:00,189.82829671705844,192.62271753868023,189.44286443245517,192.25656127929688,14420800
2024-05-22 00:00:00-04:00,191.75550519819114,193.6248828275257,190.4931974411231,191.0906219482422,9425300
2024-05-23 00:00:00-04:00,190.60882009466033,191.08098717440686,188.93217336474868,189.751220703125,8069400
2024-05-24 00:00:00-04:00,190.55099509409158,193.45141202711477,190.3679096110055,193.4032440185547,7356200
2024-05-28 00:00:00-04:00,192.58418437370676,193.11416480401974,191.42787279148718,192.23728942871094,6910200
2024-05-29 00:00:00-04:00,190.79189209985074,191.7458568535377,189.72230060146205,190.89788818359375,6120000
2024-05-30 00:00:00-04:00,191.33151370112188,192.5745600882193,191.17733489750825,192.073486328125,6829100
2024-05-31 00:00:00-04:00,192.04455220283393,195.89893352269695,191.12913958002605,195.25332641601562,14417900
2024-06-03 00:00:00-04:00,194.94496112073622,195.05095719096025,191.9385485155418,194.47280883789062,6444300
2024-06-04 00:00:00-04:00,192.8732633917263,194.62699941582753,191.0616992914751,191.90966796875,6848300
2024-06-05 00:00:00-04:00,192.48781544983936,192.54564352570372,189.7512079908949,190.07882690429688,8351600
2024-06-06 00:00:00-04:00,190.0788267225114,190.8111686497674,188.2190946247148,189.7415771484375,7640300
2024-06-07 00:00:00-04:00,190.24263389810582,193.60558715733387,189.83792559209,192.6708984375,6964500
2024-06-10 00:00:00-04:00,191.98678184820932,193.52852589958755,191.21590247086962,192.3433074951172,6070800
2024-06-11 00:00:00-04:00,190.70517529026583,190.7340819769337,186.55208133491664,187.28440856933594,9235300
2024-06-12 00:00:00-04:00,188.86469127501272,189.55848111310317,184.34542666697575,184.5574188232422,12751300
2024-06-13 00:00:00-04:00,185.31867945628954,187.4963998266889,183.93109968979465,186.60989379882812,8587800
2024-06-14 00:00:00-04:00,184.4803608174399,187.76622509533172,184.4514541278761,186.7255401611328,6874000
2024-06-17 00:00:00-04:00,186.43642762714947,188.45998378065488,185.6270110470667,187.88182067871094,8725400
2024-06-18 00:00:00-04:00,187.51568485250894,190.7533662286327,187.06279380411513,189.82830810546875,9023000
2024-06-20 00:00:00-04:00,189.24048853874228,192.18908793135557,188.97068301937233,191.43748474121094,8731100
2024-06-21 00:00:00-04:00,189.54885571502757,189.99210136076422,187.1494978997441,189.15377807617188,20972100
2024-06-24 00:00:00-04:00,190.6088079023479,191.97711163596483,189.92466338718907,191.63986206054688,9785900
2024-06-25 00:00:00-04:00,190.87859054336917,192.78651983469,190.54134100841267,190.8593292236328,6862500
2024-06-26 00:00:00-04:00,190.2619060295269,190.7340730618656,189.13450119227616,190.2426300048828,7758600
2024-06-27 00:00:00-04:00,190.25229544661778,192.58419476248764,189.7319456494045,191.9193115234375,7913500
2024-06-28 00:00:00-04:00,192.728700020479,195.22442314320017,192.04455555809727,194.89678955078125,15307600
2024-07-01 00:00:00-04:00,195.4557181473261,199.55099924140765,195.28227800563195,197.970703125,10205800
2024-07-02 00:00:00-04:00,197.81650964061552,201.25655256216248,197.31545057733877,201.22764587402344,7802900
2024-07-03 00:00:00-04:00,201.92142029855032,202.72120625004737,200.09058020489354,201.0927276611328,5560900
2024-07-05 00:00:00-04:00,200.55983012100543,200.92801531072178,198.166559856373,198.42816162109375,8093100
2024-07-08 00:00:00-04:00,198.6703899428391,200.47260930809625,197.63363736853518,198.79635620117188,8707000
2024-07-09 00:00:00-04:00,199.2420772065153,203.243768068706,199.06766124607273,201.17994689941406,9058900
2024-07-10 00:00:00-04:00,199.7362452589785,201.50939794954883,199.19364406542613,201.3446807861328,8328500
2024-07-11 00:00:00-04:00,199.80405397767697,201.6353401799566,198.99983630998767,201.00552368164062,10658100
2024-07-12 00:00:00-04:00,197.66270050334498,201.00552262843246,195.8217302851147,198.57350158691406,15443400
2024-07-15 00:00:00-04:00,200.75361079562126,205.03630099143194,200.29821024046566,203.52476501464844,10719700
2024-07-16 00:00:00-04:00,203.4763018043115,207.1001231684869,201.61594881913035,206.9838409423828,11557000
2024-07-17 00:00:00-04:00,207.15826659720184,210.8014561824825,206.64473232755455,210.1328887939453,11572500
2024-07-18 00:00:00-04:00,208.93141490981057,209.91003373180175,202.73992215128823,203.45692443847656,12415100
2024-07-19 00:00:00-04:00,204.63902343657583,205.75330730910804,202.42985331170013,203.2631378173828,8095900
2024-07-22 00:00:00-04:00,203.92202031861075,205.57889051305665,203.19531923355905,203.7476043701172,7663200
2024-07-23 00:00:00-04:00,204.46464899691966,204.9103507763713,202.84652947021343,203.79608154296875,5557300
2024-07-24 00:00:00-04:00,203.04029133995283,205.4432455165605,201.6062719683225,202.110107421875,7119000
2024-07-25 00:00:00-04:00,202.16823923465998,203.66040709970025,201.58688722802887,202.1876220703125,6403800
2024-07-26 00:00:00-04:00,202.73990905497504,206.53813143790077,202.1391594662797,205.64671325683594,8027800
2024-07-29 00:00:00-04:00,206.04398233686015,206.9741662638421,204.00922809779334,204.29991149902344,6533600
2024-07-30 00:00:00-04:00,206.60594735094418,209.08641788232848,206.34434562012905,208.50506591796875,8850700
2024-07-31 00:00:00-04:00,208.10781784368027,209.667803483179,206.06336479793686,206.1893310546875,9071600
2024-08-01 00:00:00-04:00,206.57690389817884,207.18733757545388,199.96877601050053,201.49969482421875,10918600
2024-08-02 00:00:00-04:00,197.54643056321328,198.31188254529528,190.7735710295601,192.95367431640625,18041700
2024-08-05 00:00:00-04:00,188.02179699836958,190.0759340006506,184.96964357079216,188.8453826904297,13927000
2024-08-06 00:00:00-04:00,189.32986865387653,196.306211581429,187.9733657428374,194.1164093017578,10605800
2024-08-07 00:00:00-04:00,197.1879178800858,199.35833717721835,193.98074602423208,194.17453002929688,9204400
2024-08-08 00:00:00-04:00,196.180222471866,198.54442565703408,195.52133914553448,197.7208251953125,7761200
2024-08-09 00:00:00-04:00,197.14916420781512,200.0559685970376,196.59686427717244,199.4067840576172,5540200
2024-08-12 00:00:00-04:00,199.99785008173868,200.70516839716132,197.33327918901625,199.78468322753906,6936000
2024-08-13 00:00:00-04:00,201.2768180938325,201.62563520668914,199.01919827795092,201.4803009033203,6387800
2024-08-14 00:00:00-04:00,201.28652524962934,204.2126977671037,200.6857756063299,203.7088623046875,6999800
2024-08-15 00:00:00-04:00,206.38311720863197,207.2454686093335,204.54214695964689,204.97816467285156,7001000
2024-08-16 00:00:00-04:00,205.11381260076865,207.43925023433258,205.01691320571518,207.32298278808594,7931200
2024-08-19 00:00:00-04:00,207.35206640976375,208.83453560832274,207.1776652262971,208.75701904296875,6090800
2024-08-20 00:00:00-04:00,208.3209805571364,209.28991535042542,207.04197953330453,207.85589599609375,5640000
2024-08-21 00:00:00-04:00,207.7686787205856,208.32097864437964,206.22807596174675,207.93341064453125,5202300
2024-08-22 00:00:00-04:00,207.91402560473358,210.06506198606058,207.68147593642723,209.9003448486328,5247100
2024-08-23 00:00:00-04:00,210.8402170417045,212.38081981547876,209.77438285463143,211.5281524658203,7214000
2024-08-26 00:00:00-04:00,212.20640182266425,212.85558635408168,211.27623270905207,212.36143493652344,5105200
2024-08-27 00:00:00-04:00,212.69088804295066,213.57262232321077,212.38083657255706,213.34007263183594,5185200
2024-08-28 00:00:00-04:00,212.43896777243532,215.30702145952048,212.38083404647628,214.41558837890625,6506400
2024-08-29 00:00:00-04:00,215.24887358382333,216.053091293099,212.13860095765696,215.30702209472656,6416100
2024-08-30 00:00:00-04:00,215.58797550421372,218.47539683415238,215.03567561634452,217.8165283203125,8574100
2024-09-03 00:00:00-04:00,215.39421425176897,217.13829989127248,212.42927605699902,213.4563446044922,8956100
2024-09-04 00:00:00-04:00,214.1733344055988,215.1713508176599,210.46232725835844,212.51646423339844,7389500
2024-09-05 00:00:00-04:00,213.31098292052562,213.94079938958222,209.31897641386968,210.86927795410156,8067900
2024-09-06 00:00:00-04:00,210.84021807182933,211.94480315075108,204.53244307121116,205.85989379882812,7777000
2024-09-09 00:00:00-04:00,208.5050831538885,211.373121898597,207.52644953811344,210.0747528076172,8935100
2024-09-10 00:00:00-04:00,211.8091422735633,211.84789315826586,194.37800079775118,199.17422485351562,28406900
2024-09-11 00:00:00-04:00,198.87385648358648,201.24774365274575,195.56010142865367,200.79234313964844,13658700
2024-09-12 00:00:00-04:00,201.1993155648375,202.29421667579123,198.52506070300046,200.18194580078125,9054400
2024-09-13 00:00:00-04:00,200.43385091874683,201.39310168177548,196.71314487965583,197.97276306152344,10226700
2024-09-16 00:00:00-04:00,199.43584981187368,201.74191934565195,199.2033001395087,201.4027862548828,8634900
2024-09-17 00:00:00-04:00,201.27681826210605,203.40847182700247,201.20900051540104,202.74960327148438,7573300
2024-09-18 00:00:00-04:00,202.51705769768571,204.77467756112236,200.27882067003034,201.08303833007812,8259900
2024-09-19 00:00:00-04:00,203.2631395933968,205.32697543260485,200.89893633406905,203.94139099121094,11635200
2024-09-20 00:00:00-04:00,203.40847228677623,204.85219043871982,202.99183742598126,204.53244018554688,20885000
2024-09-23 00:00:00-04:00,204.4452331150936,205.22038387532777,203.4666143359702,204.87156677246094,7223500
2024-09-24 00:00:00-04:00,204.59057306913016,206.33465863167038,203.83480512282463,205.01690673828125,7323200
2024-09-25 00:00:00-04:00,205.1041190935442,205.6467350211927,202.12949683357203,203.66041564941406,8976500
2024-09-26 00:00:00-04:00,204.5712056897728,205.12349082860598,202.51705389392038,203.2631378173828,7807500
2024-09-27 00:00:00-04:00,204.1061344946405,205.84053627675456,202.82714809138977,203.96080017089844,7032500
2024-09-30 00:00:00-04:00,199.90092942426304,204.40648496190244,198.8835449619076,204.30958557128906,8663800
2024-10-01 00:00:00-04:00,202.41048048727714,202.5945804709174,199.78467537207646,200.60826110839844,8540100
2024-10-02 00:00:00-04:00,200.64701110662753,202.4589143697624,199.30019238677582,200.85047912597656,5810900
2024-10-03 00:00:00-04:00,199.76529329860566,200.07535954271492,197.99214077513295,198.8544921875,7251300
2024-10-04 00:00:00-04:00,204.04081375554424,206.35125678113758,201.7108691151778,205.91256713867188,10211700
2024-10-07 00:00:00-04:00,205.72731496445144,207.96952438958178,204.42098955929072,205.62982177734375,6718900
2024-10-08 00:00:00-04:00,205.28864968329236,206.01980404706708,203.14393319129448,205.45437622070312,6021800
2024-10-09 00:00:00-04:00,204.43076969577731,208.85669937994825,204.11881821659594,208.0572967529297,7024000
2024-10-10 00:00:00-04:00,209.41235175203676,209.41235175203676,206.15628129018555,207.49185180664062,7927100
2024-10-11 00:00:00-04:00,210.25075539179966,218.98561974892021,209.75357575986993,216.70440673828125,18320700
2024-10-14 00:00:00-04:00,217.59151559620463,218.07895179372093,213.3800745848573,215.91473388671875,9048900
2024-10-15 00:00:00-04:00,218.0399873843424,219.7850026178934,216.24622555061282,216.80189514160156,9235800
2024-10-16 00:00:00-04:00,216.74339674690157,218.05946564832493,215.48580293789615,218.02047729492188,6382500
2024-10-17 00:00:00-04:00,218.63465886479744,220.1749591936757,217.69877472337978,218.7808837890625,6470200
2024-10-18 00:00:00-04:00,219.34630268368366,220.24318355850107,217.4940509667263,219.70700073242188,7000500
2024-10-21 00:00:00-04:00,219.56077874097096,220.0287133611628,217.29906747185922,217.3965606689453,5870000
2024-10-22 00:00:00-04:00,217.41605257710637,219.6192589043824,215.54429930452827,218.4884033203125,9586800
2024-10-23 00:00:00-04:00,218.03998276879733,219.15133680262315,216.9383721046514,217.7962646484375,6180500
2024-10-24 00:00:00-04:00,216.25597029325846,219.40480432984663,216.09024375189844,219.32681274414062,6002200
2024-10-25 00:00:00-04:00,219.34631692871068,219.9507331307945,215.3298469077358,216.72390747070312,6369700
2024-10-28 00:00:00-04:00,217.7377703907154,219.9702217840732,217.34781248059676,219.833740234375,6843000
2024-10-29 00:00:00-04:00,219.55102479793467,221.0523217832945,217.21132205890774,217.29905700683594,6580000
2024-10-30 00:00:00-04:00,216.94812692983425,220.6234005440302,216.01225762844507,218.77114868164062,7110900
2024-10-31 00:00:00-04:00,219.05383314379685,220.01896220946816,216.24621064657887,216.34368896484375,7829900
2024-11-01 00:00:00-04:00,217.94248990978247,220.46740607055116,217.1040989794246,217.33807373046875,6923500
2024-11-04 00:00:00-05:00,217.05534066277878,218.13744965545976,213.66278877033548,214.25746154785156,8229600
2024-11-05 00:00:00-05:00,214.50119437936183,216.3827060342441,214.4719493944743,215.9245147705078,5600700
2024-11-06 00:00:00-05:00,229.09504466713162,241.7683875636112,228.87082815022177,240.8520050048828,23987800
2024-11-07 00:00:00-05:00,238.3563286726829,238.42457688855603,229.30951297075987,230.44036865234375,16451100
2024-11-08 00:00:00-05:00,233.3259835376562,233.3259835376562,229.85543977372186,231.02528381347656,9502100
2024-11-11 00:00:00-05:00,233.96938766335575,236.01662575555932,232.99451521475842,233.2772216796875,9017100
2024-11-12 00:00:00-05:00,234.5055801689047,235.3927177038515,232.76055008364676,233.5404510498047,6861000
2024-11-13 00:00:00-05:00,234.53482242214545,237.95661946303818,234.2716026881157,235.10025024414062,11472600
2024-11-14 00:00:00-05:00,236.32857172538908,238.15157840188607,234.9930012618911,235.79238891601562,10172200
2024-11-15 00:00:00-05:00,235.3927154551627,240.22807462347745,235.3927154551627,239.14596557617188,11518800
2024-11-18 00:00:00-05:00,241.5343833585804,241.7001098835185,236.58202972228585,238.87298583984375,9051400
2024-11-19 00:00:00-05:00,236.16284595910426,238.98997005346044,235.48043823378097,236.9817352294922,6792700
2024-11-20 00:00:00-05:00,238.25883102314248,238.46356079156547,232.64357082604232,234.72979736328125,9015300
2024-11-21 00:00:00-05:00,237.118218093664,239.3214393160151,236.02636572707272,238.60977172851562,8783500
2024-11-22 00:00:00-05:00,237.48869284835715,242.8894800106903,236.92326500729266,242.3045654296875,7997300
2024-11-25 00:00:00-05:00,243.31843143678847,247.91983097303608,242.80175018539992,244.00083923339844,10295400
2024-11-26 00:00:00-05:00,244.19581114213256,244.6929907482795,242.09982639974197,243.68887329101562,6212100
2024-11-27 00:00:00-05:00,243.08445057669923,244.8782123088469,242.51902277247098,243.5133819580078,5472300
2024-11-29 00:00:00-05:00,243.58165673332908,245.4436668799986,243.18195541643414,243.44517517089844,5494800
2024-12-02 00:00:00-05:00,243.27941409735303,243.9618218126636,238.8729866171908,240.0623321533203,8899700
2024-12-03 00:00:00-05:00,241.99259305685098,242.78223739052356,238.48306103215356,238.6682891845703,6657700
2024-12-04 00:00:00-05:00,238.551287978695,239.18496400289706,236.14335181254822,237.28395080566406,7346300
2024-12-05 00:00:00-05:00,239.22395633141434,240.96897151858755,238.47330035966178,239.3116912841797,6572500
2024-12-06 00:00:00-05:00,239.52616308454475,241.5149112550535,238.6877721646976,241.1444549560547,5519700
2024-12-09 00:00:00-05:00,240.92023852920124,241.64163463753476,237.63490818652937,237.68365478515625,7076500
2024-12-10 00:00:00-05:00,237.761640011308,241.72937800255815,236.13360481323514,236.7575225830078,9108300
2024-12-11 00:00:00-05:00,237.8688815563827,238.13210128714388,236.09460652918457,237.4106903076172,7884400
2024-12-12 00:00:00-05:00,236.89400116622053,237.96636679243073,234.9832446528022,235.4609375,6113800
2024-12-13 00:00:00-05:00,235.98737166739292,236.62103278438437,233.13098776801226,233.910888671875,10392700
2024-12-16 00:00:00-05:00,234.56406925192243,234.6225592209729,231.55171684283482,233.55995178222656,9032000
2024-12-17 00:00:00-05:00,232.65329666609054,233.01400957609778,230.6840650914864,232.37059020996094,8083600
2024-12-18 00:00:00-05:00,232.99451380384923,233.06276201501683,223.76247058150787,224.58135986328125,11322400
2024-12-19 00:00:00-05:00,226.43364356697018,230.42086858926697,226.43364356697018,227.10630798339844,11790800
2024-12-20 00:00:00-05:00,226.09241646451787,233.19924494408565,225.77070677147742,231.62969970703125,32348400
2024-12-23 00:00:00-05:00,230.13814497391746,232.62405780558854,228.97804438560536,232.39984130859375,8611500
2024-12-24 00:00:00-05:00,233.41370654218963,236.3968287725742,233.06276673606905,236.22134399414062,3729100
2024-12-26 00:00:00-05:00,235.36344862473942,237.1474669945077,234.73953085132644,237.03048706054688,4451800
2024-12-27 00:00:00-05:00,236.62105597051928,237.27421876483717,234.0083899178738,235.11000061035156,5730200
2024-12-30 00:00:00-05:00,232.77030520037115,234.78828348998326,231.15201332053348,233.30648803710938,5723800
2024-12-31 00:00:00-05:00,234.01815964135014,235.37323189685011,233.02378547083134,233.68670654296875,4871000
2025-01-02 00:00:00-05:00,234.8662717490942,237.16697135432236,233.43320803999086,233.96939086914062,9220900
2025-01-03 00:00:00-05:00,237.7616497394955,238.72677885464952,234.2228578593043,237.16697692871094,9491100
2025-01-06 00:00:00-05:00,238.80340800929375,240.7534289353331,235.7461019925236,236.01068115234375,9917800
2025-01-07 00:00:00-05:00,237.2747542889821,240.33206029657904,236.0596638477121,238.2840576171875,8753400
2025-01-08 00:00:00-05:00,237.87248824320775,239.34234913863438,235.66769690006782,238.24485778808594,8675300
2025-01-10 00:00:00-05:00,238.2056566354401,238.91119107182027,233.9430689471917,235.05035400390625,10256800
2025-01-13 00:00:00-05:00,234.85437423024973,239.62651786311784,234.1978381518702,239.30316162109375,10005300
2025-01-14 00:00:00-05:00,237.7842986314898,242.74262696079552,237.323741024409,242.49765014648438,12407400
2025-01-15 00:00:00-05:00,245.36878608055946,248.57308719225867,238.78380771723948,247.2796173095703,18448500
2025-01-16 00:00:00-05:00,248.89646209375883,251.87538875346692,247.26001864512284,249.16104125976562,15292300
2025-01-17 00:00:00-05:00,249.03365028322543,255.3834456469004,247.07383560720973,253.95278930664062,17678100
2025-01-21 00:00:00-05:00,254.84450829070423,258.940513781988,254.28595393160222,257.7450256347656,13712100
2025-01-22 00:00:00-05:00,257.6176299378133,258.08799621971843,255.020881505667,257.558837890625,9021900
2025-01-23 00:00:00-05:00,259.3716913873203,261.49807369302675,258.50936809298014,260.60638427734375,10749700
2025-01-24 00:00:00-05:00,258.3917588239568,261.7332463118807,257.7254290357368,259.5186462402344,7666300
2025-01-27 00:00:00-05:00,258.86215505336446,260.6259764391142,256.99052830164493,260.5083923339844,7522300
2025-01-28 00:00:00-05:00,260.50837209675103,261.9586158198937,259.5088474719919,261.7724609375,7375400
2025-01-29 00:00:00-05:00,261.8410096864953,265.2412890633801,260.27315209491445,261.2236633300781,7684900
2025-01-30 00:00:00-05:00,263.2325025931336,264.28101058042995,261.2628793521523,262.8405456542969,8753500
2025-01-31 00:00:00-05:00,263.8204429620972,265.3784919204346,261.59603433813663,261.92919921875,7193800
2025-02-03 00:00:00-05:00,256.5691469561226,262.7817863229186,256.44178411105315,261.4490966796875,8381400
2025-02-04 00:00:00-05:00,264.4181531333696,264.4181531333696,261.46862291567953,262.55633544921875,5626000
2025-02-05 00:00:00-05:00,263.50688948192004,265.2021399656086,262.93852647158326,264.996337890625,5704400
2025-02-06 00:00:00-05:00,266.97573451696,271.4147130351357,265.7410418481975,271.3363037109375,7264400
2025-02-07 00:00:00-05:00,271.6988877865912,272.953167941253,269.1903274772675,270.2584228515625,6857900
2025-02-10 00:00:00-05:00,270.6013666007489,270.6307626204973,264.17317777769046,265.59405517578125,8627400
2025-02-11 00:00:00-05:00,264.8297788969493,270.6700185263523,264.2418284862738,269.4647216796875,7196400
2025-02-12 00:00:00-05:00,268.57299861058124,270.8954041954382,267.75968865202606,269.9154968261719,6683900
2025-02-13 00:00:00-05:00,269.9644741692873,271.40493916593095,268.30842836007116,270.76800537109375,8398700
2025-02-14 00:00:00-05:00,271.79688876986324,273.6195319367328,270.8953907812424,271.0325622558594,5688600
2025-02-18 00:00:00-05:00,271.1991362489089,274.34463010375015,270.47398455916186,274.3250427246094,7919800
2025-02-19 00:00:00-05:00,272.7866150221738,274.61903699637526,271.64991889871,273.6391296386719,7007200
2025-02-20 00:00:00-05:00,273.0805422903629,273.13933433237344,260.4005402205734,261.4392395019531,13846700
2025-02-21 00:00:00-05:00,262.92876408693655,263.79108739460094,257.5588607010997,258.93072509765625,12835600
2025-02-24 00:00:00-05:00,260.1555988746685,261.63526857722854,253.41383136407939,256.0889892578125,10372800
2025-02-25 00:00:00-05:00,256.9611031816803,257.715621040436,248.25952153447065,252.22813415527344,9608400
2025-02-26 00:00:00-05:00,251.99297149395173,255.66762396574103,251.7675820434319,253.59022521972656,5943600
2025-02-27 00:00:00-05:00,254.9522707219969,258.34277146574925,252.67887863939237,253.844970703125,8204400
2025-02-28 00:00:00-05:00,255.4912386631127,259.4892472511293,252.70830554612516,259.33245849609375,10467100
2025-03-03 00:00:00-05:00,258.69554505646136,260.9689373264377,252.63972470151376,255.38345336914062,9058300
2025-03-04 00:00:00-05:00,250.15074984477525,252.06158115991113,241.0082123751271,245.22181701660156,13465600
2025-03-05 00:00:00-05:00,246.20170137955762,247.96553745450754,242.8504203132519,246.47607421875,7861400
2025-03-06 00:00:00-05:00,243.12481119110677,244.3496953684526,238.950411297504,241.5863494873047,9983200
2025-03-07 00:00:00-05:00,240.30266509821263,241.7627323707991,234.6094060276731,237.4119415283203,20498700
2025-03-10 00:00:00-04:00,231.46392822638103,232.73779585541584,224.1048142516893,227.55409240722656,18887200
2025-03-11 00:00:00-04:00,227.09352369484046,228.63198537977485,222.13519499810542,224.5359649658203,18143000
2025-03-12 00:00:00-04:00,229.29833350451207,229.61191105217276,222.69375219086345,223.32089233398438,16054000
2025-03-13 00:00:00-04:00,224.69276414889097,224.88874263351286,219.72462657901622,220.66534423828125,16467900
2025-03-14 00:00:00-04:00,223.53644664227286,228.45558543419895,223.00730328361723,227.7696533203125,11962100
2025-03-17 00:00:00-04:00,226.53496075554793,230.9347498826832,225.82944126080733,229.22970581054688,9586000
2025-03-18 00:00:00-04:00,229.6118912936414,231.42471087138168,228.82796244414868,230.2488250732422,10344900
2025-03-19 00:00:00-04:00,231.003365794291,237.46095169041473,230.1704385597004,234.30564880371094,10120600
2025-03-20 00:00:00-04:00,231.80687167408394,236.90238671351167,231.45410444315897,234.2076416015625,8328500
2025-03-21 00:00:00-04:00,233.03175603733484,237.43154526163565,231.7480798478655,236.77500915527344,19326900
2025-03-24 00:00:00-04:00,240.54764300232483,243.69315205594,239.49914995258575,243.0758056640625,9422700
2025-03-25 00:00:00-04:00,244.30069841338116,246.76027542501896,242.64465260375079,246.08413696289062,9287700
2025-03-26 00:00:00-04:00,247.52460676201224,249.55300723554984,244.76126081139026,245.98614501953125,12779300
2025-03-27 00:00:00-04:00,244.51627067852738,245.6039683943203,242.21348251151562,243.1345977783203,8022500
2025-03-28 00:00:00-04:00,241.97832221404934,244.49667631604888,236.2654605973164,237.9705047607422,11978400
2025-03-31 00:00:00-04:00,234.59962314020567,240.92002258119433,232.5908100746605,240.37127685546875,13603000
2025-04-01 00:00:00-04:00,237.74510920532492,240.7534318549276,236.04008003784892,238.76422119140625,8054700
2025-04-02 00:00:00-04:00,236.74561869740594,242.28208917285224,236.6084322682575,240.88082885742188,7758800
2025-04-03 00:00:00-04:00,229.56290134081743,230.41541595904243,222.73294584761328,224.0950164794922,17188500
2025-04-04 00:00:00-04:00,212.2834044818624,214.63980786720018,205.9930827481223,207.32411193847656,27170700
2025-04-07 00:00:00-04:00,202.87751892186455,218.92867162545016,199.318263676067,211.42564392089844,22914400
2025-04-08 00:00:00-04:00,220.3780027140348,224.63726902095286,210.25236301213724,213.82147216796875,19485700
2025-04-09 00:00:00-04:00,209.51290511747,234.14175911605213,208.03399049311142,231.0458984375,24022400
2025-04-10 00:00:00-04:00,226.76690105221883,227.11198713675623,217.0060708942117,223.9175262451172,18896400
2025-04-11 00:00:00-04:00,223.12876931722607,235.22629475740231,221.83718632835738,232.87974548339844,20284500
2025-04-14 00:00:00-04:00,233.76711210699779,236.4094323607213,230.34588838919925,231.42056274414062,13017800
2025-04-15 00:00:00-04:00,232.78115729997276,235.2953000115482,229.54726533873128,229.8529052734375,10912900
2025-04-16 00:00:00-04:00,228.7387885514358,230.29658038223104,224.72599309998205,226.38238525390625,9322300
2025-04-17 00:00:00-04:00,227.5556737150443,231.04590571903626,227.30918793654973,228.69937133789062,9557900
2025-04-21 00:00:00-04:00,227.38806426261334,228.55146991109476,223.15835989610855,225.7711181640625,8716200
2025-04-22 00:00:00-04:00,228.71908031334866,232.6727218450888,228.1176544095649,232.27833557128906,10701400
2025-04-23 00:00:00-04:00,236.8432619550101,243.32090055249418,236.626353260977,237.49398803710938,14126800
2025-04-24 00:00:00-04:00,236.36999583866177,242.01944538917732,234.2403552074537,241.20111083984375,9055200
2025-04-25 00:00:00-04:00,241.21097798902758,242.167344017777,238.35174896231777,240.12644958496094,8588600
2025-04-28 00:00:00-04:00,241.12224659361283,243.3701956996928,237.45453699015647,239.80108642578125,7394300
2025-04-29 00:00:00-04:00,238.78556197088412,241.80254545200498,238.29259042052325,241.181396484375,7216800
2025-04-30 00:00:00-04:00,237.8193419445802,241.77296836252717,235.07840628381982,241.181396484375,12991700
2025-05-01 00:00:00-04:00,239.42640700289516,244.95754812328786,238.76582696374092,243.4194793701172,8689600
2025-05-02 00:00:00-04:00,247.72805089612243,250.0548771482027,245.9533654016641,248.96047973632812,7165000
2025-05-05 00:00:00-04:00,247.64918980005874,251.57325431514832,247.0674869601665,249.00979614257812,5450700
2025-05-06 00:00:00-04:00,246.48576466704802,249.09850775479987,245.49982160837982,245.74630737304688,6369900
2025-05-07 00:00:00-04:00,246.33787880460858,248.90132172618286,245.33221267408402,245.88433837890625,8724100
2025-05-08 00:00:00-04:00,248.03371181647788,252.283124152028,248.01398874215974,249.90699768066406,8320100
2025-05-09 00:00:00-04:00,250.92251356291578,251.91831065658968,248.7928729020058,249.52247619628906,5087600
2025-05-12 00:00:00-04:00,259.2044446904927,259.8946169218072,255.0635015683959,256.3945007324219,9603900
2025-05-13 00:00:00-04:00,257.3607186160682,259.9636227659981,256.7297306967061,259.3128967285156,8589000
2025-05-14 00:00:00-04:00,259.30304054504273,262.8918879441619,258.60302935469,261.90594482421875,8643100
2025-05-15 00:00:00-04:00,263.217209377267,265.7313520440172,261.03828372684393,263.7298889160156,9214600
2025-05-16 00:00:00-04:00,263.7397655019056,264.6862624037603,260.9889759714906,263.7989196777344,8932900
2025-05-19 00:00:00-04:00,261.8171506513173,264.54823200796864,258.2480418186231,261.1565856933594,12145000
2025-05-20 00:00:00-04:00,258.8297895150459,262.91160867125683,258.61288081463954,261.94537353515625,8436300
2025-05-21 00:00:00-04:00,260.6340748522516,261.91578889770904,257.06496550270094,257.37060546875,7464000
2025-05-22 00:00:00-04:00,255.79307750804895,258.6128603010642,255.2310827258566,257.00579833984375,6514100
2025-05-23 00:00:00-04:00,253.20005483078515,258.30723306371834,252.40144329619352,257.04522705078125,6671800
2025-05-27 00:00:00-04:00,258.35653699260183,261.5706910214846,258.30722178470336,261.56085205078125,7506600
2025-05-28 00:00:00-04:00,262.49750712162876,262.97077068804947,259.20446045452275,259.7861633300781,5535400
2025-05-29 00:00:00-04:00,261.0777263969251,261.6791673467857,258.83964634422205,260.6537780761719,5081200
2025-05-30 00:00:00-04:00,259.74671429323007,261.600261993738,259.0368340780119,260.2889709472656,10977700
2025-06-02 00:00:00-04:00,259.3227361836595,261.3044913883967,258.21848475626587,260.939697265625,6011200
2025-06-03 00:00:00-04:00,260.02279517964416,262.8327090581509,259.18473749281026,262.5270690917969,6998400
2025-06-04 00:00:00-04:00,262.182005216077,263.3651188956681,260.4664437433463,260.5058898925781,5915700
2025-06-05 00:00:00-04:00,261.0185511699558,261.0185511699558,256.65083071751394,258.2677917480469,8173800
2025-06-06 00:00:00-04:00,260.6143454296545,262.9017408100798,260.5453522749452,261.99468994140625,7738100
2025-06-09 00:00:00-04:00,262.26085974590114,264.13414558351,259.6481165969787,262.9904479980469,8285000
2025-06-10 00:00:00-04:00,262.14254399250694,265.12008118347507,262.1129669044328,264.8243103027344,7538100
2025-06-11 00:00:00-04:00,264.9031944101953,265.8299833646017,262.05383439482847,264.3806457519531,7434100
2025-06-12 00:00:00-04:00,263.108754096244,264.51867555838396,261.41296089523235,264.4693603515625,6618000
2025-06-13 00:00:00-04:00,261.3537637738832,263.2664956490745,259.0170836192922,261.2256164550781,7098300
2025-06-16 00:00:00-04:00,263.2467856983216,267.91030700344754,263.0989002634007,266.5595397949219,8566000
2025-06-17 00:00:00-04:00,264.4003547444176,266.78632001973784,264.0355305500715,265.7313537597656,6739300
2025-06-18 00:00:00-04:00,266.2046518031783,273.8161341619834,265.92858892337074,270.1089782714844,9586400
2025-06-20 00:00:00-04:00,271.6963331378996,273.40199535536493,269.96106374392457,271.13433837890625,13969700
2025-06-23 00:00:00-04:00,271.1934990823813,274.63443077664516,268.2849549834157,274.3583679199219,8094600
2025-06-24 00:00:00-04:00,276.2711076585184,278.7359654088068,275.580965541595,277.3063659667969,9267900
2025-06-25 00:00:00-04:00,277.54300447417825,280.2839253041626,276.9613016100684,280.0670166015625,6826900
2025-06-26 00:00:00-04:00,280.6980130310247,285.3417966142587,280.47123528578646,284.6910705566406,8942100
2025-06-27 00:00:00-04:00,281.7924131203027,284.6418033050154,281.03324771639046,283.0741271972656,17868600
2025-06-30 00:00:00-04:00,286.3178803397518,288.5362523931413,284.8587037568908,285.83477783203125,12689200
2025-07-01 00:00:00-04:00,286.8009917731804,287.0376084797312,282.5614185530472,286.3277282714844,9338300
2025-07-02 00:00:00-04:00,287.93483189106854,288.70386630697305,285.6277286433551,287.8953857421875,8158700
2025-07-03 00:00:00-04:00,289.43094323142554,293.6413883261785,288.4996894270786,293.2451171875,6541600
2025-07-07 00:00:00-04:00,292.50209620860613,293.28475211178096,287.38020030669605,289.25262451171875,8825700
2025-07-08 00:00:00-04:00,286.5777506799395,287.0037716436535,277.7011499441943,280.1481628417969,15440900
2025-07-09 00:00:00-04:00,284.50723352964,284.52706674085863,279.8509941598734,280.524658203125,11273800
2025-07-10 00:00:00-04:00,280.3661135119623,285.6266908203048,280.3661135119623,285.5078125,8410900
2025-07-11 00:00:00-04:00,282.86266052650467,284.70536526736765,281.0100694142449,284.190185546875,7384700
2025-07-14 00:00:00-04:00,284.39822720712635,286.60745309571854,282.6050754191309,286.0130615234375,9079900
2025-07-15 00:00:00-04:00,285.3196042033426,289.23285392385833,282.82306855064246,283.8830871582031,12526100
2025-07-16 00:00:00-04:00,285.7158562387447,288.0241878683028,280.3760366699049,283.1598815917969,9979800
2025-07-17 00:00:00-04:00,280.8020357673763,287.5981754634707,280.8020357673763,287.201904296875,8509500
2025-07-18 00:00:00-04:00,286.825430293332,289.7777063567027,285.54745807447995,288.55914306640625,12217000
2025-07-21 00:00:00-04:00,288.291651952566,291.44204831578946,287.8755476057488,288.2619323730469,7898100
2025-07-22 00:00:00-04:00,288.7870071326712,290.89718804274116,286.4885921354602,288.7176513671875,6717500
2025-07-23 00:00:00-04:00,290.1145172431339,294.2258869019811,289.8272078248217,293.998046875,7083500
2025-07-24 00:00:00-04:00,294.6519062776982,296.80169301766455,293.443259686642,293.78997802734375,7001200
2025-07-25 00:00:00-04:00,293.93864551661835,296.1181521271809,293.20551208711413,295.84075927734375,5918500
2025-07-28 00:00:00-04:00,294.8896814285751,296.64319715105114,294.05750293823644,295.50390625,5840400
2025-07-29 00:00:00-04:00,297.20789441970317,298.485896831102,293.44327318380715,294.27545166015625,7635700
2025-07-30 00:00:00-04:00,294.65191611543503,297.8121988713861,294.6122799312847,296.8413391113281,8061700
2025-07-31 00:00:00-04:00,296.3559134765009,298.17878493737805,292.7497765059144,293.4828796386719,14749700
2025-08-01 00:00:00-04:00,287.6972620199026,289.0842262737886,281.5945890692511,286.6768493652344,12007100
2025-08-04 00:00:00-04:00,287.5585597880286,291.5807709484115,287.5585597880286,291.5213317871094,6649500
2025-08-05 00:00:00-04:00,291.9473110106125,293.03707931410463,284.56663635989554,288.658203125,7182300
2025-08-06 00:00:00-04:00,289.5795373797788,290.5603439597299,287.4594701868467,288.6383972167969,6330200
2025-08-07 00:00:00-04:00,290.21359744338497,290.72874689730406,283.7443736390337,284.2694396972656,8057100
2025-08-08 00:00:00-04:00,286.2904939677283,288.51955337300967,282.0602152135648,286.0725402832031,6634100
2025-08-11 00:00:00-04:00,286.7065672685148,288.6087112580965,286.0923424049315,286.8650817871094,5510100
2025-08-12 00:00:00-04:00,288.78700908878795,292.00676133420325,287.6378015823982,290.12445068359375,8570900
2025-08-13 00:00:00-04:00,291.2142024521843,291.80859403066296,284.4873889092739,287.8260192871094,8420400
2025-08-14 00:00:00-04:00,287.87557367248905,291.46190791598,286.9443500187198,291.4222717285156,6322400
2025-08-15 00:00:00-04:00,292.0959281808534,292.7497892060912,287.1226600740198,287.7864074707031,7340500
2025-08-18 00:00:00-04:00,287.30098279519575,289.1832935323159,285.7257844830691,288.8167419433594,5386900
2025-08-19 00:00:00-04:00,288.12323486532705,289.7579025190641,286.83534604543564,287.954833984375,6031500
2025-08-20 00:00:00-04:00,288.1034273576763,290.59996282013503,284.59636569119436,289.5201110839844,7374200
2025-08-21 00:00:00-04:00,289.2229206266122,290.04518252461884,286.77590767522184,288.7572937011719,6624000
2025-08-22 00:00:00-04:00,290.4711947382056,294.3943304858857,287.42976002403793,293.4828796386719,8552800
2025-08-25 00:00:00-04:00,293.4828900064588,294.58257497799383,291.4024588552954,292.1553649902344,5856300
2025-08-26 00:00:00-04:00,291.42226929827126,295.9596301346493,290.7684082615478,295.7912292480469,6714700
2025-08-27 00:00:00-04:00,294.48349281779485,298.2679473154416,294.2754557542009,296.4945983886719,6056500
2025-08-28 00:00:00-04:00,297.22769856125745,298.4363452126477,295.9200067981791,298.2679443359375,6410500
2025-08-29 00:00:00-04:00,299.2289404362671,300.13047474928055,296.94044188536884,298.6147155761719,6796400
2025-09-02 00:00:00-04:00,297.4654912302876,297.6636116910732,291.75908984916356,296.91070556640625,7221900
2025-09-03 00:00:00-04:00,297.77260531660534,297.77260531660534,293.62159918539595,296.72247314453125,6316900
2025-09-04 00:00:00-04:00,297.2079158871201,301.5966788556673,295.50392262669186,300.99237060546875,6605800
2025-09-05 00:00:00-04:00,300.82394206718743,302.3099816593852,291.5708725011291,291.6402282714844,9837700
2025-09-08 00:00:00-04:00,292.14548200845184,293.70084708741166,288.72757896293916,290.18389892578125,8188500
2025-09-09 00:00:00-04:00,289.8767732101451,296.21720226202,289.58946377934626,295.0779113769531,7848200
2025-09-10 00:00:00-04:00,293.93863182647567,298.73358242665296,292.6507127572817,297.7428894042969,7787300
2025-09-11 00:00:00-04:00,298.43635491424595,302.88458712159553,297.99056119650595,302.7161560058594,7942500
2025-09-12 00:00:00-04:00,302.1613616302637,304.6876166586702,300.8734728380468,304.0535888671875,6846700
2025-09-15 00:00:00-04:00,304.31117542875756,307.0653006989229,304.31117542875756,306.0250549316406,7122000
2025-09-16 00:00:00-04:00,307.1148062613988,308.00642384577054,304.27152240854014,306.3123474121094,10525600
2025-09-17 00:00:00-04:00,307.50121329837117,309.99774876224666,305.89626524993236,308.8485412597656,8657800
2025-09-18 00:00:00-04:00,308.8881884357977,310.5228258893637,306.7284546518725,310.3147888183594,8050700
2025-09-19 00:00:00-04:00,310.6813313111796,312.8608377743073,306.2430157804659,311.850341796875,23568600
2025-09-22 00:00:00-04:00,306.91666061932966,310.78038727091956,306.6789039885423,309.5321044921875,7520200
2025-09-23 00:00:00-04:00,308.9178945679837,313.3660964063979,307.68941470486936,309.8293151855469,8584400
2025-09-24 00:00:00-04:00,311.12713244988527,313.633584594132,308.76930844625,310.5030212402344,7310500
2025-09-25 00:00:00-04:00,311.1964927670822,312.7122519083539,308.8980776591185,310.5327453613281,7083200
2025-09-26 00:00:00-04:00,311.9692007646792,314.8521208481549,310.7803873767882,313.118408203125,7258100
2025-09-29 00:00:00-04:00,314.1091367340854,315.0503072271631,310.74078640307744,312.75189208984375,6462400
2025-09-30 00:00:00-04:00,313.3066687483855,314.45587628391564,307.22379907069933,312.4942932128906,11823300
2025-10-01 00:00:00-04:00,311.04790640850786,311.66213127851097,304.5489622459693,307.8182373046875,9235200
2025-10-02 00:00:00-04:00,307.11483202977473,307.66961769475733,303.29077153660535,304.6876220703125,7600000
2025-10-03 00:00:00-04:00,305.6387192319075,308.7593962590199,305.3414931799835,307.1445617675781,6029900
2025-10-06 00:00:00-04:00,308.78713549615594,310.3500927332471,303.759824574425,307.7916259765625,7214500
2025-10-07 00:00:00-04:00,307.96086849994276,308.617908412618,303.3317554221121,306.3083190917969,8454200
2025-10-08 00:00:00-04:00,306.82598699255016,307.3934347220047,302.1869088878288,302.6647644042969,6489900
2025-10-09 00:00:00-04:00,303.68016451672463,306.65675861669814,302.0276454614978,304.15802001953125,7060300
2025-10-10 00:00:00-04:00,304.28744895257694,309.07584739868366,299.45922161840923,299.53887939453125,8597400
2025-10-13 00:00:00-04:00,304.2277139599526,308.0703661064548,304.0783936087615,306.5870666503906,10788700
2025-10-14 00:00:00-04:00,304.46663636257074,305.62143108333873,292.8888554642275,300.7235107421875,16178800
2025-10-15 00:00:00-04:00,305.014160038565,310.71840983834574,304.0684138931284,304.3172912597656,11354800
2025-10-16 00:00:00-04:00,303.97881882847634,307.29385195347595,295.73600173818085,297.19940185546875,10549400
2025-10-17 00:00:00-04:00,297.8166372560658,298.2048701782948,292.878918450451,296.22381591796875,10153500
2025-10-20 00:00:00-04:00,297.15957582421487,302.3262723870789,296.8211062511852,301.0022277832031,6894900
2025-10-21 00:00:00-04:00,300.3054062195614,302.6846581805869,295.66632819879106,295.75592041015625,7372700
2025-10-22 00:00:00-04:00,296.43284443493457,296.7215506882625,289.2353303984808,292.7892761230469,8054100
2025-10-23 00:00:00-04:00,293.05809154328034,295.0391457269973,291.1964936387067,293.2173767089844,5438800
2025-10-24 00:00:00-04:00,294.7504440610291,301.24118554737896,294.1232985857486,299.09088134765625,7228300
2025-10-27 00:00:00-04:00,300.80315600970596,303.1625086782835,299.6583261537955,302.7842102050781,5642200
2025-10-28 00:00:00-04:00,303.4910147760203,306.58706515142967,301.7986668365627,303.98876953125,6336000
2025-10-29 00:00:00-04:00,302.14710352264194,306.86580891607514,301.64934876365396,304.13812255859375,7520300
2025-10-30 00:00:00-04:00,304.41687231061707,311.20622431916547,303.72996829403695,308.05047607421875,7514600
2025-10-31 00:00:00-04:00,307.1544993342095,311.46504195719143,305.8702836157328,309.722900390625,7721300
2025-11-03 00:00:00-05:00,309.60346109874524,310.9175409580823,304.83496198556077,307.96087646484375,7770000
2025-11-04 00:00:00-05:00,305.332725363194,310.8179927016808,303.7299695714597,307.861328125,7085200
2025-11-05 00:00:00-05:00,308.2196835392686,311.6940323736288,304.2575751493287,310.2803955078125,6865200
2025-11-06 00:00:00-05:00,309.59349256305353,313.42621024981315,308.8667900648387,312.0126037597656,7206100
2025-11-07 00:00:00-05:00,310.4894827215045,313.0180550604519,306.2585672077333,312.7990417480469,7302300
2025-11-10 00:00:00-05:00,313.58548301728496,318.1250037695683,312.7990220295163,315.4670104980469,5794100
2025-11-11 00:00:00-05:00,316.0742604403922,317.617287984815,313.86422817579216,314.20269775390625,5030200
2025-11-12 00:00:00-05:00,314.8398332015723,320.8029251766445,314.7900394999871,318.97119140625,10578300
2025-11-13 00:00:00-05:00,317.7965194699941,319.1902267414606,307.7120030298724,308.0903015136719,8973300
2025-11-14 00:00:00-05:00,306.1291237470128,306.25854483769064,299.8773255538296,302.2466125488281,10327000
2025-11-17 00:00:00-05:00,302.6348834912671,304.2177399270206,296.3333218175865,299.02117919921875,8344000
2025-11-18 00:00:00-05:00,298.15508292828906,301.5896027135679,295.686208533325,298.06549072265625,8077300
2025-11-19 00:00:00-05:00,298.3939949218268,303.0828663383219,297.9261042618115,301.90814208984375,5546600
2025-11-20 00:00:00-05:00,304.9643777592117,308.52831879604355,296.8211173091691,297.0401306152344,7501600
2025-11-21 00:00:00-05:00,299.93706770739834,300.32530061703676,291.4951361556371,296.6817321777344,11766800
2025-11-24 00:00:00-05:00,296.9007472780177,298.4736693208262,293.18751624004057,296.6618347167969,10940200
2025-11-25 00:00:00-05:00,298.70260864804214,303.13263800592705,294.23278078476807,301.6393737792969,8877200
2025-11-26 00:00:00-05:00,303.6303853642607,307.1445325435829,301.83848048809654,306.258544921875,7910900
2025-11-28 00:00:00-05:00,307.71199439271356,312.31124344972676,306.85584041963983,311.6741027832031,4322400
2025-12-01 00:00:00-05:00,311.5447084439427,312.6298101472411,307.1545079277028,307.5328063964844,7727300
2025-12-02 00:00:00-05:00,307.3535906208714,309.0857977944923,305.7110060363412,306.4974670410156,7249000
2025-12-03 00:00:00-05:00,305.8205388774128,310.9573413023751,305.4223107621409,310.7283935546875,8535300
2025-12-04 00:00:00-05:00,311.8533290542866,317.0598245188333,311.594486851423,314.6805725097656,9627800
2025-12-05 00:00:00-05:00,314.22264749671507,317.0498909600222,313.26693645912985,313.6253356933594,6518900
2025-12-08 00:00:00-05:00,313.64523530818684,315.04890741449873,311.9429224901236,313.7945556640625,7417200
2025-12-09 00:00:00-05:00,313.53574377586375,317.36843122488773,298.6727631596137,299.16058349609375,18049200
2025-12-10 00:00:00-05:00,299.1506059920777,309.79260502170655,297.1197580970947,308.7174377441406,18874100
2025-12-11 00:00:00-05:00,307.85134172095206,316.57201448320507,307.85134172095206,315.9548034667969,9721900
2025-12-12 00:00:00-05:00,318.2444858866232,318.8318328758901,315.1783298378069,317.0896911621094,8982900
2025-12-15 00:00:00-05:00,318.15488497356307,321.43011981246894,316.9602917736724,318.58294677734375,10864100
2025-12-16 00:00:00-05:00,317.65713843404893,318.0852002489096,312.9881962174831,314.1330261230469,8331300
2025-12-17 00:00:00-05:00,317.0000717018951,317.93585302959536,313.247011955208,313.5655822753906,8718700
2025-12-18 00:00:00-05:00,314.5810110073882,316.2733893580616,310.8179862048632,311.594482421875,11444900
2025-12-19 00:00:00-05:00,312.38092757719465,317.12949684979,311.7836158143462,315.7855529785156,24494400
2025-12-22 00:00:00-05:00,316.0842305232393,321.778546068669,316.0842305232393,321.63916015625,8354600
2025-12-23 00:00:00-05:00,322.15681084289565,326.3080987754714,321.63915684610726,324.4664001464844,6668300
2025-12-24 00:00:00-05:00,324.7749981915486,328.5081586858931,324.0383309091034,327.6918640136719,4289300
2025-12-26 00:00:00-05:00,327.6321237138718,329.3742653747722,325.0736873353596,326.4375305175781,4158300
2025-12-29 00:00:00-05:00,325.5316095182794,326.29814090339255,322.077190306029,322.29620361328125,8635300
2025-12-30 00:00:00-05:00,323.35145488056963,323.48087598310644,321.0418654305578,321.96771240234375,7904300
2025-12-31 00:00:00-05:00,322.8835465614906,323.42113019633854,320.59388687095947,320.7730712890625,5048500
2026-01-02 00:00:00-05:00,321.0518034652283,324.2673099842148,319.2996970795839,324.0184326171875,8054000
2026-01-05 00:00:00-05:00,324.03834873814424,335.7355855973553,323.7297432174082,332.5400085449219,10752600
2026-01-06 00:00:00-05:00,332.6199951171875,335.8699951171875,330.6499938964844,334.6099853515625,7660800
2026-01-07 00:00:00-05:00,331.1400146484375,332.1499938964844,324.6000061035156,326.989990234375,9815200
2026-01-08 00:00:00-05:00,326.3900146484375,331.3999938964844,325.6499938964844,329.7900085449219,11737100
2026-01-09 00:00:00-05:00,329.3399963378906,331.8999938964844,328.1700134277344,329.19000244140625,6738100
2026-01-12 00:00:00-05:00,321.8800048828125,326.0199890136719,321.2300109863281,324.489990234375,12805100
2026-01-13 00:00:00-05:00,324.29998779296875,326.8599853515625,310.57000732421875,310.8999938964844,19371200
2026-01-14 00:00:00-05:00,308.20001220703125,311.760009765625,306.1199951171875,307.8699951171875,25951500
2026-01-15 00:00:00-05:00,308.4700012207031,312.94000244140625,307.75,309.260009765625,14751400
2026-01-16 00:00:00-05:00,310.3500061035156,317.2099914550781,310.0,312.4700012207031,14652500
2026-01-20 00:00:00-05:00,306.2099914550781,311.1499938964844,301.8599853515625,302.739990234375,12900600
2026-01-21 00:00:00-05:00,303.42999267578125,305.3999938964844,301.1499938964844,302.0400085449219,10270100
2026-01-22 00:00:00-05:00,304.8599853515625,308.20001220703125,302.8999938964844,303.6300048828125,10535800
2026-01-23 00:00:00-05:00,302.0,302.3699951171875,296.510009765625,297.7200012207031,11107900
2026-01-26 00:00:00-05:00,297.80999755859375,301.7799987792969,297.45001220703125,301.0400085449219,11752700
2026-01-27 00:00:00-05:00,301.3299865722656,301.9700012207031,298.1499938964844,300.30999755859375,11527400
2026-01-28 00:00:00-05:00,300.2699890136719,301.9200134277344,298.04998779296875,300.7699890136719,9556700
2026-01-29 00:00:00-05:00,302.3999938964844,306.8299865722656,302.2200012207031,306.4200134277344,11580000
2026-01-30 00:00:00-05:00,305.25,307.92999267578125,302.55999755859375,305.8900146484375,11953200
2026-02-02 00:00:00-05:00,304.4599914550781,309.29998779296875,301.3699951171875,308.1400146484375,9839400
2026-02-03 00:00:00-05:00,309.7300109863281,316.25,309.1000061035156,314.8500061035156,12688000
2026-02-04 00:00:00-05:00,314.4100036621094,319.30999755859375,314.4100036621094,317.2699890136719,9848800
2026-02-05 00:00:00-05:00,315.0,316.010009765625,305.5400085449219,310.1600036621094,9388000
2026-02-06 00:00:00-05:00,314.7099914550781,324.25,314.7099914550781,322.3999938964844,17797400
2026-02-09 00:00:00-05:00,321.3399963378906,326.3999938964844,320.1099853515625,322.1000061035156,11477500
2026-02-10 00:00:00-05:00,322.54998779296875,326.1300048828125,315.1199951171875,318.2799987792969,9902200
2026-02-11 00:00:00-05:00,323.239990234375,325.2799987792969,308.7300109863281,310.82000732421875,8703500
2026-02-12 00:00:00-05:00,312.2799987792969,313.6199951171875,300.0199890136719,302.6400146484375,13443400
2026-02-13 00:00:00-05:00,298.5199890136719,304.2900085449219,296.5199890136719,302.54998779296875,9114500
2026-02-17 00:00:00-05:00,302.760009765625,308.239990234375,302.5,307.1300048828125,8891100
