Date,Open,High,Low,Close,Volume
2014-01-02 00:00:00-05:00,30.98877209581243,31.030258929502438,30.78135058736656,30.831132888793945,30632200
2014-01-03 00:00:00-05:00,30.864322258179094,30.880916359283095,30.36650872006261,30.62371253967285,31134800
2014-01-06 00:00:00-05:00,30.573928559937286,30.607116760325514,29.959962677759986,29.9765567779541,43603700
2014-01-07 00:00:00-05:00,30.142496693729004,30.275246339436265,30.042932085697654,30.20886993408203,35802800
2014-01-08 00:00:00-05:00,29.86868736111584,29.98484286112018,29.520220861102818,29.6695613861084,59971700
2014-01-09 00:00:00-05:00,29.769140377219088,29.79402994927731,29.370891399279895,29.478748321533203,36516300
2014-01-10 00:00:00-05:00,29.78573614560592,29.993157697692308,29.661281948353402,29.901891708374023,40548800
2014-01-13 00:00:00-05:00,29.86040958429798,29.885299159042557,28.897973659151216,29.022424697875977,45901900
2014-01-14 00:00:00-05:00,28.814993314434744,29.769133444482573,28.732025983561368,29.6861629486084,41623300
2014-01-15 00:00:00-05:00,29.78573441691475,30.524154593085917,29.7442475769039,30.4992618560791,44812600
2014-01-16 00:00:00-05:00,30.44117886260988,30.698382667603674,30.12590045455412,30.60711669921875,38018700
2014-01-17 00:00:00-05:00,30.557346109351112,30.557346109351112,29.993159206102032,30.18398666381836,46267500
2014-01-21 00:00:00-05:00,30.54903410734192,30.54903410734192,29.918474225797326,30.009737014770508,31567300
2014-01-22 00:00:00-05:00,30.084404474410704,30.134186759757227,29.661266126465335,29.810609817504883,21904300
2014-01-23 00:00:00-05:00,29.943363761174886,29.976551956224796,29.470443059215388,29.918474197387695,43954000
2014-01-24 00:00:00-05:00,31.071731706490578,31.15469901478564,30.30841917717629,30.540733337402344,76395500
2014-01-27 00:00:00-05:00,30.590511804153756,30.607105898458947,29.85209201507191,29.89357566833496,44420800
2014-01-28 00:00:00-05:00,29.968256333563883,30.192271925139625,29.661273411034518,30.092710494995117,36205500
2014-01-29 00:00:00-05:00,29.852101647431585,30.59882030710922,29.785728413794068,30.416288375854492,52745900
2014-01-30 00:00:00-05:00,30.52415945638567,30.59883134930026,30.059533993250238,30.582237243652344,35036300
2014-01-31 00:00:00-05:00,30.656889624402723,31.436793103457887,30.33331268272026,31.395309448242188,93162300
2014-02-03 00:00:00-05:00,31.31234312422794,31.519764571840735,30.225453599336838,30.266937255859375,64063100
2014-02-04 00:00:00-05:00,30.673484150578076,30.856012869092428,30.076109379076403,30.159076690673828,54697900
2014-02-05 00:00:00-05:00,30.109300363817255,30.258644070551565,29.702752903262663,29.71934700012207,55814400
2014-02-06 00:00:00-05:00,29.702765686744666,30.076125114266944,29.61149969723903,30.018047332763672,35351800
2014-02-07 00:00:00-05:00,30.134196484378283,30.35821209322979,29.876992674585583,30.333322525024414,33260500
2014-02-10 00:00:00-05:00,30.391397001677305,30.532442092895508,30.109303654240197,30.532442092895508,26767000
2014-02-11 00:00:00-05:00,30.59882140678897,30.914099816649415,30.582227306533,30.839427947998047,32141400
2014-02-12 00:00:00-05:00,30.98877234093774,31.19619385102434,30.94728867192063,31.088336944580078,27051800
2014-02-13 00:00:00-05:00,30.97218527613684,31.411917919676476,30.97218527613684,31.204496383666992,37635500
2014-02-14 00:00:00-05:00,31.02195263792156,31.34552960481078,30.97217351378492,31.212779998779297,31407500
2014-02-18 00:00:00-05:00,31.45519844564877,31.58058265074276,31.271297785030256,31.27965545654297,32834000
2014-02-19 00:00:00-05:00,31.112478164499443,31.555508119020594,31.104117303809957,31.354888916015625,29750400
2014-02-20 00:00:00-05:00,31.405055446554876,31.655827146058208,31.262952652705884,31.555519104003906,27526100
2014-02-21 00:00:00-05:00,31.714340861464713,32.05706293275183,31.647469895443795,31.747777938842773,38021300
2014-02-24 00:00:00-05:00,31.505353927612305,31.747767878684883,31.37996971027884,31.505353927612305,32085100
2014-02-25 00:00:00-05:00,31.438478091890747,31.639094083908102,31.221140380349297,31.37996482849121,30736500
2014-02-26 00:00:00-05:00,31.413401511004547,31.547146566980107,31.08739494762631,31.32145118713379,41041800
2014-02-27 00:00:00-05:00,31.30473707652849,31.672535235208077,31.120836402821638,31.647459030151367,33903400
2014-02-28 00:00:00-05:00,31.74776200921785,32.14899717022689,31.61401695554817,32.02361297607422,41215000
2014-03-03 00:00:00-05:00,31.697610109384264,31.8731531036131,31.338172826637933,31.580583572387695,29717500
2014-03-04 00:00:00-05:00,31.93167222895835,32.16572534588107,31.823003343786564,32.10721206665039,26802400
2014-03-05 00:00:00-05:00,31.973466145888594,31.990184680769875,31.705975965257043,31.8564395904541,20520100
2014-03-06 00:00:00-05:00,31.881510736809552,31.965103397944553,31.67253386707301,31.88987159729004,23582200
2014-03-07 00:00:00-05:00,31.99854317845715,32.06541731970565,31.505357547320443,31.68090057373047,26591600
2014-03-10 00:00:00-04:00,31.75612531806814,31.772840660924192,31.53042992470524,31.6140193939209,19006600
2014-03-11 00:00:00-04:00,31.655820620060048,31.95674787292052,31.53043639052452,31.781208038330078,25216400
2014-03-12 00:00:00-04:00,31.597309068718744,32.12393179000555,31.58895139512008,31.99018669128418,30494100
2014-03-13 00:00:00-04:00,32.11555136292014,32.14063074590716,31.463544802446858,31.672521591186523,32169700
2014-03-14 00:00:00-04:00,31.47191147954523,31.881504275527487,31.354881777674112,31.51370620727539,27195600
2014-03-17 00:00:00-04:00,31.68090352209503,32.10721505165767,31.588953163688316,31.80628776550293,20479600
2014-03-18 00:00:00-04:00,31.98181733662162,33.35270822041287,31.94838346237019,33.06013870239258,64063900
2014-03-19 00:00:00-04:00,32.99327392375651,33.06014487347549,32.52516452078596,32.82609176635742,35597200
2014-03-20 00:00:00-04:00,32.809365242159956,33.979636870240014,32.80100757125572,33.7121467590332,59269800
2014-03-21 00:00:00-04:00,34.03815482469581,34.22205230854097,33.44465806920845,33.570045471191406,80721800
2014-03-24 00:00:00-04:00,33.720491598074595,33.97126308331168,33.31925658394876,33.8542366027832,46098400
2014-03-25 00:00:00-04:00,33.98799871953074,34.26384972428777,33.402862833555794,33.72050857543945,43193100
2014-03-26 00:00:00-04:00,33.83752466406506,34.02978294645523,33.10192540063908,33.26074981689453,41977500
2014-03-27 00:00:00-04:00,33.21896717040003,33.411225522691325,32.88460287762041,32.90132141113281,35369200
2014-03-28 00:00:00-04:00,33.26076131750156,33.97128144108743,33.168810979187924,33.68707275390625,43472700
2014-03-31 00:00:00-04:00,33.79574179955131,34.69016260437254,33.77066559396718,34.263851165771484,46886300
2014-04-01 00:00:00-04:00,34.397602561144566,34.765400795112235,34.330728415658754,34.623294830322266,32605000
2014-04-02 00:00:00-04:00,34.64000918448874,34.82390987363701,34.41431375382525,34.56477737426758,28666700
2014-04-03 00:00:00-04:00,34.51462345116505,34.51462345116505,34.02979554232597,34.28056716918945,30139600
2014-04-04 00:00:00-04:00,34.48119015496167,34.59821671438098,33.13537834417048,33.32763671875,51409600
2014-04-07 00:00:00-04:00,33.40287583087402,33.662008403864085,33.218978278214074,33.26913070678711,37559600
2014-04-08 00:00:00-04:00,33.2273258061877,33.37778942342767,32.76757728183637,33.28583908081055,35918600
2014-04-09 00:00:00-04:00,33.377790800795566,33.896052621156336,33.33599605844516,33.82918167114258,27398700
2014-04-10 00:00:00-04:00,33.80409989966302,34.01307678546673,32.6756259918167,32.90132141113281,45960800
2014-04-11 00:00:00-04:00,32.600388708028845,33.260756321513206,32.600388708028845,32.77592849731445,34330200
2014-04-14 00:00:00-04:00,32.69234503304974,32.94311666216189,32.51680521154466,32.750858306884766,32006600
2014-04-15 00:00:00-04:00,32.884592142078,33.40285375683331,32.6421782683882,33.22731399536133,33968700
2014-04-16 00:00:00-04:00,33.486466885826985,33.787391008728264,33.36107944306678,33.77067565917969,30615800
2014-04-17 00:00:00-04:00,33.44465637207031,33.60348083168711,33.02670263831484,33.44465637207031,36688400
2014-04-21 00:00:00-04:00,33.544978687085376,33.56169722462729,33.26076992634282,33.38615417480469,22221200
2014-04-22 00:00:00-04:00,33.402872412289064,33.55333606007969,33.29420670234525,33.42795181274414,27056700
2014-04-23 00:00:00-04:00,33.42792155678336,33.42792155678336,32.99324954422939,33.177146911621094,24602800
2014-04-24 00:00:00-04:00,33.218963087634606,33.41122141629646,32.85116177303468,33.319271087646484,42381600
2014-04-25 00:00:00-04:00,33.67872217549751,34.00472567001522,33.22733124982616,33.36107635498047,56876800
2014-04-28 00:00:00-04:00,33.55332402515761,34.514618853607246,33.511529291036716,34.163536071777344,50610200
2014-04-29 00:00:00-04:00,34.35579926338527,34.43103107094679,33.76230566414125,33.862613677978516,29636200
2014-04-30 00:00:00-04:00,33.77067565917969,33.854265161863076,33.57841406328466,33.77067565917969,35458700
2014-05-01 00:00:00-04:00,33.63692523879763,33.737233263951204,33.39451125500309,33.43630599975586,28787400
2014-05-02 00:00:00-04:00,33.69541153547317,33.720487724496564,33.1520707225977,33.177146911621094,43416600
2014-05-05 00:00:00-04:00,33.03505921296104,33.13536720320365,32.85115857357166,32.9598274230957,22460900
2014-05-06 00:00:00-04:00,32.842816875115936,32.892969300260575,32.558608107267766,32.65055847167969,27112400
2014-05-07 00:00:00-04:00,32.78428669071891,33.02669739436957,32.19079005958313,32.95146560668945,41744500
2014-05-08 00:00:00-04:00,32.88460812601889,33.35271757287399,32.575323178512974,33.135379791259766,32120400
2014-05-09 00:00:00-04:00,33.05178451538086,33.31091380899985,32.9096785770794,33.05178451538086,29647600
2014-05-12 00:00:00-04:00,33.21896601960343,33.45301910320038,33.14373421577096,33.411224365234375,22782600
2014-05-13 00:00:00-04:00,33.60484679748887,34.093095133382285,33.545920717119735,34.02574920654297,27004800
2014-05-14 00:00:00-04:00,33.92472038669853,34.05099234499526,33.71426926369019,33.87421417236328,18818700
2014-05-15 00:00:00-04:00,33.747938603352395,34.00889912400495,33.259690508820974,33.335453033447266,37793200
2014-05-16 00:00:00-04:00,33.394387615752244,33.53749607048495,33.05766769568252,33.52907943725586,29867100
2014-05-19 00:00:00-04:00,33.34387503223312,33.52065319738441,33.21760307927982,33.461727142333984,24537400
2014-05-20 00:00:00-04:00,33.40282440185547,33.62169230034734,33.21762626458676,33.40282440185547,21320900
2014-05-21 00:00:00-04:00,33.50381651320947,33.9668083190918,33.4533103013276,33.9668083190918,22398700
2014-05-22 00:00:00-04:00,33.91632317408041,33.96682941733386,33.54592693032239,33.756378173828125,20201800
2014-05-23 00:00:00-04:00,33.98365214709402,33.98365214709402,33.67218533191813,33.77320098876953,18020000
2014-05-27 00:00:00-04:00,33.891037398734305,33.891037398734305,33.51222805849558,33.83211135864258,26160600
2014-05-28 00:00:00-04:00,33.79003470517558,33.83212429115459,33.52065750143441,33.680599212646484,25711500
2014-05-29 00:00:00-04:00,33.79845519734143,33.9668135444865,33.59642068504588,33.958396911621094,19888200
2014-05-30 00:00:00-04:00,34.05099941462904,34.488738226716784,33.88263783902145,34.46348190307617,34567600
2014-06-02 00:00:00-04:00,34.471896391500486,34.58974851274396,34.24460878143259,34.33720779418945,18504300
2014-06-03 00:00:00-04:00,34.17726289308734,34.24460879738896,33.88263258984137,33.91630554199219,18068900
2014-06-04 00:00:00-04:00,33.84894841170921,33.983636964413634,33.55431820617716,33.94154739379883,23209000
2014-06-05 00:00:00-04:00,34.16884744928384,34.724438334181556,34.008905737847826,34.690765380859375,31865200
2014-06-06 00:00:00-04:00,34.918052673339844,35.06957775064717,34.71602137774977,34.918052673339844,24060500
2014-06-09 00:00:00-04:00,34.842287613140755,34.918050146311465,34.53082084842976,34.74127197265625,15019200
2014-06-10 00:00:00-04:00,34.53924054917279,34.64867604263781,34.396135313374344,34.60658645629883,15117700
2014-06-11 00:00:00-04:00,34.455067125198184,34.572919271102364,34.32037849970339,34.396141052246094,18040000
2014-06-12 00:00:00-04:00,34.35403790084423,34.41296395054078,33.91629923793497,34.160423278808594,29818900
2014-06-13 00:00:00-04:00,34.598171759541124,34.993820994694254,34.39614043056554,34.70760726928711,26310000
2014-06-16 00:00:00-04:00,34.54765385863264,35.027482116844574,34.54765385863264,34.93488311767578,24205300
2014-06-17 00:00:00-04:00,34.75811107237284,35.28002900071804,33.95839609768339,35.0864143371582,22518600
2014-06-18 00:00:00-04:00,35.02749189935889,35.1369274026879,34.6655156440036,35.06116485595703,27097000
2014-06-19 00:00:00-04:00,34.99381539902052,35.162176953731766,34.79178410235068,34.94330596923828,19828200
2014-06-20 00:00:00-04:00,34.89279967359836,35.212686305720055,34.833873611264046,35.0864143371582,47764900
2014-06-23 00:00:00-04:00,35.12851814854764,35.35580585726346,35.094845181797695,35.347389221191406,18743900
2014-06-24 00:00:00-04:00,35.21268969322387,35.30528550635024,34.98540205468492,35.14534378051758,26509100
2014-06-25 00:00:00-04:00,35.10324487763269,35.397875139481265,34.901210404344376,35.381038665771484,20049100
2014-06-26 00:00:00-04:00,35.29686868770095,35.30528532113015,34.87596636918435,35.12009048461914,23604400
2014-06-27 00:00:00-04:00,35.02749533393453,35.599922807312005,34.94331293418478,35.56624984741211,74640000
2014-06-30 00:00:00-04:00,35.4988906732888,35.53256362061613,35.10324478149414,35.10324478149414,30793100
2014-07-01 00:00:00-04:00,35.23795177258781,35.48207595143056,35.09484327728216,35.246368408203125,26917000
2014-07-02 00:00:00-04:00,35.128509421883635,35.2716178894043,34.960147841189354,35.2716178894043,20208100
2014-07-03 00:00:00-04:00,35.28003035445043,35.3473762632621,34.98540003147356,35.18743133544922,15969300
2014-07-07 00:00:00-04:00,35.14535463192261,35.456821546282434,35.11168166517267,35.347389221191406,21952400
2014-07-08 00:00:00-04:00,35.246340508419195,35.355775952176955,35.027472832131814,35.17057800292969,31218200
2014-07-09 00:00:00-04:00,35.33895971916065,35.34737956416323,34.96014697479391,35.077999114990234,18445900
2014-07-10 00:00:00-04:00,34.825459938535296,35.35579780475099,34.55608268834989,35.0948371887207,21854700
2014-07-11 00:00:00-04:00,35.103249633218134,35.43155288696289,34.91805160855004,35.43155288696289,24083000
2014-07-14 00:00:00-04:00,35.54098634200445,35.73460098797656,35.3894612779864,35.47364044189453,21881100
2014-07-15 00:00:00-04:00,35.633592038633644,35.75144417472144,35.38104807703995,35.7346076965332,28748700
2014-07-16 00:00:00-04:00,35.78510319785806,37.300353668498154,35.759850093757024,37.10673904418945,63318000
2014-07-17 00:00:00-04:00,38.26001945273883,38.47888723431324,37.249853297344565,37.485557556152344,82180300
2014-07-18 00:00:00-04:00,37.586577143321634,37.74651886327394,37.24985401462969,37.62024688720703,43407500
2014-07-21 00:00:00-04:00,37.51080913767551,38.01589054593469,37.22459548333416,37.74651336669922,37604400
2014-07-22 00:00:00-04:00,37.881211029758894,38.00748301768344,37.536071235492514,37.73810577392578,43095800
2014-07-23 00:00:00-04:00,38.260018673428505,38.260018673428505,37.56131933300899,37.77177047729492,52362900
2014-07-24 00:00:00-04:00,37.822269163147304,37.88119520990887,37.30876800317195,37.37611389160156,30725300
2014-07-25 00:00:00-04:00,37.29193130732688,37.59498138098456,37.29193130732688,37.46029281616211,26737700
2014-07-28 00:00:00-04:00,37.34245583577216,37.468724610077814,36.9804795692153,37.01415252685547,29684200
2014-07-29 00:00:00-04:00,36.963636707846504,37.1151617798333,36.736349099866324,36.946800231933594,27763100
2014-07-30 00:00:00-04:00,37.098319144066444,37.123572248128035,36.44171274863376,36.68583679199219,31921400
2014-07-31 00:00:00-04:00,36.51749254477187,36.778449973451266,36.26495175101776,36.33229446411133,31537500
2014-08-01 00:00:00-04:00,36.374391959947744,36.40806492942187,35.860890414776264,36.07976150512695,31170300
2014-08-04 00:00:00-04:00,36.17233625654767,36.593238458420544,36.03764768039751,36.509056091308594,34277400
2014-08-05 00:00:00-04:00,36.45855683361892,36.58482559151836,36.05449102812748,36.26494216918945,26266400
2014-08-06 00:00:00-04:00,35.97872543334961,36.34069841090391,35.53256686855279,35.97872543334961,24634000
2014-08-07 00:00:00-04:00,36.062912963542296,36.57641433703581,35.90297122885991,36.39121627807617,30314900
2014-08-08 00:00:00-04:00,36.39121609509797,36.466978645088695,36.12183885318206,36.365962982177734,28942700
2014-08-11 00:00:00-04:00,36.4164692080182,36.576414153126414,36.214437882196286,36.365962982177734,20351600
2014-08-12 00:00:00-04:00,36.231275765749366,36.69426771753865,36.197602806397015,36.63534164428711,21431100
2014-08-13 00:00:00-04:00,36.77001600377412,37.19091819867884,36.63532742985377,37.10673904418945,22889500
2014-08-14 00:00:00-04:00,37.10674758569914,37.39295806133667,37.04781831051711,37.26668930053711,19313200
2014-08-15 00:00:00-04:00,37.527647630495125,37.79702482421394,37.37612255762461,37.70442581176758,41611300
2014-08-18 00:00:00-04:00,37.830707428826955,37.97381591796875,37.61183958871841,37.97381591796875,26891100
2014-08-19 00:00:00-04:00,38.09238832751039,38.405800438062656,37.97380013601958,38.39733123779297,28139500
2014-08-20 00:00:00-04:00,38.405812371637424,38.45663728290562,38.03310604953127,38.07545852661133,24770500
2014-08-21 00:00:00-04:00,37.98228025186168,38.32957572587225,37.973811049158066,38.30416488647461,22285500
2014-08-22 00:00:00-04:00,38.41427912971612,38.51592894578316,38.17710268813305,38.244869232177734,18294500
2014-08-25 00:00:00-04:00,38.45664134891532,38.49052139538937,38.15169831163835,38.26181411743164,16910000
2014-08-26 00:00:00-04:00,38.38040307354445,38.45663882786601,38.0669876217297,38.12628173828125,14873100
2014-08-27 00:00:00-04:00,38.03310068268159,38.117805624889,37.914509239790235,38.007686614990234,21287900
2014-08-28 00:00:00-04:00,37.906036244043044,38.10086017664916,37.78744804430767,38.01615524291992,17657600
2014-08-29 00:00:00-04:00,38.19403152279064,38.490501975402566,37.99920762089057,38.482032775878906,21607600
2014-09-02 00:00:00-04:00,38.48205506983961,38.507465914417544,37.9907571994165,38.194053649902344,22976800
2014-09-03 00:00:00-04:00,37.71967870619542,38.210976332876676,37.71967870619542,38.08391571044922,33684500
2014-09-04 00:00:00-04:00,37.89756983283495,38.346511830961596,37.8806281985848,38.33803939819336,26475500
2014-09-05 00:00:00-04:00,38.210980722208426,38.905571547018894,38.210980722208426,38.88862991333008,36939400
2014-09-08 00:00:00-04:00,38.9818088234642,39.64251640700697,38.95639798756989,39.36298751831055,45736700
2014-09-09 00:00:00-04:00,39.36298552648346,39.78651667015112,39.32062982708775,39.6086311340332,40302400
2014-09-10 00:00:00-04:00,39.659449970651806,39.761096524830265,39.20203562992018,39.6763916015625,27302400
2014-09-11 00:00:00-04:00,39.591700608050694,39.81193542480469,39.36299335721761,39.81193542480469,29216400
2014-09-12 00:00:00-04:00,39.735694052110034,39.82887142607492,39.473103564689566,39.55781173706055,38244700
2014-09-15 00:00:00-04:00,39.422281350607314,39.56628039472882,39.049571859871484,39.16816329956055,37667600
2014-09-16 00:00:00-04:00,39.29521899247927,39.68486686914483,39.210514056260216,39.6086311340332,27910600
2014-09-17 00:00:00-04:00,39.18511166162013,39.54934881216496,39.15970081944305,39.40534973144531,38311900
2014-09-18 00:00:00-04:00,39.46463111858353,39.66792748427386,39.35451211919768,39.54086685180664,35556600
2014-09-19 00:00:00-04:00,39.650989766293215,40.294755730519555,39.473104217017635,40.252403259277344,202522400
2014-09-22 00:00:00-04:00,40.06605564184448,40.13382219292669,39.79499590008967,39.862762451171875,38686100
2014-09-23 00:00:00-04:00,39.68485835391352,39.794977332398865,39.362977080318636,39.439212799072266,33430300
2014-09-24 00:00:00-04:00,39.49852097729461,39.90511054525148,39.25287210354359,39.87969970703125,26582700
2014-09-25 00:00:00-04:00,39.710285119586345,39.88816744316276,38.99028016070772,38.99875259399414,33077400
2014-09-26 00:00:00-04:00,38.905567207919624,39.49003896421033,38.7615649532682,39.312156677246094,27078800
2014-09-29 00:00:00-04:00,38.947926103257146,39.439223812708434,38.7615713539775,39.33757400512695,26091000
2014-09-30 00:00:00-04:00,39.27827129330541,39.37144864752887,38.97332839995069,39.26980209350586,33033100
2014-10-01 00:00:00-04:00,39.19356958960166,39.41380434662297,38.83780177436914,38.880157470703125,38088400
2014-10-02 00:00:00-04:00,38.82088641409714,39.04959050735262,38.65994242759188,38.76158905029297,25119400
2014-10-03 00:00:00-04:00,38.94792218307849,39.21898184677366,38.63451005279709,39.041099548339844,32453200
2014-10-06 00:00:00-04:00,39.066510382034366,39.21898184677366,38.897097284403365,39.041099548339844,20604000
2014-10-07 00:00:00-04:00,38.84628171239946,38.905575821181266,38.473572192872055,38.566749572753906,25723700
2014-10-08 00:00:00-04:00,38.52439931033162,39.71875721921342,38.40581108596257,39.625579833984375,33031000
2014-10-09 00:00:00-04:00,39.38839464221799,39.64251267107186,38.74462875370244,38.83780288696289,34422800
2014-10-10 00:00:00-04:00,38.62604954701316,39.066522444341174,37.22839833040775,37.29616165161133,51978100
2014-10-13 00:00:00-04:00,37.11828039239185,37.74510809625912,36.838751433345905,36.974281311035156,37100200
2014-10-14 00:00:00-04:00,37.16062235466971,37.592625939031805,36.898035108573396,37.04203414916992,38115700
2014-10-15 00:00:00-04:00,36.42368399126415,36.75403781743486,35.66132652218813,36.61003875732422,60218700
2014-10-16 00:00:00-04:00,36.02555609339838,36.49144291120583,35.76296886658256,36.20344161987305,49040400
2014-10-17 00:00:00-04:00,36.59309552852149,37.219919881336104,36.24580008134406,36.957332611083984,40683300
2014-10-20 00:00:00-04:00,36.474497199197145,37.389322637340335,36.26273166252776,37.3385009765625,34527900
2014-10-21 00:00:00-04:00,37.575682478698496,38.10086017664916,37.43168021381548,38.01615524291992,36433800
2014-10-22 00:00:00-04:00,38.11781397394574,38.17710809273557,37.465575435970436,37.59263610839844,33570900
2014-10-23 00:00:00-04:00,37.79591654559864,38.49897976142539,37.71968081413895,38.134742736816406,45451900
2014-10-24 00:00:00-04:00,39.66793751620268,39.72723163133976,38.27028313074417,39.07499313354492,61076700
2014-10-27 00:00:00-04:00,38.71921680772811,39.049570586444524,38.71921680772811,38.88862991333008,30371300
2014-10-28 00:00:00-04:00,38.84627466071949,39.38839397476425,38.77003893022657,39.37992477416992,29049800
2014-10-29 00:00:00-04:00,39.33757596714344,39.55781399660159,39.25287102122049,39.490047454833984,30276100
2014-10-30 00:00:00-04:00,39.235936122120485,39.235936122120485,38.770052376984495,39.00722885131836,30073900
2014-10-31 00:00:00-04:00,39.76110840743427,39.786522477038154,39.37146047389917,39.76958084106445,35849700
2014-11-03 00:00:00-05:00,39.71875530464932,40.2015806127564,39.58322545029095,40.18463897705078,23130400
2014-11-04 00:00:00-05:00,40.066054401821276,40.43029152439767,40.02370192434918,40.294761657714844,21530800
2014-11-05 00:00:00-05:00,40.48958036831507,40.574288543519124,40.03216591607265,40.5404052734375,22449600
2014-11-06 00:00:00-05:00,40.54040534959272,41.38746771550552,40.481111242481745,41.25193786621094,33037800
2014-11-07 00:00:00-05:00,41.43828612323191,41.43828612323191,40.90463920129567,41.23499298095703,28000600
2014-11-10 00:00:00-05:00,41.209579186776516,41.633110305936455,41.124871024172926,41.412872314453125,36370100
2014-11-11 00:00:00-05:00,41.37898579800971,41.463693953957254,41.20957594868611,41.39592742919922,23445200
2014-11-12 00:00:00-05:00,41.13335821580829,41.43829801674364,41.099474938608644,41.31970977783203,22722100
2014-11-13 00:00:00-05:00,41.345120593813036,42.056653202508514,41.26041240748803,42.022769927978516,26210400
2014-11-14 00:00:00-05:00,42.13289392701758,42.395481257397975,41.83642008682104,41.99736404418945,29081700
2014-11-17 00:00:00-05:00,41.853365134882736,42.10748328197152,41.624657833116565,41.89571762084961,30318600
2014-11-18 00:00:00-05:00,41.878656283730606,42.049137924795765,41.51212189352391,41.54621887207031,23995500
2014-11-19 00:00:00-05:00,41.47802330302788,41.554739875942445,40.85576810123941,41.10296630859375,26177500
2014-11-20 00:00:00-05:00,40.91542769296277,41.51211166381836,40.80461416582784,41.51211166381836,21510600
2014-11-21 00:00:00-05:00,41.784885913900744,41.81045701873083,40.5488982376726,40.89838409423828,42884800
2014-11-24 00:00:00-05:00,40.90691943349948,40.915442053193665,40.39547445683425,40.565956115722656,35434200
2014-11-25 00:00:00-05:00,40.6256169524478,40.889863639111134,40.446612705837126,40.463661193847656,28008000
2014-11-26 00:00:00-05:00,40.480700125091914,40.90690246973667,40.30169266907508,40.70232391357422,27163600
2014-11-28 00:00:00-05:00,40.8728189942314,41.08592023690032,40.583001174135,40.753482818603516,21534400
2014-12-01 00:00:00-05:00,40.81316494927904,41.58032773584988,40.668254363537024,41.44394302368164,31191600
2014-12-02 00:00:00-05:00,41.63145182313576,41.810456056158124,41.08591325487731,41.30753707885742,25773500
2014-12-03 00:00:00-05:00,41.29048649494835,41.341631952499725,40.753473823156774,40.98362350463867,23534800
2014-12-04 00:00:00-05:00,41.2478867396519,41.81899990942274,41.08593092369754,41.6314697265625,30320400
2014-12-05 00:00:00-05:00,41.61441224810345,41.74227430002458,41.239355215024275,41.2734489440918,27313400
2014-12-08 00:00:00-05:00,41.13706611955666,41.21378270381991,40.4466201128546,40.65972137451172,26663100
2014-12-09 00:00:00-05:00,40.15680208539079,40.847248088971426,40.1056566122241,40.565956115722656,24330500
2014-12-10 00:00:00-05:00,40.55742255061369,40.62561324476581,39.8073054049425,39.977787017822266,30431800
2014-12-11 00:00:00-05:00,40.13122963296195,40.69381681231809,39.79026632658431,40.207942962646484,29060400
2014-12-12 00:00:00-05:00,39.8754981140177,40.68528337736561,39.781733059612534,40.020408630371094,34248400
2014-12-15 00:00:00-05:00,40.2335228412956,40.634151041808984,39.6794582053717,39.78174591064453,29247800
2014-12-16 00:00:00-05:00,39.125379334548136,39.50043625403349,38.46902728669921,38.494598388671875,47801400
2014-12-17 00:00:00-05:00,38.40082948413951,39.16799498283079,38.27297073546813,38.988990783691406,34970900
2014-12-18 00:00:00-05:00,39.70503081845239,40.506290435791016,39.50045216526627,40.506290435791016,40105600
2014-12-19 00:00:00-05:00,40.600043061830995,41.00067112176947,40.20793436781359,40.625614166259766,64551200
2014-12-22 00:00:00-05:00,40.72790247481605,41.017720252333916,40.66823439576823,40.89838409423828,26566000
2014-12-23 00:00:00-05:00,41.23082871413318,41.59736312226278,41.026253336185086,41.29902267456055,23648100
2014-12-24 00:00:00-05:00,41.46098112005626,41.46098112005626,40.98363637302745,41.0347785949707,11437800
2014-12-26 00:00:00-05:00,41.26492206580624,41.26492206580624,40.762003032711995,40.813148498535156,13197800
2014-12-29 00:00:00-05:00,40.65971837238756,40.72790908021601,40.28465809849673,40.446617126464844,14439500
2014-12-30 00:00:00-05:00,40.4381058601331,40.59153907274404,39.92666398587539,40.08009719848633,16384700
2014-12-31 00:00:00-05:00,39.832883929866945,40.43809067926033,39.59421157836914,39.59421157836914,21552500
2015-01-02 00:00:00-05:00,39.77321646014696,40.42104281785247,39.67092877243913,39.858455657958984,27913900
2015-01-05 00:00:00-05:00,39.52601801382325,39.83288432690308,39.42373032668562,39.49192428588867,39673900
2015-01-06 00:00:00-05:00,39.53453616002297,39.84992503054683,38.81851598662671,38.91228103637695,36447900
2015-01-07 00:00:00-05:00,39.19356843777374,39.602722311110746,38.775891948012735,39.40666961669922,29114100
2015-01-08 00:00:00-05:00,39.849935749725084,40.70234079249995,39.82436463897533,40.565956115722656,29645200
2015-01-09 00:00:00-05:00,40.58301033347276,40.76201463731477,39.9778034481016,40.224998474121094,23944200
2015-01-12 00:00:00-05:00,40.42104445705683,40.52333540057985,39.51749721760652,39.72207260131836,23651900
2015-01-13 00:00:00-05:00,40.037465608941154,40.83872517273108,39.26177715571529,39.51749801635742,35270600
2015-01-14 00:00:00-05:00,39.176536560058594,39.41521219276174,38.88671870380052,39.176536560058594,29719600
2015-01-15 00:00:00-05:00,39.398160903694205,39.53454557626936,38.70771166971975,38.76737976074219,32750800
2015-01-16 00:00:00-05:00,38.62247377164532,39.44930445442056,38.503134333907504,39.41521072387695,35695300
2015-01-20 00:00:00-05:00,39.46634754379108,39.76469121980071,38.84409233611397,39.54306411743164,36161900
2015-01-21 00:00:00-05:00,39.15948165545275,39.32996329327436,38.76737616462978,39.142433166503906,39081100
2015-01-22 00:00:00-05:00,39.5345509781448,40.18237744847696,39.27883008858388,40.17385482788086,35898000
2015-01-23 00:00:00-05:00,40.3698981444008,40.395469251855694,39.89255021135323,40.21646499633789,26211600
2015-01-26 00:00:00-05:00,40.06301821682331,40.173831730868145,39.415192118943736,40.07154083251953,42525500
2015-01-27 00:00:00-05:00,36.610788423772455,36.82388963316384,35.89476823015076,36.363590240478516,169164000
2015-01-28 00:00:00-05:00,36.43179570268631,36.47441530770139,35.08499407287132,35.110565185546875,84507100
2015-01-29 00:00:00-05:00,34.8889327514304,35.90329340992017,34.769596585921796,35.80952835083008,63585300
2015-01-30 00:00:00-05:00,35.417428134275745,35.443002496156396,34.394541454061915,34.437164306640625,78004900
2015-02-02 00:00:00-05:00,34.5991091921538,35.26398386160902,34.2922429595849,35.1872673034668,50352500
2015-02-03 00:00:00-05:00,35.485619220647465,35.74134005705573,34.99122278548022,35.460044860839844,52082400
2015-02-04 00:00:00-05:00,35.74985480725598,35.98000448486701,35.25546173257263,35.664615631103516,41614800
2015-02-05 00:00:00-05:00,35.988532851198805,36.34654131788544,35.681666593086625,36.18458557128906,36548200
2015-02-06 00:00:00-05:00,36.38064718637875,36.47441226057912,35.928873557959335,36.15049743652344,34616600
2015-02-09 00:00:00-05:00,36.005591939738146,36.43179447890723,35.98001757625422,36.107879638671875,31381100
2015-02-10 00:00:00-05:00,36.43178983609501,36.45736094465286,35.95444188245789,36.31245040893555,29670700
2015-02-11 00:00:00-05:00,36.355073439218586,36.355073439218586,35.98001316961804,36.12492370605469,38262500
2015-02-12 00:00:00-05:00,36.363587301882525,36.73012161254883,36.23572528591386,36.73012161254883,33268800
2015-02-13 00:00:00-05:00,36.97732389550948,37.39500045776367,36.78127116707046,37.39500045776367,40264900
2015-02-17 00:00:00-05:00,37.74697744881109,37.77273053532858,37.077367726088404,37.412174224853516,33695700
2015-02-18 00:00:00-05:00,37.455092691396345,37.51518540269189,37.24905819923508,37.36924362182617,27111700
2015-02-19 00:00:00-05:00,37.06878391375307,37.36924750142431,36.95718174912912,37.3434944152832,27603400
2015-02-20 00:00:00-05:00,37.35207905545799,37.66971574528128,37.16321762548502,37.65254592895508,29721100
2015-02-23 00:00:00-05:00,37.51518427279425,37.93583323919379,37.47226137670551,37.90149688720703,32518800
2015-02-24 00:00:00-05:00,37.90150792931843,38.03027665509974,37.70405665513266,37.849998474121094,25271700
2015-02-25 00:00:00-05:00,37.72979764526156,37.84998305027184,37.60102569714674,37.764137268066406,29759800
2015-02-26 00:00:00-05:00,37.7641489171417,37.97018016791169,37.678299833647806,37.824241638183594,28957300
2015-02-27 00:00:00-05:00,37.88432935795532,37.94442207106412,37.48084690581862,37.64395523071289,33807700
2015-03-02 00:00:00-05:00,37.48944203955659,37.935847531639645,37.38642639517075,37.66972351074219,31924000
2015-03-03 00:00:00-05:00,37.39500673174813,37.626794349225996,36.991524218937656,37.154632568359375,31748600
2015-03-04 00:00:00-05:00,36.92285216250694,37.09454709137433,36.811253242330274,36.96577835083008,25748700
2015-03-05 00:00:00-05:00,36.97435787251427,37.1202996934285,36.75974005190538,37.008697509765625,23193500
2015-03-06 00:00:00-05:00,36.91426639122079,37.00869875944671,36.18456708643388,36.364845275878906,36248800
2015-03-09 00:00:00-04:00,36.218908558295446,37.02587380072411,36.218908558295446,36.785499572753906,32108000
2015-03-10 00:00:00-04:00,36.35626501803411,36.66531526757765,36.0815544128418,36.0815544128418,39159700
2015-03-11 00:00:00-04:00,36.321917058403415,36.37342323368623,35.918434553047035,36.03861999511719,32215300
2015-03-12 00:00:00-04:00,35.48061623382947,35.755326755581,35.07713372227853,35.2144889831543,59992500
2015-03-13 00:00:00-04:00,34.93978354909624,35.600806861691986,34.86252099892769,35.52354431152344,58007700
2015-03-16 00:00:00-04:00,35.60079609746007,35.7467346065369,35.43768449930688,35.67805862426758,35273500
2015-03-17 00:00:00-04:00,35.514955018727186,35.90985428617466,35.32609356887801,35.79825210571289,31673400
2015-03-18 00:00:00-04:00,35.56646707681117,36.76832823565449,35.48062125466873,36.48503112792969,44194800
2015-03-19 00:00:00-04:00,36.27898835979859,36.56228540341075,36.24465200359715,36.304744720458984,33879100
2015-03-20 00:00:00-04:00,36.536542022568,36.897098419511686,36.47644928974405,36.81125259399414,71904500
2015-03-23 00:00:00-04:00,36.81124864512761,37.02586646070703,36.725399554011055,36.7940788269043,26246100
2015-03-24 00:00:00-04:00,36.72540742965206,37.06021076978413,36.699654334198414,36.828426361083984,25513300
2015-03-25 00:00:00-04:00,36.84557975539729,36.85416630068915,35.57504286122575,35.59221267700195,43469900
2015-03-26 00:00:00-04:00,35.38618053921456,35.72098375133459,35.12863658391537,35.377593994140625,37495600
2015-03-27 00:00:00-04:00,35.30032323827143,35.566450401835034,35.051369160854726,35.17155456542969,34401400
2015-03-30 00:00:00-04:00,35.28316456850319,35.660893987652805,35.120056221475295,35.16297912597656,35049700
2015-03-31 00:00:00-04:00,35.00845309242948,35.22307088387362,34.80242184653537,34.90543746948242,34887200
2015-04-01 00:00:00-04:00,34.853932231157486,34.99128750328273,34.604978051860996,34.95695114135742,36865300
2015-04-02 00:00:00-04:00,34.90544399008497,34.974123268084554,34.441868688012406,34.58781051635742,37487500
2015-04-06 00:00:00-04:00,34.63072625197394,35.86692352654381,34.49337099924395,35.66947555541992,39223700
2015-04-07 00:00:00-04:00,35.72098868857901,35.978529404667256,35.46344797249077,35.65230941772461,28809400
2015-04-08 00:00:00-04:00,35.59220858512407,35.789656531639444,35.23165231969785,35.55786895751953,24753400
2015-04-09 00:00:00-04:00,35.411942246512766,35.729575720626094,35.411942246512766,35.60939025878906,25723900
2015-04-10 00:00:00-04:00,35.73816712655654,36.01287772662025,35.54930236095949,35.8154296875,28022000
2015-04-13 00:00:00-04:00,35.540703683777316,36.1072944601943,35.532117139166935,35.84975051879883,30276700
2015-04-14 00:00:00-04:00,35.88409402719498,36.0815420020864,35.53212098068288,35.75532531738281,24244400
2015-04-15 00:00:00-04:00,35.84975232695598,36.45068276250917,35.78107634064535,36.278987884521484,27343600
2015-04-16 00:00:00-04:00,36.01286758545398,36.34767083032603,35.90126541222738,36.193145751953125,22509700
2015-04-17 00:00:00-04:00,35.772495203426416,35.832591203393285,35.3346763094386,35.72957229614258,42387600
2015-04-20 00:00:00-04:00,35.824001737421725,37.06019905040983,35.781078833636066,36.836997985839844,46057700
2015-04-21 00:00:00-04:00,36.91425948888066,37.043031471439306,36.510777000017264,36.60520935058594,26013800
2015-04-22 00:00:00-04:00,36.63096021625637,37.02585941058348,36.52794460133977,36.90567398071289,25064300
2015-04-23 00:00:00-04:00,36.81982595043462,37.437926207082974,36.742563418353576,37.206138610839844,46309500
2015-04-24 00:00:00-04:00,39.197795864858456,41.32680410240517,39.189212593554046,41.09501647949219,130933700
2015-04-27 00:00:00-04:00,40.54559970347458,41.3182251947827,40.53701643126367,41.23237609863281,59248200
2015-04-28 00:00:00-04:00,41.017758464574726,42.24537270945796,40.949082462138,42.202449798583984,60730800
2015-04-29 00:00:00-04:00,41.82471968525343,42.331217845720616,41.635854965307324,42.116600036621094,47804600
2015-04-30 00:00:00-04:00,41.80753665852008,42.52865240025135,41.72168759711943,41.75602722167969,64725500
2015-05-01 00:00:00-04:00,41.704517391102414,41.96205800303609,41.549992368980895,41.773193359375,38937300
2015-05-04 00:00:00-04:00,41.524253782252174,41.953489410732615,41.361145422360465,41.412654876708984,34039500
2015-05-05 00:00:00-04:00,41.05209638866297,41.34397675514713,40.61427747634073,40.86323165893555,50369200
2015-05-06 00:00:00-04:00,40.83746216802714,41.00915701020737,39.50683287204213,39.73003387451172,52433000
2015-05-07 00:00:00-04:00,39.72146758188413,40.42541378834348,39.627035214586975,40.09061050415039,32971700
2015-05-08 00:00:00-04:00,40.82029428544786,41.18943706739825,40.794541204086116,40.99198913574219,35364900
2015-05-11 00:00:00-04:00,40.82030418904376,41.129354339592204,40.66577911376953,40.66577911376953,24609400
2015-05-12 00:00:00-04:00,40.21938111916964,40.93191390593668,39.85023817960739,40.648616790771484,29928300
2015-05-13 00:00:00-04:00,41.36972260271486,41.48132476663364,40.83747141871427,40.888980865478516,34184600
2015-05-14 00:00:00-04:00,41.23237124348558,41.910564286575095,41.23237124348558,41.8247184753418,32980900
2015-05-15 00:00:00-04:00,41.95349699148586,41.98783663392319,41.24955069556356,41.464168548583984,28642700
2015-05-18 00:00:00-04:00,41.189449242568884,41.39548377878511,40.87181580425973,41.21520233154297,24136500
2015-05-19 00:00:00-04:00,41.09423364355571,41.310246219549,40.76589360514062,41.111515045166016,28574800
2015-05-20 00:00:00-04:00,40.947343377913306,41.41393133312049,40.84365826434182,41.111515045166016,25047900
2015-05-21 00:00:00-04:00,40.852311488509976,41.12880741800884,40.61901742997815,40.9732780456543,22410700
2015-05-22 00:00:00-04:00,40.86958594799018,40.912787811612596,40.45484212425132,40.52396774291992,25720600
2015-05-26 00:00:00-04:00,40.46347703742454,40.50667889310643,39.91048207798921,40.256103515625,29581900
2015-05-27 00:00:00-04:00,40.45483162362403,41.27568000375075,40.28202091789892,41.13743209838867,27335600
2015-05-28 00:00:00-04:00,41.04239314406057,41.491699738221165,40.947347074668244,40.99919128417969,19283700
2015-05-29 00:00:00-04:00,40.98191124138618,41.10287777150434,40.256108764586465,40.489402770996094,36519600
2015-06-01 00:00:00-04:00,40.662217915837566,41.275692982781734,40.28203358447637,40.809104919433594,28837300
2015-06-02 00:00:00-04:00,40.549898303459706,40.91279800360084,40.2820414085281,40.541255950927734,21498300
2015-06-03 00:00:00-04:00,40.93005754252306,41.24975849354632,40.45483058603522,40.480751037597656,28002200
2015-06-04 00:00:00-04:00,40.42891879531356,40.74861651873373,39.919128930139976,40.057376861572266,27745500
2015-06-05 00:00:00-04:00,40.014161655547035,40.19561138701804,39.608057050368465,39.867271423339844,25438100
2015-06-08 00:00:00-04:00,40.00552410357298,40.1178515538899,39.46117154782635,39.51301574707031,22121600
2015-06-09 00:00:00-04:00,39.53893236317927,39.69446164973407,39.279717984284495,39.44388961791992,24406100
2015-06-10 00:00:00-04:00,39.564859380456774,40.46347237796018,39.47845238295264,40.273380279541016,28417400
2015-06-11 00:00:00-04:00,40.31659515053227,40.541246824414635,39.858649452181105,40.126502990722656,27347800
2015-06-12 00:00:00-04:00,39.93641822013962,40.15243086166597,39.65992230267321,39.72040557861328,23931000
2015-06-15 00:00:00-04:00,39.27108805931818,39.44389878410327,38.899546154661905,39.2970085144043,33254500
2015-06-16 00:00:00-04:00,39.184690555085034,39.95369830213538,39.141488687430595,39.59943771362305,27070300
2015-06-17 00:00:00-04:00,39.5130319924678,39.80680931678729,39.19333420591439,39.72040557861328,28704100
2015-06-18 00:00:00-04:00,39.93640216721639,40.43754958014771,39.893197019404894,40.36842727661133,32658300
2015-06-19 00:00:00-04:00,40.4289147177523,40.46347752114713,39.737675130307565,39.83271789550781,63837000
2015-06-22 00:00:00-04:00,40.031448656973225,40.36842771861655,39.8845584042038,39.94504165649414,20318100
2015-06-23 00:00:00-04:00,39.858629203131294,39.98823473126643,39.4179618376396,39.66853713989258,25896500
2015-06-24 00:00:00-04:00,39.46117741343769,39.962328192351684,39.35749229562773,39.43525695800781,34890900
2015-06-25 00:00:00-04:00,39.77222629301147,39.798150038163705,39.31428078042771,39.44388961791992,20616000
2015-06-26 00:00:00-04:00,39.44389305317679,39.98824230743752,38.90817955456948,39.106910705566406,49835300
2015-06-29 00:00:00-04:00,38.91682896779029,39.080997349438775,38.3292744598718,38.337913513183594,34081700
2015-06-30 00:00:00-04:00,38.63168940835494,38.6403317574533,37.9663702596693,38.147823333740234,35945400
2015-07-01 00:00:00-04:00,38.41567488020704,39.080993995190795,38.10461625023124,38.40703582763672,28343900
2015-07-02 00:00:00-04:00,38.43296433381375,38.66625835517477,38.070064720201685,38.36384201049805,21752000
2015-07-06 00:00:00-04:00,37.983652181652246,38.43295875429437,37.975013128526065,38.355194091796875,23034000
2015-07-07 00:00:00-04:00,38.31198284015642,38.44159167790322,37.43065131331129,38.27742004394531,36435800
2015-07-08 00:00:00-04:00,38.3983895251375,38.795855120341265,38.044129076607355,38.225582122802734,39785900
2015-07-09 00:00:00-04:00,38.666260519657385,39.072365316177255,38.45024789105595,38.467529296875,32424700
2015-07-10 00:00:00-04:00,38.89089471453463,39.00322215380111,38.51071384574992,38.5452766418457,25465800
2015-07-13 00:00:00-04:00,38.864992213807376,39.41798402235934,38.83907175280999,39.34886169433594,28178300
2015-07-14 00:00:00-04:00,39.27108179980413,39.71174594648164,39.150115300562845,39.41796875,22880300
2015-07-15 00:00:00-04:00,39.46982192741718,39.651271717559084,39.25380933074615,39.538944244384766,26629600
2015-07-16 00:00:00-04:00,39.75495530735502,40.342509811320284,39.72039579824982,40.31658935546875,26271700
2015-07-17 00:00:00-04:00,40.22154874369003,40.42027995637971,39.970973316176135,40.28203201293945,29467100
2015-07-20 00:00:00-04:00,40.30796517003228,40.72270909709004,40.12651202386998,40.541255950927734,30631900
2015-07-21 00:00:00-04:00,40.42026602086295,40.89549625268108,40.16105162829204,40.852291107177734,42781900
2015-07-22 00:00:00-04:00,39.26245466419271,40.549891396551835,39.055084384031304,39.34886169433594,59152400
2015-07-23 00:00:00-04:00,39.11556332190253,39.94505094279825,38.96867303498449,39.841365814208984,33934000
2015-07-24 00:00:00-04:00,39.6685489977469,40.022809487622574,39.573502937716064,39.6944694519043,32333200
2015-07-27 00:00:00-04:00,39.694466898227596,39.75495015143062,39.098273418330564,39.18467712402344,39701400
2015-07-28 00:00:00-04:00,39.383402666577204,39.435243559823924,38.70080233938766,39.176029205322266,34328900
2015-07-29 00:00:00-04:00,39.227875522594715,40.42026227720187,39.106905740915145,39.99687957763672,40945900
2015-07-30 00:00:00-04:00,39.97097726121961,40.95599766355302,39.685842291771706,40.506690979003906,39777900
2015-07-31 00:00:00-04:00,40.8609441950868,40.93006651309938,40.17834358822508,40.35115432739258,31201500
2015-08-03 00:00:00-04:00,40.59308831365822,40.61036971757957,40.135142646060096,40.44620132446289,24125900
2015-08-04 00:00:00-04:00,40.394360831998775,41.2238485200539,40.33387756075045,41.076961517333984,33403900
2015-08-05 00:00:00-04:00,41.45713318910108,41.82867508349676,41.076952241945406,41.111515045166016,26959700
2015-08-06 00:00:00-04:00,41.223847157654625,41.27569137247884,40.031459881516525,40.28203201293945,27368000
2015-08-07 00:00:00-04:00,40.08329587940771,40.42027499416827,39.970968409124,40.38571548461914,19163000
2015-08-10 00:00:00-04:00,40.56716394711464,41.03375191976239,40.472117882750425,40.895503997802734,23079900
2015-08-11 00:00:00-04:00,40.454831137953896,40.558516241708176,39.65990651568775,40.10057067871094,29237400
2015-08-12 00:00:00-04:00,39.91048514729982,40.52396341108734,39.49574136789524,40.38571548461914,30181400
2015-08-13 00:00:00-04:00,40.66220957061641,40.696769078663785,40.16970114796931,40.377071380615234,22627200
2015-08-14 00:00:00-04:00,40.20426587487739,40.69677436145634,40.195626820766726,40.61037063598633,21473400
2015-08-17 00:00:00-04:00,40.446199465077456,40.9991911807756,40.238825923645344,40.886863708496094,21099700
2015-08-18 00:00:00-04:00,40.739006960512675,41.25215854558272,40.61724273995812,41.112998962402344,23574100
2015-08-19 00:00:00-04:00,40.68681508773173,40.94774217219389,40.26933639754826,40.53895950317383,31485500
2015-08-20 00:00:00-04:00,40.069284947525766,40.417185429966786,39.71268844604492,39.71268844604492,36238200
2015-08-21 00:00:00-04:00,39.399594475445795,39.55614942354346,37.46005630493164,37.46005630493164,70053100
2015-08-24 00:00:00-04:00,35.181308939975416,37.12954269482774,34.546393267860346,36.2510986328125,88753700
2015-08-25 00:00:00-04:00,37.025169285467165,37.60790212652427,35.12911852389488,35.198699951171875,70616600
2015-08-26 00:00:00-04:00,36.538114026970575,37.26000649917584,35.711856035849564,37.14693832397461,63408000
2015-08-27 00:00:00-04:00,37.59921656097894,38.22543636454236,37.338292748769604,38.181949615478516,50943200
2015-08-28 00:00:00-04:00,37.7470690814676,38.39938016017159,37.738369742435815,38.20803451538086,28246700
2015-08-31 00:00:00-04:00,37.88623115246531,38.208037043595205,37.48614447617237,37.8514404296875,34441700
2015-09-01 00:00:00-04:00,36.67727426478828,37.04257017692228,36.233704212010096,36.37286376953125,49688900
2015-09-02 00:00:00-04:00,36.84253212439263,37.7296756345575,36.42505341099021,37.7122802734375,37671500
2015-09-03 00:00:00-04:00,37.75577174891663,38.251527990574814,37.64270354637973,37.834049224853516,28285200
2015-09-04 00:00:00-04:00,37.23390965923101,37.43395128274366,36.70336289704202,37.059959411621094,37138800
2015-09-08 00:00:00-04:00,37.660100479366356,38.26892494893747,37.57312697706753,38.17325210571289,32469800
2015-09-09 00:00:00-04:00,38.451568764332706,38.616823052783694,37.320896719714405,37.46005630493164,33469500
2015-09-10 00:00:00-04:00,37.50353879629064,38.08627177424883,37.181732914095555,37.651397705078125,31366600
2015-09-11 00:00:00-04:00,37.52094723192158,37.9123346941251,37.34699688007258,37.8166618347168,27132500
2015-09-14 00:00:00-04:00,37.77316504687248,37.78186106913385,37.27740883232103,37.433963775634766,23656000
2015-09-15 00:00:00-04:00,37.56442025053073,38.521145176846545,37.46875074394235,38.251522064208984,28882200
2015-09-16 00:00:00-04:00,38.24282721251365,38.59942382125688,38.12975902403627,38.529842376708984,23372200
2015-09-17 00:00:00-04:00,38.52114936757285,39.13866980601165,38.33850303808974,38.486358642578125,32768200
2015-09-18 00:00:00-04:00,37.834057201684395,38.26023539782311,37.68620155920029,37.8166618347168,63143700
2015-09-21 00:00:00-04:00,37.93842297406903,38.67771107933639,37.92102760852814,38.364601135253906,26177200
2015-09-22 00:00:00-04:00,37.729680125996744,38.312409862670044,37.66879801374211,38.181949615478516,28085900
2015-09-23 00:00:00-04:00,38.20803553889865,38.41677323169319,37.84273959976949,38.15584945678711,17145200
2015-09-24 00:00:00-04:00,37.790556160286776,38.381985142347375,37.6340012345751,38.19063949584961,27905600
2015-09-25 00:00:00-04:00,38.686404539541215,38.90384161765318,38.06018469287428,38.216739654541016,29384600
2015-09-28 00:00:00-04:00,38.12106249606069,38.347195552186086,37.58181626145441,37.651397705078125,27613800
2015-09-29 00:00:00-04:00,37.72097062631037,37.89492089354296,37.442651525868364,37.78185272216797,32763600
2015-09-30 00:00:00-04:00,38.164557987547745,38.52985069682765,37.973212291547824,38.495059967041016,34958900
2015-10-01 00:00:00-04:00,38.92122173524,38.92122173524,38.0514737635028,38.79945755004883,28657900
2015-10-02 00:00:00-04:00,38.503754094595045,39.63442611694336,38.19934022692262,39.63442611694336,41839000
2015-10-05 00:00:00-04:00,39.790979014257054,40.782491403104416,39.7474922690635,40.556358337402344,34369300
2015-10-06 00:00:00-04:00,40.29543580220674,41.034720446977936,40.19976296910847,40.660728454589844,27017200
2015-10-07 00:00:00-04:00,40.96513980566674,41.18257686051173,39.964931344075445,40.70421600341797,27711500
2015-10-08 00:00:00-04:00,40.49547874506507,41.33043624880014,40.44329265689681,41.269554138183594,33772700
2015-10-09 00:00:00-04:00,41.269541804317406,41.34781925426261,40.80857312449556,40.97382736206055,28600600
2015-10-12 00:00:00-04:00,40.86077083625145,40.93904830849397,40.443292090233335,40.87816619873047,19769100
2015-10-13 00:00:00-04:00,40.49548219122096,40.991238458616536,40.49548219122096,40.78249740600586,19987800
2015-10-14 00:00:00-04:00,40.573754502163084,40.965138534478115,40.46938233024142,40.59984588623047,24697800
2015-10-15 00:00:00-04:00,40.88685607910156,40.90425143896748,40.4693773957964,40.88685607910156,27189400
2015-10-16 00:00:00-04:00,40.89556062350737,41.347830084113355,40.79119176885247,41.32173538208008,26450300
2015-10-19 00:00:00-04:00,41.24346148614764,41.643548213014185,40.89556416787083,41.41741180419922,29387600
2015-10-20 00:00:00-04:00,41.26084835790085,41.58265754130442,40.895555751216584,41.54786682128906,30802200
2015-10-21 00:00:00-04:00,41.678332852453906,41.73921827987797,40.973838922013336,41.05211639404297,25144300
2015-10-22 00:00:00-04:00,41.339131780465166,42.57417597650861,40.95644375858646,41.77400588989258,56637100
2015-10-23 00:00:00-04:00,45.48784048109493,47.027295541300084,45.44435372482792,45.98359680175781,135227100
2015-10-26 00:00:00-04:00,45.687858905787,47.2447085378124,45.6617675289031,47.1838264465332,64633300
2015-10-27 00:00:00-04:00,46.95768526498531,47.28818704073681,46.60108879906691,46.69675827026367,50999900
2015-10-28 00:00:00-04:00,46.5663246994133,46.949012756347656,45.97489559098884,46.949012756347656,47000800
2015-10-29 00:00:00-04:00,46.56631827373964,46.81854604178598,46.28799912204231,46.40976333618164,30202100
2015-10-30 00:00:00-04:00,46.37497937551115,46.95771246536134,45.766154898205116,45.78355026245117,46619800
2015-11-02 00:00:00-05:00,45.966184864912805,46.40975824527817,45.76614320393798,46.305389404296875,30285000
2015-11-03 00:00:00-05:00,46.03576900756508,47.30560048718945,46.009677625243945,47.09686279296875,36596900
2015-11-04 00:00:00-05:00,47.12295868228189,47.73178309800288,47.018589825189366,47.31430435180664,37087800
2015-11-05 00:00:00-05:00,47.39257834531781,47.57522466127945,46.96640029024809,47.296905517578125,31468500
2015-11-06 00:00:00-05:00,47.04468549866701,47.818760951835834,46.931617291110726,47.76657485961914,32851200
2015-11-09 00:00:00-05:00,47.44476539709563,47.72308456593922,46.583716505306455,47.10556411743164,32513100
2015-11-10 00:00:00-05:00,47.02728618227509,47.0794722701059,46.3314882669951,46.540225982666016,55283700
2015-11-11 00:00:00-05:00,46.705485501263986,47.14035966176397,46.49674444438031,46.6619987487793,36516300
2015-11-12 00:00:00-05:00,46.51413287502139,46.94900697069417,46.26190510325293,46.37497329711914,35361100
2015-11-13 00:00:00-05:00,46.15753450668728,46.34888016326372,45.68786970481378,45.95749282836914,36848200
2015-11-16 00:00:00-05:00,46.16622863990185,46.87072244543755,45.96618366631768,46.766353607177734,32165200
2015-11-17 00:00:00-05:00,46.55620768092032,46.871427988574474,46.276012594158615,46.38108825683594,31551300
2015-11-18 00:00:00-05:00,46.407362713043945,47.26546071710391,46.38985009987667,47.15163040161133,29710000
2015-11-19 00:00:00-05:00,47.274217619742785,47.86087511666564,47.09033685575875,47.23043441772461,28149200
2015-11-20 00:00:00-05:00,47.501871024934346,47.545650883186795,46.643773110467905,47.44933319091797,37147600
2015-11-23 00:00:00-05:00,47.501871024934346,47.68574843370807,47.06406576203173,47.44933319091797,28235900
2015-11-24 00:00:00-05:00,47.21290855295956,47.66822633659467,46.91520424000919,47.501861572265625,24600000
2015-11-25 00:00:00-05:00,47.36176203283088,47.48434694239949,47.01151657104492,47.01151657104492,21005100
2015-11-27 00:00:00-05:00,47.10784176381652,47.35301496229954,47.09908712895836,47.22167205810547,9009100
2015-11-30 00:00:00-05:00,47.75579990388953,48.123554729328895,47.28296940816251,47.58943176269531,56241400
2015-12-01 00:00:00-05:00,47.64198465361215,48.35998525986725,47.54566692883813,48.35123062133789,39952800
2015-12-02 00:00:00-05:00,48.43877451087119,48.99916471863138,48.21111724153953,48.34245681762695,47274900
2015-12-03 00:00:00-05:00,48.587630129320374,48.832800010625625,47.22167649021445,47.458091735839844,38627800
2015-12-04 00:00:00-05:00,47.38804338455632,49.23558223226816,47.37053077223331,48.955387115478516,43963700
2015-12-07 00:00:00-05:00,48.850308129807765,49.00791827906391,48.41250290191601,48.867820739746094,30709800
2015-12-08 00:00:00-05:00,48.57012376823038,49.12175607215641,48.14983105753884,48.850318908691406,32878000
2015-12-09 00:00:00-05:00,48.48255892576376,48.92036423424323,47.72953326074876,48.14107131958008,36373200
2015-12-10 00:00:00-05:00,48.50006133033765,48.73647654797718,48.16732843067586,48.394989013671875,31775800
2015-12-11 00:00:00-05:00,47.90464741885067,48.246134963491805,47.2917194294028,47.33550262451172,39549500
2015-12-14 00:00:00-05:00,47.57192365589408,48.342458549067366,47.002775451896575,48.281166076660156,46768900
2015-12-15 00:00:00-05:00,48.736485977404676,48.946633991583916,48.237388201442016,48.33370590209961,39843000
2015-12-16 00:00:00-05:00,48.63140000987638,49.25308256145125,47.94842166036279,49.14801025390625,37503300
2015-12-17 00:00:00-05:00,49.3494100802546,49.725922875942125,48.62265173595897,48.771507263183594,41280900
2015-12-18 00:00:00-05:00,48.832801792380266,49.03419182225611,47.30923793393404,47.39680099487305,84684200
2015-12-21 00:00:00-05:00,48.05351497331075,48.46504972089371,47.484366696186456,48.009735107421875,37246300
2015-12-22 00:00:00-05:00,48.149825125217774,48.578872419854825,47.720774490391584,48.46504211425781,28322200
2015-12-23 00:00:00-05:00,48.77150315032457,48.92911329988818,48.54384256087099,48.8765754699707,27279800
2015-12-24 00:00:00-05:00,48.91159592214786,48.99915562328643,48.53508319491276,48.7452278137207,9558500
2015-12-28 00:00:00-05:00,48.46503398106636,48.99040222167969,48.14105907047738,48.99040222167969,22458300
2015-12-29 00:00:00-05:00,49.28812410413048,49.77846392855861,49.08673405621328,49.51578140258789,27731400
2015-12-30 00:00:00-05:00,49.445731105769866,49.71716825105634,49.288120932292216,49.305633544921875,21704500
2015-12-31 00:00:00-05:00,49.069223495188986,49.200563093573955,48.5263424665908,48.578880310058594,27334100
2016-01-04 00:00:00-05:00,47.56316301067075,47.983455657958984,46.74884496274072,47.983455657958984,53778000
2016-01-05 00:00:00-05:00,48.09729733831068,48.50007746971999,47.75580969036845,48.202369689941406,34079700
2016-01-06 00:00:00-05:00,47.563170802797906,47.63322125891661,46.967755286547224,47.32675552368164,39518900
2016-01-07 00:00:00-05:00,46.14468276635109,46.8364159941383,45.59304711151665,45.680606842041016,56564900
2016-01-08 00:00:00-05:00,45.855715847285985,46.65252118001623,45.663083830049054,45.82069396972656,48754000
2016-01-11 00:00:00-05:00,45.97831867765858,46.27602646409604,45.05892806489844,45.79444122314453,36943800
2016-01-12 00:00:00-05:00,46.19721669515662,46.49492445150957,45.58429190871487,46.21472930908203,36095500
2016-01-13 00:00:00-05:00,47.107840618097356,47.34425583578351,44.91881453602788,45.216522216796875,66883600
2016-01-14 00:00:00-05:00,45.53174911229819,46.77511450399705,45.155236304346744,46.50367736816406,52381900
2016-01-15 00:00:00-05:00,44.92757976005476,45.50548260535982,44.07823643430745,44.64738464355469,71820700
2016-01-19 00:00:00-05:00,45.076438072359785,45.25156087898818,43.83307249165863,44.270877838134766,43564500
2016-01-20 00:00:00-05:00,43.76301754515323,44.98887372565408,42.99247927911872,44.47226333618164,63273000
2016-01-21 00:00:00-05:00,44.656142671492674,45.16399844634179,44.043214555022516,44.20082473754883,40191200
2016-01-22 00:00:00-05:00,45.015144354341,45.82070790662401,44.88380141793073,45.785682678222656,37555800
2016-01-25 00:00:00-05:00,45.47920944763029,46.10089545867244,45.225284934026725,45.347869873046875,34707700
2016-01-26 00:00:00-05:00,45.34787719389672,45.91702212268435,45.13772916437278,45.680606842041016,28900800
2016-01-27 00:00:00-05:00,45.540507633754046,45.70687579204162,44.6736549760463,44.848777770996094,36775200
2016-01-28 00:00:00-05:00,45.4091667607752,45.71562913814373,44.875043754342,45.58428955078125,62513800
2016-01-29 00:00:00-05:00,47.922179626297606,48.23740005493164,47.282984130540896,48.23740005493164,83611700
2016-02-01 00:00:00-05:00,48.053510996473655,48.23738842210328,47.72077803091334,47.90465545654297,44208500
2016-02-02 00:00:00-05:00,47.431826736483686,47.510631827643046,46.100901503864904,46.40736389160156,56313800
2016-02-03 00:00:00-05:00,46.626260080589866,46.748845018671965,44.88379368019544,45.671844482421875,57559800
2016-02-04 00:00:00-05:00,45.61931326846333,46.24099936495791,44.98011789843552,45.53175354003906,46987100
2016-02-05 00:00:00-05:00,45.47921734432219,45.5317551873913,43.39526633875891,43.920631408691406,62009000
2016-02-08 00:00:00-05:00,43.386504780509455,43.404017393420396,42.195673824080686,43.263919830322266,59290500
2016-02-09 00:00:00-05:00,42.922428183214016,43.99067408876398,42.61596249644377,43.15008544921875,46740500
2016-02-10 00:00:00-05:00,43.68421005113613,44.12201532860222,43.3602350810642,43.5265998840332,38237000
2016-02-11 00:00:00-05:00,42.62471769440939,43.87684092630995,42.47586217849264,43.50908279418945,48878600
2016-02-12 00:00:00-05:00,43.99942775764088,44.37594054099103,43.56162250632107,44.21833038330078,34243300
2016-02-16 00:00:00-05:00,44.888570193561854,45.056129455566406,44.20950892516826,45.056129455566406,37291200
2016-02-17 00:00:00-05:00,45.40889587439132,46.53772340194502,45.37361917311242,46.22905731201172,40789000
2016-02-18 00:00:00-05:00,46.14969068590266,46.696466109768444,45.94685133165473,46.026222229003906,27176000
2016-02-19 00:00:00-05:00,45.832206603178776,46.10559263008327,45.44416961401664,45.699920654296875,33559100
2016-02-22 00:00:00-05:00,46.10559177232447,46.74055893247022,46.10559177232447,46.4318962097168,25008300
2016-02-23 00:00:00-05:00,46.15851034696903,46.184966192604,44.95912933699987,45.1355094909668,28895300
2016-02-24 00:00:00-05:00,44.703377487617075,45.41771558461275,44.27124965045684,45.29425048828125,33014500
2016-02-25 00:00:00-05:00,45.62055632612112,45.94685745239258,44.632832088553194,45.94685745239258,26939500
2016-02-26 00:00:00-05:00,46.38779888049169,46.458352282710166,45.064952866437686,45.2413330078125,35975900
2016-02-29 00:00:00-05:00,45.28543065716657,45.5500025715,44.6769226553773,44.870941162109375,31654000
2016-03-01 00:00:00-05:00,44.95030033655015,46.37897282603662,44.90620278621804,46.370155334472656,33024500
2016-03-02 00:00:00-05:00,46.22023917050266,46.70528203168457,45.99976483685894,46.69646453857422,29289900
2016-03-03 00:00:00-05:00,46.714098975295954,46.714098975295954,45.6646390820051,46.167320251464844,24427800
2016-03-04 00:00:00-05:00,46.21142100842083,46.25551520167698,45.6029097033035,45.88511657714844,33034200
2016-03-07 00:00:00-05:00,45.47064289358172,45.68229644028507,44.60638362216934,45.00323486328125,38407800
2016-03-08 00:00:00-05:00,44.80038447494332,45.97330955916575,44.62400433302331,45.54999923706055,33835100
2016-03-09 00:00:00-05:00,45.76166111180274,46.608281911340505,45.73520526312093,46.599464416503906,28251600
2016-03-10 00:00:00-05:00,46.67883021535053,46.6876477092216,45.1178713947823,45.90275955200195,38387800
2016-03-11 00:00:00-05:00,46.74056313471366,46.80229568481445,46.19378767774734,46.80229568481445,32275700
2016-03-14 00:00:00-04:00,46.48480807173932,47.26087867437215,46.414258033775276,46.890480041503906,24083600
2016-03-15 00:00:00-04:00,46.52008560183487,47.26087951660156,46.511268108496495,47.26087951660156,21104800
2016-03-16 00:00:00-04:00,47.1374049386695,48.15158467705592,47.09331075250848,47.93111038208008,31691700
2016-03-17 00:00:00-04:00,47.80765524885649,48.50435497314463,47.622457609996545,48.20450973510742,28223900
2016-03-18 00:00:00-04:00,48.43379364371983,48.477891195998396,47.13740701966582,47.17268371582031,67625500
2016-03-21 00:00:00-04:00,46.961038757068806,47.56072928638671,46.67883184493941,47.49899673461914,23925700
2016-03-22 00:00:00-04:00,47.27850930981346,47.84292297810814,47.146223384482155,47.684181213378906,23124100
2016-03-23 00:00:00-04:00,47.719473410306854,47.83412102522575,47.393172283107475,47.59600830078125,20129000
2016-03-24 00:00:00-04:00,47.481346674169814,47.91347779415995,47.384337441263604,47.807647705078125,19950000
2016-03-28 00:00:00-04:00,47.807651184485024,47.87820458234107,47.03158399309558,47.21678161621094,17025100
2016-03-29 00:00:00-04:00,47.32260852294836,48.38088594548476,47.13741089915156,48.248600006103516,23924300
2016-03-30 00:00:00-04:00,48.44261230637813,49.0687584959996,48.416156467545626,48.548439025878906,23008300
2016-03-31 00:00:00-04:00,48.460261279581836,49.02467505957315,48.380890381509836,48.707191467285156,26360500
2016-04-01 00:00:00-04:00,48.54845106599353,49.042314819760946,48.125140718837855,49.00703811645508,24399200
2016-04-04 00:00:00-04:00,48.88356399536133,49.08639995567005,48.504347915253845,48.88356399536133,18928800
2016-04-05 00:00:00-04:00,48.67191834157739,48.76892759792413,48.0281336162065,48.11632537841797,19272300
2016-04-06 00:00:00-04:00,47.93993564827246,48.680729482110905,47.80764971344839,48.61017608642578,21188700
2016-04-07 00:00:00-04:00,48.389695831622014,48.42497252513458,47.82528219210369,48.02811813354492,19225100
2016-04-08 00:00:00-04:00,48.21333325506458,48.751291252095925,47.904670485049174,47.99285888671875,22167200
2016-04-11 00:00:00-04:00,48.054585288766894,48.63663737137073,47.88702264893606,47.895843505859375,21414200
2016-04-12 00:00:00-04:00,47.94876800185978,48.31034585638559,47.41080996762508,48.195701599121094,24944300
2016-04-13 00:00:00-04:00,48.61017140792023,48.89237823515747,48.40733546110413,48.81300735473633,20818000
2016-04-14 00:00:00-04:00,48.69837328679634,49.0158568746055,48.56608733715204,48.82183837890625,20877100
2016-04-15 00:00:00-04:00,48.768921047660655,49.31569644324616,48.60136176822174,49.07758712768555,28793800
2016-04-18 00:00:00-04:00,48.93650037859506,49.90658641422353,48.68956675753664,49.79193878173828,23786000
2016-04-19 00:00:00-04:00,49.941850949071146,50.065316047409624,49.104047742125076,49.730194091796875,29596800
2016-04-20 00:00:00-04:00,49.641994549760376,49.82719215568137,48.936477457558354,49.02466583251953,36195700
2016-04-21 00:00:00-04:00,49.20987620640675,49.58909237263858,48.87475423909616,49.192237854003906,38909100
2016-04-22 00:00:00-04:00,45.779286103731955,46.2378730773403,44.77392377720139,45.66463851928711,126834100
2016-04-25 00:00:00-04:00,45.66464546625575,45.973311569153736,45.53236287716078,45.95567321777344,33226900
2016-04-26 00:00:00-04:00,46.08795894925011,46.167329853787386,45.0561405544372,45.364803314208984,33532600
2016-04-27 00:00:00-04:00,45.40007254733182,45.41771089701178,44.57990779015499,44.92384719848633,43369300
2016-04-28 00:00:00-04:00,44.64164721513567,44.77393317604667,43.706838087159944,44.006683349609375,43134800
2016-04-29 00:00:00-04:00,43.521629984753694,44.31533889267911,43.521629984753694,43.98021697998047,48411700
2016-05-02 00:00:00-04:00,44.0948622714159,44.75628520548714,43.900843800886946,44.63282012939453,33114500
2016-05-03 00:00:00-04:00,44.3947198240453,44.45645237927117,43.74211420057933,43.900856018066406,26460200
2016-05-04 00:00:00-04:00,43.953761137773355,44.147779618415385,43.618639225074716,43.98021697998047,24257600
2016-05-05 00:00:00-04:00,43.980221492928706,44.359437636275494,43.85675639773143,44.041954040527344,25390700
2016-05-06 00:00:00-04:00,44.02430803778266,44.43880081176758,43.795016238577325,44.43880081176758,24787300
2016-05-09 00:00:00-04:00,44.52700344282,44.61519184158106,44.09487221487861,44.1566047668457,17951600
2016-05-10 00:00:00-04:00,44.385899633186106,45.06495769942182,44.26243116606241,44.994407653808594,22891000
2016-05-11 00:00:00-04:00,45.09141216701189,45.6646434224437,44.976764570256975,45.02085876464844,24039100
2016-05-12 00:00:00-04:00,45.15314670953702,45.691104651757364,44.90621315451215,45.42653274536133,24102800
2016-05-13 00:00:00-04:00,45.36479387812559,45.77046917480704,45.01203699235741,45.04731369018555,22592300
2016-05-16 00:00:00-04:00,44.80038743561465,45.82338828935096,44.756293238263495,45.708744049072266,20032000
2016-05-17 00:00:00-04:00,45.93075553091335,45.93963469663691,44.72298573041795,44.85619354248047,27803500
2016-05-18 00:00:00-04:00,44.82954874071723,45.41567187060497,44.669696670047735,45.12261199951172,24907500
2016-05-19 00:00:00-04:00,44.82068835575726,44.95389621199546,44.243444148950424,44.687477111816406,23842400
2016-05-20 00:00:00-04:00,44.829551666468426,45.48672170963263,44.7585081791461,44.953880310058594,23905800
2016-05-23 00:00:00-04:00,44.93612116784412,45.00716804694159,44.38552140564538,44.42992401123047,26118700
2016-05-24 00:00:00-04:00,45.02493346928875,45.92187837159272,44.758514426167906,45.815311431884766,34757900
2016-05-25 00:00:00-04:00,46.10837781918349,46.614578476004716,45.99293169654404,46.28599166870117,24040200
2016-05-26 00:00:00-04:00,46.117253330934176,46.16165593960592,45.611056139132046,46.081729888916016,24335200
2016-05-27 00:00:00-04:00,46.108372500631184,46.463600158691406,45.97516466963511,46.463600158691406,17721400
2016-05-31 00:00:00-04:00,46.41031564894667,47.06748580932617,46.25046692703486,47.06748580932617,37653100
2016-06-01 00:00:00-04:00,46.57016216496261,47.023077550369074,46.57016216496261,46.934268951416016,25324800
2016-06-02 00:00:00-04:00,46.747776560145425,46.83658516020979,46.037324698138995,46.60568618774414,22840800
2016-06-03 00:00:00-04:00,46.516871064267036,46.552391109023006,45.82417768216045,45.99291229248047,23368300
2016-06-06 00:00:00-04:00,46.170539806342624,46.490240630487754,46.08173119877287,46.29486846923828,18243300
2016-06-07 00:00:00-04:00,46.39257398045633,46.82772446695725,46.26824188232422,46.26824188232422,20866800
2016-06-08 00:00:00-04:00,46.19716977072319,46.57015567121185,46.06395858471942,46.21493148803711,21149400
2016-06-09 00:00:00-04:00,46.179415369919596,46.179415369919596,45.726503363611066,45.841949462890625,20305700
2016-06-10 00:00:00-04:00,45.33575233577782,46.2238180167439,45.32687316955692,45.717620849609375,25833200
2016-06-13 00:00:00-04:00,44.03029995916395,45.04269433644784,43.568505378916555,44.52761459350586,83217800
2016-06-14 00:00:00-04:00,44.31447220920212,44.4920826086769,44.021408952206535,44.2523078918457,42577100
2016-06-15 00:00:00-04:00,44.20791678440303,44.50985930792397,44.12799072265625,44.12799072265625,33757600
2016-06-16 00:00:00-04:00,43.97702501226828,44.82068831855389,43.96814245590484,44.74964141845703,31188600
2016-06-17 00:00:00-04:00,44.76738361534299,44.78514533261931,44.243424812645856,44.51872634887695,45710500
2016-06-20 00:00:00-04:00,44.97163975951706,45.140374385333374,44.42991922175134,44.4654426574707,35607900
2016-06-21 00:00:00-04:00,44.58089984172744,45.673220271297836,44.5453763998629,45.4600830078125,34097800
2016-06-22 00:00:00-04:00,45.362400571597675,45.699863120692044,45.246951074432744,45.282474517822266,28816800
2016-06-23 00:00:00-04:00,45.540005002108266,46.23269850596404,45.424558907883615,46.0994873046875,29028800
2016-06-24 00:00:00-04:00,44.23454617435798,45.238057804655135,43.97700635233784,44.2523078918457,133503000
2016-06-27 00:00:00-04:00,43.6040241469147,43.64843014170137,42.66267668098854,43.0090217590332,50216300
2016-06-28 00:00:00-04:00,43.44416558511348,43.932604353454494,43.22214919503166,43.90596008300781,38140700
2016-06-29 00:00:00-04:00,44.32336065649975,45.042695120743375,44.225672883709656,44.882843017578125,31304000
2016-06-30 00:00:00-04:00,45.04268356556041,45.55775979763227,44.84730807010157,45.44231033325195,28527800
2016-07-01 00:00:00-04:00,45.40678883774245,45.93074760525948,45.35350368949122,45.43342971801758,21400400
2016-07-05 00:00:00-04:00,45.140371313289826,45.53999808098137,45.060445282211305,45.44231033325195,24806400
2016-07-06 00:00:00-04:00,45.095969496883946,45.770901241210595,44.74962445942483,45.62881088256836,28167500
2016-07-07 00:00:00-04:00,45.66433093145289,45.83306556138523,45.353509330579676,45.62881088256836,19585200
2016-07-08 00:00:00-04:00,45.93964171213968,46.49912409380583,45.77978960309221,46.445838928222656,28391000
2016-07-11 00:00:00-04:00,46.62343548631732,46.91649870689913,46.59679460724654,46.70336151123047,22269200
2016-07-12 00:00:00-04:00,47.01420815590784,47.42272105003143,46.881000301745836,47.25398635864258,27317600
2016-07-13 00:00:00-04:00,47.5647955477855,47.831214554682546,47.22732966560846,47.520389556884766,25356800
2016-07-14 00:00:00-04:00,47.81345654996675,47.94666775761373,47.582560962773954,47.72465133666992,24545500
2016-07-15 00:00:00-04:00,47.911137636322984,47.95554023677975,47.25396763137856,47.68912124633789,32024400
2016-07-18 00:00:00-04:00,47.68912927794375,48.25749078999448,47.55591806643731,47.92002487182617,31433900
2016-07-19 00:00:00-04:00,47.69801116922528,47.86674583179941,47.00532096030587,47.14741134643555,53336500
2016-07-20 00:00:00-04:00,49.864889727595475,50.477653832636115,49.314286561986115,49.65175247192383,89893300
2016-07-21 00:00:00-04:00,49.713921629402954,49.93593807293603,49.51854607502918,49.55406951904297,32776700
2016-07-22 00:00:00-04:00,49.80270768347411,50.29114296049103,49.53628536173712,50.237857818603516,32157200
2016-07-25 00:00:00-04:00,50.14906355008567,50.38884165920989,49.96256720674375,50.37995910644531,25610600
2016-07-26 00:00:00-04:00,50.19347090811321,50.87728186464136,50.18458835450676,50.4066047668457,28079000
2016-07-27 00:00:00-04:00,50.27339520516269,50.442126453104635,49.82936239591405,49.90040588378906,32327500
2016-07-28 00:00:00-04:00,49.731681750137795,50.06026512743037,49.48302442545174,49.918174743652344,37550400
2016-07-29 00:00:00-04:00,49.96258945339489,50.40662243370048,49.77609641471522,50.33557891845703,30558700
2016-08-01 00:00:00-04:00,50.26452728777949,50.39773852442283,49.8560177973702,50.246768951416016,26003400
2016-08-02 00:00:00-04:00,50.48654375705007,50.53094976106617,50.00699075807948,50.246768951416016,35122000
2016-08-03 00:00:00-04:00,50.33556544348037,50.717433975332085,50.1668341757071,50.59310531616211,22075600
2016-08-04 00:00:00-04:00,50.44212846993764,51.08153682488569,50.326678986360555,50.966087341308594,26587700
2016-08-05 00:00:00-04:00,51.196988030492996,51.69430264533407,51.01937421617758,51.472286224365234,29335200
2016-08-08 00:00:00-04:00,51.561092376708984,51.587733261895494,51.312431693395745,51.561092376708984,19473500
2016-08-09 00:00:00-04:00,51.65877671711994,51.951840004782134,51.52556890357478,51.685420989990234,16920700
2016-08-10 00:00:00-04:00,51.64991386154441,51.79200427348349,51.34797131271103,51.52558517456055,15756900
2016-08-11 00:00:00-04:00,51.53444521131156,51.907434521495595,51.53444521131156,51.77422332763672,18162300
2016-08-12 00:00:00-04:00,51.534443400468525,51.67653375466451,51.17033665610998,51.45451736450195,21655200
2016-08-15 00:00:00-04:00,51.516680686905296,51.95183429380088,51.47227808727135,51.6143684387207,19283900
2016-08-16 00:00:00-04:00,51.48034026267274,51.489274770382025,51.1765158683116,51.328426361083984,20523500
2016-08-17 00:00:00-04:00,51.417781264797235,51.54288480806475,51.140763841264956,51.43565368652344,18856400
2016-08-18 00:00:00-04:00,51.31054520328503,51.56075569116943,51.176507157562185,51.47139358520508,14214300
2016-08-19 00:00:00-04:00,51.319497764121444,51.587577340888906,51.11396997497249,51.489280700683594,17271000
2016-08-22 00:00:00-04:00,51.47140664941487,51.60544813797523,51.167582229652474,51.533958435058594,15221900
2016-08-23 00:00:00-04:00,51.73947914471024,51.989686236596064,51.694796385031225,51.73054122924805,18732400
2016-08-24 00:00:00-04:00,51.65011153747895,51.864577171140134,51.57862526546896,51.78415298461914,18151500
2016-08-25 00:00:00-04:00,51.7216018341637,52.08797793071838,51.63223973206765,51.980743408203125,18552600
2016-08-26 00:00:00-04:00,52.07905588023403,52.45437000573296,51.55183124812085,51.855655670166016,20971200
2016-08-29 00:00:00-04:00,51.989687321761764,52.36499796742425,51.91819763183594,51.91819763183594,16417200
2016-08-30 00:00:00-04:00,51.81096542432792,51.998620743242284,51.48033413736223,51.73054122924805,16930200
2016-08-31 00:00:00-04:00,51.516073059786564,51.650111096967976,51.203310822065454,51.34628677368164,20860300
2016-09-01 00:00:00-04:00,50.94418090001239,51.667998786437586,50.94418090001239,51.46247100830078,26075400
2016-09-02 00:00:00-04:00,51.533958435058594,51.99863127756676,51.310558226669094,51.533958435058594,18900500
2016-09-06 00:00:00-04:00,51.63224953948781,51.65012196330184,51.12289739164489,51.48033905029297,16278400
2016-09-07 00:00:00-04:00,51.35523007487248,51.685861358512575,51.30161280908654,51.5250129699707,17493400
2016-09-08 00:00:00-04:00,51.49820551935185,51.641181484515464,51.096084552074224,51.31948471069336,20146100
2016-09-09 00:00:00-04:00,50.747587712251935,51.39991585457132,50.22929763793945,50.22929763793945,35113900
2016-09-12 00:00:00-04:00,50.04163937703753,51.122895409746924,49.69313564821517,50.97991943359375,29303000
2016-09-13 00:00:00-04:00,50.48844041433295,50.622481885154116,50.08631941068564,50.5152473449707,30130200
2016-09-14 00:00:00-04:00,50.390132950690514,50.6045985761069,50.068436216973666,50.273963928222656,24062500
2016-09-15 00:00:00-04:00,50.17568029994693,51.247998405017,50.02376640947846,51.10502243041992,26847000
2016-09-16 00:00:00-04:00,51.49821872723987,51.49821872723987,50.71184901274968,51.15864944458008,44607000
2016-09-19 00:00:00-04:00,51.176520343782656,51.60544833648243,50.80120621965993,50.87269592285156,20937100
2016-09-20 00:00:00-04:00,51.247998942132774,51.247998942132774,50.71183988397841,50.76545715332031,17384000
2016-09-21 00:00:00-04:00,51.39096069545323,51.69478498667304,51.00671563570177,51.61436080932617,33707300
2016-09-22 00:00:00-04:00,51.757354164977954,51.82884386170871,51.49821253636984,51.66799545288086,19822200
2016-09-23 00:00:00-04:00,51.71266776268932,51.748412606184196,51.274805360732714,51.31948471069336,19955300
2016-09-26 00:00:00-04:00,51.00672316481354,51.06033701841527,50.78332301796446,50.84587478637695,21688700
2016-09-27 00:00:00-04:00,50.87268000698641,51.882449591346536,50.64927986762982,51.78415298461914,28065100
2016-09-28 00:00:00-04:00,51.72161758941522,51.882466013369516,51.533958822257404,51.855655670166016,20536400
2016-09-29 00:00:00-04:00,51.65905880623942,51.98075220175895,51.12289632940775,51.29268264770508,25463500
2016-09-30 00:00:00-04:00,51.44458665782366,51.62330746093659,51.23905892732934,51.47139358520508,29910800
2016-10-03 00:00:00-04:00,51.301619996586425,51.426723558798365,50.98886109105658,51.31055450439453,19189500
2016-10-04 00:00:00-04:00,51.17650327544556,51.47138968071914,50.90842379551989,51.149696350097656,20085900
2016-10-05 00:00:00-04:00,51.194374665069844,51.79308537789514,51.167564331445924,51.50713348388672,16726400
2016-10-06 00:00:00-04:00,51.59650802612305,51.703739160036015,51.185449096626826,51.59650802612305,16212600
2016-10-07 00:00:00-04:00,51.694806770727986,51.81097583336351,51.31055814023995,51.65012741088867,20089000
2016-10-10 00:00:00-04:00,51.74840921772659,52.17733708513146,51.71266437657227,51.86457824707031,18196500
2016-10-11 00:00:00-04:00,51.73054359758821,51.84671264220338,50.8369429041524,51.10502243041992,26497400
2016-10-12 00:00:00-04:00,51.03354263305664,51.17651862582363,50.39908687820416,51.03354263305664,22177500
2016-10-13 00:00:00-04:00,50.66715682083906,51.20331583973678,50.327587624168686,50.863746643066406,25313700
2016-10-14 00:00:00-04:00,51.042474955538026,51.59650988650006,51.042474955538026,51.31055450439453,27402500
2016-10-17 00:00:00-04:00,51.25693567289159,51.346294377579035,50.819069838764506,51.131832122802734,23830000
2016-10-18 00:00:00-04:00,51.40884393184248,51.78415797471216,51.30161280908654,51.5250129699707,19149500
2016-10-19 00:00:00-04:00,51.3552339478246,51.68586525639925,51.29268217076497,51.40884780883789,22878400
2016-10-20 00:00:00-04:00,51.38204966049528,51.3999220868265,50.631424798667545,51.15864944458008,49455600
2016-10-21 00:00:00-04:00,53.8662491928354,54.018163084667,53.16030722938689,53.312217712402344,80032200
2016-10-24 00:00:00-04:00,53.56242182225272,54.509639739990234,53.55348731561699,54.509639739990234,54067000
2016-10-25 00:00:00-04:00,54.375617792970345,54.8402907075564,54.33093842612532,54.50072479248047,35137200
2016-10-26 00:00:00-04:00,54.339856873948015,54.688360582808826,54.0360325159229,54.17900848388672,29911600
2016-10-27 00:00:00-04:00,54.16114450142572,54.35773776631601,53.69647168093187,53.705406188964844,28479900
2016-10-28 00:00:00-04:00,53.624977670293255,54.08071594611565,53.240732497069494,53.499874114990234,33574700
2016-10-31 00:00:00-04:00,53.75901751540827,53.99135219554011,53.544551849365234,53.544551849365234,26434700
2016-11-01 00:00:00-04:00,53.58923842502145,53.63391778105557,52.945844789917665,53.43732452392578,24533000
2016-11-02 00:00:00-04:00,53.45518933822385,53.55348595279524,52.990516602223735,53.106685638427734,22147000
2016-11-03 00:00:00-04:00,53.19605099381005,53.29434762068058,52.82074031901306,52.910099029541016,21600400
2016-11-04 00:00:00-04:00,52.4096887454747,52.97265480008889,52.29351968598215,52.46330261230469,28697000
2016-11-07 00:00:00-05:00,53.419455733395765,54.080721837656476,53.419455733395765,53.99135971069336,31664800
2016-11-08 00:00:00-05:00,54.10751991141937,54.313047656555206,53.75008168854593,54.036033630371094,22935400
2016-11-09 00:00:00-05:00,53.616045287945305,54.14326986962942,52.9011653658693,53.7679557800293,49632500
2016-11-10 00:00:00-05:00,54.044969092535304,54.053907008334356,51.49820850038151,52.45436096191406,57822400
2016-11-11 00:00:00-05:00,52.034372865982405,52.829677012565355,51.83777960410656,52.740318298339844,38767800
2016-11-14 00:00:00-05:00,52.74031532111808,52.79393259191653,51.18544855612567,51.936073303222656,41328400
2016-11-15 00:00:00-05:00,52.47584927828171,53.5194284870041,52.46685098277658,52.96165084838867,35904100
2016-11-16 00:00:00-05:00,53.02462688048494,53.6723669037427,52.907676489942304,53.66337203979492,27332500
2016-11-17 00:00:00-05:00,54.34708850449019,54.832893464311375,53.95124933269731,54.55400466918945,32132700
2016-11-18 00:00:00-05:00,54.679969576363156,55.003839645741984,54.248143961139704,54.29312515258789,27686300
2016-11-21 00:00:00-05:00,54.42808299116389,54.85091382498832,54.35611032504671,54.751953125,19652600
2016-11-22 00:00:00-05:00,54.85989115016428,55.11178853733573,54.70695443133719,54.98583984375,23206700
2016-11-23 00:00:00-05:00,54.88688021883946,54.967847727947316,54.203157255585594,54.338104248046875,21848900
2016-11-25 00:00:00-05:00,54.24814282969171,54.45505905151367,54.09520609558867,54.45505905151367,8409600
2016-11-28 00:00:00-05:00,54.28412460352457,54.89587835233548,54.16717077252833,54.52702713012695,20732600
2016-11-29 00:00:00-05:00,54.563004051518035,55.246726894942356,54.44605024067194,54.95884323120117,22366700
2016-11-30 00:00:00-05:00,54.751954359731734,55.03983816700143,54.176186745192354,54.2121696472168,34655400
2016-12-01 00:00:00-05:00,54.077211101372455,54.113197425299525,53.02463343349653,53.258541107177734,34542100
2016-12-02 00:00:00-05:00,53.15057967596821,53.501437715755756,52.89867886824446,53.30351638793945,25515700
2016-12-05 00:00:00-05:00,53.708350882412084,54.509027580795724,53.58240220156668,54.17616271972656,23552700
2016-12-06 00:00:00-05:00,54.36509893967083,54.39208696873434,53.79832630642215,53.93327331542969,19907000
2016-12-07 00:00:00-05:00,53.98723934122604,55.21974506104908,53.79831630919863,55.21074676513672,30809000
2016-12-08 00:00:00-05:00,55.14777464977747,55.399675467838264,54.73394224903797,54.886878967285156,21220800
2016-12-09 00:00:00-05:00,55.03981964614253,55.76852721849757,54.99483845986384,55.75053405761719,27349400
2016-12-12 00:00:00-05:00,55.61559013040553,56.04741571978729,55.52562775289277,55.93046188354492,20198100
2016-12-13 00:00:00-05:00,56.22733887794962,57.05500365894772,55.99343465822889,56.65916442871094,35718900
2016-12-14 00:00:00-05:00,56.67715830129365,57.08199583267178,56.25432760942711,56.38927459716797,30352700
2016-12-15 00:00:00-05:00,56.40726812333862,56.81210565734126,56.047411774926374,56.299312591552734,27669900
2016-12-16 00:00:00-05:00,56.632182446470296,56.632182446470296,55.885481659218414,56.04741668701172,42453100
2016-12-19 00:00:00-05:00,56.28131847287722,57.369878932119306,56.15536635078586,57.23493194580078,34338200
2016-12-20 00:00:00-05:00,57.297911248033465,57.39687192231601,56.70415063418292,57.162967681884766,26028400
2016-12-21 00:00:00-05:00,57.06400700760222,57.30690954488354,56.78511814661003,57.162967681884766,17096300
2016-12-22 00:00:00-05:00,57.432862270151205,57.666766526971315,57.04601784276624,57.171966552734375,22176600
2016-12-23 00:00:00-05:00,57.081989422395694,57.16295691957871,56.49722378364675,56.89306640625,12403800
2016-12-27 00:00:00-05:00,56.86607991604212,57.63976863846626,56.86607991604212,56.929054260253906,11763200
2016-12-28 00:00:00-05:00,57.037026027648466,57.037026027648466,56.524232862869596,56.668174743652344,14653300
2016-12-29 00:00:00-05:00,56.551206216582784,56.85708306284392,56.434252396347695,56.58719253540039,10250600
2016-12-30 00:00:00-05:00,56.6411676352074,56.66815908979166,55.80450461182362,55.903465270996094,25579900
2017-01-03 00:00:00-05:00,56.488235630139144,56.53321681572955,55.89447505755009,56.299312591552734,20694100
2017-01-04 00:00:00-05:00,56.209351714805024,56.45225425649498,55.885481659218414,56.04741668701172,21340000
2017-01-05 00:00:00-05:00,55.94845601093305,56.37128674259833,55.80451414532176,56.04741668701172,24876000
2017-01-06 00:00:00-05:00,56.047424675260785,56.812118733683924,55.81352039724664,56.53322982788086,19922900
2017-01-09 00:00:00-05:00,56.46124227131327,56.74912939945177,56.26332437501378,56.35328674316406,20382700
2017-01-10 00:00:00-05:00,56.4342687644799,56.740145699457244,56.02943113997383,56.33530807495117,18593000
2017-01-11 00:00:00-05:00,56.32631073101686,56.884085082554975,56.16437568833723,56.84809875488281,21517300
2017-01-12 00:00:00-05:00,56.73114295771126,57.03701985022711,55.73254476650233,56.3263053894043,20968200
2017-01-13 00:00:00-05:00,56.33529588123824,56.56020524263298,56.09239335911058,56.40726852416992,19422300
2017-01-17 00:00:00-05:00,56.38928049795597,56.40727366032726,55.80451473234607,56.25433349609375,20664000
2017-01-18 00:00:00-05:00,56.38028124272917,56.40727270174981,55.88548129738425,56.22734451293945,19670100
2017-01-19 00:00:00-05:00,55.99344063231047,56.659170473820915,55.95745430794645,56.04741668701172,18451700
2017-01-20 00:00:00-05:00,56.38027859797639,56.5152255912151,56.11038804334358,56.44325637817383,30213500
2017-01-23 00:00:00-05:00,56.40726628515457,56.785112350014245,56.29031246095518,56.641170501708984,23097600
2017-01-24 00:00:00-05:00,56.857090032739904,57.34289510079782,56.623182363595866,57.14497375488281,24672900
2017-01-25 00:00:00-05:00,57.53181625282569,57.666759812717686,57.08199752282994,57.28891372680664,23672700
2017-01-26 00:00:00-05:00,57.68475820149169,58.062604299166274,57.17196167603456,57.819698333740234,43554600
2017-01-27 00:00:00-05:00,58.827288329618185,59.29510361565924,58.3774696350264,59.17814636230469,44818000
2017-01-30 00:00:00-05:00,59.097185420989355,59.18714779193342,58.29650865131598,58.5933837890625,31651400
2017-01-31 00:00:00-05:00,58.35048691855962,58.61138260879413,57.81070580869372,58.161563873291016,25270500
2017-02-01 00:00:00-05:00,57.900667846304806,58.134575509238985,57.09999105086114,57.198951721191406,39671500
2017-02-02 00:00:00-05:00,56.90206602367346,57.046007871597915,56.45224731992901,56.83009338378906,45827000
2017-02-03 00:00:00-05:00,57.1269787094606,57.306906887827815,56.74013432711669,57.28891372680664,30301800
2017-02-06 00:00:00-05:00,57.12698098717461,57.26192798429164,56.80311093956949,57.2529296875,19796400
2017-02-07 00:00:00-05:00,57.34289566542399,57.37887855716266,56.884078619347775,57.06400680541992,20277200
2017-02-08 00:00:00-05:00,57.189952242288385,57.40586673962167,56.875080508515374,56.983036041259766,18096400
2017-02-09 00:00:00-05:00,57.144981380018535,57.97264976550277,56.96505317170934,57.63078308105469,22644400
2017-02-10 00:00:00-05:00,57.80170685052872,57.8466914690398,57.55880432431604,57.57679748535156,18170700
2017-02-13 00:00:00-05:00,57.79271547229011,58.350493235627525,57.69375479067073,58.224544525146484,22920100
2017-02-14 00:00:00-05:00,58.29694234933619,58.57751848307745,57.943950338588024,58.44175338745117,23108400
2017-02-15 00:00:00-05:00,58.37839645801244,58.441752581057216,58.07066869045195,58.405548095703125,17005200
2017-02-16 00:00:00-05:00,58.59562469324606,59.04817046577255,58.324101372910455,58.39650344848633,20546300
2017-02-17 00:00:00-05:00,58.351257277166205,58.55037853647241,58.197393360539046,58.487022399902344,21248800
2017-02-21 00:00:00-05:00,58.47797536749501,58.78570323136105,58.33315738075687,58.369361877441406,20655900
2017-02-22 00:00:00-05:00,58.22453827054164,58.27884155123569,57.97111375356913,58.25168991088867,19292700
2017-02-23 00:00:00-05:00,58.30599993448716,58.58658302955544,58.09783273088595,58.487022399902344,20273100
2017-02-24 00:00:00-05:00,58.405560564140266,58.649939166125506,58.052575388206904,58.487022399902344,21796800
2017-02-27 00:00:00-05:00,58.41461703970301,58.41461703970301,57.97112405618364,58.13404083251953,15871500
2017-02-28 00:00:00-05:00,57.99827567309624,58.10688225373297,57.708643163245235,57.90776443481445,23239800
2017-03-01 00:00:00-05:00,58.043516831826196,58.821896093329464,57.943956211961805,58.77664566040039,26937500
2017-03-02 00:00:00-05:00,58.55036461665109,58.604667890715035,57.81723934294077,57.93490219116211,24539600
2017-03-03 00:00:00-05:00,57.91680405179246,58.17927795121127,57.58191772564273,58.15212631225586,18135900
2017-03-06 00:00:00-05:00,57.898703746836134,58.43270441163825,57.75388924647538,58.17022705078125,18750300
2017-03-07 00:00:00-05:00,58.09783061454744,58.63183133114286,58.09783061454744,58.287899017333984,18521000
2017-03-08 00:00:00-05:00,58.1611864325356,58.90336124641418,58.152133583318594,58.8218994140625,21510900
2017-03-09 00:00:00-05:00,59.00291964852515,59.01196559210059,58.36030548434684,58.586578369140625,19846800
2017-03-10 00:00:00-05:00,58.930506310307926,59.06627141220469,58.60467282787567,58.7675895690918,19538200
2017-03-13 00:00:00-04:00,58.84000404509686,59.002920801544086,58.44176155038131,58.56847381591797,20100000
2017-03-14 00:00:00-04:00,58.40555786287035,58.42366356122497,58.06162555243994,58.29695129394531,14280200
2017-03-15 00:00:00-04:00,58.42366735885481,58.75854684187559,58.15213710829098,58.60468292236328,24833800
2017-03-16 00:00:00-04:00,58.604676129012304,58.61372897772867,58.19738770567984,58.5051155090332,20674300
2017-03-17 00:00:00-04:00,58.74948039054836,59.04815527555294,58.54130635040701,58.71327590942383,49219700
2017-03-20 00:00:00-04:00,58.74949077797886,58.99386243715309,58.5775211885563,58.7675895690918,14598100
2017-03-21 00:00:00-04:00,59.002917550387565,59.28349370785846,58.04351585737381,58.11592483520508,26640500
2017-03-22 00:00:00-04:00,58.03446366973456,58.95765386919918,58.03446366973456,58.85809326171875,20680000
2017-03-23 00:00:00-04:00,58.77663202506707,59.04815527555294,58.62276125396316,58.71327590942383,19269200
2017-03-24 00:00:00-04:00,59.156787086367295,59.23824201521418,58.61373351148551,58.8128547668457,22617100
2017-03-27 00:00:00-04:00,58.49605369831437,59.03006120596139,58.24262921548498,58.92144775390625,18614700
2017-03-28 00:00:00-04:00,58.794743893976644,59.256342499390094,58.51416773446075,59.09342575073242,20080400
2017-03-29 00:00:00-04:00,58.939559391378076,59.28349166628211,58.785688592460524,59.25634002685547,13618400
2017-03-30 00:00:00-04:00,59.21106778392026,59.717923578377636,59.15676451873841,59.47354507446289,15122800
2017-03-31 00:00:00-04:00,59.41924561922195,59.90799575309172,59.238223214845,59.60931396484375,21040300
2017-04-03 00:00:00-04:00,59.5640655987999,59.6817319056724,59.00291332405302,59.3287467956543,20400900
2017-04-04 00:00:00-04:00,59.18393778830517,59.564074594148245,59.08437716220807,59.49167251586914,12997400
2017-04-05 00:00:00-04:00,60.00756792501851,60.052818355867856,59.22918869928995,59.33779525756836,21448600
2017-04-06 00:00:00-04:00,59.37400619122671,59.7903474888597,59.265399621157684,59.49167251586914,18103500
2017-04-07 00:00:00-04:00,59.600275033482305,59.69983565280989,59.229191102143346,59.4464111328125,14108500
2017-04-10 00:00:00-04:00,59.38306267453446,59.57313108908752,59.156789765975894,59.31065368652344,17952700
2017-04-11 00:00:00-04:00,59.373998860125816,59.383051708280696,58.69518025980738,59.2653923034668,18791500
2017-04-12 00:00:00-04:00,59.21108623023722,59.29254805868641,58.93051006565746,59.03912353515625,17108500
2017-04-13 00:00:00-04:00,59.0934288437976,59.6093307573335,58.78569412231445,58.78569412231445,17896500
2017-04-17 00:00:00-04:00,58.86714984825068,59.274438246321786,58.83999820908593,59.2653923034668,16689300
2017-04-18 00:00:00-04:00,59.12963378837593,59.473566098270844,58.97576987910458,59.183937072753906,15155600
2017-04-19 00:00:00-04:00,59.41925569573237,59.509763460620114,58.73138425304581,58.867149353027344,26992800
2017-04-20 00:00:00-04:00,59.247277116380324,59.50975442842673,58.95764816951856,59.28348159790039,22299500
2017-04-21 00:00:00-04:00,59.437356045618465,60.36959916848445,59.23823481446262,60.09807586669922,32522600
2017-04-24 00:00:00-04:00,61.07558391398308,61.23850067741529,60.73164468823683,61.12083435058594,29770000
2017-04-25 00:00:00-04:00,61.455736193319225,61.582448496178024,61.18420588416317,61.47383499145508,30242700
2017-04-26 00:00:00-04:00,61.618645058054405,61.826812283655656,61.20230370155019,61.392372131347656,26190800
2017-04-27 00:00:00-04:00,61.681985635584745,61.89015280865404,61.16608376909566,61.790592193603516,34971000
2017-04-28 00:00:00-04:00,62.36984635529515,62.57801349252712,61.26563383686852,61.96255111694336,39548800
2017-05-01 00:00:00-04:00,62.16168690981248,62.94911903129477,61.99877015727478,62.82240676879883,31954400
2017-05-02 00:00:00-04:00,63.09391941667169,63.09391941667169,62.56896475778922,62.722835540771484,23906100
2017-05-03 00:00:00-04:00,62.79525457652739,62.79525457652739,62.188844843891445,62.52373123168945,28928000
2017-05-04 00:00:00-04:00,62.47847153599353,62.52372887774652,62.125486367282896,62.27935028076172,21749400
2017-05-05 00:00:00-04:00,62.36082048723145,62.478479924164645,61.989729569877746,62.45132827758789,19128800
2017-05-08 00:00:00-04:00,62.42416625998576,62.496575242361736,61.92636313777669,62.39701461791992,18566100
2017-05-09 00:00:00-04:00,62.32460917299885,62.70474599409781,62.16169240605629,62.487525939941406,22858400
2017-05-10 00:00:00-04:00,62.442277807505675,62.95817982803754,62.378921661310606,62.73190689086914,17977800
2017-05-11 00:00:00-04:00,61.872043365742556,62.20692964101419,61.654823381800874,61.96255111694336,28789400
2017-05-12 00:00:00-04:00,62.0983337081696,62.0983337081696,61.582431785011636,61.890159606933594,18714100
2017-05-15 00:00:00-04:00,61.672943586650085,61.980678333956234,61.157041629823205,61.935420989990234,31530300
2017-05-16 00:00:00-04:00,62.10836892053466,63.209806203760294,62.04464963786477,63.182498931884766,34956000
2017-05-17 00:00:00-04:00,62.709169040595285,62.90032694745027,61.38016148944894,61.42567825317383,30548800
2017-05-18 00:00:00-04:00,61.35284439482943,62.017344591663964,61.11616976210934,61.63502883911133,25201300
2017-05-19 00:00:00-04:00,61.44386596250968,61.990032270977935,61.38014667560308,61.6168212890625,26961100
2017-05-22 00:00:00-04:00,61.79885109118866,62.354121929656195,61.443842777398444,62.3086051940918,16237600
2017-05-23 00:00:00-04:00,62.55439830514554,62.581705574579054,62.24489971351167,62.51798629760742,15425800
2017-05-24 00:00:00-04:00,62.690951871683566,62.700049666398904,62.308629202314165,62.599918365478516,14593900
2017-05-25 00:00:00-04:00,62.78198175868894,63.6103325389588,62.72736720797804,63.37366485595703,21854100
2017-05-26 00:00:00-04:00,63.537513946411465,63.91982968208618,63.28262984441332,63.68315505981445,19827900
2017-05-30 00:00:00-04:00,63.52839773091707,64.0927734375,63.51018825447997,64.0927734375,17072800
2017-05-31 00:00:00-04:00,64.20200476587834,64.39316260588247,63.54660248878956,63.573909759521484,30436400
2017-06-01 00:00:00-04:00,63.93803887258573,64.27484483376769,63.21891713593175,63.81060028076172,21603600
2017-06-02 00:00:00-04:00,64.1201091444539,65.4127047495355,63.938049023741605,65.3216781616211,34770300
2017-06-05 00:00:00-04:00,65.51280616241432,66.35026150060533,65.3671581323566,65.79499053955078,33316800
2017-06-06 00:00:00-04:00,65.81321783252062,66.10450702661278,65.78590361083013,66.01347351074219,31511100
2017-06-07 00:00:00-04:00,66.1227115081696,66.24104535944763,65.49461634357162,65.8951416015625,22301800
2017-06-08 00:00:00-04:00,66.00436725102031,66.01346504553496,65.0849830287054,65.4946060180664,24588300
2017-06-09 00:00:00-04:00,65.57651509190156,65.61292709367046,62.43604765190516,64.01083374023438,49187400
2017-06-12 00:00:00-04:00,63.03686291602505,63.66495806852539,62.01734725390428,63.519309997558594,47761700
2017-06-13 00:00:00-04:00,63.73776068183286,64.46598698149414,63.68314614006651,64.31124114990234,25258600
2017-06-14 00:00:00-04:00,64.54790955267727,64.72085789998872,63.2006931108869,63.96532440185547,25510700
2017-06-15 00:00:00-04:00,63.05507083586372,63.9107359636415,62.62724521685769,63.6285514831543,26068700
2017-06-16 00:00:00-04:00,63.47378253082321,63.7468621706141,63.00953811483424,63.71955490112305,48345100
2017-06-19 00:00:00-04:00,64.17468406158505,64.5752091348272,64.03814079162711,64.51148986816406,23798300
2017-06-20 00:00:00-04:00,64.46599648819722,64.51151324296859,63.60123370659479,63.63764572143555,21512200
2017-06-21 00:00:00-04:00,63.91070986532343,64.28392771797239,63.66493750604926,63.96532440185547,19891100
2017-06-22 00:00:00-04:00,64.2111111046288,64.25662090868929,63.45557751944045,63.956233978271484,22965700
2017-06-23 00:00:00-04:00,63.801491165332095,64.8574187907672,63.646745306567894,64.82100677490234,27617300
2017-06-26 00:00:00-04:00,64.9939644857686,65.27614893791619,64.12009690776902,64.20201873779297,19607000
2017-06-27 00:00:00-04:00,63.819679975505046,63.88339924641039,62.973119979259984,63.00042724609375,25215100
2017-06-28 00:00:00-04:00,63.00044141843979,63.57391498559436,62.618125707003415,63.53750991821289,25806200
2017-06-29 00:00:00-04:00,63.155168224399866,63.255299491718375,61.98090722620206,62.34502029418945,28918700
2017-06-30 00:00:00-04:00,62.609004973408055,63.15517112806045,62.5725929704473,62.745548248291016,24161100
2017-07-03 00:00:00-04:00,63.10968822981506,63.35546067344689,61.917217195487915,62.05376052856445,16165500
2017-07-05 00:00:00-04:00,62.13568544022555,63.20981561144124,62.099273424011905,62.88211441040039,21176300
2017-07-06 00:00:00-04:00,62.144756334044104,62.609000658700936,62.008220013450014,62.417842864990234,21117600
2017-07-07 00:00:00-04:00,62.53620527891194,63.573923459636156,62.53620527891194,63.22801971435547,16878300
2017-07-10 00:00:00-04:00,63.228020952361156,63.94714267850171,62.99134630891283,63.70137023925781,15014500
2017-07-11 00:00:00-04:00,63.71955395673886,64.33854418725667,63.49198412117908,63.71044921875,17460000
2017-07-12 00:00:00-04:00,64.34767536216559,64.88473706119326,64.22023675748501,64.76640319824219,17750900
2017-07-13 00:00:00-04:00,65.08494672658351,65.57649820657517,64.91199149893531,65.33071899414062,20269800
2017-07-14 00:00:00-04:00,65.75857044662735,66.69615695398109,65.50369337024529,66.2501220703125,25868100
2017-07-17 00:00:00-04:00,66.26834765488414,66.8600237496661,66.19552363110505,66.76899719238281,21803900
2017-07-18 00:00:00-04:00,66.53232305402317,66.8054096726689,66.14090954944879,66.7234878540039,26435300
2017-07-19 00:00:00-04:00,66.90552189045363,67.39707349691186,66.86000515203224,67.23322296142578,22416200
2017-07-20 00:00:00-04:00,67.5245315912065,67.63376762813388,66.70527867645416,67.56094360351562,42361000
2017-07-21 00:00:00-04:00,66.86001891086832,67.62465721544805,66.60514179096863,67.16951751708984,46717100
2017-07-24 00:00:00-04:00,66.9328627324228,67.13312537013189,66.56874947703199,66.99658203125,21394800
2017-07-25 00:00:00-04:00,67.17862955279709,67.64286709523547,66.9055429261663,67.53363800048828,22018700
2017-07-26 00:00:00-04:00,67.67017918464515,67.70659120044593,67.18773212882813,67.40620422363281,16252200
2017-07-27 00:00:00-04:00,67.1422204088687,67.74300129029646,65.83141565683472,66.59605407714844,36844200
2017-07-28 00:00:00-04:00,66.14999530507787,66.73257350360862,66.03166149580379,66.48680114746094,18306700
2017-07-31 00:00:00-04:00,66.7234956891221,66.85093427415315,65.91334742218959,66.17732238769531,23600100
2017-08-01 00:00:00-04:00,66.54142697912597,66.83271612783952,65.98615595425309,66.06808471679688,22132300
2017-08-02 00:00:00-04:00,66.04076864518647,66.04986643823831,65.03035802601741,65.77678680419922,26499200
2017-08-03 00:00:00-04:00,65.71305537169383,65.94062516373334,65.40355684318304,65.67664337158203,18214400
2017-08-04 00:00:00-04:00,65.90423388690066,66.48681218212054,65.75858584065513,66.15911102294922,22579000
2017-08-07 00:00:00-04:00,66.26836436445832,66.35939094469397,65.77681249732632,65.90425109863281,18705700
2017-08-08 00:00:00-04:00,65.62206210986916,66.5687538582385,65.3125703365916,66.25926208496094,22044600
2017-08-09 00:00:00-04:00,65.76769394158497,66.00436855639138,65.58564081935323,65.96795654296875,22213400
2017-08-10 00:00:00-04:00,65.44909437677133,65.71307625280602,64.94843789724325,65.00305938720703,24734500
2017-08-11 00:00:00-04:00,65.18510643053992,66.17730761317793,64.8847125707965,65.99525451660156,21443700
2017-08-14 00:00:00-04:00,66.50500273327205,67.10579039846944,66.40487145573915,66.9874496459961,20096600
2017-08-15 00:00:00-04:00,67.34436119162257,67.34436119162257,66.84104427056573,67.00576782226562,19181400
2017-08-16 00:00:00-04:00,67.11555910080654,67.81105911223158,66.95998884276736,67.39925384521484,18150400
2017-08-17 00:00:00-04:00,67.33521632982159,67.60060466764354,66.25536346435547,66.25536346435547,22977500
2017-08-18 00:00:00-04:00,66.13640842230824,66.65803197798198,65.82526773171321,66.33773803710938,18761500
2017-08-21 00:00:00-04:00,66.31940658266583,66.32855982853572,65.61475327018407,66.02656555175781,17734800
2017-08-22 00:00:00-04:00,66.20961472183424,67.02407937883584,66.20961472183424,66.95087432861328,14343700
2017-08-23 00:00:00-04:00,66.76782393286223,66.94170071073799,66.37431810737814,66.5481948852539,13766500
2017-08-24 00:00:00-04:00,66.5665118642578,66.6763299078197,65.95337683027475,66.52075958251953,17098300
2017-08-25 00:00:00-04:00,66.67631547925545,67.12472684180239,66.32856888938585,66.63970947265625,12794300
2017-08-28 00:00:00-04:00,66.85935587006192,66.8868086366606,66.39264487411677,66.64888000488281,14569700
2017-08-29 00:00:00-04:00,66.11812080344153,66.95089218147506,65.93509765625542,66.85022735595703,11478400
2017-08-30 00:00:00-04:00,66.81359231634555,67.9117446863607,66.64886876265503,67.72872161865234,16897800
2017-08-31 00:00:00-04:00,67.74700836418485,68.59807873420164,67.5365325741775,68.42420196533203,27652800
2017-09-01 00:00:00-04:00,68.36930402880732,68.39675678864369,67.39011603064587,67.66465759277344,21736200
2017-09-05 00:00:00-04:00,67.115559263939,67.61888301985427,66.78611923865309,67.3626480102539,21556000
2017-09-06 00:00:00-04:00,67.4816270351086,67.7561685951113,67.12472719623423,67.17048645019531,16535800
2017-09-07 00:00:00-04:00,67.42672660998586,68.26864388417465,67.35351459086968,68.03070831298828,17471200
2017-09-08 00:00:00-04:00,68.02157259245917,68.12223738887946,67.57315414226564,67.70127868652344,14703800
2017-09-11 00:00:00-04:00,68.00325719898338,68.57979313613951,68.00325719898338,68.41506958007812,17910400
2017-09-12 00:00:00-04:00,68.41505465628708,68.85431272204436,68.05815485965391,68.34184265136719,14394900
2017-09-13 00:00:00-04:00,68.57065389451387,68.8451955379891,68.22290719707806,68.82688903808594,13380800
2017-09-14 00:00:00-04:00,68.63468473722057,69.08309605591033,68.19541968287463,68.42420196533203,15733900
2017-09-15 00:00:00-04:00,68.47912261255068,68.99159275205768,67.78362243616115,68.91838073730469,38578400
2017-09-18 00:00:00-04:00,68.84518670736384,69.52238049735412,68.67130989000673,68.7811279296875,23307000
2017-09-19 00:00:00-04:00,68.82687071408031,69.28443534346408,68.64384765507968,69.037353515625,16093300
2017-09-20 00:00:00-04:00,68.95497222754342,69.1380022258925,68.00323718176983,68.57977294921875,21587900
2017-09-21 00:00:00-04:00,68.73536863597508,68.85433294249536,67.8202392513735,67.91175079345703,19186100
2017-09-22 00:00:00-04:00,67.71041273919793,68.18628386949996,67.5822951999356,68.09477233886719,14111400
2017-09-25 00:00:00-04:00,67.80192566075445,67.94834969827652,66.73122606843339,67.04237365722656,24149200
2017-09-26 00:00:00-04:00,67.41757303508264,67.54569057697324,66.79528483937868,67.04237365722656,18019600
2017-09-27 00:00:00-04:00,67.30776367440319,67.8751393793039,66.96001006752076,67.5822982788086,19565100
2017-09-28 00:00:00-04:00,67.29861445904714,67.69212036596898,67.08813163269606,67.6006088256836,10883800
2017-09-29 00:00:00-04:00,67.66466705038165,68.21374326950016,67.60975454115174,68.16798400878906,17079100
2017-10-02 00:00:00-04:00,68.36928249401822,68.64382396967139,67.99408325796396,68.27777099609375,15304800
2017-10-03 00:00:00-04:00,68.33269598612293,68.52487228113456,67.89343787806253,67.9574966430664,12190400
2017-10-04 00:00:00-04:00,67.80191485350021,68.37845068199366,67.4541682926378,68.35099792480469,13317700
2017-10-05 00:00:00-04:00,68.83601490163011,69.65963252249554,68.59807937073982,69.5223617553711,21195300
2017-10-06 00:00:00-04:00,69.24783322766369,69.57728033788858,69.12886893081458,69.5498275756836,13959800
2017-10-09 00:00:00-04:00,69.52241295079362,70.0531899175289,69.42174811289946,69.81525421142578,11386500
2017-10-10 00:00:00-04:00,69.8518602417406,70.12639499627215,69.67798334321681,69.81525421142578,13944500
2017-10-11 00:00:00-04:00,69.8792604413721,69.97077195736205,69.50405414936778,69.93416595458984,15388900
2017-10-12 00:00:00-04:00,69.99822462146274,70.73033071217716,69.88841359517237,70.57476043701172,16876500
2017-10-13 00:00:00-04:00,71.0048797596542,71.2611218310481,70.73034515598457,70.91336822509766,15335700
2017-10-16 00:00:00-04:00,70.84930114704746,71.20620097729635,70.78524238217923,71.05978393554688,12380100
2017-10-17 00:00:00-04:00,70.89505652387294,71.03232729305178,70.69372699332814,71.00486755371094,16824000
2017-10-18 00:00:00-04:00,71.07807598334638,71.2427995016923,70.80354144069051,71.0231704711914,13300700
2017-10-19 00:00:00-04:00,70.98658188923139,71.31602900676953,70.78525231941555,71.2977294921875,15092800
2017-10-20 00:00:00-04:00,71.67291890664382,72.26775428502792,71.58140738271128,72.12133026123047,22866400
2017-10-23 00:00:00-04:00,72.28606550312661,72.60635937970002,72.07558966218532,72.1396484375,20627200
2017-10-24 00:00:00-04:00,72.20367447672606,72.47820896851212,71.80101551051753,72.16706848144531,17517200
2017-10-25 00:00:00-04:00,71.91083648552421,72.38670048019507,71.38921324938038,71.95658874511719,20410800
2017-10-26 00:00:00-04:00,72.4782518932067,72.6795814955469,72.0664464206991,72.07559967041016,32120700
2017-10-27 00:00:00-04:00,77.20945280561742,78.88413392862303,76.51395266149976,76.69697570800781,71066700
2017-10-30 00:00:00-04:00,76.5963258214326,77.17286179553592,76.05640284200325,76.77020263671875,31756700
2017-10-31 00:00:00-04:00,77.20031343526804,77.20031343526804,76.05640173427354,76.1204605102539,27086600
2017-11-01 00:00:00-04:00,76.57802519065172,76.65123721516727,75.84591890926205,76.1204605102539,22307400
2017-11-02 00:00:00-04:00,76.27603123147,77.29182538590437,76.06555538722243,76.9166259765625,23992900
2017-11-03 00:00:00-04:00,76.94407213810696,77.36503077236397,76.32178394357871,76.99897766113281,17633500
2017-11-06 00:00:00-05:00,77.05389837755062,77.51146311134103,76.94408730984652,77.30098724365234,19860900
2017-11-07 00:00:00-05:00,77.57550745870037,77.69447873575201,76.80680220028576,77.1179428100586,17939700
2017-11-08 00:00:00-05:00,76.99896348585158,77.4290752887247,76.71527569326764,77.38331604003906,18034200
2017-11-09 00:00:00-05:00,76.97152304789084,77.11794009973147,75.86421747492011,76.95321655273438,21178400
2017-11-10 00:00:00-05:00,76.67868769690155,76.96237555610297,76.16621750430986,76.75189971923828,19397800
2017-11-13 00:00:00-05:00,76.55971900841546,76.81595409002324,76.37668896306538,76.80680084228516,14196900
2017-11-14 00:00:00-05:00,76.41330203269574,76.96237825571576,75.93743783458052,76.9166259765625,18801300
2017-11-15 00:00:00-05:00,76.76948062204762,76.97182133371166,76.05209592938273,76.31881713867188,19383100
2017-11-16 00:00:00-05:00,76.42916230673407,76.72347408847787,76.28200992433536,76.52113342285156,20962800
2017-11-17 00:00:00-05:00,76.44755785240396,76.44755785240396,75.6381952204715,75.78535461425781,22079000
2017-11-20 00:00:00-05:00,75.78536834833692,75.96011138894303,75.64740814589717,75.9049301147461,16315000
2017-11-21 00:00:00-05:00,76.09807100623863,77.10976745477184,76.09807100623863,76.99940490722656,21237500
2017-11-22 00:00:00-05:00,77.10058847639334,77.16496897915168,76.37400450700729,76.43838500976562,20553100
2017-11-24 00:00:00-05:00,76.3463855493598,76.73266842264175,76.1348456804982,76.5763168334961,7425600
2017-11-27 00:00:00-05:00,76.62229354820411,77.23851467968701,76.6131013496794,77.13734436035156,18265200
2017-11-28 00:00:00-05:00,77.32129378799804,78.23181973009254,77.27530472329842,78.06626892089844,21926000
2017-11-29 00:00:00-05:00,77.9098897438025,78.10303111665564,76.50271187234125,76.64986419677734,27381100
2017-11-30 00:00:00-05:00,76.80623134602654,77.73514847889535,76.6498727740778,77.41324615478516,33054600
2017-12-01 00:00:00-05:00,76.88902596835317,78.00189262775271,76.53953291549144,77.49604797363281,29532100
2017-12-04 00:00:00-05:00,77.643206269247,77.65240548677033,74.2218271130561,74.57132720947266,39094900
2017-12-05 00:00:00-05:00,74.81043585273461,76.04287112874037,74.47934127415303,75.04036712646484,26152300
2017-12-06 00:00:00-05:00,75.00360653447291,76.46596650082034,74.89323696425987,76.1348648071289,26162100
2017-12-07 00:00:00-05:00,75.91410734594216,76.1532378264491,75.41745497117172,75.86811828613281,23184500
2017-12-08 00:00:00-05:00,76.91663053865621,77.79037385454671,76.64071713649163,77.40409088134766,24489100
2017-12-11 00:00:00-05:00,77.52362455096456,78.51692927935038,77.36727297805527,78.38816833496094,22857900
2017-12-12 00:00:00-05:00,78.46175327839957,79.14235496742693,78.25022041536248,78.7100830078125,23924100
2017-12-13 00:00:00-05:00,78.85721971632348,79.09635018161714,78.33297674579754,78.49852752685547,22062700
2017-12-14 00:00:00-05:00,78.57213530753437,78.9768166985951,77.74438110624988,77.89154052734375,19306000
2017-12-15 00:00:00-05:00,78.41576093841938,80.09885247302653,78.06626092317842,79.87812042236328,53936700
2017-12-18 00:00:00-05:00,80.1264635300277,80.47595658681827,79.30790864724322,79.44586181640625,22283800
2017-12-19 00:00:00-05:00,79.41825637822876,79.41825637822876,78.4249516437375,78.94000244140625,23524800
2017-12-20 00:00:00-05:00,79.28032842243385,79.37230657802158,77.9099395109435,78.65491485595703,23674900
2017-12-21 00:00:00-05:00,79.14235679712147,79.18833884726175,78.54453400972609,78.63650512695312,17990700
2017-12-22 00:00:00-05:00,78.54452822078613,78.75606107312312,78.10305706690896,78.64569854736328,14145800
2017-12-26 00:00:00-05:00,78.46176148116625,78.66410216570932,78.20423952518307,78.54454040527344,9891200
2017-12-27 00:00:00-05:00,78.77446960894882,79.07798062760841,78.37898746804454,78.82965087890625,14678000
2017-12-28 00:00:00-05:00,79.00439511396286,79.03198574691288,78.68249270130207,78.8388442993164,10594300
2017-12-29 00:00:00-05:00,78.75607360426734,79.1423635567285,78.636511843355,78.67330169677734,18717400
2018-01-02 00:00:00-05:00,79.21594299691317,79.38149384294742,78.63651854426709,79.0503921508789,22483800
2018-01-03 00:00:00-05:00,79.1515451575039,79.56542569036873,79.06877326109861,79.41826629638672,26061400
2018-01-04 00:00:00-05:00,79.63901792182564,80.62313082255172,79.62062650153585,80.11727905273438,21912000
2018-01-05 00:00:00-05:00,80.62312713405713,81.31292114300582,80.4115872171893,81.11058044433594,23407100
2018-01-08 00:00:00-05:00,81.11974154454894,81.4692415325989,80.56790795235067,81.19332122802734,22113000
2018-01-09 00:00:00-05:00,81.53365050071328,81.60723020991075,80.80706666051958,81.13816833496094,19484300
2018-01-10 00:00:00-05:00,80.80705352049134,81.11056450886657,80.39318000321322,80.770263671875,18652200
2018-01-11 00:00:00-05:00,81.05535856391934,81.05535856391934,80.23680390718667,81.0093765258789,17808900
2018-01-12 00:00:00-05:00,81.55204195658102,82.57293761708104,81.34970126466969,82.40738677978516,24271500
2018-01-16 00:00:00-05:00,82.86726340724286,83.50187622668786,80.94504054392172,81.25774383544922,36599700
2018-01-17 00:00:00-05:00,81.92912336927127,83.03279081420175,81.62561236598411,82.9040298461914,25621200
2018-01-18 00:00:00-05:00,82.59131234198878,83.39146864508182,82.46255139627392,82.86722564697266,24159700
2018-01-19 00:00:00-05:00,82.90403716345706,83.33630917290769,82.462572953299,82.77527618408203,36875000
2018-01-22 00:00:00-05:00,82.77529155513227,84.26524932922608,82.53616097033856,84.25605010986328,23601600
2018-01-23 00:00:00-05:00,84.5227279663086,84.89061936561886,84.19162640862383,84.5227279663086,23412800
2018-01-24 00:00:00-05:00,85.12057549994422,85.92993120150392,84.22844087628869,84.44917297363281,33277500
2018-01-25 00:00:00-05:00,85.04699675512492,85.75518212486476,84.55034426778468,84.9182357788086,26383200
2018-01-26 00:00:00-05:00,85.64482423868033,86.50936126708984,85.14817172434432,86.50936126708984,29172200
2018-01-29 00:00:00-05:00,87.50265052657227,87.7877630786822,86.19664249290906,86.38058471679688,31569900
2018-01-30 00:00:00-05:00,85.81036952037297,86.14147117515738,84.70669499877599,85.29531860351562,38635100
2018-01-31 00:00:00-05:00,86.22423152180521,87.74177939997817,86.00349945385425,87.38308715820312,48756300
2018-02-01 00:00:00-05:00,87.18072855076174,88.35797535997564,86.06786220714721,86.69327545166016,47227900
2018-02-02 00:00:00-05:00,86.12305802621047,86.4265689940653,84.15484686845686,84.41236877441406,47867800
2018-02-05 00:00:00-05:00,83.29029236017959,85.75515559959206,80.93579864501953,80.93579864501953,51031500
2018-02-06 00:00:00-05:00,79.91492248392628,84.13646482278153,78.40657370940603,83.99850463867188,67998600
2018-02-07 00:00:00-05:00,83.22592818964283,84.40317527775713,82.03948188513654,82.41657257080078,41107600
2018-02-08 00:00:00-05:00,82.50855023178504,82.66490183812635,77.95591311196242,78.18584442138672,55628700
2018-02-09 00:00:00-05:00,79.3722908438483,81.79116569361648,77.10056838334353,81.10137176513672,63499100
2018-02-12 00:00:00-05:00,81.6163902277474,82.57290501929835,80.87141526248767,81.97508239746094,35720300
2018-02-13 00:00:00-05:00,81.7911350475638,82.77524040278581,80.75184844416202,82.61888885498047,26407700
2018-02-14 00:00:00-05:00,81.78725190861013,84.07888031675687,81.6948487881037,83.91255187988281,34960900
2018-02-15 00:00:00-05:00,84.28219993700782,85.67751079358638,83.73701640656893,85.6220703125,27823900
2018-02-16 00:00:00-05:00,85.42800945573254,86.39826011657715,84.82738547987537,85.01219177246094,30596900
2018-02-20 00:00:00-05:00,84.53171355426369,85.9917005718747,84.09741089684452,85.67752838134766,30911700
2018-02-21 00:00:00-05:00,85.91776474979562,86.26889954702081,84.54093170166016,84.54093170166016,26922500
2018-02-22 00:00:00-05:00,85.05840489727467,85.6867562212327,84.42081114284275,84.76271057128906,24392800
2018-02-23 00:00:00-05:00,86.49066558372857,86.92496813785755,85.34485102915376,86.91572570800781,26329200
2018-02-26 00:00:00-05:00,87.22988586566939,88.20012929121759,87.09127764776055,88.17240905761719,30199800
2018-02-27 00:00:00-05:00,88.46812849709934,88.56053165205499,87.04509735107422,87.04509735107422,25869100
2018-02-28 00:00:00-05:00,87.63645619282302,88.44037817228866,86.51836218339317,86.6477279663086,31167300
2018-03-01 00:00:00-05:00,86.85103397949682,87.38698205782441,84.8643347580464,85.79762268066406,37135600
2018-03-02 00:00:00-05:00,84.62410413002264,86.07485554957388,83.9587901197988,85.98245239257812,32830400
2018-03-05 00:00:00-05:00,85.32636398459223,87.10977220487422,85.25244569741216,86.52762603759766,23901600
2018-03-06 00:00:00-05:00,87.17445698721748,87.31306523476196,85.8807988098912,86.23193359375,22175800
2018-03-07 00:00:00-05:00,86.08406707940098,86.80482131511762,85.40951088064443,86.73089599609375,26716100
2018-03-08 00:00:00-05:00,87.10977109284765,87.87673059305398,86.64774831680646,87.25762176513672,25887800
2018-03-09 00:00:00-05:00,88.05231742381609,89.2073745727539,87.7843433192734,89.2073745727539,36937300
2018-03-12 00:00:00-04:00,89.17037931818265,89.8264506930841,88.74531928866512,89.41986846923828,26073700
2018-03-13 00:00:00-04:00,89.63241795148544,89.85418690852516,86.83256107541916,87.23914337158203,35387800
2018-03-14 00:00:00-04:00,87.8951983703415,88.16317237435584,86.39824232892211,86.7216567993164,32132000
2018-03-15 00:00:00-04:00,86.42598787946504,87.39623862477681,85.77915874919638,87.02661895751953,27611000
2018-03-16 00:00:00-04:00,87.48862106567705,88.13545004280522,86.78634456914712,87.4146957397461,49081300
2018-03-19 00:00:00-04:00,86.6200320720655,86.76788275117158,85.11384029069131,85.8345947265625,33344100
2018-03-20 00:00:00-04:00,85.98244005235989,86.64774691718975,85.93623495553888,86.05635833740234,23075200
2018-03-21 00:00:00-04:00,85.87154425755914,86.90647770322651,85.20623040319491,85.45572662353516,24457100
2018-03-22 00:00:00-04:00,84.337638155909,84.78118314242853,82.84993123736358,82.97005462646484,38604700
2018-03-23 00:00:00-04:00,82.70208172728512,83.58916466295189,80.46589305300583,80.55829620361328,44068900
2018-03-26 00:00:00-04:00,83.7277673666401,86.86028119908245,83.53371864824813,86.65699005126953,56396800
2018-03-27 00:00:00-04:00,87.72889281735159,87.91369912012122,81.78727923948756,82.67436218261719,56569000
2018-03-28 00:00:00-04:00,82.99777322868422,84.3006808728279,82.11993275277638,82.60043334960938,52501100
2018-03-29 00:00:00-04:00,83.33043253439982,85.28016931543144,81.68563249350872,84.33763885498047,45867500
2018-04-02 00:00:00-04:00,83.59838624228767,83.97724118025862,80.86321277703146,81.79649353027344,48515400
2018-04-03 00:00:00-04:00,82.77598717274047,83.21028963111135,81.21434821814908,82.89611053466797,37213800
2018-04-04 00:00:00-04:00,81.17738917766125,85.71445559844452,81.06650823859991,85.3171157836914,35560000
2018-04-05 00:00:00-04:00,85.41876692002971,86.00091303782193,84.45775876929586,85.36331939697266,29771900
2018-04-06 00:00:00-04:00,84.54092500207733,85.43725030939119,82.68359853115503,83.37663269042969,38026000
2018-04-09 00:00:00-04:00,84.12512189885736,86.09333671417001,83.73702439441418,83.87562561035156,31533900
2018-04-10 00:00:00-04:00,85.37255996701592,86.19495986706269,84.67952586810632,85.8253402709961,26812000
2018-04-11 00:00:00-04:00,85.02143600612344,86.20421322354785,84.53169297546253,84.88282775878906,24872100
2018-04-12 00:00:00-04:00,85.40951437648303,87.00811597874993,85.40951437648303,86.47216796875,26758900
2018-04-13 00:00:00-04:00,86.90651080074659,87.02663421745736,85.41879649035229,86.01018524169922,23346100
2018-04-16 00:00:00-04:00,86.92498422426422,87.47017488775838,86.32435307122851,87.01738739013672,20288100
2018-04-17 00:00:00-04:00,87.78434265900482,89.207373901782,87.67345463557346,88.7730712890625,26771000
2018-04-18 00:00:00-04:00,88.91166094528484,89.37368370467632,88.26482485219204,89.11495208740234,21043300
2018-04-19 00:00:00-04:00,89.11496483296135,89.69711105508857,88.09850897699643,88.81002807617188,23552500
2018-04-20 00:00:00-04:00,88.62522486046105,88.81003117713907,86.90649932570095,87.78433990478516,31154400
2018-04-23 00:00:00-04:00,88.46812717283359,88.97635509234529,87.44243595338908,88.10774993896484,22331800
2018-04-24 00:00:00-04:00,88.9301365767113,89.14267014278806,85.39104768433849,86.047119140625,34524800
2018-04-25 00:00:00-04:00,86.21343979493052,86.21343979493052,83.42281870159779,85.29862976074219,33729300
2018-04-26 00:00:00-04:00,86.44447620356765,87.92294788192112,86.02865141752791,87.10054779052734,42529000
2018-04-27 00:00:00-04:00,90.18684556794766,90.46406205690046,86.77712223331392,88.54204559326172,48272800
2018-04-30 00:00:00-04:00,89.01330545895891,89.07798836250905,86.07484046213857,86.41673278808594,41523600
2018-05-01 00:00:00-04:00,86.13029728585327,88.05231399890465,85.74219979088399,87.78433990478516,31408900
2018-05-02 00:00:00-04:00,87.7750924347834,87.9414209302083,86.11181453044328,86.40750885009766,27471000
2018-05-03 00:00:00-04:00,85.89927377677286,87.71964464450473,85.42800857068147,86.92496490478516,31142500
2018-05-04 00:00:00-04:00,86.23194223104721,88.12623868744181,85.86232255054229,87.93218994140625,22531300
2018-05-07 00:00:00-04:00,87.94141619077703,89.36444723051872,87.87673328214825,88.91166687011719,24242000
2018-05-08 00:00:00-04:00,88.56978433151465,88.85624330990667,87.83978733804733,88.53282165527344,23484600
2018-05-09 00:00:00-04:00,88.71760280884725,89.60468556666507,87.83052005102942,89.57696533203125,27327400
2018-05-10 00:00:00-04:00,90.05749520255972,90.51027563227676,89.67864012256652,90.47332000732422,22388100
2018-05-11 00:00:00-04:00,90.37166893453382,90.43635184914298,89.66939225455651,90.27925872802734,16778300
2018-05-14 00:00:00-04:00,90.48253716633529,91.19405617679294,89.91886882554965,90.58418273925781,19454100
2018-05-15 00:00:00-04:00,89.85420575236307,90.41787421755971,89.02256317667052,89.92813110351562,24594000
2018-05-16 00:00:00-04:00,90.35501552719666,90.39213840436301,89.66826000078102,90.16012573242188,17384700
2018-05-17 00:00:00-04:00,89.79818165247029,90.5220600167286,88.93509427651665,89.2599105834961,17246700
2018-05-18 00:00:00-04:00,89.10214748528078,89.9559524088474,89.10214748528078,89.42696380615234,17865800
2018-05-21 00:00:00-04:00,90.02094487707646,90.95827834750257,89.83533751364045,90.57777404785156,19422500
2018-05-22 00:00:00-04:00,90.65199662110923,91.1067395014533,90.20652915023577,90.48494720458984,15441200
2018-05-23 00:00:00-04:00,89.75178218061032,91.62644855618807,89.3898429747199,91.56148529052734,21251200
2018-05-24 00:00:00-04:00,91.62644283907298,91.82133262389482,89.84458022841078,91.23665618896484,26649300
2018-05-25 00:00:00-04:00,91.22736977115541,91.85844441366693,90.81902527292337,91.28305053710938,18363900
2018-05-29 00:00:00-04:00,90.80044748683062,91.76562074982292,90.23434325841832,90.95822143554688,28671000
2018-05-30 00:00:00-04:00,91.23665273232618,92.10902256697098,90.86543815461404,91.83060455322266,22158500
2018-05-31 00:00:00-04:00,92.14615796115645,92.79579064088547,91.51508318064889,91.72853088378906,34140900
2018-06-01 00:00:00-04:00,92.13687987165918,93.6032017964661,92.03479371990264,93.53823852539062,28655600
2018-06-04 00:00:00-04:00,93.97439950648473,94.531228413465,93.5938953870956,94.35489654541016,27281600
2018-06-05 00:00:00-04:00,94.66116963042644,94.9674280550129,94.22498467670599,94.8375015258789,23514400
2018-06-06 00:00:00-04:00,95.10663798213281,95.21799953361742,94.56836688174101,95.11591339111328,21122900
2018-06-07 00:00:00-04:00,95.26443459660945,95.30155748549804,93.15775490510102,93.62178039550781,28232200
2018-06-08 00:00:00-04:00,93.81663895827812,94.61476310199232,93.30621533736814,94.31778717041016,22165100
2018-06-11 00:00:00-04:00,93.74239525292857,94.28065923220367,93.42685435980175,93.7795181274414,23490900
2018-06-12 00:00:00-04:00,93.82591557976765,94.15073187829944,93.50109928123587,94.02080535888672,18325200
2018-06-13 00:00:00-04:00,94.40133994827666,94.67047556254596,93.32479749119945,93.59393310546875,29492900
2018-06-14 00:00:00-04:00,94.33636434328318,94.68902109497795,93.73312991289912,94.12290954589844,25691800
2018-06-15 00:00:00-04:00,94.20644253195967,94.2250004333115,92.87004705971682,92.92572784423828,65738600
2018-06-18 00:00:00-04:00,92.81436106800757,93.83521551626828,92.26680742255752,93.60320281982422,23586000
2018-06-19 00:00:00-04:00,92.4802622186909,93.73312936339565,92.34105318473135,93.60320281982422,28653100
2018-06-20 00:00:00-04:00,94.07649440187197,95.14374695621252,93.84448174563022,94.54051971435547,26180800
2018-06-21 00:00:00-04:00,94.73542233965279,95.08807907598434,93.62175719042914,93.86305236816406,23198200
2018-06-22 00:00:00-04:00,93.18560028076172,93.51969211229107,92.46171458445855,93.18560028076172,38923100
2018-06-25 00:00:00-04:00,92.8050521030501,92.90713822680054,90.29931852845317,91.3108901977539,35433300
2018-06-26 00:00:00-04:00,91.70998348622273,92.87932952410127,91.64502021081091,91.95127868652344,26897200
2018-06-27 00:00:00-04:00,92.4153040244312,92.8236415778912,90.39215291706353,90.52207946777344,31298400
2018-06-28 00:00:00-04:00,90.37357462538111,91.979105451934,90.26221307286839,91.53363800048828,26650700
2018-06-29 00:00:00-04:00,91.81205161006476,92.72154436764353,91.2552226329897,91.51507568359375,28053200
2018-07-02 00:00:00-04:00,91.04177367949184,92.86075223031867,90.94897002413165,92.8143539428711,19564500
2018-07-03 00:00:00-04:00,93.25052879877232,93.38973072648396,91.8213300037306,91.92341613769531,14670300
2018-07-05 00:00:00-04:00,92.34104127008308,92.73082085050457,91.90485632417418,92.58233642578125,18977400
2018-07-06 00:00:00-04:00,92.70297123270919,94.13216996574344,92.49879897363802,93.88159942626953,19234600
2018-07-09 00:00:00-04:00,94.33636532825496,94.89319439270581,93.96514359179915,94.52197265625,18212000
2018-07-10 00:00:00-04:00,94.66117622219916,95.13448408584044,94.53124968401768,94.77254486083984,19293100
2018-07-11 00:00:00-04:00,93.87234760371156,94.97672333237824,93.8259422276854,94.64263153076172,19644600
2018-07-12 00:00:00-04:00,95.37577368200995,96.89778344550548,95.33865788234469,96.69361114501953,24335900
2018-07-13 00:00:00-04:00,96.86063668168973,98.00213487226148,96.60077658485082,97.84436798095703,24635200
2018-07-16 00:00:00-04:00,97.81655933243879,98.20633898345774,96.99987006691416,97.36181640625,21786900
2018-07-17 00:00:00-04:00,97.08338836983258,98.83740370004402,96.81425280587615,98.32697296142578,25901700
2018-07-18 00:00:00-04:00,98.3176799585302,98.41976608798608,97.18545712672078,97.55667877197266,29493900
2018-07-19 00:00:00-04:00,97.3803698148374,97.73302656656561,96.41519614222446,96.88850402832031,40171600
2018-07-20 00:00:00-04:00,100.3037237656363,100.4150853208148,98.4476223210337,98.62394714355469,56004000
2018-07-23 00:00:00-04:00,98.65179426657437,100.35940419099228,98.4940202631834,100.2016372680664,29707000
2018-07-24 00:00:00-04:00,100.75847056747797,100.99048325710379,99.54272633958766,99.91394805908203,26316600
2018-07-25 00:00:00-04:00,100.19236473071295,103.15284908428507,99.85826587223296,102.85587310791016,30702100
2018-07-26 00:00:00-04:00,102.77234542732081,103.01364062211927,101.62156439749603,101.7329330444336,31372100
2018-07-27 00:00:00-04:00,102.25263737478687,102.25263737478687,98.50331129505352,99.93251037597656,37005300
2018-07-30 00:00:00-04:00,99.47777141622036,99.7933053019624,97.22260760062328,97.7887191772461,34668300
2018-07-31 00:00:00-04:00,98.828128987014,99.04158378917822,97.79799201926023,98.4476318359375,27655200
2018-08-01 00:00:00-04:00,98.40118898448993,98.79096847775914,97.83507763835289,98.6332015991211,23628700
2018-08-02 00:00:00-04:00,97.81653801707952,100.31298940214222,97.29682484850649,99.83040618896484,26104300
2018-08-03 00:00:00-04:00,100.04386375773083,100.27587642221494,99.13437099754871,100.26659393310547,18659600
2018-08-06 00:00:00-04:00,100.3408375065956,100.6192484496533,99.82112433471853,100.35011291503906,20265900
2018-08-07 00:00:00-04:00,100.74918189563337,101.25033012413171,100.38724268846207,101.04615783691406,16080200
2018-08-08 00:00:00-04:00,101.4637897324434,101.85356934634783,100.93480109058304,101.61227416992188,15487500
2018-08-09 00:00:00-04:00,101.81643500909743,102.23406204596823,101.71434887211554,101.77931213378906,13677200
2018-08-10 00:00:00-04:00,101.54732667150856,101.7979043768377,100.58215289637596,101.15754699707031,18183700
2018-08-13 00:00:00-04:00,101.38026094215842,101.6958018758714,100.3222836640868,100.42436981201172,18472500
2018-08-14 00:00:00-04:00,100.74917258972746,101.85355508832438,100.2665893848955,101.6772232055664,16788300
2018-08-15 00:00:00-04:00,101.07168765776001,101.53749874471697,99.51588033317493,100.29844665527344,29982800
2018-08-16 00:00:00-04:00,100.89468207750905,101.41638820905453,99.96305992391325,100.2798080444336,21384300
2018-08-17 00:00:00-04:00,100.01895708475672,100.52203391121728,99.39477193455521,100.22391510009766,18061500
2018-08-20 00:00:00-04:00,100.15868411098388,100.52201612563474,99.19911457958742,99.56244659423828,17914200
2018-08-21 00:00:00-04:00,99.60903446581422,100.0096322581083,98.6121990907168,98.73331451416016,22881900
2018-08-22 00:00:00-04:00,98.61220187225227,100.00031686752256,98.54698860690971,99.73946380615234,18000600
2018-08-23 00:00:00-04:00,99.82332270290082,100.78289245619209,99.56246961746788,100.20528411865234,18167700
2018-08-24 00:00:00-04:00,100.30773631735482,101.13687930628087,100.20525733151348,100.98782348632812,17234000
2018-08-27 00:00:00-04:00,101.79834455386565,102.14304729239936,101.09031686975536,102.10578155517578,19662300
2018-08-28 00:00:00-04:00,102.42256137511617,102.944267606163,102.2828166038817,102.7206802368164,19151500
2018-08-29 00:00:00-04:00,102.89765935562043,104.36962399740587,102.72996709126876,104.36030578613281,20818000
2018-08-30 00:00:00-04:00,104.03424428505357,104.90997138473396,103.8199751698422,104.29509735107422,22798700
2018-08-31 00:00:00-04:00,104.05288650205883,105.06835129528142,103.89450532511663,104.64912414550781,23222700
2018-09-04 00:00:00-04:00,103.27029197925336,104.30439291480651,102.68337270814673,104.07148742675781,22634600
2018-09-05 00:00:00-04:00,103.41936979962729,103.80133115903418,100.7083461165484,101.0716781616211,32872400
2018-09-06 00:00:00-04:00,100.8481030598335,101.53750149705739,100.1587046226096,101.30459594726562,23477600
2018-09-07 00:00:00-04:00,100.82946558539263,101.2859584358911,99.89784346160071,100.81082916259766,22498600
2018-09-10 00:00:00-04:00,101.39774869993062,102.14304924321148,100.9505740601323,101.90082550048828,20727900
2018-09-11 00:00:00-04:00,101.45366666189305,103.95972573587024,101.44434844902973,103.63365936279297,24301800
2018-09-12 00:00:00-04:00,103.81063441737709,104.20191393144817,102.9535439272086,104.07148742675781,18891100
2018-09-13 00:00:00-04:00,104.45347082425319,105.95338295108832,104.45347082425319,105.189453125,26055600
2018-09-14 00:00:00-04:00,105.6086703762764,105.95337307468596,104.75157984303894,105.61798858642578,19122300
2018-09-17 00:00:00-04:00,105.91610863397027,105.92541973652146,104.21123864913366,104.47209167480469,20736500
2018-09-18 00:00:00-04:00,104.51869684805547,105.9254412519041,104.08083327700739,105.46894836425781,22170900
2018-09-19 00:00:00-04:00,105.31989817694219,105.57143305697976,103.44733546479162,104.06220245361328,21728400
2018-09-20 00:00:00-04:00,104.60253547354795,106.01860514364628,104.27646913757566,105.80432891845703,23714500
2018-09-21 00:00:00-04:00,106.20491981757561,107.40671318422632,105.7484269769403,106.4471435546875,71229700
2018-09-24 00:00:00-04:00,105.30124944942493,107.04338541169668,104.5466377897588,106.82910919189453,27334500
2018-09-25 00:00:00-04:00,106.9502418841217,107.22972430688274,105.97203563517294,106.6241683959961,22668000
2018-09-26 00:00:00-04:00,106.64278741372216,107.19244106415965,105.96270012469806,106.18629455566406,19352000
2018-09-27 00:00:00-04:00,106.93157915899005,107.0526945760084,106.39123665707874,106.58688354492188,19091300
2018-09-28 00:00:00-04:00,106.38192932059425,106.7359431579779,105.90680006190402,106.54962158203125,21647800
2018-10-01 00:00:00-04:00,106.90364596428724,107.77005488255469,106.88501664793999,107.70484161376953,18883100
2018-10-02 00:00:00-04:00,107.41603563616371,107.91910533721561,106.61484002676569,107.27629089355469,20787200
2018-10-03 00:00:00-04:00,107.52784270563859,108.23587763422107,107.07134977497344,107.29493713378906,16648000
2018-10-04 00:00:00-04:00,106.7731960734229,106.91294079245866,103.99695943582715,105.07764434814453,34821700
2018-10-05 00:00:00-04:00,104.92860252822581,105.43167935333447,103.07467639867372,104.4627914428711,29068900
2018-10-08 00:00:00-04:00,104.02492819041348,104.36962382209823,101.8635580723057,103.27030944824219,29640600
2018-10-09 00:00:00-04:00,103.54047357248659,105.34782261529837,103.22372548870547,104.58389282226562,26198600
2018-10-10 00:00:00-04:00,103.63364361843985,103.8758673620895,98.55630585952149,98.90100860595703,61376300
2018-10-11 00:00:00-04:00,98.14639283783346,101.48160186640472,97.07502593552881,98.66810607910156,63904300
2018-10-12 00:00:00-04:00,101.55614415272034,103.63365780401709,99.79537865687327,102.07785034179688,47742100
2018-10-15 00:00:00-04:00,101.46297598197236,101.99400034521736,99.63699023735157,100.24254608154297,32068100
2018-10-16 00:00:00-04:00,102.04990466069462,103.79204087038022,101.50024382348765,103.41007232666016,31610200
2018-10-17 00:00:00-04:00,104.04355955021893,104.16466786809498,102.05920697614819,103.13988494873047,26548200
2018-10-18 00:00:00-04:00,102.57160301270362,102.9722008438489,100.45682374168024,101.08100891113281,32506200
2018-10-19 00:00:00-04:00,101.48160688897953,103.27963802564291,100.81083776537466,101.23007202148438,32785500
2018-10-22 00:00:00-04:00,101.8449350593027,102.98151524080322,100.83878141262555,102.13373565673828,26545600
2018-10-23 00:00:00-04:00,100.40091412557543,101.5188649495755,97.92280294831062,100.7083511352539,43770400
2018-10-24 00:00:00-04:00,100.99716854059726,101.0716929165259,94.64349816051799,95.3235855102539,63897800
2018-10-25 00:00:00-04:00,99.26435254676485,101.79835906989412,98.89170222910319,100.89469146728516,61646800
2018-10-26 00:00:00-04:00,98.46313676373249,101.3138979629816,97.59672797270609,99.64629364013672,55523100
2018-10-29 00:00:00-04:00,100.7176748969787,101.26732857392436,94.68076001629859,96.74896240234375,55162000
2018-10-30 00:00:00-04:00,96.57196324223918,97.24272527366979,93.26470150084772,96.63717651367188,65350900
2018-10-31 00:00:00-04:00,98.23026605537986,100.74564363915722,98.183682093278,99.50658416748047,51062400
2018-11-01 00:00:00-04:00,99.73012064923566,99.9816554182247,98.31405147447262,98.67738342285156,33384200
2018-11-02 00:00:00-04:00,99.19912740286708,99.98168657936364,97.80169420965511,98.90100860595703,37680200
2018-11-05 00:00:00-05:00,99.09663525946337,100.3729528577492,98.65877177975204,100.15868377685547,27922100
2018-11-06 00:00:00-05:00,100.03757676581955,101.39774415478185,99.01279389552877,100.35433197021484,24340200
2018-11-07 00:00:00-05:00,101.95673565881414,104.5652735494874,101.91946991795567,104.3044204711914,37901700
2018-11-08 00:00:00-05:00,104.15536385989004,104.5373252624202,103.32622067801555,104.10877990722656,25644100
2018-11-09 00:00:00-05:00,103.2703256926654,103.8292976249208,101.32323858863778,102.07785034179688,32039200
2018-11-12 00:00:00-05:00,101.93807845097757,102.44115518842764,98.84509366746782,99.56244659423828,33621800
2018-11-13 00:00:00-05:00,100.19597568717873,101.30460132984668,99.34819602918955,99.627685546875,35374600
2018-11-14 00:00:00-05:00,101.14339989111082,101.29310677926259,97.74700517336268,98.21482849121094,39495100
2018-11-15 00:00:00-05:00,98.23354316785657,100.86271519902778,97.22305017625294,100.37617492675781,38505200
2018-11-16 00:00:00-05:00,100.18905814192404,101.87321804986729,99.9270781876941,101.3211898803711,33502100
2018-11-19 00:00:00-05:00,101.30249592109975,101.57383440334958,96.88624814834455,97.88739013671875,44773900
2018-11-20 00:00:00-05:00,95.24884662815442,96.34355166556425,92.95650769634763,95.16463470458984,64052500
2018-11-21 00:00:00-05:00,96.93302096829963,97.7096096370094,95.6605405665452,96.47455596923828,28130600
2018-11-23 00:00:00-05:00,95.59505008072324,97.12951055439926,95.43599180759803,96.4371337890625,13823100
2018-11-26 00:00:00-05:00,98.04643723862492,99.76802406834275,97.84995225078228,99.61832427978516,32336200
2018-11-27 00:00:00-05:00,99.4311857963454,100.42297629339376,98.57975089034167,100.24520111083984,29124500
2018-11-28 00:00:00-05:00,100.94692826196084,104.16555539735893,100.9188600013365,103.96907043457031,46788500
2018-11-29 00:00:00-05:00,103.22990507076314,103.96906684147154,102.0135614706773,103.09891510009766,28123200
2018-11-30 00:00:00-05:00,103.5760853189406,103.82871392175771,102.32232218572824,103.75386047363281,33665600
2018-12-03 00:00:00-05:00,105.72807459368657,106.12104448515083,103.6041597759384,104.87663269042969,34732800
2018-12-04 00:00:00-05:00,104.7363177084459,105.39126769207138,101.24635158262008,101.5363998413086,45197000
2018-12-06 00:00:00-05:00,99.01015177131833,102.21006236233555,98.2429216213361,102.16328430175781,49107400
2018-12-07 00:00:00-05:00,101.40537782303342,102.40651941810536,97.58794504927418,98.07447814941406,45044900
2018-12-10 00:00:00-05:00,98.05578855893538,101.0311457007445,97.20434653525923,100.6662368774414,40801500
2018-12-11 00:00:00-05:00,102.73400641945153,103.80999437081859,100.52587972441421,101.60186767578125,42381900
2018-12-12 00:00:00-05:00,103.75387458844925,104.10941780778454,102.02292941098268,102.06035614013672,36183000
2018-12-13 00:00:00-05:00,102.52820148555887,103.73518698997287,101.63933253939558,102.40656280517578,31333400
2018-12-14 00:00:00-05:00,101.28377167394228,102.2287769927059,98.71074283234098,99.20663452148438,47043100
2018-12-17 00:00:00-05:00,98.62651015438122,98.99141175220927,95.16461349970234,96.2686767578125,56957300
2018-12-18 00:00:00-05:00,97.07335425735913,97.78444781501359,95.92250556718703,97.2791976928711,49319200
2018-12-19 00:00:00-05:00,96.979792814628,100.00192799878101,94.82780230668003,97.01721954345703,68198200
2018-12-20 00:00:00-05:00,96.41839772654423,97.59730745867058,92.42318221908424,94.97750091552734,70334200
2018-12-21 00:00:00-05:00,95.08977787557288,96.37161650965814,91.18813259029545,91.90858459472656,111242100
2018-12-24 00:00:00-05:00,91.39395881965866,91.6652971862492,87.9320693063087,88.0724105834961,43935200
2018-12-26 00:00:00-05:00,89.01745610464677,94.21029987393378,87.91339234551998,94.08866119384766,51634800
2018-12-27 00:00:00-05:00,92.90972598254437,94.67809778519059,90.19634895497337,94.66873931884766,49498500
2018-12-28 00:00:00-05:00,95.52019289348334,95.81960676784115,93.11558053779957,93.92959594726562,38196300
2018-12-31 00:00:00-05:00,94.77167327518096,95.81024188243391,93.97637485534001,95.03365325927734,33173800
2019-01-02 00:00:00-05:00,93.14365213908215,95.20207247230478,92.57290695662672,94.61261749267578,35329300
2019-01-03 00:00:00-05:00,93.65822387804656,93.74243578460401,90.94484729165566,91.1319808959961,42579100
2019-01-04 00:00:00-05:00,93.30271218719453,95.91316795571504,92.56355026233723,95.37049102783203,44060600
2019-01-07 00:00:00-05:00,95.09917165081299,96.62427386966381,94.48164827044197,95.49214172363281,35656100
2019-01-08 00:00:00-05:00,96.40907019370364,97.27922221141725,95.16465793876758,96.18451690673828,31514400
2019-01-09 00:00:00-05:00,97.17630966056062,98.1306665742604,96.59620588106719,97.55992126464844,32280800
2019-01-10 00:00:00-05:00,96.57747067667077,97.07336237363724,95.79152359704123,96.93301391601562,30067600
2019-01-11 00:00:00-05:00,96.5494186749646,96.7833304309261,95.09916293263517,96.18451690673828,28314200
2019-01-14 00:00:00-05:00,95.34242435883965,96.25000303036089,94.74361088991381,95.48277282714844,28437100
2019-01-15 00:00:00-05:00,95.91316398131302,98.28970792089758,95.32370187639646,98.25228118896484,31587600
2019-01-16 00:00:00-05:00,98.48618428887447,99.42183109003462,98.20548739315899,98.59845733642578,29853900
2019-01-17 00:00:00-05:00,98.24291317192788,99.76801487324238,98.01835994057781,99.29084014892578,28393000
2019-01-18 00:00:00-05:00,100.54460697047853,100.95629385782408,99.09435867459821,100.77851867675781,37427600
2019-01-22 00:00:00-05:00,99.88029985007604,100.20777481534334,98.11192789921378,98.87915802001953,32371300
2019-01-23 00:00:00-05:00,99.29084441500461,100.15163778751308,98.56103388952779,99.8428726196289,25874300
2019-01-24 00:00:00-05:00,99.9832148063459,100.11420478358741,98.56102771284047,99.36568450927734,23164800
2019-01-25 00:00:00-05:00,100.33877228065026,100.93758572989395,99.36569864102442,100.27327728271484,31225600
2019-01-28 00:00:00-05:00,99.42184318624786,99.62768664969413,97.92480954993792,98.31777954101562,29476700
2019-01-29 00:00:00-05:00,98.13062524320297,98.21483715982536,95.5950234932788,96.31547546386719,31490500
2019-01-30 00:00:00-05:00,97.88737017548377,99.53410339355469,97.61603174856539,99.53410339355469,49471900
2019-01-31 00:00:00-05:00,97.12015498445695,98.44877192271318,96.54005131327679,97.70960998535156,55636400
2019-02-01 00:00:00-05:00,97.10142593470664,97.40083263186976,95.76345069522982,96.16577911376953,35535700
2019-02-04 00:00:00-05:00,96.25000065851395,98.99144640336677,96.15643025633416,98.935302734375,31315100
2019-02-05 00:00:00-05:00,99.23469936383167,100.36683115849648,99.14113610959186,100.32005310058594,27325400
2019-02-06 00:00:00-05:00,100.11421310957806,100.11421310957806,98.73881109573868,99.20663452148438,20609800
2019-02-07 00:00:00-05:00,98.42069048440256,98.79494349864189,97.57860692552671,98.49553680419922,29760700
2019-02-08 00:00:00-05:00,97.67216997762922,98.97271847315882,97.55053846209418,98.86979675292969,21461100
2019-02-11 00:00:00-05:00,99.36568346974217,99.72123380860805,98.21484194767181,98.47682189941406,18914100
2019-02-12 00:00:00-05:00,99.30957909203958,100.24522615877326,98.69205573997408,100.01131439208984,25056600
2019-02-13 00:00:00-05:00,100.58203045757797,100.84401041801819,99.84286863295391,99.93643188476562,18394900
2019-02-14 00:00:00-05:00,99.46860222595582,100.38553916819592,98.86043755825307,100.02063751220703,21784700
2019-02-15 00:00:00-05:00,100.96564332268883,101.33054498087621,100.45103475938963,101.25569152832031,26606900
2019-02-19 00:00:00-05:00,100.85337248550329,101.667387796007,100.84401401846243,101.20891571044922,18038500
2019-02-20 00:00:00-05:00,101.34986182391424,101.42503496017578,99.87462307707938,100.6827163696289,21607700
2019-02-21 00:00:00-05:00,100.44781480098753,102.87209489839475,100.41962666456043,102.80632019042969,29063200
2019-02-22 00:00:00-05:00,103.40767103118559,104.48825428641365,103.1915500787975,104.27214050292969,27763200
2019-02-25 00:00:00-05:00,105.01445812900903,105.40910629726162,104.54463683283099,104.8547134399414,23750600
2019-02-26 00:00:00-05:00,104.54464916002046,106.40513769767531,104.4600775889062,105.57825469970703,21536700
2019-02-27 00:00:00-05:00,104.94868716311721,105.57824600182698,104.18757176141166,105.39971160888672,21487100
2019-02-28 00:00:00-05:00,105.2775792823821,106.06687578663566,104.98629231089409,105.26818084716797,29083900
2019-03-01 00:00:00-05:00,106.0762709305597,106.19842190893111,104.92990561279369,105.73799896240234,23501200
2019-03-04 00:00:00-05:00,106.19841436411974,106.41453533855149,104.11241360055536,105.48429107666016,26608000
2019-03-05 00:00:00-05:00,105.47488277916516,105.60643217081169,104.5164504730398,104.95807647705078,19538300
2019-03-06 00:00:00-05:00,105.11783325412598,105.86015186027751,104.70438816490108,105.00507354736328,17687000
2019-03-07 00:00:00-05:00,104.67619873176305,104.8171465712415,103.23854654067372,103.72715759277344,25339000
2019-03-08 00:00:00-05:00,102.5714113290994,104.02785336548449,102.23313934811453,103.83992767333984,22818400
2019-03-11 00:00:00-04:00,104.29094349869374,106.132642369858,104.28155223310416,106.01988983154297,26491600
2019-03-12 00:00:00-04:00,106.01048242184132,107.10986259076586,105.85074489348224,106.76219940185547,26132700
2019-03-13 00:00:00-04:00,107.24141806243017,108.05890978684072,106.91254455338162,107.5890884399414,35513800
2019-03-14 00:00:00-04:00,107.62667481566268,108.2468352646312,107.42935071058612,107.67365264892578,30763400
2019-03-15 00:00:00-04:00,108.37839058952838,110.17311167061027,107.67365853193387,108.91399383544922,54681100
2019-03-18 00:00:00-04:00,109.15829934171816,110.51138723041065,109.04554679693075,110.47380065917969,31207600
2019-03-19 00:00:00-04:00,110.96238039483025,111.29126100794915,109.92877506919443,110.54894256591797,37588700
2019-03-20 00:00:00-04:00,110.3046602433457,111.58257493825623,109.66570289589042,110.42681121826172,28113300
2019-03-21 00:00:00-04:00,110.06974312021117,113.52762847434744,110.0227581185816,112.9638442993164,29854400
2019-03-22 00:00:00-04:00,112.2872821548825,112.37184654137315,109.9757623950588,109.98516082763672,33624500
2019-03-25 00:00:00-04:00,109.52475970853203,110.88724603547367,109.29924744951963,110.5583724975586,27067100
2019-03-26 00:00:00-04:00,111.46043473154343,111.54499914490772,109.79726291298714,110.79328918457031,26097700
2019-03-27 00:00:00-04:00,110.76507269878586,111.07515649297636,108.54751547732783,109.7220687866211,22733400
2019-03-28 00:00:00-04:00,110.35164871190447,110.48319812560679,109.12071181382514,109.87242889404297,18334800
2019-03-29 00:00:00-04:00,110.94361551120056,111.17852619087778,109.90061151992131,110.82146453857422,25399800
2019-04-01 00:00:00-04:00,111.77050611473281,111.92085240101274,110.97181118336091,111.8362808227539,22789100
2019-04-02 00:00:00-04:00,111.8738745571936,112.26852999949395,111.3664665618697,111.99603271484375,18142300
2019-04-03 00:00:00-04:00,112.62555110456188,113.1611470450934,111.95840578698075,112.72891235351562,22860700
2019-04-04 00:00:00-04:00,112.85111071537747,112.97326888032512,111.2349237823695,112.15577697753906,20112800
2019-04-05 00:00:00-04:00,112.18393386944003,112.97323741243139,112.16514417101602,112.65375518798828,15826200
2019-04-08 00:00:00-04:00,112.57857789236287,112.77590197858588,111.47919776816151,112.69133758544922,15116200
2019-04-09 00:00:00-04:00,111.46981246777851,112.32489077772428,111.42283463346922,112.08058166503906,17612000
2019-04-10 00:00:00-04:00,112.53160705565573,113.08599278440897,112.32488452327162,112.93565368652344,16477200
2019-04-11 00:00:00-04:00,113.26452379961873,113.55581072169011,112.68194278657161,113.06719970703125,14209100
2019-04-12 00:00:00-04:00,113.35850094397703,113.67798320725163,113.10480055544288,113.64978790283203,19745100
2019-04-15 00:00:00-04:00,113.64039787798862,114.24176867187921,113.29272747540283,113.74375915527344,15792600
2019-04-16 00:00:00-04:00,114.29813594508431,114.30753437925357,112.85108534592526,113.48064422607422,14071800
2019-04-17 00:00:00-04:00,113.92225581487291,114.49543831903118,113.26450892595525,114.4202651977539,19300900
2019-04-18 00:00:00-04:00,114.8149199826116,116.06463906592347,113.97863872665485,115.92369842529297,27991000
2019-04-22 00:00:00-04:00,115.2189919030442,116.5156962645373,115.17200689989167,116.2901840209961,15648700
2019-04-23 00:00:00-04:00,116.60965710337997,118.00033144734353,116.35595672985738,117.86878204345703,24025500
2019-04-24 00:00:00-04:00,118.19767245771351,118.25404873346923,117.00432204890764,117.46475219726562,31257000
2019-04-25 00:00:00-04:00,122.20991371349042,123.44084321991687,121.0541573352636,121.3548355102539,38033900
2019-04-26 00:00:00-04:00,121.87167461010536,122.64218862819722,121.23272435513243,122.05020904541016,23654900
2019-04-29 00:00:00-04:00,122.05955221976002,122.32265096671063,121.54276032683971,121.93740844726562,16324200
2019-04-30 00:00:00-04:00,121.97504315575823,122.81132476736497,121.58039485635186,122.71736907958984,24166500
2019-05-01 00:00:00-04:00,122.65156904480835,122.76432158857914,119.99237829766501,120.16151428222656,26821700
2019-05-02 00:00:00-04:00,120.25547195404762,120.27426165311287,117.94394467926577,118.59230041503906,27350200
2019-05-03 00:00:00-04:00,119.67289068299922,121.6179435486845,119.56952941608199,121.11993408203125,24911100
2019-05-06 00:00:00-04:00,118.76144091001109,120.80046385929943,118.49834209963903,120.41520690917969,24239800
2019-05-07 00:00:00-04:00,118.82720557108271,119.50374940852787,116.72240809706778,117.94393920898438,36017700
2019-05-08 00:00:00-04:00,117.86879560299008,118.7426636972823,117.22043977431679,117.9345703125,28419000
2019-05-09 00:00:00-04:00,116.78820397554196,118.19766816954719,116.11166001539455,117.9251708984375,27235800
2019-05-10 00:00:00-04:00,117.37076361756615,120.20848118803416,116.34654942946551,119.4567642211914,30915100
2019-05-13 00:00:00-04:00,116.6190452489835,117.97213290547487,115.61362794003622,115.90491485595703,33944900
2019-05-14 00:00:00-04:00,116.39353639477913,118.2822129395221,116.23379169761566,117.20162963867188,25266300
2019-05-15 00:00:00-04:00,117.19220137694683,119.50284463137494,116.66404879659433,118.85208892822266,24722700
2019-05-16 00:00:00-04:00,119.54058368569899,122.02099645719915,119.26707773925698,121.5965805053711,30112200
2019-05-17 00:00:00-04:00,121.01186230779268,123.03958124481186,120.64404566576752,120.7855224609375,25770500
2019-05-20 00:00:00-04:00,119.32366531910581,120.33280449761011,118.6068985424366,119.04073333740234,23706900
2019-05-21 00:00:00-04:00,120.18191323672775,120.27622390071461,119.38026179967582,119.68206024169922,15293300
2019-05-22 00:00:00-04:00,119.41796866318728,120.94582708230924,119.323650818639,120.40824127197266,15396500
2019-05-23 00:00:00-04:00,119.0218576045165,119.1067422292162,117.6449019203884,119.00299835205078,23603800
2019-05-24 00:00:00-04:00,119.69146673049035,120.17245316801507,118.80493085707167,119.0595703125,14123400
2019-05-28 00:00:00-04:00,119.75749735384237,120.7194775243704,118.8803946121367,118.98413848876953,23128400
2019-05-29 00:00:00-04:00,118.24850256738999,118.25793579164933,116.98472394342744,117.83353424072266,22763100
2019-05-30 00:00:00-04:00,118.13533003286577,118.60689049916843,117.68262881922088,118.57859802246094,16829600
2019-05-31 00:00:00-04:00,117.16390672521642,117.53172328222298,116.3056632952404,116.64518737792969,26646800
2019-06-03 00:00:00-04:00,116.80552217523817,117.29594907331234,112.24082046721445,113.02360534667969,37983600
2019-06-04 00:00:00-04:00,114.38171308120451,116.26795507052633,113.78754944492731,116.15478515625,29382600
2019-06-05 00:00:00-04:00,117.84295396842124,118.71063066784006,117.14504651482567,118.67290496826172,24926100
2019-06-06 00:00:00-04:00,119.24819378924208,120.69116743213999,118.45596859199114,120.54969787597656,21459000
2019-06-07 00:00:00-04:00,121.84178219391802,124.72772962794798,120.96467233974083,123.92607116699219,33885600
2019-06-10 00:00:00-04:00,124.8692255988678,126.4536765011372,124.4919829221247,125.057861328125,26477100
2019-06-11 00:00:00-04:00,126.26504266195654,126.60456679376516,123.8129223332405,124.58628845214844,23913700
2019-06-12 00:00:00-04:00,123.92610212463775,124.46368803905241,123.27536067844657,124.01099395751953,17092500
2019-06-13 00:00:00-04:00,124.47312821853369,125.43511584317028,124.07701905330381,124.7938003540039,17200800
2019-06-14 00:00:00-04:00,124.73716367619096,126.18013748598997,124.15243332972886,124.9163589477539,17821700
2019-06-17 00:00:00-04:00,125.08612188262495,126.12354617432133,124.99180404206983,125.29360961914062,14517800
2019-06-18 00:00:00-04:00,126.55737782193921,127.54765750386655,125.97264755242516,127.47220611572266,25934500
2019-06-19 00:00:00-04:00,127.32126756239472,128.1983627202037,126.19895186430443,127.9720230102539,23744400
2019-06-20 00:00:00-04:00,129.6319301970747,129.82999186515318,128.00033550538453,129.16036987304688,33042600
2019-06-21 00:00:00-04:00,128.81145892398112,129.89604224199178,128.69828901695627,129.1792755126953,36727900
2019-06-24 00:00:00-04:00,129.20754323305147,130.52790653163552,129.20754323305147,129.94317626953125,20628800
2019-06-25 00:00:00-04:00,129.44333520346805,129.76399283504205,125.18042498007084,125.84060668945312,33327400
2019-06-26 00:00:00-04:00,126.70828771436312,128.01922507636564,126.0009471005298,126.31216430664062,23657700
2019-06-27 00:00:00-04:00,126.51027306570664,127.04785903979702,125.916102124004,126.51969909667969,16557500
2019-06-28 00:00:00-04:00,126.91577362699385,126.94406609987122,125.58596983823163,126.34046936035156,30043000
2019-07-01 00:00:00-04:00,128.85863828548824,128.9246492780941,127.29305383255783,127.96266174316406,22613500
2019-07-02 00:00:00-04:00,128.37765084368795,128.82091895103386,127.6420174721111,128.81149291992188,15237800
2019-07-03 00:00:00-04:00,129.0189399602624,129.90547589480042,128.53793909869498,129.6414031982422,13629300
2019-07-05 00:00:00-04:00,128.20783898785004,129.51877627445242,128.00035126845566,129.26412963867188,18141100
2019-07-08 00:00:00-04:00,128.6416705891053,129.30186665783538,127.67025732222461,129.16983032226562,16779700
2019-07-09 00:00:00-04:00,128.26443079833118,129.1792591398545,128.07580951356877,128.69827270507812,19953100
2019-07-10 00:00:00-04:00,129.330122600843,130.6976444881737,129.22637876713503,130.00917053222656,24204400
2019-07-11 00:00:00-04:00,130.33930228681356,131.30128961053194,130.0280706705846,130.52792358398438,22327900
2019-07-12 00:00:00-04:00,130.95236717765172,131.2164399276986,130.16013453662558,130.99951171875,18936800
2019-07-15 00:00:00-04:00,131.50880515875863,131.60310863184077,130.58455053359464,130.99951171875,16651500
2019-07-16 00:00:00-04:00,131.05612292570046,131.14100037641722,128.75490498924484,129.28305053710938,22726100
2019-07-17 00:00:00-04:00,129.86774472105847,130.0846584980588,128.47192982206073,128.5190887451172,20211000
2019-07-18 00:00:00-04:00,127.84004239085728,128.8491742825783,127.01009138392182,128.66055297851562,30381800
2019-07-19 00:00:00-04:00,132.24443903318735,132.66884064115243,128.68886853094784,128.8491973876953,48992400
2019-07-22 00:00:00-04:00,129.5942253194599,131.27297909811344,129.51877393278238,130.5561981201172,25074900
2019-07-23 00:00:00-04:00,131.81057756395577,132.02750574187212,130.17898236509546,131.3673095703125,18034600
2019-07-24 00:00:00-04:00,130.99948597156595,132.73483934765318,130.95234143973366,132.71597290039062,20738300
2019-07-25 00:00:00-04:00,132.44245001642093,132.61221924749916,131.3955997201122,132.2161102294922,18356900
2019-07-26 00:00:00-04:00,132.38586137494275,133.62134731371992,132.31985040255805,133.30068969726562,19037600
2019-07-29 00:00:00-04:00,133.45161455582243,133.46104058461356,131.4427623252704,133.0083465576172,16605900
2019-07-30 00:00:00-04:00,132.16895793894258,133.1875302038515,131.84830029745711,132.3670196533203,16846500
2019-07-31 00:00:00-04:00,132.34815728682352,132.49906008425108,127.3967725744344,128.5190887451172,38598800
2019-08-01 00:00:00-04:00,129.20753920799302,132.92343716366884,129.1415138496803,130.20724487304688,40557500
2019-08-02 00:00:00-04:00,130.23555156042286,130.4524797120907,127.56651789282414,129.1132354736328,30791600
2019-08-05 00:00:00-04:00,125.71804677330579,126.31220328648249,123.34137754794078,124.69004821777344,42749600
2019-08-06 00:00:00-04:00,126.18958412417479,127.96264169818329,125.63314622570624,127.02896118164062,32696700
2019-08-07 00:00:00-04:00,126.18014801887524,127.93435359557651,124.33163897987284,127.58540344238281,33414500
2019-08-08 00:00:00-04:00,128.8303409190795,131.08439964826775,128.1984371529115,130.99008178710938,27496500
2019-08-09 00:00:00-04:00,130.72598503784306,131.4521921409205,128.6982809132802,129.87718200683594,23466700
2019-08-12 00:00:00-04:00,129.27358367740547,130.01864282763896,127.54767077016326,128.06637573242188,20484300
2019-08-13 00:00:00-04:00,128.31159174080213,130.90517402211208,127.32131199158015,130.716552734375,25154600
2019-08-14 00:00:00-04:00,129.03222023715523,129.56212437318712,126.48677446196896,126.78011322021484,32527300
2019-08-15 00:00:00-04:00,127.16807543092283,127.34786741626806,125.14307650956779,126.49622344970703,28074400
2019-08-16 00:00:00-04:00,127.6317332697701,129.12682790920258,127.48032799111316,128.81455993652344,24449100
2019-08-19 00:00:00-04:00,130.4421266192619,131.10450664474507,129.53370941374092,130.97203063964844,24355700
2019-08-20 00:00:00-04:00,130.7827793573989,131.25591000280926,129.86490475019875,129.88381958007812,21170800
2019-08-21 00:00:00-04:00,131.10452575731034,131.99401382354478,130.58407907613025,131.3316192626953,14970300
2019-08-22 00:00:00-04:00,131.20856888883776,131.71954353481948,128.96592024127713,130.3758544921875,18697000
2019-08-23 00:00:00-04:00,129.81761349352038,130.9152802649974,125.66352621412425,126.22181701660156,38508600
2019-08-26 00:00:00-04:00,127.73585508099728,128.27521667003532,126.70441899177412,128.17112731933594,20312600
2019-08-27 00:00:00-04:00,129.06060558214665,129.3728736102259,127.42357722779603,128.44554138183594,23102100
2019-08-28 00:00:00-04:00,127.63172626119776,128.46442637048108,126.3731970242249,128.27517700195312,17393300
2019-08-29 00:00:00-04:00,129.87437380079524,131.00042714796504,129.55264839840464,130.69761657714844,20168700
2019-08-30 00:00:00-04:00,131.6722699921692,131.700656679487,128.94704693803695,130.45159912109375,23940100
2019-09-03 00:00:00-04:00,129.26879191180686,129.82708276526384,128.40769042940715,128.7294158935547,18869300
2019-09-04 00:00:00-04:00,129.9216950134586,130.29073638731955,129.14575372345155,130.2339630126953,17995900
2019-09-05 00:00:00-04:00,131.63442250588605,132.8361785137353,131.30322524395183,132.52391052246094,26101800
2019-09-06 00:00:00-04:00,132.50498567363243,132.64691911131047,130.77332553994347,131.62496948242188,20824500
2019-09-09 00:00:00-04:00,132.08862108005547,132.24002636446158,129.12683281242505,130.12986755371094,25773900
2019-09-10 00:00:00-04:00,129.44864377573245,129.53380388994907,127.28169572191685,128.767333984375,28903400
2019-09-11 00:00:00-04:00,128.6064231459238,128.9470779143746,127.83048166936099,128.8051300048828,24726100
2019-09-12 00:00:00-04:00,130.44213553824756,130.98149701059072,129.5147890003621,130.12986755371094,27010000
2019-09-13 00:00:00-04:00,130.37594615873962,130.64089830054215,129.23097749712352,129.940673828125,23363100
2019-09-16 00:00:00-04:00,128.53069921365244,129.35394208501495,128.3698364938922,129.0038299560547,16731400
2019-09-17 00:00:00-04:00,129.59996573108685,130.1298697968399,129.0984339129961,130.00685119628906,17814200
2019-09-18 00:00:00-04:00,129.97845946854483,131.21805952545353,129.19306081626476,131.0761260986328,23982100
2019-09-19 00:00:00-04:00,132.7604950650766,134.7192489168912,132.54285895683168,133.48912048339844,35772100
2019-09-20 00:00:00-04:00,133.43232404235206,134.03793080267528,130.82064759573402,131.9467010498047,39167300
2019-09-23 00:00:00-04:00,131.74795607175307,132.12646925306777,131.00041600170894,131.6627960205078,17139300
2019-09-24 00:00:00-04:00,132.81729233696237,133.1295604295552,129.52430567504973,129.9974365234375,29773200
2019-09-25 00:00:00-04:00,130.11095524333092,132.43876486839468,128.71994969398878,131.87100219726562,21382000
2019-09-26 00:00:00-04:00,131.9466728201857,132.6468969139585,131.00041155720535,132.04129028320312,17456600
2019-09-27 00:00:00-04:00,132.6185181656452,132.81723939583287,129.30660354706455,130.3285675048828,22477700
2019-09-30 00:00:00-04:00,130.63136857847746,131.73849250940805,130.37587399786247,131.55870056152344,17280900
2019-10-01 00:00:00-04:00,132.15486932334264,132.71316007868177,129.63781055814192,129.7040557861328,21466600
2019-10-02 00:00:00-04:00,128.92810160824132,129.0416483433697,126.40158568002407,127.41407775878906,30521700
2019-10-03 00:00:00-04:00,127.69798295878286,129.40125649881327,126.06095465252228,128.95651245117188,24132900
2019-10-04 00:00:00-04:00,129.40124311299635,130.820635176393,129.08897512639277,130.69761657714844,22897700
2019-10-07 00:00:00-04:00,129.7702415199708,130.7543466717956,129.65669481289817,129.75131225585938,15303700
2019-10-08 00:00:00-04:00,129.71348897952709,130.35693967458047,128.3319412536768,128.37925720214844,25550500
2019-10-09 00:00:00-04:00,130.07307462456075,131.24642930528125,129.60940142533383,130.8111572265625,19749900
2019-10-10 00:00:00-04:00,131.0477494378589,132.16433098440177,130.82064149877064,131.62496948242188,17654600
2019-10-11 00:00:00-04:00,132.59015497201733,133.45125639072117,132.00347747034434,132.17379760742188,25446000
2019-10-14 00:00:00-04:00,132.18327254253708,132.75102078482652,132.02240981861482,132.05079650878906,13304300
2019-10-15 00:00:00-04:00,132.5334309139184,134.17045985318603,132.2968654540724,133.96229553222656,19695700
2019-10-16 00:00:00-04:00,133.2241324920144,133.41339631785604,132.03184835874671,132.86456298828125,20751600
2019-10-17 00:00:00-04:00,133.37557302255559,133.8203171409652,131.5492950187598,132.18328857421875,21460600
2019-10-18 00:00:00-04:00,132.24949306427663,132.47660100682907,129.22145935759556,130.02578735351562,32273500
2019-10-21 00:00:00-04:00,131.00989606891406,131.05721202960976,129.64727725818096,130.990966796875,20078200
2019-10-22 00:00:00-04:00,131.50195734491172,132.48606291842205,128.93758241391188,129.0416717529297,27431000
2019-10-23 00:00:00-04:00,129.5242744928379,130.06363602197183,128.32251838438262,129.86492919921875,29844600
2019-10-24 00:00:00-04:00,131.89936843543958,132.87401646667143,131.21805911124613,132.41981506347656,37029300
2019-10-25 00:00:00-04:00,131.85204056518106,133.55531372174337,131.71956456627072,133.16734313964844,25959700
2019-10-28 00:00:00-04:00,136.6401588615074,137.84191504487853,135.79798667917763,136.4414520263672,35280100
2019-10-29 00:00:00-04:00,136.33735257914375,136.7347806587827,134.98419118624554,135.15452575683594,20589500
2019-10-30 00:00:00-04:00,135.80743054115874,137.20789327099118,135.11664937220178,136.83885192871094,18496600
2019-10-31 00:00:00-04:00,137.11327566139528,137.1416623492386,135.30592730055537,135.66549682617188,24605100
2019-11-01 00:00:00-04:00,136.5076636429936,136.6590689315044,135.28699279653247,135.99668884277344,33128400
2019-11-04 00:00:00-05:00,137.04702598383813,137.20788867238403,136.41303264469778,136.78207397460938,16912000
2019-11-05 00:00:00-05:00,137.1795333664531,137.22684933009575,136.17649846797022,136.6969451904297,18250200
2019-11-06 00:00:00-05:00,136.61175914564606,136.7537070245888,135.50463499615046,136.31842041015625,16575800
2019-11-07 00:00:00-05:00,136.11024708409755,137.09436710372245,136.04401628903287,136.50767517089844,17786700
2019-11-08 00:00:00-05:00,136.24269476385365,138.14468917347034,136.03451612758914,138.11630249023438,16732700
2019-11-11 00:00:00-05:00,137.52964485568222,138.5516090225391,136.95242475510946,138.25827026367188,14362600
2019-11-12 00:00:00-05:00,138.41914751095763,139.63983307672214,138.2109688011188,139.1667022705078,18641600
2019-11-13 00:00:00-05:00,138.8543916063246,139.53570091335743,138.4191050450751,139.3937530517578,16919200
2019-11-14 00:00:00-05:00,139.11936428055844,140.4346671360793,139.10043500844046,140.1034698486328,19729800
2019-11-15 00:00:00-05:00,140.92670766500572,141.92975690816033,140.3021860954687,141.91082763671875,23485700
2019-11-18 00:00:00-05:00,142.0055212860093,142.4597229264276,140.97408490672078,142.26100158691406,21534000
2019-11-19 00:00:00-05:00,142.7719619794129,143.19777683297937,142.12849655100456,142.30828857421875,23935700
2019-11-20 00:00:00-05:00,142.71654584634737,143.21976982554105,140.96001396227345,142.0614013671875,25696800
2019-11-21 00:00:00-05:00,141.85253705228737,142.23233836311604,140.99800945681545,141.92849731445312,18576100
2019-11-22 00:00:00-05:00,142.48867469225863,142.7070513485023,141.30182299190173,142.0329132080078,15901800
2019-11-25 00:00:00-05:00,142.42221452931787,143.70402025525647,142.3462542763498,143.59007263183594,22420900
2019-11-26 00:00:00-05:00,143.713458781395,144.71990642166358,143.67548591237409,144.349609375,24620100
2019-11-27 00:00:00-05:00,144.6345353768081,144.79594551194077,143.86545759084777,144.6250457763672,15184400
2019-11-29 00:00:00-05:00,144.41612593217906,144.6060193135359,143.63754423429873,143.7324981689453,11977300
2019-12-02 00:00:00-05:00,144.1407411568471,144.15973483779825,140.8270609835844,141.9949188232422,27418400
2019-12-03 00:00:00-05:00,140.03902586014226,141.88100772410974,139.2414504222886,141.76707458496094,24066000
2019-12-04 00:00:00-05:00,142.5551589478826,142.59313183508579,141.66264397525163,142.27981567382812,17574700
2019-12-05 00:00:00-05:00,142.46967576024716,142.72603977470254,141.92846445061193,142.35572814941406,17869100
2019-12-06 00:00:00-05:00,143.36220062710038,144.19773440045816,142.67857286566638,144.08380126953125,16403500
2019-12-09 00:00:00-05:00,143.4381425239518,144.52055059307088,143.28622204353016,143.71348571777344,16687400
2019-12-10 00:00:00-05:00,143.64703846350994,144.21673311388275,143.14381446711988,143.49513244628906,16476100
2019-12-11 00:00:00-05:00,143.8843649415619,144.1976954549215,142.73550088050902,144.03628540039062,18856600
2019-12-12 00:00:00-05:00,143.98886381776003,145.68844381763338,143.39070032398482,145.49855041503906,24612100
2019-12-13 00:00:00-05:00,145.270652785477,147.06517203448604,145.10924268760104,146.72335815429688,23845400
2019-12-16 00:00:00-05:00,147.27407108448304,148.02415506952832,146.998727833449,147.6728515625,24144200
2019-12-17 00:00:00-05:00,147.5968906136444,147.84376506645128,146.64740915007906,146.8752899169922,25425600
2019-12-18 00:00:00-05:00,146.50501598869428,147.62539733939255,146.39106834317573,146.57147216796875,24129200
2019-12-19 00:00:00-05:00,146.22011539685346,147.90070129927008,145.98274507965075,147.84373474121094,24958900
2019-12-20 00:00:00-05:00,149.4008886645591,150.4832967693194,148.3944263145759,149.45785522460938,53477500
2019-12-23 00:00:00-05:00,150.1319788357844,150.1319788357844,149.32492842184706,149.45785522460938,17718200
2019-12-24 00:00:00-05:00,149.5242912312849,149.74268233262595,149.182477429113,149.42935180664062,8989200
2019-12-26 00:00:00-05:00,149.60026528341558,150.71115662111214,149.4483448044312,150.65419006347656,14520600
2019-12-27 00:00:00-05:00,151.39480203018746,151.48975596266368,150.22694399799698,150.9295654296875,18412800
2019-12-30 00:00:00-05:00,150.95798998358944,150.98647325466408,148.81215364309884,149.6287078857422,16348400
2019-12-31 00:00:00-05:00,148.850204575692,149.79968598488423,148.54636357054093,149.73321533203125,18369400
2020-01-02 00:00:00-05:00,150.75863421764512,152.61011978828174,150.33137054564196,152.50567626953125,22622100
2020-01-03 00:00:00-05:00,150.32188716953644,151.86953184497025,150.0750127579454,150.60671997070312,21116200
2020-01-06 00:00:00-05:00,149.14454679865977,151.0625033700607,148.60333542196298,150.99603271484375,20813700
2020-01-07 00:00:00-05:00,151.27138077488013,151.60369056590727,149.3724180103726,149.61927795410156,21634100
2020-01-08 00:00:00-05:00,150.90105488844765,152.67659475751987,149.97056727826134,152.00245666503906,27746500
2020-01-09 00:00:00-05:00,153.66405788565248,154.0248654340376,152.89498031182998,153.90142822265625,21385000
2020-01-10 00:00:00-05:00,154.59454321052573,154.97432991321804,153.03738006085885,153.18930053710938,20725900
2020-01-13 00:00:00-05:00,153.58812558453712,155.0598248393225,153.11338482415076,155.03134155273438,21626500
2020-01-14 00:00:00-05:00,155.13576394480137,155.33516141166606,153.55013175988464,153.93942260742188,23477400
2020-01-15 00:00:00-05:00,154.40469398639777,155.6580166593503,154.35723149649405,154.9364013671875,21417900
2020-01-16 00:00:00-05:00,156.0472507145809,157.84176971460525,155.7434097574871,157.77529907226562,23865400
2020-01-17 00:00:00-05:00,158.9621363784131,159.0096133346895,157.07266362690274,158.65830993652344,34371700
2020-01-21 00:00:00-05:00,158.25953798746136,159.69326403956893,158.02216765967506,158.08863830566406,29517200
2020-01-22 00:00:00-05:00,158.94314034249766,159.02860465770164,157.31003158873907,157.3290252685547,24138800
2020-01-23 00:00:00-05:00,157.79432238398144,158.37350664025567,156.9208012002122,158.29754638671875,19680800
2020-01-24 00:00:00-05:00,159.04759713884232,159.06659082024498,156.14218686539624,156.70237731933594,24918100
2020-01-27 00:00:00-05:00,153.00892947269364,155.12628353197823,152.10692499513692,154.08184814453125,32078100
2020-01-28 00:00:00-05:00,155.50607513287835,157.38604440058108,154.8319513975017,157.10121154785156,24899900
2020-01-29 00:00:00-05:00,159.3609641502704,160.2249957526191,157.3195848143749,159.5508575439453,34754500
2020-01-30 00:00:00-05:00,165.25719089738504,165.25719089738504,162.16187319144382,164.0513458251953,51597500
2020-01-31 00:00:00-05:00,163.51018671757376,163.69057600096366,161.0130461758437,161.6302032470703,36142700
2020-02-03 00:00:00-05:00,161.82009384934952,165.68448976248862,161.7916105688836,165.570556640625,30107000
2020-02-04 00:00:00-05:00,168.19114861437248,171.51433379094814,167.40307724823202,171.02059936523438,36433300
2020-02-05 00:00:00-05:00,174.733038337566,174.89444841618726,169.39695819420768,170.81167602539062,39186300
2020-02-06 00:00:00-05:00,171.82763248366683,174.5336599911423,170.9636010212311,174.35325622558594,27751400
2020-02-07 00:00:00-05:00,173.61267392584617,176.25223096972772,173.26135596790618,174.60012817382812,33529100
2020-02-10 00:00:00-05:00,174.30578959545088,179.30005632732252,173.9924590084795,179.16712951660156,35844300
2020-02-11 00:00:00-05:00,181.01860035119606,181.06607731281295,174.22981499008063,175.12232971191406,53159900
2020-02-12 00:00:00-05:00,176.20472136915564,176.46108534764494,172.66316057923015,175.37867736816406,47062900
2020-02-13 00:00:00-05:00,173.8310214211516,176.8218814332766,173.63162399264098,174.42919921875,35295800
2020-02-14 00:00:00-05:00,173.99245727251068,176.04334046425984,173.42276266771293,175.9863739013672,23149500
2020-02-18 00:00:00-05:00,176.23320738570513,178.21761963094866,176.12876387343266,177.7713623046875,27792200
2020-02-19 00:00:00-05:00,179.04715195867632,179.1613962650694,177.53335678894416,178.30453491210938,29997500
2020-02-20 00:00:00-05:00,177.99038262590284,178.2760079740867,172.42075371010682,175.58163452148438,36862400
2020-02-21 00:00:00-05:00,174.39150943819044,174.705695811561,168.7552293329656,170.031005859375,48572600
2020-02-24 00:00:00-05:00,159.72958932936746,166.18465515217062,155.40716170842933,162.70005798339844,68311100
2020-02-25 00:00:00-05:00,165.85142145386897,166.4607487234575,159.6153288264737,160.0152130126953,68073300
2020-02-26 00:00:00-05:00,161.5766106394394,164.95646434698395,160.14849852836164,162.01455688476562,56206100
2020-02-27 00:00:00-05:00,155.49279743909102,159.02498531537503,150.40870911991433,150.59912109375,93174900
2020-02-28 00:00:00-05:00,145.105755162117,155.86420563623892,144.71540092302445,154.24566650390625,97012700
2020-03-02 00:00:00-05:00,157.38750165763997,164.6327923319189,154.53127691657093,164.50901794433594,71030800
2020-03-03 00:00:00-05:00,165.4705910993296,166.61307787065545,154.48364057176903,156.6258087158203,71677000
2020-03-04 00:00:00-05:00,160.41508629294538,162.5191634394525,157.68262177211892,162.37635803222656,49814400
2020-03-05 00:00:00-05:00,158.0920102947307,162.6810028946942,157.74926281414156,158.3014678955078,47817300
2020-03-06 00:00:00-05:00,154.81682644807543,155.29286367169937,148.52361377066694,153.82667541503906,72821100
2020-03-09 00:00:00-04:00,143.7632975964418,150.1898026214483,142.8112227779223,143.40150451660156,70419300
2020-03-10 00:00:00-04:00,150.5801643410945,153.31261455858123,145.26758484382228,153.2078857421875,65354400
2020-03-11 00:00:00-04:00,149.59948831217446,150.14216328627552,143.90607167718443,146.26722717285156,56371600
2020-03-12 00:00:00-04:00,138.33645927607344,146.1149079701268,131.93851601607352,132.3955078125,93226400
2020-03-13 00:00:00-04:00,140.43099593883534,154.15039367274912,133.98544717617867,151.21800231933594,92727400
2020-03-16 00:00:00-04:00,133.29048207385222,142.1923879376455,128.5301077140718,128.9299774169922,87905900
2020-03-17 00:00:00-04:00,133.29047019596462,140.43103109931985,128.53009626039446,139.5456085205078,81059800
2020-03-18 00:00:00-04:00,131.38630647518264,139.0029039520048,128.54912798276825,133.67127990722656,81593200
2020-03-19 00:00:00-04:00,135.92765130816477,142.95394973397234,132.33832714453015,135.8705291748047,85922700
2020-03-20 00:00:00-04:00,139.00296066043282,140.05024905175623,129.34892000114436,130.76751708984375,84866200
2020-03-23 00:00:00-04:00,130.44377070445623,133.8331693926843,126.16896390144713,129.463134765625,78975200
2020-03-24 00:00:00-04:00,136.86078360477327,142.43042826160706,134.49964163185163,141.23080444335938,82516700
2020-03-25 00:00:00-04:00,141.77347953164312,146.9337238441079,137.51770348581238,139.87884521484375,75638200
2020-03-26 00:00:00-04:00,141.28789935793438,149.15204677343388,141.25933827515485,148.62840270996094,64568100
2020-03-27 00:00:00-04:00,144.47731422169113,147.46682775364604,142.0495211925308,142.5255584716797,57042300
2020-03-30 00:00:00-04:00,145.1343069267128,152.90324196379333,142.82075725627223,152.55096435546875,63420300
2020-03-31 00:00:00-04:00,151.76072771768509,156.88289514179772,149.05683858683773,150.1517333984375,77927200
2020-04-01 00:00:00-04:00,145.66746021865882,150.189816009761,143.59194390247364,144.8201141357422,57969900
2020-04-02 00:00:00-04:00,144.58207393473876,148.02857992428844,143.15396179177512,147.81912231445312,49630700
2020-04-03 00:00:00-04:00,147.66684198450167,149.8375718763018,144.89630017897633,146.45770263671875,41243300
2020-04-06 00:00:00-04:00,152.63662871229192,158.5204436100187,150.02793870466274,157.34939575195312,67111700
2020-04-07 00:00:00-04:00,161.4623245673661,161.85267863184416,155.43569073147975,155.65467834472656,62769000
2020-04-08 00:00:00-04:00,157.73020890061215,158.68228357100458,155.66420860916136,157.21609497070312,48318200
2020-04-09 00:00:00-04:00,158.38713338772783,159.34872351809685,155.5023484691151,157.22560119628906,51385100
2020-04-13 00:00:00-04:00,156.47351553450656,157.63504807402816,154.52175908514585,157.57791137695312,41905300
2020-04-14 00:00:00-04:00,160.90060335027493,165.4229575864513,159.94852877423781,165.37535095214844,52874300
2020-04-15 00:00:00-04:00,162.99520547266337,165.2516326636138,161.12914697009398,163.6426239013672,40940800
2020-04-16 00:00:00-04:00,165.9466375037729,168.78381628806628,164.6137240916995,168.55531311035156,50479600
2020-04-17 00:00:00-04:00,170.89738866253217,171.37342595685678,167.44135325693384,170.04052734375,52765600
2020-04-20 00:00:00-04:00,168.16494540659173,170.1833389597177,166.60354360506855,166.67018127441406,36669600
2020-04-21 00:00:00-04:00,165.18496875685338,165.3468197206917,158.14913695113438,159.77719116210938,56203700
2020-04-22 00:00:00-04:00,163.17608620088606,165.6610018091232,162.63341116305656,165.20401000976562,34620200
2020-04-23 00:00:00-04:00,165.76573426475736,166.67020236608755,162.71909798935198,163.20465087890625,32790800
2020-04-24 00:00:00-04:00,163.81399034596006,166.1941773834813,162.52869806220386,166.18466186523438,34277600
2020-04-27 00:00:00-04:00,168.1268971917015,168.42203807592034,164.99457727296354,165.70863342285156,33194400
2020-04-28 00:00:00-04:00,167.17482073764452,167.25098846954376,161.27195952679392,161.6718292236328,34392700
2020-04-29 00:00:00-04:00,164.9183938130075,169.1646391773293,163.64261710014011,168.92662048339844,51286600
2020-04-30 00:00:00-04:00,171.37347061957357,171.7542947432801,167.78414441722774,170.621337890625,53875900
2020-05-01 00:00:00-04:00,167.3747220378559,170.078610487181,165.6705003231186,166.20367431640625,39370500
2020-05-04 00:00:00-04:00,166.12751167973556,170.42136314126972,165.47057784378438,170.26902770996094,30372900
2020-05-05 00:00:00-04:00,171.96371025866247,174.8484951454578,171.27821538184918,172.0970001220703,36839200
2020-05-06 00:00:00-04:00,173.35377128207907,175.37216509231774,172.92534055240677,173.79171752929688,32139300
2020-05-07 00:00:00-04:00,175.3435476786359,175.7053406142389,173.82975280730167,174.80087280273438,28316000
2020-05-08 00:00:00-04:00,176.11480321943526,176.13384878430378,174.57244659780275,175.8291778564453,30877800
2020-05-11 00:00:00-04:00,174.37246159084364,178.52350753297063,174.08685082562172,177.79042053222656,30892700
2020-05-12 00:00:00-04:00,177.84753055270363,178.07601914929393,173.56319503657724,173.76312255859375,32038200
2020-05-13 00:00:00-04:00,173.80124922811217,175.2293613589471,168.07927065962855,171.13543701171875,44711500
2020-05-14 00:00:00-04:00,169.03134305352413,172.03038720290988,167.26048345491301,171.8780517578125,41873900
2020-05-15 00:00:00-04:00,170.4784768252257,178.0950736821285,168.51720545897413,174.38198852539062,46610400
2020-05-18 00:00:00-04:00,176.84786543647925,177.27629612153746,175.1436582128011,176.04812622070312,35264500
2020-05-19 00:00:00-04:00,176.16239718566547,177.6571615787806,174.69620840155065,174.82949829101562,26799100
2020-05-20 00:00:00-04:00,176.44297810112155,177.43590168394044,175.61237082100766,177.25450134277344,31261300
2020-05-21 00:00:00-04:00,177.0062545273779,178.21876103710082,174.99178140232837,175.1254425048828,29119500
2020-05-22 00:00:00-04:00,174.8963840736771,176.10889104486174,174.2758029865161,175.20188903808594,20826900
2020-05-26 00:00:00-04:00,177.90367329268187,178.05643297814373,172.90091742151233,173.34963989257812,36073600
2020-05-27 00:00:00-04:00,172.04167124776492,173.75063943217944,168.60466541040466,173.5787811279297,39517100
2020-05-28 00:00:00-04:00,172.55722391368937,175.81282928367528,172.21352188845154,173.1873321533203,33810200
2020-05-29 00:00:00-04:00,174.45716668834268,175.92745363468237,172.2422088164135,174.95362854003906,42130400
2020-06-01 00:00:00-04:00,174.2757030486668,174.714883482626,173.24461163808652,174.55258178710938,22622400
2020-06-02 00:00:00-04:00,175.90829885506685,176.62434349084052,173.13959875726144,176.53842163085938,30794600
2020-06-03 00:00:00-04:00,176.45253278895922,177.5218216500527,175.26866685848563,176.96807861328125,27311000
2020-06-04 00:00:00-04:00,175.95606151294973,177.42633361765618,174.04660889657038,174.63853454589844,28761800
2020-06-05 00:00:00-04:00,174.35212860910278,179.2307810427363,173.76974492872102,178.7247772216797,39893600
2020-06-08 00:00:00-04:00,177.52180899547244,180.0136451993302,176.0897195580362,179.83224487304688,33211600
2020-06-09 00:00:00-04:00,179.4885514465179,182.06630964412432,178.78204871231318,181.20706176757812,29783900
2020-06-10 00:00:00-04:00,182.4768502186777,189.53227729601076,182.36227315153855,187.92832946777344,43872300
2020-06-11 00:00:00-04:00,184.38629115081167,186.89721136143893,177.6459259436924,177.8368682861328,52854700
2020-06-12 00:00:00-04:00,181.91356347610142,183.04014821353974,176.7962293435296,179.24034118652344,43373600
2020-06-15 00:00:00-04:00,176.22342386954,182.180922634637,175.67922275724138,180.3860321044922,32770200
2020-06-16 00:00:00-04:00,184.15719016136018,186.72540672367077,182.79193828746062,184.80641174316406,42556700
2020-06-17 00:00:00-04:00,186.20028762269152,187.43189283011398,184.92095774990133,185.44606018066406,25687800
2020-06-18 00:00:00-04:00,185.21689755377494,187.59417122560848,185.21689755377494,187.43186950683594,23061600
2020-06-19 00:00:00-04:00,189.59911097783984,190.2674165396573,185.57016443206638,186.31484985351562,44441100
2020-06-22 00:00:00-04:00,186.92585117478592,191.6708419321121,186.39120679108157,191.4894561767578,32818900
2020-06-23 00:00:00-04:00,192.94064257672042,194.7164341520456,192.3105196959349,192.768798828125,30917400
2020-06-24 00:00:00-04:00,192.47282147333826,194.04811398849358,187.6609929241231,188.88304138183594,36740600
2020-06-25 00:00:00-04:00,188.84486850692002,191.52764712810412,186.62035443908522,191.26986694335938,27803900
2020-06-26 00:00:00-04:00,190.68748519306817,190.8402449016847,186.05707124837497,187.44142150878906,54675800
2020-06-29 00:00:00-04:00,186.91631141951098,189.5418087103916,184.78727587720945,189.4558868408203,26701600
2020-06-30 00:00:00-04:00,188.92125670274692,195.14606207851222,188.78759559511929,194.29635620117188,34310300
2020-07-01 00:00:00-04:00,193.9430939489472,197.00777168624572,192.6351236205007,195.43246459960938,32061200
2020-07-02 00:00:00-04:00,196.36810147157988,198.60217212027828,195.71889457002075,196.92184448242188,29315800
2020-07-06 00:00:00-04:00,199.37550924846306,201.57138280923724,198.66900649142337,201.1608428955078,31897600
2020-07-07 00:00:00-04:00,200.92215713817126,204.951103494478,198.5735384788071,198.82176208496094,33600700
2020-07-08 00:00:00-04:00,200.55935767068064,203.60492228255777,199.24183073570933,203.19439697265625,33600000
2020-07-09 00:00:00-04:00,206.53595333994855,206.58369257111062,201.8959826895734,204.61695861816406,33121700
2020-07-10 00:00:00-04:00,203.94859866879057,204.3877791145161,201.52360062003234,203.996337890625,26177600
2020-07-13 00:00:00-04:00,204.7696857402396,206.02993140575356,197.1509742058901,197.69517517089844,38135600
2020-07-14 00:00:00-04:00,196.7977427138655,199.39459949227412,192.88335894065565,198.917236328125,37591800
2020-07-15 00:00:00-04:00,200.07246508448742,201.76233491712242,195.74755559239682,198.62127685546875,32179400
2020-07-16 00:00:00-04:00,196.100780795123,196.38720160543846,193.1506799551989,194.6877899169922,29940700
2020-07-17 00:00:00-04:00,195.21291202231237,195.75709850569794,192.2723529041792,193.6949005126953,31635300
2020-07-20 00:00:00-04:00,195.71889626461106,202.6884013378712,193.81898563689114,202.0200958251953,36884800
2020-07-21 00:00:00-04:00,203.9868433576055,204.2541655805475,198.61172913665365,199.29913330078125,37990400
2020-07-22 00:00:00-04:00,199.7287445152915,202.68840195351845,198.9554185219914,202.16329956054688,49605700
2020-07-23 00:00:00-04:00,197.80974046340648,201.37086541200424,192.99791184978267,193.37025451660156,67457000
2020-07-24 00:00:00-04:00,191.3462527785989,193.67578739689662,188.5679956116307,192.18641662597656,39827000
2020-07-27 00:00:00-04:00,192.34873339252303,194.73554944735855,191.7663496924244,194.62098693847656,30160900
2020-07-28 00:00:00-04:00,194.39186726084606,195.4325156710169,192.60653333073918,192.8738555908203,23251400
2020-07-29 00:00:00-04:00,193.33211641635154,195.3847725659296,192.8642951864797,194.8214874267578,19632600
2020-07-30 00:00:00-04:00,191.90001556561165,195.20337547729443,190.5347637410289,194.66871643066406,25079600
2020-07-31 00:00:00-04:00,195.1460861148151,195.814406303239,190.00011098536464,195.7284698486328,51044000
2020-08-03 00:00:00-04:00,201.94371920601316,207.78663973609935,200.91261301223892,206.73643493652344,78983000
2020-08-04 00:00:00-04:00,204.47372396192068,205.0465655524078,200.78847996863612,203.63356018066406,49280100
2020-08-05 00:00:00-04:00,205.1707248290328,205.26620330892288,201.99149831387624,203.29946899414062,28806400
2020-08-06 00:00:00-04:00,202.7266216376732,206.57416826958868,201.97239411211882,206.55508422851562,32656800
2020-08-07 00:00:00-04:00,205.12295603956986,205.93446467221509,201.38041603878312,202.86024475097656,27820400
2020-08-10 00:00:00-04:00,202.0869244488363,202.28742339193712,197.00778784990837,198.82176208496094,36716500
2020-08-11 00:00:00-04:00,197.7811365750378,198.24894321605052,193.94313213408086,194.17227172851562,36446500
2020-08-12 00:00:00-04:00,195.99576625273997,200.7598559902992,195.48022043293267,199.71920776367188,28013100
2020-08-13 00:00:00-04:00,199.95787598824566,201.7814066937135,198.72627091928837,199.25137329101562,22588900
2020-08-14 00:00:00-04:00,199.3086606756937,200.10108526689314,198.11525277954402,199.44232177734375,17958900
2020-08-17 00:00:00-04:00,200.11063503817505,201.62864633406465,199.46141358943777,200.7598419189453,20184800
2020-08-18 00:00:00-04:00,200.99854111556277,202.7456921173846,199.7383098849835,201.9150848388672,21336200
2020-08-19 00:00:00-04:00,202.40313204866106,202.98692339047338,200.25937056657406,200.69003295898438,27627600
2020-08-20 00:00:00-04:00,200.53699646628678,205.76241109913698,199.93407468021005,205.36045837402344,26981500
2020-08-21 00:00:00-04:00,204.67129091592741,206.9586015816506,203.70469183736134,203.8673858642578,36249300
2020-08-24 00:00:00-04:00,205.56138064913605,206.26002616768562,203.30277922932777,204.50865173339844,25460100
2020-08-25 00:00:00-04:00,203.9439889498141,207.303173653771,203.9439889498141,207.169189453125,23043700
2020-08-26 00:00:00-04:00,208.5186105709494,212.5477162669981,208.0209487114188,211.64810180664062,39600800
2020-08-27 00:00:00-04:00,213.313329440823,221.21842583025713,209.97327518288324,216.84478759765625,57602200
2020-08-28 00:00:00-04:00,218.3760311153811,220.730341396453,216.84478533701528,219.07467651367188,26292900
2020-08-31 00:00:00-04:00,217.24674611548022,218.8737012054003,214.6723219857965,215.83990478515625,28774200
2020-09-01 00:00:00-04:00,215.8207528636933,217.67740133897408,214.78715429178908,217.50514221191406,25725500
2020-09-02 00:00:00-04:00,218.1751117330546,222.85500890153446,217.58175513682696,221.69699096679688,34080800
2020-09-03 00:00:00-04:00,219.4192479656968,219.45752291053657,205.7240900986162,207.9635467529297,58400300
2020-09-04 00:00:00-04:00,205.85805580862598,208.97798194568563,196.3738436791459,205.04457092285156,59664100
2020-09-08 00:00:00-04:00,197.62756836074408,201.00589802209439,193.51231825390303,193.9525604248047,52924300
2020-09-09 00:00:00-04:00,198.68028735290457,205.60920497288095,197.81894789080067,202.21173095703125,45679000
2020-09-10 00:00:00-04:00,204.23107978329364,205.5135166302449,195.34023904162618,196.5460968017578,35461500
2020-09-11 00:00:00-04:00,198.29749929866702,199.66606590860468,192.5935831848138,195.26370239257812,33620100
2020-09-14 00:00:00-04:00,195.46469845676776,200.211580595622,195.26371482037965,196.5844268798828,30375800
2020-09-15 00:00:00-04:00,199.46506793098098,200.76663503832762,198.03908170354327,199.80960083007812,21823900
2020-09-16 00:00:00-04:00,201.5705411332255,201.5992509913415,195.84748063223293,196.2398681640625,26328100
2020-09-17 00:00:00-04:00,191.4546997677352,195.55080508538697,191.36857019218812,194.1918182373047,34011300
2020-09-18 00:00:00-04:00,194.0865463499344,194.90001669016874,187.817969171596,191.78009033203125,55225300
2020-09-21 00:00:00-04:00,188.71756826877157,194.0004009186753,187.94237293600173,193.8376922607422,39839700
2020-09-22 00:00:00-04:00,196.24939472356635,199.1587863357696,193.39743741950346,198.50799560546875,33517100
2020-09-23 00:00:00-04:00,198.96738297890863,199.1588014809056,191.43552930649702,191.97146606445312,30803800
2020-09-24 00:00:00-04:00,191.26330217598013,196.73753929637155,190.64122114678156,194.4597930908203,31202500
2020-09-25 00:00:00-04:00,194.80429882541895,200.05840681918733,193.8376850143183,198.89083862304688,29437300
2020-09-28 00:00:00-04:00,201.8193545775049,203.43674453417034,199.1205114207346,200.44122314453125,32004900
2020-09-29 00:00:00-04:00,200.35513217537783,201.04419802460012,197.92425692862588,198.35491943359375,24221900
2020-09-30 00:00:00-04:00,198.80473471797444,202.87213056801622,197.66586154345316,201.29302978515625,33829100
2020-10-01 00:00:00-04:00,204.3172412725984,204.7957583835063,202.24047876364014,203.3314971923828,27158400
2020-10-02 00:00:00-04:00,199.0631010382104,201.9246383727802,196.7087906293776,197.33087158203125,33154800
2020-10-05 00:00:00-04:00,198.3166494452693,201.36959120849284,198.08695595539203,201.34088134765625,21331600
2020-10-06 00:00:00-04:00,199.84790043706676,201.14945300675393,196.01976341135008,197.06292724609375,28554300
2020-10-07 00:00:00-04:00,198.16350993375156,201.08246732374164,197.8381217927517,200.8144989013672,25681100
2020-10-08 00:00:00-04:00,201.46530343986282,202.11609441632297,199.36941040015702,201.5323028564453,19925800
2020-10-09 00:00:00-04:00,202.15431848195584,206.58539124900918,202.15431848195584,206.53753662109375,26458000
2020-10-12 00:00:00-04:00,209.38945461196442,214.2416238202173,207.49453145164776,211.88731384277344,40461400
2020-10-13 00:00:00-04:00,213.150638001202,215.53365819061227,210.95902171302407,213.2846221923828,28950800
2020-10-14 00:00:00-04:00,213.41864297093585,214.58622595275352,209.71492500584927,211.37059020996094,23421700
2020-10-15 00:00:00-04:00,207.77214729829,210.89207378296717,206.7289688383401,210.22215270996094,22733100
2020-10-16 00:00:00-04:00,210.69109015947322,212.7391429273404,209.8967645606699,210.22215270996094,26057900
2020-10-19 00:00:00-04:00,210.94949400810776,212.74872312550434,204.5373672599519,205.01588439941406,27625800
2020-10-20 00:00:00-04:00,206.52796616476093,208.03050214058405,203.93439727230083,205.4273681640625,22753500
2020-10-21 00:00:00-04:00,203.96314342538997,207.59987665183556,203.96314342538997,205.5709686279297,22724900
2020-10-22 00:00:00-04:00,204.73831473811316,206.77680221075053,202.6041326095629,205.65707397460938,22351500
2020-10-23 00:00:00-04:00,205.7910304453066,206.9873230068885,204.00138144619794,206.93946838378906,18879600
2020-10-26 00:00:00-04:00,204.66176438764387,207.04477013994912,199.15881787540803,201.05374145507812,37111600
2020-10-27 00:00:00-04:00,202.49887456316478,205.44654182171075,201.29301665869846,204.08755493164062,36700300
2020-10-28 00:00:00-04:00,198.74728548055538,199.86701371354707,193.41661271649156,193.9716796875,51195600
2020-10-29 00:00:00-04:00,195.30196015165865,198.45059598547172,194.63202458417425,195.9240264892578,31432600
2020-10-30 00:00:00-04:00,194.7564655227637,195.51251613796734,191.04316804272622,193.77072143554688,36953700
2020-11-02 00:00:00-05:00,195.51251288790638,196.45998201562932,191.52168197331255,193.63673400878906,30842200
2020-11-03 00:00:00-05:00,195.12968662953483,199.17793687834458,194.39276626640526,197.560546875,27512000
2020-11-04 00:00:00-05:00,204.8244545683417,208.93970436806254,203.2931940743862,207.09262084960938,42311800
2020-11-05 00:00:00-05:00,212.4998742035629,214.49050715621627,211.64811432218954,213.6961669921875,36080100
2020-11-06 00:00:00-05:00,212.7104201487786,214.72019784892188,208.66216949337468,214.10769653320312,25231900
2020-11-09 00:00:00-05:00,214.79674276458664,218.31862135822865,208.5186011997939,209.00668334960938,44395000
2020-11-10 00:00:00-05:00,205.2838568356607,207.197925430865,200.7092340613772,201.9438018798828,44045100
2020-11-11 00:00:00-05:00,203.26447733100426,208.67171429881148,203.08263851065,207.24574279785156,29440800
2020-11-12 00:00:00-05:00,207.87739570923154,209.6957547666248,205.24555177695154,206.18344116210938,21593900
2020-11-13 00:00:00-05:00,207.06389396669238,208.078347754169,204.95842191301892,207.2074432373047,18621100
2020-11-16 00:00:00-05:00,205.63794400285644,208.38464222221836,205.30299077827922,207.89654541015625,24953300
2020-11-17 00:00:00-05:00,206.81504906015763,208.32714989878963,204.88183633035038,205.24551391601562,24154100
2020-11-18 00:00:00-05:00,205.00562086884122,206.46412509772563,202.3956720977478,202.53961181640625,28372800
2020-11-19 00:00:00-05:00,202.82750933447096,204.41074400525517,201.4361650366989,203.82542419433594,24792700
2020-11-20 00:00:00-05:00,203.61434343759902,204.66023830979884,201.50335879752706,201.87757873535156,22843100
2020-11-23 00:00:00-05:00,202.41489655187553,203.70067623444444,199.73778723420364,201.60888671875,25683500
2020-11-24 00:00:00-05:00,201.10991485161088,205.5813732039654,200.40945499583256,205.2071533203125,33979700
2020-11-25 00:00:00-05:00,206.40660094564046,206.5793110767255,203.86382640634406,205.21676635742188,21012900
2020-11-27 00:00:00-05:00,206.15711338051779,207.51965801723676,205.37987391349907,206.521728515625,14512200
2020-11-30 00:00:00-05:00,205.43743064606954,206.0707156435897,202.30932223393205,205.4086456298828,33064800
2020-12-01 00:00:00-05:00,205.83086786900017,208.52718688320113,204.71781287908087,207.46209716796875,30904500
2020-12-02 00:00:00-05:00,206.18591702157005,206.75204198993873,204.190072479513,206.6560821533203,23724500
2020-12-03 00:00:00-05:00,205.9268176097469,207.62520699489636,205.00565304654657,205.57179260253906,25120900
2020-12-04 00:00:00-05:00,205.55260044936085,206.66567004098926,204.5546709391374,205.6869354248047,24666000
2020-12-07 00:00:00-05:00,205.69654643667639,206.81920626860725,204.3723914418279,205.61978149414062,24620000
2020-12-08 00:00:00-05:00,205.31271750920934,208.17214180932788,204.27641284227593,207.27017211914062,23284100
2020-12-09 00:00:00-05:00,206.45456855380638,206.5217287203082,202.66438960856496,203.2305145263672,32440600
2020-12-10 00:00:00-05:00,203.2017287160043,204.45872339489904,201.8487742094355,202.00230407714844,26733300
2020-12-11 00:00:00-05:00,201.5513549081159,204.68905441820556,200.64938507745762,204.6314697265625,30979400
2020-12-14 00:00:00-05:00,204.4779621419165,207.46213186904404,204.26686218889137,205.533447265625,28798400
2020-12-15 00:00:00-05:00,206.4641471050453,206.7040320203007,203.65270292613042,205.4662322998047,27000600
2020-12-16 00:00:00-05:00,206.06119852681152,211.2043331013097,206.03241350042614,210.4079132080078,35023300
2020-12-17 00:00:00-05:00,210.97399576078638,211.95273038503314,209.10289621547224,210.54220581054688,32515800
2020-12-18 00:00:00-05:00,209.74578857421875,210.80128814640273,207.2797790521737,209.74578857421875,63354900
2020-12-21 00:00:00-05:00,208.74787985959026,214.9369084468528,208.48880002213403,213.58395385742188,37181900
2020-12-22 00:00:00-05:00,213.67993915840347,216.50098876062142,212.87392916960312,214.87936401367188,22612200
2020-12-23 00:00:00-05:00,214.0829187368426,214.5147087051937,211.8663842100806,212.07748413085938,18699600
2020-12-24 00:00:00-05:00,212.4612829501821,214.56267727866629,212.2501830405636,213.7374725341797,10550600
2020-12-28 00:00:00-05:00,215.36870333861185,216.8847779666073,213.99656846423386,215.8580780029297,17933500
2020-12-29 00:00:00-05:00,217.1534659594591,217.98826096234518,214.53392621006677,215.0808563232422,17403200
2020-12-30 00:00:00-05:00,216.1171387725915,216.50096346628422,212.50927450036974,212.7107696533203,20272300
2020-12-31 00:00:00-05:00,212.7299219570657,213.9773263393443,210.7916479058763,213.42079162597656,20942100
2021-01-04 00:00:00-05:00,213.52635524032226,213.9773400431163,206.1187080370233,208.88218688964844,37130100
2021-01-05 00:00:00-05:00,208.46960485056292,209.678634329478,206.97272515420607,209.08370971679688,23823000
2021-01-06 00:00:00-05:00,203.58554280387045,207.73076146630103,203.36485276551582,203.6623077392578,35930700
2021-01-07 00:00:00-05:00,205.3799173889524,210.46548187724906,205.06328210079494,209.4579620361328,27694500
2021-01-08 00:00:00-05:00,209.83213069780732,211.6552648790283,208.24889607857534,210.73410034179688,22956200
2021-01-11 00:00:00-05:00,209.63062182705013,210.05282160222308,207.96101761834242,208.69027709960938,23031300
2021-01-12 00:00:00-05:00,207.74034052523803,208.3160701892637,204.68901137357724,206.23385620117188,23249300
2021-01-13 00:00:00-05:00,205.36071303589776,207.9898427294301,205.27434332602658,207.5868377685547,20087100
2021-01-14 00:00:00-05:00,207.1741918150709,208.66148107500425,204.13245313892196,204.401123046875,29480800
2021-01-15 00:00:00-05:00,204.88093687983877,205.83087188668628,203.45121734402414,204.04612731933594,31746500
2021-01-19 00:00:00-05:00,205.10163584312352,208.20094535182324,204.0269559335494,207.68280029296875,30480900
2021-01-20 00:00:00-05:00,208.89180945322397,216.65448284404494,208.49839462519878,215.26315307617188,37777300
2021-01-21 00:00:00-05:00,215.60859592868792,217.1438655065322,213.42084629718013,215.86767578125,30709400
2021-01-22 00:00:00-05:00,217.89228323533874,220.76131229354894,216.66407355456315,216.80799865722656,30172700
2021-01-25 00:00:00-05:00,219.84971877653385,220.4830184561712,215.14798037261218,220.24313354492188,33152100
2021-01-26 00:00:00-05:00,222.4789162100641,224.70504110859784,220.770936402289,222.92990112304688,49169600
2021-01-27 00:00:00-05:00,228.37044973267308,230.7117289549116,220.82846706760978,223.47679138183594,69870600
2021-01-28 00:00:00-05:00,226.07721332535698,232.8227781553172,225.57824844045945,229.26287841796875,49111200
2021-01-29 00:00:00-05:00,226.44177281435506,228.38963718019693,221.98950931508602,222.5748291015625,42503100
2021-02-01 00:00:00-05:00,225.54943567803622,232.68841453250545,223.0258411774408,229.95372009277344,33314200
2021-02-02 00:00:00-05:00,231.53696622596047,232.5060961930559,229.03256665892405,229.8193817138672,25916300
2021-02-03 00:00:00-05:00,229.87695268863132,235.1736017454573,229.57948305731,233.1681671142578,27158100
2021-02-04 00:00:00-05:00,232.84191028192274,233.39844507245968,230.64455613985325,232.21820068359375,25296100
2021-02-05 00:00:00-05:00,232.4292977150345,233.43681732954676,230.69253319854138,232.4005126953125,18054800
2021-02-08 00:00:00-05:00,233.31208694294955,233.82064184477534,231.06676741699246,232.65960693359375,22211900
2021-02-09 00:00:00-05:00,232.08386345870682,234.85693261686325,231.6136983743784,233.90699768066406,23565000
2021-02-10 00:00:00-05:00,235.08722714593918,235.97000191539507,231.14351838244667,232.9954376220703,22186700
2021-02-11 00:00:00-05:00,234.87617577846046,235.23120085655134,232.35258115375976,234.59791564941406,15751100
2021-02-12 00:00:00-05:00,234.06052752923827,235.37510696165688,232.90908274109216,235.07765197753906,16561100
2021-02-16 00:00:00-05:00,235.11603342688002,236.1715330517929,233.0914038855764,233.83984375,26728500
2021-02-17 00:00:00-05:00,232.0894692554744,234.9650917712769,231.72399963468183,234.8592987060547,21653500
2021-02-18 00:00:00-05:00,232.55110833821877,234.59962546627492,231.64706116356732,234.46498107910156,16925600
2021-02-19 00:00:00-05:00,234.42651669715636,234.53230976349187,230.99306282392587,231.7528533935547,25262600
2021-02-22 00:00:00-05:00,228.33856579841125,228.8290527630903,223.51057917253334,225.5398712158203,36446900
2021-02-23 00:00:00-05:00,221.51983481114613,225.84770894272074,219.9810292498646,224.34738159179688,30228700
2021-02-24 00:00:00-05:00,221.21207764018945,226.20356170801335,220.24071557506963,225.57843017578125,26339700
2021-02-25 00:00:00-05:00,223.20288228767947,225.61686886141217,219.16353629900811,220.2310791015625,39542200
2021-02-26 00:00:00-05:00,222.67390094963855,226.36701617746488,220.76001381444942,223.49139404296875,37819200
2021-03-01 00:00:00-05:00,226.87677089593706,228.38672511898815,224.23195895822414,227.8769989013672,25324000
2021-03-02 00:00:00-05:00,227.9443015684846,228.22321721235295,224.5204748274745,224.92440795898438,22812500
2021-03-03 00:00:00-05:00,223.2798287097905,224.6455116135166,218.56724606158295,218.85577392578125,34029500
2021-03-04 00:00:00-05:00,218.06718304367254,223.59724510649153,215.68203266613037,218.05755615234375,44727800
2021-03-05 00:00:00-05:00,220.74081539432254,224.34737709839982,217.79786339181743,222.7412567138672,41872800
2021-03-08 00:00:00-05:00,222.52003591331203,224.44353542154002,218.4422263479561,218.69227600097656,35267400
2021-03-09 00:00:00-05:00,223.97227598423436,226.37665024660328,222.808552384188,224.8378448486328,33080500
2021-03-10 00:00:00-05:00,227.93467679656288,227.93467679656288,223.16439187152451,223.5298614501953,29746800
2021-03-11 00:00:00-05:00,225.97274282318187,230.0217013232755,225.34759663880936,228.0597381591797,29907600
2021-03-12 00:00:00-05:00,225.05904836070448,226.7998276939092,224.30888474756043,226.7324981689453,22653700
2021-03-15 00:00:00-04:00,225.97273196365254,226.19393030127117,222.94321138913833,225.82846069335938,26034900
2021-03-16 00:00:00-04:00,227.24225901905038,230.87767236818883,226.91526758397492,228.61756896972656,28092200
2021-03-17 00:00:00-04:00,227.1171726758717,229.42538062772473,224.3088654749819,227.97312927246094,29562100
2021-03-18 00:00:00-04:00,223.66449805031266,225.2321546884323,221.51980042264478,221.89488220214844,34833000
2021-03-19 00:00:00-04:00,222.18340247013717,223.57793649132006,220.5772823574496,221.53903198242188,46430700
2021-03-22 00:00:00-04:00,221.4621083916309,227.83849894840333,221.33707623409987,226.96331787109375,30127000
2021-03-23 00:00:00-04:00,228.40598448490564,231.82981171269134,228.00205129596742,228.49253845214844,31638400
2021-03-24 00:00:00-04:00,228.75217929157247,228.8964358811069,226.31895364718338,226.45359802246094,25620100
2021-03-25 00:00:00-04:00,226.29972771990109,227.8769967829049,222.71240512495487,223.45294189453125,34061900
2021-03-26 00:00:00-04:00,222.6931811050737,227.65581386207742,222.6931811050737,227.43460083007812,25479900
2021-03-29 00:00:00-04:00,227.54038837534517,227.74236229636642,223.0105549017335,226.24203491210938,25227500
2021-03-30 00:00:00-04:00,224.59742201837378,224.90518898802316,222.2603771275382,222.981689453125,24792000
2021-03-31 00:00:00-04:00,224.00114974202836,229.9543833600764,223.50103573631569,226.7517547607422,43623500
2021-04-01 00:00:00-04:00,229.3484240152872,233.55126499298265,228.944490951825,233.08001708984375,30338000
2021-04-05 00:00:00-04:00,233.4743613464268,240.39897120703446,233.41665871011114,239.5430145263672,36910600
2021-04-06 00:00:00-04:00,238.13886553157835,239.86039119458903,237.43679229555985,238.37930297851562,22931900
2021-04-07 00:00:00-04:00,238.3312093103771,241.33186391127126,237.73492914613195,240.3412628173828,22719800
2021-04-08 00:00:00-04:00,243.1015050665614,244.41909761825963,242.3609535993028,243.56314086914062,23625200
2021-04-09 00:00:00-04:00,243.1976350767871,246.19830403516193,242.78408976152787,246.06365966796875,24326800
2021-04-12 00:00:00-04:00,244.96727170717304,247.81405726650726,244.8807030813656,246.12136840820312,27148700
2021-04-13 00:00:00-04:00,247.41978857557922,249.27595883783357,247.00621381251946,248.60272216796875,23837500
2021-04-14 00:00:00-04:00,247.63133499844136,248.92967367444348,245.40006854516722,245.81361389160156,23070900
2021-04-15 00:00:00-04:00,248.06411197401857,249.98761152054735,247.87177962953,249.57406616210938,25627500
2021-04-16 00:00:00-04:00,249.54522040689776,251.01669641879005,247.74675298683772,250.76663208007812,24878600
2021-04-19 00:00:00-04:00,250.23762725378188,251.47829243841383,247.95828542987147,248.84307861328125,23209300
2021-04-20 00:00:00-04:00,247.958358470993,250.24732785711595,247.015833032508,248.38153076171875,19722900
2021-04-21 00:00:00-04:00,249.03550796276252,250.7089433060169,247.41014837179262,250.61276245117188,24030400
2021-04-22 00:00:00-04:00,250.2568580859373,251.7668120194269,245.8616699942858,247.33316040039062,25606200
2021-04-23 00:00:00-04:00,248.0160083504401,251.50716433105552,247.42932579254486,251.16091918945312,21462600
2021-04-26 00:00:00-04:00,251.65144677426986,252.40161041619083,250.21844901797465,251.54563903808594,19763300
2021-04-27 00:00:00-04:00,251.57453417587365,253.12296682778418,250.17038749391577,251.9496307373047,31014200
2021-04-28 00:00:00-04:00,246.28484700544834,246.72727299379406,243.27458046334309,244.822998046875,46903100
2021-04-29 00:00:00-04:00,245.68855237498073,246.30407151469373,239.47564367635846,242.85137939453125,40589000
2021-04-30 00:00:00-04:00,240.1873550979075,243.3995953028778,240.05271073827205,242.5340118408203,30945100
2021-05-03 00:00:00-04:00,243.70739132259695,244.62106536473124,241.514602971749,242.22630310058594,19626600
2021-05-04 00:00:00-04:00,241.3703068929317,241.60113208821093,236.3595848411974,238.3119354248047,32756100
2021-05-05 00:00:00-04:00,239.53334731616388,239.95651947809458,236.4172880785541,237.04241943359375,21901300
2021-05-06 00:00:00-04:00,237.02322683491766,240.30279705816986,235.3305525302408,240.17776489257812,26491100
2021-05-07 00:00:00-04:00,242.50517474133576,244.57294534817981,241.56266416863994,242.80332946777344,27032900
2021-05-10 00:00:00-04:00,241.2741549439333,242.1012603154502,237.66759338356374,237.7252960205078,29299900
2021-05-11 00:00:00-04:00,235.1958977580137,237.16748762572186,233.29163741499903,236.81163024902344,33641600
2021-05-12 00:00:00-04:00,232.90692968884187,235.03240304314005,228.96376461216937,229.85818481445312,36684400
2021-05-13 00:00:00-04:00,232.55107604800216,236.20572777471372,232.18560647279034,233.73402404785156,29624300
2021-05-14 00:00:00-04:00,236.18652891096247,239.64881955102913,236.09997494686687,238.65821838378906,23901100
2021-05-17 00:00:00-04:00,237.11938007606832,237.15784360516034,234.20527979910628,235.80177307128906,24970200
2021-05-18 00:00:00-04:00,236.8500881949583,236.9847325576911,233.60898192573967,233.7821044921875,20168000
2021-05-19 00:00:00-04:00,230.68780892410186,234.46657202554343,230.0033980144126,234.36053466796875,25739800
2021-05-20 00:00:00-04:00,235.17023138867845,239.01646397120606,235.07382846255607,237.59942626953125,21800700
2021-05-21 00:00:00-04:00,238.65020818420544,239.3828205439802,235.92216962475908,236.336669921875,21863100
2021-05-24 00:00:00-04:00,238.8622600660612,242.11085087546613,238.59234948431563,241.74453735351562,21411500
2021-05-25 00:00:00-04:00,242.69888201378376,243.64356908299723,241.7831128858404,242.6506805419922,17704300
2021-05-26 00:00:00-04:00,242.37108923531312,243.82669406493432,241.71559637327553,242.42893981933594,17771600
2021-05-27 00:00:00-04:00,242.12050060290292,242.41932914380973,240.26967876426514,240.3275146484375,24426200
2021-05-28 00:00:00-04:00,241.9566065033929,242.99769645582094,240.56848656682214,240.6841583251953,18270200
2021-06-01 00:00:00-04:00,242.1783374052526,242.23617328964423,238.06219340311984,238.486328125,23213300
2021-06-02 00:00:00-04:00,239.19000511781942,240.2889309005884,236.98250443349707,238.38990783691406,19406700
2021-06-03 00:00:00-04:00,236.38484216295458,237.4644843931223,234.24482652171346,236.85719299316406,25307700
2021-06-04 00:00:00-04:00,238.83336623403653,242.58321152575672,238.59237356822155,241.7541961669922,25281100
2021-06-07 00:00:00-04:00,240.97333554893908,244.9352547949257,240.80946233304937,244.66534423828125,23079200
2021-06-08 00:00:00-04:00,245.96669634163663,246.78607708372516,243.4121658986098,243.4700164794922,22455000
2021-06-09 00:00:00-04:00,244.6653675483943,246.32339810233208,244.0869940329192,244.4532928466797,17937600
2021-06-10 00:00:00-04:00,245.1280611011444,248.18384593485345,244.53040407577595,247.97177124023438,24563600
2021-06-11 00:00:00-04:00,248.69471640197318,249.17670160646898,247.364432530678,248.5983428955078,18999700
2021-06-14 00:00:00-04:00,248.6080000043137,250.58415729093173,247.54762651125606,250.5263214111328,19150500
2021-06-15 00:00:00-04:00,250.4106701779686,250.6227449188785,248.3959748483509,249.0514678955078,18038900
2021-06-16 00:00:00-04:00,250.0539604529106,251.191438667356,245.2533911236505,248.10675048828125,27220000
2021-06-17 00:00:00-04:00,246.84391372215748,252.3192586743206,246.7860778501168,251.4998779296875,27565500
2021-06-18 00:00:00-04:00,250.27567635888798,252.84946123019992,249.42737757560815,250.08287048339844,37202200
2021-06-21 00:00:00-04:00,250.45883242002785,254.0255057623141,248.62729428014612,253.16758728027344,26696100
2021-06-22 00:00:00-04:00,253.2543161053351,256.21371242735415,252.94583850306975,255.9438018798828,24694100
2021-06-23 00:00:00-04:00,256.40649276796773,257.21622442270666,254.9027012065892,255.71243286132812,19518700
2021-06-24 00:00:00-04:00,256.570395632236,258.1995081549481,255.9052536238839,257.081298828125,21446900
2021-06-25 00:00:00-04:00,256.63787628931044,257.62111560683655,255.22083848043877,255.47145080566406,25611100
2021-06-28 00:00:00-04:00,256.5992726196896,259.21162405964157,256.32936209546625,259.0381164550781,19590000
2021-06-29 00:00:00-04:00,259.1827378969011,261.86257465092103,258.3248194682553,261.62158203125,19937800
2021-06-30 00:00:00-04:00,260.9371313522289,261.58297500014504,259.8864072211994,261.1395568847656,21656500
2021-07-01 00:00:00-04:00,259.8960405082757,262.0457050501171,259.88642080872614,261.8143615722656,16725300
2021-07-02 00:00:00-04:00,262.99048840932676,267.98384947958544,262.6820107308886,267.6464538574219,26458000
2021-07-06 00:00:00-04:00,268.012700733501,269.3044175952349,264.4170803954058,267.6560363769531,31565600
2021-07-07 00:00:00-04:00,269.3333351246347,270.57686522962035,267.1644016340529,269.84423828125,23260000
2021-07-08 00:00:00-04:00,266.92346009994077,268.6875428172763,264.9666009084915,267.42474365234375,24618600
2021-07-09 00:00:00-04:00,265.78600920655407,268.0320480496035,265.40042680055205,267.926025390625,23916700
2021-07-12 00:00:00-04:00,269.1020103084746,269.6900181971794,266.6149499259008,267.32830810546875,18931700
2021-07-13 00:00:00-04:00,267.52105601500165,272.6590347441042,267.3957645735961,270.8564147949219,26120100
2021-07-14 00:00:00-04:00,272.1770600273276,273.43985895218515,270.4418955818897,272.331298828125,23113700
2021-07-15 00:00:00-04:00,271.8397770130737,272.3314115554921,269.7479473453053,270.90472412109375,22604200
2021-07-16 00:00:00-04:00,271.90706066452196,273.8639188447564,269.3910833367728,270.6346130371094,26186800
2021-07-19 00:00:00-04:00,268.88022542453587,270.26834499297274,264.56165736098893,267.0294189453125,32935600
2021-07-20 00:00:00-04:00,268.0127866332473,270.8468629936739,266.30656899505277,269.2563171386719,26259700
2021-07-21 00:00:00-04:00,268.85142575847726,271.37702431764234,267.29944703244513,271.2613525390625,24364300
2021-07-22 00:00:00-04:00,273.61341633682554,276.1004770022266,273.20856515188495,275.83056640625,23384100
2021-07-23 00:00:00-04:00,277.0162179583788,279.5418161445663,276.1775682694742,279.2333679199219,22768100
2021-07-26 00:00:00-04:00,278.58749439112125,279.2526364370559,276.3125379693512,278.63568115234375,23176100
2021-07-27 00:00:00-04:00,279.00195421321143,279.146543893957,272.75544466065816,276.2160949707031,33604100
2021-07-28 00:00:00-04:00,278.57784165912227,279.69605103462703,273.60375005831014,275.90765380859375,33566900
2021-07-29 00:00:00-04:00,275.9269095230165,278.22116404498746,275.7726707111648,276.17755126953125,18168300
2021-07-30 00:00:00-04:00,274.8955087129223,276.33181549192943,273.6808963441765,274.6448669433594,20944800
2021-08-02 00:00:00-04:00,276.04262965171205,276.4378611604599,273.5170311783947,274.5581359863281,16267400
2021-08-03 00:00:00-04:00,275.13650564382874,276.88129010205466,273.76765442774865,276.7752380371094,17879000
2021-08-04 00:00:00-04:00,275.90766563142967,277.2283006433001,274.3942247328133,276.1872253417969,16191300
2021-08-05 00:00:00-04:00,276.5438479043771,279.19476664668434,275.7919521287353,279.0887145996094,13900200
2021-08-06 00:00:00-04:00,278.11515991153345,279.06948136668063,277.2572119794153,279.0309143066406,16589300
2021-08-09 00:00:00-04:00,279.31040968260254,281.0455445501704,277.44030484500314,277.9415588378906,16117600
2021-08-10 00:00:00-04:00,278.3946460159266,278.8284444729027,274.9243760322883,276.11968994140625,18616600
2021-08-11 00:00:00-04:00,276.86200152431667,278.25977073088046,275.5606352661451,276.61138916015625,13955900
2021-08-12 00:00:00-04:00,276.30283684367316,279.5224944073813,276.0232771942792,279.3682556152344,14561300
2021-08-13 00:00:00-04:00,279.05025154128384,282.34701489324834,278.8767144558767,282.298828125,18249000
2021-08-16 00:00:00-04:00,282.62651582587677,284.19779246209333,279.5707163690693,283.9857177734375,22507600
2021-08-17 00:00:00-04:00,281.8553646766232,282.8578728727567,280.592536185062,282.5204772949219,20075300
2021-08-18 00:00:00-04:00,282.0568729168721,284.7418398373569,280.3473599755678,280.7916564941406,21813000
2021-08-19 00:00:00-04:00,278.82140335515624,287.3012660466153,278.7731243483728,286.62518310546875,29850500
2021-08-20 00:00:00-04:00,289.47437850845176,295.3851678311773,287.8711203793521,293.95574951171875,40817600
2021-08-23 00:00:00-04:00,292.8836729551344,294.9601712543379,291.5315365840969,294.2358093261719,22830200
2021-08-24 00:00:00-04:00,294.5931598209611,295.2016285633885,291.6764063680512,292.27520751953125,18175800
2021-08-25 00:00:00-04:00,293.89782433305635,294.1779192519182,290.150482663144,291.6861267089844,20006100
2021-08-26 00:00:00-04:00,290.7009195672093,292.09169682717686,288.73067634422387,288.8658752441406,17666100
2021-08-27 00:00:00-04:00,288.7693089617846,290.5850477108611,286.6831429186562,289.474365234375,22605700
2021-08-30 00:00:00-04:00,290.82646975740784,293.8205048461803,290.76852316321674,293.2120361328125,16348100
2021-08-31 00:00:00-04:00,294.01372783579956,294.09098014921955,291.19353206893163,291.560546875,26285300
2021-09-01 00:00:00-04:00,292.51663322112495,294.7573330014589,291.183802671196,291.5121765136719,18983800
2021-09-02 00:00:00-04:00,291.8695625626756,292.98988301470405,289.9185956760492,290.8554382324219,16285600
2021-09-03 00:00:00-04:00,290.70092922538174,292.25590820944143,289.9959024554989,290.8458251953125,14747900
2021-09-07 00:00:00-04:00,290.7202227193549,290.79747501445877,288.0062826855624,289.9185791015625,17180400
2021-09-08 00:00:00-04:00,289.53236847682746,290.33398292425744,287.3013354958455,289.9476623535156,15046800
2021-09-09 00:00:00-04:00,290.5367763480211,291.8116605425452,286.8473521522156,287.08880615234375,19927000
2021-09-10 00:00:00-04:00,288.21885380227684,289.6675779536418,285.2827646026874,285.6014709472656,19633400
2021-09-13 00:00:00-04:00,287.3785621651602,288.3347401247705,284.02717919615515,286.83770751953125,23652900
2021-09-14 00:00:00-04:00,289.31987438683,291.08733439108437,287.9097911052449,289.5420227050781,21853400
2021-09-15 00:00:00-04:00,292.8933235313727,294.88290182054226,291.5025463521372,294.3999938964844,28356300
2021-09-16 00:00:00-04:00,293.37620265339666,294.87320528126446,290.4787553935046,294.7862854003906,19550800
2021-09-17 00:00:00-04:00,293.77225856159816,294.0909648651454,289.2908582826248,289.6192321777344,41372500
2021-09-20 00:00:00-04:00,286.20022923488347,288.5085435171126,279.623024933343,284.2396240234375,38278700
2021-09-21 00:00:00-04:00,285.58215514439695,287.3689207628151,284.01753783211063,284.7225646972656,22364100
2021-09-22 00:00:00-04:00,286.58652489770395,289.9572125132634,284.4424127029341,288.3732604980469,26626300
2021-09-23 00:00:00-04:00,288.6340727004144,290.61398340339673,287.35918870442185,289.3197937011719,18604600
2021-09-24 00:00:00-04:00,288.035295269375,289.55160387819416,286.77971687639047,289.11700439453125,14999000
2021-09-27 00:00:00-04:00,286.01673319852733,286.3354394750528,282.9261105458033,284.11407470703125,23571700
2021-09-28 00:00:00-04:00,279.8933855438225,280.8398955658639,273.0843964667549,273.82806396484375,43186200
2021-09-29 00:00:00-04:00,275.354120921642,276.9670169803439,273.3355692133675,274.2917175292969,26353700
2021-09-30 00:00:00-04:00,275.9431961706701,277.99072074453477,271.9930134834772,272.28277587890625,32343600
2021-10-01 00:00:00-04:00,272.475971258081,280.06729939899645,271.6743570466697,279.2173767089844,30086300
2021-10-04 00:00:00-04:00,277.57548742469766,277.91352888902685,270.6699095435266,273.43212890625,31350700
2021-10-05 00:00:00-04:00,274.3400234963345,280.472961002074,274.3400234963345,278.8890380859375,24993000
2021-10-06 00:00:00-04:00,276.01091325935647,283.5925752475216,275.75015353316195,283.09033203125,28002600
2021-10-07 00:00:00-04:00,285.0895498059593,286.49966233803923,283.8726417312136,284.7708435058594,20430500
2021-10-08 00:00:00-04:00,286.0940066635479,286.49966233803923,283.7181076397104,284.7708435058594,17685700
2021-10-11 00:00:00-04:00,282.90681109582425,287.7841696820927,282.7426094213775,284.1720275878906,19298600
2021-10-12 00:00:00-04:00,285.24409368544315,285.3406811802425,282.35631327944327,282.8681945800781,17974100
2021-10-13 00:00:00-04:00,284.8287718321762,287.1177508091328,283.4573002795523,286.180908203125,23416300
2021-10-14 00:00:00-04:00,288.9817603776688,292.90297048133476,287.64892975117283,292.4007568359375,27262900
2021-10-15 00:00:00-04:00,292.0047506707178,294.0426373719238,290.2469588093544,293.8108215332031,25384800
2021-10-18 00:00:00-04:00,293.19271693221856,297.67408703145924,292.34279429071773,296.7855529785156,22729300
2021-10-19 00:00:00-04:00,297.80937465142074,298.7268821826882,296.7179978366252,297.6934814453125,17682100
2021-10-20 00:00:00-04:00,298.6399462045998,299.1132160698903,295.6459108190313,296.9014892578125,16537100
2021-10-21 00:00:00-04:00,296.66971746103866,300.38808552882756,295.88737937467477,300.1369934082031,16918100
2021-10-22 00:00:00-04:00,299.78924655970684,300.45566188219726,297.2781193491711,298.5916442871094,17449300
2021-10-25 00:00:00-04:00,298.7848281449745,298.82346903838294,295.98396759735755,297.5968933105469,17554500
2021-10-26 00:00:00-04:00,300.36874557406037,301.72088194222226,298.05079330373104,299.5091552734375,28107300
2021-10-27 00:00:00-04:00,305.1978286314873,314.95257525160673,305.1978286314873,312.12274169921875,52588700
2021-10-28 00:00:00-04:00,313.2430854710019,313.7646343557651,310.3746108163514,313.2624206542969,26297900
2021-10-29 00:00:00-04:00,313.0499524443534,320.65091983416227,312.82780414815437,320.2839050292969,34766000
2021-11-01 00:00:00-04:00,320.03274302106945,320.1583038041811,315.2133311036617,318.11077880859375,27073200
2021-11-02 00:00:00-04:00,319.0186709413644,322.05134723722267,318.71927034838023,321.7422790527344,26487100
2021-11-03 00:00:00-04:00,322.4858710268222,323.4516867708225,319.34696985882135,322.58245849609375,21500100
2021-11-04 00:00:00-04:00,321.5104524364955,325.0356743939293,318.2459901477775,324.9390869140625,23992200
2021-11-05 00:00:00-04:00,326.93837395712325,327.2088012501793,322.98819017045656,324.5721130371094,22570100
2021-11-08 00:00:00-05:00,325.76967643631485,326.10771788078415,323.0074572358713,325.47027587890625,20897000
2021-11-09 00:00:00-05:00,325.5861712932559,327.141150158709,323.09437933646785,324.4658508300781,21307400
2021-11-10 00:00:00-05:00,323.1330887976744,323.19103540377864,318.64204997839,319.491943359375,25500900
2021-11-11 00:00:00-05:00,319.92659768608763,322.3604437580887,319.211903171357,321.0662536621094,16849800
2021-11-12 00:00:00-05:00,322.50520041137537,325.7020481086352,322.37963965101386,325.20947265625,23831000
2021-11-15 00:00:00-05:00,326.0014764927282,326.32985033093564,322.6114535706148,324.58172607421875,16723000
2021-11-16 00:00:00-05:00,324.2050832986667,329.0245248169212,324.0409110967214,327.9041748046875,20886800
2021-11-17 00:00:00-05:00,327.95255114881303,331.0971955801469,327.04302085871814,328.126708984375,19053400
2021-11-18 00:00:00-05:00,327.21720340062717,331.34880160200635,326.1915678093843,330.20703125,22463500
2021-11-19 00:00:00-05:00,331.5326605674157,333.9129065317172,331.10692167581175,331.9873962402344,21963400
2021-11-22 00:00:00-05:00,333.4483587373931,338.3346692855464,328.54270716464436,328.8136291503906,31031100
2021-11-23 00:00:00-05:00,326.12375554257767,328.4459777756451,322.7469011789442,326.73333740234375,30427600
2021-11-24 00:00:00-05:00,325.3788285481965,327.1978894160892,323.085661432416,326.95599365234375,21661300
2021-11-26 00:00:00-05:00,323.5113621421092,326.97529607751204,317.4833097911147,318.99273681640625,24217200
2021-11-29 00:00:00-05:00,324.08222027388626,328.03963080841186,323.88869188174414,325.7174377441406,28563500
2021-11-30 00:00:00-05:00,324.44993871925334,326.8301846318638,318.32512179204315,319.8732604980469,42885600
2021-12-01 00:00:00-05:00,324.2660102897674,328.28147277875115,318.71209477852017,319.37969970703125,33337600
2021-12-02 00:00:00-05:00,319.5926081657751,322.6791998641776,317.1736510057911,318.8088684082031,30766000
2021-12-03 00:00:00-05:00,321.22787810651,321.914883312674,307.7204273838724,312.53900146484375,41779300
2021-12-06 00:00:00-05:00,313.4484383349509,316.8349779022691,308.88144665160763,315.6158142089844,30032600
2021-12-07 00:00:00-05:00,320.88919559415706,324.91431432856854,319.3991097138028,324.0628662109375,31021900
2021-12-08 00:00:00-05:00,324.4402417546736,324.6240848803563,320.07643313181967,324.11126708984375,24761000
2021-12-09 00:00:00-05:00,323.5693498836345,325.58190900442776,321.35357712566093,322.30181884765625,22214200
2021-12-10 00:00:00-05:00,324.1208979064264,331.88090135456383,323.937054811635,331.4358215332031,38095700
2021-12-13 00:00:00-05:00,329.63608776012035,332.6452854999801,328.0879494376649,328.3975830078125,28899400
2021-12-14 00:00:00-05:00,322.41794531464876,323.7919258980835,313.60325055577465,317.6961364746094,44438700
2021-12-15 00:00:00-05:00,317.957396355384,324.32410824827537,313.9806448880069,323.8016052246094,35381100
2021-12-16 00:00:00-05:00,324.8272760169912,325.8432558694364,312.54864556031464,314.3677062988281,35034800
2021-12-17 00:00:00-05:00,310.4780190725008,314.38706242508175,306.9656882694308,313.3033447265625,47750300
2021-12-20 00:00:00-05:00,309.6748749533144,312.33572775319794,307.2752884173399,309.5394287109375,28326500
2021-12-21 00:00:00-05:00,312.8099049572173,317.10597568318013,309.4330203308387,316.68023681640625,24740600
2021-12-22 00:00:00-05:00,317.6575311775256,322.7953952583652,315.1902059963925,322.3987121582031,24831500
2021-12-23 00:00:00-05:00,321.9632187915845,325.48523481760844,321.9438777632381,323.84033203125,19617800
2021-12-27 00:00:00-05:00,324.5853606565686,331.37781170708996,324.55633434986925,331.3487854003906,19947000
2021-12-28 00:00:00-05:00,332.0259927502291,332.66460086629615,329.2877467416636,330.1875915527344,15661500
2021-12-29 00:00:00-05:00,330.23606817534716,333.13881719368874,328.6685884299691,330.8650207519531,15042000
2021-12-30 00:00:00-05:00,330.8263799965825,332.0068326979181,327.8365514109372,328.3203430175781,15994500
2021-12-31 00:00:00-05:00,327.53645861657736,328.3588803627505,324.96268486023365,325.4174499511719,18000800
2022-01-03 00:00:00-05:00,324.478840394904,327.04292845494535,319.08939806701056,323.8982849121094,28865100
2022-01-04 00:00:00-05:00,323.97585498083674,324.33388555215816,315.5482139639062,318.34454345703125,32674300
2022-01-05 00:00:00-05:00,315.2965689226274,315.4997826044344,305.73687408915134,306.1239013671875,40054300
2022-01-06 00:00:00-05:00,302.9985793895527,308.3686822043641,301.392388231309,303.7049255371094,39646100
2022-01-07 00:00:00-05:00,303.9661306277529,306.2399561127619,300.0377468231346,303.8597106933594,32720000
2022-01-10 00:00:00-05:00,299.4572301875026,304.51769951844926,294.81284395605223,304.082275390625,44289500
2022-01-11 00:00:00-05:00,303.22120921448055,306.34648385936345,299.8443535040799,304.76934814453125,29386800
2022-01-12 00:00:00-05:00,309.3072459156857,312.9259965978094,306.8011801608075,307.9526062011719,34372200
2022-01-13 00:00:00-05:00,310.08131932128936,310.4780318871743,294.1452264318281,294.9192810058594,45366000
2022-01-14 00:00:00-05:00,294.3870361687396,300.7440615879135,293.9032448192429,300.1441650390625,39846400
2022-01-18 00:00:00-05:00,294.21293945049706,299.7571705686531,291.95845475795755,292.8389587402344,42333200
2022-01-19 00:00:00-05:00,296.36098446324274,303.73396167938847,292.8873652813076,293.4969177246094,45933900
2022-01-20 00:00:00-05:00,299.05084323097356,301.5471940307173,291.3779181968077,291.822998046875,35380700
2022-01-21 00:00:00-05:00,292.87779367328477,294.2517454339176,286.0272873211829,286.4336853027344,57984400
2022-01-24 00:00:00-05:00,282.7277385199471,287.4785446299873,267.1012508783427,286.7625427246094,85731500
2022-01-25 00:00:00-05:00,282.06977569492784,285.4272897689935,275.92564748178614,279.13800048828125,72848600
2022-01-26 00:00:00-05:00,298.00588813814414,298.4993649327911,283.53085426864396,287.091552734375,90428900
2022-01-27 00:00:00-05:00,292.8486162403718,297.33818511520883,288.2719389279167,290.1200256347656,53481300
2022-01-28 00:00:00-05:00,290.4974009724275,298.47995924549656,284.90477344830566,298.26708984375,49743700
2022-01-31 00:00:00-05:00,298.9347640922584,302.2535665226197,296.4383835464321,300.8989562988281,46444500
2022-02-01 00:00:00-05:00,300.3474521401161,300.56032158802805,295.2386149185201,298.7509460449219,40950400
2022-02-02 00:00:00-05:00,299.5926934910757,304.9047140821634,298.8670063271222,303.29852294921875,36636000
2022-02-03 00:00:00-05:00,299.4572493683748,301.1408638459518,290.2361846781371,291.484375,43730000
2022-02-04 00:00:00-05:00,290.478047823017,298.78958120984197,290.24583738111943,296.0223083496094,35096500
2022-02-07 00:00:00-05:00,296.24484477716817,297.860691549558,290.17808160206255,291.1940612792969,28533300
2022-02-08 00:00:00-05:00,291.4842848650006,295.65456388952043,290.22643918145957,294.6869812011719,32421200
2022-02-09 00:00:00-05:00,299.8249328306882,301.81815140418445,297.4253459420539,301.1214904785156,31284700
2022-02-10 00:00:00-05:00,294.18391946316234,299.0992277076315,290.95219605157683,292.5777282714844,45386200
2022-02-11 00:00:00-05:00,293.3614097858825,294.42575669277886,284.6821915310025,285.4756164550781,39175600
2022-02-14 00:00:00-05:00,284.2468738871611,287.1399674072104,281.9053393438206,285.43701171875,36359500
2022-02-15 00:00:00-05:00,290.2846563071421,291.04902580380264,287.3915623500104,290.729736328125,27058300
2022-02-16 00:00:00-05:00,289.294594295298,291.71855279506,284.7472457825976,290.3902282714844,29982100
2022-02-17 00:00:00-05:00,287.3458164377349,287.7724356407643,281.17927819469634,281.8870849609375,32461600
2022-02-18 00:00:00-05:00,284.13647420172526,284.92183458390497,277.601489929,279.1722106933594,34264000
2022-02-22 00:00:00-05:00,276.33132880972005,282.6724139032119,275.8465370047907,278.9685974121094,41736100
2022-02-23 00:00:00-05:00,281.35378660921566,282.8275727475832,271.5803960838196,271.7452087402344,37811200
2022-02-24 00:00:00-05:00,264.2212168610139,286.1822778670693,263.2613090468984,285.6296081542969,56989700
2022-02-25 00:00:00-05:00,286.16292683070213,288.57718060139933,282.7790598404249,288.26690673828125,32546700
2022-02-28 00:00:00-05:00,285.35815893426843,290.04126448899723,284.0880067320678,289.701904296875,34627500
2022-03-01 00:00:00-05:00,287.3845772168943,290.84599781965625,283.26384685818056,285.97869873046875,31217800
2022-03-02 00:00:00-05:00,286.3762504716057,292.3004227417383,284.76676743872775,291.0593566894531,31873000
2022-03-03 00:00:00-05:00,293.67721950670733,293.90991012485733,285.1060736064637,286.9192199707031,27314500
2022-03-04 00:00:00-05:00,285.33870340843436,286.66702791509016,278.43527442334005,281.0434265136719,32356500
2022-03-07 00:00:00-05:00,279.7540276651711,280.8787484843386,270.05818914409025,270.4266357421875,43157200
2022-03-08 00:00:00-05:00,269.35032612555074,275.32296496007893,261.78758549153326,267.45965576171875,48159500
2022-03-09 00:00:00-05:00,274.8187931136679,280.79143196991623,272.2396970446507,279.7248840332031,35204500
2022-03-10 00:00:00-05:00,274.4115141100971,277.8826396429179,272.04572798060116,276.9033508300781,30628000
2022-03-11 00:00:00-05:00,279.2012996634574,280.7041720750728,270.93075230973267,271.5513000488281,27209300
2022-03-14 00:00:00-04:00,271.81307809759875,276.7191690212427,267.43057063229696,268.0317077636719,30660700
2022-03-15 00:00:00-04:00,271.8227376508679,279.0655275130415,270.2520171295623,278.4158935546875,34245100
2022-03-16 00:00:00-04:00,280.31624023029934,285.6101868544143,274.58602842276696,285.4356689453125,37826300
2022-03-17 00:00:00-04:00,284.369189223697,286.6186007423343,280.56840840023403,286.240478515625,30816600
2022-03-18 00:00:00-04:00,286.3859015665902,291.8446619377946,283.8262162636274,291.2919921875,43390600
2022-03-21 00:00:00-04:00,289.79883101325805,291.01081040705833,285.93017266749587,290.06060791015625,28351200
2022-03-22 00:00:00-04:00,290.6811188141461,295.72296480391606,289.6824490018245,294.8115539550781,27599700
2022-03-23 00:00:00-04:00,291.36960955369653,294.0068784229763,288.66446272341494,290.380615234375,25715400
2022-03-24 00:00:00-04:00,290.0412760670834,294.9473671178432,289.2462103485092,294.85040283203125,24484500
2022-03-25 00:00:00-04:00,295.946018112128,296.20779503659236,290.18668905916263,294.4431457519531,22566500
2022-03-28 00:00:00-04:00,295.073391346538,301.34659900415994,295.073391346538,301.2496643066406,29578200
2022-03-29 00:00:00-04:00,304.36196991762364,306.2138780134715,299.6497785681732,305.81634521484375,30393400
2022-03-30 00:00:00-04:00,304.21657238754335,306.3399629265181,302.10285756421536,304.3135070800781,28163600
2022-03-31 00:00:00-04:00,304.35224961733445,305.55455325788046,298.5250730010145,298.9322814941406,33422100
2022-04-01 00:00:00-04:00,299.9600479924089,300.6969409340958,296.2465561407123,300.008544921875,27110500
2022-04-04 00:00:00-04:00,300.658107317508,305.52540524207774,300.2896608981229,305.3896789550781,24289600
2022-04-05 00:00:00-04:00,303.7414533090585,305.29279303590346,300.444874882853,301.4241638183594,23156700
2022-04-06 00:00:00-04:00,295.9071601840896,297.66210377077033,287.68508230073564,290.3902282714844,40110400
2022-04-07 00:00:00-04:00,287.6367293488046,294.4141105406613,287.33616074245623,292.2034606933594,31411200
2022-04-08 00:00:00-04:00,291.3016814124939,291.9609911189032,287.26821033138873,287.9372253417969,24361900
2022-04-11 00:00:00-04:00,282.9148149628091,283.7098510494845,276.3313338468451,276.58343505859375,34569300
2022-04-12 00:00:00-04:00,280.44237773614145,281.896753274819,271.958520427189,273.48077392578125,30966700
2022-04-13 00:00:00-04:00,274.1303944317771,279.80243508000837,272.7438673323913,278.87164306640625,21907200
2022-04-14 00:00:00-04:00,279.3273432160326,279.54065279729,270.82410546962507,271.3185729980469,28221600
2022-04-18 00:00:00-04:00,270.42659430347726,273.8686046152855,269.8739244910196,271.98760986328125,20778000
2022-04-19 00:00:00-04:00,270.88221420704474,277.46569375814823,269.94171712831564,276.62213134765625,22297700
2022-04-20 00:00:00-04:00,280.59750599779863,280.88839885014346,276.6900850216622,277.64996337890625,22906700
2022-04-21 00:00:00-04:00,279.8024849533173,284.37892175415794,271.54164148279,272.2688293457031,29454600
2022-04-22 00:00:00-04:00,273.1123477234531,274.58613398289475,265.06481431264797,265.6950378417969,29405800
2022-04-25 00:00:00-04:00,264.97757868488094,272.5597019049289,262.53420844538874,272.18157958984375,35678900
2022-04-26 00:00:00-04:00,269.0594525267125,269.89328023075717,261.7875754313959,262.0008850097656,46518400
2022-04-27 00:00:00-04:00,273.5195094539181,282.1197103075881,270.66893161567555,274.6054382324219,63477700
2022-04-28 00:00:00-04:00,276.5155121149017,282.12940868996714,272.8989551204445,280.8204650878906,33646600
2022-04-29 00:00:00-04:00,279.8315053530754,281.0628954479974,268.08986229591125,269.0788269042969,37073900
2022-05-02 00:00:00-04:00,269.2630493387839,276.27314931657503,267.8183792644711,275.81744384765625,35151100
2022-05-03 00:00:00-04:00,275.3229748824453,275.4878171281924,271.6288634100802,273.20928955078125,25978600
2022-05-04 00:00:00-04:00,273.99458463090093,282.03243974710455,268.3128397950904,281.1598205566406,33599300
2022-05-05 00:00:00-04:00,276.8548930460878,277.64025334846656,265.99554553295394,268.91400146484375,43260400
2022-05-06 00:00:00-04:00,266.4512414054531,270.7561945471367,263.018907502902,266.3736877441406,37780300
2022-05-09 00:00:00-04:00,261.8457071700406,264.07573729511194,255.31072411000343,256.5323791503906,47726000
2022-05-10 00:00:00-04:00,263.426185984904,265.4235259500196,257.00754691357685,261.30279541015625,39336400
2022-05-11 00:00:00-04:00,257.59892202023576,263.1061488747232,251.41297491995132,252.6249542236328,48975900
2022-05-12 00:00:00-04:00,249.8520131079963,251.9754036684089,242.41530828868,247.58319091796875,51033800
2022-05-13 00:00:00-04:00,249.52232362114918,255.0392561912561,247.5831565902319,253.17764282226562,34925100
2022-05-16 00:00:00-04:00,252.0529601965687,257.7347358357674,248.00010759554567,253.54612731933594,32550900
2022-05-17 00:00:00-04:00,258.0158590570985,260.168335678037,254.47688508920922,258.70428466796875,28828800
2022-05-18 00:00:00-04:00,255.59442633817832,256.17753742497484,245.6524875951275,246.92559814453125,31356000
2022-05-19 00:00:00-04:00,246.75061832907582,250.41448076629942,244.78750863973613,246.01202392578125,32692300
2022-05-20 00:00:00-04:00,249.99657679389537,251.25998893720165,239.50069714781827,245.4483642578125,39199300
2022-05-23 00:00:00-04:00,248.2958846153238,254.1366489134325,246.29387790737587,253.31057739257812,33175400
2022-05-24 00:00:00-04:00,250.6282877764163,253.97139617261885,246.36188817908726,252.30955505371094,29043900
2022-05-25 00:00:00-04:00,250.87134701557156,257.12998318042,249.88977695272675,255.12799072265625,28547900
2022-05-26 00:00:00-04:00,254.88501967246316,259.58873192881896,254.06867585854366,258.4128112792969,25002100
2022-05-27 00:00:00-04:00,260.9201640734915,265.64330219713014,260.0260563384971,265.5461120605469,26910800
2022-05-31 00:00:00-04:00,264.85604928536924,267.03296546550257,261.35741281139883,264.2146301269531,37827700
2022-06-01 00:00:00-04:00,267.4508644163128,269.8707409098893,262.436157371953,264.7491455078125,25292200
2022-06-02 00:00:00-04:00,257.00359440575477,266.9163636856067,254.23383914437693,266.84832763671875,44008200
2022-06-03 00:00:00-04:00,262.69852941102215,265.7501266065524,260.85203609962264,262.41668701171875,28059000
2022-06-06 00:00:00-04:00,264.3992892425282,266.4595892028753,259.6955782848042,261.1824951171875,22400300
2022-06-07 00:00:00-04:00,259.1319252881435,265.4391694080939,258.45162412939817,264.826904296875,22860700
2022-06-08 00:00:00-04:00,264.0591896604282,265.3128741834113,262.0183154658259,262.7958068847656,17372300
2022-06-09 00:00:00-04:00,260.23984343092275,265.03101725984766,257.17854713483496,257.33404541015625,26439700
2022-06-10 00:00:00-04:00,253.24254885268172,253.24254885268172,245.41923343333343,245.8662872314453,31422800
2022-06-13 00:00:00-04:00,238.20818633784313,242.00809200715943,234.72899029876612,235.4384307861328,46135800
2022-06-14 00:00:00-04:00,236.99334100220605,238.82040832428856,234.7095068496029,237.60560607910156,28651500
2022-06-15 00:00:00-04:00,241.31804702603347,248.11122688546928,239.4812665255515,244.6708984375,33111700
2022-06-16 00:00:00-04:00,239.05369866765116,240.4531535651539,236.1770545597911,238.0721435546875,33169200
2022-06-17 00:00:00-04:00,237.8096900838926,243.44637559850622,237.15855784482125,240.67662048339844,43084800
2022-06-21 00:00:00-04:00,243.2131485780948,247.57672404798697,242.48426715302713,246.5951690673828,29928300
2022-06-22 00:00:00-04:00,244.7972301666433,249.9285685083653,243.32002647994867,246.0023193359375,25939900
2022-06-23 00:00:00-04:00,248.3736754699589,252.06666333172817,246.48829955344343,251.57101440429688,25861400
2022-06-24 00:00:00-04:00,254.43797573471082,260.43425449200834,254.35051350542255,260.1621398925781,33923200
2022-06-27 00:00:00-04:00,260.65770592471864,260.74516813613343,255.86653250823528,257.43121337890625,24615100
2022-06-28 00:00:00-04:00,256.54680910735476,259.39429846410957,249.10249735843755,249.25799560546875,27295500
2022-06-29 00:00:00-04:00,250.33674869588077,254.5934209161679,248.55827625903655,252.93157958984375,20069800
2022-06-30 00:00:00-04:00,249.81193566577983,252.22211413062385,245.77879792014835,249.59812927246094,31730900
2022-07-01 00:00:00-04:00,249.17057288707923,252.4553737795161,247.4406805657067,252.27072143554688,22837700
2022-07-05 00:00:00-04:00,248.9470442386843,255.57501363585047,247.567030411664,255.44866943359375,22941000
2022-07-06 00:00:00-04:00,256.3232970437693,260.4438971435167,255.0113045680069,258.7140197753906,23824400
2022-07-07 00:00:00-04:00,257.65470611483187,261.4837653703721,257.5575159983353,260.84234619140625,20859900
2022-07-08 00:00:00-04:00,257.33395765010306,260.5507511244709,255.8761951816613,260.1231384277344,19658800
2022-07-11 00:00:00-04:00,258.1698045515523,259.0250302011665,254.79751184488788,257.0619201660156,19455200
2022-07-12 00:00:00-04:00,258.3933261127936,258.45163425345476,244.9430231030509,246.52713012695312,35868500
2022-07-13 00:00:00-04:00,243.14516837659625,246.41055830495972,241.12373510388238,245.6039276123047,29497400
2022-07-14 00:00:00-04:00,243.5144383254252,247.95574821262494,239.01480546624109,246.92559814453125,25102800
2022-07-15 00:00:00-04:00,248.5194148023389,253.03847375929305,247.5961679522132,249.4912567138672,29774100
2022-07-18 00:00:00-04:00,252.4359199576439,253.4952240127195,246.16754300536857,247.09078979492188,20975000
2022-07-19 00:00:00-04:00,250.32698837282734,252.4067439825156,246.53681142712958,252.2220916748047,25012600
2022-07-20 00:00:00-04:00,252.58170343561682,257.411758856481,251.61958944694678,254.8849639892578,22788300
2022-07-21 00:00:00-04:00,252.474749395198,257.4311477190251,249.79245696290846,257.3825378417969,22404700
2022-07-22 00:00:00-04:00,257.77129422983967,257.8587564276535,251.77504728863897,253.02870178222656,21881300
2022-07-25 00:00:00-04:00,253.65078046030692,254.1367014956715,249.5787598112905,251.5418701171875,21056000
2022-07-26 00:00:00-04:00,252.54282977946914,252.56228559936346,242.54259767032684,244.80697631835938,39348000
2022-07-27 00:00:00-04:00,253.80621209782652,262.4458704154243,251.56125987665692,261.1727600097656,45994000
2022-07-28 00:00:00-04:00,262.15436025094607,270.01655789466145,260.32729267977885,268.6268310546875,33459300
2022-07-29 00:00:00-04:00,269.88046135026275,274.059368942466,268.840583577074,272.8348388671875,32152800
2022-08-01 00:00:00-04:00,269.99714086754074,273.3597057500872,268.07288310675597,270.1817932128906,21539600
2022-08-02 00:00:00-04:00,268.22843165059874,270.06522753808804,264.71036783586675,267.0816650390625,22754200
2022-08-03 00:00:00-04:00,268.9669356400914,275.5171396277238,268.82113564913254,274.5161437988281,23518900
2022-08-04 00:00:00-04:00,273.864989686515,275.8086731609637,272.2809125677745,275.66290283203125,18098700
2022-08-05 00:00:00-04:00,271.2896818162804,275.66297071065867,270.83291490098145,274.9438171386719,16774600
2022-08-08 00:00:00-04:00,276.05174043155336,277.86911009644814,271.4549462167359,272.4267883300781,18739200
2022-08-09 00:00:00-04:00,271.7658486047469,275.1089570301665,269.7929813266096,274.3509216308594,23405200
2022-08-10 00:00:00-04:00,280.05570822424676,281.6495136024719,278.8603319468809,281.017822265625,24687800
2022-08-11 00:00:00-04:00,282.6602203734145,283.0100692187593,278.44243011883435,278.93804931640625,20065900
2022-08-12 00:00:00-04:00,280.35695809957093,283.69036865234375,278.8603132900209,283.69036865234375,22619700
2022-08-15 00:00:00-04:00,282.8060006707274,285.89645087966176,281.9410471199956,285.2064514160156,18085700
2022-08-16 00:00:00-04:00,283.7680766752534,285.7603701530743,282.2423075949929,284.4678039550781,18102900
2022-08-17 00:00:00-04:00,282.17917029841624,285.69498211953976,281.91622669920514,283.71795654296875,18253400
2022-08-18 00:00:00-04:00,282.61739830194875,284.2925155216381,281.53634866422476,282.5979309082031,17186200
2022-08-19 00:00:00-04:00,281.3610688013757,281.7019413989966,278.1082305899692,278.6828308105469,20570000
2022-08-22 00:00:00-04:00,274.7190391735939,275.0891277344879,269.985876348386,270.5020446777344,25061100
2022-08-23 00:00:00-04:00,269.2261962890625,271.5830288322253,268.21332715946977,269.2261962890625,17527400
2022-08-24 00:00:00-04:00,268.2231121213267,269.9956259083875,267.9309228621196,268.59320068359375,18137000
2022-08-25 00:00:00-04:00,270.09294921143464,271.73885036051576,267.3562796674805,271.57330322265625,16583400
2022-08-26 00:00:00-04:00,271.79728794342236,273.024417273925,260.9869704514699,261.0940856933594,27549300
2022-08-29 00:00:00-04:00,258.91256247792984,260.4221028280278,256.9647531378231,258.3087463378906,20338500
2022-08-30 00:00:00-04:00,259.71112453246474,260.0811832744285,253.85794901183368,256.107666015625,22767100
2022-08-31 00:00:00-04:00,258.464585387242,260.13967295694687,254.51050491907353,254.64686584472656,24791800
2022-09-01 00:00:00-04:00,252.11472424698195,254.08203091326465,248.7450220487838,253.60479736328125,23263400
2022-09-02 00:00:00-04:00,254.87088889880724,257.8315379852467,247.8295467479486,249.3780517578125,22855400
2022-09-06 00:00:00-04:00,249.51438808388207,251.10182772851883,245.36554468319423,246.641357421875,21328200
2022-09-07 00:00:00-04:00,248.05350541427129,252.0757214167778,246.6121307279229,251.35504150390625,24126700
2022-09-08 00:00:00-04:00,250.79021068457934,253.63399578598168,248.14117383130036,251.77383422851562,20319900
2022-09-09 00:00:00-04:00,253.7022135226594,258.3087941645709,253.49770182602154,257.5588684082031,22084700
2022-09-12 00:00:00-04:00,258.84432774315553,260.4707612784454,258.2405117297252,259.6916198730469,18747700
2022-09-13 00:00:00-04:00,252.08548374554073,253.60477266828747,245.02467481719648,245.41424560546875,33353300
2022-09-14 00:00:00-04:00,246.9140727462819,247.5958031065258,243.3398440584392,245.6382598876953,23913000
2022-09-15 00:00:00-04:00,243.2522022753674,244.83965696947544,237.65224976242436,238.9767608642578,31530900
2022-09-16 00:00:00-04:00,237.8859696087846,238.89883887380557,235.7433821243887,238.35345458984375,39791800
2022-09-19 00:00:00-04:00,236.1426981198614,238.74302215341444,234.56497709875475,238.1392059326172,26826900
2022-09-20 00:00:00-04:00,235.7531410045641,237.15555142732097,233.3865446237342,236.1232147216797,26660300
2022-09-21 00:00:00-04:00,237.89568781443512,241.19722391131666,232.66580985308437,232.71450805664062,28625600
2022-09-22 00:00:00-04:00,231.66268439442186,237.49637834728918,231.37052490044928,234.6915283203125,31061200
2022-09-23 00:00:00-04:00,233.28913142247737,234.83765123018225,229.0623884800835,231.71141052246094,34176000
2022-09-26 00:00:00-04:00,230.8641061836128,235.14928080942127,230.71801156599744,231.253662109375,27694200
2022-09-27 00:00:00-04:00,233.71764626825262,235.49015995931182,228.38065266127452,230.24081420898438,27018700
2022-09-28 00:00:00-04:00,230.6303919063113,236.0063505305547,228.6046681513702,234.77923583984375,29029700
2022-09-29 00:00:00-04:00,232.65611046193365,233.68844714288159,228.29302124296953,231.30238342285156,27484200
2022-09-30 00:00:00-04:00,232.0717487914595,234.26303440769513,226.65684093525877,226.82240295410156,35694800
2022-10-03 00:00:00-04:00,229.2669257521109,235.30513236136022,228.53649717371928,234.4578399658203,28880400
2022-10-04 00:00:00-04:00,238.69429935915923,243.82678128918718,238.58716924773375,242.38540649414062,34888400
2022-10-05 00:00:00-04:00,239.57085631326893,244.04107595060205,237.7301767649195,242.69708251953125,20347100
2022-10-06 00:00:00-04:00,241.46019588133413,243.80730987931113,239.65848102253324,240.34994506835938,20239900
2022-10-07 00:00:00-04:00,234.61365108204038,235.02270415917158,227.08537143722725,228.12745666503906,37769600
2022-10-10 00:00:00-04:00,226.96849528328906,228.43908604327487,220.81341039260693,223.2676544189453,29743600
2022-10-11 00:00:00-04:00,221.68016821094162,223.0825932627072,218.26176829271705,219.52784729003906,30474000
2022-10-12 00:00:00-04:00,219.51809045913137,221.91390230903218,218.1156803208289,219.8589630126953,21903900
2022-10-13 00:00:00-04:00,214.1129677426173,229.93892011570614,213.4117551255457,228.12745666503906,42551800
2022-10-14 00:00:00-04:00,229.39350803929838,231.04915792889818,222.38139712434594,222.5956573486328,30198600
2022-10-17 00:00:00-04:00,229.66623513189379,232.72429558367523,229.00397214596376,231.33160400390625,28142300
2022-10-18 00:00:00-04:00,236.89262047978178,237.56460234171377,229.22797922396435,232.27630615234375,26329600
2022-10-19 00:00:00-04:00,230.85437475930172,233.3573170929322,228.17613670425018,230.30899047851562,19985700
2022-10-20 00:00:00-04:00,229.61750568038707,235.01293095415457,228.7409825706679,229.98757934570312,21811000
2022-10-21 00:00:00-04:00,228.61439693552748,236.65884448891248,228.3806544553497,235.8018035888672,26299700
2022-10-24 00:00:00-04:00,237.3990102771564,241.37254333610227,235.00321297699924,240.79794311523438,24911200
2022-10-25 00:00:00-04:00,240.8076725980602,244.4890312031249,239.41499599959158,244.11895751953125,34775500
2022-10-26 00:00:00-04:00,225.1375662552775,232.08151209348918,224.05653135483254,225.28366088867188,82543200
2022-10-27 00:00:00-04:00,225.01093027224846,227.59178658537854,219.8881970156547,220.8328857421875,40424600
2022-10-28 00:00:00-04:00,220.3362269405368,230.42588124641725,220.15118265114296,229.7149200439453,40647700
2022-10-31 00:00:00-04:00,227.65994900462596,228.7896819818967,225.11805723606972,226.07249450683594,28357300
2022-11-01 00:00:00-04:00,228.47801919732643,229.58826981819857,221.3977287774061,222.21580505371094,30592300
2022-11-02 00:00:00-04:00,223.47221044017567,225.26419177373762,214.29801379815703,214.35646057128906,38407000
2022-11-03 00:00:00-04:00,214.34665683470016,214.65831343540998,208.39609921791416,208.6590576171875,36633900
2022-11-04 00:00:00-04:00,211.87297194348153,215.80754042041704,207.86047444612015,215.61276245117188,36789100
2022-11-07 00:00:00-05:00,216.1971255856238,222.44959243568516,215.5056466591579,221.92367553710938,33498000
2022-11-08 00:00:00-05:00,222.73202097791747,225.6050371166513,219.9466527031385,222.8975830078125,28192500
2022-11-09 00:00:00-05:00,221.43670467861034,222.66383409917907,218.4760409587585,218.65133666992188,27852900
2022-11-10 00:00:00-05:00,229.2863603198829,236.9802158270735,228.86758846132082,236.63934326171875,46268000
2022-11-11 00:00:00-05:00,236.64912297920634,241.51864677914438,235.61677145070936,240.66160583496094,34620200
2022-11-14 00:00:00-05:00,235.67520929864517,237.54510458377084,232.9677553572084,235.24668884277344,31123300
2022-11-15 00:00:00-05:00,239.2494265791224,240.55445528008838,233.76633849082606,235.6557159423828,31390100
2022-11-16 00:00:00-05:00,237.12064919463364,238.10707440959575,234.80599539375268,236.0854034423828,24093300
2022-11-17 00:00:00-05:00,232.22766434937833,237.5699370972691,232.0811729185345,236.03659057617188,23123500
2022-11-18 00:00:00-05:00,237.82387701389203,238.0485170933891,233.44849211403692,235.5873565673828,27613500
2022-11-21 00:00:00-05:00,235.79244700156886,238.95679628172485,235.55806069358533,236.39797973632812,26394700
2022-11-22 00:00:00-05:00,237.90201790004144,239.58185601879657,235.08927783112682,239.3083953857422,19665700
2022-11-23 00:00:00-05:00,239.38653344831891,242.48251023756336,238.56615153433665,241.79885864257812,19508500
2022-11-25 00:00:00-05:00,241.53513287897812,242.8926747923449,240.9686745039961,241.7109375,9200800
2022-11-28 00:00:00-05:00,240.33386298973988,240.89054534482318,235.17715584666723,236.11473083496094,24778200
2022-11-29 00:00:00-05:00,235.76314670175077,237.12068869969116,232.64764779898533,234.7181396484375,17956300
2022-11-30 00:00:00-05:00,234.95251010235393,249.36784723041217,234.25908259878403,249.18228149414062,47594200
2022-12-01 00:00:00-05:00,247.9419383198584,250.13939911455438,245.0608260361984,248.7427978515625,26041500
2022-12-02 00:00:00-05:00,243.98656575661812,250.08084861229074,243.85959656296245,249.0651397705078,21528500
2022-12-05 00:00:00-05:00,246.1254143356651,247.8931622994036,242.26765211709426,244.35768127441406,23435300
2022-12-06 00:00:00-05:00,244.96319927673994,245.97890805258777,238.08757944681767,239.3962860107422,22463700
2022-12-07 00:00:00-05:00,239.11303779534455,240.4119830868465,236.5542215277534,238.6637725830078,20481500
2022-12-08 00:00:00-05:00,239.1228268856705,242.93176834963776,237.38439220863714,241.623046875,22611800
2022-12-09 00:00:00-05:00,238.98606611554322,242.51177046904638,238.45868208288636,239.6892547607422,20609700
2022-12-12 00:00:00-05:00,241.67189534620834,246.6430373039938,241.39843470154545,246.61373901367188,30665100
2022-12-13 00:00:00-05:00,255.57939880643437,257.7573378255037,247.16068525524142,250.92079162597656,42196900
2022-12-14 00:00:00-05:00,251.1258349994924,256.4583317412534,248.3716768672205,251.21372985839844,35410900
2022-12-15 00:00:00-05:00,247.7954748351082,248.26426235147312,241.564447199208,243.19544982910156,35560400
2022-12-16 00:00:00-05:00,242.74618523388142,244.00605626723987,237.82386444207205,238.976318359375,86102000
2022-12-19 00:00:00-05:00,239.14236978569437,239.48420303255193,233.13598200938617,234.83534240722656,29696400
2022-12-20 00:00:00-05:00,233.80987149856165,237.23792059289175,232.85275921382146,236.15383911132812,25150800
2022-12-21 00:00:00-05:00,236.04637204350925,239.88459664487903,234.5032643589745,238.72238159179688,23690600
2022-12-22 00:00:00-05:00,235.62640311504308,236.33936782887625,228.40896543431774,232.6280975341797,28651700
2022-12-23 00:00:00-05:00,230.5966555298247,233.29220210096452,228.47732844087844,233.1554718017578,21207000
2022-12-27 00:00:00-05:00,233.1262097908691,233.3508349811279,230.32323076974535,231.42684936523438,16688600
2022-12-28 00:00:00-05:00,231.35845128578754,234.122370583587,228.70196400671827,229.05355834960938,17457100
2022-12-29 00:00:00-05:00,230.14739203902258,236.27098706875256,230.14739203902258,235.38223266601562,19770700
2022-12-30 00:00:00-05:00,232.64762583994687,234.35676203802836,231.13381651257768,234.22003173828125,21938500
2023-01-03 00:00:00-05:00,237.40391403529475,240.011565882423,231.85653825258547,233.9856414794922,25740000
2023-01-04 00:00:00-05:00,226.85608843916458,227.43230792474532,220.683672878356,223.75035095214844,50623400
2023-01-05 00:00:00-05:00,221.89475759426676,222.23659087128834,216.5817820693461,217.1189422607422,39585600
2023-01-06 00:00:00-05:00,217.79282338281794,220.48837045082183,214.2280589162467,219.67774963378906,43613600
2023-01-09 00:00:00-05:00,221.16222088392175,225.840379162237,221.12316147080284,221.8165740966797,27369800
2023-01-10 00:00:00-05:00,222.4416512068121,225.90875938940619,222.0216991383432,223.50621032714844,27033900
2023-01-11 00:00:00-05:00,225.88923313752792,230.44042291749267,225.7134433987462,230.26463317871094,28669300
2023-01-12 00:00:00-05:00,229.76651770584309,234.29817003437267,228.10621681309263,232.9406280517578,27269500
2023-01-13 00:00:00-05:00,231.46589026262427,233.78054439645499,229.4344578762405,233.64381408691406,21333300
2023-01-17 00:00:00-05:00,232.41322563168038,235.28457684093857,231.5537695139473,234.73765563964844,29831300
2023-01-18 00:00:00-05:00,235.9291902032741,236.72027379093637,230.0204586660314,230.30368041992188,30028700
2023-01-19 00:00:00-05:00,228.32107414949724,230.02044931118633,225.2934553321454,226.51426696777344,28623000
2023-01-20 00:00:00-05:00,229.37584660771927,235.11854904554423,229.03401340452106,234.61068725585938,35389800
2023-01-23 00:00:00-05:00,235.4701667569778,239.4451219045726,234.05401326238723,236.9156036376953,31934000
2023-01-24 00:00:00-05:00,236.83746410442902,238.2536026618758,234.82556885560982,236.38819885253906,40234400
2023-01-25 00:00:00-05:00,229.00471246415324,237.61876602103504,225.50830635326923,234.9915771484375,66526600
2023-01-26 00:00:00-05:00,237.96058467842803,242.51177377679628,236.3491193709835,242.20901489257812,33454500
2023-01-27 00:00:00-05:00,243.17591612262385,243.99629796325885,241.06635004457462,242.36529541015625,26498900
2023-01-30 00:00:00-05:00,238.80051357034338,239.86507262695676,236.54445608504085,237.0425567626953,25867400
2023-01-31 00:00:00-05:00,237.765276343828,242.16019832764178,237.2769516789598,242.02346801757812,26541100
2023-02-01 00:00:00-05:00,242.2090597181009,249.22139550351955,239.73813784140154,246.84814453125,31259900
2023-02-02 00:00:00-05:00,252.7764151835844,258.5093426268986,251.2430684097747,258.42144775390625,39940400
2023-02-03 00:00:00-05:00,253.4795673448407,258.0307566536459,251.09654067147537,252.31735229492188,29077300
2023-02-06 00:00:00-05:00,251.42861440323966,252.26851854905965,248.83072352097895,250.7742462158203,22518000
2023-02-07 00:00:00-05:00,254.44644293620124,262.49402369384705,254.00693882575916,261.3122863769531,50841400
2023-02-08 00:00:00-05:00,266.82056937089936,270.2974380864951,259.9937712976358,260.50164794921875,54686000
2023-02-09 00:00:00-05:00,267.4066092650487,267.5824288189988,256.6634652436556,257.4643249511719,42375100
2023-02-10 00:00:00-05:00,255.42304410361132,257.92326347563693,254.57336413487155,256.9563903808594,25818500
2023-02-13 00:00:00-05:00,261.39043477453396,268.187905604371,260.9118563468283,264.9844970703125,44630900
2023-02-14 00:00:00-05:00,266.3029914231284,268.5492730065141,262.9921358196889,265.8146667480469,37047900
2023-02-15 00:00:00-05:00,262.71093736345534,265.07056133423544,260.6156584468026,263.6900329589844,28922400
2023-02-16 00:00:00-05:00,258.5007952473413,261.16393632712175,256.42511747097006,256.6698913574219,29603600
2023-02-17 00:00:00-05:00,253.96761913922532,254.65296812365867,250.64847075073527,252.6654052734375,30000100
2023-02-21 00:00:00-05:00,249.1602681162162,250.14916432899577,246.33068215712393,247.3881072998047,28397400
2023-02-22 00:00:00-05:00,248.7784185084387,249.0231924291892,245.10680969718095,246.25234985351562,22491100
2023-02-23 00:00:00-05:00,250.21766227886485,251.47090341728688,245.24385497458428,249.44418334960938,29219100
2023-02-24 00:00:00-05:00,244.7346983443872,245.75295101011565,242.9135802612218,244.01016235351562,24990900
2023-02-27 00:00:00-05:00,247.18246470486716,247.5349396941545,244.17663424902608,244.9305419921875,21190000
2023-02-28 00:00:00-05:00,243.86333443445264,246.23274385931393,243.53043059507243,244.2060089111328,22491000
2023-03-01 00:00:00-05:00,245.51800152780746,245.68444598313184,240.6518953145832,241.1218719482422,27565300
2023-03-02 00:00:00-05:00,241.3960138819759,246.14461839541934,240.47566166300976,245.86068725585938,24808200
2023-03-03 00:00:00-05:00,246.91810564854498,250.27639616638209,246.1348262316736,249.9532928466797,30760100
2023-03-06 00:00:00-05:00,251.06947021639408,254.68233526542298,250.62888019720313,251.50027465820312,24109800
2023-03-07 00:00:00-05:00,250.94216175111166,252.30311882234795,248.09300523382876,248.8371124267578,21473200
2023-03-08 00:00:00-05:00,248.72943432146894,249.21898211098042,245.56695978437247,248.39654541015625,17340200
2023-03-09 00:00:00-05:00,250.47221383190455,254.13402137976527,246.320843602342,247.04537963867188,26653400
2023-03-10 00:00:00-05:00,245.83132500399927,247.5055701134534,242.42407649965673,243.39337158203125,28333900
2023-03-13 00:00:00-04:00,242.22824622027488,252.51855056988012,240.59315835594796,248.61195373535156,33339700
2023-03-14 00:00:00-04:00,251.38282386645614,255.6125245102181,250.51142928102576,255.33837890625,33620300
2023-03-15 00:00:00-04:00,254.54529007919024,260.9094116100634,253.79136732872547,259.8911437988281,46028000
2023-03-16 00:00:00-04:00,259.66589855598056,270.77863800186395,257.77625148946686,270.4261779785156,54768800
2023-03-17 00:00:00-04:00,272.4431589301929,277.4071510542046,270.54371102205045,273.58868408203125,69527400
2023-03-20 00:00:00-04:00,271.18982619723556,271.6793738458755,264.20887194689146,266.53912353515625,43466600
2023-03-21 00:00:00-04:00,269.1338043529948,269.2512910447104,263.8858363792266,268.0567932128906,34558700
2023-03-22 00:00:00-04:00,267.68471260704814,275.16501681749725,266.49021486222443,266.5979309082031,34873300
2023-03-23 00:00:00-04:00,272.1297973919541,275.1845704783979,269.4470853649454,271.85565185546875,36610900
2023-03-24 00:00:00-04:00,271.44445936393123,274.76360784861777,269.52544032042374,274.7048645019531,28172000
2023-03-27 00:00:00-04:00,274.6362546679593,275.5761778684438,269.7603489086351,270.6023864746094,26840200
2023-03-28 00:00:00-04:00,270.02476204854537,270.3674514567512,266.3629244825979,269.4764709472656,21878600
2023-03-29 00:00:00-04:00,273.12850204608293,275.26295317695,272.590011414313,274.6461181640625,25087000
2023-03-30 00:00:00-04:00,278.28835097959796,278.51352384288515,275.59583810054556,278.1120910644531,25053400
2023-03-31 00:00:00-04:00,277.7988401677379,283.2230089583457,277.0840895334759,282.2732849121094,32766000
2023-04-03 00:00:00-04:00,280.5304371238125,282.243854280698,278.01418435050056,281.2256164550781,24883300
2023-04-04 00:00:00-04:00,281.2256389673713,284.3783279836004,279.6982522270493,281.1766662597656,25824300
2023-04-05 00:00:00-04:00,279.8744397816824,281.1472519122107,277.0056972902033,278.39599609375,22064800
2023-04-06 00:00:00-04:00,277.2896759756227,285.97424977654526,276.1343502576284,285.5043029785156,29770300
2023-04-10 00:00:00-04:00,283.16422470598815,283.54608632492165,278.758294590068,283.3404846191406,23103000
2023-04-11 00:00:00-04:00,279.77657491179383,280.0017776622644,275.7525062342862,276.9176025390625,27276600
2023-04-12 00:00:00-04:00,278.83665451028776,281.01024801713993,276.0657971281388,277.5638122558594,27403400
2023-04-13 00:00:00-04:00,277.6616894967238,283.8397797166335,277.2504861189615,283.7810363769531,24222700
2023-04-14 00:00:00-04:00,281.0004245840228,282.4494967636299,277.7596206838942,280.1584167480469,20987900
2023-04-17 00:00:00-04:00,283.86916963303577,285.5042723715686,280.17799011428394,282.7627868652344,23836200
2023-04-18 00:00:00-04:00,285.47488392928074,285.6609144658387,281.0102108111372,282.3417663574219,20161800
2023-04-19 00:00:00-04:00,280.01156908541924,283.0075995306708,278.5918982512192,282.420166015625,17150300
2023-04-20 00:00:00-04:00,279.2870204448904,282.988000624926,279.12056104553,280.1290283203125,23244400
2023-04-21 00:00:00-04:00,279.0520552301976,280.285695406569,277.1428067987354,279.786376953125,21676400
2023-04-24 00:00:00-04:00,276.19304795792937,278.9932766450886,272.8935008803915,275.8797302246094,26611000
2023-04-25 00:00:00-04:00,273.6670342373716,275.7133405569095,269.6135639108985,269.66253662109375,45772200
2023-04-26 00:00:00-04:00,290.4976789797235,293.307678595242,286.61066821898174,289.1954650878906,64599200
2023-04-27 00:00:00-04:00,289.7829002150644,298.81996255788124,289.0779502504288,298.4576721191406,46462600
2023-04-28 00:00:00-04:00,297.65485346356644,302.4719869299771,296.9694746134844,300.8369140625,36469600
2023-05-01 00:00:00-04:00,300.55292192498604,302.1488522384796,298.77096109153786,299.1723937988281,21294100
2023-05-02 00:00:00-04:00,301.32645423519284,302.7167531753242,297.556930414214,299.02557373046875,26404400
2023-05-03 00:00:00-04:00,300.2102447245278,302.1586351255935,297.7331344095427,298.0366516113281,22360800
2023-05-04 00:00:00-04:00,299.83820988509484,301.32645423519284,297.05758212520743,299.02557373046875,22519900
2023-05-05 00:00:00-04:00,299.32916239843746,305.4485110099785,297.9094615687072,304.1560974121094,28197100
2023-05-08 00:00:00-04:00,303.6468563494258,303.7154001974436,299.6913026300948,302.1977844238281,21318600
2023-05-09 00:00:00-04:00,301.5614319841714,303.5587952895824,299.90675810012203,300.58233642578125,21340800
2023-05-10 00:00:00-04:00,302.16847643254437,306.4569199007131,301.23835354911984,305.7813415527344,30078000
2023-05-11 00:00:00-04:00,303.61754869817486,304.6162154441753,299.8578252148701,303.6273193359375,31680200
2023-05-12 00:00:00-04:00,304.05806599089743,304.15598150729573,300.19065706993734,302.5111083984375,19774700
2023-05-15 00:00:00-04:00,302.6384456998606,303.42171020151784,301.16000183238515,302.99090576171875,16336500
2023-05-16 00:00:00-04:00,303.35312967414006,307.1520247952151,303.35312967414006,305.22320556640625,26730300
2023-05-17 00:00:00-04:00,306.4302184961671,308.5300480995956,304.9092846315615,308.1081237792969,24315000
2023-05-18 00:00:00-04:00,308.6281218082049,313.0535052333268,307.83332313670064,312.5432434082031,27276000
2023-05-19 00:00:00-04:00,310.79665472761,312.7689485029045,310.43360222955846,312.36663818359375,27546700
2023-05-22 00:00:00-04:00,312.62177529023154,316.53689709363704,312.04284968121516,315.1533508300781,24115700
2023-05-23 00:00:00-04:00,314.02490557674435,316.6644323894991,309.33459944590936,309.34442138671875,30797200
2023-05-24 00:00:00-04:00,308.8243994042462,310.5611762447715,306.7441540494219,307.9609069824219,23384900
2023-05-25 00:00:00-04:00,317.1746779116198,320.76600484441417,313.99548322633484,319.8044128417969,43301700
2023-05-26 00:00:00-04:00,317.940028599587,327.14402564243557,317.80267115227514,326.64361572265625,36630600
2023-05-30 00:00:00-04:00,328.93970446554357,329.44011438601143,324.318062056043,324.9951171875,29503100
2023-05-31 00:00:00-04:00,326.0549025994876,329.636407832276,321.18795072131485,322.22808837890625,45950600
2023-06-01 00:00:00-04:00,319.81417396933864,327.271571965158,318.626887047571,326.3393859863281,26773900
2023-06-02 00:00:00-04:00,327.9780910808691,331.16710767327845,326.30997811609336,329.10650634765625,25873800
2023-06-05 00:00:00-04:00,328.92986157492777,332.20718550871004,328.3803719300385,329.6363525390625,21307100
2023-06-06 00:00:00-04:00,329.0377646573877,329.0770224712291,325.9370860974944,327.4187316894531,20396200
2023-06-07 00:00:00-04:00,325.4268516357255,328.21355775333575,316.44854992905215,317.3120422363281,40717100
2023-06-08 00:00:00-04:00,317.8615607379673,320.51090965341575,317.28263514872793,319.15679931640625,23277700
2023-06-09 00:00:00-04:00,318.8918385067795,323.79801789828633,318.32273487313944,320.6580810546875,22529000
2023-06-12 00:00:00-04:00,322.4144778795906,325.8684474019989,319.05866788081994,325.6231384277344,24260300
2023-06-13 00:00:00-04:00,328.19397978099306,330.65689152573293,324.1905503980353,328.0173645019531,22951300
2023-06-14 00:00:00-04:00,328.06639373925447,332.678214257829,326.5651040717086,331.0101013183594,26003800
2023-06-15 00:00:00-04:00,331.1474868081879,343.2755475907916,330.87274196684893,341.5682067871094,38899100
2023-06-16 00:00:00-04:00,344.72776317523534,344.8749425539983,335.5335886609157,335.90643310546875,46552000
2023-06-20 00:00:00-04:00,332.9431539372829,335.66116662544215,329.55787807274623,331.706787109375,26375400
2023-06-21 00:00:00-04:00,330.0582649391525,331.3927611325537,325.83896318569987,327.3009948730469,25117800
2023-06-22 00:00:00-04:00,327.8505573652322,333.7379731827186,327.0851945067568,333.3356628417969,23556800
2023-06-23 00:00:00-04:00,328.08602328651534,331.6184785385029,327.19312496325193,328.733642578125,23146900
2023-06-26 00:00:00-04:00,327.4580354070177,329.8031735626045,322.326161031866,322.4341125488281,21520600
2023-06-27 00:00:00-04:00,325.63294331118817,329.8424538607447,323.120981710903,328.2921142578125,24354100
2023-06-28 00:00:00-04:00,328.38036172264015,331.63807161960625,327.5463053409856,329.54803466796875,20259500
2023-06-29 00:00:00-04:00,328.4294449258427,329.8031691350396,326.37866558051627,328.7630615234375,16997000
2023-06-30 00:00:00-04:00,331.41239860594516,336.2989637756356,330.87273088226857,334.1500549316406,26832800
2023-07-03 00:00:00-04:00,332.8254444079519,334.50334959936004,330.25461085463917,331.64794921875,12508700
2023-07-05 00:00:00-04:00,328.8022612946781,335.2391649770495,328.4490308225056,331.8048400878906,18172400
2023-07-06 00:00:00-04:00,330.97085581956964,336.5540904646997,329.20464318433727,334.8663635253906,28161200
2023-07-07 00:00:00-04:00,332.9529965456345,335.3766505894666,330.6765219083215,330.89239501953125,21214800
2023-07-10 00:00:00-04:00,328.3215584005841,328.93974184694355,321.4430847345039,325.603515625,32791400
2023-07-11 00:00:00-04:00,324.8480208883422,326.61423389045996,320.86420471771817,326.2315673828125,26698200
2023-07-12 00:00:00-04:00,330.2839941982709,335.23922327928665,329.37145204151966,330.87274169921875,29995300
2023-07-13 00:00:00-04:00,333.18847871055397,337.2900378184535,332.6586029099094,336.2303161621094,20567200
2023-07-14 00:00:00-04:00,341.06778168374007,344.8357239330472,337.84932914089796,338.7618713378906,28352700
2023-07-17 00:00:00-04:00,339.19362653573205,340.4790431987355,335.77894468986676,339.2427062988281,20363900
2023-07-18 00:00:00-04:00,339.3408199849451,359.8977253924033,335.74952271110794,352.7445068359375,64738600
2023-07-19 00:00:00-04:00,354.96212416292167,355.65879334061907,345.8268193685884,348.4172668457031,39732900
2023-07-20 00:00:00-04:00,346.9355902267656,351.25302227091294,338.88944373248916,340.3612976074219,33778400
2023-07-21 00:00:00-04:00,342.5985119949176,343.72692730245325,333.45338612673345,337.3194580078125,69405400
2023-07-24 00:00:00-04:00,339.36050395760896,340.4104337490704,335.8869198528877,338.6343688964844,26678100
2023-07-25 00:00:00-04:00,340.59681755620375,345.28715443801974,338.5951176532345,344.39422607421875,41637700
2023-07-26 00:00:00-04:00,335.0331862626318,338.20258898250944,326.8594744910843,331.4320373535156,58383700
2023-07-27 00:00:00-04:00,334.0912153820297,334.92524195448044,322.87566610660525,324.51434326171875,39635300
2023-07-28 00:00:00-04:00,327.4089917663005,333.630023699817,326.91837382253794,332.0207824707031,28484900
2023-07-31 00:00:00-04:00,330.5980267133625,331.36338955022967,327.10479921092735,329.6167907714844,25446000
2023-08-01 00:00:00-04:00,328.9004543649791,332.1876005255044,327.43842249793084,330.02886962890625,18311900
2023-08-02 00:00:00-04:00,327.3697167947092,327.3697167947092,320.23611310138045,321.354736328125,27761300
2023-08-03 00:00:00-04:00,319.88289830105487,323.6900983235589,319.83384848481404,320.530517578125,18253700
2023-08-04 00:00:00-04:00,325.65258996189004,328.85142872245865,321.0996408070944,321.6295166015625,23741500
2023-08-07 00:00:00-04:00,322.20846094214573,324.8970380032119,321.3744043520865,323.9158020019531,17741500
2023-08-08 00:00:00-04:00,320.82490464522823,322.58132541763825,316.9392185852385,319.9319763183594,22327600
2023-08-09 00:00:00-04:00,320.3441472563633,320.972122782112,315.0258344768322,316.1837158203125,22373300
2023-08-10 00:00:00-04:00,319.9025293676403,322.1005182288563,315.15335102644235,316.8705139160156,20113700
2023-08-11 00:00:00-04:00,314.25064527888804,316.3602966518782,313.22032953048887,314.986572265625,24355500
2023-08-14 00:00:00-04:00,315.3594171589749,317.97930021692355,314.07397059332675,317.9596862792969,18836100
2023-08-15 00:00:00-04:00,316.9391798843772,318.9899592196478,314.87857860821487,315.820556640625,16966300
2023-08-16 00:00:00-04:00,315.44693875811095,319.0065586089997,314.46362532057526,315.0536193847656,20698900
2023-08-17 00:00:00-04:00,315.19127673474406,316.4990703161301,310.93351302834594,311.59234619140625,21257200
2023-08-18 00:00:00-04:00,309.24222157279775,313.0673251029197,306.35127777604174,311.19903564453125,24755000
2023-08-21 00:00:00-04:00,312.6248113327521,317.384044424445,311.7496780411196,316.5089111328125,24040000
2023-08-22 00:00:00-04:00,320.0685355111108,320.63884412186707,316.0959406772382,317.0792541503906,16084600
2023-08-23 00:00:00-04:00,318.41655808292467,323.7067890708429,318.0625496482568,321.5434875488281,21166400
2023-08-24 00:00:00-04:00,327.2959118230331,327.42374738223793,314.6209861195301,314.6308288574219,23281400
2023-08-25 00:00:00-04:00,316.1057329442358,319.9308061397361,313.4802731864356,317.5905456542969,21684100
2023-08-28 00:00:00-04:00,320.2258392914253,320.70765324549666,316.35158216920695,318.2985534667969,14808500
2023-08-29 00:00:00-04:00,316.50895667061496,323.4904885771926,316.50895667061496,322.92999267578125,19284600
2023-08-30 00:00:00-04:00,323.1855960723184,324.30655763191555,321.0026393422181,323.3035888671875,15222100
2023-08-31 00:00:00-04:00,323.7067756652974,325.3882331373902,321.32714408962795,322.2908020019531,26411000
2023-09-01 00:00:00-04:00,325.78155572289427,326.45020162379865,321.32714728180537,323.17578125,14942000
2023-09-05 00:00:00-04:00,323.51012766421536,329.26251739486815,323.17580468951513,327.98419189453125,18553900
2023-09-06 00:00:00-04:00,327.81703513152416,328.87900042913225,324.67042016143193,327.32537841796875,17535800
2023-09-07 00:00:00-04:00,325.7619150807658,327.5220245169093,323.5396171232003,324.4049377441406,18381000
2023-09-08 00:00:00-04:00,324.58195639318825,330.5506766648536,323.96246407391413,328.69219970703125,19530100
2023-09-11 00:00:00-04:00,331.61266336112385,332.772996196224,329.83286817531194,332.3009948730469,16583300
2023-09-12 00:00:00-04:00,330.2163241256409,331.1701393555617,325.9487474293145,326.23388671875,17565500
2023-09-13 00:00:00-04:00,325.78153225775213,331.2290964296317,325.64388399787714,330.4522705078125,16544400
2023-09-14 00:00:00-04:00,333.4906907415561,335.17214803708595,330.95375569932395,333.0482177734375,20267000
2023-09-15 00:00:00-04:00,331.2979901364791,331.76996140047095,324.14928194769504,324.70977783203125,37679800
2023-09-18 00:00:00-04:00,322.3301681622196,324.8867893817978,320.9141942562485,323.56915283203125,16834200
2023-09-19 00:00:00-04:00,320.7273261877417,323.89359635152607,319.095022437881,323.1659240722656,16505900
2023-09-20 00:00:00-04:00,324.0115673587357,324.0902192171902,315.1617478697836,315.4173889160156,21436500
2023-09-21 00:00:00-04:00,313.9326668019127,319.92104220969213,309.74374183349397,314.1981506347656,35560400
2023-09-22 00:00:00-04:00,315.9582625950678,316.0860981358559,310.8745192146817,311.7201843261719,21447900
2023-09-25 00:00:00-04:00,311.3071733116646,312.36916854605823,309.7437086689083,312.2413330078125,17836000
2023-09-26 00:00:00-04:00,309.87149334810135,310.6089782476986,304.84674729451007,306.931396484375,26297600
2023-09-27 00:00:00-04:00,307.08877368705123,309.0554005566663,304.522340026209,307.57061767578125,19410100
2023-09-28 00:00:00-04:00,305.8006285556267,310.2157261834966,304.2863475063599,308.40643310546875,19683600
2023-09-29 00:00:00-04:00,312.4478279409763,314.1391281627372,309.7240606687745,310.481201171875,24147300
2023-10-02 00:00:00-04:00,311.0023577080208,316.51876142882526,309.9207069776333,316.43023681640625,20570000
2023-10-03 00:00:00-04:00,315.47643841498,316.02712155021527,306.0169679036218,308.1606140136719,21033500
2023-10-04 00:00:00-04:00,308.78990640782996,314.69962955610083,308.7604082061058,313.63763427734375,20720100
2023-10-05 00:00:00-04:00,313.7654305243728,314.6405937464886,309.6453454856245,314.0309143066406,16965600
2023-10-06 00:00:00-04:00,311.2678848594474,323.69698224037916,311.02205647778356,321.7991943359375,25673600
2023-10-09 00:00:00-04:00,319.33100051797163,324.78837743803706,317.78719140430474,324.31640625,19891200
2023-10-10 00:00:00-04:00,325.4374015243932,325.57507980738603,322.202321974192,322.9103088378906,20557100
2023-10-11 00:00:00-04:00,325.6832768925731,327.2664273337997,323.64784062292244,326.87310791015625,20063200
2023-10-12 00:00:00-04:00,325.05394288857616,328.0628797237766,323.23480695672527,325.63409423828125,19313100
2023-10-13 00:00:00-04:00,326.8337234807313,328.25950995278436,320.91415741201166,322.2613220214844,21072400
2023-10-16 00:00:00-04:00,325.52583051903275,330.53092123218164,325.0833575736201,327.0893249511719,22158000
2023-10-17 00:00:00-04:00,324.09025768703805,327.8956757176601,321.9466416917106,326.51904296875,18338500
2023-10-18 00:00:00-04:00,326.94182238673613,329.9900995519493,322.82173734889005,324.6015319824219,23153600
2023-10-19 00:00:00-04:00,326.6074881074966,331.25857055625,325.3881892871773,325.7913513183594,25052100
2023-10-20 00:00:00-04:00,326.18471469225653,326.381389371038,320.019350620081,321.218994140625,25027700
2023-10-23 00:00:00-04:00,320.0390055685396,327.1778702783257,318.9770403265237,323.82476806640625,24374700
2023-10-24 00:00:00-04:00,325.77175853047265,326.30275623582304,322.1335164963168,325.0146179199219,31153600
2023-10-25 00:00:00-04:00,339.2628021799774,340.4231348794275,331.98628851300685,334.98541259765625,55053800
2023-10-26 00:00:00-04:00,334.8575484524091,335.9293564408089,321.48448041784866,322.41864013671875,37828500
2023-10-27 00:00:00-04:00,324.91629022673243,331.1013408795519,322.9201649137948,324.306640625,29856500
2023-10-30 00:00:00-04:00,327.8465712297684,333.78579341836826,326.29291903067406,331.6814880371094,22828100
2023-10-31 00:00:00-04:00,333.1957509335175,333.34324194155744,329.10516359659624,332.46807861328125,20265300
2023-11-01 00:00:00-04:00,334.12005094281756,341.6227365899214,333.98237267008375,340.2952575683594,28158800
2023-11-02 00:00:00-04:00,341.4457561237559,343.00922092358684,339.016970678104,342.50775146484375,24348100
2023-11-03 00:00:00-04:00,343.7958468754574,348.47642796304746,341.5342081949656,346.9129333496094,23637700
2023-11-06 00:00:00-05:00,347.55209672635783,351.573844508911,347.45375939501855,350.5806884765625,23828300
2023-11-07 00:00:00-05:00,353.4028281132475,356.41176470087066,351.6623742073379,354.51397705078125,25833900
2023-11-08 00:00:00-05:00,355.6448096480016,357.7982685541479,354.53366062237825,357.13946533203125,26767800
2023-11-09 00:00:00-05:00,356.2544152579837,358.7028859089797,354.3467849553374,354.6712951660156,24847300
2023-11-10 00:00:00-05:00,355.45793871169803,363.92428238869843,355.0449639030692,363.50146484375,28042100
2023-11-13 00:00:00-05:00,362.0756513284613,362.3214796716584,359.79435710159004,360.56134033203125,19986500
2023-11-14 00:00:00-05:00,364.81910296344984,365.7434199318085,361.22017242867213,364.0914306640625,27683900
2023-11-15 00:00:00-05:00,365.8255911591098,367.64841915601704,361.71683864791095,364.2392578125,26860100
2023-11-16 00:00:00-05:00,365.5102557263558,370.8210862145482,364.7417158302642,370.64373779296875,27182300
2023-11-17 00:00:00-05:00,368.12139907477774,368.8702437770121,361.60851893001586,364.4166564941406,40157000
2023-11-20 00:00:00-05:00,365.766486587499,373.304096039392,365.54971735826314,371.8951110839844,52465100
2023-11-21 00:00:00-05:00,370.15113498600977,370.69304303967186,365.66795990773056,367.5893249511719,28423100
2023-11-22 00:00:00-05:00,372.44686262583303,374.2105744423134,369.46137707263404,372.299072265625,23345300
2023-11-24 00:00:00-05:00,371.786716969812,372.41732930761407,369.6289174288519,371.88525390625,10176600
2023-11-27 00:00:00-05:00,371.2447795697606,375.04808851693826,370.6733134944069,373.0478820800781,22179200
2023-11-28 00:00:00-05:00,372.7917190522952,377.3734005384554,372.60450791019576,377.07781982421875,20453100
2023-11-29 00:00:00-05:00,378.122265050378,378.654310364066,371.89510374186113,373.2843933105469,28963400
2023-11-30 00:00:00-05:00,372.9296932561048,374.50619409044,369.95407010737097,373.3435363769531,30554400
2023-12-01 00:00:00-05:00,371.22509383375666,372.6045206628206,365.85514681042775,369.0081481933594,33040500
2023-12-04 00:00:00-05:00,363.6776202294819,364.0914332416113,357.568691355028,363.717041015625,32063300
2023-12-05 00:00:00-05:00,361.0665294174841,367.59910345060933,360.24870603092694,367.0473327636719,23065000
2023-12-06 00:00:00-05:00,368.0523741639695,368.68295635972305,362.62331133398067,363.3819885253906,21182100
2023-12-07 00:00:00-05:00,362.82041555159645,365.99311236097066,360.93847138160504,365.5004577636719,23118900
2023-12-08 00:00:00-05:00,363.776165260302,368.95887115666653,362.8204141424842,368.7322692871094,20154400
2023-12-11 00:00:00-05:00,363.06672692464986,366.140886665869,360.7216863332907,365.84527587890625,27708800
2023-12-12 00:00:00-05:00,365.4019256182351,368.91948670565927,365.0176405940666,368.88006591796875,24838300
2023-12-13 00:00:00-05:00,370.4959322910932,372.09215835732533,365.3230593019992,368.87017822265625,30955500
2023-12-14 00:00:00-05:00,367.8257861452431,368.2691873263225,358.78065463293524,360.55419921875,43277500
2023-12-15 00:00:00-05:00,361.4606868901136,366.9291409353676,360.89905342816303,365.28369140625,78502300
2023-12-18 00:00:00-05:00,364.02244408995057,367.52027922376516,363.2637368697555,367.1754150390625,21802900
2023-12-19 00:00:00-05:00,366.03253362865195,367.77655029296875,364.40677933572755,367.77655029296875,20603700
2023-12-20 00:00:00-05:00,369.49095210036234,370.5058193793613,365.086618748556,365.17529296875,26316700
2023-12-21 00:00:00-05:00,367.08678486250125,368.90961285521604,364.60381655946395,368.0523986816406,17708000
2023-12-22 00:00:00-05:00,368.19037607156224,369.6683400378764,367.2346248372423,369.0771484375,17107500
2023-12-26 00:00:00-05:00,369.49091579531864,371.40241787190627,368.0129521321374,369.1559143066406,12673100
2023-12-27 00:00:00-05:00,368.20016268910763,369.55003135494337,367.33308586365905,368.5745849609375,14905400
2023-12-28 00:00:00-05:00,369.8555199252922,370.92950337498513,368.66330417937627,369.766845703125,14327000
2023-12-29 00:00:00-05:00,370.47623473279145,371.61919693761735,367.9932665377033,370.5156555175781,18730800
2024-01-02 00:00:00-05:00,368.3676650837192,370.37770417291745,361.3818268052928,365.4216003417969,25258600
2024-01-03 00:00:00-05:00,363.58897105283376,367.7765353087628,363.09631643448915,365.1556091308594,23083500
2024-01-04 00:00:00-05:00,365.2246036426734,367.618897973795,361.77602116650127,362.5346984863281,20901500
2024-01-05 00:00:00-05:00,363.54952100172824,366.59412268972636,361.11580618022657,362.3474426269531,21004600
2024-01-08 00:00:00-05:00,363.8746551165755,369.6880031258094,363.5889371144665,369.18548583984375,23134000
2024-01-09 00:00:00-05:00,366.5448504063893,370.46636140674497,365.73688972227416,370.2693176269531,20830000
2024-01-10 00:00:00-05:00,370.84084672720024,378.52627710766996,370.79159329119034,377.1468200683594,25514200
2024-01-11 00:00:00-05:00,380.3292997627019,384.94053897843884,374.79186761868704,378.97943115234375,27850800
2024-01-12 00:00:00-05:00,379.82679903434695,382.9699374994843,378.99914299059964,382.7630310058594,21661200
2024-01-16 00:00:00-05:00,387.8768338056293,388.24139340844187,381.925557656747,384.53662109375,27202300
2024-01-17 00:00:00-05:00,382.28028145481545,384.37896483224864,379.1568380014038,383.7483825683594,22234100
2024-01-18 00:00:00-05:00,385.965331411229,388.201972530476,384.38883063496286,388.083740234375,23392100
2024-01-19 00:00:00-05:00,389.94597903844516,392.813232421875,387.71917062186213,392.813232421875,29331100
2024-01-22 00:00:00-05:00,394.14338194370225,394.73457348742886,387.8078508984798,390.6849670410156,27016900
2024-01-23 00:00:00-05:00,389.9360772632564,393.5127541159421,388.14280748032206,393.039794921875,20525900
2024-01-24 00:00:00-05:00,395.641052600286,399.670963497878,394.56706921313554,396.64605712890625,24867000
2024-01-25 00:00:00-05:00,398.38024160054783,401.03072587810215,396.6165296306349,398.9221496582031,21021200
2024-01-26 00:00:00-05:00,398.42947961915996,400.2030542350716,396.51797735014173,397.9959411621094,17803300
2024-01-29 00:00:00-05:00,400.09469208685323,403.9571177746222,398.3900961723494,403.700927734375,24510200
2024-01-30 00:00:00-05:00,406.2035612023494,406.9819337836752,400.47891742664234,402.58746337890625,33477600
2024-01-31 00:00:00-05:00,400.9814013717962,409.2186014629223,391.3746372046445,391.73919677734375,47871100
2024-02-01 00:00:00-05:00,395.92680994843744,402.00618136275216,395.89725187316617,397.8481750488281,30657700
2024-02-02 00:00:00-05:00,397.8777185090492,406.58784851032016,397.63139120108593,405.1788635253906,28256700
2024-02-05 00:00:00-05:00,403.87823795810993,405.11973718115985,398.05505693610314,399.690673828125,25352300
2024-02-06 00:00:00-05:00,399.91724394896175,401.9765362650589,396.990874853614,399.532958984375,18382600
2024-02-07 00:00:00-05:00,401.45437538113845,408.2135819340869,401.4149545944821,407.9672546386719,22340500
2024-02-08 00:00:00-05:00,407.9672510426615,409.45507751601383,406.46959192466915,408.0263671875,21225300
2024-02-09 00:00:00-05:00,409.14960835834074,414.63778732343934,408.991955292265,414.3717346191406,22032800
2024-02-12 00:00:00-05:00,414.3816422071808,414.55899064975375,408.65699805765166,409.1595153808594,21202900
2024-02-13 00:00:00-05:00,398.9910986093642,404.04573947399683,397.4638814201037,400.350830078125,27824900
2024-02-14 00:00:00-05:00,402.81865792132635,404.5658693954015,399.3636985334278,404.2203674316406,20401200
2024-02-15 00:00:00-05:00,402.88774815292464,403.8649984148582,399.0872869539498,401.32806396484375,21825500
2024-02-16 00:00:00-05:00,402.71006595192074,403.0358361421353,398.24824344009687,398.8602600097656,22296500
2024-02-20 00:00:00-05:00,398.05078888046796,399.284702922107,392.8881118101571,397.6065979003906,24307900
2024-02-21 00:00:00-05:00,395.0203117904289,397.1130251474651,392.10826265454955,397.0044250488281,18518900
2024-02-22 00:00:00-05:00,404.91139681164196,407.51740782025877,403.3122489001272,406.35260009765625,27009900
2024-02-23 00:00:00-05:00,410.3208439519873,410.5083711673126,403.70705278478863,405.0594177246094,16295900
2024-02-26 00:00:00-05:00,406.16503956653713,406.8560435321,402.11779517864807,402.2955017089844,16193500
2024-02-27 00:00:00-05:00,402.7396530048111,403.06542317425317,398.6529454575257,402.2362365722656,14835800
2024-02-28 00:00:00-05:00,402.9272164600946,404.03279861285756,400.10403561463596,402.47314453125,13183100
2024-02-29 00:00:00-05:00,403.38135996606263,408.8698077347499,400.69636155135646,408.3170166015625,31947300
2024-03-01 00:00:00-05:00,405.9774695070198,410.51827940686405,405.5925039738578,410.1530456542969,17823400
2024-03-04 00:00:00-05:00,408.11954029802524,411.97922704270553,407.0139581345592,409.58050537109375,17596000
2024-03-05 00:00:00-05:00,408.63280421712244,408.9190806868407,395.4842401361531,397.4683532714844,26919200
2024-03-06 00:00:00-05:00,397.784299256291,399.94611920290095,393.26325117893276,396.9156188964844,22344100
2024-03-07 00:00:00-05:00,400.8937223940283,404.50662623949256,397.06364847725683,403.8748779296875,18718500
2024-03-08 00:00:00-05:00,402.71006091285966,405.1384255054804,399.12676961447175,400.9924621582031,18002200
2024-03-11 00:00:00-04:00,398.5641013130945,400.4593763393833,396.096273323242,399.3143005371094,16120800
2024-03-12 00:00:00-04:00,402.37445324131755,410.22215907857986,401.5551475222323,409.9358825683594,22457000
2024-03-13 00:00:00-04:00,412.7195723945268,412.7985296378199,406.1551557542081,409.7581787109375,17115900
2024-03-14 00:00:00-04:00,414.83200064539375,422.31447191746963,412.6109554732492,419.7479248046875,34157300
2024-03-15 00:00:00-04:00,413.8942801973478,417.16168230340674,407.4779269181007,411.06121826171875,45079900
2024-03-18 00:00:00-04:00,408.9191456409196,415.31576738207366,408.45519271968817,411.94964599609375,20106000
2024-03-19 00:00:00-04:00,412.4530526322829,416.2436632864421,410.20239450160744,415.98699951171875,19837900
2024-03-20 00:00:00-04:00,416.56942843935633,420.4784601385664,415.2466760493423,419.75787353515625,17860100
2024-03-21 00:00:00-04:00,424.29858485051125,425.275865210535,421.6629614511562,423.8445129394531,21296200
2024-03-22 00:00:00-04:00,424.17032397071773,424.3282384659813,420.58703259669744,423.22265625,17648500
2024-03-25 00:00:00-04:00,419.76771231939466,421.90980053588714,416.18442081257615,417.4183349609375,18060500
2024-03-26 00:00:00-04:00,420.13293899173254,420.50805370647623,415.92778013004056,416.2239074707031,16725600
2024-03-27 00:00:00-04:00,418.9780192938283,418.987900246969,413.61790346357526,416.0067443847656,16705000
2024-03-28 00:00:00-04:00,415.54274902029323,416.4410420434957,413.7264311944793,415.30584716796875,21871200
2024-04-01 00:00:00-04:00,418.494337158426,422.3836369877504,416.78658912173853,419.1063537597656,16316000
2024-04-02 00:00:00-04:00,414.7037001138204,416.94450735898084,412.4629229935154,416.0166015625,17912000
2024-04-03 00:00:00-04:00,414.32863193386083,417.8132042224073,413.6968534411064,415.03936767578125,16502300
2024-04-04 00:00:00-04:00,419.52089960464946,423.1535654935394,412.1964026116657,412.5024108886719,19370900
2024-04-05 00:00:00-04:00,414.60502494858775,421.0213783675685,412.9367706496642,420.0440979003906,16554800
2024-04-08 00:00:00-04:00,419.698621129678,421.7814536782747,417.85266032435015,419.1260681152344,14272400
2024-04-09 00:00:00-04:00,420.95222561069284,422.235484103292,416.19424606146305,420.7942810058594,12496900
2024-04-10 00:00:00-04:00,416.7569337473859,418.5732515840266,414.29898664030566,417.81317138671875,16216600
2024-04-11 00:00:00-04:00,420.3402327247268,423.8445365841043,416.92473693729744,422.4230651855469,17966400
2024-04-12 00:00:00-04:00,418.59299879164644,419.70846193552615,414.36807820345115,416.4706726074219,19253800
2024-04-15 00:00:00-04:00,421.110230165818,421.3274002627743,408.1096973329742,408.3170166015625,20273500
2024-04-16 00:00:00-04:00,409.23502221897127,413.0157217686464,408.4058355582689,409.244873046875,16765600
2024-04-17 00:00:00-04:00,411.88051429574114,413.4895430541291,405.04955278693666,406.5401306152344,15855500
2024-04-18 00:00:00-04:00,405.34573674704745,406.5895318440509,398.7517067920222,399.06756591796875,21029900
2024-04-19 00:00:00-04:00,398.83067470294037,400.2620271980646,392.65122286516964,393.9838562011719,30565800
2024-04-22 00:00:00-04:00,394.9314905053024,397.66586357799235,390.65722508776963,395.8001708984375,20286900
2024-04-23 00:00:00-04:00,399.0379699896353,402.9470318520377,397.87316221870356,402.32513427734375,15734500
2024-04-24 00:00:00-04:00,404.28946405238224,407.16201954597966,401.54524043863097,403.7958984375,15065300
2024-04-25 00:00:00-04:00,388.9593393273181,394.74394432686086,383.0365516126927,393.9048767089844,40586500
2024-04-26 00:00:00-04:00,406.86587954495434,407.68518518518516,400.5383649444101,401.0911560058594,29694700
2024-04-29 00:00:00-04:00,400.0349411285761,401.0911788014965,394.05292813266897,397.07354736328125,19582100
2024-04-30 00:00:00-04:00,396.323344705487,396.9847359459567,384.16190971715395,384.31982421875,28781400
2024-05-01 00:00:00-04:00,387.5575723765422,396.55035342207367,385.28718262896496,389.85760498046875,23562500
2024-05-02 00:00:00-04:00,392.54259949156545,394.78337648708447,389.57132491777804,392.72027587890625,17709400
2024-05-03 00:00:00-04:00,397.1031487364524,401.9104729912864,396.68854036623503,401.4267883300781,17446700
2024-05-06 00:00:00-04:00,403.4997454283101,408.6031966913456,401.14048747945304,408.2182312011719,16996600
2024-05-07 00:00:00-04:00,409.32384154303776,409.33372249534176,403.8255133338143,404.0722961425781,20018200
2024-05-08 00:00:00-04:00,402.91740058487204,406.92515129872777,401.47616718048914,405.25689697265625,11792300
2024-05-09 00:00:00-04:00,405.2865276969193,407.4088540854312,403.8354433999152,407.0140075683594,14689700
2024-05-10 00:00:00-04:00,407.6259773286798,410.0345799682454,406.5006332532913,409.4028015136719,13402300
2024-05-13 00:00:00-04:00,412.6307673185676,412.96638834799694,405.53329081056893,408.3959655761719,15440200
2024-05-14 00:00:00-04:00,406.71781742817865,412.117426712038,406.25386452353786,411.19940185546875,15109300
2024-05-15 00:00:00-04:00,413.2662078851203,419.1106798585564,412.64318866360406,418.3887634277344,22239500
2024-05-16 00:00:00-04:00,417.1229765763839,420.7028625691673,415.6890726034355,416.32196044921875,17530100
2024-05-17 00:00:00-04:00,417.85481010987854,418.23060143126196,413.39480813113437,415.5506286621094,15352200
2024-05-20 00:00:00-04:00,415.55062632751003,422.03788543513167,415.3330645205205,420.6237487792969,16272100
2024-05-21 00:00:00-04:00,422.09719809997813,428.1691308622737,420.1391721073256,424.28271484375,21453300
2024-05-22 00:00:00-04:00,425.32108253196407,427.61536520540614,422.393911984686,425.7463073730469,18073700
2024-05-23 00:00:00-04:00,428.1691242148773,428.792143449846,420.7028525285379,422.26531982421875,17211700
2024-05-24 00:00:00-04:00,422.45322015153533,426.28030386108634,419.704046646492,425.3902893066406,11855300
2024-05-28 00:00:00-04:00,424.86617140902985,426.0429788375184,421.8697699331016,425.54852294921875,15718000
2024-05-29 00:00:00-04:00,420.9698312429892,426.1616177574726,420.9698312429892,424.4112548828125,15517100
2024-05-30 00:00:00-04:00,419.5952468817441,419.5952468817441,409.64679700979286,410.0720520019531,28394500
2024-05-31 00:00:00-04:00,412.1289792567511,412.1289792567511,400.024708875454,410.5269470214844,47995300
2024-06-03 00:00:00-04:00,410.92250624898264,411.81252080542527,404.38581394057536,408.9347839355469,17484700
2024-06-04 00:00:00-04:00,407.856889503619,411.8224355088356,405.13738203313136,411.45654296875,14348900
2024-06-05 00:00:00-04:00,413.17720689100315,419.37767256450087,411.68394052355205,419.3084716796875,16988000
2024-06-06 00:00:00-04:00,419.3085416670495,420.59411505706447,415.9165509357772,419.8128662109375,14861300
2024-06-07 00:00:00-04:00,421.47421729884104,421.55331696325794,418.30968749669245,419.1502685546875,13621700
2024-06-10 00:00:00-04:00,419.99086828849937,423.33336493941925,419.18985211669025,423.1257019042969,13982900
2024-06-11 00:00:00-04:00,420.76220781136936,428.0208168757502,420.53474723054455,427.8823547363281,14551100
2024-06-12 00:00:00-04:00,430.4930895516259,438.4834835709838,428.4460348943523,436.16943359375,22366200
2024-06-13 00:00:00-04:00,435.9617380262819,438.4735822465715,434.4981378154063,436.6836242675781,15960600
2024-06-14 00:00:00-04:00,433.4202794880734,438.2264067176669,431.87757943393086,437.6627197265625,13582000
2024-06-17 00:00:00-04:00,437.68246749988464,445.9398870196781,435.8332072728674,443.39837646484375,20790000
2024-06-18 00:00:00-04:00,444.7234969265718,445.14875191744164,439.95696520327493,441.390869140625,17112500
2024-06-20 00:00:00-04:00,441.35131853440595,441.57877910996035,436.37709345219747,440.75799560546875,19877400
2024-06-21 00:00:00-04:00,442.4194031605516,445.5839030794592,441.55905465078865,444.79278564453125,34187100
2024-06-24 00:00:00-04:00,444.81247230124796,447.7297738991582,441.4600773185171,442.70611572265625,15913700
2024-06-25 00:00:00-04:00,443.27966392090804,446.41452724911966,441.7962963896613,445.9497375488281,16413400
2024-06-26 00:00:00-04:00,444.0213670965085,448.5703670936918,443.2203510089548,447.1463317871094,16507000
2024-06-27 00:00:00-04:00,447.1660901912602,451.11186843959626,446.7606327682888,447.82867431640625,14806300
2024-06-28 00:00:00-04:00,448.04624507062687,450.33062875420535,441.46008932267114,441.9941101074219,28362300
2024-07-01 00:00:00-04:00,443.6851547691378,452.2985677661532,440.7184194830795,451.6656799316406,17662800
2024-07-02 00:00:00-04:00,448.1748078930114,454.4939381515054,448.085779279666,454.1873779296875,13979800
2024-07-03 00:00:00-04:00,453.1095094538045,455.90811662700247,452.8029492037819,455.660888671875,9932800
2024-07-05 00:00:00-04:00,454.5137192746822,463.15682857412344,453.88083144181417,462.3755798339844,16000300
2024-07-08 00:00:00-04:00,461.3767506483888,462.5140232691351,459.30992877619343,461.0701904296875,12962300
2024-07-09 00:00:00-04:00,461.8217923289273,462.14811993117183,452.9215864810465,454.44451904296875,17207200
2024-07-10 00:00:00-04:00,456.1059138794407,461.2878021935715,453.7720662754438,461.08013916015625,18196100
2024-07-11 00:00:00-04:00,457.84642261488483,459.6264518865709,446.5431371483352,449.6582336425781,23111200
2024-07-12 00:00:00-04:00,449.2922850558392,451.2997748037469,445.65309687289607,448.52093505859375,16324300
2024-07-15 00:00:00-04:00,448.2736757198333,452.1897879047396,446.4244156110008,448.9263610839844,14429400
2024-07-16 00:00:00-04:00,449.1835423040314,449.26264197328965,441.7073711225493,444.53564453125,17175700
2024-07-17 00:00:00-04:00,437.6824920740607,439.9174425124237,434.310299044026,438.6021728515625,21778000
2024-07-18 00:00:00-04:00,439.4130413837652,439.7196016105417,429.5832562189407,435.487060546875,20794800
2024-07-19 00:00:00-04:00,428.2976983913284,436.2485575608238,427.20988939637874,432.2632141113281,20940400
2024-07-22 00:00:00-04:00,436.8913524368939,439.670192179698,434.04328162510484,438.0285949707031,15808800
2024-07-23 00:00:00-04:00,438.97794115369385,443.41817564914504,438.1868237868677,439.91741943359375,13107100
2024-07-24 00:00:00-04:00,435.5661744239133,436.5847522773038,422.8487541493976,424.14422607421875,26805800
2024-07-25 00:00:00-04:00,424.0453888657749,425.03430071497604,412.8805958173141,413.7607116699219,29943800
2024-07-26 00:00:00-04:00,413.562951013485,424.1640873365212,412.643240049521,420.5545349121094,23583800
2024-07-29 00:00:00-04:00,426.7945193727036,427.3582063126635,419.9908318898155,421.9983215332031,15125800
2024-07-30 00:00:00-04:00,422.97732451431415,424.2925638306224,412.7321833431071,418.2305603027344,32687600
2024-07-31 00:00:00-04:00,415.83736625900457,417.103172016906,407.6392798866265,413.7112121582031,42891400
2024-08-01 00:00:00-04:00,416.1242037023935,422.72022849108816,408.5095707902921,412.4849853515625,30296400
2024-08-02 00:00:00-04:00,407.91621848675555,410.3983967606497,399.8565933572946,403.9605712890625,29437900
2024-08-05 00:00:00-04:00,384.8548203739987,396.59319866894845,381.30460043688157,390.76849365234375,40709200
2024-08-06 00:00:00-04:00,395.5647367351895,401.17188015725634,394.08136897243253,395.1790466308594,24946500
2024-08-07 00:00:00-04:00,404.1089265381238,405.532931744476,393.06276861454995,394.0121154785156,20650900
2024-08-08 00:00:00-04:00,397.97768658874065,401.3597482091065,395.50540696833514,398.22491455078125,20203000
2024-08-09 00:00:00-04:00,399.55004994709526,403.52546468375385,397.7996868528818,401.5179748535156,19276700
2024-08-12 00:00:00-04:00,402.54642227818954,404.22758435718055,399.75768384658,402.2991943359375,16762900
2024-08-13 00:00:00-04:00,405.0483692456352,410.34895203900766,405.0286018746959,409.41937255859375,19414300
2024-08-14 00:00:00-04:00,410.20063690456334,413.08827288112064,407.876718123392,412.23779296875,18267000
2024-08-15 00:00:00-04:00,415.8934346982465,417.19124174906176,413.7733647214418,417.11199951171875,20752100
2024-08-16 00:00:00-04:00,416.6859891605723,417.4190931983878,413.4166801400684,414.5758056640625,22775600
2024-08-19 00:00:00-04:00,415.0612389392474,417.8252842584304,412.5845034071879,417.6073303222656,15234000
2024-08-20 00:00:00-04:00,417.7757654099591,421.8970267669262,417.7163261753405,420.8468933105469,16387600
2024-08-21 00:00:00-04:00,420.13355421881863,422.43197186124524,417.79553057929155,420.1930236816406,16067300
2024-08-22 00:00:00-04:00,420.4109661556474,422.8183759816575,410.7516979364214,411.6829528808594,19361900
2024-08-23 00:00:00-04:00,413.0996723021897,415.3584538355035,408.255163223579,412.91143798828125,18493800
2024-08-26 00:00:00-04:00,412.4953551222988,413.3968905070922,407.5121643134923,409.64215087890625,13152800
2024-08-27 00:00:00-04:00,409.0180308290162,410.50407226682006,406.43233323936084,409.9889221191406,13492900
2024-08-28 00:00:00-04:00,411.0192227861693,411.13810125518216,403.5196602855256,406.779052734375,14882700
2024-08-29 00:00:00-04:00,411.078675041423,418.12249665584295,406.77906561893394,409.2756042480469,17045200
2024-08-30 00:00:00-04:00,411.73253163556785,413.604928025177,408.2948214180594,413.2582092285156,24308300
2024-09-03 00:00:00-04:00,414.02103372225025,415.97270258559973,403.24227554701594,405.6298522949219,20313600
2024-09-04 00:00:00-04:00,402.1326826766194,407.4130694116055,400.60700515715166,405.0948486328125,15135800
2024-09-05 00:00:00-04:00,403.8267457621573,409.25576060406553,402.35062114910426,404.589599609375,14195500
2024-09-06 00:00:00-04:00,405.2533474753259,406.8285475492744,397.0702041035056,397.96185302734375,19609500
2024-09-09 00:00:00-04:00,403.45027169819457,404.8471540629301,398.4076421561328,401.9444274902344,15295100
2024-09-10 00:00:00-04:00,404.4013853254675,412.45570379102855,403.90603822449737,410.3455505371094,19594300
2024-09-11 00:00:00-04:00,411.6334589269,420.0444433948456,405.76853569187716,419.1033020019531,19266900
2024-09-12 00:00:00-04:00,419.37076416429335,423.39298024346107,415.84389519077274,423.02642822265625,17395700
2024-09-13 00:00:00-04:00,421.86732397170795,427.8114895392981,421.5007719324142,426.5830383300781,15874600
2024-09-16 00:00:00-04:00,426.59294574191983,429.4956726087264,424.2350886136153,427.3260498046875,13834700
2024-09-17 00:00:00-04:00,436.13332953102315,437.73824933805764,428.24738173228826,431.1005859375,18874200
2024-09-18 00:00:00-04:00,430.95197545729616,431.9723892702998,426.40469272360485,426.80096435546875,18898000
2024-09-19 00:00:00-04:00,437.12403789377305,437.3915144590669,432.83431483021604,434.607666015625,21706600
2024-09-20 00:00:00-04:00,433.15131768035957,435.1525090726311,430.17923509170157,431.2194519042969,55167100
2024-09-23 00:00:00-04:00,430.23868426031646,432.3983904018878,426.38489946949306,429.4758605957031,15128900
2024-09-24 00:00:00-04:00,428.9705844602765,429.31733347364775,422.1348005929618,425.1762390136719,17015800
2024-09-25 00:00:00-04:00,425.8300855631319,429.08947802981356,424.58183139807875,428.0888671875,13396400
2024-09-26 00:00:00-04:00,431.04114866155544,431.24918598433425,425.13661951946307,427.29632568359375,14492000
2024-09-27 00:00:00-04:00,427.5043560158928,427.8313020370733,423.49205654568107,424.03692626953125,14896100
2024-09-30 00:00:00-04:00,424.225137648764,426.4145935098266,421.41156986331913,426.2956848144531,16807300
2024-10-01 00:00:00-04:00,424.4629431708175,424.49266278755016,414.91263654622963,416.775146484375,19092900
2024-10-02 00:00:00-04:00,418.6474946227358,418.88528176281716,412.8321251605145,413.24822998046875,16582300
2024-10-03 00:00:00-04:00,413.7436715344948,415.6457876881329,410.4347561510362,412.663818359375,13686400
2024-10-04 00:00:00-04:00,414.34793855319174,415.8438964916741,411.1083793562167,412.188232421875,19169700
2024-10-07 00:00:00-04:00,412.1287574404014,413.2284134108737,405.19389854116383,405.7288818359375,20919800
2024-10-08 00:00:00-04:00,407.0762266898708,411.791940593935,404.37165096666996,410.85076904296875,19229300
2024-10-09 00:00:00-04:00,411.99010893472126,416.4680664316237,410.4446282759856,413.5752258300781,14974300
2024-10-10 00:00:00-04:00,411.3659669240718,413.46623380792397,409.3053060403614,411.97027587890625,13848400
2024-10-11 00:00:00-04:00,412.2674830881502,413.2482606337857,409.4043624478393,412.44580078125,14144900
2024-10-14 00:00:00-04:00,413.8822865985765,420.0939583051494,413.63461305961806,415.23956298828125,16653100
2024-10-15 00:00:00-04:00,418.2512520382671,418.54847842558434,411.39566540112634,414.84326171875,18900200
2024-10-16 00:00:00-04:00,411.3065088320687,412.48540707078536,406.660150790306,412.2476501464844,15508900
2024-10-17 00:00:00-04:00,418.429601804324,418.5683135090887,411.722612729939,412.84210205078125,14820000
2024-10-18 00:00:00-04:00,413.25817959093666,415.74480139281076,412.3863638860618,414.2686767578125,17145300
2024-10-21 00:00:00-04:00,412.24765392774344,415.0612217475957,409.89971357797583,414.8829040527344,14206100
2024-10-22 00:00:00-04:00,414.59559642085827,426.57308539168537,414.14980218140033,423.53167724609375,25482200
2024-10-23 00:00:00-04:00,426.8504984713963,427.06845240983137,418.59802889539156,420.6487731933594,19654400
2024-10-24 00:00:00-04:00,421.3719497046553,422.01592511987707,418.4692229621463,420.7775573730469,13581600
2024-10-25 00:00:00-04:00,422.78866124967664,428.4950392124222,422.6004269353124,424.16571044921875,16899100
2024-10-28 00:00:00-04:00,427.64303527641664,427.9204284257387,422.332898974784,422.6202087402344,14882400
2024-10-29 00:00:00-04:00,424.01710482121905,429.1390069836367,421.8375655534697,427.93035888671875,17644100
2024-10-30 00:00:00-04:00,433.3692558016521,434.41938919264413,428.07895261488494,428.50494384765625,29749100
2024-10-31 00:00:00-04:00,411.4947379049696,412.2873114234298,402.5190506643278,402.568603515625,53971000
2024-11-01 00:00:00-04:00,405.20384836550784,411.63344411141696,403.7078904341815,406.5511779785156,24230400
2024-11-04 00:00:00-05:00,405.9864621175824,406.6007179042562,401.79584509345045,404.658935546875,19672300
2024-11-05 00:00:00-05:00,404.5698009147436,411.0390330760231,404.28249112047496,407.63104248046875,17626000
2024-11-06 00:00:00-05:00,408.5821307366994,416.53740425456203,406.69978749855915,416.2698974609375,26681800
2024-11-07 00:00:00-05:00,417.3596335925896,422.87780730764854,415.97266781837374,421.47100830078125,19901800
2024-11-08 00:00:00-05:00,421.3620693729889,422.5310812867246,417.8550033981939,418.6079406738281,16891400
2024-11-11 00:00:00-05:00,418.58812774007396,420.8568260602772,412.1288120506796,414.1201171875,24503300
2024-11-12 00:00:00-05:00,414.35783635110096,420.49023567836724,413.3176195666668,419.0933532714844,19401200
2024-11-13 00:00:00-05:00,417.7163255743709,425.3347363138495,414.31822142109314,421.2431945800781,21502200
2024-11-14 00:00:00-05:00,421.04502345240303,424.1855372830497,416.0915525882571,422.9174499511719,30246900
2024-11-15 00:00:00-05:00,415.91324532993855,418.86549468955633,409.79076244428035,411.1380920410156,28247600
2024-11-18 00:00:00-05:00,411.00928939667125,414.5064386408341,408.26507740364855,411.8910217285156,24727000
2024-11-19 00:00:00-05:00,409.26565838479394,414.0507282073073,407.72017788193654,413.9021301269531,18133500
2024-11-20 00:00:00-05:00,412.9906980283946,413.40680290697327,406.7592228682752,411.62353515625,19191700
2024-11-21 00:00:00-05:00,416.4281041493026,416.70605256605285,407.28555520801666,409.8466491699219,20780200
2024-11-22 00:00:00-05:00,408.35760329128635,414.3434454251094,408.04987579157546,413.9463806152344,24814600
2024-11-25 00:00:00-05:00,415.3163263155851,417.9965368019756,411.81217671998786,415.72332763671875,27691100
2024-11-26 00:00:00-05:00,416.5174436728799,425.89825580258685,415.78287220202776,424.8559265136719,23458900
2024-11-27 00:00:00-05:00,421.9969878965425,424.10148899734514,418.929618998767,419.89251708984375,18332400
2024-11-29 00:00:00-05:00,417.0137525773511,421.76868474809675,414.7405133546205,420.35906982421875,16271900
2024-12-02 00:00:00-05:00,418.48293944626425,429.82923270647603,418.22483367708463,427.82403564453125,20207200
2024-12-03 00:00:00-05:00,426.69236269283573,429.30310856781665,424.6077345204632,428.04241943359375,18302000
2024-12-04 00:00:00-05:00,429.8589906240061,436.45038152660425,429.46192581768037,434.21685791015625,26009400
2024-12-05 00:00:00-05:00,434.71324963786515,441.40388483943747,432.9760643904688,439.3788146972656,21697800
2024-12-06 00:00:00-05:00,439.0611493611207,442.83334120617906,438.5350316138442,440.3218688964844,18821000
2024-12-09 00:00:00-05:00,439.3589669421711,445.04698832633716,437.27433861074473,442.75390625,19144400
2024-12-10 00:00:00-05:00,441.1358533918597,446.32753597079886,438.3662754088612,440.0835876464844,18469500
2024-12-11 00:00:00-05:00,440.79832040277716,447.05220524938716,440.79832040277716,445.7021484375,19200200
2024-12-12 00:00:00-05:00,445.8212579806136,452.8196506561494,445.8212579806136,446.2679748535156,20834800
2024-12-13 00:00:00-05:00,445.15616611270633,448.124261247401,442.3170935669994,443.9947204589844,20177800
2024-12-16 00:00:00-05:00,443.99473862109255,448.86878750909034,442.01932060586137,448.2831115722656,23598800
2024-12-17 00:00:00-05:00,447.70736185197006,451.9560191338881,446.2779042343056,451.132080078125,22733500
2024-12-18 00:00:00-05:00,448.015058169262,449.33530544806223,433.8197567617204,434.18707275390625,24444500
2024-12-19 00:00:00-05:00,438.38612742715867,439.9347015317489,433.12495005824394,433.8297424316406,22963700
2024-12-20 00:00:00-05:00,429.93845914028344,440.4906238895222,425.49128413888167,433.4029235839844,64263700
2024-12-23 00:00:00-05:00,433.54182345000305,434.44516332232695,429.6604520270257,432.062744140625,19152500
2024-12-24 00:00:00-05:00,431.4671622449362,436.3809267682004,431.0105391906017,436.1128845214844,7164500
2024-12-26 00:00:00-05:00,435.8646925313124,437.7110878799943,433.43265156283826,434.90179443359375,8194200
2024-12-27 00:00:00-05:00,431.4175228637617,432.0329778888151,423.2279358558446,427.3773193359375,18117700
2024-12-30 00:00:00-05:00,422.9400590771193,424.41913845880714,418.8105181563676,421.71905517578125,13158700
2024-12-31 00:00:00-05:00,422.97977346202197,423.6051649635355,417.5796069111211,418.4134521484375,13246500
2025-01-02 00:00:00-05:00,422.4139505741353,422.9500047735069,411.81216477472935,415.51483154296875,16896500
2025-01-03 00:00:00-05:00,417.996542116602,420.92495225496697,416.4678408938124,420.24993896484375,16662900
2025-01-06 00:00:00-05:00,424.8658449852562,431.1395722098291,422.36430932720185,424.7169494628906,20573600
2025-01-07 00:00:00-05:00,425.85855484956164,427.49646630939253,417.7185890028598,419.277099609375,18139100
2025-01-08 00:00:00-05:00,420.35909877353964,423.84340560662326,418.4531754229048,421.4510498046875,15054600
2025-01-10 00:00:00-05:00,421.52050962504774,421.59991046888086,411.98086631184646,415.8821105957031,20201100
2025-01-13 00:00:00-05:00,412.19927707865725,415.4354144937977,409.2708974707551,414.135009765625,17604800
2025-01-14 00:00:00-05:00,414.7504731982745,416.6663329915462,407.7123952362894,412.62615966796875,16935900
2025-01-15 00:00:00-05:00,416.06081709812753,425.01475491103537,415.20709891745935,423.188232421875,19637800
2025-01-16 00:00:00-05:00,425.56071106349873,426.34490420898106,421.2822749228641,421.4708557128906,15300000
2025-01-17 00:00:00-05:00,430.91124996405387,431.29840862027794,425.0346177976779,425.8883056640625,26197500
2025-01-21 00:00:00-05:00,427.04974598441896,427.74460185190514,422.4834247796493,425.3621826171875,26085700
2025-01-22 00:00:00-05:00,434.3558409675422,443.9947282693763,432.8072669314077,442.9325866699219,27803800
2025-01-23 00:00:00-05:00,438.76337163669416,443.4785888658215,438.26703298099653,443.4388732910156,18389300
2025-01-24 00:00:00-05:00,441.9002090925553,443.37928850377745,438.16773293128523,440.8082580566406,15549500
2025-01-27 00:00:00-05:00,420.90507512895306,432.01313557520695,420.39880005578783,431.3778076171875,35647800
2025-01-28 00:00:00-05:00,431.4175234893937,445.0966142937209,428.2211016468738,443.9252624511719,23491700
2025-01-29 00:00:00-05:00,443.41900040059096,443.60761150041753,437.17505205552743,439.0909118652344,23581400
2025-01-30 00:00:00-05:00,415.7034295288443,419.7634757332681,410.1345248522129,411.95111083984375,54586300
2025-01-31 00:00:00-05:00,415.911907348454,417.60937689111034,411.87170384291437,412.0205993652344,34161900
2025-02-03 00:00:00-05:00,408.5859935358612,412.368091725276,405.6675197732108,407.9109802246094,25679100
2025-02-04 00:00:00-05:00,409.6679752687522,410.8889791877868,406.739565274027,409.3503112792969,20532100
2025-02-05 00:00:00-05:00,409.33049175194867,410.7996347714461,407.3947588943965,410.26361083984375,16316700
2025-02-06 00:00:00-05:00,410.9684054782215,415.1376622891217,410.9684054782215,412.77508544921875,16309800
2025-02-07 00:00:00-05:00,413.4302096384315,415.58430218979566,405.1115698860282,406.7494812011719,22886800
2025-02-10 00:00:00-05:00,410.6804954197058,412.41768060214906,407.91094771202364,409.201416015625,20817900
2025-02-11 00:00:00-05:00,406.64031711794166,409.4694230026259,406.30278019920314,408.4271240234375,18140600
2025-02-12 00:00:00-05:00,404.22806155020925,407.7421472112012,401.40886202523427,406.044677734375,19121700
2025-02-13 00:00:00-05:00,404.0196057632089,407.99031441935836,403.38427783705555,407.53369140625,23891700
2025-02-14 00:00:00-05:00,404.80385028408716,405.91564391864586,402.9078331667541,405.43914794921875,22758500
2025-02-18 00:00:00-05:00,405.01228421128855,407.59325090478893,403.52326846051176,406.6402893066406,21423100
2025-02-19 00:00:00-05:00,404.89319663470326,412.44745587382107,404.66486996411237,411.73272705078125,24114200
2025-02-20 00:00:00-05:00,413.0755545581438,417.07410775463984,410.3402184035009,413.91107177734375,23508700
2025-02-21 00:00:00-05:00,415.11458446579724,415.8207899827264,405.71499358869687,406.03326416015625,27524800
2025-02-24 00:00:00-05:00,406.3316636333371,407.1870631835248,397.1906661264377,401.845703125,26443700
2025-02-25 00:00:00-05:00,398.9612079589026,399.77684273234365,394.58467628789543,395.77825927734375,29387400
2025-02-26 00:00:00-05:00,395.8876811696496,401.4478696916858,392.1477210913464,397.5985107421875,19619000
2025-02-27 00:00:00-05:00,399.13027515598884,403.5764407452776,390.0788238664077,390.4368896484375,21127400
2025-02-28 00:00:00-05:00,390.5662102627109,395.50970978817173,384.50868780557136,394.87310791015625,32845700
2025-03-03 00:00:00-05:00,396.69339168929787,396.69339168929787,384.10089457458224,386.41845703125,23007700
2025-03-04 00:00:00-05:00,381.3555708063787,390.48661254503907,378.9683745181786,386.53778076171875,29342900
2025-03-05 00:00:00-05:00,387.2639110911412,399.52818059067016,386.73673843465946,398.8816223144531,23433100
2025-03-06 00:00:00-05:00,392.1775528184261,400.00558222724027,390.5860785359009,394.7736511230469,23304600
2025-03-07 00:00:00-05:00,390.2280267594304,392.6947831487431,383.4841811851977,391.2127380371094,22034100
2025-03-10 00:00:00-04:00,383.7825787420743,384.3395902213564,375.20854809150063,378.13287353515625,32840100
2025-03-11 00:00:00-04:00,376.9790454259089,383.9417190881288,374.900193646485,378.42132568359375,30380200
2025-03-12 00:00:00-04:00,380.9079867475423,383.1658713736677,376.92931616803475,381.22625732421875,24253600
2025-03-13 00:00:00-04:00,381.11688044146297,383.2653663209318,375.4373363609022,376.7502746582031,20473000
2025-03-14 00:00:00-04:00,377.7548866940246,388.1491759928466,377.48633735073093,386.4880676269531,19952800
2025-03-17 00:00:00-04:00,384.6379840789578,390.61591588488574,383.5140048019888,386.6273193359375,22474300
2025-03-18 00:00:00-04:00,385.0060336134189,385.3044217812384,379.06786623501773,381.4749450683594,19486900
2025-03-19 00:00:00-04:00,383.47421674907764,387.6020814133235,381.9523764633006,385.75201416015625,19185500
2025-03-20 00:00:00-04:00,383.68311164841384,389.70086948967395,381.2362375881449,384.7772521972656,18470500
2025-03-21 00:00:00-04:00,381.1765391094654,389.65109658333733,380.7587653391681,389.1736755371094,39675900
2025-03-24 00:00:00-04:00,393.2916146921325,393.2916146921325,387.7314257194749,390.9839782714844,21004500
2025-03-25 00:00:00-04:00,391.8194783223531,394.2464393645113,390.5463049956332,393.0528564453125,15775000
2025-03-26 00:00:00-04:00,392.89371036762657,393.2020549018058,386.4980048485776,387.8905334472656,16108400
2025-03-27 00:00:00-04:00,388.0497321808232,390.1484665522675,385.3342783094565,388.497314453125,13766800
2025-03-28 00:00:00-04:00,386.01063609307533,387.0550554138024,374.9200970667492,376.7801208496094,21632000
2025-03-31 00:00:00-04:00,370.5534967757106,375.0593400396717,365.28173999012597,373.3883056640625,35184700
2025-04-01 00:00:00-04:00,372.65223585591366,380.80852287787553,371.2398247656492,380.15203857421875,19689500
2025-04-02 00:00:00-04:00,375.95454781806535,383.0266205201498,374.6117403662579,380.1023254394531,16092600
2025-04-03 00:00:00-04:00,372.7915176951189,375.4671762502354,367.3805229509676,371.1204528808594,30198000
2025-04-04 00:00:00-04:00,362.1883363320907,372.5925514540549,357.5631378295283,357.92120361328125,49209900
2025-04-07 00:00:00-04:00,349.00902084094025,369.021730877009,342.9514979578054,355.9517822265625,50425000
2025-04-08 00:00:00-04:00,366.2963637047226,371.65760721529676,348.38238740402795,352.6694030761719,35868900
2025-04-09 00:00:00-04:00,351.6547953803853,391.1331552543464,351.21713920354574,388.4077453613281,50199700
2025-04-10 00:00:00-04:00,380.02273387837465,381.85291877896515,365.838762955237,379.3165283203125,38024400
2025-04-11 00:00:00-04:00,378.61031016462425,387.97010607095405,376.86964177115533,386.378662109375,23839200
2025-04-14 00:00:00-04:00,391.1232211496066,392.54558862795363,382.1612557582716,385.7420654296875,19251200
2025-04-15 00:00:00-04:00,386.4383315419063,389.80031299588615,382.11152127039287,383.67315673828125,17199900
2025-04-16 00:00:00-04:00,378.6401657518634,379.5751254610235,366.0377126687907,369.6284484863281,21967800
2025-04-17 00:00:00-04:00,371.757014425277,372.32398224080106,364.9336092793292,365.81884765625,21120200
2025-04-21 00:00:00-04:00,360.88533011613976,362.5364820854384,353.7734623702264,357.2050476074219,20807300
2025-04-22 00:00:00-04:00,361.44235434917846,365.80892977570767,357.94110461161955,364.864013671875,19485000
2025-04-23 00:00:00-04:00,374.05472426245655,378.3616523034824,371.0309260243866,372.3936462402344,20545500
2025-04-24 00:00:00-04:00,373.696621578229,386.37863321068227,373.18933139938025,385.2347412109375,22232300
2025-04-25 00:00:00-04:00,384.93638434344297,390.068873110604,382.54918803088736,389.7605285644531,18973200
2025-04-28 00:00:00-04:00,389.86991018310994,390.6457497092271,384.5783015368256,389.0741882324219,16579400
2025-04-29 00:00:00-04:00,389.2134328165618,392.99318803647833,388.2983555925269,391.9388427734375,14974000
2025-04-30 00:00:00-04:00,388.21877036685504,394.54487238441686,382.39003252749313,393.15234375,36461100
2025-05-01 00:00:00-04:00,428.81116623183453,434.65981700987567,422.6342884776108,423.1316223144531,58938100
2025-05-02 00:00:00-04:00,429.43779144193553,437.0967443095362,427.69712309519423,432.95892333984375,30757400
2025-05-05 00:00:00-04:00,430.5617862640975,437.15643772408293,429.80582912695047,433.8442077636719,20136100
2025-05-06 00:00:00-04:00,429.8953841273505,435.39589519237757,428.8708776295015,430.99945068359375,15104200
2025-05-07 00:00:00-04:00,431.5266230555768,435.7837995157977,428.8111693588705,431.03924560546875,23295300
2025-05-08 00:00:00-04:00,435.5947857400273,441.3041985489404,433.3369011589759,435.8335266113281,23491300
2025-05-09 00:00:00-04:00,437.6537809958818,438.38982536855053,433.55575499424157,436.39056396484375,15324200
2025-05-12 00:00:00-04:00,443.5621064267163,446.9738092745622,437.43494989219903,446.8644104003906,22821900
2025-05-13 00:00:00-04:00,445.392292323668,448.2668964878236,442.9851831830833,446.74505615234375,23618800
2025-05-14 00:00:00-04:00,445.75035736922496,451.47962216221697,445.75035736922496,450.5247497558594,19902800
2025-05-15 00:00:00-04:00,449.1894881249397,454.5904977674882,448.85068389062144,451.5412292480469,21992300
2025-05-16 00:00:00-04:00,450.4649678139624,452.7668658429008,447.15663182075053,452.67718505859375,23849800
2025-05-19 00:00:00-04:00,449.29907263869796,457.9785240250479,449.2193361148497,457.26104736328125,21336500
2025-05-20 00:00:00-04:00,453.9925667897047,456.73292449884485,452.72703072274504,456.56353759765625,15441800
2025-05-21 00:00:00-04:00,452.97617231921885,456.1749087494066,450.2258398312579,450.9831848144531,19216900
2025-05-22 00:00:00-04:00,453.3548479183862,458.63625267798704,452.30851122486644,453.26513671875,18025600
2025-05-23 00:00:00-04:00,448.402251486361,452.09923464302557,447.33599591595265,448.6015319824219,16883500
2025-05-27 00:00:00-04:00,454.87947686866386,459.33380513701957,454.5207233060155,459.07470703125,20974300
2025-05-28 00:00:00-04:00,459.60282918231184,460.8982588383752,455.3278626603832,455.75634765625,17086300
2025-05-29 00:00:00-04:00,459.93167902845283,460.10109634693043,453.71356774793736,457.0717468261719,13974800
2025-05-30 00:00:00-04:00,458.1080789456966,460.06119805700706,453.942742633105,458.7458190917969,34770500
2025-06-02 00:00:00-04:00,455.53716828611505,460.48971303831235,455.2880448481698,460.3502197265625,16626500
2025-06-03 00:00:00-04:00,459.85193916930956,462.51259067234093,459.2440622117471,461.3466796875,15743800
2025-06-04 00:00:00-04:00,462.3730793208357,464.05715611586317,461.3965045417047,462.2435302734375,14162700
2025-06-05 00:00:00-04:00,463.3296970825432,468.00325491639626,462.4029652503908,466.0401611328125,20131700
2025-06-06 00:00:00-04:00,468.4417517005521,471.6803564462113,467.13634729745564,468.7307434082031,15285600
2025-06-09 00:00:00-04:00,468.05311353771793,471.77001565920176,466.9768832876908,471.0924072265625,16469900
2025-06-10 00:00:00-04:00,469.53790223355384,471.14224260725143,465.3227226358238,469.26885986328125,15375900
2025-06-11 00:00:00-04:00,468.37197033665615,473.80287330978865,468.01324719222674,470.9628601074219,16399200
2025-06-12 00:00:00-04:00,473.3544415367432,478.73553201697933,471.8597009390277,477.1909484863281,18950600
2025-06-13 00:00:00-04:00,474.7395752703882,477.4998519181197,471.1023792861798,473.2946472167969,16814500
2025-06-16 00:00:00-04:00,473.5437784887318,479.00457509504827,473.3345233196989,477.46002197265625,15626100
2025-06-17 00:00:00-04:00,473.7331030955977,477.06138843382047,472.4177241014044,476.3638610839844,15414100
2025-06-18 00:00:00-04:00,476.3239856832242,479.313466764918,472.7963894918646,478.5561218261719,17526500
2025-06-20 00:00:00-04:00,480.53918652379775,481.76485435953526,475.1979642712812,475.7261047363281,37576200
2025-06-23 00:00:00-04:00,476.53326469371973,486.0398235242553,470.853268600571,484.29595947265625,24864000
2025-06-24 00:00:00-04:00,487.23560408546166,490.1254297173699,485.0931183138473,488.3915100097656,22305600
2025-06-25 00:00:00-04:00,490.3148017263918,492.8259550719198,487.67409932543603,490.5439758300781,17495100
2025-06-26 00:00:00-04:00,491.2514824256969,496.29373818928514,491.08206511354325,495.705810546875,21578900
2025-06-27 00:00:00-04:00,495.80545117387857,497.54931522943417,491.30131038962224,494.20111083984375,34539200
2025-06-30 00:00:00-04:00,495.2972567719388,499.0042146991214,493.5932305818623,495.66595458984375,28369000
2025-07-01 00:00:00-04:00,494.729222512998,496.30366915943387,489.2584818970934,490.32470703125,19945400
2025-07-02 00:00:00-04:00,488.2719538404123,491.76965656989233,486.98649882219644,489.36810302734375,16319600
2025-07-03 00:00:00-04:00,492.07857999859937,498.3764278450543,491.7098821739863,497.0909423828125,13984800
2025-07-07 00:00:00-04:00,495.6360493014733,497.0012408266234,493.4935938943106,495.974853515625,13981600
2025-07-08 00:00:00-04:00,495.4965138505155,496.4531696907806,492.3774837277821,494.8786926269531,11846600
2025-07-09 00:00:00-04:00,498.54580110123976,505.003091421344,497.98776704512187,501.74456787109375,18659500
2025-07-10 00:00:00-04:00,501.2861517097084,502.67129257213526,496.0047471787155,499.7216796875,16492100
2025-07-11 00:00:00-04:00,496.72220586888017,503.25920197660867,496.05454172265075,501.5552062988281,16459500
2025-07-14 00:00:00-04:00,499.7615155353931,502.2029372942231,499.273243347857,501.2562561035156,12058800
2025-07-15 00:00:00-04:00,501.2562471634966,506.51773265302506,501.027073076573,504.04644775390625,14927200
2025-07-16 00:00:00-04:00,503.40870828332856,504.9433171823036,500.1302657221866,503.84716796875,15154400
2025-07-17 00:00:00-04:00,503.9069415603956,511.5699807689203,503.84715436950415,509.9058532714844,17503100
2025-07-18 00:00:00-04:00,512.6760564474737,512.8355294984256,505.6507880659733,508.2615966796875,21209700
2025-07-21 00:00:00-04:00,504.93334625634344,510.29451797884275,503.777409841716,508.2716064453125,14066800
2025-07-22 00:00:00-04:00,509.1784090675831,509.40761357627605,503.4983825683594,503.4983825683594,13868600
2025-07-23 00:00:00-04:00,504.97317174446385,505.01304000657746,498.94439715180334,504.09625244140625,16396600
2025-07-24 00:00:00-04:00,506.98612743645725,511.86894085644093,505.5212803694045,509.0887451171875,16107000
2025-07-25 00:00:00-04:00,510.67314061143924,516.4727417364818,508.57055332296227,511.9088439941406,19125700
2025-07-28 00:00:00-04:00,512.2775105607909,513.1942677567645,508.3313735189307,510.7030334472656,14308000
2025-07-29 00:00:00-04:00,513.7224399565682,515.8050777848653,509.7663282358281,510.7727966308594,16469200
2025-07-30 00:00:00-04:00,513.3636552782116,514.1409495778635,507.6537656967309,511.4404296875,26380400
2025-07-31 00:00:00-04:00,553.2831833968122,553.5024436401114,530.0350289229713,531.62939453125,51617300
2025-08-01 00:00:00-04:00,533.1241083924594,533.9212911566675,519.0336734352546,522.2722778320312,28977600
2025-08-04 00:00:00-04:00,526.4177481275262,536.3627358241171,526.2782244119826,533.7619018554688,25349000
2025-08-05 00:00:00-04:00,535.2964641743647,535.41603854948,525.3913146279989,525.8995361328125,19171600
2025-08-06 00:00:00-04:00,529.0385508551038,529.8357336828143,522.1926437275052,523.0994262695312,21355700
2025-08-07 00:00:00-04:00,524.9528573399085,526.2383731099006,515.735290819572,519.0137939453125,16079100
2025-08-08 00:00:00-04:00,520.7676288144971,522.8204035830947,517.5888112007746,520.2095947265625,15531000
2025-08-11 00:00:00-04:00,520.4686618064882,525.7401525514866,517.8976909591346,519.9405517578125,20194400
2025-08-12 00:00:00-04:00,521.9135974657331,529.1182277589118,520.8672912006765,527.3843383789062,18667000
2025-08-13 00:00:00-04:00,530.244240271181,530.8321983067945,517.5489204522431,518.7546997070312,19619200
2025-08-14 00:00:00-04:00,520.7277467800332,524.1058750288076,518.3162490497452,520.6480102539062,20269100
2025-08-15 00:00:00-04:00,520.9370505811125,524.255330935539,517.2599862571353,518.3461303710938,25213300
2025-08-18 00:00:00-04:00,519.7611730136332,520.9868407954262,512.2177084457264,515.286865234375,23760600
2025-08-19 00:00:00-04:00,513.1942782099028,513.3536904476517,506.7668813962475,507.98260498046875,21481000
2025-08-20 00:00:00-04:00,508.0822507382742,509.2082935133009,502.6712971096552,503.9468078613281,27723000
2025-08-21 00:00:00-04:00,502.74904380636957,506.68168580920974,501.7808546744913,503.2980041503906,18443300
2025-08-22 00:00:00-04:00,503.3079962424447,509.77590173606455,501.471437254012,506.2824401855469,24324200
2025-08-25 00:00:00-04:00,505.6835608535286,507.2406441544574,503.1782400793436,503.3179931640625,21638600
2025-08-26 00:00:00-04:00,503.4177851675948,504.0366525259624,497.5787379824689,501.1021423339844,30835700
2025-08-27 00:00:00-04:00,501.06219963605827,506.34232576675964,498.96611661319633,505.7933349609375,17277900
2025-08-28 00:00:00-04:00,506.1426727693108,510.1352001425548,504.5556467937143,508.68792724609375,18015600
2025-08-29 00:00:00-04:00,507.7097597194238,508.64800611235046,503.5475364264987,505.7434387207031,20961600
2025-09-02 00:00:00-04:00,499.53505401941584,505.0547219959289,495.88188775050133,504.1763610839844,18128000
2025-09-03 00:00:00-04:00,502.8488615493355,506.8413890153064,501.3816064871684,504.40594482421875,16345100
2025-09-04 00:00:00-04:00,503.3578996917829,507.20071355848035,502.2100541109688,507.02105712890625,15509500
2025-09-05 00:00:00-04:00,508.11900990545524,511.0135863020471,491.4501951138555,494.0752868652344,31994800
2025-09-08 00:00:00-04:00,497.1794589519428,500.26371328397477,494.10522614671714,497.2693176269531,16771000
2025-09-09 00:00:00-04:00,500.4932596555404,501.3117351050236,496.77024724997165,497.4789123535156,14410500
2025-09-10 00:00:00-04:00,502.04038173392,502.2899147028095,495.7920664455459,499.43524169921875,21611800
2025-09-11 00:00:00-04:00,501.31173995388707,502.2300346920423,496.9499084839274,500.0740661621094,18881600
2025-09-12 00:00:00-04:00,505.70352006176233,511.59249216822343,502.9087629314118,508.94744873046875,23624900
2025-09-15 00:00:00-04:00,507.8395136770829,514.5069966795595,506.05284913244947,514.397216796875,17143800
2025-09-16 00:00:00-04:00,515.9144004162443,516.2637221986186,507.64986983793983,508.08905029296875,19711900
2025-09-17 00:00:00-04:00,509.6660849144807,510.33484666258875,504.9848440594251,509.06719970703125,15816600
2025-09-18 00:00:00-04:00,510.5344514878828,512.1115168727503,506.71161989545686,507.5001525878906,18913700
2025-09-19 00:00:00-04:00,509.6061757592278,518.3298380532008,509.35664280609984,516.96240234375,52474100
2025-09-22 00:00:00-04:00,514.6268375894382,516.772784556969,511.5824866494396,513.4889526367188,20009300
2025-09-23 00:00:00-04:00,512.8401566617626,513.6287198501773,506.3622903955001,508.2787170410156,19799600
2025-09-24 00:00:00-04:00,509.4265417419943,511.5225942719762,505.9730140478167,509.19696044921875,13533700
2025-09-25 00:00:00-04:00,507.3504106819217,509.0572380888419,504.09652154158834,506.0827941894531,15786500
2025-09-26 00:00:00-04:00,509.1071380786861,512.9798945996346,505.67356201643696,510.5045166015625,16213100
2025-09-29 00:00:00-04:00,510.5444265624633,515.8844074376258,507.9293260645142,513.6386108398438,17617800
2025-09-30 00:00:00-04:00,512.2811987663596,517.1919905812645,508.70790002171145,516.982421875,19728200
2025-10-01 00:00:00-04:00,513.8382741479315,519.5376290534263,510.7340986553811,518.7391357421875,22632300
2025-10-02 00:00:00-04:00,516.6730253227585,520.625588764222,509.7260051791023,514.7765502929688,21222900
2025-10-03 00:00:00-04:00,516.1339509263171,519.5176324904353,514.0378984273964,516.3834838867188,15112300
2025-10-06 00:00:00-04:00,517.6411650074094,530.0380069481532,517.2319577376861,527.5825805664062,21388600
2025-10-07 00:00:00-04:00,527.3030443984364,528.8102332144322,520.4658657072805,523.0010986328125,14615200
2025-10-08 00:00:00-04:00,522.3024933531,525.9656203925812,522.1128458539913,523.8695068359375,13363400
2025-10-09 00:00:00-04:00,521.3642478231245,523.3505205733983,516.4334737589328,521.4241333007812,18343600
2025-10-10 00:00:00-04:00,518.6692706129455,522.6019127014883,508.6779606337136,510.0054626464844,24133800
2025-10-13 00:00:00-04:00,515.4452371680482,515.4452371680482,510.7240930552238,513.0896606445312,14284200
2025-10-14 00:00:00-04:00,509.2768388871209,514.3174231454748,505.05473007895694,512.610595703125,14684300
2025-10-15 00:00:00-04:00,513.9979961583023,516.2238106749688,509.04724028199115,512.4708251953125,14694700
2025-10-16 00:00:00-04:00,511.62245544117155,515.884437136842,507.1807563967364,510.65423583984375,15559600
2025-10-17 00:00:00-04:00,508.0890780500653,514.5170195527368,506.3622988729776,512.62060546875,19867800
2025-10-20 00:00:00-04:00,513.6486038577511,517.730989827423,512.4708156147512,515.8245239257812,14665600
2025-10-21 00:00:00-04:00,516.533257830336,517.7210372272165,512.0815676283437,516.6929321289062,15586200
2025-10-22 00:00:00-04:00,520.1764726871388,524.2488070435115,516.7428964573043,519.5675659179688,18962700
2025-10-23 00:00:00-04:00,521.4839993377199,522.9712060783663,517.6411550810741,519.5875244140625,14023500
2025-10-24 00:00:00-04:00,521.8133604589415,524.3685757173844,519.7372899447384,522.6318359375,15532400
2025-10-27 00:00:00-04:00,530.7866236569336,533.5813808592218,528.0217787333662,530.527099609375,18734700
2025-10-28 00:00:00-04:00,548.9725518014023,552.6855732732587,539.7598137450263,541.057373046875,29986700
2025-10-29 00:00:00-04:00,543.9220119141725,545.2495444281135,535.7273269044096,540.538330078125,36023000
2025-10-30 00:00:00-04:00,529.4889853080866,533.9705877450752,521.1446173319796,524.77783203125,41023100
2025-10-31 00:00:00-04:00,527.8919782690999,528.3311587204174,514.137692119172,516.8426513671875,34006400
2025-11-03 00:00:00-05:00,518.8389228578652,523.9793263365088,513.628703759196,516.0641479492188,22374700
2025-11-04 00:00:00-05:00,510.80399534425794,514.5868933466259,506.8913048594995,513.3692016601562,20958700
2025-11-05 00:00:00-05:00,512.3410686781482,513.8682396575209,505.6336213981725,506.2125549316406,23024300
2025-11-06 00:00:00-05:00,504.7153625290288,504.75529633258907,494.88375756631746,496.1713562011719,27406500
2025-11-07 00:00:00-05:00,496.02163823572937,498.4470913363115,492.32853818272196,495.8918762207031,24019800
2025-11-10 00:00:00-05:00,499.10586069795033,505.9031361854127,497.8681564860657,505.0547180175781,26101500
2025-11-11 00:00:00-05:00,503.85694933091565,508.64800052182136,501.411544557113,507.7297058105469,17980000
2025-11-12 00:00:00-05:00,508.4084461357136,510.7141588310794,498.18758530403636,510.1851501464844,26574900
2025-11-13 00:00:00-05:00,509.3566671737073,512.54071024479,500.3535287599438,502.34979248046875,25273100
2025-11-14 00:00:00-05:00,497.2992409027003,510.644258818196,496.51070821491913,509.2268981933594,28505700
2025-11-17 00:00:00-05:00,507.5001596757347,511.16328656765256,503.9667643395777,506.54193115234375,19092800
2025-11-18 00:00:00-05:00,494.44458869198826,502.0403882023454,485.87063942574486,492.8675537109375,33815100
2025-11-19 00:00:00-05:00,489.18443539234676,494.264922953439,481.9279972054541,486.2099914550781,23245300
2025-11-20 00:00:00-05:00,492.7099914550781,493.57000732421875,475.5,478.42999267578125,26802500
2025-11-21 00:00:00-05:00,478.5,478.9200134277344,468.2699890136719,472.1199951171875,31769200
2025-11-24 00:00:00-05:00,475.0,476.8999938964844,468.0199890136719,474.0,34421000
2025-11-25 00:00:00-05:00,474.07000732421875,479.1499938964844,464.8900146484375,476.989990234375,28019800
2025-11-26 00:00:00-05:00,486.30999755859375,488.30999755859375,481.20001220703125,485.5,25709100
2025-11-28 00:00:00-05:00,487.6000061035156,492.6300048828125,486.6499938964844,492.010009765625,14386700
2025-12-01 00:00:00-05:00,488.44000244140625,489.8599853515625,484.6499938964844,486.739990234375,23964000
2025-12-02 00:00:00-05:00,486.7200012207031,493.5,486.32000732421875,490.0,19562700
2025-12-03 00:00:00-05:00,476.32000732421875,484.239990234375,475.20001220703125,477.7300109863281,34615100
2025-12-04 00:00:00-05:00,479.760009765625,481.32000732421875,476.489990234375,480.8399963378906,22318200
2025-12-05 00:00:00-05:00,482.5199890136719,483.3999938964844,478.8800048828125,483.1600036621094,22608700
2025-12-08 00:00:00-05:00,484.8900146484375,492.29998779296875,484.3800048828125,491.0199890136719,21965900
2025-12-09 00:00:00-05:00,489.1000061035156,492.1199951171875,488.5,492.0199890136719,14696100
2025-12-10 00:00:00-05:00,484.0299987792969,484.25,475.0799865722656,478.55999755859375,35756200
2025-12-11 00:00:00-05:00,476.6300048828125,486.0299987792969,475.8599853515625,483.4700012207031,24669200
2025-12-12 00:00:00-05:00,479.82000732421875,482.45001220703125,476.3399963378906,478.5299987792969,21248100
2025-12-15 00:00:00-05:00,480.1000061035156,480.7200012207031,472.5199890136719,474.82000732421875,23727700
2025-12-16 00:00:00-05:00,471.9100036621094,477.8900146484375,470.8800048828125,476.3900146484375,20705600
2025-12-17 00:00:00-05:00,476.9100036621094,480.0,475.0,476.1199951171875,24527200
2025-12-18 00:00:00-05:00,478.19000244140625,489.6000061035156,477.8900146484375,483.9800109863281,28573500
2025-12-19 00:00:00-05:00,487.3599853515625,487.8500061035156,482.489990234375,485.9200134277344,70836100
2025-12-22 00:00:00-05:00,486.1199951171875,488.7300109863281,482.69000244140625,484.9200134277344,16963000
2025-12-23 00:00:00-05:00,484.9800109863281,487.8299865722656,484.739990234375,486.8500061035156,14683600
2025-12-24 00:00:00-05:00,485.67999267578125,489.1600036621094,484.8299865722656,488.0199890136719,5855900
2025-12-26 00:00:00-05:00,486.7099914550781,488.1199951171875,485.9599914550781,487.7099914550781,8842200
2025-12-29 00:00:00-05:00,484.8599853515625,488.3500061035156,484.17999267578125,487.1000061035156,10893400
2025-12-30 00:00:00-05:00,485.92999267578125,489.67999267578125,485.5,487.4800109863281,13944500
2025-12-31 00:00:00-05:00,487.8399963378906,488.1400146484375,483.29998779296875,483.6199951171875,15601600
2026-01-02 00:00:00-05:00,484.3900146484375,484.6600036621094,470.1600036621094,472.94000244140625,25571600
2026-01-05 00:00:00-05:00,474.05999755859375,476.07000732421875,469.5,472.8500061035156,25250300
2026-01-06 00:00:00-05:00,473.79998779296875,478.739990234375,469.75,478.510009765625,23037700
2026-01-07 00:00:00-05:00,479.760009765625,489.70001220703125,477.95001220703125,483.4700012207031,25564200
2026-01-08 00:00:00-05:00,481.239990234375,482.6600036621094,475.8599853515625,478.1099853515625,18162600
2026-01-09 00:00:00-05:00,474.05999755859375,479.82000732421875,472.20001220703125,479.2799987792969,18491000
2026-01-12 00:00:00-05:00,476.6700134277344,480.989990234375,475.67999267578125,477.17999267578125,23519900
2026-01-13 00:00:00-05:00,474.67999267578125,475.7799987792969,465.95001220703125,470.6700134277344,28545800
2026-01-14 00:00:00-05:00,466.4599914550781,468.20001220703125,457.1700134277344,459.3800048828125,28184300
2026-01-15 00:00:00-05:00,464.1199951171875,464.25,455.8999938964844,456.6600036621094,23225800
2026-01-16 00:00:00-05:00,457.8299865722656,463.19000244140625,456.4800109863281,459.8599853515625,34246700
2026-01-20 00:00:00-05:00,451.2200012207031,456.79998779296875,449.2799987792969,454.5199890136719,26130000
2026-01-21 00:00:00-05:00,452.6000061035156,452.69000244140625,438.67999267578125,444.1099853515625,37980500
2026-01-22 00:00:00-05:00,447.6199951171875,452.8399963378906,444.70001220703125,451.1400146484375,25349400
2026-01-23 00:00:00-05:00,451.8699951171875,471.1000061035156,450.5299987792969,465.95001220703125,38000200
2026-01-26 00:00:00-05:00,465.30999755859375,474.25,462.0,470.2799987792969,29291200
2026-01-27 00:00:00-05:00,473.70001220703125,482.8699951171875,473.1600036621094,480.5799865722656,29213900
2026-01-28 00:00:00-05:00,483.2099914550781,483.739990234375,478.0,481.6300048828125,36875400
2026-01-29 00:00:00-05:00,439.989990234375,442.5,421.0199890136719,433.5,128855300
2026-01-30 00:00:00-05:00,439.1700134277344,439.6000061035156,426.45001220703125,430.2900085449219,58566800
2026-02-02 00:00:00-05:00,430.239990234375,430.739990234375,422.25,423.3699951171875,42219900
2026-02-03 00:00:00-05:00,422.010009765625,422.04998779296875,408.55999755859375,411.2099914550781,61424100
2026-02-04 00:00:00-05:00,411.0,419.79998779296875,409.239990234375,414.19000244140625,45012400
2026-02-05 00:00:00-05:00,407.44000244140625,408.29998779296875,392.32000732421875,393.6700134277344,66289200
2026-02-06 00:00:00-05:00,399.1700134277344,401.7900085449219,392.9200134277344,401.1400146484375,53515300
2026-02-09 00:00:00-05:00,404.8500061035156,414.8900146484375,400.8699951171875,413.6000061035156,45480500
2026-02-10 00:00:00-05:00,419.6199951171875,423.67999267578125,412.70001220703125,413.2699890136719,44857900
2026-02-11 00:00:00-05:00,416.17999267578125,416.4599914550781,401.010009765625,404.3699951171875,42491000
2026-02-12 00:00:00-05:00,405.0,406.20001220703125,398.010009765625,401.8399963378906,40802400
2026-02-13 00:00:00-05:00,404.45001220703125,405.5400085449219,398.04998779296875,401.32000732421875,34091600
2026-02-17 00:00:00-05:00,399.2200012207031,400.5199890136719,394.5299987792969,396.8599853515625,32015200
