Date,Open,High,Low,Close,Volume
2014-01-02 00:00:00-05:00,0.37527837067861025,0.3766927462819946,0.37056382280189154,0.37386399507522583,260092000
2014-01-03 00:00:00-05:00,0.374571149639216,0.37527833737815564,0.36820651619059813,0.36938515305519104,259332000
2014-01-06 00:00:00-05:00,0.3731567730510713,0.3771641608594995,0.36962086246781306,0.3743354380130768,409492000
2014-01-07 00:00:00-05:00,0.3781071898885293,0.3818788403889191,0.37551420475782427,0.38046446442604065,333288000
2014-01-08 00:00:00-05:00,0.3818787762821332,0.38753625108298584,0.3804644005566889,0.3856504261493683,308192000
2014-01-09 00:00:00-05:00,0.37975712264658346,0.3804643103416184,0.37009231781749824,0.37127095460891724,292172000
2014-01-10 00:00:00-05:00,0.3724496856821413,0.3750426704190999,0.36749939866470016,0.37079957127571106,218492000
2014-01-13 00:00:00-05:00,0.3707994704742198,0.3731567440129549,0.36137037631927943,0.3620775640010834,243332000
2014-01-14 00:00:00-05:00,0.3639633400276667,0.3740996205157994,0.36231322628936274,0.3733924329280853,241828000
2014-01-15 00:00:00-05:00,0.37504267699864624,0.3788143269924763,0.3733925906641926,0.3773999512195587,175044000
2014-01-16 00:00:00-05:00,0.3773999661107077,0.37928579118203215,0.37574987971114626,0.3785786032676697,220652000
2014-01-17 00:00:00-05:00,0.3785784749125263,0.3830573114510104,0.3745711155577161,0.3769283890724182,340400000
2014-01-21 00:00:00-05:00,0.37739994037575586,0.3807001410507641,0.3743355064573601,0.378342866897583,246076000
2014-01-22 00:00:00-05:00,0.3790500610558878,0.3795215102741651,0.37339258613378534,0.37787142395973206,337940000
2014-01-23 00:00:00-05:00,0.37669274437222156,0.3807001044269314,0.37362828264770637,0.37645700573921204,185028000
2014-01-24 00:00:00-05:00,0.37339254482192413,0.37480692042119557,0.3667921721935272,0.3667921721935272,246696000
2014-01-27 00:00:00-05:00,0.36679214183369535,0.3719781384335696,0.36231330487400254,0.3644348680973053,233812000
2014-01-28 00:00:00-05:00,0.36372775482949954,0.3682065927062349,0.3623133790577041,0.36797085404396057,167996000
2014-01-29 00:00:00-05:00,0.3665564032196886,0.36867796644299133,0.36419912948329847,0.3644348680973053,162944000
2014-01-30 00:00:00-05:00,0.3665563581586891,0.37127093315282317,0.3653777214353846,0.3705637454986572,202896000
2014-01-31 00:00:00-05:00,0.36537787460193166,0.3722139873233485,0.36514216401901045,0.3700924515724182,335348000
2014-02-03 00:00:00-05:00,0.37268540882126794,0.3731568580529105,0.3637277610163567,0.3651421368122101,431728000
2014-02-04 00:00:00-05:00,0.36490634123984966,0.36797080291902096,0.3630205165064426,0.3672636151313782,280692000
2014-02-05 00:00:00-05:00,0.36467070249326766,0.3658493396710356,0.3611347628590369,0.3639635145664215,214676000
2014-02-06 00:00:00-05:00,0.36443484585817415,0.36962084214158014,0.3639633967598496,0.36867794394493103,168380000
2014-02-07 00:00:00-05:00,0.36962092357450305,0.37457121044982666,0.3663207510582367,0.3740997612476349,157248000
2014-02-10 00:00:00-05:00,0.37362814894399704,0.3802285191961668,0.3733924103953471,0.3752782344818115,324372000
2014-02-11 00:00:00-05:00,0.37739994065303617,0.3840003139069775,0.3755141438098454,0.3830574154853821,235384000
2014-02-12 00:00:00-05:00,0.38423597285448025,0.39955827978378233,0.38423597285448025,0.3967295289039612,744528000
2014-02-13 00:00:00-05:00,0.40663006592937345,0.4115803514438544,0.39955824553778135,0.4092230498790741,902836000
2014-02-14 00:00:00-05:00,0.4054514495260578,0.4231310013914594,0.40521571092748543,0.4221881031990051,817536000
2014-02-18 00:00:00-05:00,0.422423873864176,0.42383822126022197,0.4184164859897462,0.42195239663124084,428988000
2014-02-19 00:00:00-05:00,0.42195247536148484,0.4313816002657291,0.42006665038063595,0.42760995030403137,450340000
2014-02-20 00:00:00-05:00,0.42855286761893535,0.44363944002926564,0.42784570780828074,0.44269654154777527,398088000
2014-02-21 00:00:00-05:00,0.44198924470297285,0.447646718500346,0.436567509518335,0.4393962323665619,451052000
2014-02-24 00:00:00-05:00,0.43845334576476125,0.4490610778030909,0.43444598594824296,0.44576090574264526,403112000
2014-02-25 00:00:00-05:00,0.44516884827411957,0.4470631876424757,0.43901225238391195,0.4437480866909027,242184000
2014-02-26 00:00:00-05:00,0.4428010942546932,0.44943127037268904,0.4416171352417586,0.44303789734840393,360884000
2014-02-27 00:00:00-05:00,0.4430377792594617,0.4475368110183008,0.43688118274208,0.43806514143943787,388848000
2014-02-28 00:00:00-05:00,0.43569721683693136,0.439959473722469,0.4288302395691758,0.43522363901138306,321692000
2014-03-03 00:00:00-05:00,0.4255150868599155,0.4330924153327942,0.42172640850957804,0.4330924153327942,375948000
2014-03-04 00:00:00-05:00,0.43522363539848863,0.44043304789187837,0.4345132545521625,0.437591552734375,260344000
2014-03-05 00:00:00-05:00,0.43711794592746367,0.4416170057945319,0.43522363464427827,0.44138020277023315,241472000
2014-03-06 00:00:00-05:00,0.4420905880513371,0.4444585054068801,0.43451325815915987,0.43522363901138306,290144000
2014-03-07 00:00:00-05:00,0.4371179677563527,0.43782834863692294,0.43143497716739576,0.4347500503063202,268452000
2014-03-10 00:00:00-04:00,0.4333293152120544,0.43522365481081715,0.42646233769501474,0.42835667729377747,300888000
2014-03-11 00:00:00-04:00,0.43048768452427394,0.43640750488201413,0.4290669513497645,0.4326188266277313,297220000
2014-03-12 00:00:00-04:00,0.43048771254631124,0.4364075332893944,0.4288301762875906,0.4338028132915497,239428000
2014-03-13 00:00:00-04:00,0.434750031366029,0.4364075960910805,0.4179378069121177,0.4200689494609833,385172000
2014-03-14 00:00:00-04:00,0.4158067061135083,0.4257519536482397,0.4158067061135083,0.42196327447891235,460048000
2014-03-17 00:00:00-04:00,0.42314723319085185,0.426225531487455,0.421489696639697,0.42196327447891235,299656000
2014-03-18 00:00:00-04:00,0.42362083694003494,0.43475004312581256,0.4217264973657361,0.4319085478782654,293904000
2014-03-19 00:00:00-04:00,0.4352237080233651,0.4477736776433103,0.43403972093005116,0.43948593735694885,366168000
2014-03-20 00:00:00-04:00,0.437118025778738,0.4435114263247181,0.43522371414950606,0.4397227466106415,191800000
2014-03-21 00:00:00-04:00,0.4435114091667745,0.44706328567588394,0.43664443097914635,0.439012348651886,566116000
2014-03-24 00:00:00-04:00,0.4392491019826081,0.44280097808960733,0.43048778500310153,0.4368811845779419,306096000
2014-03-25 00:00:00-04:00,0.44161701938727427,0.4420905972226471,0.433566083274728,0.4368811845779419,304424000
2014-03-26 00:00:00-04:00,0.440906640877491,0.4491943518381304,0.4231472320197471,0.42693591117858887,557756000
2014-03-27 00:00:00-04:00,0.4259887409958528,0.42954061700088303,0.41651704342130436,0.42125290632247925,540728000
2014-03-28 00:00:00-04:00,0.42054255607769364,0.4264623498501785,0.41935859732319664,0.4238576292991638,398820000
2014-03-31 00:00:00-04:00,0.424567986580429,0.4283566656751918,0.42172649137325774,0.42409440875053406,273404000
2014-04-01 00:00:00-04:00,0.43759155814867257,0.4468264245817713,0.43238211736302545,0.4416170120239258,656272000
2014-04-02 00:00:00-04:00,0.44161697474635464,0.4425641303213569,0.4368811404157448,0.4387754797935486,239948000
2014-04-03 00:00:00-04:00,0.4397227467336853,0.45416705639136207,0.4394859436660618,0.443511426448822,599548000
2014-04-04 00:00:00-04:00,0.44587922598229923,0.44848394612425113,0.4278830444490653,0.4297773838043213,368032000
2014-04-07 00:00:00-04:00,0.4300141912609729,0.4394858605292689,0.4276462739438989,0.4311981499195099,428576000
2014-04-08 00:00:00-04:00,0.43119812888337644,0.4477735775220571,0.4304877480773502,0.4465896189212799,470692000
2014-04-09 00:00:00-04:00,0.4487207805064858,0.4525094597202618,0.4425641838410504,0.44611606001853943,421968000
2014-04-10 00:00:00-04:00,0.4442217306080067,0.45037829879573754,0.4338028773069367,0.43522363901138306,372748000
2014-04-11 00:00:00-04:00,0.43190869064864573,0.43853886723644087,0.4233841738603646,0.4290671944618225,353112000
2014-04-14 00:00:00-04:00,0.4319084740410988,0.4354603495502703,0.429066979279321,0.4338028132915497,290184000
2014-04-15 00:00:00-04:00,0.43427646414168825,0.4392491019826081,0.4300142071677287,0.4368811845779419,304636000
2014-04-16 00:00:00-04:00,0.43901226098336216,0.4394858387777779,0.4323820871781422,0.43782830238342285,235136000
2014-04-17 00:00:00-04:00,0.43617086382464904,0.44351142008192057,0.4352237080233651,0.43948593735694885,153532000
2014-04-21 00:00:00-04:00,0.4397227951755013,0.4442218563613386,0.4368812991900201,0.44303789734840393,117004000
2014-04-22 00:00:00-04:00,0.4437481003329112,0.4496679216264399,0.44138018310661964,0.44682639837265015,255120000
2014-04-23 00:00:00-04:00,0.4475368141106138,0.45321983283388023,0.4468264332417302,0.4520358741283417,261580000
2014-04-24 00:00:00-04:00,0.4551142669547853,0.4607972586308473,0.4551142669547853,0.4560614228248596,391492000
2014-04-25 00:00:00-04:00,0.4551142404340494,0.4593764980566267,0.4425642424061347,0.443511426448822,313600000
2014-04-28 00:00:00-04:00,0.44706322760941036,0.44943114497459485,0.4361707964384412,0.4416170120239258,226788000
2014-04-29 00:00:00-04:00,0.44327454047392795,0.44422172433946006,0.43759155019193974,0.4425641596317291,171300000
2014-04-30 00:00:00-04:00,0.44185383340036805,0.4423274112475108,0.4364076175887192,0.43735477328300476,305740000
2014-05-01 00:00:00-04:00,0.4439850042320261,0.44493216004664204,0.436170869964122,0.4397227466106415,198104000
2014-05-02 00:00:00-04:00,0.44185384158776675,0.44185384158776675,0.43380290512594744,0.4364076256752014,156376000
2014-05-05 00:00:00-04:00,0.4359340415624452,0.4444585563098159,0.43546046368265895,0.4411434829235077,239260000
2014-05-06 00:00:00-04:00,0.4454056139647398,0.44919426415624186,0.4309613092474346,0.43214526772499084,416188000
2014-05-07 00:00:00-04:00,0.43214524890289485,0.4361707019056982,0.4278829929237756,0.4326188266277313,293900000
2014-05-08 00:00:00-04:00,0.4309613892552907,0.44493209059299266,0.4288302466633654,0.43806514143943787,432728000
2014-05-09 00:00:00-04:00,0.424804777974346,0.4288302317599027,0.41935856251021597,0.42740947008132935,539532000
2014-05-12 00:00:00-04:00,0.4283566256537621,0.4409065922263415,0.4281198226470383,0.43995943665504456,299856000
2014-05-13 00:00:00-04:00,0.43403965416946944,0.44114343449767507,0.4314349620026689,0.4328556954860687,221104000
2014-05-14 00:00:00-04:00,0.43309257709976356,0.43475011391172896,0.42835674150682984,0.4285935163497925,214320000
2014-05-15 00:00:00-04:00,0.42764627490438917,0.4300141922267815,0.421963256393967,0.4262255132198334,325896000
2014-05-16 00:00:00-04:00,0.4229105371540831,0.428356753888947,0.4229105371540831,0.4252784550189972,283960000
2014-05-19 00:00:00-04:00,0.4297774810193235,0.4413802663246256,0.42788314123557075,0.439012348651886,360076000
2014-05-20 00:00:00-04:00,0.439131289479537,0.4403207014002493,0.43175695258581115,0.43389788269996643,256200000
2014-05-21 00:00:00-04:00,0.4355630537174002,0.4393691832068063,0.4312811651312726,0.43389788269996643,216712000
2014-05-22 00:00:00-04:00,0.4329462976960714,0.4381797036680448,0.4329462976960714,0.4358008801937103,130364000
2014-05-23 00:00:00-04:00,0.43817973544886357,0.4419858646269793,0.43556301809418213,0.43984490633010864,182656000
2014-05-27 00:00:00-04:00,0.4424616401173727,0.4476950466632843,0.4410343345331169,0.4476950466632843,209680000
2014-05-28 00:00:00-04:00,0.44936023091320265,0.45435574357514535,0.44507834266166973,0.45150116086006165,224676000
2014-05-29 00:00:00-04:00,0.45126327351441914,0.45506940276007557,0.4498359963156594,0.4507875144481659,171884000
2014-05-30 00:00:00-04:00,0.45078748356927023,0.45316630709540257,0.44840866004313795,0.4519768953323364,239128000
2014-06-02 00:00:00-04:00,0.45340421495986816,0.456258797608869,0.4467435032069901,0.4505496323108673,181500000
2014-06-03 00:00:00-04:00,0.4515011579089038,0.4519769169653389,0.44269948775468876,0.44864657521247864,243212000
2014-06-04 00:00:00-04:00,0.44745719828312575,0.45245271130194314,0.447219304557451,0.4491223692893982,161236000
2014-06-05 00:00:00-04:00,0.44983595504771795,0.45245264385096345,0.4472192378866598,0.4510253667831421,188696000
2014-06-06 00:00:00-04:00,0.45316624110396975,0.4567344758735511,0.45150107054972693,0.4526904821395874,161052000
2014-06-09 00:00:00-04:00,0.4522149069127468,0.45744831436293476,0.4491224298510564,0.4531664252281189,247456000
2014-06-10 00:00:00-04:00,0.4515012217109019,0.4576861753920028,0.4495981568584233,0.45554521679878235,217608000
2014-06-11 00:00:00-04:00,0.4538799527749647,0.46268162237119387,0.4538799527749647,0.4614922106266022,266228000
2014-06-12 00:00:00-04:00,0.4614922433585847,0.466487756025496,0.4574482204538945,0.46434682607650757,337148000
2014-06-13 00:00:00-04:00,0.46910456888550567,0.4693424626428489,0.4603028968732949,0.4648226797580719,227852000
2014-06-16 00:00:00-04:00,0.4626816730885837,0.46648777407379977,0.4593513028239767,0.46339529752731323,198620000
2014-06-17 00:00:00-04:00,0.46387101698079414,0.4683907701001619,0.46149219357948235,0.46648770570755005,157608000
2014-06-18 00:00:00-04:00,0.4652984672891591,0.46815307912007154,0.46101657790061273,0.4660121202468872,215536000
2014-06-19 00:00:00-04:00,0.45744829476056154,0.4598271188048762,0.45197699378707396,0.45530736446380615,474592000
2014-06-20 00:00:00-04:00,0.45649664261346684,0.45816181328459415,0.4467434555488749,0.45031169056892395,353148000
2014-06-23 00:00:00-04:00,0.44436469038398746,0.44531620850412745,0.4391312556497728,0.4450783431529999,414200000
2014-06-24 00:00:00-04:00,0.4443646539134302,0.44793288910782003,0.4362766371247924,0.43817970156669617,275780000
2014-06-25 00:00:00-04:00,0.4393692685055639,0.442937504960435,0.4353252728616079,0.4426996111869812,215420000
2014-06-26 00:00:00-04:00,0.44269949777987694,0.44293739149238903,0.4353251613436003,0.43675243854522705,256908000
2014-06-27 00:00:00-04:00,0.4362765969030474,0.43984483176847017,0.4336598799919467,0.43722814321517944,302820000
2014-06-30 00:00:00-04:00,0.43556304640395155,0.44222375871966507,0.43556304640395155,0.44103434681892395,180512000
2014-07-01 00:00:00-04:00,0.44055854205217504,0.4486465591533223,0.43913123657614506,0.4460298418998718,321180000
2014-07-02 00:00:00-04:00,0.4443647563457489,0.4462678212263358,0.44174803859021444,0.4443647563457489,179284000
2014-07-03 00:00:00-04:00,0.4403206462110649,0.4495980750444907,0.4403206462110649,0.44840866327285767,136892000
2014-07-07 00:00:00-04:00,0.4491223192941562,0.4493602129933491,0.44412677847361376,0.4448404312133789,127496000
2014-07-08 00:00:00-04:00,0.4436510526952467,0.4455541173580292,0.4369903405544158,0.44127222895622253,221940000
2014-07-09 00:00:00-04:00,0.44507830502509477,0.45649666327768856,0.44174793517427313,0.45459359884262085,387668000
2014-07-10 00:00:00-04:00,0.44602985451136606,0.454117871841202,0.4424616190782129,0.4522148072719574,266308000
2014-07-11 00:00:00-04:00,0.45269066607043285,0.45459373105899775,0.4510254948396213,0.4531664252281189,191188000
2014-07-14 00:00:00-04:00,0.4550693485219779,0.46006488901677434,0.4534041778096497,0.45887547731399536,272636000
2014-07-15 00:00:00-04:00,0.45958915245383586,0.461967975975577,0.45649667620400974,0.4607785642147064,395440000
2014-07-16 00:00:00-04:00,0.46268165193912747,0.4662498874009328,0.45768611094947415,0.46030279994010925,319728000
2014-07-17 00:00:00-04:00,0.45506939472514363,0.4638710649055906,0.45506939472514363,0.45911338925361633,324832000
2014-07-18 00:00:00-04:00,0.4495980957906993,0.4531663312702507,0.43794184287614246,0.4386554956436157,567816000
2014-07-21 00:00:00-04:00,0.4369903405544158,0.44436470548851714,0.4369903405544158,0.44127222895622253,243364000
2014-07-22 00:00:00-04:00,0.4446023975584049,0.4469812203702533,0.43841747526228214,0.43936899304389954,298816000
2014-07-23 00:00:00-04:00,0.4396070316417032,0.43984489698664836,0.4296159498508399,0.4300917088985443,297352000
2014-07-24 00:00:00-04:00,0.4324705261318124,0.43365993791248036,0.42771287900914073,0.43080535531044006,254576000
2014-07-25 00:00:00-04:00,0.4293781418947659,0.43032968853801246,0.42247956343087256,0.42319321632385254,266132000
2014-07-28 00:00:00-04:00,0.42509609735027615,0.42509609735027615,0.4143913929459321,0.4215278625488281,330352000
2014-07-29 00:00:00-04:00,0.42176589239968937,0.4286644989247253,0.42152799865965346,0.42295530438423157,217972000
2014-07-30 00:00:00-04:00,0.42557195540863124,0.43128112069671243,0.4243825436104631,0.4300917088985443,246184000
2014-07-31 00:00:00-04:00,0.4248582911917132,0.428188632793576,0.41558086240170106,0.41629451513290405,401880000
2014-08-01 00:00:00-04:00,0.4162945826893292,0.42319318906671505,0.4148672769952995,0.4208143651485443,219884000
2014-08-04 00:00:00-04:00,0.4203385658957617,0.4239068016729933,0.4177218766738155,0.4198628067970276,241724000
2014-08-05 00:00:00-04:00,0.4186733536186193,0.42628561187958386,0.4151051181929726,0.4201006591320038,298136000
2014-08-06 00:00:00-04:00,0.4172459540119827,0.4248582105563051,0.4141535066933857,0.41962480545043945,223456000
2014-08-07 00:00:00-04:00,0.4231931400788468,0.42699924089264363,0.4124884053284161,0.4153430163860321,407696000
2014-08-08 00:00:00-04:00,0.4334220661569418,0.4543557188584687,0.4334220661569418,0.4519768953323364,894348000
2014-08-11 00:00:00-04:00,0.4524526865243603,0.45435575115209037,0.4484086919140686,0.449598103761673,344624000
2014-08-12 00:00:00-04:00,0.4493602384068413,0.45197692745688167,0.4446025626586086,0.449598103761673,296152000
2014-08-13 00:00:00-04:00,0.4503117427027128,0.4560209364104466,0.44745716002775315,0.4522148072719574,256596000
2014-08-14 00:00:00-04:00,0.4538799944414208,0.4538799944414208,0.44531621775107527,0.44721928238868713,255992000
2014-08-15 00:00:00-04:00,0.44864659507308063,0.45554517259131094,0.4443647066599857,0.45292848348617554,369796000
2014-08-18 00:00:00-04:00,0.4548315010173098,0.45958917666928406,0.4503117474309841,0.45911338925361633,284076000
2014-08-19 00:00:00-04:00,0.45923284452403185,0.4652062107374628,0.45756027919766573,0.46281686425209045,248260000
2014-08-20 00:00:00-04:00,0.4611442858262424,0.46329471469194555,0.4587549394087429,0.4599496126174927,221468000
2014-08-21 00:00:00-04:00,0.458755025901073,0.46114437276905296,0.4549320880022619,0.45564886927604675,272796000
2014-08-22 00:00:00-04:00,0.45517092525945785,0.4597107005972866,0.45230371522060925,0.45588773488998413,251224000
2014-08-25 00:00:00-04:00,0.457799213560261,0.46090536960865314,0.45564878468833286,0.456604540348053,153380000
2014-08-26 00:00:00-04:00,0.45779917467092796,0.4656840228983465,0.45612663801256736,0.46472829580307007,269636000
2014-08-27 00:00:00-04:00,0.46186116858080994,0.4654451887745651,0.45875501204957,0.45947182178497314,182972000
2014-08-28 00:00:00-04:00,0.45851602185428353,0.4642504418629466,0.45708240261048977,0.46329471468925476,179704000
2014-08-29 00:00:00-04:00,0.4649672133352623,0.4656840228983465,0.4599495748769268,0.46472829580307007,207932000
2014-09-02 00:00:00-04:00,0.4659229815006256,0.4659229815006256,0.4616221524891881,0.4659229815006256,192636000
2014-09-03 00:00:00-04:00,0.46831242055192623,0.471896440690853,0.46520626406820437,0.47022390365600586,259456000
2014-09-04 00:00:00-04:00,0.4695070323365006,0.48145379304887653,0.46926808629861566,0.4785865545272827,491832000
2014-09-05 00:00:00-04:00,0.4781086409508704,0.48025906974536053,0.47404675787228473,0.47715291380882263,253792000
2014-09-08 00:00:00-04:00,0.47667513669547423,0.4776308640108685,0.4709406873533279,0.4728521704673767,319288000
2014-09-09 00:00:00-04:00,0.47070185793540575,0.47380801501715586,0.46640102724400295,0.46687889099121094,198588000
2014-09-10 00:00:00-04:00,0.469507033785552,0.47022384341816276,0.46425044880191074,0.46855127811431885,172376000
2014-09-11 00:00:00-04:00,0.46520627401290743,0.46687881108350837,0.45875501483832276,0.46377265453338623,250720000
2014-09-12 00:00:00-04:00,0.46663982790582054,0.46663982790582054,0.45636563174153316,0.4568434953689575,262536000
2014-09-15 00:00:00-04:00,0.4582771045864988,0.4589939142533917,0.4487197183166139,0.45063120126724243,294152000
2014-09-16 00:00:00-04:00,0.44943661413468106,0.4597108120408895,0.44800299452608894,0.4573214650154114,219936000
2014-09-17 00:00:00-04:00,0.4561267990848342,0.4618612206479991,0.45397636963619953,0.45756039023399353,173584000
2014-09-18 00:00:00-04:00,0.4604274284394054,0.46496717448755615,0.458993809433015,0.46448931097984314,219604000
2014-09-19 00:00:00-04:00,0.46592301275083897,0.4664008763434377,0.45517092525945785,0.45588773488998413,601316000
2014-09-22 00:00:00-04:00,0.4652062838188172,0.4652062838188172,0.45087017417120184,0.45134806632995605,221464000
2014-09-23 00:00:00-04:00,0.4489586532534193,0.45445415626787333,0.44728611628813136,0.4494365453720093,196144000
2014-09-24 00:00:00-04:00,0.4491976907117062,0.4534985212713002,0.4487198269791434,0.4520649015903473,159592000
2014-09-25 00:00:00-04:00,0.4515868992869396,0.45278157249338963,0.4413127040148184,0.442268431186676,298440000
2014-09-26 00:00:00-04:00,0.44370214476014064,0.44656935536854714,0.4417906615267823,0.4432242810726166,241188000
2014-09-29 00:00:00-04:00,0.4396401465413059,0.4456135122925625,0.4353393175037502,0.4425073564052582,208540000
2014-09-30 00:00:00-04:00,0.440595904033041,0.4439410061742341,0.43557826506287967,0.4408348500728607,277204000
2014-10-01 00:00:00-04:00,0.44155168640024056,0.44465781420611833,0.4353393738219683,0.43653404712677,350976000
2014-10-02 00:00:00-04:00,0.4358172890219701,0.4379676898317888,0.4245873358412717,0.4346226155757904,288996000
2014-10-03 00:00:00-04:00,0.4372508819596644,0.4432242488272978,0.435578316450119,0.435578316450119,239140000
2014-10-06 00:00:00-04:00,0.4372508794554647,0.4408348995555186,0.43008281077209726,0.43295004963874817,199032000
2014-10-07 00:00:00-04:00,0.43103855459652035,0.4353393842939133,0.4279323982326667,0.42841026186943054,301896000
2014-10-08 00:00:00-04:00,0.4279322914508685,0.4384454312526286,0.4245871898617054,0.4362950026988983,260172000
2014-10-09 00:00:00-04:00,0.4343836116841118,0.4348615037855937,0.4243483617683774,0.42793238162994385,306956000
2014-10-10 00:00:00-04:00,0.4245872136441534,0.426020832760275,0.40236628824378934,0.40260520577430725,691376000
2014-10-13 00:00:00-04:00,0.40523350760821275,0.41335730198690857,0.40069376110486377,0.40117162466049194,397628000
2014-10-14 00:00:00-04:00,0.40666718922130096,0.4217200786768228,0.4042778425929089,0.41049015522003174,376620000
2014-10-15 00:00:00-04:00,0.40451676983244517,0.4188528784286432,0.4018885055683619,0.4167024493217468,404428000
2014-10-16 00:00:00-04:00,0.4092954419698339,0.4217200375285215,0.4083396863217775,0.4169413447380066,351116000
2014-10-17 00:00:00-04:00,0.4219590784145369,0.4267377722792658,0.4145520915309022,0.4162246286869049,290716000
2014-10-20 00:00:00-04:00,0.4162245764240816,0.42363156237766547,0.4133573661619151,0.41980859637260437,200336000
2014-10-21 00:00:00-04:00,0.422914731845044,0.43820656662826635,0.42172005858775746,0.4377287030220032,351092000
2014-10-22 00:00:00-04:00,0.4370118873163355,0.43844550659851994,0.42745450139045715,0.42745450139045715,239512000
2014-10-23 00:00:00-04:00,0.434861645351861,0.4401182038300772,0.43175548809733005,0.43701204657554626,214476000
2014-10-24 00:00:00-04:00,0.43964020235353657,0.44417994950750966,0.4370119096960206,0.44155168533325195,210156000
2014-10-27 00:00:00-04:00,0.44131274691944716,0.4434631475068177,0.43653405362906045,0.4417906105518341,145092000
2014-10-28 00:00:00-04:00,0.44059589312032904,0.45278157118418694,0.44011802953578194,0.4523037075996399,192580000
2014-10-29 00:00:00-04:00,0.45039227264267134,0.4530205653618803,0.44537463326354837,0.4494365453720093,168340000
2014-10-30 00:00:00-04:00,0.4482418292238647,0.45015328358259754,0.44083484389237815,0.4465692639350891,170260000
2014-10-31 00:00:00-04:00,0.4568436098835159,0.4671178371064477,0.4544542626642106,0.46687889099121094,256316000
2014-11-03 00:00:00-05:00,0.47763078215409205,0.47930334739427677,0.4723742258537763,0.47476357221603394,308732000
2014-11-04 00:00:00-05:00,0.47786976968504824,0.48264846282457746,0.46998492030817346,0.4809759259223938,360196000
2014-11-05 00:00:00-05:00,0.48384316459271764,0.48408208215973936,0.4773919060677469,0.4809759259223938,335652000
2014-11-06 00:00:00-05:00,0.48193152164518654,0.4838430325592853,0.4745245379068667,0.4831262230873108,394088000
2014-11-07 00:00:00-05:00,0.4886218990374641,0.4943563198963502,0.46807347692388485,0.4728521704673767,450800000
2014-11-10 00:00:00-05:00,0.4723742642367526,0.48145381533100107,0.47117959095855005,0.47834765911102295,293388000
2014-11-11 00:00:00-05:00,0.4754803656825664,0.47810862950188787,0.46855124437725476,0.4726131558418274,212992000
2014-11-12 00:00:00-05:00,0.4709407190698992,0.47213539253623016,0.4630558684954625,0.4695071280002594,204584000
2014-11-13 00:00:00-05:00,0.47117961041983225,0.47189642011301197,0.46329476076137355,0.4671177268028259,225328000
2014-11-14 00:00:00-05:00,0.4675956132661877,0.4728521704673767,0.46305583730991434,0.4728521704673767,160248000
2014-11-17 00:00:00-05:00,0.470701664686203,0.475719303180031,0.4675955088797026,0.470701664686203,158732000
2014-11-18 00:00:00-05:00,0.4709405635383861,0.483126268747112,0.46974589046660453,0.48193156719207764,207772000
2014-11-19 00:00:00-05:00,0.4822916029169659,0.4837312894189523,0.47509322761463524,0.4801320731639862,240300000
2014-11-20 00:00:00-05:00,0.4767730079884971,0.4885303755515717,0.4753333209876926,0.4880504608154297,220968000
2014-11-21 00:00:00-05:00,0.49236919030633214,0.49308903332206505,0.48661050338805184,0.49068957567214966,198976000
2014-11-24 00:00:00-05:00,0.4918894135769988,0.49596848700286106,0.4899698698028043,0.4938090145587921,136004000
2014-11-25 00:00:00-05:00,0.4928492922926398,0.49716835253216224,0.49188952019750526,0.49356913566589355,190240000
2014-11-26 00:00:00-05:00,0.4906896843597279,0.5024470466108394,0.4904496984962715,0.5019671320915222,219264000
2014-11-28 00:00:00-05:00,0.503646888244664,0.5060463470985062,0.4990878992600802,0.5031669735908508,124832000
2014-12-01 00:00:00-05:00,0.5010073895234195,0.5038867051847111,0.49308917134156943,0.4938090145587921,190060000
2014-12-02 00:00:00-05:00,0.4933292507342336,0.49668848196919135,0.4887702613681531,0.49452900886535645,245952000
2014-12-03 00:00:00-05:00,0.4969282236625912,0.5074858268720099,0.4954885374959459,0.5072458982467651,284424000
2014-12-04 00:00:00-05:00,0.506526121934414,0.5084456656045859,0.499327747359876,0.5026869773864746,185332000
2014-12-05 00:00:00-05:00,0.502926973759562,0.5082058053746924,0.5026870450703844,0.505566418170929,165680000
2014-12-08 00:00:00-05:00,0.5048464962152993,0.509885341148343,0.49500867779340174,0.49908775091171265,226944000
2014-12-09 00:00:00-05:00,0.4959684058231436,0.4986078495901375,0.48853010340613706,0.49740809202194214,239448000
2014-12-10 00:00:00-05:00,0.4959686381365223,0.4978882397032648,0.48589094443968583,0.4863708019256592,204364000
2014-12-11 00:00:00-05:00,0.4892499558999553,0.4926091856232618,0.48517088306342737,0.48613065481185913,135652000
2014-12-12 00:00:00-05:00,0.4796522053664732,0.48397123643223056,0.47053425725071923,0.4710141718387604,323964000
2014-12-15 00:00:00-05:00,0.4765327180063614,0.48517080537809715,0.4681346164390002,0.46957430243492126,254696000
2014-12-16 00:00:00-05:00,0.4690945409411173,0.47653284428098186,0.4640556672239523,0.4642955958843231,185308000
2014-12-17 00:00:00-05:00,0.47365344190587577,0.48397111673227156,0.4582968939817208,0.48325127363204956,345596000
2014-12-18 00:00:00-05:00,0.4892499738075162,0.4950086617164773,0.4806119133402783,0.4851709008216858,226156000
2014-12-19 00:00:00-05:00,0.488530103781936,0.4918893334433237,0.4839711165514301,0.48996978998184204,325528000
2014-12-22 00:00:00-05:00,0.4894899282751042,0.49860790371894836,0.4878103132633636,0.49860790371894836,148976000
2014-12-23 00:00:00-05:00,0.5024470599165122,0.5048465181614484,0.49500869931189173,0.49548861384391785,109280000
2014-12-24 00:00:00-05:00,0.4966884378807893,0.49740828125404307,0.49308927822213194,0.49356913566589355,45644000
2014-12-26 00:00:00-05:00,0.4935690384994409,0.4966883401002554,0.49236933791860454,0.49404895305633545,52636000
2014-12-29 00:00:00-05:00,0.4926092942916883,0.4966883680280501,0.4902098357874988,0.49332913756370544,82944000
2014-12-30 00:00:00-05:00,0.48996988509847195,0.4923693434949197,0.4880502840567533,0.48877012729644775,112120000
2014-12-31 00:00:00-05:00,0.4894899927255931,0.49212943712665685,0.47965220141267273,0.4810919165611267,166300000
2015-01-02 00:00:00-05:00,0.4830114245414734,0.4866106406352872,0.4753331350130699,0.4830114245414734,113680000
2015-01-05 00:00:00-05:00,0.4830114228484823,0.48445110928096163,0.47269374635917893,0.4748532474040985,197952000
2015-01-06 00:00:00-05:00,0.47557311419413834,0.47605300016081925,0.45997663435230407,0.460456520318985,197764000
2015-01-07 00:00:00-05:00,0.46381566739240015,0.46789476888611964,0.4578170223766901,0.45925670862197876,321808000
2015-01-08 00:00:00-05:00,0.46453546834006565,0.4794121295114175,0.4642955111197046,0.4765327572822571,283780000
2015-01-09 00:00:00-05:00,0.4782124856150027,0.48205163020039327,0.47173392555168125,0.4784524142742157,209540000
2015-01-12 00:00:00-05:00,0.4796521779881352,0.47989213526845914,0.4681347720047914,0.4724538028240204,190732000
2015-01-13 00:00:00-05:00,0.47605295825427457,0.4856507911582065,0.46837469765188877,0.4717339277267456,236720000
2015-01-14 00:00:00-05:00,0.4666950486026983,0.47509315178160244,0.4654953195771406,0.4736534655094147,155260000
2015-01-15 00:00:00-05:00,0.47701275564961415,0.4798920997815794,0.4700543096765835,0.4702942669391632,188932000
2015-01-16 00:00:00-05:00,0.4695743878021576,0.479412177153921,0.4681347015445058,0.47893229126930237,181512000
2015-01-20 00:00:00-05:00,0.4822917049434594,0.4849310926170499,0.47437348471507407,0.4803721606731415,140308000
2015-01-21 00:00:00-05:00,0.47773256371247375,0.48829019622525344,0.4743733053023091,0.48709043860435486,144780000
2015-01-22 00:00:00-05:00,0.4880502532392974,0.49692830023239903,0.4830114080872103,0.49548861384391785,159712000
2015-01-23 00:00:00-05:00,0.4959684456168968,0.49788804643850954,0.49188937253141174,0.49692827463150024,120416000
2015-01-26 00:00:00-05:00,0.49476879835128784,0.4971682567305674,0.4916494967374644,0.49476879835128784,133240000
2015-01-27 00:00:00-05:00,0.48709053823548876,0.4875704528235299,0.4700543712664799,0.4710141718387604,357948000
2015-01-28 00:00:00-05:00,0.4767727892553699,0.47869236150784705,0.4630958548338437,0.4633358120918274,272728000
2015-01-29 00:00:00-05:00,0.4635757603203251,0.47725266587165627,0.46141623085192734,0.4746132791042328,235340000
2015-01-30 00:00:00-05:00,0.4712540018715863,0.47677276104448624,0.45997655488579686,0.46069636940956116,298200000
2015-02-02 00:00:00-05:00,0.4635758281321847,0.4726937760347776,0.4544578802295917,0.47077420353889465,259604000
2015-02-03 00:00:00-05:00,0.4741334134657978,0.48301143230014815,0.47173395510057875,0.48253151774406433,183468000
2015-02-04 00:00:00-05:00,0.48109188282803333,0.48925002973222764,0.479652167780529,0.4837312698364258,181516000
2015-02-05 00:00:00-05:00,0.48421105922327606,0.4918893477070354,0.4837312019477856,0.49164941906929016,140448000
2015-02-06 00:00:00-05:00,0.4911694980414514,0.49692824293133214,0.4873303538507277,0.489489883184433,210524000
2015-02-09 00:00:00-05:00,0.48661060763006236,0.4904496949262722,0.4834913062961955,0.4890100657939911,273944000
2015-02-10 00:00:00-05:00,0.48948992872935687,0.5029269060433471,0.48733039919471666,0.5026869773864746,226204000
2015-02-11 00:00:00-05:00,0.5038866494731375,0.5038866494731375,0.49596843216675496,0.49932771921157837,320832000
2015-02-12 00:00:00-05:00,0.5278811663026141,0.539878453835214,0.5247618658233801,0.5350795388221741,676904000
2015-02-13 00:00:00-05:00,0.5338800588471891,0.5360395888873337,0.5257219105278995,0.5353197455406189,310084000
2015-02-17 00:00:00-05:00,0.5343600167504511,0.5396388493179416,0.5310007856655088,0.5369994044303894,203340000
2015-02-18 00:00:00-05:00,0.5362794055665476,0.5372392346333896,0.5298008740071494,0.530760645866394,170948000
2015-02-19 00:00:00-05:00,0.5374792879268846,0.5384390600086811,0.529800996857292,0.5322004556655884,169432000
2015-02-20 00:00:00-05:00,0.5317205288227984,0.536279459918155,0.5278813837891272,0.5360395312309265,157752000
2015-02-23 00:00:00-05:00,0.535799412526208,0.535799412526208,0.529080896798057,0.5317203402519226,125008000
2015-02-24 00:00:00-05:00,0.5337679752822673,0.5373809933662415,0.5289505795517103,0.5373809933662415,149356000
2015-02-25 00:00:00-05:00,0.5352128500999143,0.5376216040520985,0.5308772193272638,0.533285915851593,123820000
2015-02-26 00:00:00-05:00,0.533767920530336,0.5378627007384933,0.5303956979225466,0.534731388092041,152864000
2015-02-27 00:00:00-05:00,0.5332861905547859,0.5344905681512698,0.529432262645076,0.5313592553138733,157492000
2015-03-02 00:00:00-05:00,0.5299139371034088,0.5472565811010054,0.529191322151186,0.5443661212921143,301512000
2015-03-03 00:00:00-05:00,0.540271557090929,0.5429211080210383,0.5325636994769228,0.5342497825622559,160344000
2015-03-04 00:00:00-05:00,0.5323226347499076,0.5414756617697817,0.530154789892092,0.5402713418006897,226840000
2015-03-05 00:00:00-05:00,0.5402713762415662,0.5515922488409316,0.5388261462442262,0.5506287813186646,323056000
2015-03-06 00:00:00-05:00,0.5474976821163974,0.5501472331919194,0.5426802852002294,0.5431620478630066,257392000
2015-03-09 00:00:00-04:00,0.5434026636713899,0.5487018209410193,0.5421982862532521,0.5446069836616516,222388000
2015-03-10 00:00:00-04:00,0.5470157921746256,0.5576141088665123,0.5460523245011507,0.5540010333061218,527212000
2015-03-11 00:00:00-04:00,0.5540007286748695,0.5612268183943151,0.5496650978143446,0.5511103272438049,262120000
2015-03-12 00:00:00-04:00,0.5458111266559095,0.5499059047487088,0.5356945789145013,0.5460519790649414,406972000
2015-03-13 00:00:00-04:00,0.5434026398537524,0.5482200344594023,0.5359356380154834,0.5467748045921326,359288000
2015-03-16 00:00:00-04:00,0.5511105394372252,0.5566505494313159,0.5474974644724365,0.5532783269882202,236956000
2015-03-17 00:00:00-04:00,0.5520738867801199,0.5602634450138216,0.548219960132535,0.5600225925445557,299900000
2015-03-18 00:00:00-04:00,0.5600226682880156,0.5629130705937339,0.545811336977645,0.5508695840835571,413844000
2015-03-19 00:00:00-04:00,0.5527964701088596,0.5612268803313317,0.5487016912253928,0.5592999458312988,310756000
2015-03-20 00:00:00-04:00,0.5638765116595108,0.5686939055476716,0.558577355411388,0.565321683883667,462084000
2015-03-23 00:00:00-04:00,0.5484608370928883,0.5556869283443358,0.5467747548770041,0.5470156073570251,426012000
2015-03-24 00:00:00-04:00,0.5453297376698999,0.549183665991552,0.537140175878821,0.5395488739013672,330480000
2015-03-25 00:00:00-04:00,0.5393078406774597,0.5393078406774597,0.5051042598153078,0.5067903995513916,542552000
2015-03-26 00:00:00-04:00,0.49643303857817045,0.5072721482693773,0.49281996372918385,0.5051043033599854,311920000
2015-03-27 00:00:00-04:00,0.5079948369735147,0.5169070129907626,0.4998052760309502,0.5149800777435303,318288000
2015-03-30 00:00:00-04:00,0.5173888704764389,0.5197975686915066,0.5106444810175121,0.5171480178833008,253252000
2015-03-31 00:00:00-04:00,0.5157026363836509,0.5161843414288024,0.5036591488366844,0.5041408538818359,357276000
2015-04-01 00:00:00-04:00,0.5060678124427795,0.5077538948436103,0.4973964905043109,0.5060678124427795,330768000
2015-04-02 00:00:00-04:00,0.508958445875373,0.5104036764259111,0.5029367284853317,0.5072723627090454,192204000
2015-04-06 00:00:00-04:00,0.5051041521173251,0.5236511684088205,0.4998050538293486,0.5219650864601135,515864000
2015-04-07 00:00:00-04:00,0.5219652863937821,0.5323226919230413,0.5190748262729169,0.5265418291091919,413964000
2015-04-08 00:00:00-04:00,0.5270234622926562,0.5323226193154896,0.5219652151989561,0.5303956270217896,366432000
2015-04-09 00:00:00-04:00,0.5263009645906366,0.5443662270501267,0.5260601120357284,0.5426801443099976,379432000
2015-04-10 00:00:00-04:00,0.5431619093793277,0.5484610101793217,0.5412349166474227,0.548220157623291,258728000
2015-04-13 00:00:00-04:00,0.54701591945362,0.5501472331919194,0.5407532919770214,0.5431620478630066,236724000
2015-04-14 00:00:00-04:00,0.5409940027849365,0.5431618478272078,0.5332861475865582,0.5385853052139282,220276000
2015-04-15 00:00:00-04:00,0.5400302842668228,0.5491833078116984,0.5373806779705838,0.545088529586792,243560000
2015-04-16 00:00:00-04:00,0.5419574281325433,0.5465339703895067,0.537862648323425,0.5417165756225586,155284000
2015-04-17 00:00:00-04:00,0.5303956979225466,0.5400305458232405,0.5301548453890905,0.534731388092041,293636000
2015-04-20 00:00:00-04:00,0.5371402707487899,0.54051243709037,0.5311184959149102,0.5320820212364197,231624000
2015-04-21 00:00:00-04:00,0.5385853486091227,0.5385853486091227,0.5287096475727626,0.5313592553138733,230456000
2015-04-22 00:00:00-04:00,0.5344905903846395,0.5381036084686137,0.5263009717003831,0.5373809933662415,207420000
2015-04-23 00:00:00-04:00,0.5275052558800315,0.5402713580468121,0.5214834835698701,0.535213053226471,259380000
2015-04-24 00:00:00-04:00,0.534972241348086,0.5352130938818672,0.5246148358330343,0.5306366086006165,240960000
2015-04-27 00:00:00-04:00,0.5323226904738378,0.5441253260313978,0.5277461477708874,0.534731388092041,248456000
2015-04-28 00:00:00-04:00,0.5337679752822673,0.5393079861151964,0.5287096695656616,0.5373809933662415,234484000
2015-04-29 00:00:00-04:00,0.5335267682756694,0.5388259236003355,0.5311180717513403,0.533285915851593,195156000
2015-04-30 00:00:00-04:00,0.5306366078838837,0.5373809382437001,0.5294322303608415,0.534731388092041,218844000
2015-05-01 00:00:00-04:00,0.5390670617055855,0.5496653779715462,0.5366583639047554,0.5479792952537537,256968000
2015-05-04 00:00:00-04:00,0.5474974435228814,0.5511105183494188,0.5429209012185595,0.5446069836616516,200720000
2015-05-05 00:00:00-04:00,0.5426800967078996,0.5434027117371247,0.5282279109791598,0.5306366086006165,292928000
2015-05-06 00:00:00-04:00,0.5335268457010963,0.5385851493357471,0.5253372878154795,0.5323225259780884,316484000
2015-05-07 00:00:00-04:00,0.5301547937251577,0.5434026580482029,0.5284687112995134,0.5417165756225586,534564000
2015-05-08 00:00:00-04:00,0.5060678005585273,0.5260599938204438,0.4935425516717789,0.5017321109771729,1146552000
2015-05-11 00:00:00-04:00,0.4947468994643806,0.501973049173566,0.49089302952331715,0.49691474437713623,544144000
2015-05-12 00:00:00-04:00,0.4933016991709948,0.5058268906298697,0.4930607892423373,0.5017321109771729,388800000
2015-05-13 00:00:00-04:00,0.5053451935624818,0.5091991207749033,0.49980518396235235,0.5046225786209106,308524000
2015-05-14 00:00:00-04:00,0.5060679845210956,0.5154619246009814,0.5048636067236206,0.5128123164176941,293052000
2015-05-15 00:00:00-04:00,0.5149800543422568,0.5173887520057857,0.5099218064772109,0.5130531191825867,215824000
2015-05-18 00:00:00-04:00,0.5118486504466565,0.5154617250121907,0.5094399532122578,0.5123304128646851,324972000
2015-05-19 00:00:00-04:00,0.5130079081098828,0.5147018525464316,0.508168215217804,0.5091361999511719,253808000
2015-05-20 00:00:00-04:00,0.5093781672876687,0.5154278122496124,0.5086522075844879,0.5091361999511719,196824000
2015-05-21 00:00:00-04:00,0.509378282228996,0.5115561618299774,0.5050225230270328,0.5055065155029297,239692000
2015-05-22 00:00:00-04:00,0.5067165028779352,0.5086523575279531,0.5035706958013758,0.5047805905342102,212592000
2015-05-26 00:00:00-04:00,0.5023606171176948,0.5057483907506383,0.4977628913623043,0.5016346573829651,259732000
2015-05-27 00:00:00-04:00,0.5050221646020863,0.5309145609652757,0.5033282786791885,0.5284947156906128,432332000
2015-05-28 00:00:00-04:00,0.5284947862129746,0.5374482091546063,0.5275268595126817,0.5357543230056763,327656000
2015-05-29 00:00:00-04:00,0.5357546531765304,0.5391424275621827,0.5347867258797305,0.5355126857757568,335168000
2015-06-01 00:00:00-04:00,0.5389004447835656,0.546885945718278,0.5355126704945854,0.5415622591972351,372660000
2015-06-02 00:00:00-04:00,0.5381743223443285,0.5410781609684211,0.530430791142539,0.5309147834777832,224304000
2015-06-03 00:00:00-04:00,0.5323666839186596,0.536480416694511,0.5241391606732726,0.5251071453094482,250788000
2015-06-04 00:00:00-04:00,0.5219616542369763,0.5362387727527923,0.5219616542369763,0.5345448851585388,323712000
2015-06-05 00:00:00-04:00,0.5328509973605007,0.5410785264550491,0.5272853413673027,0.5386586785316467,313320000
2015-06-08 00:00:00-04:00,0.5369642474241593,0.5405939867896268,0.5202672963394748,0.5263168811798096,342812000
2015-06-09 00:00:00-04:00,0.5268011835163097,0.5328507719184529,0.5258332562952108,0.5289790630340576,256888000
2015-06-10 00:00:00-04:00,0.5226875477472918,0.5260753225044079,0.5166379005149742,0.5195417404174805,529460000
2015-06-11 00:00:00-04:00,0.5195414932730177,0.5287368857672117,0.5195414932730177,0.5251071453094482,283052000
2015-06-12 00:00:00-04:00,0.5217193848877677,0.5248651911457238,0.5096201522393565,0.5108301043510437,323728000
2015-06-15 00:00:00-04:00,0.5081682400053598,0.5122820310886115,0.5042965316577936,0.5098621845245361,306548000
2015-06-16 00:00:00-04:00,0.5088942716898893,0.5168797722496732,0.5038126104950091,0.5161538124084473,256892000
2015-06-17 00:00:00-04:00,0.5159117143243799,0.5251071648545231,0.5147018200246533,0.5222033262252808,233544000
2015-06-18 00:00:00-04:00,0.5265590832353306,0.5343025567434337,0.5251071639232843,0.5309147834777832,299404000
2015-06-19 00:00:00-04:00,0.5309150646309814,0.5352707671800547,0.5243814819605129,0.5292211771011353,355656000
2015-06-22 00:00:00-04:00,0.530189150473348,0.5330929908865081,0.5190578391478641,0.527043342590332,514236000
2015-06-23 00:00:00-04:00,0.5280110080482167,0.5321247414622389,0.5093781951634009,0.5134919285774231,414064000
2015-06-24 00:00:00-04:00,0.5127659758054277,0.5154278474635126,0.5059904283710897,0.5084102749824524,253368000
2015-06-25 00:00:00-04:00,0.5084103662901498,0.5154279400315276,0.5084103662901498,0.512282133102417,350460000
2015-06-26 00:00:00-04:00,0.5081682048056363,0.5086521971624034,0.4996987712648787,0.5018765926361084,421296000
2015-06-29 00:00:00-04:00,0.4960691119234473,0.5011508311665287,0.48614775622408274,0.48687371611595154,391724000
2015-06-30 00:00:00-04:00,0.48977740844056883,0.4919552877179795,0.48324382830203155,0.4866316020488739,315916000
2015-07-01 00:00:00-04:00,0.49873087301277114,0.5057483875816997,0.48929345421411113,0.4936491549015045,302892000
2015-07-02 00:00:00-04:00,0.493407155132283,0.497278920874255,0.4909873087552616,0.4941331148147583,145764000
2015-07-06 00:00:00-04:00,0.49001936363259385,0.4967949101603614,0.48445371140177634,0.48808345198631287,214776000
2015-07-07 00:00:00-04:00,0.4851797963883999,0.4871156508410618,0.46364311271060465,0.4788881540298462,594252000
2015-07-08 00:00:00-04:00,0.4762262453247137,0.47913005527489244,0.4716285197939895,0.47550028562545776,332492000
2015-07-09 00:00:00-04:00,0.48300183198499025,0.4851797111318103,0.46678883744154165,0.4696926474571228,357588000
2015-07-10 00:00:00-04:00,0.4757423546400971,0.4822759644829706,0.4745324311650244,0.4779202342033386,216708000
2015-07-13 00:00:00-04:00,0.4827599053588977,0.4837278325546125,0.47792021168662396,0.4810660183429718,212472000
2015-07-14 00:00:00-04:00,0.4817919161762298,0.4822758797118209,0.4750163401374167,0.4813079237937927,249216000
2015-07-15 00:00:00-04:00,0.4800980849197291,0.48324389172428833,0.47356450392370664,0.4779202342033386,265732000
2015-07-16 00:00:00-04:00,0.480824145185427,0.48856768012046814,0.47913025773595813,0.48856768012046814,282848000
2015-07-17 00:00:00-04:00,0.486873634403649,0.48735756912120565,0.4793720693445657,0.48566368222236633,220372000
2015-07-20 00:00:00-04:00,0.48566359582001384,0.4875995074269171,0.4755002473882484,0.47671017050743103,188412000
2015-07-21 00:00:00-04:00,0.47574234727399467,0.48566373115471473,0.47574234727399467,0.4788881540298462,149720000
2015-07-22 00:00:00-04:00,0.4755002963351306,0.4755002963351306,0.46388502742596055,0.4696926474571228,356472000
2015-07-23 00:00:00-04:00,0.4706605927595449,0.4825178287422935,0.4696926368782554,0.47550028562545776,169916000
2015-07-24 00:00:00-04:00,0.47888812926406615,0.4793720928522034,0.4679988187201577,0.46993470191955566,188844000
2015-07-27 00:00:00-04:00,0.46582089860412607,0.47259647478660705,0.46194916139045594,0.4672728180885315,192420000
2015-07-28 00:00:00-04:00,0.4684827296972396,0.48058196227616035,0.46364303666567125,0.4774361848831177,198308000
2015-07-29 00:00:00-04:00,0.4764681880156129,0.4871155290780174,0.47453230520000816,0.48324376344680786,232680000
2015-07-30 00:00:00-04:00,0.4820338921232369,0.4892934606740452,0.4820338921232369,0.4844537675380707,190180000
2015-07-31 00:00:00-04:00,0.4863895429957562,0.48663151030528606,0.47985596408898046,0.4827597737312317,218340000
2015-08-03 00:00:00-04:00,0.4866316314616795,0.4914713250193145,0.48034004714486334,0.4909873902797699,397132000
2015-08-04 00:00:00-04:00,0.4892934591367326,0.49437511960543185,0.4873575472722094,0.49292320013046265,260100000
2015-08-05 00:00:00-04:00,0.5050225487887741,0.50550654128936,0.4970370475381958,0.4980050325393677,234628000
2015-08-06 00:00:00-04:00,0.4967949535096357,0.5004247521045871,0.4866315751374632,0.49485909938812256,655676000
2015-08-07 00:00:00-04:00,0.5434983028098024,0.5655188987049423,0.5294631520860024,0.5560815334320068,1405248000
2015-08-10 00:00:00-04:00,0.5522094541307099,0.579553722404258,0.5488216232407306,0.575439989566803,662304000
2015-08-11 00:00:00-04:00,0.5669706952491633,0.5781020033439763,0.5669706952491633,0.5725363492965698,435008000
2015-08-12 00:00:00-04:00,0.5633410019258066,0.5781020530592904,0.5633410019258066,0.5739883184432983,384048000
2015-08-13 00:00:00-04:00,0.5747140738325168,0.5759240258914511,0.5676965018942914,0.5691484212875366,276884000
2015-08-14 00:00:00-04:00,0.5686647237997758,0.573020484238141,0.5652769485879716,0.5696327090263367,214652000
2015-08-17 00:00:00-04:00,0.5686645408371998,0.5686645408371998,0.5589851532356016,0.5660027265548706,273880000
2015-08-18 00:00:00-04:00,0.5642530652297213,0.5681411217481181,0.5564769521929275,0.5608510375022888,287084000
2015-08-19 00:00:00-04:00,0.5601220523884042,0.5664401373170364,0.5525889243874461,0.5586640238761902,249248000
2015-08-20 00:00:00-04:00,0.5523459814214221,0.5550189952750667,0.5358217535730676,0.5384948253631592,426932000
2015-08-21 00:00:00-04:00,0.5346067780773429,0.5435978775091638,0.5212415926928862,0.5217276215553284,382664000
2015-08-24 00:00:00-04:00,0.49256730668663673,0.5304758263545524,0.48600623457071535,0.5032594799995422,682284000
2015-08-25 00:00:00-04:00,0.5253726177433328,0.5273166751918875,0.4928102493286133,0.4928102493286133,622684000
2015-08-26 00:00:00-04:00,0.5088485917087497,0.5304758675835956,0.5049605336506425,0.5299898386001587,614976000
2015-08-27 00:00:00-04:00,0.5355788420844446,0.5501590144685727,0.5324197989409046,0.5499160289764404,463764000
2015-08-28 00:00:00-04:00,0.5499160813816711,0.5557481393038077,0.5460280234547599,0.5523461103439331,320944000
2015-08-31 00:00:00-04:00,0.5496729332101651,0.5535609899865437,0.5440838624572039,0.5462708473205566,219352000
2015-09-01 00:00:00-04:00,0.5304756437661934,0.5394667416427972,0.5200265174909106,0.5239145159721375,353408000
2015-09-02 00:00:00-04:00,0.5382518372727628,0.539952851530445,0.5292607370808199,0.5397098660469055,344044000
2015-09-03 00:00:00-04:00,0.5477288056757721,0.5504018769562934,0.5401957364680208,0.5411677360534668,262556000
2015-09-04 00:00:00-04:00,0.531933518785317,0.5404386442939392,0.5282885063790701,0.5285314917564392,287972000
2015-09-08 00:00:00-04:00,0.5414106024418582,0.5533177540710986,0.5392236183395009,0.5511307120323181,238448000
2015-09-09 00:00:00-04:00,0.5528318101566374,0.5574488218804584,0.5389806011758964,0.540195643901825,289392000
2015-09-10 00:00:00-04:00,0.5370367568284689,0.5555049828458193,0.534606728613987,0.5487008690834045,357076000
2015-09-11 00:00:00-04:00,0.5426256952656496,0.5540468192964918,0.5404386530247134,0.5504018068313599,301584000
2015-09-14 00:00:00-04:00,0.5530748530223456,0.5547758666663344,0.5484577828821294,0.5513738393783569,192460000
2015-09-15 00:00:00-04:00,0.5516169270550411,0.5603650402293666,0.5499159130956504,0.5574489831924438,327976000
2015-09-16 00:00:00-04:00,0.5564769972186636,0.5644960963315622,0.5523459549387529,0.5613370537757874,173508000
2015-09-17 00:00:00-04:00,0.5710571783089561,0.5761602783514891,0.565225121911078,0.5664401650428772,268712000
2015-09-18 00:00:00-04:00,0.5586638871154272,0.5708140251821224,0.5552618600440382,0.5659539699554443,326412000
2015-09-21 00:00:00-04:00,0.5666830052301717,0.5730010888484702,0.5637669488105169,0.5717860460281372,281840000
2015-09-22 00:00:00-04:00,0.5593930446142638,0.5632811013797397,0.5533179450551245,0.5562340021133423,228356000
2015-09-23 00:00:00-04:00,0.5567199891558041,0.5623090600552979,0.5545330042351135,0.5589070320129395,161632000
2015-09-24 00:00:00-04:00,0.555505070198458,0.5754313278651709,0.5467569556634022,0.5695992708206177,382440000
2015-09-25 00:00:00-04:00,0.5766461695544606,0.584908311073993,0.5681411005531677,0.5737301707267761,369692000
2015-09-28 00:00:00-04:00,0.5737302253471556,0.5773752387128837,0.562552083935755,0.5661970973014832,395584000
2015-09-29 00:00:00-04:00,0.5722721953607245,0.5771322517935442,0.5642530964529278,0.5761602520942688,380736000
2015-09-30 00:00:00-04:00,0.5815060813202677,0.5997313157031935,0.5781040545634722,0.5990023016929626,556380000
2015-10-01 00:00:00-04:00,0.5990024393325544,0.6007034531018134,0.5703280747960491,0.5873383283615112,489296000
2015-10-02 00:00:00-04:00,0.5841793179658923,0.6026475429534912,0.5781042188002018,0.6026475429534912,386144000
2015-10-05 00:00:00-04:00,0.6065358425959282,0.6252470605108511,0.6033767990333027,0.617713987827301,482024000
2015-10-06 00:00:00-04:00,0.6111526706234381,0.6284058526153288,0.6087226425427589,0.6257328391075134,453216000
2015-10-07 00:00:00-04:00,0.6271907795089472,0.6386119040913943,0.6169846398280812,0.6322938203811646,310152000
2015-10-08 00:00:00-04:00,0.6296210352481899,0.6376401354863851,0.6189288629729613,0.6359391212463379,460068000
2015-10-09 00:00:00-04:00,0.6325369821627957,0.6386120821740916,0.6216018832534895,0.6335090398788452,423248000
2015-10-12 00:00:00-04:00,0.634237929913467,0.6439581005020011,0.6296209169592318,0.6403130292892456,227588000
2015-10-13 00:00:00-04:00,0.6352101032204024,0.6454161886020976,0.6330230600944169,0.6415281891822815,298444000
2015-10-14 00:00:00-04:00,0.642257047938672,0.6753055014723021,0.6415280916106643,0.6648563742637634,612148000
2015-10-15 00:00:00-04:00,0.6660714023678831,0.6801656018075981,0.6592673460428116,0.6665574312210083,526048000
2015-10-16 00:00:00-04:00,0.6687445756895215,0.6833247482595926,0.6670435034135364,0.6770066618919373,448396000
2015-10-19 00:00:00-04:00,0.6791937078371233,0.6823527510334102,0.6680155639020244,0.6757916212081909,294712000
2015-10-20 00:00:00-04:00,0.6728753511810034,0.6779783921700576,0.6677722522555166,0.6748193502426147,264824000
2015-10-21 00:00:00-04:00,0.6789506929801952,0.6830817942080218,0.6648565486882596,0.6660715341567993,386280000
2015-10-22 00:00:00-04:00,0.6738477327963177,0.692315966099196,0.6728757327143694,0.6901289224624634,306884000
2015-10-23 00:00:00-04:00,0.6962036882153612,0.6993627304087614,0.6857545620225229,0.694745659828186,381776000
2015-10-26 00:00:00-04:00,0.6952318044396458,0.6969328185292876,0.6852686474248837,0.6915867328643799,247436000
2015-10-27 00:00:00-04:00,0.6881847188751854,0.6954748042395887,0.6876986900096459,0.6911007761955261,208268000
2015-10-28 00:00:00-04:00,0.695474681940221,0.6966897249221802,0.6852685410502289,0.6966897249221802,217036000
2015-10-29 00:00:00-04:00,0.6855115482121967,0.6925585885642856,0.6714173516351486,0.6726323366165161,327168000
2015-10-30 00:00:00-04:00,0.6799226486124396,0.6942598341908112,0.6748195481900405,0.6893997192382812,301160000
2015-11-02 00:00:00-05:00,0.6915867521901231,0.6981478232724976,0.6874557095803483,0.6974188089370728,190088000
2015-11-03 00:00:00-05:00,0.6932874814239929,0.6971755369696637,0.6847824142332364,0.6925584673881531,376768000
2015-11-04 00:00:00-05:00,0.690614689357209,0.6957177313029884,0.6779785192783913,0.6811375617980957,442264000
2015-11-05 00:00:00-05:00,0.6845395011203367,0.6864835582311175,0.6714173618524191,0.6733613610267639,478800000
2015-11-06 00:00:00-05:00,0.7399442694930892,0.7761517050178148,0.7246350869003915,0.7666745781898499,1172272000
2015-11-09 00:00:00-05:00,0.7591414821099799,0.7654595664417018,0.7525803544248892,0.7632725238800049,492568000
2015-11-10 00:00:00-05:00,0.7533095260812193,0.7574406266512317,0.7326543129134034,0.748692512512207,552260000
2015-11-11 00:00:00-05:00,0.7491783231410638,0.7545244078422113,0.7387291970909369,0.741402268409729,619896000
2015-11-12 00:00:00-05:00,0.7397011784809214,0.7465052913818324,0.735570136832999,0.7387291789054871,291080000
2015-11-13 00:00:00-05:00,0.7394581698494965,0.7426172118227792,0.7205039180098004,0.7241489887237549,292940000
2015-11-16 00:00:00-05:00,0.7336261376821304,0.7392152076614219,0.7277940243566537,0.7387291789054871,344280000
2015-11-17 00:00:00-05:00,0.7406732359927911,0.7450472630504632,0.735570136832999,0.7387291789054871,257048000
2015-11-18 00:00:00-05:00,0.741777982070412,0.7578771317358688,0.7337284363158914,0.7569013833999634,350216000
2015-11-19 00:00:00-05:00,0.75958485442365,0.7666586541735605,0.7534866870183511,0.7590969800949097,254072000
2015-11-20 00:00:00-05:00,0.7647073047779935,0.7700736899902001,0.7600727020109259,0.7656829953193665,239744000
2015-11-23 00:00:00-05:00,0.7720252726642619,0.7720252726642619,0.7515355333193996,0.7542186975479126,242552000
2015-11-24 00:00:00-05:00,0.7542185613967317,0.7669027139262412,0.7508036151484612,0.7603167295455933,195428000
2015-11-25 00:00:00-05:00,0.7588531256991555,0.7678783652461469,0.7566577782991505,0.7593409419059753,138300000
2015-11-27 00:00:00-05:00,0.7608044844560649,0.7681222507510173,0.7569016641341362,0.7656829953193665,86996000
2015-11-30 00:00:00-05:00,0.7664149538295424,0.7771477267195468,0.7656831712162944,0.7737327218055725,327244000
2015-12-01 00:00:00-05:00,0.7805624115591855,0.7995886368064801,0.7798306291914872,0.7988568544387817,409496000
2015-12-02 00:00:00-05:00,0.8000765892079384,0.8083700465790659,0.7910513493444832,0.7927588224411011,294240000
2015-12-03 00:00:00-05:00,0.7991008170148761,0.8073942735392357,0.7871484484024551,0.7910512685775757,246656000
2015-12-04 00:00:00-05:00,0.79105143745747,0.8247132032282749,0.79105143745747,0.8232496380805969,458756000
2015-12-07 00:00:00-05:00,0.82300560291002,0.82300560291002,0.8051990320601036,0.8076382875442505,333588000
2015-12-08 00:00:00-05:00,0.7976373496002727,0.8220299059784539,0.7925149302077871,0.8186149597167969,314488000
2015-12-09 00:00:00-05:00,0.8183712225910111,0.8232497348859672,0.7895879651568979,0.7978814244270325,372676000
2015-12-10 00:00:00-05:00,0.8003204741157806,0.8088578975077809,0.7976373104926668,0.8044672608375549,236596000
2015-12-11 00:00:00-05:00,0.7964177408373639,0.8020280345493892,0.7908074471253387,0.7925149202346802,227320000
2015-12-14 00:00:00-05:00,0.7932467179512426,0.7988570117709037,0.7849532022027594,0.7944663166999817,275892000
2015-12-15 00:00:00-05:00,0.803491576101738,0.8098336525855406,0.7991009390818058,0.804223358631134,307296000
2015-12-16 00:00:00-05:00,0.8059307225753338,0.811784982016993,0.7988569226773885,0.8091017603874207,236356000
2015-12-17 00:00:00-05:00,0.8103215730469384,0.8186150313095439,0.7964178205110535,0.7969056367874146,254160000
2015-12-18 00:00:00-05:00,0.7912952754784234,0.7993448249209193,0.7830018179184101,0.7839775085449219,395896000
2015-12-21 00:00:00-05:00,0.7925151102461202,0.8032478258594189,0.7854412498425224,0.8025160431861877,284216000
2015-12-22 00:00:00-05:00,0.8049552828938498,0.8112973604943401,0.7983692971260955,0.8032478094100952,130012000
2015-12-23 00:00:00-05:00,0.8044673950346237,0.8095898150304561,0.8030038298482577,0.806418776512146,122524000
2015-12-24 00:00:00-05:00,0.8039793415324046,0.8110531995867856,0.802759684763247,0.8091017603874207,52448000
2015-12-28 00:00:00-05:00,0.8005644116788733,0.8083699941635132,0.7893438250659891,0.8083699941635132,142024000
2015-12-29 00:00:00-05:00,0.8088579317231849,0.8239813398384773,0.8066625842169872,0.8215420842170715,203660000
2015-12-30 00:00:00-05:00,0.8208104012000426,0.8278842608064279,0.8142244160396471,0.8144683241844177,180344000
2015-12-31 00:00:00-05:00,0.8132486028024918,0.8169074570487034,0.8039793968200684,0.8039793968200684,148528000
2016-01-04 00:00:00-05:00,0.7876361766683609,0.7947099751327414,0.7815380103712892,0.7895875573158264,358076000
2016-01-05 00:00:00-05:00,0.8044672499447945,0.8156878368079781,0.7927587887219967,0.8022719025611877,490272000
2016-01-06 00:00:00-05:00,0.7891000265411219,0.792758939543236,0.760072863297997,0.769098162651062,449344000
2016-01-07 00:00:00-05:00,0.7498278160182466,0.7549502932031003,0.7288502073926791,0.7386072874069214,645304000
2016-01-08 00:00:00-05:00,0.7481201542533008,0.7488519365236467,0.7212883509141729,0.7227519154548645,398472000
2016-01-11 00:00:00-05:00,0.7234840274212331,0.7290943219462471,0.7110437813126826,0.7239718437194824,409372000
2016-01-12 00:00:00-05:00,0.7368997497680396,0.7469007377939464,0.731045548336068,0.7361679673194885,469356000
2016-01-13 00:00:00-05:00,0.7417783496530301,0.7466569192808498,0.7129951552344928,0.7137269377708435,481672000
2016-01-14 00:00:00-05:00,0.6990914299771607,0.7073849470093861,0.6786016909439386,0.6993353962898254,600236000
2016-01-15 00:00:00-05:00,0.6712838263924773,0.6793333759553956,0.649818341505881,0.6612828373908997,841452000
2016-01-19 00:00:00-05:00,0.6749429817791575,0.6939692194681758,0.66396629724219,0.6666495203971863,457140000
2016-01-20 00:00:00-05:00,0.6539651049855257,0.6788455375120275,0.6451837724375578,0.6703081130981445,481180000
2016-01-21 00:00:00-05:00,0.6776260614167614,0.6886026854724727,0.6637222484396272,0.6781138777732849,481456000
2016-01-22 00:00:00-05:00,0.691041821446627,0.6986035552211631,0.6895782563188815,0.6939689517021179,257996000
2016-01-25 00:00:00-05:00,0.6937251195643661,0.7017746704923536,0.6917736797947752,0.6932372450828552,270728000
2016-01-26 00:00:00-05:00,0.6947006563750083,0.7029941136270949,0.6876267978216688,0.7000669836997986,227944000
2016-01-27 00:00:00-05:00,0.6990913005609047,0.7012866480297765,0.6786015653207563,0.691773533821106,231700000
2016-01-28 00:00:00-05:00,0.6973837577450717,0.6998230130811239,0.6707958571351709,0.684211790561676,276776000
2016-01-29 00:00:00-05:00,0.6900660300699368,0.7159221496996805,0.6873828664981605,0.7144585847854614,310504000
2016-02-01 00:00:00-05:00,0.7137268560452628,0.7183614007028781,0.7076286883260945,0.7147025465965271,289884000
2016-02-02 00:00:00-05:00,0.7073848624579124,0.7110437169895899,0.6795773004975204,0.6844558119773865,341908000
2016-02-03 00:00:00-05:00,0.6898222998741714,0.6939690294296041,0.6720157245238974,0.6878708600997925,326772000
2016-02-04 00:00:00-05:00,0.6888466060634735,0.7037261101782337,0.6812849289929936,0.6881148815155029,348140000
2016-02-05 00:00:00-05:00,0.6834799302408293,0.6910416034737668,0.6427443184310895,0.6446956992149353,600428000
2016-02-08 00:00:00-05:00,0.6349388639112611,0.6381099022259087,0.6061556109495194,0.6151809096336365,608852000
2016-02-09 00:00:00-05:00,0.6078631721122391,0.6476230489019948,0.6049360417840812,0.6217669248580933,425372000
2016-02-10 00:00:00-05:00,0.6256697187891561,0.6437201999464984,0.6168883863417761,0.6203033328056335,335800000
2016-02-11 00:00:00-05:00,0.6044481525297221,0.623474382883546,0.6044481525297221,0.617132306098938,340144000
2016-02-12 00:00:00-05:00,0.6268893316872372,0.6288407712507479,0.6037163721570048,0.6276211142539978,340816000
2016-02-16 00:00:00-05:00,0.636646377338049,0.6593315213894303,0.6346949958626251,0.6583557724952698,485352000
2016-02-17 00:00:00-05:00,0.6666493971957307,0.681041026917781,0.6639661745366128,0.6746989488601685,771468000
2016-02-18 00:00:00-05:00,0.7300698154170615,0.7556820251605114,0.729338033010983,0.7327529788017273,1068660000
2016-02-19 00:00:00-05:00,0.7288502960484023,0.7490961828380928,0.7232400019820973,0.7425101399421692,525628000
2016-02-22 00:00:00-05:00,0.7532429743047884,0.7773916257905247,0.7517794090953893,0.7688542008399963,449668000
2016-02-23 00:00:00-05:00,0.762755870314611,0.7781231842741901,0.7590969583449813,0.7708054184913635,369380000
2016-02-24 00:00:00-05:00,0.767634556396121,0.7773915796713414,0.7464129784317152,0.7761719226837158,336852000
2016-02-25 00:00:00-05:00,0.7790990739631506,0.7817822379893431,0.7639756642156754,0.7778794169425964,349616000
2016-02-26 00:00:00-05:00,0.7815382662676383,0.7834896475540378,0.7649512927074706,0.7727569341659546,361964000
2016-02-29 00:00:00-05:00,0.7738584885336195,0.7838958540150575,0.7672485104489347,0.7677381038665771,323344000
2016-03-01 00:00:00-05:00,0.7696968175958823,0.8017675280570984,0.7684727170528111,0.8017675280570984,348700000
2016-03-02 00:00:00-05:00,0.797360833141108,0.809356749923726,0.7958919358422851,0.8064189553260803,233812000
2016-03-03 00:00:00-05:00,0.8054396540403337,0.8088670419209336,0.7885474530123908,0.799319326877594,302004000
2016-03-04 00:00:00-05:00,0.8054395947690467,0.8061740433134599,0.7907507406174191,0.7968711256980896,175304000
2016-03-07 00:00:00-05:00,0.7924645545326443,0.797850491885161,0.7814478830651459,0.7917301058769226,239968000
2016-03-08 00:00:00-05:00,0.78365117543457,0.7883026638132269,0.7748378505370231,0.7772859930992126,274940000
2016-03-09 00:00:00-05:00,0.7841408282424767,0.7853648703408901,0.7667589751720879,0.7767964005470276,222788000
2016-03-10 00:00:00-05:00,0.7814477703828444,0.7858544616817434,0.7599041408159546,0.7755722403526306,286084000
2016-03-11 00:00:00-05:00,0.7870785585942383,0.7890371076531544,0.7777756402614341,0.7887922525405884,277400000
2016-03-14 00:00:00-04:00,0.7851200086874455,0.793933332867034,0.7814477659591511,0.7907507419586182,190312000
2016-03-15 00:00:00-04:00,0.7865889663779191,0.7917300482252844,0.7728793564166224,0.7868337631225586,226216000
2016-03-16 00:00:00-04:00,0.7809579941016659,0.8130286925852144,0.7772857522122767,0.8103356957435608,363644000
2016-03-17 00:00:00-04:00,0.8073980815310355,0.8113150623086564,0.7924643734351808,0.8034810423851013,353680000
2016-03-18 00:00:00-04:00,0.8130289845752575,0.8384896568018142,0.8078878440837309,0.8277178406715393,545512000
2016-03-21 00:00:00-04:00,0.8203733526270593,0.8304107193816251,0.8115600279401698,0.8301659226417542,337780000
2016-03-22 00:00:00-04:00,0.82747304322438,0.8345726161405068,0.8184148627743931,0.8286970853805542,242012000
2016-03-23 00:00:00-04:00,0.8323691464039247,0.8490164896415504,0.8286969040024996,0.8428961634635925,429008000
2016-03-24 00:00:00-04:00,0.8353068810630225,0.8455891014076983,0.8326139422170674,0.8441202044487,244956000
2016-03-28 00:00:00-04:00,0.8426514828472094,0.8563610933703377,0.8416722374601985,0.8526889085769653,265388000
2016-03-29 00:00:00-04:00,0.8490165429306121,0.8683568845992959,0.8470580524391348,0.8663983941078186,261812000
2016-03-30 00:00:00-04:00,0.8695809229457708,0.887452366287746,0.8690912711736475,0.8754564523696899,376700000
2016-03-31 00:00:00-04:00,0.8793734920367835,0.8813319823899777,0.865419087757416,0.872273862361908,379884000
2016-04-01 00:00:00-04:00,0.86688798240161,0.8854939338018022,0.8602780040717081,0.8850042819976807,348292000
2016-04-04 00:00:00-04:00,0.8923485286866275,0.8970000155975518,0.873008191037494,0.8764355778694153,393940000
2016-04-05 00:00:00-04:00,0.8686017965014028,0.8832906512532167,0.8651743503646566,0.875211775302887,339568000
2016-04-06 00:00:00-04:00,0.8641948689209076,0.8769252295746773,0.8477923247667376,0.8764355778694153,453376000
2016-04-07 00:00:00-04:00,0.8708049665187875,0.8786390446781382,0.8637053952032078,0.8673775792121887,378104000
2016-04-08 00:00:00-04:00,0.8744772077438122,0.8801079404693676,0.8644397841713114,0.8730083107948303,255936000
2016-04-11 00:00:00-04:00,0.8781494506192371,0.89283836272549,0.8754565116111104,0.8783943057060242,387524000
2016-04-12 00:00:00-04:00,0.8813321018389197,0.8825562022518055,0.8602780650311753,0.877415120601654,292764000
2016-04-13 00:00:00-04:00,0.8813320356514727,0.8996931318876108,0.8813320356514727,0.8994483351707458,350716000
2016-04-14 00:00:00-04:00,0.8970002514832627,0.9058135759175043,0.8933280086488621,0.9018965363502502,416564000
2016-04-15 00:00:00-04:00,0.9016516192692644,0.9170749203784792,0.8987138253938666,0.908996045589447,436972000
2016-04-18 00:00:00-04:00,0.9072824720562561,0.9072824720562561,0.8962658019334561,0.9050791263580322,307320000
2016-04-19 00:00:00-04:00,0.9085064586906382,0.9102201524508787,0.8832905873540307,0.888921320438385,309152000
2016-04-20 00:00:00-04:00,0.8874524814435777,0.8977347030458914,0.8864732361405764,0.8923487663269043,200172000
2016-04-21 00:00:00-04:00,0.8925935636553768,0.8967554583404657,0.887452482034954,0.8913695216178894,178280000
2016-04-22 00:00:00-04:00,0.8943071372749772,0.900427462976626,0.8850041628275719,0.8879419565200806,223540000
2016-04-25 00:00:00-04:00,0.8881869300129087,0.8972450512102308,0.8857387875712455,0.8923487663269043,191972000
2016-04-26 00:00:00-04:00,0.8977348227389453,0.9080170457121658,0.8891662938665404,0.8930833339691162,214536000
2016-04-27 00:00:00-04:00,0.8908796877540223,0.913892268713631,0.8891659942306962,0.9134026169776917,352396000
2016-04-28 00:00:00-04:00,0.9077720711327132,0.9131580078611133,0.8840250952439092,0.8862283825874329,381224000
2016-04-29 00:00:00-04:00,0.8825560831958087,0.884514573550243,0.8602779489804782,0.8698257207870483,321904000
2016-05-02 00:00:00-04:00,0.8781495678042717,0.886718096145657,0.87398773119331,0.8813321590423584,256076000
2016-05-03 00:00:00-04:00,0.8712946172685647,0.8749668012732328,0.8632157424163202,0.8708049654960632,224024000
2016-05-04 00:00:00-04:00,0.8602781944299583,0.8610126431144979,0.8421619491935276,0.8509752750396729,525764000
2016-05-05 00:00:00-04:00,0.8580749634811784,0.8661538411769651,0.8497512306288025,0.8561164140701294,246884000
2016-05-06 00:00:00-04:00,0.8546473940308423,0.867132962334566,0.8529337000221596,0.8649296164512634,183240000
2016-05-09 00:00:00-04:00,0.8671327839645705,0.8708049679797121,0.8566057669564187,0.8637053966522217,333336000
2016-05-10 00:00:00-04:00,0.8690913289316137,0.8818216921697316,0.8607676568305286,0.880352795124054,269676000
2016-05-11 00:00:00-04:00,0.8830460302699138,0.8925937469010443,0.8781496860098061,0.8828011751174927,328176000
2016-05-12 00:00:00-04:00,0.8891660606243407,0.8930830996994156,0.8551368675640756,0.8708049654960632,670540000
2016-05-13 00:00:00-04:00,0.959427823853827,1.0037392386535122,0.9547763945188545,1.0032496452331543,2110256000
2016-05-16 00:00:00-04:00,0.9956600685205165,1.0478056046466715,0.9924774787579331,1.0328718423843384,973032000
2016-05-17 00:00:00-04:00,1.028220772208846,1.042420033568484,1.0150008145327365,1.0350756645202637,628392000
2016-05-18 00:00:00-04:00,1.0282209932832247,1.073511784677184,1.0282209932832247,1.0615158081054688,541072000
2016-05-19 00:00:00-04:00,1.0573536146019806,1.073756278971172,1.0558848342796323,1.0661669969558716,398880000
2016-05-20 00:00:00-04:00,1.0727769704268675,1.0896692281592737,1.0710632766553634,1.0852625370025635,391084000
2016-05-23 00:00:00-04:00,1.0899139644815332,1.0940757419517206,1.0803661925393955,1.086976170539856,413636000
2016-05-24 00:00:00-04:00,1.0902901385678037,1.1167988375564126,1.0873447145646453,1.113362431526184,415788000
2016-05-25 00:00:00-04:00,1.1167981010100143,1.1214615493929436,1.0998619826814058,1.1086982488632202,458076000
2016-05-26 00:00:00-04:00,1.110662299290579,1.12858015460491,1.1074714435343371,1.1204802989959717,309964000
2016-05-27 00:00:00-04:00,1.1217071224802224,1.128334263736829,1.1180252863067537,1.12661612033844,277416000
2016-05-31 00:00:00-04:00,1.131525670321417,1.1491980946421576,1.1307892559114954,1.1467435359954834,412524000
2016-06-01 00:00:00-04:00,1.1413430202738193,1.1599971637887063,1.1379067337589648,1.1489520072937012,387132000
2016-06-02 00:00:00-04:00,1.1550885851926278,1.1668702769898258,1.143797875246829,1.1570522785186768,329208000
2016-06-03 00:00:00-04:00,1.1457616873178742,1.1472342819053676,1.1207257066939116,1.1408525705337524,461076000
2016-06-06 00:00:00-04:00,1.1437981163707631,1.1526343870814346,1.1290711155594424,1.1349619626998901,322512000
2016-06-07 00:00:00-04:00,1.1418345980960696,1.148216310478162,1.1366801651043346,1.1371710300445557,193400000
2016-06-08 00:00:00-04:00,1.1374160456710547,1.1415887472531234,1.1241617608241186,1.1334888935089111,234616000
2016-06-09 00:00:00-04:00,1.129562204990457,1.1646615075958402,1.1271076461017902,1.1629433631896973,472168000
2016-06-10 00:00:00-04:00,1.1491976550466168,1.1595065165237473,1.132506966937294,1.1339796781539917,400024000
2016-06-13 00:00:00-04:00,1.135207645949982,1.1707979350333075,1.135207645949982,1.148461937904358,475588000
2016-06-14 00:00:00-04:00,1.1457610545414927,1.1560699131993264,1.1329976388471912,1.150670051574707,298344000
2016-06-15 00:00:00-04:00,1.160242855127502,1.1725152917481203,1.147479436773442,1.1624518632888794,301036000
2016-06-16 00:00:00-04:00,1.1538615201866957,1.1690793839846476,1.1425708092915108,1.1671158075332642,246456000
2016-06-17 00:00:00-04:00,1.1685886631996507,1.1688340956563585,1.1420799681986409,1.1467435359954834,471000000
2016-06-20 00:00:00-04:00,1.165152726480549,1.1823341740350781,1.164416311848307,1.1673617362976074,293768000
2016-06-21 00:00:00-04:00,1.1722704018295216,1.1754612578944967,1.1585251306881674,1.1602433919906616,212508000
2016-06-22 00:00:00-04:00,1.1626973946728247,1.1703063832719642,1.1572975314629788,1.1592611074447632,202620000
2016-06-23 00:00:00-04:00,1.1703063855477316,1.1914150907324115,1.169569971403283,1.1901878118515015,297880000
2016-06-24 00:00:00-04:00,1.141343738385507,1.1624524524291935,1.111889735120801,1.1224440336227417,1017684000
2016-06-27 00:00:00-04:00,1.1131166435889681,1.1217074803615654,1.0939715107217336,1.1104167699813843,449088000
2016-06-28 00:00:00-04:00,1.1315251181966572,1.1327522798814058,1.1111527127131975,1.12661612033844,381920000
2016-06-29 00:00:00-04:00,1.1364348880956858,1.153861883295354,1.1334894639718236,1.145025610923767,318932000
2016-06-30 00:00:00-04:00,1.146988592521727,1.1609792913267425,1.1376615770248097,1.1538612842559814,430940000
2016-07-01 00:00:00-04:00,1.1474793534265892,1.1624517788545086,1.141343077042114,1.1452702283859253,218488000
2016-07-05 00:00:00-04:00,1.13888940093061,1.1641708230180179,1.129807812530927,1.1622072458267212,371084000
2016-07-06 00:00:00-04:00,1.1541064413839666,1.1764424208538213,1.1482155975994721,1.169569730758667,273104000
2016-07-07 00:00:00-04:00,1.1774243540313727,1.2041784709728824,1.1720244909869244,1.2000057697296143,395400000
2016-07-08 00:00:00-04:00,1.212769619369579,1.2540053135633726,1.2081060517500548,1.2481144666671753,481932000
2016-07-11 00:00:00-04:00,1.266031902721436,1.2861587612061323,1.2645591914860002,1.2768317461013794,448776000
2016-07-12 00:00:00-04:00,1.2910682350396252,1.3077588109542786,1.274868406953325,1.295977234840393,436760000
2016-07-13 00:00:00-04:00,1.2984315154912554,1.3057950728007846,1.2935225162981603,1.2954860925674438,324604000
2016-07-14 00:00:00-04:00,1.302358665189048,1.3205219488276139,1.2915588211424422,1.308740258216858,316892000
2016-07-15 00:00:00-04:00,1.2920500038797618,1.2994135623236653,1.2724140040824072,1.2935227155685425,428616000
2016-07-18 00:00:00-04:00,1.3094765727760416,1.311440148715193,1.2952404423976256,1.3001494407653809,252992000
2016-07-19 00:00:00-04:00,1.299413401970914,1.318803966933898,1.2969588437792514,1.3136495351791382,382652000
2016-07-20 00:00:00-04:00,1.3180676284378356,1.337949176406033,1.3126677639614202,1.3308310508728027,296460000
2016-07-21 00:00:00-04:00,1.32788555106261,1.3320582531716305,1.3018678428434078,1.3062859773635864,361308000
2016-07-22 00:00:00-04:00,1.3109494439823355,1.3418761491775513,1.3013768784409867,1.3418761491775513,315768000
2016-07-25 00:00:00-04:00,1.349975982581741,1.3698574105360835,1.3440851370961142,1.366666555404663,312528000
2016-07-26 00:00:00-04:00,1.3786940149979894,1.3971027360704114,1.3767304383704952,1.3899847269058228,514508000
2016-07-27 00:00:00-04:00,1.4020114352269029,1.404465993264262,1.3676484419822585,1.3759937286376953,446676000
2016-07-28 00:00:00-04:00,1.3791844649292437,1.3892478945271103,1.3747663310668539,1.3789390325546265,221916000
2016-07-29 00:00:00-04:00,1.3840936218274975,1.4052023299754766,1.3593031935596935,1.4015206098556519,409588000
2016-08-01 00:00:00-04:00,1.407411676276708,1.412566108660322,1.3833575414467183,1.3924391269683838,301120000
2016-08-02 00:00:00-04:00,1.3990665789230687,1.399802993448381,1.362249129772317,1.375503420829773,282748000
2016-08-03 00:00:00-04:00,1.3737846210443987,1.3818844747203982,1.366175632124593,1.3791844844818115,299828000
2016-08-04 00:00:00-04:00,1.385811549948666,1.4110929561259085,1.38311167689966,1.4047112464904785,272712000
2016-08-05 00:00:00-04:00,1.420911687045186,1.4292569769477108,1.4140391091301436,1.428520679473877,371588000
2016-08-08 00:00:00-04:00,1.448156078553837,1.4515923660764831,1.426556389783254,1.4417743682861328,305064000
2016-08-09 00:00:00-04:00,1.4488930323202378,1.459447449099718,1.4417750216604577,1.4454567432403564,372344000
2016-08-10 00:00:00-04:00,1.4582194067548926,1.46042841513932,1.4314652885713441,1.436128854751587,375740000
2016-08-11 00:00:00-04:00,1.4437380606176176,1.4714739124593215,1.4407926376355336,1.4653376340866089,681064000
2016-08-12 00:00:00-04:00,1.5193369324059254,1.5556635082665402,1.4881647888855585,1.5473182201385498,1425744000
2016-08-15 00:00:00-04:00,1.5490362449080561,1.558608811533775,1.5249821121336686,1.54584538936615,573304000
2016-08-16 00:00:00-04:00,1.5436359842314142,1.5460904248428453,1.531854411809094,1.5365179777145386,287652000
2016-08-17 00:00:00-04:00,1.5365184387006092,1.5399547268114178,1.4889010359313228,1.5009280443191528,595212000
2016-08-18 00:00:00-04:00,1.4987193647703205,1.5267006577075286,1.4928285169773037,1.5242462158203125,331684000
2016-08-19 00:00:00-04:00,1.5235094027088074,1.539709112861232,1.516882259195523,1.5281729698181152,291560000
2016-08-22 00:00:00-04:00,1.5328364568219746,1.5367637264644711,1.5146731712147798,1.5345546007156372,244748000
2016-08-23 00:00:00-04:00,1.5501694872442584,1.557054727900359,1.5425464752290265,1.5469727516174316,339764000
2016-08-24 00:00:00-04:00,1.5523826719420237,1.553120326039933,1.515989039569586,1.5231201648712158,298448000
2016-08-25 00:00:00-04:00,1.5236117809788303,1.5243494349457551,1.4941035117039376,1.513037919998169,406032000
2016-08-26 00:00:00-04:00,1.5169725011406998,1.5339397157719528,1.5049232143759321,1.5253331661224365,300024000
2016-08-29 00:00:00-04:00,1.531480812198251,1.5376282809013673,1.5218906062441964,1.524349570274353,274652000
2016-08-30 00:00:00-04:00,1.5223823282089597,1.5304971085901358,1.5113166972790928,1.515497088432312,285544000
2016-08-31 00:00:00-04:00,1.518448201937234,1.5226284765589237,1.5039399486065865,1.5083661079406738,388544000
2016-09-01 00:00:00-04:00,1.509595572812963,1.5585301457822343,1.5083660320573657,1.5528744459152222,428492000
2016-09-02 00:00:00-04:00,1.5560715336151558,1.557792844160285,1.5201697796676161,1.5376287698745728,323148000
2016-09-06 00:00:00-04:00,1.5430382210209277,1.5521365404129028,1.5351693250228344,1.5521365404129028,306812000
2016-09-07 00:00:00-04:00,1.5472185406130639,1.5548415521567627,1.5204152337502919,1.52926766872406,397988000
2016-09-08 00:00:00-04:00,1.5277920959965725,1.5427922329511887,1.5103331124189734,1.5403331518173218,315808000
2016-09-09 00:00:00-04:00,1.5233659132180568,1.5319724625381583,1.4508246625045151,1.4636116027832031,697760000
2016-09-12 00:00:00-04:00,1.444185515553428,1.4968085921918848,1.4095131941137458,1.493857741355896,598260000
2016-09-13 00:00:00-04:00,1.4901690257774665,1.5073822417170435,1.4638574911778286,1.4722181558609009,471768000
2016-09-14 00:00:00-04:00,1.475661100144788,1.4901693535153748,1.4633660437028035,1.4852513074874878,319048000
2016-09-15 00:00:00-04:00,1.487709951469328,1.5432838669610651,1.4842672147326839,1.541562557220459,515212000
2016-09-16 00:00:00-04:00,1.5469729182443277,1.5553335852637706,1.5275466176897057,1.5452516078948975,902444000
2016-09-19 00:00:00-04:00,1.561480681906916,1.604759546284376,1.5543495580218771,1.565661072731018,417128000
2016-09-20 00:00:00-04:00,1.5836119894023981,1.5836119894023981,1.5427922048191587,1.551398754119873,331112000
2016-09-21 00:00:00-04:00,1.556071138991562,1.597874585495506,1.5558252542982558,1.594923734664917,336212000
2016-09-22 00:00:00-04:00,1.604268050310799,1.6091860959241888,1.5897597981629814,1.598858118057251,308732000
2016-09-23 00:00:00-04:00,1.6008255968706082,1.6054976410228936,1.5900058484918373,1.5971369743347168,276132000
2016-09-26 00:00:00-04:00,1.5789401337513473,1.5885303407889313,1.5622188012396199,1.582136869430542,230040000
2016-09-27 00:00:00-04:00,1.5759896102033408,1.6386947960330767,1.5752519559343323,1.6362357139587402,402752000
2016-09-28 00:00:00-04:00,1.6386944302973299,1.6433665913914126,1.6212353266837491,1.642137050628662,319788000
2016-09-29 00:00:00-04:00,1.6394318561520225,1.6625467737028072,1.6241859514850938,1.6573827266693115,336684000
2016-09-30 00:00:00-04:00,1.6664816021218465,1.701399813690877,1.6566455093077062,1.6849243640899658,429932000
2016-10-03 00:00:00-04:00,1.68492429029935,1.7092686365365168,1.6802521288289276,1.683202862739563,242596000
2016-10-04 00:00:00-04:00,1.6856616364137267,1.7139403675342044,1.6669729939473283,1.6795140504837036,281624000
2016-10-05 00:00:00-04:00,1.693776584861013,1.7109898037197966,1.6726289762801725,1.6777929067611694,305440000
2016-10-06 00:00:00-04:00,1.6576290604002721,1.667956922023707,1.6293502074108468,1.6559077501296997,360212000
2016-10-07 00:00:00-04:00,1.6669729955242827,1.6713992714687405,1.639186033730177,1.6438581943511963,286260000
2016-10-10 00:00:00-04:00,1.6524647814897246,1.6613173335778288,1.6345139098868737,1.65000581741333,287876000
2016-10-11 00:00:00-04:00,1.6445962298562127,1.6470551942723346,1.613612410522615,1.6261534690856934,388540000
2016-10-12 00:00:00-04:00,1.6195138961016005,1.6421369285300789,1.6059893004833297,1.6335303783416748,419920000
2016-10-13 00:00:00-04:00,1.6143501797743087,1.6180386850213087,1.5663991425414399,1.6069730520248413,390116000
2016-10-14 00:00:00-04:00,1.626644855426281,1.6377104858314295,1.6131202611841216,1.6227104663848877,330636000
2016-10-17 00:00:00-04:00,1.6224654019633513,1.6377113137756136,1.6111538811815116,1.613366961479187,195328000
2016-10-18 00:00:00-04:00,1.6357433016512724,1.6473007014457965,1.6291039468172996,1.6379563808441162,269372000
2016-10-19 00:00:00-04:00,1.6268911983764713,1.642137105677089,1.6185304147138637,1.6345140933990479,199060000
2016-10-20 00:00:00-04:00,1.6536944930974031,1.670907712433295,1.6303338043073377,1.6654977798461914,312084000
2016-10-21 00:00:00-04:00,1.6595961885819257,1.6637764631041283,1.6450879355965626,1.6608257293701172,279508000
2016-10-24 00:00:00-04:00,1.6721371256808584,1.7407438785728757,1.6718911237366476,1.738776683807373,339836000
2016-10-25 00:00:00-04:00,1.7358259697455305,1.7778753034764434,1.727465303392065,1.7673014402389526,397460000
2016-10-26 00:00:00-04:00,1.7525471611056376,1.7938588373803064,1.7508258510321477,1.7744325399398804,333792000
2016-10-27 00:00:00-04:00,1.787957123820913,1.7913997439447518,1.730907772580028,1.7380388975143433,388664000
2016-10-28 00:00:00-04:00,1.7463996259912533,1.7729570474081304,1.7318913746324722,1.7350881099700928,290856000
2016-10-31 00:00:00-04:00,1.7407439678359582,1.7613998070715766,1.7397603117750389,1.7498424053192139,252388000
2016-11-01 00:00:00-04:00,1.7562358129797127,1.765826019518417,1.6792682759776176,1.697956919670105,473224000
2016-11-02 00:00:00-04:00,1.7109896495113024,1.7341044508698746,1.6878747308972804,1.6908255815505981,295848000
2016-11-03 00:00:00-04:00,1.6986945039368566,1.700169929286442,1.6386943029903744,1.6711534261703491,309664000
2016-11-04 00:00:00-04:00,1.6600878518441737,1.690088011978248,1.6372189340212473,1.6615632772445679,328780000
2016-11-07 00:00:00-05:00,1.7102518139210008,1.763612656586731,1.7090222733191032,1.752547025680542,487580000
2016-11-08 00:00:00-05:00,1.7591866102483733,1.7648424274016028,1.733612842474541,1.7498424053192139,429884000
2016-11-09 00:00:00-05:00,1.7023834155460131,1.743449215955709,1.689842472960479,1.7203342914581299,456532000
2016-11-10 00:00:00-05:00,1.7579574186491336,1.758203303382935,1.6416454971667653,1.666481614112854,869280000
2016-11-11 00:00:00-05:00,1.9551716174247098,2.182877335951139,1.930335378941033,2.163205146789551,2175344000
2016-11-14 00:00:00-05:00,2.1661548884823256,2.168613969495018,2.0562365937367453,2.0567283630371094,1348796000
2016-11-15 00:00:00-05:00,2.0727118044359103,2.1504169777994933,2.063859253992869,2.1194334030151367,626092000
2016-11-16 00:00:00-05:00,2.1477119838228287,2.2760729012388636,2.1233676476393555,2.253204107284546,987984000
2016-11-17 00:00:00-05:00,2.2699254745222706,2.330909317007743,2.2291055782789324,2.271892786026001,832988000
2016-11-18 00:00:00-05:00,2.27189351302514,2.3195984285198454,2.257385260261217,2.295746088027954,576060000
2016-11-21 00:00:00-05:00,2.313696461275873,2.320089931189042,2.272138789584836,2.2864012718200684,436436000
2016-11-22 00:00:00-05:00,2.2942701614565935,2.3050897901020595,2.2716471310081583,2.3028767108917236,330368000
2016-11-23 00:00:00-05:00,2.3080485008412905,2.3457278807664426,2.284652957858194,2.3142054080963135,443236000
2016-11-25 00:00:00-05:00,2.325287414811933,2.342033778414981,2.3004138873291065,2.3188843727111816,195564000
2016-11-28 00:00:00-05:00,2.311743593398677,2.333169122737841,2.305094177808271,2.3176541328430176,278736000
2016-11-29 00:00:00-05:00,2.3149444737983282,2.325780538610454,2.2787428389172955,2.2964742183685303,444568000
2016-11-30 00:00:00-05:00,2.305094288347253,2.3188856259994313,2.268153767341813,2.2706165313720703,440500000
2016-12-01 00:00:00-05:00,2.268152377475334,2.269876264267739,2.087636065218775,2.158315658569336,1035524000
2016-12-02 00:00:00-05:00,2.1240842954535775,2.1868833375895567,2.0962557334679537,2.1782639026641846,478292000
2016-12-05 00:00:00-05:00,2.2161892335273836,2.280712157326087,2.1918084475230244,2.2627344131469727,602284000
2016-12-06 00:00:00-05:00,2.270862274931785,2.3082955301723893,2.2551009166653238,2.299922227859497,498796000
2016-12-07 00:00:00-05:00,2.2863774540014417,2.34695988744067,2.268153332478517,2.3412957191467285,480804000
2016-12-08 00:00:00-05:00,2.344250249785527,2.3794668650937423,2.291548394503713,2.302137851715088,381544000
2016-12-09 00:00:00-05:00,2.3198695662818256,2.3215934533344424,2.2339211141610815,2.2612571716308594,382312000
2016-12-12 00:00:00-05:00,2.212742164729858,2.2152049281076334,2.1558536459306885,2.206339120864868,601332000
2016-12-13 00:00:00-05:00,2.2186520918517103,2.272831696930923,2.2176670807166996,2.2452492713928223,387796000
2016-12-14 00:00:00-05:00,2.2789888356249812,2.39153471845304,2.255100549243079,2.3752808570861816,983980000
2016-12-15 00:00:00-05:00,2.386362602633979,2.4612290940420447,2.3789745485626055,2.4309377670288086,746548000
2016-12-16 00:00:00-05:00,2.458519993528844,2.479945515024266,2.4068031446172014,2.472803831100464,1089528000
2016-12-19 00:00:00-05:00,2.45531866340502,2.523043004199633,2.438079556674271,2.5028488636016846,744656000
2016-12-20 00:00:00-05:00,2.5754990261754505,2.6136709189212217,2.5641704556028615,2.590029001235962,848056000
2016-12-21 00:00:00-05:00,2.6016037928405025,2.6092382186132954,2.554073585624328,2.606282949447632,576136000
2016-12-22 00:00:00-05:00,2.630663066829073,2.6811485302167957,2.62352114861176,2.6378049850463867,718612000
2016-12-23 00:00:00-05:00,2.619827562436255,2.705037389017984,2.6171186636804564,2.703559637069702,647692000
2016-12-27 00:00:00-05:00,2.7597095024474503,2.8902329056738636,2.7390226192913527,2.8892478942871094,1194272000
2016-12-28 00:00:00-05:00,2.9453972847928354,2.9535242151955567,2.676716075851655,2.690507173538208,2295764000
2016-12-29 00:00:00-05:00,2.5833790864422386,2.74567154402197,2.5316622400611126,2.7441937923431396,2175368000
2016-12-30 00:00:00-05:00,2.7422242414238465,2.7562617104763802,2.6178575124362924,2.6286933422088623,1212932000
2017-01-03 00:00:00-05:00,2.5710662944923595,2.6195817518685773,2.4474384248550436,2.5122077465057373,1501996000
2017-01-04 00:00:00-05:00,2.5464385888955823,2.598155435405798,2.500385909157029,2.57081937789917,1199220000
2017-01-05 00:00:00-05:00,2.5742676077678412,2.606036456222518,2.488565275730568,2.5055580139160156,984296000
2017-01-06 00:00:00-05:00,2.5328939095642866,2.567371889360109,2.492259256705149,2.539050817489624,822856000
2017-01-09 00:00:00-05:00,2.5489010149321376,2.6597227471331077,2.5489010149321376,2.641991138458252,916248000
2017-01-10 00:00:00-05:00,2.655044798200247,2.6890300446379642,2.601357677109476,2.622044563293457,880920000
2017-01-11 00:00:00-05:00,2.610469358669698,2.6153946502484717,2.564909178540396,2.589782476425171,525664000
2017-01-12 00:00:00-05:00,2.5668793394711082,2.5784540443368833,2.502602537065401,2.547423839569092,625616000
2017-01-13 00:00:00-05:00,2.5513644460322435,2.585842429644508,2.5380658522482964,2.547178030014038,457820000
2017-01-17 00:00:00-05:00,2.536587630795002,2.541512921450892,2.4767438579523415,2.4900424480438232,580612000
2017-01-18 00:00:00-05:00,2.4686167294781853,2.5422515920481357,2.44078817016199,2.535356044769287,654424000
2017-01-19 00:00:00-05:00,2.538311993373746,2.621797693704297,2.536095600420196,2.589782476425171,644872000
2017-01-20 00:00:00-05:00,2.6124391837750913,2.630170795786484,2.5395431829158364,2.5614612102508545,492024000
2017-01-23 00:00:00-05:00,2.5562903325851525,2.6080071978490347,2.5538275687959007,2.588059186935425,369904000
2017-01-24 00:00:00-05:00,2.5981563136159562,2.6493806718338213,2.583379966106158,2.643223762512207,428052000
2017-01-25 00:00:00-05:00,2.685581956244005,2.691738864749506,2.6185964827108714,2.6545519828796387,522760000
2017-01-26 00:00:00-05:00,2.6572609692971376,2.707746446396198,2.6277085120827164,2.7003583908081055,458800000
2017-01-27 00:00:00-05:00,2.7072537186926278,2.755522798643677,2.6806565328666703,2.7525675296783447,471996000
2017-01-30 00:00:00-05:00,2.7316349135539353,2.7338513068886363,2.6575075128236496,2.709470510482788,496004000
2017-01-31 00:00:00-05:00,2.6831194775891474,2.7102091709308787,2.6646489865912795,2.688783645629883,362756000
2017-02-01 00:00:00-05:00,2.723261194231866,2.81044104103976,2.7055298154065133,2.8062546253204346,590004000
2017-02-02 00:00:00-05:00,2.7902469958028577,2.8503371533465853,2.75970952876394,2.841717481613159,483240000
2017-02-03 00:00:00-05:00,2.8431947952041052,2.85427699371924,2.8050229085753107,2.8168437480926514,372744000
2017-02-06 00:00:00-05:00,2.8074859242921404,2.889494113602575,2.8074859242921404,2.8890016078948975,506768000
2017-02-07 00:00:00-05:00,2.923232225453103,2.9779043330476425,2.903530594680904,2.9338219165802,746224000
2017-02-08 00:00:00-05:00,2.915845031129508,2.938255566400989,2.8660981991502767,2.9210166931152344,449580000
2017-02-09 00:00:00-05:00,2.927173332115989,2.9320988586324153,2.8468892697117103,2.866098165512085,842568000
2017-02-10 00:00:00-05:00,2.9535238437908116,2.972486600725261,2.773007510419997,2.7981271743774414,1651092000
2017-02-13 00:00:00-05:00,2.7924639109438436,2.8069938886326624,2.6646493813474605,2.6690824031829834,1180724000
2017-02-14 00:00:00-05:00,2.659477165507735,2.712671772443368,2.6176111288393518,2.6789326667785645,850632000
2017-02-15 00:00:00-05:00,2.6818882003068087,2.704052367615708,2.6538132595753208,2.6843507289886475,373020000
2017-02-16 00:00:00-05:00,2.693954855212273,2.695186236729324,2.602095860825973,2.6412529945373535,647176000
2017-02-17 00:00:00-05:00,2.6277077251145333,2.6451929648306307,2.580670037034632,2.6407599449157715,563740000
2017-02-21 00:00:00-05:00,2.6653874674606395,2.7392687159132425,2.665141097207545,2.735328435897827,551952000
2017-02-22 00:00:00-05:00,2.747411174407058,2.7567812979238364,2.712149870613193,2.7311367988586426,433772000
2017-02-23 00:00:00-05:00,2.6014340841612937,2.623379768932994,2.4579237491815964,2.4778966903686523,1592888000
2017-02-24 00:00:00-05:00,2.3935667170037407,2.515131411700886,2.3597850286777997,2.5018160343170166,1029904000
2017-02-27 00:00:00-05:00,2.520062865311889,2.58959874312167,2.5042816181477665,2.574557304382324,715400000
2017-02-28 00:00:00-05:00,2.5841740900075396,2.594037576076002,2.485048453635691,2.5023090839385986,625360000
2017-03-01 00:00:00-05:00,2.559268751749771,2.573570614804738,2.493185010883901,2.5346107482910156,504804000
2017-03-02 00:00:00-05:00,2.5217891706237956,2.5358443562535564,2.438444546559245,2.4411568641662598,754332000
2017-03-03 00:00:00-05:00,2.430553499007309,2.435485005846314,2.3726067063297913,2.4271013736724854,864692000
2017-03-06 00:00:00-05:00,2.3908538881994903,2.4189642539770206,2.346715830806749,2.4083611965179443,883568000
2017-03-07 00:00:00-05:00,2.4083610074850954,2.4542251239927957,2.395538761135984,2.4347450733184814,603400000
2017-03-08 00:00:00-05:00,2.4830755266134945,2.497870519468692,2.4280879597484137,2.430307149887085,638712000
2017-03-09 00:00:00-05:00,2.414279770534455,2.452253159344654,2.4017039661822634,2.429814338684082,478060000
2017-03-10 00:00:00-05:00,2.456198793337353,2.4680345547025504,2.4258692286142933,2.4441161155700684,499740000
2017-03-13 00:00:00-04:00,2.4544725681395554,2.521296137523029,2.453732759616025,2.5114328861236572,774136000
2017-03-14 00:00:00-04:00,2.524254089352704,2.5336239744106166,2.4774034882713134,2.5097057819366455,522016000
2017-03-15 00:00:00-04:00,2.521296295770668,2.5395431826676056,2.473705863744291,2.528693675994873,615036000
2017-03-16 00:00:00-04:00,2.5392964031140797,2.5602558402955933,2.5252412179229315,2.559762477874756,523100000
2017-03-17 00:00:00-04:00,2.577269424390327,2.616722656858964,2.559762115681193,2.6154897212982178,1119688000
2017-03-20 00:00:00-04:00,2.6329975781594688,2.702780146348214,2.616969647691398,2.6988346576690674,748568000
2017-03-21 00:00:00-04:00,2.681573609167124,2.7114100398929146,2.6036538648379977,2.611544370651245,913484000
2017-03-22 00:00:00-04:00,2.600448204309577,2.669491188896306,2.5965029513739313,2.6648061275482178,616764000
2017-03-23 00:00:00-04:00,2.6569158277075324,2.676889012051088,2.631024880557058,2.640641450881958,533940000
2017-03-24 00:00:00-04:00,2.686998425173136,2.6948889308286477,2.624120120478903,2.6500110626220703,439500000
2017-03-27 00:00:00-04:00,2.6034076874915404,2.673190258324086,2.5540914287184195,2.6692450046539307,506644000
2017-03-28 00:00:00-04:00,2.6704777174218557,2.685026030181421,2.645079899186131,2.6554362773895264,432444000
2017-03-29 00:00:00-04:00,2.662833456617593,2.6751625781436457,2.644586573104795,2.646805763244629,349992000
2017-03-30 00:00:00-04:00,2.6539563846162175,2.712396310797067,2.6482850688311137,2.697601318359375,525532000
2017-03-31 00:00:00-04:00,2.6879854894910484,2.709684739319406,2.6729440468817693,2.6860127449035645,440808000
2017-04-03 00:00:00-04:00,2.6865062077065724,2.7037668416470533,2.648779023987592,2.6724510192871094,445232000
2017-04-04 00:00:00-04:00,2.5496526656850826,2.5748040361960665,2.474198789310567,2.485048294067383,1271280000
2017-04-05 00:00:00-04:00,2.4663077221383936,2.5242545156214145,2.45348547495698,2.4665544033050537,747048000
2017-04-06 00:00:00-04:00,2.471732520793397,2.49663720610344,2.426607975780423,2.4845547676086426,635120000
2017-04-07 00:00:00-04:00,2.490966717882285,2.508474031274519,2.4589110902034395,2.473952531814575,429068000
2017-04-10 00:00:00-04:00,2.474691962668723,2.481349533271372,2.406635463943814,2.410827398300171,756332000
2017-04-11 00:00:00-04:00,2.3807447153110908,2.4386915280156822,2.3758132067677007,2.4194581508636475,618148000
2017-04-12 00:00:00-04:00,2.419457096175999,2.4337587233918083,2.394305731609071,2.3994839191436768,414092000
2017-04-13 00:00:00-04:00,2.3753198592424907,2.3970188710755305,2.354606866836548,2.354606866836548,506892000
2017-04-17 00:00:00-04:00,2.3674287655966304,2.4470745729379186,2.362250577053552,2.4468281269073486,497292000
2017-04-18 00:00:00-04:00,2.432526267336188,2.4544721923454715,2.406635324561316,2.448307514190674,370116000
2017-04-19 00:00:00-04:00,2.4658148719992696,2.4899797523938854,2.451266560491939,2.4579243659973145,380828000
2017-04-20 00:00:00-04:00,2.4724730194616322,2.501569646500521,2.4512668995160003,2.49688458442688,404016000
2017-04-21 00:00:00-04:00,2.4865280176264157,2.5099533284383684,2.4746922567623253,2.5072410106658936,341896000
2017-04-24 00:00:00-04:00,2.538802306500112,2.5516245522480103,2.5178431105382093,2.538555860519409,371820000
2017-04-25 00:00:00-04:00,2.553105015480017,2.597243081976788,2.531652450125402,2.5826947689056396,388440000
2017-04-26 00:00:00-04:00,2.596255779596379,2.5987214150179083,2.5629672322429404,2.5649399757385254,327004000
2017-04-27 00:00:00-04:00,2.572338258058545,2.6132706423688514,2.5543378197723112,2.604887008666992,319700000
2017-04-28 00:00:00-04:00,2.5979826797906536,2.6048869315142014,2.566173503432033,2.571845054626465,348248000
2017-05-01 00:00:00-04:00,2.5826948266109233,2.6347236362787503,2.575543892946792,2.629545211791992,307732000
2017-05-02 00:00:00-04:00,2.602667802774105,2.6039007384907604,2.5289397519321293,2.5516252517700195,629972000
2017-05-03 00:00:00-04:00,2.5447207762775395,2.580228522258433,2.52992601929458,2.5706119537353516,336904000
2017-05-04 00:00:00-04:00,2.5767760290040345,2.587872212737434,2.552857598963525,2.560748338699341,209788000
2017-05-05 00:00:00-04:00,2.549159106279724,2.5681457951749005,2.53362430747982,2.560994863510132,228428000
2017-05-08 00:00:00-04:00,2.572831611397349,2.574310993301164,2.522775545362061,2.534118413925171,365240000
2017-05-09 00:00:00-04:00,2.539789190875031,2.587379375131696,2.5314053230597446,2.5383095741271973,847672000
2017-05-10 00:00:00-04:00,2.8181804705798346,3.0038564390632287,2.8115228986316123,2.9907875061035156,2129096000
2017-05-11 00:00:00-04:00,2.9602101622566157,3.216161718717723,2.956758037208749,3.1192550659179688,1939792000
2017-05-12 00:00:00-04:00,3.12246075688182,3.1956954265943076,3.1015013253720145,3.1535298824310303,962620000
2017-05-15 00:00:00-04:00,3.1947094750730662,3.314301398456841,3.190270860175151,3.311835527420044,1087540000
2017-05-16 00:00:00-04:00,3.362878690459723,3.3890165538449004,3.28841129450542,3.3734817504882812,1120700000
2017-05-17 00:00:00-04:00,3.3066578411676644,3.3253980876379554,3.1451470262805272,3.149338960647583,1271368000
2017-05-18 00:00:00-04:00,3.193230796832106,3.290137487663727,3.1328183496266724,3.2812604904174805,1156032000
2017-05-19 00:00:00-04:00,3.382465452041399,3.411839430875002,3.337787248877533,3.3570408821105957,1018372000
2017-05-22 00:00:00-04:00,3.40073088339787,3.4429406064438894,3.38986971755904,3.428623914718628,836608000
2017-05-23 00:00:00-04:00,3.4483717762923676,3.4505933038719436,3.3498820918801395,3.382465124130249,681248000
2017-05-24 00:00:00-04:00,3.479472987592976,3.4821883967140486,3.4083827058008014,3.420478105545044,815996000
2017-05-25 00:00:00-04:00,3.4557761305792982,3.4565167180663012,3.36790069358445,3.4128258228302,608228000
2017-05-26 00:00:00-04:00,3.404680344797055,3.5861085217259445,3.384439423278809,3.501195192337036,779140000
2017-05-30 00:00:00-04:00,3.547107967974751,3.611039794598919,3.5310633937695473,3.575988531112671,989652000
2017-05-31 00:00:00-04:00,3.620913203452091,3.628565313962293,3.5063789576044573,3.563152551651001,887316000
2017-06-01 00:00:00-04:00,3.5789504811984973,3.57993800984728,3.517980768450587,3.56339955329895,503340000
2017-06-02 00:00:00-04:00,3.5604369786729664,3.5866021294758617,3.539702410816134,3.545626640319824,487456000
2017-06-05 00:00:00-04:00,3.5293353215904877,3.6663320182421213,3.517733802924942,3.653496265411377,817376000
2017-06-06 00:00:00-04:00,3.648806346758416,3.6949657168054664,3.6236287225564814,3.636958122253418,758728000
2017-06-07 00:00:00-04:00,3.6613959440210104,3.699656268070049,3.645845014607309,3.680896282196045,612612000
2017-06-08 00:00:00-04:00,3.788024297312083,3.949458482462953,3.7468018695993415,3.9479775428771973,1161744000
2017-06-09 00:00:00-04:00,4.066461778895721,4.159273925836498,3.5236577068552033,3.692744016647339,3692928000
2017-06-12 00:00:00-04:00,3.6009194438016214,3.7445809653833573,3.5078603486110578,3.7018773555755615,1697532000
2017-06-13 00:00:00-04:00,3.811227142329023,3.8203604265745685,3.5952411423180624,3.7371749877929688,1672504000
2017-06-14 00:00:00-04:00,3.740138047299247,3.8028356418674316,3.6655919920164597,3.74507474899292,1184640000
2017-06-15 00:00:00-04:00,3.627578420082504,3.7914808730940326,3.616223605860954,3.7611196041107178,963824000
2017-06-16 00:00:00-04:00,3.770745418002564,3.8186326614294157,3.708541483902582,3.742605447769165,924960000
2017-06-19 00:00:00-04:00,3.786790928191132,3.888489669301935,3.7830884606780635,3.8833060264587402,778176000
2017-06-20 00:00:00-04:00,3.925515096828308,3.992409031306997,3.8734317361299944,3.8776278495788574,1095444000
2017-06-21 00:00:00-04:00,3.9052751885944215,3.94007975174959,3.8433179390323797,3.9363770484924316,682652000
2017-06-22 00:00:00-04:00,3.9445215163893126,3.9578511495901676,3.8852796961000218,3.9092233180999756,469132000
2017-06-23 00:00:00-04:00,3.91687589162527,3.932673759321234,3.782100487329326,3.7971580028533936,1088588000
2017-06-26 00:00:00-04:00,3.8299885048725515,3.865533655463372,3.6613960394618936,3.7556893825531006,1063960000
2017-06-27 00:00:00-04:00,3.7381632359278947,3.746802640470792,3.6125211054195034,3.6181983947753906,999492000
2017-06-28 00:00:00-04:00,3.685833326847534,3.7505057505416044,3.5977109201292805,3.7458157539367676,994948000
2017-06-29 00:00:00-04:00,3.717428785573893,3.7203906654508327,3.556488208620523,3.620666980743408,1064424000
2017-06-30 00:00:00-04:00,3.6379453608150043,3.651521701308763,3.54217109599214,3.568336248397827,731060000
2017-07-03 00:00:00-04:00,3.580431847377924,3.595242188432103,3.4207255042580216,3.4392385482788086,709072000
2017-07-05 00:00:00-04:00,3.5026756928277063,3.55994292426096,3.4836690078031616,3.531062602996826,820188000
2017-07-06 00:00:00-04:00,3.5019362145538038,3.5885774353702766,3.4498526114954027,3.541677474975586,746284000
2017-07-07 00:00:00-04:00,3.598450993110566,3.6409076621196017,3.575494660053965,3.6226413249969482,654972000
2017-07-10 00:00:00-04:00,3.6961998046019486,3.8013540582267775,3.6700346528396732,3.7939488887786865,958492000
2017-07-11 00:00:00-04:00,3.79765189707112,3.8554127883929534,3.7556888744753865,3.8477606773376465,757956000
2017-07-12 00:00:00-04:00,3.90749500740163,4.023510167178391,3.864544704190402,4.011415004730225,1145208000
2017-07-13 00:00:00-04:00,4.023510442861153,4.104968001224459,3.918603145403543,3.9650092124938965,1369132000
2017-07-14 00:00:00-04:00,3.981301113947039,4.073125964109027,3.9743895913978657,4.071645259857178,941948000
2017-07-17 00:00:00-04:00,4.105708638486622,4.134589195696882,3.992655348415274,4.054365634918213,930792000
2017-07-18 00:00:00-04:00,3.9933967798154524,4.111140325132777,3.981548319439998,4.096576690673828,776640000
2017-07-19 00:00:00-04:00,4.105709646013438,4.132121741747563,4.063253210836053,4.075348377227783,687044000
2017-07-20 00:00:00-04:00,4.095834764659502,4.134835423937949,4.045972941783936,4.134588718414307,699596000
2017-07-21 00:00:00-04:00,4.1141015582230525,4.179020903668448,4.099784631618497,4.149399757385254,648332000
2017-07-24 00:00:00-04:00,4.156559524634094,4.166186223096344,4.090652869171776,4.101266860961914,652524000
2017-07-25 00:00:00-04:00,4.078310547287298,4.0958365340906395,4.037828695754412,4.081519603729248,496556000
2017-07-26 00:00:00-04:00,4.1390327313761315,4.1945720898546,4.093860657038686,4.128665447235107,640404000
2017-07-27 00:00:00-04:00,4.153596243123511,4.165197996454151,3.8892293282192494,3.9924089908599854,782856000
2017-07-28 00:00:00-04:00,3.9566178394824796,4.082260215406383,3.9316871525340806,4.0578227043151855,513348000
2017-07-31 00:00:00-04:00,4.07139740590661,4.107436187718886,3.9647622352872958,4.011415004730225,559672000
2017-08-01 00:00:00-04:00,4.002037214288711,4.062019648419396,3.9741444078363926,4.060291767120361,431384000
2017-08-02 00:00:00-04:00,4.091393502713157,4.095342676068961,3.9808086449420075,4.0578227043151855,478444000
2017-08-03 00:00:00-04:00,4.057328123641886,4.113114183118184,4.040296023720251,4.109411716461182,442420000
2017-08-04 00:00:00-04:00,4.132121630081853,4.1980282794236645,4.109412473212524,4.127431869506836,589096000
2017-08-07 00:00:00-04:00,4.156558665447548,4.254801158043025,4.146931498163025,4.254307746887207,717412000
2017-08-08 00:00:00-04:00,4.292321593524357,4.308859814493777,4.164457939096253,4.203705787658691,755336000
2017-08-09 00:00:00-04:00,4.157546429813921,4.25085246736625,4.138786445898662,4.24838399887085,530784000
2017-08-10 00:00:00-04:00,4.2496183756341726,4.261960719208786,4.056341936297165,4.066462516784668,1328088000
2017-08-11 00:00:00-04:00,3.8788620485048217,3.9247744736985344,3.774448387072794,3.8497347831726074,1497196000
2017-08-14 00:00:00-04:00,3.9413135811520457,4.160508459597006,3.9297120612925163,4.156805992126465,1279020000
2017-08-15 00:00:00-04:00,4.161990272687135,4.188155196229652,4.087444204937751,4.121755123138428,764532000
2017-08-16 00:00:00-04:00,4.1368115458920265,4.1602612886026975,4.044246102985215,4.076581954956055,596632000
2017-08-17 00:00:00-04:00,4.068190786345977,4.085222421724737,3.9835241375056825,3.985745429992676,525444000
2017-08-18 00:00:00-04:00,4.040048086978399,4.057080181709601,3.940570926772361,3.986483335494995,601204000
2017-08-21 00:00:00-04:00,4.010922628103092,4.022277206070906,3.884539918227118,3.9284775257110596,623672000
2017-08-22 00:00:00-04:00,3.9650424698054114,4.021865821113382,3.9457718866526093,4.015936374664307,450456000
2017-08-23 00:00:00-04:00,3.9825824157342224,4.107346725468914,3.9739349364679244,4.096229076385498,579520000
2017-08-24 00:00:00-04:00,4.12834680193696,4.132794238911889,4.054723766267116,4.081158638000488,469700000
2017-08-25 00:00:00-04:00,4.1053720442335955,4.1155015351990105,4.0406424481704555,4.0470662117004395,357200000
2017-08-28 00:00:00-04:00,4.066088952462368,4.078936006132708,4.010500694155444,4.075724124908447,389496000
2017-08-29 00:00:00-04:00,4.016924193418326,4.090794629376174,4.008771029495037,4.0690531730651855,324096000
2017-08-30 00:00:00-04:00,4.0888185721264625,4.104383663225806,4.058430572074288,4.093266010284424,384400000
2017-08-31 00:00:00-04:00,4.1135247200853335,4.190112737838081,4.106113265248257,4.186160087585449,612684000
2017-09-01 00:00:00-04:00,4.198758414080583,4.246934734701657,4.190110935113122,4.211358070373535,445432000
2017-09-05 00:00:00-04:00,4.159972846919535,4.164914132372971,4.040890977589386,4.098949432373047,695364000
2017-09-06 00:00:00-04:00,4.131806302484795,4.145641517225272,4.06164159524952,4.0964765548706055,397672000
2017-09-07 00:00:00-04:00,4.113278637841279,4.147866690754141,4.07523177963713,4.11550235748291,352868000
2017-09-08 00:00:00-04:00,4.103887614487085,4.118710988411114,4.019887710206655,4.0440993309021,498856000
2017-09-11 00:00:00-04:00,4.089807206158495,4.185912961350715,4.084371605485076,4.175289154052734,567444000
2017-09-12 00:00:00-04:00,4.199993331420849,4.199993331420849,4.125134751152866,4.1903581619262695,411488000
2017-09-13 00:00:00-04:00,4.165160191195914,4.238042487220114,4.132795862011949,4.209136962890625,580960000
2017-09-14 00:00:00-04:00,4.170099404989905,4.263240638185579,4.14564086029992,4.1851701736450195,513712000
2017-09-15 00:00:00-04:00,4.270652948425177,4.449770450592041,4.265464742676675,4.449770450592041,1364792000
2017-09-18 00:00:00-04:00,4.574040736232068,4.723758399252469,4.567123128871037,4.633581638336182,1684460000
2017-09-19 00:00:00-04:00,4.583181888810169,4.6904052700763845,4.561193511257797,4.628640651702881,874280000
2017-09-20 00:00:00-04:00,4.632347100099268,4.679782194921176,4.5510647327853,4.591335296630859,724920000
2017-09-21 00:00:00-04:00,4.487571316005897,4.513759744276348,4.388006752219894,4.465830326080322,1075600000
2017-09-22 00:00:00-04:00,4.454464457467965,4.504123263537257,4.412464498023753,4.422346591949463,491232000
2017-09-25 00:00:00-04:00,4.3914667328077375,4.392702289754454,4.203949525319308,4.22470235824585,874580000
2017-09-26 00:00:00-04:00,4.359347447608947,4.414441388843439,4.208641608289688,4.248417854309082,1125620000
2017-09-27 00:00:00-04:00,4.338842322049042,4.354901259739183,4.26793635611186,4.341559886932373,713720000
2017-09-28 00:00:00-04:00,4.348723540808683,4.352676661530446,4.2928883612639215,4.3403239250183105,435244000
2017-09-29 00:00:00-04:00,4.42432249177213,4.440380950052833,4.379110660686324,4.416663646697998,619092000
2017-10-02 00:00:00-04:00,4.466817192681763,4.495970100163902,4.372935179867629,4.422346591949463,503480000
2017-10-03 00:00:00-04:00,4.42852164943868,4.461380744745358,4.387262941709384,4.4314866065979,390332000
2017-10-04 00:00:00-04:00,4.437664556223377,4.490782169094744,4.401099722643831,4.4685468673706055,427848000
2017-10-05 00:00:00-04:00,4.493006036773306,4.496464840657257,4.436182224245512,4.466076374053955,437364000
2017-10-06 00:00:00-04:00,4.438404970645824,4.49251073578879,4.42234603989127,4.4791693687438965,318800000
2017-10-09 00:00:00-04:00,4.5159811554551235,4.6133224317042405,4.497204660836243,4.580216407775879,563492000
2017-10-10 00:00:00-04:00,4.729440594579086,4.766993590671148,4.626417249329684,4.667675971984863,974876000
2017-10-11 00:00:00-04:00,4.684229191072911,4.718817703406691,4.638276575205916,4.717335224151611,529508000
2017-10-12 00:00:00-04:00,4.720794277950883,4.77045309458209,4.692382603934965,4.719559192657471,528292000
2017-10-13 00:00:00-04:00,4.781815325510554,4.817638907403559,4.734874567747147,4.807509422302246,628728000
2017-10-16 00:00:00-04:00,4.837404709116929,4.892992957794958,4.7741576141220765,4.89002799987793,576640000
2017-10-17 00:00:00-04:00,4.869276112227167,4.913993642487508,4.850993929400595,4.885581970214844,478596000
2017-10-18 00:00:00-04:00,4.894475958506605,4.895216726838204,4.7761349189469,4.881381511688232,567316000
2017-10-19 00:00:00-04:00,4.803807093534697,4.8917596992746235,4.7546425830996295,4.886818885803223,570772000
2017-10-20 00:00:00-04:00,4.90386542318161,4.931041543437328,4.855688609764402,4.8645830154418945,451620000
2017-10-23 00:00:00-04:00,4.886322700359099,4.912758045036561,4.837405131496506,4.857664108276367,428696000
2017-10-24 00:00:00-04:00,4.8668039085699775,4.910286339657049,4.8408628862850325,4.908556938171387,407244000
2017-10-25 00:00:00-04:00,4.869030149948913,4.921900855246322,4.723018638877206,4.784535884857178,828160000
2017-10-26 00:00:00-04:00,4.812206434200166,4.84630016236655,4.788241725493589,4.834688663482666,322744000
2017-10-27 00:00:00-04:00,4.886817229063083,4.987369935325871,4.8608757288054605,4.987123012542725,572192000
2017-10-30 00:00:00-04:00,4.987122737802117,5.091628087744789,4.9713107272448065,5.036040306091309,504056000
2017-10-31 00:00:00-04:00,5.067910840166804,5.136098752293261,5.0622283178118215,5.109416484832764,411908000
2017-11-01 00:00:00-04:00,5.1721709936646985,5.1874886927507715,5.0548180795165925,5.119053363800049,502576000
2017-11-02 00:00:00-04:00,5.089404575245795,5.134122097990003,5.031345684014674,5.087922096252441,342308000
2017-11-03 00:00:00-04:00,5.119052476984032,5.155864238739014,5.07309985891339,5.155864238739014,353640000
2017-11-06 00:00:00-05:00,5.119051939110113,5.187734171800686,5.106699202627933,5.179087162017822,389944000
2017-11-07 00:00:00-05:00,5.201817493759363,5.259876399874429,5.1897116784056845,5.238381862640381,427700000
2017-11-08 00:00:00-05:00,5.233934697736557,5.237640896029847,5.1200410801021095,5.167476177215576,522988000
2017-11-09 00:00:00-05:00,5.071369094426796,5.0975570422782,4.950310506040619,5.072604179382324,978564000
2017-11-10 00:00:00-05:00,5.264323528612331,5.402429256735592,5.228499927089911,5.33992338180542,1253256000
2017-11-13 00:00:00-05:00,5.339922311541653,5.365369023257795,5.2378871282189765,5.253204822540283,582376000
2017-11-14 00:00:00-05:00,5.2623452769031385,5.3068158773590675,5.218615915951695,5.291498184204102,529292000
2017-11-15 00:00:00-05:00,5.236405256732466,5.237640813219607,5.133876215956097,5.187734603881836,501948000
2017-11-16 00:00:00-05:00,5.26185028476637,5.291991347763011,5.219109095392493,5.228003025054932,441768000
2017-11-17 00:00:00-05:00,5.285075083270091,5.320404359405614,5.206757684147104,5.221827983856201,515664000
2017-11-20 00:00:00-05:00,5.237392564710524,5.301133980453848,5.200580809763252,5.289028167724609,396100000
2017-11-21 00:00:00-05:00,5.3288040515268715,5.349309949204259,5.296933581409794,5.337697982788086,399176000
2017-11-22 00:00:00-05:00,5.364894184923892,5.364894184923892,5.281082994583403,5.313717365264893,356640000
2017-11-24 00:00:00-05:00,5.330032743251244,5.364892365748991,5.3055567377626325,5.363903045654297,180752000
2017-11-27 00:00:00-05:00,5.372560337302218,5.373796280965269,5.290973908913657,5.294188022613525,422896000
2017-11-28 00:00:00-05:00,5.299376748519655,5.308771518171887,5.148319151250363,5.209384918212891,512752000
2017-11-29 00:00:00-05:00,5.1920819682575585,5.194801421589406,4.727783528266251,4.856096267700195,1396788000
2017-11-30 00:00:00-05:00,4.924824771993025,5.010860761449722,4.861781289112957,4.962156295776367,823768000
2017-12-01 00:00:00-05:00,4.927543716274419,4.94781676823994,4.7584383016737695,4.887245178222656,811548000
2017-12-04 00:00:00-05:00,4.945838430681996,4.952019561034658,4.561395983380852,4.614797592163086,1240844000
2017-12-05 00:00:00-05:00,4.509478502911166,4.764125762379137,4.464482805556391,4.6414995193481445,981488000
2017-12-06 00:00:00-05:00,4.591063007842911,4.7008332356213955,4.56980110925751,4.6790771484375,467032000
2017-12-07 00:00:00-05:00,4.745829786245209,4.786375893324269,4.700339434507561,4.7465715408325195,542600000
2017-12-08 00:00:00-05:00,4.796512221409745,4.815549332756158,4.725804567451477,4.73421049118042,466876000
2017-12-11 00:00:00-05:00,4.7483025906836165,4.815549511456508,4.732480063180663,4.812582492828369,372748000
2017-12-12 00:00:00-05:00,4.769069371433169,4.792308969396166,4.694652956155313,4.7181396484375,455016000
2017-12-13 00:00:00-05:00,4.75918047269627,4.760416415984596,4.595513948251795,4.602931022644043,554280000
2017-12-14 00:00:00-05:00,4.596502060717096,4.681054997646454,4.563867693106612,4.610099792480469,438164000
2017-12-15 00:00:00-05:00,4.654107905726673,4.756213987228756,4.589086253556041,4.735940933227539,670036000
2017-12-18 00:00:00-05:00,4.776486928751553,4.895651960446319,4.7468195716777695,4.892685413360596,477704000
2017-12-19 00:00:00-05:00,4.883291231130757,4.888483042824579,4.820000170102468,4.848431587219238,373100000
2017-12-20 00:00:00-05:00,4.8877407133752815,4.896887920586472,4.809863075570586,4.865489959716797,288820000
2017-12-21 00:00:00-05:00,4.868949444640425,4.893919642191732,4.834584477277875,4.842990398406982,300904000
2017-12-22 00:00:00-05:00,4.806153949486824,4.837057716317147,4.7282763250392765,4.827662944793701,466276000
2017-12-26 00:00:00-05:00,4.77228340242291,4.88897606197102,4.7423684829636255,4.881311893463135,355080000
2017-12-27 00:00:00-05:00,4.867961325754705,4.943860778469477,4.8533747445099795,4.874636173248291,329488000
2017-12-28 00:00:00-05:00,4.898371200797089,4.929274971482377,4.8741427502079455,4.88032341003418,240248000
2017-12-29 00:00:00-05:00,4.906529338415578,4.906529338415578,4.783903121948242,4.783903121948242,279964000
2018-01-02 00:00:00-05:00,4.840269950705684,4.932239941490031,4.808624910089819,4.928531169891357,355616000
2018-01-03 00:00:00-05:00,5.045968009495182,5.283309230956685,5.037314990793611,5.252899646759033,914704000
2018-01-04 00:00:00-05:00,5.334240215867883,5.3908559688204045,5.258340249617288,5.280591011047363,583268000
2018-01-05 00:00:00-05:00,5.295422491536533,5.362668930770624,5.218533714746807,5.3253374099731445,580124000
2018-01-08 00:00:00-05:00,5.448953341140706,5.56267899650096,5.403957173425836,5.4885101318359375,881216000
2018-01-09 00:00:00-05:00,5.493948628878952,5.533505416633515,5.40544028091156,5.487026214599609,497000000
2018-01-10 00:00:00-05:00,5.394561406614446,5.533504808749186,5.340170947315524,5.530043601989746,582664000
2018-01-11 00:00:00-05:00,5.562679579998581,5.594078015789105,5.51842516230587,5.5399346351623535,406032000
2018-01-12 00:00:00-05:00,5.528066565771384,5.562431543153365,5.472192590731405,5.512738227844238,359916000
2018-01-16 00:00:00-05:00,5.539191397623721,5.624732719588088,5.357230001426734,5.441782474517822,702348000
2018-01-17 00:00:00-05:00,5.456368995491275,5.565644575410841,5.362421751821587,5.555755615234375,538408000
2018-01-18 00:00:00-05:00,5.536471104395202,5.603223350205553,5.505320244971986,5.548832893371582,408632000
2018-01-19 00:00:00-05:00,5.639073541404793,5.713242411544564,5.61212563490404,5.689013957977295,609380000
2018-01-22 00:00:00-05:00,5.696922642738749,5.779250305953967,5.639318082226527,5.777519702911377,550944000
2018-01-23 00:00:00-05:00,5.830923313653374,5.929321098289492,5.812381333897702,5.906576156616211,475228000
2018-01-24 00:00:00-05:00,5.909787609202448,5.9456360836288455,5.7740583494086,5.829685211181641,579972000
2018-01-25 00:00:00-05:00,5.884078296494035,5.9273438624053245,5.828451881336061,5.84328556060791,409884000
2018-01-26 00:00:00-05:00,5.887046474096248,6.016100499428269,5.874190490448944,6.015853404998779,516356000
2018-01-29 00:00:00-05:00,6.001263360465795,6.134026083539159,5.948603512507323,6.102874755859375,455116000
2018-01-30 00:00:00-05:00,5.960965263714578,6.092244487539131,5.894213020097887,6.000769138336182,570832000
2018-01-31 00:00:00-05:00,6.076174940105346,6.162705581597857,6.0435405698559705,6.076916694641113,478576000
2018-02-01 00:00:00-05:00,5.896934093794209,6.104113294596944,5.885561622425427,5.94588565826416,519224000
2018-02-02 00:00:00-05:00,5.859354748914135,5.883336103665258,5.715219526064751,5.773318290710449,718464000
2018-02-05 00:00:00-05:00,5.612124586215895,5.766148769523712,5.068218068311997,5.283308506011963,1165204000
2018-02-06 00:00:00-05:00,5.053383894240053,5.5799838537570805,5.043494462880013,5.577017307281494,1114800000
2018-02-07 00:00:00-05:00,5.675910431016301,5.809167386600395,5.604708113856801,5.656626224517822,802932000
2018-02-08 00:00:00-05:00,5.782219353651922,5.815347917369131,5.377503307648409,5.377750873565674,1144000000
2018-02-09 00:00:00-05:00,5.890258781347157,5.906081307958318,5.377750668311046,5.737717628479004,1674604000
2018-02-12 00:00:00-05:00,5.8188081362952095,5.82177515436539,5.5634196509787,5.6375885009765625,1093172000
2018-02-13 00:00:00-05:00,5.601245864235173,5.797546742300246,5.568858588913541,5.751314640045166,625524000
2018-02-14 00:00:00-05:00,5.711015174784521,5.997554947251689,5.699889801869491,5.968628883361816,744988000
2018-02-15 00:00:00-05:00,6.051947257845662,6.140455608256853,5.971103076534518,6.094223499298096,698900000
2018-02-16 00:00:00-05:00,6.067027962216665,6.180753602150273,6.019312348241568,6.0284600257873535,637656000
2018-02-20 00:00:00-05:00,6.0509573164407975,6.226985136495736,6.0472485439625245,6.158008098602295,686240000
2018-02-21 00:00:00-05:00,6.222537409136445,6.229459824947084,5.967148364253301,5.970856666564941,892292000
2018-02-22 00:00:00-05:00,6.004747762174788,6.076488826070639,5.924842798016999,5.990399360656738,534364000
2018-02-23 00:00:00-05:00,6.050265870358884,6.08390998840332,5.999552209456847,6.08390998840332,415300000
2018-02-26 00:00:00-05:00,6.130169691675691,6.134622512498791,6.0376480303133055,6.09998893737793,469312000
2018-02-27 00:00:00-05:00,6.0732713987129685,6.157629638457461,6.064118508703495,6.087125301361084,455436000
2018-02-28 00:00:00-05:00,6.09801056372888,6.137591933903856,5.975060879540058,5.986688137054443,523116000
2018-03-01 00:00:00-05:00,5.984461315186211,6.038391083821471,5.643319137357673,5.744499206542969,1040120000
2018-03-02 00:00:00-05:00,5.6368872313838905,5.858048603142345,5.488209605460676,5.851616382598877,913428000
2018-03-05 00:00:00-05:00,5.8013984970769155,5.869181710904236,5.677953824761273,5.8296003341674805,620776000
2018-03-06 00:00:00-05:00,5.914946033733068,6.0099415960270575,5.871901309648214,5.990645408630371,636808000
2018-03-07 00:00:00-05:00,5.887733869414305,6.0349275228502925,5.886497158107259,5.982729434967041,581208000
2018-03-08 00:00:00-05:00,6.010190435522564,6.010190435522564,5.922121565421212,5.966403484344482,411912000
2018-03-09 00:00:00-05:00,6.013900520274829,6.081930976271816,5.997820911736378,6.069067478179932,505524000
2018-03-12 00:00:00-04:00,6.110380307149358,6.258810215948798,6.102216407367916,6.1786580085754395,605060000
2018-03-13 00:00:00-04:00,6.221455615856943,6.295918291518715,6.086631417571857,6.127944469451904,619772000
2018-03-14 00:00:00-04:00,6.170989256342004,6.198201627277066,6.091084294558158,6.153425216674805,505496000
2018-03-15 00:00:00-04:00,6.16703006201702,6.249408428850852,6.126211514484495,6.168266773223877,401952000
2018-03-16 00:00:00-04:00,6.184594801881093,6.215517775890499,6.146992359791897,6.196469306945801,399456000
2018-03-19 00:00:00-04:00,6.139570518015361,6.168514090312586,5.862995459305732,5.961948871612549,713772000
2018-03-20 00:00:00-04:00,5.964918890179831,6.213044940084531,5.964918890179831,6.174205780029297,554696000
2018-03-21 00:00:00-04:00,6.167771349610118,6.234070578464552,6.118542131447214,6.148970603942871,438688000
2018-03-22 00:00:00-04:00,6.085640444198533,6.132148522015477,5.9456212431764275,5.982975959777832,551196000
2018-03-23 00:00:00-04:00,5.996584051334082,5.999057946284113,5.752169081176547,5.763301372528076,735620000
2018-03-26 00:00:00-04:00,5.887734084236219,6.0492756708553435,5.835783714196595,6.048038959503174,611424000
2018-03-27 00:00:00-04:00,6.1289325583447045,6.184593998702441,5.4387321134499915,5.578998565673828,1409000000
2018-03-28 00:00:00-04:00,5.544611304683062,5.674734910247567,5.368226875850473,5.475838661193848,945904000
2018-03-29 00:00:00-04:00,5.544118839592493,5.825889006817757,5.459761051720373,5.729162216186523,916628000
2018-04-02 00:00:00-04:00,5.6586584632615535,5.804862224148337,5.380598872968767,5.468420028686523,922092000
2018-04-03 00:00:00-04:00,5.6354049814450535,5.698487663514104,5.475842264888745,5.574795722961426,667432000
2018-04-04 00:00:00-04:00,5.318999012022968,5.607201368983579,5.294013289444341,5.596811294555664,789168000
2018-04-05 00:00:00-04:00,5.655193655804861,5.668304872258876,5.405088720492209,5.4765825271606445,701240000
2018-04-06 00:00:00-04:00,5.373918538495116,5.482025334218606,5.271006780267874,5.300198078155518,662988000
2018-04-09 00:00:00-04:00,5.363280948847103,5.491178424649962,5.308856209958216,5.32889461517334,499524000
2018-04-10 00:00:00-04:00,5.559208970692893,5.665089116084822,5.502063088259853,5.638124465942383,761676000
2018-04-11 00:00:00-04:00,5.62328144829461,5.664594498095268,5.564156640111601,5.596811294555664,460244000
2018-04-12 00:00:00-04:00,5.689827823160644,5.821435912629541,5.645545908279811,5.803624153137207,593920000
2018-04-13 00:00:00-04:00,5.867201874107248,5.875613022202001,5.678695616848717,5.726935386657715,503036000
2018-04-16 00:00:00-04:00,5.733615102127525,5.760085259047768,5.6324350164034405,5.726688385009766,350792000
2018-04-17 00:00:00-04:00,5.778885700195328,5.897629810565798,5.723224251006935,5.876354694366455,447224000
2018-04-18 00:00:00-04:00,5.82588783955547,5.918656757203468,5.758352361940327,5.847410202026367,391364000
2018-04-19 00:00:00-04:00,5.733120521725171,5.766517398019447,5.610665780493406,5.666079521179199,471996000
2018-04-20 00:00:00-04:00,5.657418240498021,5.741775992009472,5.626742994760134,5.6579132080078125,386200000
2018-04-23 00:00:00-04:00,5.675726871586774,5.726935028899402,5.512453596964896,5.538428783416748,427508000
2018-04-24 00:00:00-04:00,5.564156045646277,5.660140599894155,5.406820043029598,5.4721293449401855,414596000
2018-04-25 00:00:00-04:00,5.442443603541932,5.481530478003558,5.202481487250741,5.3598175048828125,588492000
2018-04-26 00:00:00-04:00,5.521607051664017,5.579742403142693,5.455555519484757,5.571578502655029,375824000
2018-04-27 00:00:00-04:00,5.67745816394745,5.69724884825512,5.556734659377671,5.599037170410156,400848000
2018-04-30 00:00:00-04:00,5.615365661180188,5.665089866081693,5.544366808325531,5.563662528991699,327844000
2018-05-01 00:00:00-04:00,5.555498146454636,5.621796917660815,5.496867835131047,5.619075775146484,253788000
2018-05-02 00:00:00-04:00,5.615612232215377,5.660140918146858,5.5723197857763305,5.5985426902771,268248000
2018-05-03 00:00:00-04:00,5.630454213371176,5.790016845555746,5.585182847400178,5.7637939453125,443144000
2018-05-04 00:00:00-04:00,5.735098276008582,5.91717275206389,5.717781487011003,5.913956642150879,400660000
2018-05-07 00:00:00-04:00,6.018600587036718,6.2090862262742945,6.008705008550383,6.15194034576416,687616000
2018-05-08 00:00:00-04:00,6.152187922686302,6.197212052251537,6.103205938992592,6.194490909576416,506616000
2018-05-09 00:00:00-04:00,6.2145268530314155,6.3298075749218965,6.187314491302571,6.32758092880249,596760000
2018-05-10 00:00:00-04:00,6.380522037213819,6.444346905298664,6.362710281522553,6.43519401550293,994080000
2018-05-11 00:00:00-04:00,6.253367494531822,6.426783586418015,6.197953766438804,6.296659469604492,1214456000
2018-05-14 00:00:00-04:00,6.3347565866019915,6.394623605231835,6.29344354034374,6.317192077636719,523140000
2018-05-15 00:00:00-04:00,6.2536145157913055,6.256336129994786,5.974318295101601,6.074756145477295,963528000
2018-05-16 00:00:00-04:00,6.036164192692246,6.147981579227148,5.999303967613462,6.085888385772705,553828000
2018-05-17 00:00:00-04:00,6.087620881112819,6.221702863780388,6.071540800992437,6.127944469451904,519784000
2018-05-18 00:00:00-04:00,6.17989429058534,6.243224193322817,6.079208724483137,6.084156513214111,483716000
2018-05-21 00:00:00-04:00,6.181627566529474,6.185338173112817,5.9493338743593025,6.042102813720703,640624000
2018-05-22 00:00:00-04:00,6.055460831126614,6.080693801379532,5.943395716516996,6.004004955291748,518264000
2018-05-23 00:00:00-04:00,5.947814133199135,6.128763754810888,5.947071458596598,6.127525806427002,442956000
2018-05-24 00:00:00-04:00,6.1238126590922075,6.17356760620898,6.070592212062383,6.1312384605407715,437372000
2018-05-25 00:00:00-04:00,6.1438626769942015,6.186934022943865,6.10821760426097,6.170596599578857,292112000
2018-05-29 00:00:00-04:00,6.152525740510823,6.221588798949953,6.106731574461571,6.153515815734863,352684000
2018-05-30 00:00:00-04:00,6.1871816591618956,6.271096324244064,6.162427888193122,6.26243257522583,390996000
2018-05-31 00:00:00-04:00,6.230501231484028,6.3171392053083055,6.21985733045954,6.242630481719971,493868000
2018-06-01 00:00:00-04:00,6.287434100302282,6.383231090742736,6.278770350797195,6.377042293548584,421968000
2018-06-04 00:00:00-04:00,6.411203815935667,6.578043586823855,6.3790242357097675,6.556013107299805,642024000
2018-06-05 00:00:00-04:00,6.559230563597277,6.599084290661841,6.514426458877288,6.561458587646484,391712000
2018-06-06 00:00:00-04:00,6.471353845429838,6.566655560807269,6.4550164219976764,6.563437461853027,371356000
2018-06-07 00:00:00-04:00,6.559724423319073,6.571606271408705,6.417390591316016,6.507741928100586,369448000
2018-06-08 00:00:00-04:00,6.434967248687056,6.534971957839424,6.416154397475202,6.492395877838135,360456000
2018-06-11 00:00:00-04:00,6.47977015445347,6.521356151249096,6.438431558456218,6.451303482055664,265372000
2018-06-12 00:00:00-04:00,6.47778975869628,6.511949480997829,6.4275395423305595,6.499820232391357,319160000
2018-06-13 00:00:00-04:00,6.501305589901602,6.576309105156337,6.486205643251573,6.495364665985107,338208000
2018-06-14 00:00:00-04:00,6.540417466967992,6.663690591641108,6.525564919213471,6.607004642486572,430016000
2018-06-15 00:00:00-04:00,6.549822778805801,6.621113395780901,6.518880682219291,6.566160202026367,432260000
2018-06-18 00:00:00-04:00,6.522099345535489,6.579527968643321,6.494870619237534,6.561953067779541,356268000
2018-06-19 00:00:00-04:00,6.458728585155146,6.526058894012536,6.312682338417278,6.440163612365723,594932000
2018-06-20 00:00:00-04:00,6.481255511337796,6.546109931009988,6.442887141291563,6.493137359619141,369780000
2018-06-21 00:00:00-04:00,6.525068946865799,6.543386519243133,6.356743879626638,6.364417552947998,359516000
2018-06-22 00:00:00-04:00,6.385210970358031,6.398578167392045,6.19658816781961,6.211935043334961,434160000
2018-06-25 00:00:00-04:00,6.1054945805374725,6.1092074809555,5.830481217478698,5.9190993309021,665816000
2018-06-26 00:00:00-04:00,6.03247148952847,6.080741085711662,5.938654650262679,5.990142345428467,478884000
2018-06-27 00:00:00-04:00,6.033709498174416,6.1000492736807725,5.8294914493806145,5.834937572479248,453892000
2018-06-28 00:00:00-04:00,5.825035022262918,5.974052448646908,5.817361348593089,5.962170600891113,338012000
2018-06-29 00:00:00-04:00,6.027274533076319,6.03989858663541,5.862909714562639,5.864147663116455,392300000
2018-07-02 00:00:00-04:00,5.794589988521357,6.000045546933529,5.774044385466236,5.99633264541626,357572000
2018-07-03 00:00:00-04:00,6.03098694564074,6.036927870656044,5.854245488748233,5.862661838531494,222732000
2018-07-05 00:00:00-04:00,5.917861779456704,6.013410898540981,5.878998606440352,6.008460521697998,306216000
2018-07-06 00:00:00-04:00,5.983955657656573,6.130745109202106,5.962667379380916,6.122328758239746,296352000
2018-07-09 00:00:00-04:00,6.1965895176897225,6.206243344240109,6.091138683897519,6.169855117797852,303880000
2018-07-10 00:00:00-04:00,6.182230488541349,6.29089891893234,6.1418819714412916,6.268868446350098,360016000
2018-07-11 00:00:00-04:00,6.176042720387159,6.210697717776225,6.1166334789502885,6.127277851104736,367508000
2018-07-12 00:00:00-04:00,6.172577847662981,6.266889024728982,6.162676149038038,6.21886682510376,345508000
2018-07-13 00:00:00-04:00,6.237430997069508,6.237430997069508,6.129504770418681,6.171586036682129,246988000
2018-07-16 00:00:00-04:00,6.143861770629883,6.196834806386685,6.1314851225672715,6.143861770629883,197036000
2018-07-17 00:00:00-04:00,6.0946035146802195,6.294860786046719,6.069107066101221,6.279760837554932,362136000
2018-07-18 00:00:00-04:00,6.272335528356,6.286197529560713,6.1795092227410064,6.230501651763916,277640000
2018-07-19 00:00:00-04:00,6.211688070864388,6.272334791145986,6.196588595100667,6.238669395446777,235752000
2018-07-20 00:00:00-04:00,6.236193540254344,6.275056708029166,6.1995579237236935,6.210449695587158,222352000
2018-07-23 00:00:00-04:00,6.183963872103707,6.185696621994708,6.022074513418084,6.17381477355957,301584000
2018-07-24 00:00:00-04:00,6.221837161178626,6.308475130545054,6.138912092510818,6.156487464904785,354620000
2018-07-25 00:00:00-04:00,6.16589265000363,6.24733235316905,6.107968766768293,6.234707832336426,319112000
2018-07-26 00:00:00-04:00,6.2146599774105855,6.345111522551983,6.197827276288319,6.308228492736816,325124000
2018-07-27 00:00:00-04:00,6.3448642640258255,6.351795265316582,6.184460214467215,6.2384233474731445,295420000
2018-07-30 00:00:00-04:00,6.252531410768498,6.258472334744185,6.008212269667775,6.043115139007568,340340000
2018-07-31 00:00:00-04:00,6.032720111879745,6.135942923914694,5.993856931834038,6.061186790466309,283988000
2018-08-01 00:00:00-04:00,6.092623056111181,6.147823652968639,6.03717458630776,6.101038932800293,283556000
2018-08-02 00:00:00-04:00,6.029748677586334,6.207727601359724,5.970835176504149,6.2037672996521,269668000
2018-08-03 00:00:00-04:00,6.228272971902883,6.264165919607523,6.211440745986463,6.2404022216796875,214288000
2018-08-06 00:00:00-04:00,6.227777220859502,6.291641559130818,6.181240379627775,6.2881760597229,207508000
2018-08-07 00:00:00-04:00,6.336941121389724,6.37902238928245,6.310207200534674,6.360456943511963,258132000
2018-08-08 00:00:00-04:00,6.36169554042197,6.441897311165495,6.326792668784326,6.39684534072876,262100000
2018-08-09 00:00:00-04:00,6.414669327890348,6.4173921537115195,6.340655868313697,6.348329544067383,204280000
2018-08-10 00:00:00-04:00,6.26639469476189,6.339418075131001,6.2552555190398555,6.306990623474121,256396000
2018-08-13 00:00:00-04:00,6.315652963831781,6.460709616664197,6.3139202140428745,6.339911460876465,375208000
2018-08-14 00:00:00-04:00,6.445362758913174,6.485463880030126,6.362190290589358,6.471354007720947,466220000
2018-08-15 00:00:00-04:00,6.492147999819686,6.526060800999152,6.334467260794411,6.41318416595459,591136000
2018-08-16 00:00:00-04:00,6.48298790639323,6.485463330661275,6.312434809794511,6.372586250305176,801260000
2018-08-17 00:00:00-04:00,6.261196361721583,6.261939036378466,6.033214599757653,6.060196399688721,1143188000
2018-08-20 00:00:00-04:00,6.019600955001107,6.267632591927562,5.90919926587753,6.134953022003174,854388000
2018-08-21 00:00:00-04:00,6.151290340597147,6.2750587560130295,6.131487413016168,6.270603179931641,673988000
2018-08-22 00:00:00-04:00,6.237927572444511,6.510712949551802,6.234462072339854,6.505762100219727,749856000
2018-08-23 00:00:00-04:00,6.467144744822224,6.670620070110538,6.453282747791223,6.6052703857421875,720684000
2018-08-24 00:00:00-04:00,6.613687302658173,6.753050431540471,6.609231727820069,6.73844575881958,531512000
2018-08-27 00:00:00-04:00,6.76815085520618,6.903801102774299,6.736713954005123,6.829540252685547,505776000
2018-08-28 00:00:00-04:00,6.823599715841663,6.846373340370309,6.6718594356791865,6.791914939880371,475384000
2018-08-29 00:00:00-04:00,6.784235015515267,6.922436203506438,6.763430647352469,6.897421360015869,420108000
2018-08-30 00:00:00-04:00,6.866217203280793,6.9774223608041055,6.84367912835731,6.880582332611084,346608000
2018-08-31 00:00:00-04:00,6.86051964652384,6.964541982104828,6.8506125324698415,6.951663017272949,306592000
2018-09-04 00:00:00-04:00,6.938536185117473,7.064105976684454,6.910053940228386,7.02646017074585,391720000
2018-09-05 00:00:00-04:00,7.0088753850000565,7.044292421921538,6.814700286094051,6.895689010620117,393156000
2018-09-06 00:00:00-04:00,6.879342842553523,6.88181962125771,6.721575865514398,6.754516124725342,322796000
2018-09-07 00:00:00-04:00,6.662382213427763,6.85878656279511,6.61755360483397,6.733216762542725,295420000
2018-09-10 00:00:00-04:00,6.755753913328671,6.834018315575585,6.711915927729688,6.80429744720459,220140000
2018-09-11 00:00:00-04:00,6.757983072323888,6.845659048570117,6.7371786994648915,6.756497383117676,243112000
2018-09-12 00:00:00-04:00,6.716623972504521,6.736190198438102,6.4870317733420695,6.6425700187683105,419092000
2018-09-13 00:00:00-04:00,6.708448566653494,6.810984736361112,6.69111159018085,6.7203369140625,305536000
2018-09-14 00:00:00-04:00,6.810738545076135,6.912531654120937,6.773835342555874,6.846403121948242,386936000
2018-09-17 00:00:00-04:00,6.8208925129725895,6.869931596503318,6.765166174324665,6.784484386444092,205528000
2018-09-18 00:00:00-04:00,6.788447040596122,6.891230752083001,6.705724621217917,6.712411403656006,299520000
2018-09-19 00:00:00-04:00,6.6938370569624785,6.754021412732932,6.643807352701748,6.736188888549805,224860000
2018-09-20 00:00:00-04:00,6.614086680638897,6.656438513516968,6.54102335613122,6.595016002655029,430584000
2018-09-21 00:00:00-04:00,6.606904581001687,6.652476275281125,6.491736955804356,6.5249247550964355,435128000
2018-09-24 00:00:00-04:00,6.493966376103985,6.584119156565318,6.406785919695986,6.580651760101318,293912000
2018-09-25 00:00:00-04:00,6.646778834141386,6.672784301880277,6.56108408628115,6.647769451141357,280388000
2018-09-26 00:00:00-04:00,6.6527228255726865,6.6930934196939695,6.595015253435617,6.610866069793701,268548000
2018-09-27 00:00:00-04:00,6.646034769591449,6.667334685328497,6.59129952736597,6.622753620147705,214428000
2018-09-28 00:00:00-04:00,6.754764063675634,6.982374497197594,6.7267768897641975,6.960083961486816,709396000
2018-10-01 00:00:00-04:00,7.037852077655718,7.233512835306456,6.9992151872958175,7.166641712188721,622060000
2018-10-02 00:00:00-04:00,7.139151061144093,7.250850799273947,7.073022537327065,7.09531307220459,383964000
2018-10-03 00:00:00-04:00,7.165651620396451,7.173081956175866,6.997482463778114,7.101504802703857,320552000
2018-10-04 00:00:00-04:00,7.0653451557867974,7.089616926258841,6.840211021337104,6.917237281799316,391220000
2018-10-05 00:00:00-04:00,6.8924682550815355,6.954633827558946,6.62622050967899,6.683680534362793,426636000
2018-10-08 00:00:00-04:00,6.600464169125509,6.715879318403089,6.441458564377645,6.58238410949707,408612000
2018-10-09 00:00:00-04:00,6.561827616433509,6.656438396168938,6.5088260603266175,6.576688289642334,273500000
2018-10-10 00:00:00-04:00,6.470684129980975,6.516503829718721,6.082829446452293,6.085058689117432,684940000
2018-10-11 00:00:00-04:00,5.997877727828555,6.131373412989649,5.801969389698521,5.823516845703125,725436000
2018-10-12 00:00:00-04:00,6.080600648548569,6.180412520150822,5.935464622139236,6.106110572814941,608236000
2018-10-15 00:00:00-04:00,6.092736534440553,6.092736534440553,5.8287179591547496,5.829708576202393,449760000
2018-10-16 00:00:00-04:00,5.942399600876374,6.099671517763144,5.893112976327913,6.088526248931885,408712000
2018-10-17 00:00:00-04:00,6.150691238671365,6.18883306305501,5.9708812655397425,6.019920349121094,329668000
2018-10-18 00:00:00-04:00,6.089268115778525,6.127657000012227,5.872059421159257,5.932491302490234,524020000
2018-10-19 00:00:00-04:00,5.987723794649381,6.007289544971391,5.639496616028506,5.675904273986816,613608000
2018-10-22 00:00:00-04:00,5.728163579673887,5.8282229974540645,5.623893684722091,5.726677417755127,368844000
2018-10-23 00:00:00-04:00,5.459437637880404,5.5525627131488395,5.367303651916718,5.475041389465332,626436000
2018-10-24 00:00:00-04:00,5.4366530322213045,5.483215342224924,4.924962222130487,4.938831806182861,884288000
2018-10-25 00:00:00-04:00,4.841247503005438,5.194923191526612,4.79691397864822,5.147617816925049,951720000
2018-10-26 00:00:00-04:00,4.911585922996195,5.073315795889018,4.783044308720282,4.911090850830078,664784000
2018-10-29 00:00:00-04:00,5.052263704925662,5.055731099548989,4.359277018025428,4.5972900390625,758016000
2018-10-30 00:00:00-04:00,4.620326169664098,5.0376537945264666,4.597292547499609,5.027746677398682,807192000
2018-10-31 00:00:00-04:00,5.192447210599568,5.265262985331463,5.052759834934126,5.221672534942627,745772000
2018-11-01 00:00:00-04:00,5.258081092966871,5.411390540344802,5.13152066849349,5.401978969573975,566528000
2018-11-02 00:00:00-04:00,5.392565820626404,5.498321838465712,5.206316166256636,5.322969913482666,452960000
2018-11-05 00:00:00-05:00,5.309843526433358,5.333125149139406,5.0842143500962385,5.244953632354736,379332000
2018-11-06 00:00:00-05:00,5.2370279362778325,5.321236508464822,5.190217629718907,5.2273688316345215,299012000
2018-11-07 00:00:00-05:00,5.293994200336113,5.38464204864236,5.230342441368791,5.294984817504883,483812000
2018-11-08 00:00:00-05:00,5.2357897563210765,5.236532837110258,5.048301922821317,5.101799488067627,511352000
2018-11-09 00:00:00-05:00,5.012885251719588,5.1842742736201375,4.979201912013973,5.093873977661133,413240000
2018-11-12 00:00:00-05:00,5.002482423626299,5.024525420357445,4.672582915392841,4.69437837600708,617116000
2018-11-13 00:00:00-05:00,4.792208316684221,5.057712494730355,4.786016135461258,4.9363532066345215,644712000
2018-11-14 00:00:00-05:00,5.109476896997176,5.123842023355172,4.775862910647352,4.883847713470459,526580000
2018-11-15 00:00:00-05:00,4.8779037866819195,5.0847103143793335,4.841991205166018,5.012637615203857,840708000
2018-11-16 00:00:00-05:00,4.044980480252022,4.226771596771952,4.0026282004991,4.072472095489502,1963520000
2018-11-19 00:00:00-05:00,4.00708923124758,4.007831839788258,3.5820835455198883,3.58381724357605,1697820000
2018-11-20 00:00:00-05:00,3.320293390834246,3.8205910884480687,3.301718023948827,3.6922969818115234,1692032000
2018-11-21 00:00:00-05:00,3.829507177902595,3.846348846272988,3.556820152341425,3.58406400680542,1025496000
2018-11-23 00:00:00-05:00,3.5493896165314163,3.7049275527468377,3.5365106535621416,3.5912461280822754,411968000
2018-11-26 00:00:00-05:00,3.712358774710127,3.80102537531958,3.6298838847705808,3.790623188018799,814832000
2018-11-27 00:00:00-05:00,3.7646167562745307,3.8887006076438215,3.7287044161695295,3.807464122772217,738060000
2018-11-28 00:00:00-05:00,3.9251082960972727,3.9696893605970573,3.792603727943556,3.9644882678985596,804524000
2018-11-29 00:00:00-05:00,3.9667203057963714,4.003908214089231,3.8710232578611787,3.9012694358825684,549172000
2018-11-30 00:00:00-05:00,3.9109367144819394,4.062415803485919,3.860608952784249,4.051755428314209,729564000
2018-12-03 00:00:00-05:00,4.279098647735979,4.33066604579233,4.148692504186223,4.215631008148193,890804000
2018-12-04 00:00:00-05:00,4.171005718250445,4.1759642314845555,3.8799477061600034,3.895071029663086,812112000
2018-12-06 00:00:00-05:00,3.7545008607567016,3.9292844589509266,3.738881967321079,3.924326181411743,692308000
2018-12-07 00:00:00-05:00,3.928540303661,3.9387051145908196,3.6102111573920945,3.6595470905303955,681676000
2018-12-10 00:00:00-05:00,3.614673346687054,3.789704936670523,3.6109544618116325,3.7649128437042236,629472000
2018-12-11 00:00:00-05:00,3.856643263096135,3.864824620788069,3.5948398169542557,3.67392635345459,671912000
2018-12-12 00:00:00-05:00,3.6796285542081364,3.7877216394771915,3.590377441451514,3.691528797149658,654136000
2018-12-13 00:00:00-05:00,3.73838553247586,3.802596764423647,3.6553323289012547,3.6912806034088135,471384000
2018-12-14 00:00:00-05:00,3.6496305411299965,3.7334275815818128,3.6072363350201284,3.630788803100586,471820000
2018-12-17 00:00:00-05:00,3.6007906949531985,3.6729352807965947,3.501622537302056,3.559635877609253,662868000
2018-12-18 00:00:00-05:00,3.603517326389618,3.7269815279542295,3.576246210263398,3.6429367065429688,564372000
2018-12-19 00:00:00-05:00,3.6092185699865036,3.6627694177741668,3.3823718230348097,3.433939218521118,745364000
2018-12-20 00:00:00-05:00,3.4255110534137394,3.515506000934323,3.2896507976180573,3.3493995666503906,749588000
2018-12-21 00:00:00-05:00,3.375926256584158,3.4088997064269937,3.184779975743349,3.212299108505249,863740000
2018-12-24 00:00:00-05:00,3.1359402472168654,3.22246432500799,3.08660407634126,3.1505675315856934,463840000
2018-12-26 00:00:00-05:00,3.1966803710681195,3.300806786003362,3.085612226661851,3.2998151779174805,695100000
2018-12-27 00:00:00-05:00,3.2475040035457465,3.2819648676628312,3.103462405351536,3.2519664764404297,637044000
2018-12-28 00:00:00-05:00,3.27254402188619,3.40617303143989,3.2306456223341833,3.313450813293457,628728000
2018-12-31 00:00:00-05:00,3.3568366543541996,3.389314065222245,3.278989745357333,3.309731960296631,465140000
2019-01-02 00:00:00-05:00,3.238827003762373,3.4331961511819213,3.224199719565695,3.377166271209717,508752000
2019-01-03 00:00:00-05:00,3.316921464491716,3.3508865238272074,3.165690356157027,3.1731278896331787,705552000
2019-01-04 00:00:00-05:00,3.246264728875429,3.4146023989573466,3.2155227464445826,3.376422882080078,585620000
2019-01-07 00:00:00-05:00,3.43369263469947,3.5921135244875004,3.382373005044777,3.555173397064209,709160000
2019-01-08 00:00:00-05:00,3.6367378534550667,3.6389693260514377,3.3940241871443835,3.4666647911071777,786016000
2019-01-09 00:00:00-05:00,3.517984925429318,3.582196402548422,3.4674093612937327,3.534843683242798,617260000
2019-01-10 00:00:00-05:00,3.5155054107654147,3.6092189915794513,3.4550128275092074,3.600541830062866,523156000
2019-01-11 00:00:00-05:00,3.5782291623201523,3.7126019895586886,3.5504622441602596,3.689793348312378,874764000
2019-01-14 00:00:00-05:00,3.6374820240857297,3.754996091985834,3.6139295591717535,3.729708194732666,730168000
2019-01-15 00:00:00-05:00,3.762433800893337,3.8018531789337877,3.6972309567970747,3.7155771255493164,617012000
2019-01-16 00:00:00-05:00,3.742847854702118,3.775821067288721,3.6845867462873194,3.6900408267974854,470104000
2019-01-17 00:00:00-05:00,3.6570682145919076,3.8013576074068123,3.629796861824297,3.7614424228668213,493436000
2019-01-18 00:00:00-05:00,3.811273523518369,3.9166395522157176,3.759706127220853,3.8906078338623047,651336000
2019-01-22 00:00:00-05:00,3.8603616490696266,3.8720138699469357,3.6580589693013676,3.688305139541626,661552000
2019-01-23 00:00:00-05:00,3.74359206301233,3.832347373085581,3.669959840656427,3.701197624206543,591020000
2019-01-24 00:00:00-05:00,3.785738749605239,3.930771731673405,3.7810282560710893,3.9131696224212646,708972000
2019-01-25 00:00:00-05:00,3.853669392345306,3.988537825787873,3.7510305955854295,3.9704396724700928,1154572000
2019-01-28 00:00:00-05:00,3.385348011025998,3.511539265310974,3.2477525524051147,3.421544313430786,2511528000
2019-01-29 00:00:00-05:00,3.375431197902596,3.423775765190028,3.248000315870383,3.262627601623535,1153932000
2019-01-30 00:00:00-05:00,3.3387382052306096,3.420551775615729,3.259155871049647,3.406172513961792,974228000
2019-01-31 00:00:00-05:00,3.402950263032487,3.5995509001077153,3.3811332267987457,3.5638504028320312,842852000
2019-02-01 00:00:00-05:00,3.582443632025934,3.6392173296415167,3.5348431362564363,3.5881457328796387,625048000
2019-02-04 00:00:00-05:00,3.6040129444490905,3.7356584977000353,3.5819481270012767,3.6984705924987793,528592000
2019-02-05 00:00:00-05:00,3.7103712553333494,3.7542531141767617,3.6766542090169905,3.7175610065460205,542424000
2019-02-06 00:00:00-05:00,3.7507817335825715,3.857635433064282,3.7453276522844168,3.7931761741638184,702464000
2019-02-07 00:00:00-05:00,3.7468152936594596,3.7490465303665164,3.611946882233914,3.654836893081665,637120000
2019-02-08 00:00:00-05:00,3.587650428919434,3.684091298596783,3.573271164667842,3.673430919647217,461604000
2019-02-11 00:00:00-05:00,3.6293011543613174,3.6835956046455127,3.5824442384685993,3.630788803100586,495180000
2019-02-12 00:00:00-05:00,3.6692162824239567,3.763425916833451,3.6548367815329823,3.7478067874908447,591060000
2019-02-13 00:00:00-05:00,3.777309572710049,3.863337852939571,3.7636738954712596,3.790201425552368,605372000
2019-02-14 00:00:00-05:00,3.7892087478922534,3.8593700943270304,3.746070491596269,3.8311071395874023,827264000
2019-02-15 00:00:00-05:00,4.039856866925455,4.062665274911397,3.8779651192357116,3.900773763656616,1516748000
2019-02-19 00:00:00-05:00,3.890112505588487,3.963992744813369,3.8710227498471914,3.883418560028076,551892000
2019-02-20 00:00:00-05:00,3.912673677475732,3.9979581308316945,3.9015174940275297,3.930771827697754,540988000
2019-02-21 00:00:00-05:00,3.943415826169995,3.967959665754317,3.8472227384773094,3.8618500232696533,448548000
2019-02-22 00:00:00-05:00,3.913665129913193,3.9654803184270264,3.9000294544369494,3.946638345718384,401740000
2019-02-25 00:00:00-05:00,4.030187545300304,4.097621624687247,3.9255650885708473,3.9342424869537354,656020000
2019-02-26 00:00:00-05:00,3.9295326798830703,3.985562566616247,3.861354527866882,3.8948237895965576,488464000
2019-02-27 00:00:00-05:00,3.880443958985459,3.906971249647877,3.795903100622869,3.8529248237609863,500256000
2019-02-28 00:00:00-05:00,3.8467206285644937,3.86905646363119,3.806019952377919,3.828355550765991,324944000
2019-03-01 00:00:00-05:00,3.878238618181043,3.9248955454090013,3.819917459146095,3.8827059268951416,357188000
2019-03-04 00:00:00-05:00,3.921172951744745,3.9440050996638467,3.8343114319756366,3.8908956050872803,409992000
2019-03-05 00:00:00-05:00,3.8752603882977406,3.9226619051650116,3.820909987702736,3.8844430446624756,362924000
2019-03-06 00:00:00-05:00,3.875508989020271,3.8839468185347172,3.770778935941451,3.7735087871551514,403524000
2019-03-07 00:00:00-05:00,3.749932764007985,3.7596117380629375,3.6581078318396996,3.704268455505371,450104000
2019-03-08 00:00:00-05:00,3.614924185404804,3.749187216448156,3.5935809834350056,3.738515615463257,422416000
2019-03-11 00:00:00-04:00,3.7620930660780103,4.021932599751997,3.71493958147994,3.999100685119629,859728000
2019-03-12 00:00:00-04:00,4.0268957547605755,4.079756975177056,3.9507058339743053,4.033348560333252,579576000
2019-03-13 00:00:00-04:00,4.07082236691848,4.2140195355244705,4.063376932112146,4.18473482131958,768900000
2019-03-14 00:00:00-04:00,4.193918038767685,4.205830546710866,4.101100260514064,4.10879373550415,519384000
2019-03-15 00:00:00-04:00,4.151974883122909,4.256953174659468,4.148500442206128,4.214267253875732,661484000
2019-03-18 00:00:00-04:00,4.245787158067063,4.299641489694038,4.165874507922497,4.192925930023193,486992000
2019-03-19 00:00:00-04:00,4.28748022396908,4.405115656151409,4.270604564374885,4.360692024230957,854972000
2019-03-20 00:00:00-04:00,4.389729563207526,4.443087350439793,4.293437317594986,4.328182220458984,719148000
2019-03-21 00:00:00-04:00,4.351262235040726,4.591247761633879,4.346298610341314,4.564940929412842,824312000
2019-03-22 00:00:00-04:00,4.537641434281475,4.586283625511089,4.391217835477888,4.405115604400635,747644000
2019-03-25 00:00:00-04:00,4.364414761621294,4.4286919404417375,4.246531296109056,4.312794208526611,525212000
2019-03-26 00:00:00-04:00,4.4545018787963055,4.510589499851069,4.333143980399348,4.389480113983154,703508000
2019-03-27 00:00:00-04:00,4.4150420735227955,4.461450483689387,4.310808351640181,4.3802971839904785,474372000
2019-03-28 00:00:00-04:00,4.406355961632342,4.464677357822436,4.345801266084862,4.398910999298096,480264000
2019-03-29 00:00:00-04:00,4.465669919201426,4.480560790355246,4.415290511200249,4.456239223480225,456896000
2019-04-01 00:00:00-04:00,4.548063766075772,4.5540200190764715,4.47634116427866,4.52374267578125,483824000
2019-04-02 00:00:00-04:00,4.5478159604328825,4.586034818572296,4.504881518137105,4.541611194610596,440920000
2019-04-03 00:00:00-04:00,4.591247123100943,4.740152529872962,4.586283499091853,4.681086540222168,783504000
2019-04-04 00:00:00-04:00,4.665699236993605,4.714589935735879,4.609363576157914,4.672152042388916,457376000
2019-04-05 00:00:00-04:00,4.715334649049337,4.756283835055177,4.67885300844419,4.738911151885986,481744000
2019-04-08 00:00:00-04:00,4.7083859584403625,4.784824158108648,4.6843129028961785,4.759758472442627,424192000
2019-04-09 00:00:00-04:00,4.726254224753506,4.737422140827427,4.654779656551858,4.696969509124756,439972000
2019-04-10 00:00:00-04:00,4.696225695683008,4.793262041313991,4.691758623185401,4.767451763153076,444772000
2019-04-11 00:00:00-04:00,4.769932491339652,4.801450977581173,4.704166141494313,4.7535529136657715,374600000
2019-04-12 00:00:00-04:00,4.7922690858977255,4.7962400797134705,4.706896742395677,4.715582847595215,471708000
2019-04-15 00:00:00-04:00,4.707889997802594,4.712853622392226,4.544094173203101,4.583802223205566,440092000
2019-04-16 00:00:00-04:00,4.623013712545587,4.68977270489064,4.590254551042735,4.6709113121032715,394964000
2019-04-17 00:00:00-04:00,4.705903277414137,4.726749926194656,4.625742611252989,4.648078441619873,351004000
2019-04-18 00:00:00-04:00,4.654779857414121,4.688779685433278,4.595713871920384,4.623509407043457,380988000
2019-04-22 00:00:00-04:00,4.599933045157507,4.69299886151223,4.5684150280058,4.677363872528076,279936000
2019-04-23 00:00:00-04:00,4.69051741283285,4.763233134563713,4.680838677001328,4.73196268081665,346856000
2019-04-24 00:00:00-04:00,4.742386157266434,4.78507256932482,4.681583415700867,4.7443718910217285,318204000
2019-04-25 00:00:00-04:00,4.704165863123382,4.726501692571229,4.558983445069504,4.638647556304932,499296000
2019-04-26 00:00:00-04:00,4.484779613458914,4.48924715908201,4.300881746120929,4.419757843017578,868988000
2019-04-29 00:00:00-04:00,4.427698148824204,4.478326058517963,4.3554790012746984,4.450530529022217,391920000
2019-04-30 00:00:00-04:00,4.418268393307308,4.517538500697847,4.399158962721246,4.491976737976074,362920000
2019-05-01 00:00:00-04:00,4.544342465302367,4.5865323255526995,4.478575626073827,4.478824138641357,354280000
2019-05-02 00:00:00-04:00,4.4885008586397985,4.588018973338624,4.445318387587734,4.54632568359375,394684000
2019-05-03 00:00:00-04:00,4.554765241338322,4.564692015477626,4.480312305186082,4.541860103607178,336824000
2019-05-06 00:00:00-04:00,4.355480383487374,4.475597628396843,4.318254148476516,4.463437080383301,422176000
2019-05-07 00:00:00-04:00,4.4150434910020815,4.4150434910020815,4.248021253867075,4.296167373657227,555220000
2019-05-08 00:00:00-04:00,4.26861888708395,4.396429121036192,4.256706379500316,4.316268444061279,419168000
2019-05-09 00:00:00-04:00,4.2472760710029815,4.256954806788146,4.104823465441121,4.22369909286499,660248000
2019-05-10 00:00:00-04:00,4.192925098748698,4.2584434142362335,4.070078020530973,4.189698696136475,569500000
2019-05-13 00:00:00-04:00,4.057669762177069,4.08075018730162,3.916457833647851,3.9323410987854004,656912000
2019-05-14 00:00:00-04:00,3.972048960653704,4.0566771872618155,3.9333337824100374,4.0214362144470215,524880000
2019-05-15 00:00:00-04:00,3.9658447866690194,3.9968667273783027,3.9065309931874768,3.9603850841522217,502320000
2019-05-16 00:00:00-04:00,3.9549236715998286,4.0182084354722605,3.912485789911825,3.975522041320801,781088000
2019-05-17 00:00:00-04:00,3.933581938973891,4.062881357317828,3.8452314704252637,3.8846912384033203,1022068000
2019-05-20 00:00:00-04:00,3.785917953195467,3.841012954273963,3.7412462795256283,3.766063928604126,572064000
2019-05-21 00:00:00-04:00,3.82686617683523,3.864092406656991,3.788150765280584,3.8482091426849365,361848000
2019-05-22 00:00:00-04:00,3.8094940601751244,3.835552374346456,3.766311339053399,3.777231216430664,325868000
2019-05-23 00:00:00-04:00,3.7149382369673862,3.7149382369673862,3.596310450775286,3.656120777130127,591844000
2019-05-24 00:00:00-04:00,3.674983230659197,3.710224205905764,3.595567135089519,3.6022679805755615,357584000
2019-05-28 00:00:00-04:00,3.6198878056704196,3.6526469627650444,3.5551138456488904,3.5570993423461914,428356000
2019-05-29 00:00:00-04:00,3.509450005571907,3.544442703052247,3.4481507160128766,3.4828953742980957,559800000
2019-05-30 00:00:00-04:00,3.486124817476955,3.5219028913834802,3.4180470770611535,3.4563097953796387,394300000
2019-05-31 00:00:00-04:00,3.4073636505096556,3.4746959572244664,3.3638833165670223,3.3656225204467773,389720000
2019-06-03 00:00:00-04:00,3.3768034255081956,3.4155630321221095,3.294563718797367,3.3238818645477295,478644000
2019-06-04 00:00:00-04:00,3.3879841031300155,3.558178484681419,3.3658713325762286,3.5529608726501465,641836000
2019-06-05 00:00:00-04:00,3.6267521697007528,3.6322183395666845,3.4739501051932735,3.5102250576019287,511616000
2019-06-06 00:00:00-04:00,3.5144491714895296,3.5969374224328976,3.5119645270942597,3.5723400115966797,408140000
2019-06-07 00:00:00-04:00,3.578304216567969,3.649363268362972,3.5591727328972467,3.6150760650634766,348856000
2019-06-10 00:00:00-04:00,3.6712267677547046,3.7564482276821622,3.6712267677547046,3.687873601913452,402780000
2019-06-11 00:00:00-04:00,3.747752147204667,3.785517987924492,3.706011254133817,3.745516061782837,383872000
2019-06-12 00:00:00-04:00,3.7020363896559867,3.7082480024367355,3.617312029086251,3.6324679851531982,358892000
2019-06-13 00:00:00-04:00,3.6545799582012313,3.702035579496407,3.6369393608824816,3.683649778366089,308080000
2019-06-14 00:00:00-04:00,3.5904786659537873,3.6148275255513247,3.5489860861382567,3.5937085151672363,394428000
2019-06-17 00:00:00-04:00,3.59196814729233,3.640417765389285,3.5691099400561903,3.6033973693847656,276040000
2019-06-18 00:00:00-04:00,3.6647672143889545,3.8538442771572177,3.6538351089547136,3.79843807220459,581920000
2019-06-19 00:00:00-04:00,3.833718343824751,3.845147328069288,3.778311915312648,3.8044002056121826,331644000
2019-06-20 00:00:00-04:00,3.8950886834986993,3.9090023158703024,3.814339619550784,3.8287501335144043,350168000
2019-06-21 00:00:00-04:00,3.8138425849617086,3.863037414829606,3.7641506365729565,3.7706105709075928,434428000
2019-06-24 00:00:00-04:00,3.791978086310683,3.8225385535974685,3.744770783364017,3.7929718494415283,282948000
2019-06-25 00:00:00-04:00,3.7979416712811953,3.872976247997893,3.760921264557908,3.7636542320251465,311868000
2019-06-26 00:00:00-04:00,3.8911137568862295,4.018076374970092,3.878193886493132,3.9569551944732666,584072000
2019-06-27 00:00:00-04:00,4.042672669367494,4.074723779025369,4.006646033577113,4.0555925369262695,445440000
2019-06-28 00:00:00-04:00,4.099569377409736,4.108762514185865,4.033727960268221,4.080438137054443,397668000
2019-07-01 00:00:00-04:00,4.287653165839552,4.321940598852988,4.091122179552119,4.1286396980285645,709756000
2019-07-02 00:00:00-04:00,4.111993366040826,4.13311261260208,4.017579221013296,4.030747413635254,400228000
2019-07-03 00:00:00-04:00,4.054101585545819,4.0598163154070654,3.9837879929011004,4.043666362762451,246636000
2019-07-05 00:00:00-04:00,3.9852795856456105,3.9897517570798247,3.917698473881389,3.981055736541748,396552000
2019-07-08 00:00:00-04:00,3.9214253941983426,3.9403083168245847,3.875957528668214,3.9060208797454834,329788000
2019-07-09 00:00:00-04:00,3.863782307750123,3.9365807835488655,3.851110999361085,3.9085049629211426,342860000
2019-07-10 00:00:00-04:00,3.951985225982774,4.034224923336196,3.9380715955348835,3.9768311977386475,452076000
2019-07-11 00:00:00-04:00,4.049878189437848,4.1721200612613805,4.012609464778736,4.131372928619385,682560000
2019-07-12 00:00:00-04:00,4.15920013178468,4.235477257878733,4.15920013178468,4.164417743682861,506392000
2019-07-15 00:00:00-04:00,4.185536558037907,4.201686036695759,4.127645714579826,4.155969619750977,289840000
2019-07-16 00:00:00-04:00,4.141062983256248,4.178331710359048,4.095594880286139,4.151249885559082,341444000
2019-07-17 00:00:00-04:00,4.152989110808464,4.223551512502262,4.123670963196081,4.216594696044922,348204000
2019-07-18 00:00:00-04:00,4.227029398974181,4.291131620960904,4.170380637187413,4.228271484375,442192000
2019-07-19 00:00:00-04:00,4.266534737588228,4.272994435132429,4.179076944192116,4.18503999710083,344896000
2019-07-22 00:00:00-04:00,4.206406552559214,4.269515000614863,4.198952619741011,4.256595134735107,315940000
2019-07-23 00:00:00-04:00,4.295851756406252,4.36641366183239,4.280198450442191,4.364426136016846,428176000
2019-07-24 00:00:00-04:00,4.407659644086569,4.444680051936244,4.3316313017865005,4.438965320587158,366236000
2019-07-25 00:00:00-04:00,4.397471997240203,4.410143543446418,4.284423266209168,4.307778358459473,392700000
2019-07-26 00:00:00-04:00,4.334861717015686,4.396479311394187,4.334861717015686,4.349769115447998,274160000
2019-07-29 00:00:00-04:00,4.342562641043361,4.3597063572260515,4.255353652473047,4.3435564041137695,248160000
2019-07-30 00:00:00-04:00,4.2970948393221455,4.371383965273635,4.282684089069796,4.3592095375061035,197772000
2019-07-31 00:00:00-04:00,4.327653969542075,4.328648206325335,4.149757617746027,4.191995620727539,359416000
2019-08-01 00:00:00-04:00,4.20243315841524,4.292872265444196,4.045407162355461,4.097583770751953,421212000
2019-08-02 00:00:00-04:00,4.00490665435791,4.074226956016899,3.9574512715726557,4.00490665435791,428348000
2019-08-05 00:00:00-04:00,3.821296518237021,3.8225388407182757,3.699551758459505,3.7465105056762695,589156000
2019-08-06 00:00:00-04:00,3.8212958956468266,3.8667637536986543,3.73756531703224,3.785269260406494,361272000
2019-08-07 00:00:00-04:00,3.7243965462818296,3.835457730870932,3.7070045098825752,3.8235316276550293,372560000
2019-08-08 00:00:00-04:00,3.881174610564575,3.93335096298419,3.823780646597873,3.9321086406707764,309300000
2019-08-09 00:00:00-04:00,3.891113082948864,3.8945914907638715,3.780300440523427,3.830737590789795,341816000
2019-08-12 00:00:00-04:00,3.778561054705098,3.83073740636705,3.7410437744003078,3.7629082202911377,279200000
2019-08-13 00:00:00-04:00,3.7614177106223394,3.9231643930702815,3.7224097818759083,3.877199411392212,351956000
2019-08-14 00:00:00-04:00,3.7889962565089688,3.8001769201562063,3.684892113004436,3.728620767593384,419880000
2019-08-15 00:00:00-04:00,3.7475035976858244,3.7673802799283163,3.6620338166533615,3.6963210105895996,477200000
2019-08-16 00:00:00-04:00,3.9591905479072564,4.013602746694141,3.89782106009125,3.9644081592559814,1007960000
2019-08-19 00:00:00-04:00,4.077704762637184,4.2590795183704895,4.061554812801438,4.243177890777588,815112000
2019-08-20 00:00:00-04:00,4.237713125338106,4.2382102438581395,4.149758689607738,4.170877933502197,463188000
2019-08-21 00:00:00-04:00,4.236968632183653,4.309518570688157,4.215352738831904,4.254360675811768,427244000
2019-08-22 00:00:00-04:00,4.2640498876687145,4.306536222939866,4.22131475619423,4.260571479797363,303488000
2019-08-23 00:00:00-04:00,4.184046590182954,4.238459037947564,4.016088279064714,4.0359649658203125,568056000
2019-08-26 00:00:00-04:00,4.114725724287434,4.13882625430878,4.0724877161807695,4.110750198364258,318208000
2019-08-27 00:00:00-04:00,4.14901476827598,4.151747736393211,3.9907466747993436,4.020064830780029,290968000
2019-08-28 00:00:00-04:00,3.993701381786324,4.062343667583897,3.954405792400483,4.009618282318115,255612000
2019-08-29 00:00:00-04:00,4.101140712822491,4.185700354271746,4.097658861975754,4.153368949890137,357976000
2019-08-30 00:00:00-04:00,4.199627052594965,4.249368177225957,4.14789643477602,4.166051864624023,290616000
2019-09-03 00:00:00-04:00,4.093182863925962,4.12626045181507,4.060105276036855,4.082985877990723,296140000
2019-09-04 00:00:00-04:00,4.14366914122656,4.204602005993086,4.14366914122656,4.197140693664551,227728000
2019-09-05 00:00:00-04:00,4.299359372760523,4.476437136282169,4.297618447020891,4.470219612121582,695676000
2019-09-06 00:00:00-04:00,4.446841362831437,4.503794781567796,4.40505914096025,4.443110942840576,376976000
2019-09-09 00:00:00-04:00,4.474198331435024,4.575670103266216,4.472705973928685,4.4891204833984375,417524000
2019-09-10 00:00:00-04:00,4.456290990717848,4.582384276165567,4.446591616691087,4.5557732582092285,352812000
2019-09-11 00:00:00-04:00,4.570447023636486,4.632623206126897,4.541348426023521,4.58437442779541,361512000
2019-09-12 00:00:00-04:00,4.630882618044122,4.685597491850589,4.574923954851905,4.582882404327393,327840000
2019-09-13 00:00:00-04:00,4.516230139440291,4.553287192918415,4.481162579968584,4.524934768676758,324592000
2019-09-16 00:00:00-04:00,4.449826427264148,4.5164792278235675,4.4393808709772316,4.481909275054932,231832000
2019-09-17 00:00:00-04:00,4.488622793250782,4.507524404776446,4.442114943097713,4.503296375274658,223048000
2019-09-18 00:00:00-04:00,4.496332629709562,4.512000958339772,4.389638095180129,4.476187229156494,258152000
2019-09-19 00:00:00-04:00,4.482156287610649,4.500560763185718,4.389886764733637,4.400581359863281,245476000
2019-09-20 00:00:00-04:00,4.399586381787043,4.42321315808413,4.284684834184158,4.294881343841553,350244000
2019-09-23 00:00:00-04:00,4.295130872616926,4.39386649268725,4.291399979035365,4.348353385925293,249712000
2019-09-24 00:00:00-04:00,4.3796902872463725,4.409286020008458,4.255337926785013,4.290902614593506,317268000
2019-09-25 00:00:00-04:00,4.290405163490444,4.452312185704765,4.245638236161754,4.432664394378662,308432000
2019-09-26 00:00:00-04:00,4.422964656764894,4.431669283656626,4.359544690134751,4.410529136657715,234564000
2019-09-27 00:00:00-04:00,4.3687470450950885,4.419482924890661,4.211068061333984,4.27175235748291,362056000
2019-09-30 00:00:00-04:00,4.297617901367833,4.339400113814063,4.266280767666534,4.329203128814697,186184000
2019-10-01 00:00:00-04:00,4.352333243739101,4.501556192683491,4.322737506709411,4.327462673187256,366008000
2019-10-02 00:00:00-04:00,4.305575976459771,4.317513885941315,4.2312133218406105,4.303586483001709,293372000
2019-10-03 00:00:00-04:00,4.3080628442948745,4.5154824684744215,4.2777209360731545,4.509264945983887,450588000
2019-10-04 00:00:00-04:00,4.511503143271314,4.555026750748866,4.446342727647082,4.525679588317871,265524000
2019-10-07 00:00:00-04:00,4.590591951171126,4.684104793019114,4.581887323571799,4.58437442779541,480984000
2019-10-08 00:00:00-04:00,4.492601730338929,4.492601730338929,4.3896380892183835,4.4077935218811035,444436000
2019-10-09 00:00:00-04:00,4.484643429882052,4.543835369834429,4.455793875766572,4.494342803955078,292412000
2019-10-10 00:00:00-04:00,4.492105309291985,4.603027416423513,4.486882532257541,4.5520429611206055,309124000
2019-10-11 00:00:00-04:00,4.636104540908654,4.708974836516087,4.617202930407315,4.625658988952637,446404000
2019-10-14 00:00:00-04:00,4.616953738324988,4.6599797339112445,4.585865651549163,4.6390886306762695,200040000
2019-10-15 00:00:00-04:00,4.729369107133634,4.956436541409517,4.715441229267077,4.883814334869385,664124000
2019-10-16 00:00:00-04:00,4.849742607121037,4.954696231340249,4.8186545134856456,4.830094814300537,428944000
2019-10-17 00:00:00-04:00,4.874612568063043,4.919628061305716,4.777617405465998,4.8320841789245605,263436000
2019-10-18 00:00:00-04:00,4.832581200278946,4.86516164659299,4.663213352051364,4.737576007843018,307440000
2019-10-21 00:00:00-04:00,4.799006223870478,4.8882915079634115,4.780104611767795,4.874861240386963,261868000
2019-10-22 00:00:00-04:00,4.931813845755606,5.03701601017104,4.857202630589509,4.864912509918213,328720000
2019-10-23 00:00:00-04:00,4.782840802817358,4.866156658213106,4.751006533420689,4.851980686187744,279916000
2019-10-24 00:00:00-04:00,4.8932651923567185,4.929576058826617,4.859192861915762,4.89600133895874,232020000
2019-10-25 00:00:00-04:00,4.976581610157008,5.107897674755416,4.968871729518342,5.087006568908691,423092000
2019-10-28 00:00:00-04:00,5.130778363782464,5.195441650413245,5.101431198094903,5.142965316772461,330792000
2019-10-29 00:00:00-04:00,5.1290378058828265,5.135504372192702,5.027317939867172,5.046716690063477,211236000
2019-10-30 00:00:00-04:00,5.073576623671343,5.07929701107862,4.980560913880429,5.0487060546875,205960000
2019-10-31 00:00:00-04:00,5.027815504681381,5.048706614170909,4.919629063134394,4.999463081359863,209732000
2019-11-01 00:00:00-04:00,4.964146702446307,5.070841255294795,4.93902756383264,5.038509845733643,283640000
2019-11-04 00:00:00-05:00,5.119587458333909,5.247670737342684,5.096458286647373,5.235235214233398,376716000
2019-11-05 00:00:00-05:00,5.234985809574233,5.261099692380898,5.1650997462773764,5.213099956512451,300868000
2019-11-06 00:00:00-05:00,5.188976601016082,5.214592878334135,5.076313081602189,5.163857460021973,269012000
2019-11-07 00:00:00-05:00,5.25040509656934,5.265078678110565,5.136746863055693,5.181513786315918,280340000
2019-11-08 00:00:00-05:00,5.164602563014109,5.1991725049956825,5.127047906243742,5.167586803436279,189100000
2019-11-11 00:00:00-05:00,5.166839986048364,5.200663745151669,5.080539425817432,5.177534580230713,243436000
2019-11-12 00:00:00-05:00,5.215835628849345,5.269058615645752,5.180768075961376,5.213099956512451,283504000
2019-11-13 00:00:00-05:00,5.181761630247433,5.209367864108788,5.120829251054856,5.1872334480285645,300188000
2019-11-14 00:00:00-05:00,5.196188736889149,5.219815993927408,5.136251080116039,5.2175774574279785,518080000
2019-11-15 00:00:00-05:00,5.215337393215381,5.267068016404041,4.990010900645512,5.078301429748535,1053628000
2019-11-18 00:00:00-05:00,5.070839476963107,5.306113881130765,5.067855237248647,5.279502868652344,574588000
2019-11-19 00:00:00-05:00,5.248415567089709,5.2720423433741646,5.1146124087740565,5.17280912399292,414564000
2019-11-20 00:00:00-05:00,5.149929247041148,5.335960191924732,5.137245157265,5.2521467208862305,472588000
2019-11-21 00:00:00-05:00,5.247669818095416,5.3033794338927756,5.205638563772144,5.227275848388672,288388000
2019-11-22 00:00:00-05:00,5.249909247844546,5.2964171120754715,5.2213082538004105,5.244935512542725,224100000
2019-11-25 00:00:00-05:00,5.37301700973477,5.5065716129280124,5.360084352389863,5.5015974044799805,506476000
2019-11-26 00:00:00-05:00,5.483938334519332,5.48866397418946,5.390425505825156,5.396892070770264,385244000
2019-11-27 00:00:00-05:00,5.442437999805944,5.476784215604721,5.405353619051224,5.431735515594482,215784000
2019-11-29 00:00:00-05:00,5.400874794693056,5.429247658021355,5.37051002040027,5.394403457641602,141556000
2019-12-02 00:00:00-05:00,5.3874354404637055,5.400875619644017,5.192804916916327,5.207986831665039,372036000
2019-12-03 00:00:00-05:00,5.024306296013905,5.172394608073015,4.986973159959638,5.168412685394287,465232000
2019-12-04 00:00:00-05:00,5.252039410968456,5.274439390328195,5.183595240576649,5.212217330932617,273424000
2019-12-05 00:00:00-05:00,5.234118586186783,5.249798473137313,5.164678476484615,5.195291996002197,184884000
2019-12-06 00:00:00-05:00,5.264484189049856,5.313515297936631,5.254528431528692,5.280661582946777,232236000
2019-12-09 00:00:00-05:00,5.257764100194735,5.335417299879885,5.24905304972204,5.280661582946777,211880000
2019-12-10 00:00:00-05:00,5.310778563672845,5.377481017722276,5.258014268852973,5.325712203979492,256388000
2019-12-11 00:00:00-05:00,5.336164217212946,5.414812900478476,5.333675277744945,5.409337043762207,233796000
2019-12-12 00:00:00-05:00,5.380465789086191,5.595007322829574,5.3715059874596935,5.576838493347168,404348000
2019-12-13 00:00:00-05:00,5.579825099652761,5.699042578532204,5.52083823896037,5.574847221374512,454704000
2019-12-16 00:00:00-05:00,5.622385566135441,5.6761453290181985,5.594260977611441,5.6037187576293945,320976000
2019-12-17 00:00:00-05:00,5.622385612100623,5.70451871570871,5.612927832005348,5.681869983673096,321196000
2019-12-18 00:00:00-05:00,5.716713921182411,5.772713869839721,5.708251622324569,5.712234020233154,343548000
2019-12-19 00:00:00-05:00,5.746828189069861,5.873761219490032,5.741850311473022,5.860321044921875,445360000
2019-12-20 00:00:00-05:00,5.926775508813562,5.983024208500768,5.907611198148669,5.957637786865234,603044000
2019-12-23 00:00:00-05:00,5.986259283901261,6.018365791078846,5.933246258070049,5.943948268890381,355060000
2019-12-24 00:00:00-05:00,5.92851635416519,5.956142957254662,5.894169663899029,5.938969612121582,138864000
2019-12-26 00:00:00-05:00,5.942453987198296,5.981280577054339,5.9235384325466445,5.953156471252441,182852000
2019-12-27 00:00:00-05:00,5.968339854631822,5.981780032204895,5.869033405539953,5.895415782928467,254644000
2019-12-30 00:00:00-05:00,5.8735128866265764,5.8787395160607945,5.75081099594718,5.78217077255249,258056000
2019-12-31 00:00:00-05:00,5.746829450735264,5.865798187948946,5.727665139968271,5.856340408325195,231004000
2020-01-02 00:00:00-05:00,5.9422061261104835,5.971076965332031,5.8916820387936255,5.971076965332031,237536000
2020-01-03 00:00:00-05:00,5.851362780060624,5.919309450404571,5.8264738602636355,5.875504970550537,205384000
2020-01-06 00:00:00-05:00,5.782172259318857,5.905371684641664,5.756039105428163,5.900145053863525,262636000
2020-01-07 00:00:00-05:00,5.928517986580422,6.017371178391975,5.883469274492818,5.971575736999512,314856000
2020-01-08 00:00:00-05:00,5.967345024156525,6.024091708312335,5.927274188024149,5.982776165008545,277108000
2020-01-09 00:00:00-05:00,6.069140667378785,6.120909474360893,5.994723126021184,6.048482894897461,255112000
2020-01-10 00:00:00-05:00,6.1557532404195285,6.186117543357126,6.06665129335838,6.080837726593018,316296000
2020-01-13 00:00:00-05:00,6.163966284249934,6.296623475757499,6.141317078631593,6.271485805511475,319840000
2020-01-14 00:00:00-05:00,6.228675930275971,6.254062823179271,6.141316212886955,6.154507637023926,359088000
2020-01-15 00:00:00-05:00,6.167200749117624,6.189600725851947,6.086063140007359,6.111947536468506,263104000
2020-01-16 00:00:00-05:00,6.165458262738691,6.2015471652717205,6.142062806376911,6.195573806762695,284192000
2020-01-17 00:00:00-05:00,6.214738881645233,6.222205699382475,6.156747973897517,6.204285621643066,253792000
2020-01-21 00:00:00-05:00,6.167699485326466,6.2045351231948365,6.1368372069696315,6.170935153961182,217916000
2020-01-22 00:00:00-05:00,6.216231158989807,6.311555187877972,6.197315604089567,6.224942207336426,239240000
2020-01-23 00:00:00-05:00,6.265015974715253,6.301851143757321,6.176162771828785,6.293388843536377,244516000
2020-01-24 00:00:00-05:00,6.408872256910902,6.458650095394929,6.179895054374351,6.234152793884277,373512000
2020-01-27 00:00:00-05:00,5.9295134446454965,6.029317874683954,5.77993165006869,5.978295803070068,470536000
2020-01-28 00:00:00-05:00,6.044250844374252,6.204037143136165,5.990988586548067,6.171681880950928,310976000
2020-01-29 00:00:00-05:00,6.157245952413688,6.1933348594066695,6.071379209932689,6.111201763153076,258848000
2020-01-30 00:00:00-05:00,6.013388278054281,6.131361529317974,5.958384287501794,6.117921352386475,290504000
2020-01-31 00:00:00-05:00,6.072126406970737,6.084073126385558,5.842651697517958,5.884464740753174,370420000
2020-02-03 00:00:00-05:00,5.866294644515972,6.000943248337605,5.860072534622127,5.98153018951416,255564000
2020-02-04 00:00:00-05:00,6.123397571961286,6.169939741532912,6.073370982195707,6.150774955749512,271544000
2020-02-05 00:00:00-05:00,6.271735301395451,6.2819398115033085,6.1577444293662715,6.241122245788574,208220000
2020-02-06 00:00:00-05:00,6.275468797628245,6.327983856201172,6.194331171243668,6.327983856201172,218284000
2020-02-07 00:00:00-05:00,6.287913417155617,6.310064648512183,6.23639336150722,6.261780261993408,189752000
2020-02-10 00:00:00-05:00,6.284428169326887,6.545760635986493,6.279450290508295,6.545014381408691,529608000
2020-02-11 00:00:00-05:00,6.653281160580903,6.782205193984742,6.591307846126636,6.6674675941467285,638556000
2020-02-12 00:00:00-05:00,6.720231000027536,6.789671124211894,6.681404401745411,6.783199787139893,374644000
2020-02-13 00:00:00-05:00,6.725209661914307,6.806596039520202,6.697831801359208,6.739396095275879,528016000
2020-02-14 00:00:00-05:00,7.149563729349154,7.3414565446723685,7.118203946999055,7.2125325202941895,1041924000
2020-02-18 00:00:00-05:00,7.109243562917757,7.3996965714360154,7.089830500246091,7.3812785148620605,620164000
2020-02-19 00:00:00-05:00,7.50373169839315,7.850184182869734,7.50373169839315,7.832512855529785,694332000
2020-02-20 00:00:00-05:00,7.784478228486057,7.8728334470144254,7.3758036554537405,7.683180809020996,810052000
2020-02-21 00:00:00-05:00,7.570931672861622,7.596069343806653,7.234185718205437,7.319056510925293,768180000
2020-02-24 00:00:00-05:00,6.724711623637992,7.015413401615063,6.670205129276669,6.8016180992126465,856916000
2020-02-25 00:00:00-05:00,6.876781729497486,6.938755036778845,6.420320797299767,6.522116184234619,1055496000
2020-02-26 00:00:00-05:00,6.522364777496906,6.855626291029535,6.520871793715685,6.661493301391602,747732000
2020-02-27 00:00:00-05:00,6.347956450769954,6.649291628111661,6.1982851759293744,6.290678024291992,906416000
2020-02-28 00:00:00-05:00,6.038153822353874,6.785265150014575,6.021468476636293,6.72574520111084,1133252000
2020-03-02 00:00:00-05:00,6.895837826861566,6.913021448545588,6.499868777188003,6.8841328620910645,890744000
2020-03-03 00:00:00-05:00,6.939917228179043,6.999686077057141,6.5362280041934895,6.621647834777832,652792000
2020-03-04 00:00:00-05:00,6.728982764642871,7.094818241686137,6.654271347325983,7.085354804992676,597408000
2020-03-05 00:00:00-05:00,6.885876083361158,7.052730968165958,6.761357526790429,6.805935382843018,540328000
2020-03-06 00:00:00-05:00,6.626378976418261,6.683906769581396,6.42515686299559,6.625382900238037,515412000
2020-03-09 00:00:00-04:00,5.974399445452702,6.460021937653119,5.931565322628148,6.112366199493408,614160000
2020-03-10 00:00:00-04:00,6.388799061962937,6.501862049102783,6.126065260185184,6.501862049102783,580648000
2020-03-11 00:00:00-04:00,6.36190107562578,6.390291382312683,6.04089239234254,6.138016700744629,499964000
2020-03-12 00:00:00-04:00,5.614791586437089,5.880265190226763,5.374221793181292,5.386922836303711,816540000
2020-03-13 00:00:00-04:00,5.740304950543586,6.002291990483821,5.469103849526931,5.997809410095215,634836000
2020-03-16 00:00:00-04:00,5.289797356213266,5.630729524713613,4.8313201098048415,4.891088962554932,726972000
2020-03-17 00:00:00-04:00,5.003404879250918,5.500234162523847,4.756609277259598,5.410829544067383,833632000
2020-03-18 00:00:00-04:00,4.983232149697851,5.228284456212011,4.499602269107652,5.050970077514648,874268000
2020-03-19 00:00:00-04:00,5.029553985292051,5.3973821461499005,4.816129538877679,5.303744316101074,765512000
2020-03-20 00:00:00-04:00,5.453912435431713,5.7358224271216045,5.108498191771292,5.12393856048584,804636000
2020-03-23 00:00:00-04:00,5.12294220354484,5.391155563804582,4.943884554727425,5.296770095825195,643876000
2020-03-24 00:00:00-04:00,5.702949978590255,6.292172088354584,5.679291623084315,6.205506801605225,1101644000
2020-03-25 00:00:00-04:00,6.320562481748163,6.520290281878685,6.068038833889912,6.11685037612915,793432000
2020-03-26 00:00:00-04:00,6.324047752504339,6.530250721317108,6.22592736148756,6.406230449676514,696108000
2020-03-27 00:00:00-04:00,6.225926544778391,6.552663238248432,6.193053660221969,6.293913841247559,638828000
2020-03-30 00:00:00-04:00,6.359411144117115,6.623390809349524,6.315331566479305,6.614176273345947,602252000
2020-03-31 00:00:00-04:00,6.654270660343303,6.8584814665930685,6.418930693842656,6.56461763381958,949960000
2020-04-01 00:00:00-04:00,6.366634237437696,6.5130679036251715,6.008767820198306,6.053345203399658,656912000
2020-04-02 00:00:00-04:00,6.082482203239504,6.37534998710841,6.034418319343871,6.362151145935059,675764000
2020-04-03 00:00:00-04:00,6.32454562778288,6.366134774325188,5.936795093852247,6.074263572692871,663212000
2020-04-06 00:00:00-04:00,6.356424021308141,6.721014570109314,6.298896217603588,6.684156894683838,727884000
2020-04-07 00:00:00-04:00,6.905798751803751,6.929457580587798,6.407724545831599,6.450808048248291,784520000
2020-04-08 00:00:00-04:00,6.5598868511017985,6.672949824346146,6.489907384347088,6.648046016693115,542444000
2020-04-09 00:00:00-04:00,6.773808691907886,6.796719867417018,6.485423520821996,6.5484299659729,525564000
2020-04-13 00:00:00-04:00,6.488661761554823,6.728982602723563,6.40025370444109,6.720266342163086,398408000
2020-04-14 00:00:00-04:00,6.848519962641627,7.1055261364577325,6.820876830501493,7.071408271789551,530948000
2020-04-15 00:00:00-04:00,6.903308409949775,7.076887398298058,6.85798385424075,6.993957996368408,366148000
2020-04-16 00:00:00-04:00,7.149357193306703,7.4462092792659,7.136158352257488,7.339123249053955,745620000
2020-04-17 00:00:00-04:00,7.421305667821515,7.442722969423419,7.145870875710724,7.279852867126465,539120000
2020-04-20 00:00:00-04:00,7.153340639411374,7.309237699908426,7.104280213903342,7.148608684539795,449388000
2020-04-21 00:00:00-04:00,7.030567313176255,7.091830043239888,6.6520307684707305,6.711799621582031,735160000
2020-04-22 00:00:00-04:00,6.904053861368336,7.169029545867789,6.858480416736755,7.126194953918457,483356000
2020-04-23 00:00:00-04:00,7.168284705768839,7.30027407803628,7.047750448452174,7.072903156280518,424160000
2020-04-24 00:00:00-04:00,7.062693843490144,7.213859008454275,6.987982412246898,7.211866855621338,352328000
2020-04-27 00:00:00-04:00,7.346345919337004,7.558276460300396,7.321691013396195,7.398394584655762,479388000
2020-04-28 00:00:00-04:00,7.545823797580013,7.575708458016222,7.250466072354914,7.255944728851318,442904000
2020-04-29 00:00:00-04:00,7.390674242239296,7.485557509288624,7.315465024460151,7.4327616691589355,379160000
2020-04-30 00:00:00-04:00,7.378720886218428,7.432762181610397,7.264911212974627,7.278857231140137,375916000
2020-05-01 00:00:00-04:00,7.081370339120892,7.194682209159556,6.993958352233958,7.042271614074707,342096000
2020-05-04 00:00:00-04:00,6.994955086490344,7.26789996153307,6.994955086490344,7.254202842712402,317556000
2020-05-05 00:00:00-04:00,7.358301006186507,7.47783872605027,7.254203183262924,7.3152174949646,368896000
2020-05-06 00:00:00-04:00,7.394658405012081,7.520920200232866,7.3568046614743645,7.416075229644775,323464000
2020-05-07 00:00:00-04:00,7.555288254782303,7.655650187350407,7.5039867620181475,7.592394828796387,373732000
2020-05-08 00:00:00-04:00,7.664115537247825,7.7886340690471405,7.630246576398495,7.782408237457275,339216000
2020-05-11 00:00:00-04:00,7.777428609621731,8.081254179162244,7.748789399788098,8.034435272216797,469060000
2020-05-12 00:00:00-04:00,8.0922103251852,8.141021377512672,7.762734296973227,7.772446632385254,493060000
2020-05-13 00:00:00-04:00,7.887004539698094,8.047384199025768,7.5654975701834575,7.750034332275391,625852000
2020-05-14 00:00:00-04:00,7.811546622111351,8.005048549316195,7.657890591692506,7.999569892883301,602312000
2020-05-15 00:00:00-04:00,7.859362333253121,8.467759729126763,7.843673063373936,8.458047866821289,987660000
2020-05-18 00:00:00-04:00,8.726758578966196,8.882157876251767,8.647066777794294,8.716547966003418,774460000
2020-05-19 00:00:00-04:00,8.756392090923336,9.052496956794625,8.72899786170041,8.771583557128906,717320000
2020-05-20 00:00:00-04:00,8.956370532987304,9.008170295929782,8.854514259220592,8.93545150756836,587536000
2020-05-21 00:00:00-04:00,9.016638115500731,9.01763371676121,8.703847369492491,8.74145221710205,761068000
2020-05-22 00:00:00-04:00,8.79125766258948,9.057977113329207,8.679689536790752,8.991483688354492,1038764000
2020-05-26 00:00:00-04:00,9.121479919777565,9.14638419522325,8.63859727639723,8.684170722961426,770780000
2020-05-27 00:00:00-04:00,8.591779842948718,8.599499552152,7.96594949684625,8.492414474487305,1175892000
2020-05-28 00:00:00-04:00,8.379850276661402,8.726759399702443,8.346977381836325,8.454313278198242,734896000
2020-05-29 00:00:00-04:00,8.52155059993802,8.841314315795898,8.452318320725862,8.841314315795898,745256000
2020-06-01 00:00:00-04:00,8.79922862608752,8.80669943570371,8.656032091769491,8.772332191467285,389876000
2020-06-02 00:00:00-04:00,8.762370225061078,8.80321172202104,8.624652366711704,8.791257858276367,391320000
2020-06-03 00:00:00-04:00,8.78827378895418,8.832104007724556,8.666494047879652,8.735726356506348,365440000
2020-06-04 00:00:00-04:00,8.698350089058458,8.912868885632555,8.64802172457108,8.736720085144043,424280000
2020-06-05 00:00:00-04:00,8.764627457920183,8.966439003761172,8.678421111229705,8.889700889587402,481748000
2020-06-08 00:00:00-04:00,8.847092279963228,8.859549625376184,8.656243125037443,8.7750883102417,387736000
2020-06-09 00:00:00-04:00,8.770107485305786,9.078804900685602,8.72152316013126,9.015271186828613,468488000
2020-06-10 00:00:00-04:00,9.136608893327915,9.467729932825609,9.122406545684292,9.334932327270508,632180000
2020-06-11 00:00:00-04:00,9.11891841421048,9.229790438271351,8.756155499817682,8.76637077331543,583652000
2020-06-12 00:00:00-04:00,9.131377008933855,9.156042694305949,8.67368655031409,8.9021577835083,570908000
2020-06-15 00:00:00-04:00,8.785305919887975,9.151058886983924,8.714048022300092,9.142587661743164,400004000
2020-06-16 00:00:00-04:00,9.19366219211201,9.23527031783515,8.808723825272349,9.03769302368164,535716000
2020-06-17 00:00:00-04:00,9.082790811495686,9.2674108433434,9.039437684911618,9.204625129699707,408304000
2020-06-18 00:00:00-04:00,9.195656722193018,9.250968222748897,9.083538687223703,9.186687469482422,254408000
2020-06-19 00:00:00-04:00,9.211102283168469,9.41291375503679,9.195903884184563,9.229787826538086,524160000
2020-06-22 00:00:00-04:00,9.268407534142762,9.498871773981955,9.241747842834549,9.494386672973633,398468000
2020-06-23 00:00:00-04:00,9.518555877885476,9.609745343124262,9.375543956112791,9.417899131774902,375108000
2020-06-24 00:00:00-04:00,9.444058844499436,9.52403697253175,9.113435883941849,9.204127311706543,449372000
2020-06-25 00:00:00-04:00,9.323969070455242,9.47271210611004,9.151058380419418,9.457762718200684,376072000
2020-06-26 00:00:00-04:00,9.467728722723272,9.467728722723272,9.094002588931565,9.123900413513184,592084000
2020-06-29 00:00:00-04:00,9.138602963610374,9.173234911716186,8.869768640938407,9.168749809265137,342248000
2020-06-30 00:00:00-04:00,9.282360571198074,9.49388931691423,9.23502227034489,9.465486526489258,367892000
2020-07-01 00:00:00-04:00,9.488407085889033,9.543220549413103,9.381023184467141,9.497625350952148,326648000
2020-07-02 00:00:00-04:00,9.606257171832585,9.70442282760441,9.54571352620814,9.579598426818848,364056000
2020-07-06 00:00:00-04:00,9.70865565322955,9.87508814798096,9.67950487517596,9.805824279785156,315892000
2020-07-07 00:00:00-04:00,9.912461876354557,10.035791223092337,9.817286303933148,9.838214874267578,357800000
2020-07-08 00:00:00-04:00,9.959800403312192,10.190265597048889,9.931646628346138,10.181295394897461,365480000
2020-07-09 00:00:00-04:00,10.344989389421626,10.534094547843514,10.198737434711537,10.473301887512207,494548000
2020-07-10 00:00:00-04:00,10.552778188008505,10.619051987810868,10.34349155398756,10.443650245666504,497676000
2020-07-13 00:00:00-04:00,10.559010299091566,10.755589678607524,9.990945875656424,10.01810359954834,457076000
2020-07-14 00:00:00-04:00,10.040775965444766,10.36741283425982,9.752259134498587,10.341750144958496,542676000
2020-07-15 00:00:00-04:00,10.378874713712495,10.397560262402386,10.021592005891517,10.192509651184082,403984000
2020-07-16 00:00:00-04:00,9.98097666287965,10.17207481017526,9.861882477213014,10.100319862365723,344964000
2020-07-17 00:00:00-04:00,10.190764916562662,10.21368655172987,10.05348316903242,10.16684627532959,266284000
2020-07-20 00:00:00-04:00,10.239346001812972,10.495472882331699,10.122244872636653,10.475042343139648,284852000
2020-07-21 00:00:00-04:00,10.477288085807832,10.524129314223586,10.251806935143245,10.293415069580078,277036000
2020-07-22 00:00:00-04:00,10.332282816609865,10.566484200079644,10.256540769041845,10.403290748596191,367292000
2020-07-23 00:00:00-04:00,10.414500470016959,10.51117107626877,9.99717318149924,10.095338821411133,411660000
2020-07-24 00:00:00-04:00,9.841456415367006,10.329542732168397,9.743789729394129,10.159871101379395,473292000
2020-07-27 00:00:00-04:00,10.197491742615112,10.406279442311487,10.183040382548999,10.386098861694336,292132000
2020-07-28 00:00:00-04:00,10.339010768533832,10.346734002040979,10.17457128474858,10.18079948425293,271636000
2020-07-29 00:00:00-04:00,10.355451837217872,10.48052523133756,10.311850649072026,10.429947853088379,284508000
2020-07-30 00:00:00-04:00,10.339753518235089,10.586911144390022,10.260274388194826,10.57794189453125,308880000
2020-07-31 00:00:00-04:00,10.527366109282356,10.729926548729097,10.397558592820966,10.578691482543945,386080000
2020-08-03 00:00:00-04:00,10.696040518876066,11.061046362827819,10.678849058314825,10.972846984863281,412720000
2020-08-04 00:00:00-04:00,11.012462764883185,11.189608573913574,10.868951887154713,11.189608573913574,310336000
2020-08-05 00:00:00-04:00,11.205803183965019,11.33311864646592,11.128317104973485,11.248407363891602,249924000
2020-08-06 00:00:00-04:00,11.31119465090716,11.31941686149948,11.14077600653465,11.296993255615234,244316000
2020-08-07 00:00:00-04:00,11.274072170779698,11.465669360906174,11.000006708128012,11.161456108093262,342516000
2020-08-10 00:00:00-04:00,11.295746908671116,11.369494930465923,10.819619095924214,11.127071380615234,427796000
2020-08-11 00:00:00-04:00,11.036132831528473,11.09891950188312,10.759077298686691,10.813143730163574,354512000
2020-08-12 00:00:00-04:00,10.953415024322775,11.428046911514224,10.92102515984254,11.401388168334961,464412000
2020-08-13 00:00:00-04:00,11.50677883510985,11.681932558558554,11.317175651807057,11.404129028320312,374460000
2020-08-14 00:00:00-04:00,11.490830531488667,11.664987205522486,11.401635101541704,11.524715423583984,366436000
2020-08-17 00:00:00-04:00,11.810990587312567,12.367593632314799,11.777106641549244,12.295090675354004,621300000
2020-08-18 00:00:00-04:00,12.407707107828923,12.453551324655562,12.045193262326693,12.219099998474121,503448000
2020-08-19 00:00:00-04:00,12.254730435791068,12.273166969973811,12.056904085940626,12.097267150878906,622624000
2020-08-20 00:00:00-04:00,11.934320736199705,12.33296153702045,11.838397169779482,12.099756240844727,921388000
2020-08-21 00:00:00-04:00,12.160300263755312,12.765238624874097,12.153822101047279,12.640414237976074,999868000
2020-08-24 00:00:00-04:00,12.839982599940852,12.868635351563046,12.46501049196165,12.677038192749023,490564000
2020-08-25 00:00:00-04:00,12.587842725979177,12.717899254502674,12.531036196749055,12.706687927246094,289076000
2020-08-26 00:00:00-04:00,12.75577020332935,12.82478506539273,12.634682927368807,12.729609489440918,321244000
2020-08-27 00:00:00-04:00,12.738080129802974,12.806347947098887,12.523810349181772,12.58535099029541,317604000
2020-08-28 00:00:00-04:00,12.631943630422956,13.103336439127528,12.599553765736271,13.103087425231934,537160000
2020-08-31 00:00:00-04:00,13.137969018429313,13.52888663787732,12.993462065874187,13.329068183898926,500840000
2020-09-01 00:00:00-04:00,13.438230466425214,13.950388638667718,13.394865308601656,13.77817440032959,511316000
2020-09-02 00:00:00-04:00,14.658184187185185,14.681113627395069,13.856924891107246,14.302042007446289,874012000
2020-09-03 00:00:00-04:00,13.785896742009523,13.841473875875945,12.838840818617765,12.975167274475098,945128000
2020-09-04 00:00:00-04:00,12.744135910810883,13.13417413255134,11.668479943380701,12.583386421203613,1463684000
2020-09-08 00:00:00-04:00,11.69813540641528,12.511108478488532,11.667979552490435,11.876082420349121,795728000
2020-09-09 00:00:00-04:00,12.361574683143147,12.769556763892693,12.193845970090976,12.675599098205566,736200000
2020-09-10 00:00:00-04:00,12.949000007051318,13.024764716550926,12.12929757251727,12.273599624633789,698684000
2020-09-11 00:00:00-04:00,12.446808743019314,12.613291040493863,11.858886043297618,12.126803398132324,636928000
2020-09-14 00:00:00-04:00,13.040466040853438,13.273740196264075,12.592109741002641,12.832362174987793,1201744000
2020-09-15 00:00:00-04:00,13.238846706255323,13.2575387925387,12.787998642925388,12.950742721557617,727556000
2020-09-16 00:00:00-04:00,12.917096438036799,13.05217649163563,12.474971233114562,12.47571849822998,556384000
2020-09-17 00:00:00-04:00,12.094654408006981,12.55073716303664,11.99745669318927,12.424878120422363,792512000
2020-09-18 00:00:00-04:00,12.554724352386739,12.593353969240907,11.951599589222688,12.151477813720703,698460000
2020-09-21 00:00:00-04:00,11.888048492398234,12.483696882052305,11.867611832694848,12.478463172912598,721044000
2020-09-22 00:00:00-04:00,12.536032575534035,12.608806318519358,12.11783311712791,12.598587989807129,646452000
2020-09-23 00:00:00-04:00,12.536530607405997,12.68756183930577,12.0418191842963,12.086180686950684,647012000
2020-09-24 00:00:00-04:00,12.034840589809768,12.530549304190643,11.97677067037228,12.309735298156738,731240000
2020-09-25 00:00:00-04:00,12.408927017578229,12.843575780040306,12.207802412776056,12.833855628967285,588016000
2020-09-28 00:00:00-04:00,12.999839726157738,13.011304446570705,12.710489349429492,12.994606018066406,573808000
2020-09-29 00:00:00-04:00,12.89740814672181,13.401092411141748,12.893171742914559,13.184764862060547,621460000
2020-09-30 00:00:00-04:00,13.116726900529311,13.580286078672284,13.109499534654345,13.488571166992188,689184000
2020-10-01 00:00:00-04:00,13.715368977733345,13.720103559358423,13.419039309717103,13.57231330871582,525004000
2020-10-02 00:00:00-04:00,13.184017327139697,13.477604097994039,13.010555799305992,13.021771430969238,552496000
2020-10-05 00:00:00-04:00,13.194984295527707,13.601969064421914,13.18177500481166,13.600224494934082,479820000
2020-10-06 00:00:00-04:00,13.787142928368265,14.098176363229637,13.622654275454853,13.69393253326416,784420000
2020-10-07 00:00:00-04:00,13.956364466280393,14.075494291699513,13.820536214991103,13.920724868774414,418084000
2020-10-08 00:00:00-04:00,14.031383838958014,14.040854902094079,13.71536672951191,13.795866012573242,378900000
2020-10-09 00:00:00-04:00,13.724338711308537,13.781411326549797,13.618418151320464,13.720101356506348,346892000
2020-10-12 00:00:00-04:00,13.946150254972267,14.302542532312062,13.869389192426144,14.181917190551758,434744000
2020-10-13 00:00:00-04:00,14.25219938609199,14.304038298400052,13.97531003975401,14.20409870147705,344604000
2020-10-14 00:00:00-04:00,14.246215398362194,14.298303391544927,13.916739922173088,14.051570892333984,276100000
2020-10-15 00:00:00-04:00,13.767953352964803,13.962348784110764,13.725086380494536,13.92671012878418,267224000
2020-10-16 00:00:00-04:00,13.99325283964249,14.07774039175941,13.749759423521498,13.76870059967041,242392000
2020-10-19 00:00:00-04:00,13.859918842046525,13.940169047931054,13.365206413030409,13.455924987792969,298068000
2020-10-20 00:00:00-04:00,13.54140612135768,13.756986404471803,13.4651432473735,13.603214263916016,229212000
2020-10-21 00:00:00-04:00,13.582778214685826,13.748762347991198,13.435735256534779,13.48283863067627,219596000
2020-10-22 00:00:00-04:00,13.480596768269912,13.569569814147943,13.190747236945244,13.319597244262695,290480000
2020-10-23 00:00:00-04:00,13.408321110787174,13.55112767335209,13.250063461704105,13.548136711120605,233484000
2020-10-26 00:00:00-04:00,13.385391699339385,13.650318109771362,12.998095392130589,13.100526809692383,336896000
2020-10-27 00:00:00-04:00,13.264766581144487,13.400345770075305,13.150621352779737,13.355236053466797,250520000
2020-10-28 00:00:00-04:00,13.157102246605223,13.218910396008537,12.569927679431007,12.587871551513672,376520000
2020-10-29 00:00:00-04:00,12.79871442390701,13.151866582703395,12.710488656298974,12.98363971710205,320080000
2020-10-30 00:00:00-04:00,12.810180868510429,12.896412039377154,12.261885015446573,12.495160102844238,416820000
2020-11-02 00:00:00-05:00,12.61852723013102,12.796972459300246,12.356591747437816,12.541766166687012,299652000
2020-11-03 00:00:00-05:00,12.669118451633498,13.064389401209851,12.563696069043367,12.979154586791992,272900000
2020-11-04 00:00:00-05:00,13.347758298035835,13.784650759606524,13.295670305102623,13.751502990722656,410228000
2020-11-05 00:00:00-05:00,14.11861312375407,14.294565548026274,13.947644368672051,14.116120338439941,319028000
2020-11-06 00:00:00-05:00,14.06602622889892,14.543541985718917,13.851942362045998,14.516875267028809,383348000
2020-11-09 00:00:00-05:00,14.507404247847195,14.64597345153763,13.568572984005263,13.588510513305664,582976000
2020-11-10 00:00:00-05:00,13.56433576054012,13.56433576054012,12.589117616865419,12.730428695678711,644068000
2020-11-11 00:00:00-05:00,13.0133004455934,13.39336944833699,12.908127137369895,13.376421928405762,404744000
2020-11-12 00:00:00-05:00,13.437229823328828,13.7233401382559,13.274734839904484,13.415048599243164,365812000
2020-11-13 00:00:00-05:00,13.585022871744126,13.626394366697403,13.018783096702379,13.255796432495117,346312000
2020-11-16 00:00:00-05:00,13.131679294091388,13.6072013508254,13.115230905233268,13.473367691040039,413776000
2020-11-17 00:00:00-05:00,13.510501631287235,13.554115863305508,13.262522754338525,13.380655288696289,312028000
2020-11-18 00:00:00-05:00,13.423524285055443,13.563588976140519,13.144143118815265,13.387137413024902,510924000
2020-11-19 00:00:00-05:00,13.171807488212886,13.445705864591876,13.059406818491132,13.398602485656738,565936000
2020-11-20 00:00:00-05:00,13.412308613334746,13.452682798283654,13.024513174097109,13.04719352722168,341088000
2020-11-23 00:00:00-05:00,13.130435427576792,13.341030162070899,12.975167790038975,13.099282264709473,361356000
2020-11-24 00:00:00-05:00,13.101772950564769,13.121212301922567,12.845071215277615,12.917595863342285,346500000
2020-11-25 00:00:00-05:00,12.99211612616632,13.228381241455414,12.979655050378856,13.19373893737793,259916000
2020-11-27 00:00:00-05:00,13.333552723080512,13.365952276272498,13.129686242574325,13.220154762268066,167276000
2020-11-30 00:00:00-05:00,13.223895571225766,13.370938545272066,12.932052369557857,13.35997200012207,286952000
2020-12-01 00:00:00-05:00,13.450441131335312,13.486828003601703,13.187258315377758,13.34850788116455,296948000
2020-12-02 00:00:00-05:00,13.309130061070027,13.631129114745079,13.193240254326906,13.50252914428711,283360000
2020-12-03 00:00:00-05:00,13.549395446698242,13.621692359204236,13.29162122454906,13.35843276977539,199520000
2020-12-04 00:00:00-05:00,13.410786363398698,13.521974424507142,13.351204314555789,13.52022933959961,202244000
2020-12-07 00:00:00-05:00,13.563104795107039,13.692740322363703,13.462139056503176,13.568589210510254,223244000
2020-12-08 00:00:00-05:00,13.54690261860404,13.560614134542899,13.244253571098817,13.312561988830566,271920000
2020-12-09 00:00:00-05:00,13.263203433543586,13.376384805917994,12.83216550084226,12.894490242004395,401300000
2020-12-10 00:00:00-05:00,12.832913961572821,13.032103781438378,12.81346791192631,12.935873985290527,207764000
2020-12-11 00:00:00-05:00,12.930884618613915,12.98348727275227,12.787039235846656,12.97675609588623,209264000
2020-12-14 00:00:00-05:00,13.051297307239059,13.351203686233916,13.040826798286616,13.271428108215332,270156000
2020-12-15 00:00:00-05:00,13.40206047490147,13.426242500782983,13.149770658003526,13.323033332824707,193016000
2020-12-16 00:00:00-05:00,13.38485880478983,13.399567920519228,13.175447671879173,13.205364227294922,223116000
2020-12-17 00:00:00-05:00,13.329264657179316,13.341979525513967,13.141542987766448,13.303836822509766,231384000
2020-12-18 00:00:00-05:00,13.34147963972401,13.367406748141065,13.03384545910226,13.234780311584473,342064000
2020-12-21 00:00:00-05:00,13.038084209341594,13.332506174025465,12.931134759264241,13.294861793518066,302332000
2020-12-22 00:00:00-05:00,13.281900828983206,13.29985000417647,13.017394426398772,13.241015434265137,185580000
2020-12-23 00:00:00-05:00,13.218826718555903,13.237773491477867,12.96853112758679,12.972768783569336,179144000
2020-12-24 00:00:00-05:00,13.000689591227811,13.095672613802039,12.902466511804553,12.957311630249023,97884000
2020-12-28 00:00:00-05:00,13.025866637699117,13.025866637699117,12.727456224694288,12.863821983337402,212564000
2020-12-29 00:00:00-05:00,12.888753571154453,13.035839963058338,12.806235314111813,12.906951904296875,170372000
2020-12-30 00:00:00-05:00,12.953821418799093,13.176694914698261,12.860584432443018,13.108885765075684,225396000
2020-12-31 00:00:00-05:00,13.099661201740249,13.114120204120733,12.87878196648037,13.018389701843262,192424000
2021-01-04 00:00:00-05:00,13.06750411712759,13.614216958333115,12.926151265819977,13.076727867126465,560640000
2021-01-05 00:00:00-05:00,13.063014829846537,13.405800875139692,13.050300910946934,13.367159843444824,322760000
2021-01-06 00:00:00-05:00,13.185422201120657,13.207859146171348,12.550707625109041,12.579127311706543,580424000
2021-01-07 00:00:00-05:00,12.931133417291425,13.340233565879808,12.850361199167793,13.306577682495117,461480000
2021-01-08 00:00:00-05:00,13.325028278582424,13.38336356753175,13.005426670817448,13.239518165588379,292528000
2021-01-11 00:00:00-05:00,13.381121785070473,13.921851872787192,13.325029898224379,13.583303451538086,518344000
2021-01-12 00:00:00-05:00,13.713935584653367,13.715930782812478,13.307578958247403,13.44693660736084,291476000
2021-01-13 00:00:00-05:00,13.45217109900996,13.586792760102355,13.347465996604777,13.493803977966309,210028000
2021-01-14 00:00:00-05:00,13.536929103411671,13.561609449275576,13.143535688218217,13.163229942321777,283120000
2021-01-15 00:00:00-05:00,13.190905033846901,13.287882305059432,12.812469810724464,12.82343864440918,277780000
2021-01-19 00:00:00-05:00,12.979748217546279,13.057280388815155,12.807981463243154,12.988723754882812,226188000
2021-01-20 00:00:00-05:00,13.074980630078048,13.392837146187576,13.020135512164993,13.328269004821777,258572000
2021-01-21 00:00:00-05:00,13.380870156744221,13.959992011036567,13.215834583904515,13.828611373901367,337780000
2021-01-22 00:00:00-05:00,13.701468596467407,13.802933631043508,13.589034728801968,13.67404556274414,246820000
2021-01-25 00:00:00-05:00,13.74310221612875,13.789721185785888,13.19938129579068,13.614962577819824,251112000
2021-01-26 00:00:00-05:00,13.542415511367036,13.606485325863583,13.34995690590269,13.397573471069336,163980000
2021-01-27 00:00:00-05:00,13.19289858121172,13.19564126498745,12.75787222578399,12.881525039672852,371272000
2021-01-28 00:00:00-05:00,12.959803578675862,13.302340407127636,12.924153447665297,13.014399528503418,228316000
2021-01-29 00:00:00-05:00,13.03833420279187,13.297356163278318,12.875292865521274,12.953323364257812,271552000
2021-02-01 00:00:00-05:00,13.01664572884835,13.2335355380806,12.866567471839382,13.199880599975586,217204000
2021-02-02 00:00:00-05:00,13.3611770550748,13.533940468097438,13.248243904367374,13.518733978271484,220440000
2021-02-03 00:00:00-05:00,13.597759985933012,13.89268122482267,13.478595893291107,13.49255657196045,245408000
2021-02-04 00:00:00-05:00,13.493056121081358,13.6351564424398,13.300348334951398,13.625932693481445,201340000
2021-02-05 00:00:00-05:00,13.68651004246619,13.698725635356672,13.507762015334324,13.552885055541992,169152000
2021-02-08 00:00:00-05:00,13.688755187120892,14.43316181497627,13.688755187120892,14.398260116577148,434624000
2021-02-09 00:00:00-05:00,14.300535315470242,14.542355599688753,14.182617019413179,14.22325325012207,287560000
2021-02-10 00:00:00-05:00,14.422690490908412,14.863201253824297,14.301282039333971,14.722846031188965,485352000
2021-02-11 00:00:00-05:00,14.938243265667598,15.22942426691182,14.883148028404765,15.20798397064209,450828000
2021-02-12 00:00:00-05:00,15.007796320212169,15.248369834422629,14.733566916671759,14.919295310974121,374756000
2021-02-16 00:00:00-05:00,15.022007126465724,15.329393164082736,14.908077321418702,15.287261009216309,321960000
2021-02-17 00:00:00-05:00,15.128455897288585,15.180809395697596,14.738552573585007,14.8641996383667,274756000
2021-02-18 00:00:00-05:00,14.687695554072727,14.83154095008502,14.53412713480313,14.787415504455566,233868000
2021-02-19 00:00:00-05:00,14.982369277805347,15.134441800500714,14.805118076676864,14.884644508361816,271724000
2021-02-22 00:00:00-05:00,14.7333173121364,15.090812459281109,14.284828587536415,14.315492630004883,325884000
2021-02-23 00:00:00-05:00,14.03578021297403,14.198822514035365,13.351953168163426,14.102343559265137,391780000
2021-02-24 00:00:00-05:00,14.083145503096832,14.466068467380678,13.717423274073871,14.45833969116211,448320000
2021-02-25 00:00:00-05:00,14.006113004928865,14.334440047309721,13.17918902800684,13.270182609558105,824436000
2021-02-26 00:00:00-05:00,13.713933240960111,13.815647436688753,13.323531609545643,13.676040649414062,500932000
2021-03-01 00:00:00-05:00,13.836090305328044,13.885950280412095,13.515242901527062,13.802933692932129,353184000
2021-03-02 00:00:00-05:00,13.861021202997064,13.881463899435085,13.358434810228255,13.368656158447266,264116000
2021-03-03 00:00:00-05:00,13.388597869897936,13.413776541433187,12.762857098855966,12.768840789794922,377592000
2021-03-04 00:00:00-05:00,12.764850650112173,12.93861257483422,12.049861436846417,12.33555793762207,573344000
2021-03-05 00:00:00-05:00,12.514805563806275,12.514805563806275,11.646497027872458,12.426553726196289,542840000
2021-03-08 00:00:00-05:00,12.41508648345778,12.436276664198935,11.534063968796627,11.560739517211914,543112000
2021-03-09 00:00:00-05:00,12.100409513789169,12.585712508751332,12.029584075134197,12.489450454711914,521824000
2021-03-10 00:00:00-05:00,12.808908136648236,12.948064587112308,12.426851017693846,12.43757438659668,384376000
2021-03-11 00:00:00-05:00,12.91814061708739,13.014154358534435,12.703170905345067,12.961533546447754,299916000
2021-03-12 00:00:00-05:00,12.617131191017778,12.85703993891022,12.559025028379843,12.824370384216309,243964000
2021-03-15 00:00:00-04:00,12.833102427316174,13.17426110970681,12.73584243101685,13.158799171447754,221988000
2021-03-16 00:00:00-04:00,13.323641474792712,13.479257837675465,13.084481372803003,13.258552551269531,272128000
2021-03-17 00:00:00-04:00,13.007671116067991,13.420153700648893,12.957544682409727,13.308429718017578,243864000
2021-03-18 00:00:00-04:00,13.104184222736647,13.151567029011133,12.685715853663865,12.691202163696289,293896000
2021-03-19 00:00:00-04:00,12.718634595532432,12.889712905578849,12.581473040159986,12.814148902893066,299208000
2021-03-22 00:00:00-04:00,12.880982909051182,13.361547266325193,12.874997152443814,13.153809547424316,297804000
2021-03-23 00:00:00-04:00,13.221643113543065,13.311671106919352,12.989216509091099,13.038595199584961,222048000
2021-03-24 00:00:00-04:00,13.118897393362214,13.126878086028931,12.605663414562246,12.611897468566895,245840000
2021-03-25 00:00:00-04:00,12.468751160231504,12.683471654533125,12.241810854541152,12.504412651062012,295144000
2021-03-26 00:00:00-04:00,12.523611645459681,12.824619429098066,12.343057205394018,12.807661056518555,363968000
2021-03-29 00:00:00-04:00,12.78871077199155,13.03036526004874,12.66875684725543,12.916396141052246,273520000
2021-03-30 00:00:00-04:00,12.81040644183664,12.943328859463614,12.673743402077953,12.840083122253418,200204000
2021-03-31 00:00:00-04:00,12.98347986602582,13.437360417469511,12.950561058891067,13.315411567687988,314776000
2021-04-01 00:00:00-04:00,13.538862038226707,13.835879080768066,13.47801127894021,13.777772903442383,308276000
2021-04-05 00:00:00-04:00,13.83338314774415,13.97952235961436,13.699213545574432,13.95308780670166,255672000
2021-04-06 00:00:00-04:00,13.965311422908092,14.01967698259922,13.739618291490467,13.827401161193848,191744000
2021-04-07 00:00:00-04:00,13.846599423020441,14.208457016295897,13.677766286592616,14.10870361328125,251284000
2021-04-08 00:00:00-04:00,14.217687357595498,14.435899213055192,14.213945783814793,14.281779289245605,244416000
2021-04-09 00:00:00-04:00,14.17903119573097,14.372554170430043,14.140127582945142,14.36457347869873,195172000
2021-04-12 00:00:00-04:00,14.254596927138556,15.314732396380426,14.104466864397924,15.171585083007812,869324000
2021-04-13 00:00:00-04:00,15.194027608780681,15.661375156600382,15.088537687934439,15.640925407409668,676212000
2021-04-14 00:00:00-04:00,15.586559550551417,15.681824594913762,15.190037437532265,15.239416122436523,385500000
2021-04-15 00:00:00-04:00,15.623968769706602,16.174361581809492,15.593044896398382,16.097551345825195,598480000
2021-04-16 00:00:00-04:00,16.01350839262557,16.125982027135557,15.826220403097025,15.8733549118042,335208000
2021-04-19 00:00:00-04:00,15.498276894788122,15.768610086032313,15.195523394059228,15.323956489562988,404420000
2021-04-20 00:00:00-04:00,15.285550956429873,15.458873413755898,14.92618773708497,15.133925437927246,334132000
2021-04-21 00:00:00-04:00,15.081552204077964,15.324703064581119,15.065093279320969,15.322708129882812,216776000
2021-04-22 00:00:00-04:00,15.337175698398932,15.400519884321316,14.747130576116172,14.813716888427734,277788000
2021-04-23 00:00:00-04:00,14.897510379080412,15.29727466051768,14.863594577488568,15.227696418762207,227500000
2021-04-26 00:00:00-04:00,15.147643871309407,15.440920276031514,15.087791058443576,15.439922332763672,197796000
2021-04-27 00:00:00-04:00,15.540175890217878,15.631949573137733,15.31672696447076,15.343910217285156,164572000
2021-04-28 00:00:00-04:00,15.32670081394069,15.494038478671104,15.17806721134971,15.239166259765625,209416000
2021-04-29 00:00:00-04:00,15.362115759293001,15.398525946792525,15.034424071797295,15.2870512008667,173196000
2021-04-30 00:00:00-04:00,15.137169225880765,15.327199878603071,14.960105175895864,14.972574234008789,201912000
2021-05-03 00:00:00-04:00,15.087791869623961,15.20924223777968,14.7511225142215,14.800251007080078,203912000
2021-05-04 00:00:00-04:00,14.601242316550108,14.601491564558918,13.975784880945344,14.315945625305176,405324000
2021-05-05 00:00:00-04:00,14.67281322109117,14.77705690361153,14.352104335830429,14.422929763793945,292024000
2021-05-06 00:00:00-04:00,14.459589562260682,14.535402805545267,14.183022295182871,14.487271308898926,193380000
2021-05-07 00:00:00-04:00,14.771821324795141,14.933920995149085,14.635656764528989,14.775811195373535,229328000
2021-05-10 00:00:00-04:00,14.750872395980661,14.769576460567666,14.214944484231708,14.230655670166016,268904000
2021-05-11 00:00:00-04:00,13.790991164420195,14.31943788278962,13.716175850049229,14.27105712890625,285584000
2021-05-12 00:00:00-04:00,13.97503424774267,14.225167908494997,13.675523802229213,13.724652290344238,303408000
2021-05-13 00:00:00-04:00,13.999223099536502,14.046108350791599,13.42588717938681,13.631629943847656,285404000
2021-05-14 00:00:00-04:00,13.855829803441582,14.292752013541277,13.714677433186372,14.207961082458496,258616000
2021-05-17 00:00:00-04:00,14.122171332609264,14.134391142572785,13.819418762550056,14.130650520324707,216980000
2021-05-18 00:00:00-04:00,14.231902974365962,14.368815282209768,13.969549474724266,13.981270790100098,186256000
2021-05-19 00:00:00-04:00,13.533123876129947,14.044862298330735,13.509931447897435,14.031146049499512,344000000
2021-05-20 00:00:00-04:00,14.267313661284234,14.647626114558799,14.23539279664413,14.57655143737793,321592000
2021-05-21 00:00:00-04:00,15.126444143548222,15.184551264267617,14.83291851571383,14.954867362976074,672992000
2021-05-24 00:00:00-04:00,15.175076040317867,15.706266327666086,15.138665855139163,15.573594093322754,554816000
2021-05-25 00:00:00-04:00,15.727213823403543,15.779584439719866,15.444411543967227,15.609254837036133,435408000
2021-05-26 00:00:00-04:00,15.69554295501756,15.754896323009897,15.547907279022002,15.661376953125,370440000
2021-05-27 00:00:00-04:00,15.661128802147099,15.711255241190996,15.421968674803152,15.449899673461914,581476000
2021-05-28 00:00:00-04:00,15.46286124222777,16.23745046539361,15.46286124222777,16.204530715942383,644536000
2021-06-01 00:00:00-04:00,16.229976473614617,16.347935473642835,15.864127958324758,16.224489212036133,472804000
2021-06-02 00:00:00-04:00,16.212265926193794,16.87712625493025,16.195556800663763,16.736970901489258,594168000
2021-06-03 00:00:00-04:00,16.659665958022718,17.21654307093119,16.54220545944608,16.928003311157227,580008000
2021-06-04 00:00:00-04:00,17.070401602049834,17.617552324507795,17.053445127711075,17.53500747680664,617120000
2021-06-07 00:00:00-04:00,17.528020079725916,17.768675615133215,17.15045132468314,17.575651168823242,575756000
2021-06-08 00:00:00-04:00,17.4841296925654,17.578147544430767,17.20855848653228,17.414052963256836,323848000
2021-06-09 00:00:00-04:00,17.47666498952007,17.535782653047317,17.21724494368834,17.319515228271484,381656000
2021-06-10 00:00:00-04:00,17.311282630136223,17.452965945027934,17.137671136572692,17.3861141204834,287772000
2021-06-11 00:00:00-04:00,17.440491747486085,17.89921687451145,17.404822092173582,17.785470962524414,416308000
2021-06-14 00:00:00-04:00,17.866044815690444,17.99924607215233,17.623337708587435,17.97854232788086,321376000
2021-06-15 00:00:00-04:00,17.87502480453141,17.9760485675202,17.688441808318867,17.74880599975586,243032000
2021-06-16 00:00:00-04:00,17.751050591544338,17.91468418538893,17.545259694850984,17.770505905151367,307124000
2021-06-17 00:00:00-04:00,17.73483614068346,18.7929688306479,17.716627352704926,18.615615844726562,809656000
2021-06-18 00:00:00-04:00,18.742080787588076,19.331761477324207,18.542526359488548,18.59715461730957,968856000
2021-06-21 00:00:00-04:00,18.394109040503217,18.4951346885807,17.782976662910134,18.386127471923828,672384000
2021-06-22 00:00:00-04:00,18.430280361670633,18.92143232381055,18.344970443440133,18.844602584838867,580144000
2021-06-23 00:00:00-04:00,18.965333770522275,19.110010659811476,18.865556539871367,19.01472282409668,332356000
2021-06-24 00:00:00-04:00,19.184844909364667,19.37666521172069,19.045654629248613,19.162643432617188,320924000
2021-06-25 00:00:00-04:00,19.237478474504314,19.302333968295713,18.852340103189597,18.988534927368164,278364000
2021-06-28 00:00:00-04:00,19.31804423186524,20.0339437763487,19.275888834778623,19.94040298461914,495436000
2021-06-29 00:00:00-04:00,19.838132408460762,20.053899319285392,19.61313549933401,19.9820613861084,367632000
2021-06-30 00:00:00-04:00,19.954621891960947,20.117507567563237,19.819424307190975,19.95786476135254,326568000
2021-07-01 00:00:00-04:00,20.080091067121554,20.410351816483264,19.97432670783761,20.16689682006836,480136000
2021-07-02 00:00:00-04:00,20.39463747913961,20.45949296291919,20.24247763436387,20.441282272338867,342764000
2021-07-06 00:00:00-04:00,20.69122385571064,20.795490483018398,20.304839002416227,20.652311325073242,446708000
2021-07-07 00:00:00-04:00,20.80696363579524,20.82841529094071,20.28662778206436,20.3262882232666,418428000
2021-07-08 00:00:00-04:00,19.81219121733982,20.088073010027667,19.656788496494755,19.85833740234375,503300000
2021-07-09 00:00:00-04:00,19.917956647255515,20.035444075342934,19.710171276544106,20.005510330200195,296624000
2021-07-12 00:00:00-04:00,20.194835290071577,20.486931440280244,20.142701974510995,20.46672821044922,321984000
2021-07-13 00:00:00-04:00,20.3549784361798,20.41559384007116,20.06911869589807,20.204814910888672,290708000
2021-07-14 00:00:00-04:00,20.312322668503903,20.372188248728314,19.70867315158552,19.797224044799805,380100000
2021-07-15 00:00:00-04:00,19.76753757883624,19.80270862400988,18.816414013293638,18.92392349243164,550564000
2021-07-16 00:00:00-04:00,18.988032725090143,19.114249610724638,18.032668986212673,18.120471954345703,688224000
2021-07-19 00:00:00-04:00,17.875271703441314,18.999506326648362,17.825631445000248,18.737842559814453,749060000
2021-07-20 00:00:00-04:00,18.688203709705867,18.795962510715192,18.123466749051826,18.570466995239258,434687000
2021-07-21 00:00:00-04:00,18.839866091952974,19.483427275787093,18.700179101263714,19.366687774658203,371017000
2021-07-22 00:00:00-04:00,19.59816902543563,19.84262124158665,19.232984628727042,19.550275802612305,323826000
2021-07-23 00:00:00-04:00,19.612137498497777,19.656039936097546,19.207043356145515,19.51435661315918,195672000
2021-07-26 00:00:00-04:00,19.267912125385813,19.39861843921064,18.871796689116085,19.25094985961914,203943000
2021-07-27 00:00:00-04:00,19.222010259561046,19.578213977499203,18.69917937861263,19.165138244628906,248863000
2021-07-28 00:00:00-04:00,19.275890857255888,19.60216083809746,18.952614440884304,19.45948028564453,202191000
2021-07-29 00:00:00-04:00,19.475441566253632,19.808697767774508,19.28486780665784,19.61812400817871,190781000
2021-07-30 00:00:00-04:00,19.374667678926546,19.586194490823832,19.22001478198621,19.455488204956055,183497000
2021-08-02 00:00:00-04:00,19.656039233859172,19.916456479690652,19.317795028840045,19.7059268951416,217444000
2021-08-03 00:00:00-04:00,19.695947175204367,20.176871874335998,19.177107171863515,19.770780563354492,301811000
2021-08-04 00:00:00-04:00,19.945393101365298,20.27266220607287,19.783753941478007,20.228759765625,231309000
2021-08-05 00:00:00-04:00,20.454256579946396,20.686736469006593,20.29660819505483,20.59095001220703,211435000
2021-08-06 00:00:00-04:00,20.47819735114053,20.52409422230607,20.16489701488937,20.32054901123047,178497000
2021-08-09 00:00:00-04:00,20.400376028225207,20.462237955728927,20.098052643578864,20.249713897705078,146443000
2021-08-10 00:00:00-04:00,20.276652149351023,20.38441095043881,19.79073746939865,19.89151382446289,179238000
2021-08-11 00:00:00-04:00,19.9982710212323,20.0042581491868,19.3866400361588,19.655038833618164,185925000
2021-08-12 00:00:00-04:00,19.825662510999912,19.984306207882916,19.576220366137818,19.860584259033203,151652000
2021-08-13 00:00:00-04:00,19.86058065307714,20.16889110337351,19.806700306984172,20.142948150634766,183063000
2021-08-16 00:00:00-04:00,20.09006989391872,20.241731139141816,19.40959063441719,19.90548324584961,210876000
2021-08-17 00:00:00-04:00,19.641070192734382,19.725881495356077,19.224003737171717,19.41457748413086,204585000
2021-08-18 00:00:00-04:00,19.456489312637267,19.590191092580813,18.95760497128759,18.997516632080078,285913000
2021-08-19 00:00:00-04:00,19.45049607508558,20.44926356783825,18.72012927852923,19.75381851196289,766555000
2021-08-20 00:00:00-04:00,19.94638866874233,20.818438857926825,19.888519437371215,20.769548416137695,675741000
2021-08-23 00:00:00-04:00,20.924201575683597,21.947911015070833,20.903248530842916,21.908998489379883,575807000
2021-08-24 00:00:00-04:00,21.70445975402652,21.90999945326239,21.486945796783075,21.744369506835938,297299000
2021-08-25 00:00:00-04:00,21.688499125679893,22.4198634314264,21.673533203216653,22.163436889648438,347701000
2021-08-26 00:00:00-04:00,22.15046228289111,22.290149269083127,21.74137733496381,22.018756866455078,237940000
2021-08-27 00:00:00-04:00,22.134494471013152,22.67129398333885,22.117532210084512,22.585485458374023,304722000
2021-08-30 00:00:00-04:00,22.77905822428135,22.991582292262514,22.500681440564495,22.637374877929688,262580000
2021-08-31 00:00:00-04:00,22.64834767167244,22.64834767167244,22.074530788334712,22.338985443115234,259850000
2021-09-01 00:00:00-04:00,22.438784759124236,22.650348906025947,22.31104759248821,22.394874572753906,201767000
2021-09-02 00:00:00-04:00,22.471715025421343,22.546561628038457,22.249173817151615,22.349966049194336,187834000
2021-09-03 00:00:00-04:00,22.279108568441263,22.938749089053665,22.154365523608845,22.796043395996094,280532000
2021-09-07 00:00:00-04:00,22.78606358536251,22.85192789740587,22.475702069426948,22.615415573120117,198107000
2021-09-08 00:00:00-04:00,22.466723400904264,22.563524132265776,21.931823984385463,22.293081283569336,254434000
2021-09-09 00:00:00-04:00,22.2661409823593,22.49167630249063,22.0855132469646,22.131418228149414,196856000
2021-09-10 00:00:00-04:00,22.302065073465506,22.57949354520945,22.22422627932548,22.431798934936523,248376000
2021-09-13 00:00:00-04:00,22.637370386299374,22.916795498614167,21.813068113227185,22.106464385986328,297500000
2021-09-14 00:00:00-04:00,22.229212641217604,22.363935372792017,22.040601959070237,22.19628143310547,199755000
2021-09-15 00:00:00-04:00,22.2631425592537,22.321023900271747,21.920847204700245,22.295076370239258,166538000
2021-09-16 00:00:00-04:00,22.13740269427345,22.231209337206835,21.881928392765175,22.19628143310547,156033000
2021-09-17 00:00:00-04:00,22.25416170484627,22.275118448091163,21.78512847263095,21.854984283447266,294503000
2021-09-20 00:00:00-04:00,21.10253608560718,21.388946836044816,20.619531653010185,21.069604873657227,349440000
2021-09-21 00:00:00-04:00,21.372975754388563,21.380958731216275,20.90693664793861,21.202327728271484,204688000
2021-09-22 00:00:00-04:00,21.322083722570767,21.91486268280497,21.152433063036703,21.895902633666992,268726000
2021-09-23 00:00:00-04:00,22.094491122204907,22.488679665471388,21.845004991544315,22.435789108276367,248555000
2021-09-24 00:00:00-04:00,22.02463313008802,22.10347121162325,21.816063110959004,22.03561019897461,217655000
2021-09-27 00:00:00-04:00,21.66537306934412,21.754190825746935,21.28116613158087,21.615476608276367,245215000
2021-09-28 00:00:00-04:00,21.170390970412182,21.37496947470969,20.608546703103997,20.656448364257812,343069000
2021-09-29 00:00:00-04:00,20.8969576569864,20.973799045887088,20.424928447373038,20.47482681274414,218394000
2021-09-30 00:00:00-04:00,20.725311205175426,21.02269900375307,20.645475720621462,20.673418045043945,221009000
2021-10-01 00:00:00-04:00,20.707350501370968,20.816125716896938,20.161473920626037,20.69936752319336,240978000
2021-10-04 00:00:00-04:00,20.46185505357973,20.49977705360861,19.514806256090917,19.691442489624023,345635000
2021-10-05 00:00:00-04:00,19.9089926262976,20.605557809774158,19.813189288670248,20.40896224975586,279282000
2021-10-06 00:00:00-04:00,20.0786401958577,20.67740525437845,20.038721510128212,20.657447814941406,297202000
2021-10-07 00:00:00-04:00,21.048648229562797,21.278176952384143,20.928895933978843,21.03168487548828,256919000
2021-10-08 00:00:00-04:00,21.057624845328608,21.162408551642596,20.73229475421555,20.788179397583008,151258000
2021-10-11 00:00:00-04:00,20.532705933838944,21.019701745235178,20.468836413759362,20.65245819091797,163388000
2021-10-12 00:00:00-04:00,20.78518639102628,21.013715764405212,20.485803813514003,20.628509521484375,162134000
2021-10-13 00:00:00-04:00,20.87500311019732,20.946855619421928,20.670424556091195,20.895959854125977,180652000
2021-10-14 00:00:00-04:00,21.24424093983298,21.710280040317638,21.07858180049667,21.7012996673584,243589000
2021-10-15 00:00:00-04:00,21.765167314945042,21.88591887935075,21.61747272820035,21.817060470581055,226994000
2021-10-18 00:00:00-04:00,21.70429747873108,22.245183264844428,21.599511849969776,22.17632484436035,189494000
2021-10-19 00:00:00-04:00,22.23020952192543,22.332998439284385,21.99170238328711,22.244182586669922,161473000
2021-10-20 00:00:00-04:00,22.259150122667332,22.38688726459648,21.936814127495424,22.057565689086914,146276000
2021-10-21 00:00:00-04:00,22.051578953476707,22.66431717444452,22.037607791883655,22.645355224609375,187590000
2021-10-22 00:00:00-04:00,22.776083865908273,23.082451989687545,22.514623314038865,22.679283142089844,249384000
2021-10-25 00:00:00-04:00,22.925775538059284,23.30699025615322,22.72319371456026,23.118379592895508,230235000
2021-10-26 00:00:00-04:00,23.939690683779567,25.207080642552555,23.874823758987613,24.66619300842285,485898000
2021-10-27 00:00:00-04:00,24.423696925851313,25.03843001924272,24.23209022376297,24.40074348449707,245990000
2021-10-28 00:00:00-04:00,24.826864037496623,24.89871654547079,24.47259418957567,24.889734268188477,234204000
2021-10-29 00:00:00-04:00,24.949607826287217,25.65615265639552,24.948610430057254,25.51444435119629,292503000
2021-11-01 00:00:00-04:00,25.596280704392232,25.840776060615124,25.175147208367978,25.773914337158203,265740000
2021-11-02 00:00:00-04:00,25.768924631119912,26.623164159534607,25.74696858717895,26.34673309326172,294112000
2021-11-03 00:00:00-04:00,26.615177925392462,26.72894390976585,26.18107263291449,26.543325424194336,239910000
2021-11-04 00:00:00-04:00,27.173030468903853,31.300528538400503,27.062258570177605,29.739744186401367,1153631000
2021-11-05 00:00:00-04:00,30.124948877614052,31.335454820246646,29.34954562668809,29.69084358215332,851260000
2021-11-08 00:00:00-05:00,30.087030149356973,31.036075621512847,29.845526991670436,30.740684509277344,503101000
2021-11-09 00:00:00-05:00,32.21564634517442,32.24358866979207,29.902410166166877,30.593984603881836,646746000
2021-11-10 00:00:00-05:00,29.29566001580233,30.786588600174127,28.7188470671738,29.398447036743164,636206000
2021-11-11 00:00:00-05:00,30.40537632791056,30.527125309619542,29.715796628076674,30.32753562927246,332172000
2021-11-12 00:00:00-05:00,29.948317520726917,30.616940475432905,29.569097508753114,30.32753562927246,413054000
2021-11-15 00:00:00-05:00,30.48919489959524,30.58100483290278,29.186877257904996,29.96327781677246,384909000
2021-11-16 00:00:00-05:00,29.697829247202147,30.3275308006158,29.644936791171745,30.140914916992188,264484000
2021-11-17 00:00:00-05:00,30.355474709419386,30.446289165355424,28.740800497149056,29.20085334777832,428508000
2021-11-18 00:00:00-05:00,32.30046499188138,32.69265486336279,31.25661378214152,31.609886169433594,781711000
2021-11-19 00:00:00-05:00,32.176719094226264,33.01998327209769,31.839414565134348,32.91719436645508,533867000
2021-11-22 00:00:00-05:00,33.44810039838388,34.575778624471646,31.834425645300712,31.890310287475586,754335000
2021-11-23 00:00:00-05:00,31.470177454770493,32.29348237107467,30.81652316774115,31.680744171142578,532163000
2021-11-24 00:00:00-05:00,31.396335881375414,32.78746977215828,30.86443045905106,32.606842041015625,435162000
2021-11-26 00:00:00-05:00,32.532987132035885,32.64276162923178,31.285558488884924,31.438243865966797,283069000
2021-11-29 00:00:00-05:00,32.29947733857546,33.343325056327004,31.970153780150458,33.30739974975586,454964000
2021-11-30 00:00:00-05:00,33.10082385631525,33.28444758524314,31.79850772473219,32.60883712768555,622066000
2021-12-01 00:00:00-05:00,33.15477484562234,33.22463920028377,31.31932783633501,31.374221801757812,484368000
2021-12-02 00:00:00-05:00,31.15366042945053,32.415216910384245,30.965024707023783,32.06389617919922,472890000
2021-12-03 00:00:00-05:00,31.93812964626088,32.066881845701786,30.071744357446725,30.633657455444336,544325000
2021-12-06 00:00:00-05:00,29.822227763677287,30.18252985019902,27.98379011741207,29.978925704956055,658938000
2021-12-07 00:00:00-05:00,30.897141000986036,32.38625658705777,30.591731035195256,32.364295959472656,593053000
2021-12-08 00:00:00-05:00,31.937135010758553,32.22757276894839,31.36025147158854,31.764469146728516,475551000
2021-12-09 00:00:00-05:00,31.67264959184218,32.142741606231084,30.36917465615968,30.431055068969727,488507000
2021-12-10 00:00:00-05:00,31.089777075680235,31.244478098261293,29.803269551316273,30.139617919921875,488825000
2021-12-13 00:00:00-05:00,30.190518430638814,30.235431505717692,28.06164095629319,28.10655403137207,598344000
2021-12-14 00:00:00-05:00,27.64544809567348,28.62255545688328,27.197316754829743,28.282215118408203,667035000
2021-12-15 00:00:00-05:00,28.345089318946364,30.441029430992792,27.784175650057957,30.400108337402344,698297000
2021-12-16 00:00:00-05:00,31.091772658065082,31.099756612539498,28.038686765312615,28.332117080688477,707366000
2021-12-17 00:00:00-05:00,27.930893869344864,28.86608252956396,27.706328507960936,27.747249603271484,713758000
2021-12-20 00:00:00-05:00,27.25220994036055,28.08958664914624,27.092519430074276,27.665409088134766,461847000
2021-12-21 00:00:00-05:00,28.319144340098806,29.063702367832537,27.3480239896124,29.018789291381836,524385000
2021-12-22 00:00:00-05:00,28.835142056766554,29.49785781843981,28.39399529208839,29.343156814575195,395184000
2021-12-23 00:00:00-05:00,29.697470529314675,30.000883625325518,29.374097548298604,29.582693099975586,343022000
2021-12-27 00:00:00-05:00,29.60265640931932,31.02689755121152,29.582694619627713,30.88517189025879,403686000
2021-12-28 00:00:00-05:00,31.251463920554766,31.269428770384458,29.95397610422819,30.263378143310547,420591000
2021-12-29 00:00:00-05:00,30.214472371231356,30.488940318885827,29.309224428409372,29.942996978759766,343139000
2021-12-30 00:00:00-05:00,29.769334255327937,30.39811732399104,29.482890369605972,29.52880096435547,308864000
2021-12-31 00:00:00-05:00,29.616629435851035,29.97194206030295,29.274292165132447,29.354137420654297,266530000
2022-01-03 00:00:00-05:00,29.757355089698684,30.651622638194823,29.72741240751005,30.062763214111328,391547000
2022-01-04 00:00:00-05:00,30.2184669283259,30.409097659269086,28.294194767957748,29.233375549316406,527154000
2022-01-05 00:00:00-05:00,28.893031463942076,29.359129558729837,27.479770596008006,27.55063247680664,498064000
2022-01-06 00:00:00-05:00,27.586561835852063,28.38301936449731,27.012674649326257,28.12352180480957,454186000
2022-01-07 00:00:00-05:00,28.086595203604723,28.367052077902994,27.004689383729875,27.19432258605957,409939000
2022-01-10 00:00:00-05:00,26.52960811483407,27.415891757825346,25.594419420833177,27.34702491760254,594681000
2022-01-11 00:00:00-05:00,27.27017541907624,28.010741462593767,26.787111899859354,27.763219833374023,404089000
2022-01-12 00:00:00-05:00,28.012741242730858,28.53972040880337,27.554628931814833,27.944873809814453,383413000
2022-01-13 00:00:00-05:00,28.324129660760377,28.424934212395414,26.44676600697782,26.523618698120117,540171000
2022-01-14 00:00:00-05:00,26.24915265168228,27.1444197184354,26.159326499116265,26.889911651611328,395832000
2022-01-18 00:00:00-05:00,26.20922874593393,26.586498173895528,25.72017634780918,25.85291862487793,424270000
2022-01-19 00:00:00-05:00,26.02858007768311,26.49168179020978,25.003565223757168,25.018535614013672,488315000
2022-01-20 00:00:00-05:00,25.25507979883061,25.529547751569282,24.031448328745114,24.103309631347656,435181000
2022-01-21 00:00:00-05:00,23.461553938187595,24.77500970305523,23.218026180646312,23.328811645507812,718958000
2022-01-24 00:00:00-05:00,22.286829332930466,23.33479860637558,20.847617715138355,23.326814651489258,913982000
2022-01-25 00:00:00-05:00,22.502410844337714,22.898644579433583,21.957466910396736,22.280839920043945,664616000
2022-01-26 00:00:00-05:00,23.195067611762184,24.010487462454297,22.256884472463902,22.72797203063965,755959000
2022-01-27 00:00:00-05:00,23.52243384836739,23.948608321885434,21.63309226715212,21.901573181152344,573353000
2022-01-28 00:00:00-05:00,21.96943921654881,22.813804156653173,21.254823989187226,22.795839309692383,543774000
2022-01-31 00:00:00-05:00,23.137176312477948,24.461612098053234,23.007428507884715,24.438655853271484,564680000
2022-02-01 00:00:00-05:00,25.055468908649303,25.096390012740084,23.843815119185024,24.590370178222656,518925000
2022-02-02 00:00:00-05:00,25.744131998569852,25.767086343817308,24.505530149134337,25.193199157714844,543419000
2022-02-03 00:00:00-05:00,24.4107113163615,25.02851397918987,23.734022713171655,23.901697158813477,410178000
2022-02-04 00:00:00-05:00,23.9256491963557,24.58736736304779,23.586306449146388,24.2719783782959,354829000
2022-02-07 00:00:00-05:00,24.32488219866303,25.133315720726692,24.1552107776214,24.680194854736328,376868000
2022-02-08 00:00:00-05:00,24.311907144504435,25.181223570518206,23.93364013673913,25.059459686279297,410359000
2022-02-09 00:00:00-05:00,25.57246536515148,26.67333360228873,25.30398631469552,26.653371810913086,524282000
2022-02-10 00:00:00-05:00,25.944749236207045,26.872949830272162,25.550512363962046,25.774078369140625,513200000
2022-02-11 00:00:00-05:00,25.865892523567283,26.101436285260135,23.727036302814017,23.902694702148438,605472000
2022-02-14 00:00:00-05:00,23.88772874556484,24.82690950810967,23.70907395093763,24.22008514404297,440424000
2022-02-15 00:00:00-05:00,24.900762795130042,26.49367774510804,24.73608279745119,26.443775177001953,699869000
2022-02-16 00:00:00-05:00,26.208231811287334,26.530607279677454,25.502597989095346,26.45974349975586,732676000
2022-02-17 00:00:00-05:00,25.58044757027019,25.735148587356477,24.118281669763785,24.459619522094727,810595000
2022-02-18 00:00:00-05:00,24.620309963998448,24.937695983788053,23.055342404998548,23.596294403076172,761255000
2022-02-22 00:00:00-05:00,22.990464861191477,24.017474761924387,22.955532681143488,23.344778060913086,633422000
2022-02-23 00:00:00-05:00,23.755984848582248,24.10830305125006,22.257887203863643,22.343719482421875,566511000
2022-02-24 00:00:00-05:00,20.97436959630377,23.753985005383658,20.84961126769638,23.702085494995117,735801000
2022-02-25 00:00:00-05:00,23.675138387578873,24.1701778047602,23.33579559273523,24.110294342041016,528866000
2022-02-28 00:00:00-05:00,23.945614559981106,24.617313720025166,23.661165729918974,24.337854385375977,477319000
2022-03-01 00:00:00-05:00,24.244041391576477,24.32987557939702,23.087281555936872,23.43161392211914,412056000
2022-03-02 00:00:00-05:00,23.714111250736686,24.365959685395882,23.373712936549165,24.177291870117188,389642000
2022-03-03 00:00:00-05:00,24.219216091275733,24.28310431664372,23.42761517996613,23.672183990478516,365095000
2022-03-04 00:00:00-05:00,23.342771281446925,23.638248916911902,22.44236121609132,22.89556121826172,431415000
2022-03-07 00:00:00-05:00,22.776769140858917,22.992389803663198,21.292391465045675,21.31435203552246,450821000
2022-03-08 00:00:00-05:00,21.271426231053603,22.333549276082426,20.613587838111286,21.476064682006836,557467000
2022-03-09 00:00:00-05:00,22.3475295418682,23.179061096947333,22.207776979329143,22.973424911499023,492742000
2022-03-10 00:00:00-05:00,22.49127084816649,22.7478176453068,21.843415073164238,22.6180477142334,428066000
2022-03-11 00:00:00-05:00,22.981404553858948,23.104188764046526,22.00712570703421,22.061031341552734,367209000
2022-03-14 00:00:00-04:00,21.83043806016922,22.22274473627401,21.12169091105155,21.292388916015625,385354000
2022-03-15 00:00:00-04:00,21.480055192344064,22.99737530841706,21.284401668232853,22.9324893951416,491996000
2022-03-16 00:00:00-04:00,23.45856243097872,24.553628211845854,23.131141677093435,24.45280647277832,671422000
2022-03-17 00:00:00-04:00,24.077469296534115,24.798194389496683,23.86384594867932,24.72233009338379,471941000
2022-03-18 00:00:00-04:00,24.755270261820684,26.5221495744112,24.5805796111346,26.406352996826172,730719000
2022-03-21 00:00:00-04:00,26.460262007525532,27.10412518053831,25.921213238309566,26.686861038208008,591727000
2022-03-22 00:00:00-04:00,26.679869314228366,27.18996980901101,26.026025549438742,26.47722816467285,547007000
2022-03-23 00:00:00-04:00,26.079933507125094,26.565076642038694,25.529906352527405,25.588802337646484,502120000
2022-03-24 00:00:00-04:00,26.11986368042065,28.270065012059774,25.861319580253287,28.100364685058594,877379000
2022-03-25 00:00:00-04:00,27.83682948218481,28.307997346511723,27.22291411401015,27.643171310424805,579016000
2022-03-28 00:00:00-04:00,27.70706177223805,28.20019024482992,27.158030377292455,28.16924476623535,425494000
2022-03-29 00:00:00-04:00,28.644401446440966,28.894958306684245,27.930662062478252,28.605470657348633,488984000
2022-03-30 00:00:00-04:00,28.254093909967974,28.445754802964743,27.454505676769504,27.641176223754883,463487000
2022-03-31 00:00:00-04:00,27.733010189112925,28.198188071817484,27.22191389271316,27.237884521484375,523440000
2022-04-01 00:00:00-04:00,27.32672893992416,27.44751586683608,26.220682903584812,26.664897918701172,517235000
2022-04-04 00:00:00-04:00,26.680870583661918,27.509406950687776,26.566073594108467,27.311756134033203,397120000
2022-04-05 00:00:00-04:00,27.205941957892414,27.270827874661148,25.774470555611817,25.88527488708496,436615000
2022-04-06 00:00:00-04:00,24.89003527746439,25.255389153160042,23.960677101781798,24.363964080810547,703833000
2022-04-07 00:00:00-04:00,24.397900743311084,24.67840536520431,23.436599551775025,24.165311813354492,557992000
2022-04-08 00:00:00-04:00,23.87482496633448,23.880814903915528,23.021333116459182,23.078231811523438,524781000
2022-04-11 00:00:00-04:00,22.17483029611759,22.280642378826183,21.621806322763018,21.878353118896484,575207000
2022-04-12 00:00:00-04:00,22.497261070505825,22.684929295161435,21.24447295091747,21.466081619262695,662258000
2022-04-13 00:00:00-04:00,21.689689827546903,22.46032799731564,21.41717046528089,22.163850784301758,516943000
2022-04-14 00:00:00-04:00,22.465317170334803,22.736838829968864,21.125684399232618,21.220516204833984,569097000
2022-04-18 00:00:00-04:00,21.162618586314927,22.049051350332444,21.041831657437864,21.744590759277344,525701000
2022-04-19 00:00:00-04:00,21.681701448367473,22.33354992197156,21.276417192204843,22.158859252929688,512781000
2022-04-20 00:00:00-04:00,22.477299202476562,22.630029317672715,21.16262184320352,21.444124221801758,468974000
2022-04-21 00:00:00-04:00,21.670715478053655,22.352511560597314,19.964729691481665,20.14740753173828,656209000
2022-04-22 00:00:00-04:00,20.26719955217862,20.44987743487539,19.465615971491907,19.480588912963867,624713000
2022-04-25 00:00:00-04:00,19.168138831768125,19.90982865501306,19.06232675761767,19.866905212402344,641566000
2022-04-26 00:00:00-04:00,19.68322980932217,19.753106067107918,18.6370775110821,18.75486946105957,653143000
2022-04-27 00:00:00-04:00,18.565210045352984,19.13320710369272,18.25775441052897,18.38253402709961,499460000
2022-04-28 00:00:00-04:00,18.933552723499567,20.001667489116333,18.45739457929483,19.747116088867188,570327000
2022-04-29 00:00:00-04:00,19.367787435913748,20.092507058531055,18.484347793800964,18.51429557800293,500435000
2022-05-02 00:00:00-04:00,18.508304867075665,19.539482298603552,18.358569760292387,19.49855613708496,572049000
2022-05-03 00:00:00-04:00,19.36578895282095,19.790040634737174,19.09925959232835,19.567432403564453,475751000
2022-05-04 00:00:00-04:00,19.887870698989126,20.364028903111393,18.717936368444736,20.298145294189453,648855000
2022-05-05 00:00:00-04:00,19.83196878609108,19.889865173375625,18.467378659821374,18.810771942138672,626331000
2022-05-06 00:00:00-04:00,18.702962121693464,19.47759284066745,17.958277283967274,18.64206886291504,633297000
2022-05-09 00:00:00-04:00,18.00220284256642,18.222811941526615,16.79733029414801,16.920114517211914,644455000
2022-05-10 00:00:00-04:00,17.657806577427667,18.16590978890649,16.99497790989981,17.56397247314453,761474000
2022-05-11 00:00:00-04:00,17.316408281522722,17.721692428111286,16.538782736450106,16.600671768188477,670167000
2022-05-12 00:00:00-04:00,16.190405519490245,16.758402607555368,15.539555530896505,16.146482467651367,708728000
2022-05-13 00:00:00-04:00,16.758397445943917,17.896386648845493,16.563741598498687,17.67477798461914,670437000
2022-05-16 00:00:00-04:00,17.478125554261457,17.75663289781755,17.07583632290922,17.233556747436523,521446000
2022-05-17 00:00:00-04:00,18.042131833684838,18.33860905502481,17.602909000272085,18.14495086669922,585830000
2022-05-18 00:00:00-04:00,17.67378227574179,18.08605417628394,16.834265532095618,16.90813446044922,545161000
2022-05-19 00:00:00-04:00,16.90713289482446,17.655810314998515,16.704489852561316,17.09380340576172,621310000
2022-05-20 00:00:00-04:00,17.30144361121555,17.379305210148203,15.727223318470557,16.664567947387695,739105000
2022-05-23 00:00:00-04:00,16.24530571772281,16.885176247645457,16.150473907934177,16.868206024169922,639889000
2022-05-24 00:00:00-04:00,16.48088814806781,16.56773463435827,15.752174861917103,16.12551498413086,588550000
2022-05-25 00:00:00-04:00,15.991754187297795,17.080830153303886,15.971788994098624,16.945070266723633,781132000
2022-05-26 00:00:00-04:00,16.007726172049686,18.060100987600233,15.993750916425844,17.81952667236328,996575000
2022-05-27 00:00:00-04:00,18.15393222834226,18.847706383566344,18.068083436188743,18.777830123901367,738379000
2022-05-31 00:00:00-04:00,18.946531790942434,19.166145079805915,18.317643518254673,18.639076232910156,664100000
2022-06-01 00:00:00-04:00,18.690983767171357,19.01940218977042,18.09004412210462,18.287694931030273,544514000
2022-06-02 00:00:00-04:00,18.25974616242298,19.584405973838475,18.165912046478592,19.557453155517578,648656000
2022-06-03 00:00:00-04:00,19.048349959138008,19.297909088527064,18.489336138437285,18.686986923217773,598779000
2022-06-06 00:00:00-04:00,19.105254520476123,19.302905366003518,18.53126758487554,18.75287628173828,422406000
2022-06-07 00:00:00-04:00,18.439427797960548,18.96649663523193,18.15592818906813,18.892627716064453,388914000
2022-06-08 00:00:00-04:00,18.76981563316662,19.150224674884743,18.50622553593558,18.619050979614258,363252000
2022-06-09 00:00:00-04:00,18.452313635347775,18.903611679964875,18.01299609524454,18.01998519897461,395574000
2022-06-10 00:00:00-04:00,17.572676596272817,17.669526126840736,16.84281056595567,16.947649002075195,465248000
2022-06-13 00:00:00-04:00,15.9751648511992,16.286680840029465,15.581776363415553,15.622713088989258,604153000
2022-06-14 00:00:00-04:00,15.706581027600341,16.041061051837058,15.388075961207294,15.811418533325195,469680000
2022-06-15 00:00:00-04:00,16.070017900307143,16.841818825545705,15.901280536590404,16.5013484954834,563936000
2022-06-16 00:00:00-04:00,15.835381941791066,15.91725539358905,15.377094762123194,15.576784133911133,545749000
2022-06-17 00:00:00-04:00,15.623711204110075,15.970172718486323,15.304208207375476,15.855351448059082,630334000
2022-06-21 00:00:00-04:00,16.44942865985989,16.981600402488183,16.381533414039843,16.540287017822266,483089000
2022-06-22 00:00:00-04:00,16.200811500397187,16.63613550115512,16.154883380504458,16.334604263305664,437135000
2022-06-23 00:00:00-04:00,16.493358120207393,16.559255659016674,15.828392479583755,16.19981575012207,463680000
2022-06-24 00:00:00-04:00,16.47438711137464,17.113393032351116,16.2846815144393,17.099414825439453,472153000
2022-06-27 00:00:00-04:00,17.28513052368087,17.303102235686215,16.600194433475785,16.842817306518555,427968000
2022-06-28 00:00:00-04:00,16.873764714738712,17.175295947359764,15.920247295866085,15.95719051361084,461149000
2022-06-29 00:00:00-04:00,15.789450876778472,15.795441128330172,15.146450552730412,15.51787281036377,482352000
2022-06-30 00:00:00-04:00,15.337155541620188,15.542836100215856,14.838930531324044,15.135469436645508,686070000
2022-07-01 00:00:00-04:00,14.875872599017027,15.039617581640591,14.369659640512438,14.500455856323242,577610000
2022-07-05 00:00:00-04:00,14.15299631092678,14.947760206321728,14.033182701418724,14.940771102905273,651397000
2022-07-06 00:00:00-04:00,14.986701312141356,15.295221689457538,14.766043683803519,15.106514930725098,529066000
2022-07-07 00:00:00-04:00,15.432009036553442,15.920249363063476,15.365112647572856,15.83338451385498,492903000
2022-07-08 00:00:00-04:00,15.406050717209292,16.012108915989483,15.365113989485575,15.813417434692383,467972000
2022-07-11 00:00:00-04:00,15.501899970385464,15.502898821877375,15.014657546488467,15.128480911254883,437321000
2022-07-12 00:00:00-04:00,15.244298205682169,15.407045277525851,14.853905384408769,15.058587074279785,458483000
2022-07-13 00:00:00-04:00,14.567353481526045,15.351134848256727,14.442547507149973,15.140461921691895,521918000
2022-07-14 00:00:00-04:00,15.084549597057515,15.448982825985045,14.705139307910507,15.348139762878418,456235000
2022-07-15 00:00:00-04:00,15.634691868193833,15.757500119489807,15.42102337409571,15.737531661987305,385935000
2022-07-18 00:00:00-04:00,16.276696063894367,16.870771818679195,15.977162485969991,16.076007843017578,670517000
2022-07-19 00:00:00-04:00,16.460412503740734,17.083444555559367,16.14690067891498,16.965627670288086,702366000
2022-07-20 00:00:00-04:00,16.92069597381479,17.905165600723322,16.774922681217973,17.779359817504883,760538000
2022-07-21 00:00:00-04:00,17.857239294768945,18.11583614993519,17.517766887314608,18.021982192993164,557049000
2022-07-22 00:00:00-04:00,17.865224557589684,17.93910909409701,17.110397569443286,17.292116165161133,536671000
2022-07-25 00:00:00-04:00,16.992582454358388,17.09742092220505,16.623157829488665,16.997575759887695,480748000
2022-07-26 00:00:00-04:00,16.862783963132348,16.8927380811664,16.452422639321977,16.50733757019043,397865000
2022-07-27 00:00:00-04:00,17.005559778739524,17.908157678578863,16.886745027673552,17.76238441467285,569776000
2022-07-28 00:00:00-04:00,17.947100301917377,18.11184320520838,17.412930859956532,17.956085205078125,474646000
2022-07-29 00:00:00-04:00,17.785350474084527,18.21568123422587,17.66453800022714,18.134807586669922,435460000
2022-08-01 00:00:00-04:00,18.153773877924205,18.816744561755613,17.962072498125625,18.412372589111328,476469000
2022-08-02 00:00:00-04:00,18.093869755691863,18.90860309946713,18.06391563779565,18.497241973876953,489527000
2022-08-03 00:00:00-04:00,18.155775030673695,18.93855851148196,18.108847099868385,18.86367416381836,418146000
2022-08-04 00:00:00-04:00,18.819743818251403,19.24408337841175,18.730881261788387,19.1851749420166,409652000
2022-08-05 00:00:00-04:00,18.780801158866524,19.199151379943174,18.63702558545363,18.959524154663086,386068000
2022-08-08 00:00:00-04:00,17.474832214042483,18.2106876713627,17.215235587063688,17.765378952026367,981859000
2022-08-09 00:00:00-04:00,17.225219526625484,17.41991651210645,16.69803929354924,17.059476852416992,668263000
2022-08-10 00:00:00-04:00,17.67052787955639,18.089876002325298,17.290118776438867,18.06890869140625,597422000
2022-08-11 00:00:00-04:00,18.10285795787067,18.67796411597319,17.848252697095948,17.91415023803711,509327000
2022-08-12 00:00:00-04:00,18.131808897875185,18.68894324186174,17.925129506160957,18.679956436157227,478094000
2022-08-15 00:00:00-04:00,18.67197109315223,19.134251734089823,18.584108348581022,19.002456665039062,457666000
2022-08-16 00:00:00-04:00,18.8906300185085,19.112285523433606,18.472279819564992,18.849693298339844,451240000
2022-08-17 00:00:00-04:00,18.494251279360228,18.658994193572546,18.11683771188579,18.306541442871094,446799000
2022-08-18 00:00:00-04:00,18.27259278693306,18.835716492772463,18.15477592247858,18.743860244750977,415447000
2022-08-19 00:00:00-04:00,18.37743332173189,18.491256709312633,17.74242073797383,17.821298599243164,441588000
2022-08-22 00:00:00-04:00,17.462850357349936,17.530745594391743,16.93966358559003,17.007558822631836,409593000
2022-08-23 00:00:00-04:00,16.962627909583983,17.437888836392574,16.94365639819852,17.154329299926758,369986000
2022-08-24 00:00:00-04:00,16.98559171254238,17.378981119005086,16.868774654974345,17.195266723632812,522661000
2022-08-25 00:00:00-04:00,16.817855675931728,17.919144309263267,16.806873069370276,17.885196685791016,770691000
2022-08-26 00:00:00-04:00,17.82928142778485,17.89617686185633,16.21179527063193,16.234760284423828,769127000
2022-08-29 00:00:00-04:00,15.995132957792901,16.312638221113218,15.742525425220169,15.776472091674805,496132000
2022-08-30 00:00:00-04:00,15.935226643010983,16.01410353790401,15.158434390290923,15.443990707397461,530181000
2022-08-31 00:00:00-04:00,15.360120769453241,15.51587876326227,14.9357802643057,15.070570945739746,573710000
2022-09-01 00:00:00-04:00,14.186942340955959,14.35767736958631,13.249400817146027,13.915365219116211,1178865000
2022-09-02 00:00:00-04:00,14.078112245537563,14.149001175520134,13.56990161470963,13.625815391540527,743157000
2022-09-06 00:00:00-04:00,13.709686328420531,13.757612156734154,13.330276060121674,13.444099426269531,535751000
2022-09-07 00:00:00-04:00,13.545970723388965,13.820626019078334,13.329243169761526,13.696781158447266,512657000
2022-09-08 00:00:00-04:00,13.44210246086047,13.990413955002312,13.352216251921549,13.97243595123291,624873000
2022-09-09 00:00:00-04:00,14.139224819065335,14.455827199487729,14.108264556321975,14.368936538696289,486612000
2022-09-12 00:00:00-04:00,14.350956986689939,14.528732965535994,14.18017123484447,14.486785888671875,484159000
2022-09-13 00:00:00-04:00,13.784670424242124,13.904519639420537,13.082553033818995,13.11451244354248,714956000
2022-09-14 00:00:00-04:00,13.237359163133265,13.273314216178907,12.896787688730967,13.111517906188965,588507000
2022-09-15 00:00:00-04:00,12.998659878355168,13.21638563613665,12.773941987146994,12.91276741027832,523625000
2022-09-16 00:00:00-04:00,12.726000201955259,13.195410315643226,12.601157157541842,13.181427955627441,670751000
2022-09-19 00:00:00-04:00,12.995663732250092,13.446097722537223,12.993666387993636,13.365199089050293,569685000
2022-09-20 00:00:00-04:00,13.198408752850991,13.466071929007782,13.040607129076797,13.159457206726074,524818000
2022-09-21 00:00:00-04:00,13.196410364553508,14.013383142940281,13.09353904887106,13.244349479675293,807679000
2022-09-22 00:00:00-04:00,13.053588717680212,13.132489995982901,12.412395581267017,12.545228004455566,759162000
2022-09-23 00:00:00-04:00,12.404406911108035,12.595167097596889,12.241611449028817,12.500286102294922,663309000
2022-09-26 00:00:00-04:00,12.475316755127498,12.643106039060946,12.198664123420288,12.212646484375,547343000
2022-09-27 00:00:00-04:00,12.491297003764968,12.720009577879809,12.242610035621365,12.397415161132812,553854000
2022-09-28 00:00:00-04:00,12.394417959508273,12.806899506976707,12.338488516455438,12.720008850097656,542414000
2022-09-29 00:00:00-04:00,12.43237195031438,12.484306711955009,11.931002337538773,12.204658508300781,532763000
2022-09-30 00:00:00-04:00,12.07182166189156,12.617136503289938,12.059836647054924,12.123756408691406,565638000
2022-10-03 00:00:00-04:00,12.331497416498822,12.662082145584952,12.089800688912364,12.49629020690918,547478000
2022-10-04 00:00:00-04:00,12.862828434100942,13.203400820052057,12.862828434100942,13.150466918945312,584182000
2022-10-05 00:00:00-04:00,12.894790937010699,13.304276043779296,12.60515506009069,13.192416191101074,507131000
2022-10-06 00:00:00-04:00,13.203400133760168,13.638852526314174,13.086546469597781,13.113512992858887,644157000
2022-10-07 00:00:00-04:00,12.489299987372316,12.654092790461354,12.006906595827768,12.06083869934082,672478000
2022-10-10 00:00:00-04:00,12.021887648057012,12.108778315761493,11.393677626274178,11.655348777770996,698699000
2022-10-11 00:00:00-04:00,11.546483912922639,11.831125915365966,11.268833090820673,11.571453094482422,667482000
2022-10-12 00:00:00-04:00,11.564462656173577,11.720265977710053,11.330756245153442,11.48556137084961,492590000
2022-10-13 00:00:00-04:00,10.957225790788943,12.062836319269977,10.799424165058097,11.944984436035156,850103000
2022-10-14 00:00:00-04:00,12.0418607547837,12.095792850477494,11.189932138993667,11.212903022766113,713432000
2022-10-17 00:00:00-04:00,11.503538245021701,11.93299866407715,11.502540049196641,11.87307357788086,580774000
2022-10-18 00:00:00-04:00,12.328501382530158,12.47631532526222,11.603413077767147,11.951974868774414,659362000
2022-10-19 00:00:00-04:00,11.864083733026597,12.334492988016361,11.819140161499208,12.035867691040039,523131000
2022-10-20 00:00:00-04:00,12.097790381957378,12.752966821066378,12.089800053684597,12.178689002990723,652398000
2022-10-21 00:00:00-04:00,12.08280991281554,12.48230826375368,11.872075344682253,12.450347900390625,609494000
2022-10-24 00:00:00-04:00,12.492296031938748,12.69404207682602,12.048853249537009,12.583181381225586,517457000
2022-10-25 00:00:00-04:00,12.678061955431058,13.283301022718456,12.648098936943423,13.244349479675293,505482000
2022-10-26 00:00:00-04:00,12.852840947976517,13.371188345254836,12.692042862759553,12.879806518554688,532953000
2022-10-27 00:00:00-04:00,13.61288768328681,13.820626722681087,13.105525102649018,13.159457206726074,583113000
2022-10-28 00:00:00-04:00,13.087547371735592,13.832611021415424,13.04460113938634,13.816630363464355,521040000
2022-10-31 00:00:00-04:00,13.760700262393152,13.820625345662009,13.280304257896672,13.480052947998047,486341000
2022-11-01 00:00:00-04:00,13.793659368317671,13.907516554815446,13.502026173930659,13.525996208190918,432817000
2022-11-02 00:00:00-04:00,13.832610350772429,14.19215799265486,13.194412738756908,13.202402114868164,672628000
2022-11-03 00:00:00-04:00,13.026621558892815,13.763694736393855,12.939730915252117,13.404146194458008,500065000
2022-11-04 00:00:00-04:00,13.9684389349222,14.211133849312025,13.679801299085328,14.138225555419922,612576000
2022-11-07 00:00:00-05:00,14.210135563074418,14.39390455505636,13.93648037167957,14.28304386138916,410061000
2022-11-08 00:00:00-05:00,14.782415387435028,14.872302535108739,14.198149880032776,14.58366584777832,595292000
2022-11-09 00:00:00-05:00,14.14421826011374,14.193157476096932,13.741724378458798,13.758703231811523,454414000
2022-11-10 00:00:00-05:00,14.781419393511896,15.753197404946452,14.528736765629825,15.730226516723633,700819000
2022-11-11 00:00:00-05:00,15.787154735164645,16.36842382289729,15.462562957739296,16.306501388549805,655487000
2022-11-14 00:00:00-05:00,16.197635066244544,16.519231225758354,15.9020062807447,16.274538040161133,527852000
2022-11-15 00:00:00-05:00,16.701002374204336,16.97665487250418,16.3614291584318,16.64507293701172,545876000
2022-11-16 00:00:00-05:00,16.14170859646812,16.34145634523152,15.853070937382359,15.890024185180664,649547000
2022-11-17 00:00:00-05:00,15.695268602256101,16.245577368149426,15.51549430312848,15.657316207885742,710894000
2022-11-18 00:00:00-05:00,15.945951080569174,15.981907079261498,15.101013685603117,15.38965129852295,492072000
2022-11-21 00:00:00-05:00,15.127981023000306,15.457566583198409,15.06106476275779,15.297767639160156,404739000
2022-11-22 00:00:00-05:00,15.308753778828079,16.037837664544167,15.103012110863446,16.01786231994629,472866000
2022-11-23 00:00:00-05:00,16.07778765170836,16.506249872107517,16.02785119143118,16.498258590698242,427241000
2022-11-25 00:00:00-05:00,16.297510910083282,16.466297423181434,16.151694328082346,16.249570846557617,167934000
2022-11-28 00:00:00-05:00,16.005875570911805,16.336461221543267,15.705254840670069,15.80712604522705,303741000
2022-11-29 00:00:00-05:00,15.807127459770173,15.911996118227389,15.500513718012343,15.619363784790039,298384000
2022-11-30 00:00:00-05:00,15.681299942560486,16.91306749227581,15.581400530805857,16.90607452392578,565298000
2022-12-01 00:00:00-05:00,16.981997149378614,17.247729922029077,16.61836092346877,17.117860794067383,470977000
2022-12-02 00:00:00-05:00,16.642335529455003,16.916061600637935,16.42854890361822,16.85911750793457,371389000
2022-12-05 00:00:00-05:00,16.662324580985057,16.97800861741379,16.455530815446878,16.593393325805664,352255000
2022-12-06 00:00:00-05:00,16.51346731854358,16.556423578094513,15.803178021322923,15.971010208129883,352694000
2022-12-07 00:00:00-05:00,15.75622928850062,16.169815824778205,15.65133378658821,16.1038818359375,372388000
2022-12-08 00:00:00-05:00,16.256726814348887,17.161820901316364,15.943039749464951,17.151830673217773,515456000
2022-12-09 00:00:00-05:00,17.142838730956267,17.565416038789124,16.95802427651782,16.983997344970703,465338000
2022-12-12 00:00:00-05:00,17.01996623139112,17.52046475837294,16.780206423757168,17.517467498779297,457328000
2022-12-13 00:00:00-05:00,18.512467050361487,18.77120879861469,17.69328744757466,18.053926467895508,656589000
2022-12-14 00:00:00-05:00,17.969014969673864,18.233751301579638,17.402582456218408,17.656328201293945,496888000
2022-12-15 00:00:00-05:00,17.128851458484657,17.302677220211773,16.68329837585279,16.93504524230957,478542000
2022-12-16 00:00:00-05:00,16.847134332454832,17.023957357323482,16.393587913415725,16.554426193237305,478232000
2022-12-19 00:00:00-05:00,16.55542806937623,16.592389818438555,16.128855034819484,16.23774528503418,354039000
2022-12-20 00:00:00-05:00,16.047933599626546,16.293687865100402,15.836146679866738,16.068912506103516,403260000
2022-12-21 00:00:00-05:00,16.097890559426894,16.610378182181357,16.085901519709573,16.4845027923584,325025000
2022-12-22 00:00:00-05:00,16.0779039686439,16.121860588450037,14.867116217993509,15.32365894317627,565045000
2022-12-23 00:00:00-05:00,15.180804715704442,15.323661370905867,14.86811797738712,15.190794944763184,349326000
2022-12-27 00:00:00-05:00,15.058926299176873,15.084900321940324,14.04194370104502,14.106879234313965,464902000
2022-12-28 00:00:00-05:00,13.913070029973484,14.247734995541293,13.870112818253578,14.021961212158203,351066000
2022-12-29 00:00:00-05:00,14.387596879617865,14.668315033901369,14.212771707873936,14.588395118713379,354923000
2022-12-30 00:00:00-05:00,14.319665531261037,14.61437060536108,14.218766699664881,14.599386215209961,310490000
2023-01-03 00:00:00-05:00,14.836147214679976,14.981002656191748,14.081902182591683,14.30068302154541,401277000
2023-01-04 00:00:00-05:00,14.552432867835895,14.838146156406989,14.226758666083303,14.73425006866455,431324000
2023-01-05 00:00:00-05:00,14.476508145483907,14.549435094565505,14.13385075828424,14.250734329223633,389168000
2023-01-06 00:00:00-05:00,14.459523925052371,14.994988100578038,14.019964406631336,14.844139099121094,405044000
2023-01-09 00:00:00-05:00,15.268716532503397,16.039943899153194,15.1258589291099,15.612372398376465,504231000
2023-01-10 00:00:00-05:00,15.491491850303234,15.9460367412462,15.456527005264633,15.89309024810791,384101000
2023-01-11 00:00:00-05:00,15.824158513514837,16.011970219679487,15.547435115356448,15.984996795654297,353285000
2023-01-12 00:00:00-05:00,16.083897626620722,16.620359284778843,15.476504976085742,16.49448585510254,551409000
2023-01-13 00:00:00-05:00,16.261719936070204,16.905076865313244,16.148833986111153,16.882099151611328,447287000
2023-01-17 00:00:00-05:00,16.882102890181493,17.71027444723034,16.882102890181493,17.68429946899414,511102000
2023-01-18 00:00:00-05:00,17.64933195026429,17.8551253151724,17.264716740500983,17.359622955322266,439624000
2023-01-19 00:00:00-05:00,17.018960755905177,17.17980093611209,16.714267402001692,16.748231887817383,452932000
2023-01-20 00:00:00-05:00,16.99399190647013,17.838148286229295,16.808178953481185,17.821165084838867,564967000
2023-01-23 00:00:00-05:00,18.045936361649353,19.225757100654896,17.80018396132877,19.173809051513672,655163000
2023-01-24 00:00:00-05:00,18.808173425147835,19.47550662588318,18.80118045535214,19.24573516845703,496204000
2023-01-25 00:00:00-05:00,18.894084898187952,19.350628576512324,18.561417754150824,19.303674697875977,449537000
2023-01-26 00:00:00-05:00,19.681297222805807,20.14583232825715,19.258719930188406,19.782196044921875,489535000
2023-01-27 00:00:00-05:00,19.442536298366885,20.607370568656833,19.385594095701595,20.344633102416992,542142000
2023-01-30 00:00:00-05:00,19.93004958460622,20.11985820147362,19.13084848856238,19.142837524414062,488611000
2023-01-31 00:00:00-05:00,19.150828232771158,19.667311381220713,18.931048939885837,19.5174617767334,498017000
2023-02-01 00:00:00-05:00,19.671305692212208,21.170803892462075,19.591385781806697,20.922054290771484,660477000
2023-02-02 00:00:00-05:00,20.978997726890935,21.927048029670438,20.679298521540353,21.687288284301758,564276000
2023-02-03 00:00:00-05:00,20.979000905493407,21.723256776011066,20.768211454332956,21.078901290893555,429366000
2023-02-06 00:00:00-05:00,20.78519132864185,21.54842717853091,20.76521087366942,21.067909240722656,452197000
2023-02-07 00:00:00-05:00,21.360614360794933,22.23673802068742,21.12884604934928,22.15082359313965,664150000
2023-02-08 00:00:00-05:00,22.364607929403398,22.85511796527084,21.985987290163227,22.182790756225586,559651000
2023-02-09 00:00:00-05:00,22.58339300958644,22.99697853291516,22.097878989240208,22.314661026000977,523876000
2023-02-10 00:00:00-05:00,21.668308556927258,22.05591910392087,20.790187926657033,21.243732452392578,550737000
2023-02-13 00:00:00-05:00,21.516460573823032,22.025950766178745,20.941036401408137,21.766210556030273,474919000
2023-02-14 00:00:00-05:00,21.556418285015024,23.025947762746878,21.344630419532418,22.948026657104492,675474000
2023-02-15 00:00:00-05:00,22.526448693208266,22.832142420903672,22.08389284711268,22.741233825683594,420575000
2023-02-16 00:00:00-05:00,22.110861403332606,22.52744412587898,21.90506807501612,21.97999382019043,412026000
2023-02-17 00:00:00-05:00,21.609368499758,21.71825874769265,20.95402439345479,21.36661148071289,465888000
2023-02-21 00:00:00-05:00,20.97899838851901,21.472503832330847,20.597380448319672,20.63434410095215,410015000
2023-02-22 00:00:00-05:00,20.686291967581294,21.082894293531137,20.400576787707934,20.733243942260742,513184000
2023-02-23 00:00:00-05:00,23.416558173795323,23.86411008296413,23.001972300962063,23.64033317565918,1117995000
2023-02-24 00:00:00-05:00,23.201776465429027,23.450528025821583,22.92405457439787,23.262714385986328,589716000
2023-02-27 00:00:00-05:00,23.64632871610379,23.85611778942511,23.43054512484724,23.477497100830078,452994000
2023-02-28 00:00:00-05:00,23.348625571073445,23.801173550334713,23.182791220639693,23.192781448364258,455963000
2023-03-01 00:00:00-05:00,23.16880605034979,23.2327431288166,22.48549007597283,22.67530059814453,460026000
2023-03-02 00:00:00-05:00,22.465509649279113,23.356615814296525,22.40956399575206,23.290681838989258,389415000
2023-03-03 00:00:00-05:00,23.29667828013058,23.87609816871999,23.106867758135774,23.866107940673828,412393000
2023-03-06 00:00:00-05:00,23.867107967065923,24.223749385629638,23.463510762437853,23.530445098876953,437429000
2023-03-07 00:00:00-05:00,23.580404618172988,24.104968314326598,23.221701547557327,23.26866340637207,515154000
2023-03-08 00:00:00-05:00,23.467495262178186,24.179904417575,23.4045478535388,24.160919189453125,513573000
2023-03-09 00:00:00-05:00,24.154924912871536,24.43369447307599,23.36358275312628,23.416540145874023,501257000
2023-03-10 00:00:00-05:00,23.38956009205049,23.607379462799077,22.707126734055908,22.9459285736084,474866000
2023-03-13 00:00:00-04:00,22.73310505047063,23.278651119523722,22.278483008632293,22.94692611694336,421890000
2023-03-14 00:00:00-04:00,23.476491591871543,24.198890859033952,23.440520278180596,24.043020248413086,474910000
2023-03-15 00:00:00-04:00,23.741268759575973,24.265832423154546,23.340602676375205,24.207881927490234,524486000
2023-03-16 00:00:00-04:00,24.00704616957806,25.56674868740069,23.874155298745986,25.51978874206543,583253000
2023-03-17 00:00:00-04:00,25.960426557252433,26.37708012413153,25.646686200323746,25.70363998413086,848547000
2023-03-20 00:00:00-04:00,25.593727284385547,26.00238801858856,25.109129452450585,25.878490447998047,432747000
2023-03-21 00:00:00-04:00,26.158264675140984,26.37008855797071,25.359928248716365,26.177248001098633,547408000
2023-03-22 00:00:00-04:00,26.403054661635647,27.566089484334555,26.21521106020196,26.446020126342773,797295000
2023-03-23 00:00:00-04:00,27.092483687984217,27.476165594948146,26.66783736695665,27.168420791625977,564889000
2023-03-24 00:00:00-04:00,27.008555018771276,27.14444177136707,26.333115738961876,26.756763458251953,454920000
2023-03-27 00:00:00-04:00,26.814715931188335,26.977580691716717,26.343107731941966,26.508970260620117,361026000
2023-03-28 00:00:00-04:00,26.42504099387314,26.49098617741666,25.828536573761543,26.388071060180664,356104000
2023-03-29 00:00:00-04:00,26.802727159767205,27.055515439693604,26.57491583467265,26.961593627929688,393694000
2023-03-30 00:00:00-04:00,27.206390462009303,27.476166724602162,27.07949510855174,27.360261917114258,364516000
2023-03-31 00:00:00-04:00,27.117462777878853,27.81088673556325,27.082491993767807,27.753934860229492,433933000
2023-04-03 00:00:00-04:00,27.486159344006186,27.976750876466422,27.313302654961962,27.94178009033203,398716000
2023-04-04 00:00:00-04:00,27.942776983152683,27.976749146372356,27.284323812201485,27.43020248413086,368592000
2023-04-05 00:00:00-04:00,26.806721952265576,26.975580335763187,26.37308232607004,26.858678817749023,515015000
2023-04-06 00:00:00-04:00,26.561920652211157,27.05750899579146,26.405051458084227,27.014545440673828,397654000
2023-04-10 00:00:00-04:00,26.80072620018478,27.598063878336834,26.64685475224009,27.55609893798828,395279000
2023-04-11 00:00:00-04:00,27.70097606708646,27.76692123864769,27.10347122895872,27.14643669128418,314378000
2023-04-12 00:00:00-04:00,27.347274949110663,27.445193150748228,26.426039620920893,26.47300148010254,446259000
2023-04-13 00:00:00-04:00,26.71179965358217,26.864672482211642,26.307137180511106,26.441024780273438,353615000
2023-04-14 00:00:00-04:00,26.481988137925153,26.860673088743237,26.198223603530394,26.735776901245117,395660000
2023-04-17 00:00:00-04:00,26.54293875740368,26.983572499232327,26.411048411628634,26.979576110839844,321471000
2023-04-18 00:00:00-04:00,27.51013630310621,28.086656800927294,27.334281866827425,27.644023895263672,604812000
2023-04-19 00:00:00-04:00,27.33827814990457,27.976747432102734,27.2093855674829,27.907804489135742,358660000
2023-04-20 00:00:00-04:00,27.648021986147068,28.00672503718342,26.97757964609056,27.081493377685547,427713000
2023-04-21 00:00:00-04:00,26.929616382803516,27.16042543986034,26.699807852164234,27.096477508544922,345103000
2023-04-24 00:00:00-04:00,26.990567448071825,27.343273032566316,26.648850502655943,27.019542694091797,339282000
2023-04-25 00:00:00-04:00,27.055514550596037,27.22437484436602,26.20322411553106,26.219209671020508,378527000
2023-04-26 00:00:00-04:00,26.97957605431513,27.307302770987576,26.682821824060706,26.933612823486328,406337000
2023-04-27 00:00:00-04:00,27.34027738715415,27.472167737847915,26.60288938694917,27.20339012145996,377161000
2023-04-28 00:00:00-04:00,27.20239283065348,27.734949268700237,27.04851947681164,27.7259578704834,292216000
2023-05-01 00:00:00-04:00,27.8168827543935,29.033871779873245,27.75693310998625,28.88599395751953,570329000
2023-05-02 00:00:00-04:00,28.656183952378868,28.812054544580096,28.05967958921287,28.186573028564453,402730000
2023-05-03 00:00:00-04:00,27.8168839597217,28.3434468063841,27.449189488099005,27.778915405273438,383387000
2023-05-04 00:00:00-04:00,27.628038892272958,27.835866361148614,27.217380869969254,27.539113998413086,321850000
2023-05-05 00:00:00-04:00,27.802892348359304,28.731119816226787,27.707971926376775,28.65618324279785,361494000
2023-05-08 00:00:00-04:00,28.498315501122327,29.19573585601291,28.326459346526057,29.126792907714844,344979000
2023-05-09 00:00:00-04:00,28.87500228440972,28.94894023981755,28.426375730996305,28.547273635864258,314869000
2023-05-10 00:00:00-04:00,28.980912694288506,29.088824715990746,28.437365725975784,28.861013412475586,369350000
2023-05-11 00:00:00-04:00,28.87200653679025,28.925962552461296,28.22254663595356,28.554269790649414,322149000
2023-05-12 00:00:00-04:00,28.505309520725387,28.756102453152394,28.022710790728325,28.31646728515625,274222000
2023-05-15 00:00:00-04:00,28.484321177519124,28.94493872116895,28.128617871098005,28.928951263427734,293926000
2023-05-16 00:00:00-04:00,28.817050841568992,29.845197623603145,28.808059443130762,29.18874168395996,449405000
2023-05-17 00:00:00-04:00,29.55943412398546,30.173923220986072,29.405562670982768,30.15294075012207,432535000
2023-05-18 00:00:00-04:00,30.384746671659997,31.801568399451863,30.294821257305664,31.65169334411621,748725000
2023-05-19 00:00:00-04:00,31.50981251370551,31.553776602186183,30.89032841498642,31.238039016723633,473908000
2023-05-22 00:00:00-04:00,30.875340877060037,31.493828286869693,30.654525616110014,31.150114059448242,372000000
2023-05-23 00:00:00-04:00,30.974256822059314,31.262017766354816,30.60556376728732,30.66251564025879,356253000
2023-05-24 00:00:00-04:00,30.184913250484932,30.58158485433067,29.781249395568967,30.51264190673828,721419000
2023-05-25 00:00:00-04:00,38.49100796728165,39.44721397289926,36.60457534049064,37.94845962524414,1543911000
2023-05-26 00:00:00-04:00,37.858535295090505,39.137471155324974,37.51881748077454,38.913658142089844,714397000
2023-05-30 00:00:00-04:00,40.56128548762709,41.90316857958582,39.915822107319386,40.07768630981445,923401000
2023-05-31 00:00:00-04:00,39.45520761311079,40.26153667698876,37.79059071532984,37.802581787109375,1002580000
2023-06-01 00:00:00-04:00,38.45703459331072,40.0167390585578,38.30816007086099,39.73697280883789,635873000
2023-06-02 00:00:00-04:00,40.063703080946816,40.46636830283073,39.025564415674026,39.294342041015625,482731000
2023-06-05 00:00:00-04:00,38.87669004097322,39.5321435245976,38.674858118858616,39.13847351074219,396094000
2023-06-06 00:00:00-04:00,38.79775882224138,39.12748282035394,38.116322111286685,38.62190246582031,388729000
2023-06-07 00:00:00-04:00,38.886705495226614,39.47028049803264,37.32883713586247,37.447750091552734,511998000
2023-06-08 00:00:00-04:00,37.69657436729438,38.835744998272645,37.47773561947334,38.48200225830078,417772000
2023-06-09 00:00:00-04:00,39.00862167695387,39.682131514283476,38.53896592503453,38.741817474365234,427717000
2023-06-12 00:00:00-04:00,39.17150398137998,39.501262102808724,38.58992633945342,39.45329666137695,388701000
2023-06-13 00:00:00-04:00,40.15678903495475,41.07112482299617,39.71111409271858,40.99217987060547,613208000
2023-06-14 00:00:00-04:00,40.79432339392405,42.96874019088657,40.52251795887016,42.96574401855469,740465000
2023-06-15 00:00:00-04:00,42.571032403423146,43.25753327513272,42.116361328067455,42.62199401855469,568622000
2023-06-16 00:00:00-04:00,43.41840556812391,43.68920841570231,42.62997783526068,42.66095733642578,655709000
2023-06-20 00:00:00-04:00,42.966744812657,43.95802428329941,42.64297902478398,43.776153564453125,451153000
2023-06-21 00:00:00-04:00,43.46936828442457,43.58328761702222,42.04940392408919,43.01369857788086,551603000
2023-06-22 00:00:00-04:00,42.22227910485018,43.39442663272672,42.20329572401854,42.99372100830078,417737000
2023-06-23 00:00:00-04:00,42.43312605670876,42.77787262265415,41.984451203476524,42.17831039428711,358140000
2023-06-26 00:00:00-04:00,42.43013175413964,42.732912892803704,40.070848008649996,40.60246276855469,594322000
2023-06-27 00:00:00-04:00,40.769337698334375,41.90950699852485,40.41859495947549,41.84555435180664,462175000
2023-06-28 00:00:00-04:00,40.63044389045078,41.81458388032518,40.488548818702085,41.08711242675781,582639000
2023-06-29 00:00:00-04:00,41.527785226902004,41.56975450915622,40.57048152757147,40.792320251464844,380514000
2023-06-30 00:00:00-04:00,41.64969465752979,42.51906101069841,41.470823955071786,42.271240234375,501148000
2023-07-03 00:00:00-04:00,42.48608848507777,42.8668120169638,42.171318861986485,42.382164001464844,198209000
2023-07-05 00:00:00-04:00,42.10436890718979,43.14561125771648,42.05440601633571,42.28623962402344,323618000
2023-07-06 00:00:00-04:00,41.813588515335326,42.1483441141937,41.31594937620937,42.0723991394043,303582000
2023-07-07 00:00:00-04:00,42.29123113247118,43.18258476591584,42.14933607210184,42.47209930419922,355881000
2023-07-10 00:00:00-04:00,42.62599220515189,42.77987958473674,41.618721733111734,42.14933776855469,353908000
2023-07-11 00:00:00-04:00,42.4501209970387,42.72692008207876,42.036424267728336,42.374176025390625,298244000
2023-07-12 00:00:00-04:00,43.001715152832105,43.903059808967086,42.74590075117866,43.87008285522461,481277000
2023-07-13 00:00:00-04:00,44.485637843052004,46.12144500110187,44.459655768689124,45.94357681274414,478204000
2023-07-14 00:00:00-04:00,46.54913208580055,48.05303894524698,45.027240569884796,45.435943603515625,772075000
2023-07-17 00:00:00-04:00,46.25535497097536,46.462201427028674,45.2291010485681,46.42722702026367,510488000
2023-07-18 00:00:00-04:00,46.66704987722195,47.86118084029625,45.70075380485252,47.45947265625,569164000
2023-07-19 00:00:00-04:00,47.42949003823852,47.78323273939186,46.708014876201304,47.04277038574219,427502000
2023-07-20 00:00:00-04:00,46.473189933800484,47.052770110424305,45.029240736563175,45.486907958984375,537865000
2023-07-21 00:00:00-04:00,45.754707765315004,45.83265398251241,44.067935310129315,44.27678298950195,963769000
2023-07-24 00:00:00-04:00,44.69847992512501,45.076207287411634,44.00798419764258,44.579566955566406,382516000
2023-07-25 00:00:00-04:00,44.90833520333714,46.14942918660317,44.890346731901275,45.64579772949219,348081000
2023-07-26 00:00:00-04:00,45.98754334626847,46.01952157703273,44.59755574079193,45.4189567565918,364237000
2023-07-27 00:00:00-04:00,46.48518000024853,47.360542567448725,45.716738084889066,45.86663055419922,455976000
2023-07-28 00:00:00-04:00,46.63406993246034,46.9928100852104,46.34727984222391,46.71601104736328,331194000
2023-07-31 00:00:00-04:00,46.72000974655935,47.095735831876695,46.47218895380473,46.69502639770508,251055000
2023-08-01 00:00:00-04:00,46.426227402155924,46.8659100066495,45.99354349080503,46.47319412231445,237858000
2023-08-02 00:00:00-04:00,45.79767712081911,45.80666944850336,43.35545393271358,44.236812591552734,530142000
2023-08-03 00:00:00-04:00,43.76815892788042,45.08520160367777,43.76815892788042,44.48263931274414,324176000
2023-08-04 00:00:00-04:00,44.95229672936695,45.6088167758493,44.36072805590183,44.647518157958984,362666000
2023-08-07 00:00:00-04:00,45.078210093853784,45.50689911921515,44.53060808479913,45.38398742675781,322154000
2023-08-08 00:00:00-04:00,44.820388704613485,45.20910580762462,44.0239673068551,44.631526947021484,353843000
2023-08-09 00:00:00-04:00,44.24180664104453,44.27978102394421,42.10336324472602,42.5230598449707,586449000
2023-08-10 00:00:00-04:00,42.12934668006803,43.542320070346236,41.80458221463355,42.357181549072266,492705000
2023-08-11 00:00:00-04:00,41.72064683355446,41.98745483103536,40.609455735906536,40.82529830932617,533085000
2023-08-14 00:00:00-04:00,40.456568112182865,43.768158123210526,40.28169609363209,43.72119140625,690286000
2023-08-15 00:00:00-04:00,44.52760248933731,45.23508789652122,43.67821822396301,43.908050537109375,676512000
2023-08-16 00:00:00-04:00,44.487644199830925,44.6425303290732,43.3744516068871,43.45439529418945,527451000
2023-08-17 00:00:00-04:00,43.93803287430319,44.02996504043604,42.9697356160732,43.3124885559082,452395000
2023-08-18 00:00:00-04:00,42.603998420369834,43.54631355808522,41.6297088674994,43.26751708984375,583768000
2023-08-21 00:00:00-04:00,44.46165562877054,47.030785847728,44.18985399309083,46.932857513427734,692573000
2023-08-22 00:00:00-04:00,48.100005574504046,48.15196972371808,45.30004440741636,45.63479995727539,755293000
2023-08-23 00:00:00-04:00,45.832657681466124,47.165687530536545,45.175135085824124,47.081748962402344,779046000
2023-08-24 00:00:00-04:00,50.179489575369686,50.22945246000163,47.124712989648934,47.12870788574219,1156044000
2023-08-25 00:00:00-04:00,46.97782740620056,47.77025023235798,44.99126973402356,45.98455047607422,925341000
2023-08-28 00:00:00-04:00,46.44820888033288,46.945847962697144,44.85536966380344,46.80095291137695,685192000
2023-08-29 00:00:00-04:00,46.632071231077255,49.04531628812588,46.35726964870884,48.748531341552734,701397000
2023-08-30 00:00:00-04:00,49.008338674508195,49.89069606305402,48.389789269751844,49.228179931640625,735206000
2023-08-31 00:00:00-04:00,49.34409803291717,49.70783179133412,48.92240397480696,49.319114685058594,528570000
2023-09-01 00:00:00-04:00,49.72582320725818,49.76379378137674,48.10699823052651,48.473731994628906,463830000
2023-09-05 00:00:00-04:00,48.18794226373671,48.81548788347983,47.82520719547016,48.5127067565918,382653000
2023-09-06 00:00:00-04:00,48.409777901490216,48.51770618274076,46.549977399633065,47.03066635131836,468670000
2023-09-07 00:00:00-04:00,45.495662543006624,46.314134975322325,45.122901828173426,46.21120071411133,433330000
2023-09-08 00:00:00-04:00,45.912385845022,46.575955463730146,45.241816956969146,45.54262161254883,473069000
2023-09-11 00:00:00-04:00,46.1182482612765,46.133237981165,44.28343335195331,45.14887619018555,473966000
2023-09-12 00:00:00-04:00,44.709153407474325,45.643551923371255,44.502286142152805,44.841068267822266,349256000
2023-09-13 00:00:00-04:00,44.571245445404095,45.90038984188142,44.474307858028645,45.4556770324707,398355000
2023-09-14 00:00:00-04:00,45.920385958902,45.95736086196473,45.10191356092752,45.5516242980957,370097000
2023-09-15 00:00:00-04:00,45.31176544872774,45.56959852066616,43.779752923471165,43.87169647216797,506831000
2023-09-18 00:00:00-04:00,42.72044680408226,44.213483290506936,41.97292784828809,43.937660217285156,500271000
2023-09-19 00:00:00-04:00,43.80474129556245,43.93765497175379,42.97427575565499,43.491943359375,373064000
2023-09-20 00:00:00-04:00,43.571891798323115,43.874697872716084,42.1957805773011,42.211769104003906,367108000
2023-09-21 00:00:00-04:00,41.5561956700247,42.07286070255986,40.95358372498065,40.99055862426758,450736000
2023-09-22 00:00:00-04:00,41.54519814398996,42.087851165439716,41.204418374834624,41.58317565917969,479236000
2023-09-25 00:00:00-04:00,41.564184746897794,42.50857517454085,41.15045020013546,42.19477844238281,419091000
2023-09-26 00:00:00-04:00,41.97392575085955,42.79239807025896,41.62814811031587,41.88398361206055,402282000
2023-09-27 00:00:00-04:00,42.30271271186717,42.844363114706354,41.60216441597511,42.44062042236328,444935000
2023-09-28 00:00:00-04:00,42.432618445848725,43.41798267758721,42.08784351392444,43.061214447021484,424663000
2023-09-29 00:00:00-04:00,43.79874253504086,44.11553949357653,43.27907734367155,43.47095489501953,397830000
2023-10-02 00:00:00-04:00,44.00161019361143,45.14587240598545,43.83272043820974,44.75312805175781,433298000
2023-10-03 00:00:00-04:00,44.77910920077743,45.10090400420974,43.2181160083425,43.48894119262695,470850000
2023-10-04 00:00:00-04:00,43.71380433905175,44.11454682903524,43.26409364811851,44.012611389160156,361821000
2023-10-05 00:00:00-04:00,44.02160569733858,44.87106009571042,43.859711368944936,44.65919494628906,393483000
2023-10-06 00:00:00-04:00,44.16451314682261,45.75948500590108,43.99762098117797,45.73250198364258,434436000
2023-10-09 00:00:00-04:00,44.81309065878453,45.575599261777526,44.339397209393,45.243812561035156,409675000
2023-10-10 00:00:00-04:00,45.28079400115597,46.229179763507624,45.05893698303584,45.76847839355469,368582000
2023-10-11 00:00:00-04:00,46.16621813703432,46.82879273607268,46.02031234982247,46.77582550048828,378137000
2023-10-12 00:00:00-04:00,46.74683912853525,47.578303395976704,46.300128752154,46.914730072021484,481325000
2023-10-13 00:00:00-04:00,46.92972437247631,47.0856258439627,45.25080714920821,45.43169021606445,474115000
2023-10-16 00:00:00-04:00,45.03394854361238,46.19519817588755,44.8830449142491,46.065284729003906,375099000
2023-10-17 00:00:00-04:00,43.97163208495719,44.72514757843825,42.45261161000831,43.909671783447266,812333000
2023-10-18 00:00:00-04:00,42.56354620148906,43.19114356919589,41.79804111040275,42.168800354003906,627294000
2023-10-19 00:00:00-04:00,42.78340929051087,43.269096126284076,41.85500717367188,42.07386779785156,501233000
2023-10-20 00:00:00-04:00,41.862987418638,42.442615246520695,41.051510746944686,41.360313415527344,477266000
2023-10-23 00:00:00-04:00,41.20242325687503,43.22012278548461,40.91860593108143,42.947296142578125,478530000
2023-10-24 00:00:00-04:00,43.04922503107713,43.668824208033044,42.663476137534204,43.63484573364258,401463000
2023-10-25 00:00:00-04:00,43.37002340053755,43.62186366950043,41.52821293771827,41.75206756591797,398379000
2023-10-26 00:00:00-04:00,41.82601906009142,42.22875913409801,39.85429143072344,40.30000305175781,541001000
2023-10-27 00:00:00-04:00,41.103483284155644,41.17943449809006,39.98920048176121,40.4738883972168,416784000
2023-10-30 00:00:00-04:00,41.060522085594386,41.73908152597166,40.454909834136004,41.13447189331055,388028000
2023-10-31 00:00:00-04:00,40.42391883550711,40.85264307272008,39.20470426456185,40.75370407104492,517969000
2023-11-01 00:00:00-04:00,40.85765239612764,42.353689345975745,40.842662672388876,42.297725677490234,437593000
2023-11-02 00:00:00-04:00,43.30006060911841,43.85570184848127,42.866342349318806,43.47794723510742,409172000
2023-11-03 00:00:00-04:00,43.99162089726106,45.27978753454021,43.694811487819166,44.97598648071289,424610000
2023-11-06 00:00:00-05:00,45.25580880956027,45.905391339762694,44.870056042056,45.72150802612305,400733000
2023-11-07 00:00:00-05:00,45.68952896873558,46.18820402459903,45.128889794516326,45.925376892089844,343165000
2023-11-08 00:00:00-05:00,46.07027857367067,46.83678620591324,45.93836370236791,46.543975830078125,346719000
2023-11-09 00:00:00-05:00,47.43639611181253,48.198904678121394,46.719859321767146,46.91973114013672,540496000
2023-11-10 00:00:00-05:00,47.46937607383316,48.44074953358826,47.252516922257165,48.303836822509766,421245000
2023-11-13 00:00:00-05:00,48.28884773723465,49.08433598855006,48.06798954522677,48.588653564453125,384136000
2023-11-14 00:00:00-05:00,49.64797189172138,49.801871937843956,49.00838510603704,49.623985290527344,416954000
2023-11-15 00:00:00-05:00,49.902809365822506,49.927790961524366,48.168927272564574,48.856483459472656,475497000
2023-11-16 00:00:00-05:00,48.64761873945954,49.49307401570829,48.29884470682521,49.44810104370117,339756000
2023-11-17 00:00:00-05:00,49.49207615888525,49.68495254819164,48.975411113822275,49.2662239074707,325205000
2023-11-20 00:00:00-05:00,49.28021007685078,50.515413319946866,49.14929401076898,50.376502990722656,414120000
2023-11-21 00:00:00-05:00,50.09368225266799,50.48442900851123,49.1902657498463,49.911800384521484,565747000
2023-11-22 00:00:00-05:00,49.819862426084605,50.302548939584284,47.659253670052365,48.684593200683594,899420000
2023-11-24 00:00:00-05:00,48.438750082118126,48.88945951237367,47.7142152401005,47.74519729614258,294645000
2023-11-27 00:00:00-05:00,47.76917918519112,48.49870804491457,47.621275800712816,48.21089553833008,395662000
2023-11-28 00:00:00-05:00,48.204898277235316,48.29184398043461,47.442389759187826,47.790164947509766,401491000
2023-11-29 00:00:00-05:00,48.347811153163846,48.73056364947179,47.82914475163215,48.10896301269531,382005000
2023-11-30 00:00:00-05:00,47.993034557521675,48.07898145694806,46.392070077516905,46.739845275878906,526247000
2023-12-01 00:00:00-05:00,46.495004895434896,47.16956893202257,46.15722156787437,46.73484802246094,369317000
2023-12-04 00:00:00-05:00,46.04729530005155,46.04729530005155,44.98098181883111,45.48065948486328,437543000
2023-12-05 00:00:00-05:00,45.44068732474864,46.574054864592355,45.245796192072625,46.540077209472656,371718000
2023-12-06 00:00:00-05:00,47.188709647488736,47.36061475805966,45.38671220041947,45.4776611328125,380590000
2023-12-07 00:00:00-05:00,45.67455214099108,46.603035669637734,45.57860492878931,46.57005310058594,350823000
2023-12-08 00:00:00-05:00,46.5690536083124,47.71441533754204,46.52407668516983,47.47954559326172,359224000
2023-12-11 00:00:00-05:00,47.46455720613541,47.504532035793474,45.8044827851011,46.601036071777344,509728000
2023-12-12 00:00:00-05:00,46.02036339199116,47.63946032153252,46.02036339199116,47.63046646118164,372387000
2023-12-13 00:00:00-05:00,47.60248182794816,48.5669446692335,47.58149361223289,48.06122589111328,447792000
2023-12-14 00:00:00-05:00,48.36305679932983,48.64289968086901,47.395597257027774,48.32307815551758,391232000
2023-12-15 00:00:00-05:00,48.16716609290554,49.37649145661912,48.09320598416868,48.86277770996094,479948000
2023-12-18 00:00:00-05:00,49.372493076088325,50.404914981750885,49.12263228888661,50.04911422729492,412587000
2023-12-19 00:00:00-05:00,49.396473996646186,49.67232125952952,48.86776928450163,49.57637405395508,464444000
2023-12-20 00:00:00-05:00,49.62734838444094,49.97115859701397,48.07121619318162,48.08420944213867,397894000
2023-12-21 00:00:00-05:00,48.78381779537504,49.067660031222275,48.3920339970984,48.96271896362305,300425000
2023-12-22 00:00:00-05:00,49.16760912555352,49.35550417725914,48.440013817586234,48.80281448364258,252507000
2023-12-26 00:00:00-05:00,48.940732556066926,49.57238062064836,48.93273759007069,49.25156021118164,244200000
2023-12-27 00:00:00-05:00,49.483437657255976,49.65234228998856,49.05767232034617,49.389488220214844,233648000
2023-12-28 00:00:00-05:00,49.615361553511725,49.85622468658464,49.38448736257904,49.49442672729492,246587000
2023-12-29 00:00:00-05:00,49.78526507165566,49.96916454651592,48.72385609264306,49.49442672729492,389293000
2024-01-02 00:00:00-05:00,49.216575301212856,49.26754558758411,47.568495374432075,48.14117431640625,411254000
2024-01-03 00:00:00-05:00,47.45855812854748,48.15716638258974,47.29364909537562,47.542510986328125,320896000
2024-01-04 00:00:00-05:00,47.74040114665584,48.47299471292731,47.48154648897857,47.971275329589844,306535000
2024-01-05 00:00:00-05:00,48.43501546755193,49.5194103643003,48.27910029347317,49.06966018676758,415039000
2024-01-08 00:00:00-05:00,49.48443254074205,52.24589457837139,49.45144996976697,52.22390365600586,642510000
2024-01-09 00:00:00-05:00,52.37182563719699,54.29475419696261,51.66121915258384,53.11041259765625,773100000
2024-01-10 00:00:00-05:00,53.58614782430592,54.569597281107285,53.45921582315341,54.31973648071289,533796000
2024-01-11 00:00:00-05:00,54.96837295906674,55.31517984530642,53.530175126278365,54.79146957397461,596759000
2024-01-12 00:00:00-05:00,54.58958487431233,54.93939227133335,54.29974925258684,54.679534912109375,352994000
2024-01-16 00:00:00-05:00,54.98736982997111,56.803355729677996,54.86943549694436,56.350608825683594,449580000
2024-01-17 00:00:00-05:00,56.31562839717504,56.43955990801359,54.70952466514394,56.021793365478516,474394000
2024-01-18 00:00:00-05:00,57.22811763397988,57.567928484455464,56.0757597125632,57.07520294189453,491650000
2024-01-19 00:00:00-05:00,57.95670795373914,59.46686815803494,57.1931334387279,59.4578742980957,543501000
2024-01-22 00:00:00-05:00,60.01556528618006,60.29740976678535,59.037110289114665,59.620784759521484,452955000
2024-01-23 00:00:00-05:00,59.536831763324194,59.876642607504685,58.55237959065836,59.839664459228516,294654000
2024-01-24 00:00:00-05:00,60.27042548611156,62.814006680232,59.90462813486255,61.32783508300781,560271000
2024-01-25 00:00:00-05:00,62.31528866145344,62.684086535770675,60.81612370107293,61.582698822021484,482777000
2024-01-26 00:00:00-05:00,60.926057292697806,61.748600916766215,60.53927554518053,60.99701690673828,390309000
2024-01-29 00:00:00-05:00,61.19790260674366,62.4542026404575,60.87308662667512,62.43021774291992,348733000
2024-01-30 00:00:00-05:00,62.86497729318725,63.457645602005435,62.225330458008614,62.739044189453125,410735000
2024-01-31 00:00:00-05:00,61.40578727537811,62.23432804617364,60.66620146120928,61.492740631103516,453795000
2024-02-01 00:00:00-05:00,62.06542319875055,63.15581918121957,61.6156767942891,62.99190902709961,369146000
2024-02-02 00:00:00-05:00,63.93837399186544,66.56291110918288,63.654531745686434,66.12316131591797,476578000
2024-02-05 00:00:00-05:00,68.18701012748092,69.45830503749701,67.16758142852466,69.29339599609375,680078000
2024-02-06 00:00:00-05:00,69.59123486457555,69.7151663839092,66.26309444052819,68.18502044677734,683111000
2024-02-07 00:00:00-05:00,68.28095195120673,70.18089422020962,67.56235060844563,70.0599594116211,495575000
2024-02-08 00:00:00-05:00,70.0349761659854,70.75457644757603,69.41632519274872,69.60221862792969,414422000
2024-02-09 00:00:00-05:00,70.49374174629027,72.14482274694846,70.17292125397418,72.09285736083984,436637000
2024-02-12 00:00:00-05:00,72.55957267433736,74.56945447682682,71.21032591879988,72.20777130126953,613710000
2024-02-13 00:00:00-05:00,70.36081744123659,73.40911526024477,69.58125280309775,72.08785247802734,602580000
2024-02-14 00:00:00-05:00,73.16125433620005,74.19467532641171,71.89795802434332,73.8588638305664,504917000
2024-02-15 00:00:00-05:00,73.82787028335872,73.93380643951798,72.35968650824275,72.61753845214844,420122000
2024-02-16 00:00:00-05:00,74.05873462198204,74.36056840015162,72.46062602851259,72.57256317138672,495327000
2024-02-20 00:00:00-05:00,71.90693589131082,71.91593356383504,67.6962844049487,69.413330078125,704833000
2024-02-21 00:00:00-05:00,67.96813224619191,68.84964494727922,66.21111545956025,67.43443298339844,673755000
2024-02-22 00:00:00-05:00,74.9832259524774,78.53124465919488,74.17867388920303,78.49427032470703,865100000
2024-02-23 00:00:00-05:00,80.7450259181588,82.34812926609345,77.5268172404039,78.77312469482422,829388000
2024-02-26 00:00:00-05:00,79.6556292519544,80.60110940022084,78.4612947940882,79.0479736328125,503973000
2024-02-27 00:00:00-05:00,79.3367948159067,79.43574633865495,77.11903628247967,78.65717315673828,391705000
2024-02-28 00:00:00-05:00,77.57679090590065,78.88905585844033,77.08206373235477,77.61976623535156,393110000
2024-02-29 00:00:00-05:00,79.04995204006282,79.94544912775561,78.30636310105034,79.06793975830078,507289000
2024-03-01 00:00:00-05:00,79.95544705800646,82.2541692109824,79.39075927311268,82.2331771850586,479135000
2024-03-04 00:00:00-05:00,84.08315120139147,87.64616854479111,83.67238457234258,85.18953704833984,615616000
2024-03-05 00:00:00-05:00,85.22652719248794,86.05310907669562,83.37447499815761,85.92017364501953,520639000
2024-03-06 00:00:00-05:00,87.97712182383515,89.67824984643924,86.9856232402923,88.65476989746094,582520000
2024-03-07 00:00:00-05:00,90.1120285672104,92.71969948396085,89.55631229713433,92.62174987792969,608119000
2024-03-08 00:00:00-05:00,95.08949635927887,97.35034416273697,86.46189342253078,87.4833755493164,1142269000
2024-03-11 00:00:00-04:00,86.38492752767289,88.75171621511622,84.1230810265849,85.73026275634766,678364000
2024-03-12 00:00:00-04:00,88.00411383105026,91.91311538288066,86.10607991861596,91.86614227294922,668075000
2024-03-13 00:00:00-04:00,91.00855892799535,91.45732742042443,88.38989247854538,90.84164428710938,635713000
2024-03-14 00:00:00-04:00,89.53132517509458,90.59978030033041,86.55583824442805,87.89915466308594,602318000
2024-03-15 00:00:00-04:00,86.88567820084742,89.500341723681,86.21302481365912,87.7922134399414,642086000
2024-03-18 00:00:00-04:00,90.3419098330075,92.35787961611925,87.04059269589636,88.40989685058594,668976000
2024-03-19 00:00:00-04:00,86.65578707702176,90.49782872213696,84.96665402343716,89.3524169921875,672171000
2024-03-20 00:00:00-04:00,89.75120872764549,90.36390274155225,88.17801382637771,90.32592010498047,479063000
2024-03-21 00:00:00-04:00,92.25293104894116,92.60075314567852,90.35889320815413,91.38836669921875,480372000
2024-03-22 00:00:00-04:00,91.09450889606876,94.72965474250465,90.78766628618573,94.24090576171875,586719000
2024-03-25 00:00:00-04:00,93.89309629655145,96.71665262612369,93.46231633076846,94.95355224609375,552136000
2024-03-26 00:00:00-04:00,95.8021249691622,96.32585986372577,92.4548335490284,92.51380157470703,513648000
2024-03-27 00:00:00-04:00,93.06452747722804,93.19246057085654,89.07756280706721,90.20398712158203,586067000
2024-03-28 00:00:00-04:00,89.95410001839039,91.25344006885744,89.14751238127785,90.30992126464844,435212000
2024-04-01 00:00:00-04:00,90.25295469319977,92.17796738530402,89.15851187965868,90.3169174194336,452441000
2024-04-02 00:00:00-04:00,88.40290143443588,90.04806591651656,87.57532830065864,89.4063949584961,433064000
2024-04-03 00:00:00-04:00,88.43888153844358,90.32791718260744,88.35492473761427,88.91863250732422,370067000
2024-04-04 00:00:00-04:00,90.35988689456467,90.58777505707383,85.83619439258581,85.8611831665039,434965000
2024-04-05 00:00:00-04:00,86.82170353525082,88.43588552210704,85.88218803532831,87.96312713623047,399678000
2024-04-08 00:00:00-04:00,88.65476426391245,88.78470285055779,86.68777315554529,87.08856964111328,283220000
2024-04-09 00:00:00-04:00,87.39740306681414,87.59030542356439,82.97965924126275,85.31046295166016,501700000
2024-04-10 00:00:00-04:00,83.8832095968993,87.35543726810234,83.66631737551937,86.99462127685547,431929000
2024-04-11 00:00:00-04:00,87.37543150360503,90.6927397233091,86.88168767581091,90.5698013305664,431637000
2024-04-12 00:00:00-04:00,89.65326609988566,90.1290289713359,87.4853732060557,88.14103698730469,426805000
2024-04-15 00:00:00-04:00,89.05255868186178,90.56678540632922,85.88517618535235,85.95713806152344,443077000
2024-04-16 00:00:00-04:00,86.38892089132743,88.0730591608871,86.02011339953525,87.37042236328125,370453000
2024-04-17 00:00:00-04:00,88.2949386437983,88.72972195798647,83.90717836732355,83.99214172363281,495400000
2024-04-18 00:00:00-04:00,84.92666635523963,86.14604537295341,82.35997524716916,84.62781524658203,447260000
2024-04-19 00:00:00-04:00,83.10760101811651,84.28099833646611,75.56744919546927,76.16114044189453,875198000
2024-04-22 00:00:00-04:00,78.0641671154843,80.03216479233348,76.36104131725212,79.47744750976562,596341000
2024-04-23 00:00:00-04:00,80.7278102893302,82.72679042021001,80.2230705514645,82.38096618652344,438559000
2024-04-24 00:00:00-04:00,83.90718362535628,84.0391200894545,79.14261643671647,79.63636779785156,512208000
2024-04-25 00:00:00-04:00,78.82777847791279,83.28050853708768,78.18311074273281,82.5898666381836,424641000
2024-04-26 00:00:00-04:00,83.77526671112514,88.28596627439501,83.34448669778978,87.69026947021484,551011000
2024-04-29 00:00:00-04:00,87.55032980991761,87.94712289586843,85.2225151665247,87.71224975585938,388971000
2024-04-30 00:00:00-04:00,87.195526189522,88.77372365378562,86.25601055156,86.35795593261719,363709000
2024-05-01 00:00:00-04:00,85.0336065353816,85.95613224492045,81.21354987762143,82.99864196777344,559863000
2024-05-02 00:00:00-04:00,84.40593290133356,86.19302312746696,83.15756927733226,85.77323913574219,377898000
2024-05-03 00:00:00-04:00,87.7442309865165,89.23546686580507,86.99561241116382,88.74372100830078,398341000
2024-05-06 00:00:00-04:00,89.34441239026923,92.17297098055205,89.00958414820802,92.09300994873047,376203000
2024-05-07 00:00:00-04:00,91.05153374398775,91.73418402804691,88.96560026111723,90.5078125,437342000
2024-05-08 00:00:00-04:00,89.43737100980039,91.14749704338682,89.37439959760155,90.36589813232422,325721000
2024-05-09 00:00:00-04:00,90.48283300975697,91.02555536852674,88.18600837888344,88.70174407958984,378013000
2024-05-10 00:00:00-04:00,90.25895279926722,91.3543946079418,89.18149955504683,89.83216857910156,335325000
2024-05-13 00:00:00-04:00,90.43185974293648,90.95159885169748,88.48385608988069,90.3529052734375,289680000
2024-05-14 00:00:00-04:00,89.55331737042562,91.60427311943869,88.8886555026712,91.3094253540039,296507000
2024-05-15 00:00:00-04:00,92.42484465754981,94.81362528334245,91.55228873986127,94.58174133300781,417735000
2024-05-16 00:00:00-04:00,94.8616117597436,95.77014487035822,94.05501639356171,94.3108901977539,323952000
2024-05-17 00:00:00-04:00,94.32089003310901,94.69169545244071,91.75919321941595,92.43184661865234,359691000
2024-05-20 00:00:00-04:00,93.70220811729594,95.1514658859747,93.39236858928308,94.73168182373047,318764000
2024-05-21 00:00:00-04:00,93.55126534071833,95.35134936664903,93.1324803037148,95.33735656738281,328946000
2024-05-22 00:00:00-04:00,95.41030860895643,95.97101946900305,93.2014367845715,94.90156555175781,548648000
2024-05-23 00:00:00-04:00,101.97597776870575,106.26578917767765,101.46823355489357,103.74607849121094,835065000
2024-05-24 00:00:00-04:00,104.39572928386976,106.42069701496759,102.94747076428304,106.41470336914062,429494000
2024-05-28 00:00:00-04:00,110.18778556165118,114.88039109228285,109.8269695886833,113.8429183959961,652728000
2024-05-29 00:00:00-04:00,112.99235261607853,115.43310102209165,110.84444643564275,114.76644134521484,557442000
2024-05-30 00:00:00-04:00,114.59155031014234,115.75995304588886,109.607093285824,110.44366455078125,484553000
2024-05-31 00:00:00-04:00,112.46260836488604,112.65951411190449,106.88546011300409,109.57708740234375,613263000
2024-06-03 00:00:00-04:00,113.56305829627723,114.94135284423828,111.94587959300615,114.94135284423828,438392000
2024-06-04 00:00:00-04:00,115.6569915264079,116.54053577006367,113.98683844283815,116.37761688232422,403324000
2024-06-05 00:00:00-04:00,118.31063824188061,122.3865539456356,117.408098853795,122.3775634765625,528402000
2024-06-06 00:00:00-04:00,123.98474236351488,125.52295906565588,118.25966633915728,120.9363021850586,664696000
2024-06-07 00:00:00-04:00,119.70892124903274,121.62994584355768,117.9618191498612,120.82635498046875,412386000
2024-06-10 00:00:00-04:00,120.30862356189567,123.0372272074531,116.95033628620642,121.72789764404297,313434100
2024-06-11 00:00:00-04:00,121.71790911261488,122.81744468477636,118.68920642560704,120.85828399658203,222551200
2024-06-12 00:00:00-04:00,123.00735466296415,126.82572022932071,122.51756641163499,125.14643859863281,299595000
2024-06-13 00:00:00-04:00,129.33464307228707,129.74447132445016,127.10560139337456,129.55455017089844,260704500
2024-06-14 00:00:00-04:00,129.90440121431337,132.7831585880022,128.26510352503902,131.82357788085938,309320400
2024-06-17 00:00:00-04:00,132.9331153831068,133.67278906643185,129.52457044327446,130.92396545410156,288504400
2024-06-18 00:00:00-04:00,131.08388532556722,136.27166699428068,130.63408092847425,135.52198791503906,294335100
2024-06-20 00:00:00-04:00,139.74018988019657,140.69977060471427,129.46458937927747,130.7240447998047,517768400
2024-06-21 00:00:00-04:00,127.06562164590744,130.57412222632124,124.24682832839595,126.51585388183594,649445800
2024-06-24 00:00:00-04:00,123.18725776161229,124.40673688729653,117.9894861328688,118.05945587158203,476060900
2024-06-25 00:00:00-04:00,121.14814167969276,126.44587713171062,119.26894878077069,126.03604888916016,414192600
2024-06-26 00:00:00-04:00,126.07602800660581,128.06517437835757,122.5475396639974,126.34591674804688,362975900
2024-06-27 00:00:00-04:00,124.04690423190566,126.35592112032522,122.86740877139376,123.93695068359375,252571700
2024-06-28 00:00:00-04:00,124.52670042256338,127.65535851030685,122.69748155565787,123.48714447021484,315516700
2024-07-01 00:00:00-04:00,123.41717942454187,124.78658844306486,118.77916507660012,124.246826171875,284885500
2024-07-02 00:00:00-04:00,121.07817351581278,123.35720445635805,120.97821782460922,122.61751556396484,218374000
2024-07-03 00:00:00-04:00,121.60795022813568,128.22511291503906,121.30807553564613,128.22511291503906,215749000
2024-07-05 00:00:00-04:00,127.32550112143423,128.7948810674807,125.62623147151251,125.77616882324219,214176700
2024-07-08 00:00:00-04:00,127.43544631776729,130.7140492483546,126.98564191819271,128.1451416015625,237677300
2024-07-09 00:00:00-04:00,130.29424856790877,133.76276548705792,128.59496354527897,131.3238067626953,285366600
2024-07-10 00:00:00-04:00,133.9726664675838,135.04221608834806,132.36335454676214,134.852294921875,248978600
2024-07-11 00:00:00-04:00,135.69192330087128,136.09174607157163,126.99564839391957,127.34549713134766,374782700
2024-07-12 00:00:00-04:00,128.20513111513003,131.86356920556344,127.16558268757724,129.18472290039062,252680500
2024-07-15 00:00:00-04:00,130.50414372087192,131.33379047542198,127.1255924372887,128.3850555419922,208326200
2024-07-16 00:00:00-04:00,128.38505064333017,128.9847847878456,124.52670149646414,126.30593872070312,214769500
2024-07-17 00:00:00-04:00,121.29807714631912,121.79786321418705,116.670060903269,117.93951416015625,390086200
2024-07-18 00:00:00-04:00,121.79786207097416,122.34762979092075,116.51012460742739,121.0381851196289,320979500
2024-07-19 00:00:00-04:00,120.29850995680886,121.54797517785201,117.31978914047505,117.87954711914062,217223800
2024-07-22 00:00:00-04:00,120.2985068676328,124.01691649015211,119.80871864887781,123.48714447021484,258068900
2024-07-23 00:00:00-04:00,122.72746539631609,124.63665183286045,122.04775604012886,122.53754425048828,173911000
2024-07-24 00:00:00-04:00,119.11901958919532,119.8986847003661,113.39147504105252,114.20112609863281,327776900
2024-07-25 00:00:00-04:00,112.99164110995024,116.5801016063377,106.25452669437287,112.23196411132812,460067000
2024-07-26 00:00:00-04:00,116.14029297278634,116.15028320368103,111.53226465502331,113.01162719726562,293399100
2024-07-29 00:00:00-04:00,113.64135918454429,116.23024736996389,111.2523823769322,111.54225158691406,248152100
2024-07-30 00:00:00-04:00,111.47228355856528,111.94208369239041,102.49612986212257,103.68562316894531,486833300
2024-07-31 00:00:00-04:00,112.85169271533529,118.28935980657482,110.83255278301941,116.96992492675781,473174200
2024-08-01 00:00:00-04:00,117.47971689042026,120.10859659996095,106.76430191931924,109.16327667236328,523462300
2024-08-02 00:00:00-04:00,103.71560554704351,108.67348235860572,101.32662878479363,107.2240982055664,482027500
2024-08-05 00:00:00-04:00,92.020610744235,103.36576087778293,90.65120176374947,100.40702056884766,552842400
2024-08-06 00:00:00-04:00,103.79557030996848,107.66391734722711,100.50698458680512,104.20539855957031,409012100
2024-08-07 00:00:00-04:00,107.76387761608842,108.75345959568735,98.64778393346153,98.86769104003906,411440400
2024-08-08 00:00:00-04:00,101.95636396303468,105.45486664804078,97.4782771707294,104.92509460449219,391910000
2024-08-09 00:00:00-04:00,105.59480355882924,106.55439192807604,103.38574997554278,104.70518493652344,290844200
2024-08-12 00:00:00-04:00,106.27450881772207,111.02247644689008,106.21453693013632,108.97335052490234,325559900
2024-08-13 00:00:00-04:00,112.3918952304853,116.18027460234957,111.53226256952769,116.0903091430664,312646700
2024-08-14 00:00:00-04:00,118.47929970941885,118.54926946313572,114.02120830914065,118.02949523925781,339246400
2024-08-15 00:00:00-04:00,118.70918982152592,123.18726875091167,117.4197408420992,122.80743408203125,318086700
2024-08-16 00:00:00-04:00,121.88782549205811,124.94651370725,121.12814855340164,124.52669525146484,302589900
2024-08-19 00:00:00-04:00,124.22682769827617,129.9443817138672,123.36719502454015,129.9443817138672,318333600
2024-08-20 00:00:00-04:00,128.345066215563,129.82444407435935,125.83614544847738,127.19556427001953,300087400
2024-08-21 00:00:00-04:00,127.26552712895132,129.29466502006431,126.60581346882094,128.4450225830078,257883600
2024-08-22 00:00:00-04:00,129.96436907728457,130.69405244169917,123.04732433001813,123.68704986572266,376189100
2024-08-23 00:00:00-04:00,125.80614369005178,129.54454879248973,125.16641816339359,129.31463623046875,323230300
2024-08-26 00:00:00-04:00,129.51458463205307,131.2038489341108,124.31680432111911,126.4059066772461,331964700
2024-08-27 00:00:00-04:00,124.99650751528328,129.14472607274774,123.8270022374259,128.2451171875,303134600
2024-08-28 00:00:00-04:00,128.06518755846798,128.27510443502842,122.58753608006307,125.55626678466797,448101100
2024-08-29 00:00:00-04:00,121.30807947152184,124.37676573622443,116.66006734390899,117.53968811035156,453023300
2024-08-30 00:00:00-04:00,119.47885915972935,121.69791057687668,117.169849908653,119.31893157958984,333751600
2024-09-03 00:00:00-04:00,115.96037175405029,116.16028314135124,107.24410104783063,107.95379638671875,477155100
2024-09-04 00:00:00-04:00,105.36490525672457,113.22153543398687,104.07545625261184,106.16455841064453,372470300
2024-09-05 00:00:00-04:00,104.94507973247826,109.6030896936583,104.715182404582,107.16413116455078,306850700
2024-09-06 00:00:00-04:00,107.99378096807179,108.10373451971928,100.90681013303441,102.7860107421875,413638100
2024-09-09 00:00:00-04:00,104.83512245061276,106.50441370678206,103.64563679939363,106.42444610595703,273912000
2024-09-10 00:00:00-04:00,107.76387224263199,109.35319594429214,104.90509525193343,108.05374908447266,268283700
2024-09-11 00:00:00-04:00,109.34319840779227,117.13986433729632,107.37404002456883,116.8599853515625,441422400
2024-09-12 00:00:00-04:00,116.80000446674823,120.74865704096976,115.34050510922769,119.0992202758789,366052700
2024-09-13 00:00:00-04:00,119.0392295640139,119.91892551173434,117.55973295121166,119.05921936035156,238358300
2024-09-16 00:00:00-04:00,116.75001183404176,118.13953528569532,114.32084356482326,116.7400131225586,248772300
2024-09-17 00:00:00-04:00,118.12954900355818,118.75933823796504,114.79069593440207,115.55043029785156,231925900
2024-09-18 00:00:00-04:00,115.850318172966,117.659695980885,113.18123422247302,113.33118438720703,310318900
2024-09-19 00:00:00-04:00,117.30981703007888,119.61903125645314,117.20985279612093,117.82964324951172,293506400
2024-09-20 00:00:00-04:00,117.01992368452845,118.57939482627764,115.35049721640073,115.96028900146484,382462400
2024-09-23 00:00:00-04:00,116.51010886475667,116.94995306986277,114.82068489843978,116.22020721435547,206228500
2024-09-24 00:00:00-04:00,116.4801041033547,121.75830281490052,115.34049501127092,120.82862091064453,354966800
2024-09-25 00:00:00-04:00,121.9782246233193,124.8972307941946,121.56836894761845,123.46772003173828,284692900
2024-09-26 00:00:00-04:00,126.75659295249227,127.62629022604027,121.75830470715397,123.9975357055664,302582900
2024-09-27 00:00:00-04:00,123.9275641535197,123.9875411739155,119.21917738287792,121.35844421386719,271009200
2024-09-30 00:00:00-04:00,118.26949648274505,121.45840689022769,118.10955522149155,121.39842987060547,226553700
2024-10-01 00:00:00-04:00,121.72830933905863,122.39808576451375,115.7503608309228,116.95994567871094,302094500
2024-10-02 00:00:00-04:00,116.40013992758973,119.33912825058258,115.10058192382681,118.80931091308594,221845900
2024-10-03 00:00:00-04:00,120.87860561160097,124.31743049345978,120.2988023230489,122.80794525146484,277118000
2024-10-04 00:00:00-04:00,124.89723283717322,124.99719707970252,121.78829684578011,124.87723541259766,243678100
2024-10-07 00:00:00-04:00,124.94720840149982,130.59527568838965,124.90722118000957,127.67627716064453,346250200
2024-10-08 00:00:00-04:00,130.2153933149511,133.43429200303964,129.3756845929013,132.84449768066406,285722500
2024-10-09 00:00:00-04:00,134.06409064908044,134.473953954377,131.33502948270424,132.60458374023438,246191600
2024-10-10 00:00:00-04:00,131.86485368985453,134.9537923881041,130.95516150253064,134.76385498046875,242311300
2024-10-11 00:00:00-04:00,133.9641223517835,135.73352074472976,133.61425131031754,134.7538604736328,170209500
2024-10-14 00:00:00-04:00,136.42329237635488,139.5522259694365,136.25335239175735,138.0227508544922,232347700
2024-10-15 00:00:00-04:00,137.82280508502743,138.52257769243778,128.6959404665834,131.55496215820312,377831000
2024-10-16 00:00:00-04:00,133.9341283963689,136.57322399642072,131.53495612489098,135.6735382080078,264879700
2024-10-17 00:00:00-04:00,139.2923118529861,140.8417844676902,136.8231559081479,136.8831329345703,306435900
2024-10-18 00:00:00-04:00,138.62252759913224,138.85244459278235,137.23300404466042,137.9527587890625,176090200
2024-10-21 00:00:00-04:00,138.0827206747143,143.6608123779297,137.95276029474488,143.6608123779297,264554500
2024-10-22 00:00:00-04:00,142.86110303968678,144.3705808600113,141.731484819394,143.54086303710938,226311600
2024-10-23 00:00:00-04:00,141.9813779606296,142.38123492807873,137.41295033058282,139.51222229003906,285930000
2024-10-24 00:00:00-04:00,140.7718017861216,141.30161913611144,138.41260905173522,140.3619384765625,172354900
2024-10-25 00:00:00-04:00,140.8817548130095,144.08067171203157,140.75180968215267,141.49154663085938,205122100
2024-10-28 00:00:00-04:00,142.95103994204007,143.09099139897359,140.0020530079347,140.47189331054688,173586700
2024-10-29 00:00:00-04:00,140.2419668294209,142.21129364579818,138.8524432880062,141.20164489746094,157593600
2024-10-30 00:00:00-04:00,139.49222584841445,140.28196395700422,136.76316465511044,139.29229736328125,179418100
2024-10-31 00:00:00-04:00,137.55292462080052,137.5629157078968,132.06479759847417,132.71456909179688,270039600
2024-11-01 00:00:00-04:00,134.65389558133728,137.26300291330367,134.52395044654537,135.35365295410156,207127800
2024-11-04 00:00:00-05:00,137.16303982117785,138.91244079735898,135.52360180221356,136.00343322753906,187528200
2024-11-05 00:00:00-05:00,137.40294177771256,140.3219403030432,137.28298774012364,139.8621063232422,160537400
2024-11-06 00:00:00-05:00,142.91104851033825,146.43983840329926,141.91139097117505,145.5601348876953,242043900
2024-11-07 00:00:00-05:00,146.33990241230273,148.87902647248674,146.11997647950326,148.8290557861328,207323300
2024-11-08 00:00:00-05:00,148.71907691535895,149.71873459260812,146.2099263831815,147.5794677734375,175665800
2024-11-11 00:00:00-05:00,148.62909347800425,148.79904870323992,143.52085748188875,145.21026611328125,182325600
2024-11-12 00:00:00-05:00,146.7297346202135,149.59874692031187,145.95999403229789,148.2392120361328,198634700
2024-11-13 00:00:00-05:00,149.01895377365864,149.2788592374809,145.8500260132809,146.21990966796875,191903300
2024-11-14 00:00:00-05:00,147.58945090415918,148.94898588208457,145.5001701321721,146.70974731445312,194463300
2024-11-15 00:00:00-05:00,144.8203910682193,145.1902747512061,140.03203789439084,141.93138122558594,250132900
2024-11-18 00:00:00-05:00,139.45223367342163,141.50153478170088,137.10303223771245,140.1020050048828,221205300
2024-11-19 00:00:00-05:00,141.27163159656618,147.0796403153284,140.94174272954967,146.9596710205078,227834900
2024-11-20 00:00:00-05:00,147.35954130772643,147.50948385732136,142.68113546401185,145.84005737304688,309871700
2024-11-21 00:00:00-05:00,149.29888738883682,152.83766902515802,140.65183891204953,146.6197967529297,400946600
2024-11-22 00:00:00-05:00,145.88003080645086,147.10962067545384,141.05169787065546,141.90139770507812,236406200
2024-11-25 00:00:00-05:00,141.9413916908634,142.00136870780395,135.7735059739188,135.9734344482422,344941900
2024-11-26 00:00:00-05:00,137.6528702588759,139.25232877348597,135.6235662299349,136.87313842773438,190287700
2024-11-27 00:00:00-05:00,134.96376655836661,137.17301655731904,131.7548742168772,135.2936553955078,226370900
2024-11-29 00:00:00-05:00,136.7331843976686,139.30231211006736,136.0034385187834,138.2026824951172,141863200
2024-12-02 00:00:00-05:00,138.78246325473978,140.401903648449,137.77281459318448,138.58253479003906,171682800
2024-12-03 00:00:00-05:00,138.21267485883047,140.49189330582607,137.90278339727084,140.2119903564453,164414000
2024-12-04 00:00:00-05:00,141.95140715914127,145.740103497805,140.24198561488052,145.09033203125,231224300
2024-12-05 00:00:00-05:00,145.07032934736787,146.49993108099994,143.9106428157812,145.0203399658203,172621200
2024-12-06 00:00:00-05:00,144.56045967909182,145.66014968908138,141.2713509133455,142.4010467529297,188505600
2024-12-09 00:00:00-05:00,138.93199359328304,139.91172129670065,137.0925004855475,138.77203369140625,189308600
2024-12-10 00:00:00-05:00,138.97197539548316,141.7812196768295,133.7534018405272,135.03306579589844,210020900
2024-12-11 00:00:00-05:00,137.32243273699547,140.13166176303284,135.173026862483,139.2718963623047,184905200
2024-12-12 00:00:00-05:00,137.04252103958567,138.40214979482639,135.76287224107875,137.3024444580078,159211400
2024-12-13 00:00:00-05:00,138.9020072444441,139.56183041879834,132.50374826625531,134.21328735351562,231514900
2024-12-16 00:00:00-05:00,134.1432941479919,134.3632351978696,130.38432800805435,131.96389770507812,237951100
2024-12-17 00:00:00-05:00,129.0546920799943,131.5540083659402,126.82530622422306,130.35433959960938,259410300
2024-12-18 00:00:00-05:00,133.82339933223892,136.6626191312432,128.2449232385065,128.874755859375,277444500
2024-12-19 00:00:00-05:00,131.72394769790225,133.99333094415113,129.51456085077075,130.6442413330078,209719200
2024-12-20 00:00:00-05:00,129.7745000485284,135.24300545668208,128.1849385069714,134.6631622314453,306528600
2024-12-23 00:00:00-05:00,136.24273302531586,139.75176772445488,135.08304656610844,139.63180541992188,176053500
2024-12-24 00:00:00-05:00,139.96173006068474,141.8612045810897,138.61209299039524,140.18167114257812,105157000
2024-12-26 00:00:00-05:00,139.66180603983884,140.8115008078877,137.69234337416663,139.89173889160156,116205600
2024-12-27 00:00:00-05:00,138.5121216661011,138.9819943823141,134.67317523350815,136.9725341796875,170582600
2024-12-30 00:00:00-05:00,134.79311660884966,140.2316308377207,133.98334063995796,137.452392578125,167734700
2024-12-31 00:00:00-05:00,137.99226367763055,138.0322612848829,133.79341493856927,134.25328063964844,155659200
2025-01-02 00:00:00-05:00,135.96280522543205,138.84202245285945,134.5931847895647,138.2721710205078,198247200
2025-01-03 00:00:00-05:00,139.9717090810043,144.86037131104774,139.69178686675932,144.4304962158203,229322500
2025-01-06 00:00:00-05:00,148.54936300568127,152.11839407781596,147.77958455274808,149.38912963867188,265377400
2025-01-07 00:00:00-05:00,152.98814312185272,153.08812187242287,139.97169998670535,140.10166931152344,351782200
2025-01-08 00:00:00-05:00,142.54101155921632,143.91063203422854,137.5223800692543,140.07168579101562,227349900
2025-01-10 00:00:00-05:00,137.41242079266553,139.88174676307978,134.18330808313058,135.8728485107422,207602500
2025-01-13 00:00:00-05:00,129.95446851982027,133.4535116815908,129.4745887600242,133.19357299804688,204808900
2025-01-14 00:00:00-05:00,136.01278831507346,136.3426998783518,130.01442953826418,131.7239532470703,195590500
2025-01-15 00:00:00-05:00,133.61345527658474,136.4126928345012,131.25409986764885,136.2027587890625,185217300
2025-01-16 00:00:00-05:00,138.60208327625168,138.7120538029648,133.4534978315376,133.53347778320312,209235600
2025-01-17 00:00:00-05:00,136.65262268416788,138.46212527408701,135.4229633158422,137.67234802246094,201188800
2025-01-21 00:00:00-05:00,139.12194717769367,141.7912151745994,137.05250594430132,140.79148864746094,197749000
2025-01-22 00:00:00-05:00,144.62047062339892,147.74960487622204,143.63073568135124,147.02981567382812,237651400
2025-01-23 00:00:00-05:00,145.01034368405638,147.1897403093082,143.6807055002306,147.17974853515625,155915500
2025-01-24 00:00:00-05:00,148.32942123311412,148.92926325643236,141.84120577881646,142.58099365234375,234657600
2025-01-27 00:00:00-05:00,124.76587139934672,128.36487767970476,116.66808057296325,118.38761138916016,818830900
2025-01-28 00:00:00-05:00,121.77668294561497,128.96471894622445,116.21820602712087,128.95472717285156,579666400
2025-01-29 00:00:00-05:00,126.46541333864903,126.8553060976507,120.01717989918284,123.66617584228516,467120600
2025-01-30 00:00:00-05:00,123.06634175444341,124.96582380169083,118.06770880237578,124.61592102050781,392925500
2025-01-31 00:00:00-05:00,123.74615511454752,127.81504199868698,119.15741376372098,120.03717041015625,388161100
2025-02-03 00:00:00-05:00,114.71862375628316,118.53757894355685,112.97910166242248,116.62810516357422,371235700
2025-02-04 00:00:00-05:00,116.92801344303115,121.16685177317855,116.66808241089754,118.6175537109375,256550000
2025-02-05 00:00:00-05:00,121.72670769553925,124.96581960402936,120.72698113870702,124.79586791992188,262230800
2025-02-06 00:00:00-05:00,127.38515593926263,128.7347928917548,125.17576116570511,128.64480590820312,251483600
2025-02-07 00:00:00-05:00,129.18464838201572,130.3343276557766,124.96580169637689,129.80447387695312,228186300
2025-02-10 00:00:00-05:00,130.05441853152416,134.96307937585763,129.92446445785666,133.53347778320312,216989100
2025-02-11 00:00:00-05:00,132.54376130884148,134.4432358451655,130.9841901729766,132.76370239257812,178902400
2025-02-12 00:00:00-05:00,129.98445236307722,132.203846559633,129.04470695043977,131.10414123535156,160278600
2025-02-13 00:00:00-05:00,131.52403000773361,136.46268188823717,131.13413724109478,135.2530059814453,197430000
2025-02-14 00:00:00-05:00,136.44267986002885,139.21192676792597,135.46295207938218,138.81204223632812,195479600
2025-02-18 00:00:00-05:00,141.23139195970475,143.40079701868018,137.892293264338,139.3618927001953,219176600
2025-02-19 00:00:00-05:00,139.47184726600554,141.32134750878612,137.18248014952957,139.19192504882812,167536000
2025-02-20 00:00:00-05:00,139.991705837455,140.62153843760984,136.7525863640224,140.07168579101562,143903600
2025-02-21 00:00:00-05:00,140.0017008694862,141.42132600995674,133.99334973043614,134.3932342529297,228217600
2025-02-24 00:00:00-05:00,136.52266681200447,138.55211066034528,130.04444248958205,130.244384765625,251381100
2025-02-25 00:00:00-05:00,129.94445760453814,130.16439867421266,124.40597902043103,126.59537506103516,271428700
2025-02-26 00:00:00-05:00,129.95446947322534,133.69343728770713,128.4548795357506,131.24411010742188,322553800
2025-02-27 00:00:00-05:00,134.96308744670299,134.9730792207777,119.97718824289691,120.11714935302734,443175800
2025-02-28 00:00:00-05:00,117.98772650698133,125.05579305607802,116.36817434407594,124.8858413696289,389091100
2025-03-03 00:00:00-05:00,123.47622912906817,123.66617198823369,112.2492965435478,114.02880859375,411381400
2025-03-04 00:00:00-05:00,110.6197462594264,119.27737437091366,110.07989299750376,115.95828247070312,398163300
2025-03-05 00:00:00-05:00,117.54784364725772,118.24764914601728,114.4786835987416,117.2679214477539,284337900
2025-03-06 00:00:00-05:00,113.49895407905146,115.31845609620828,110.18986163701831,110.53976440429688,321181900
2025-03-07 00:00:00-05:00,111.21957864470976,113.44897220636766,107.5305852358904,112.65918731689453,341755500
2025-03-10 00:00:00-04:00,109.8699441866197,111.81940781621753,105.43115607331026,106.95074462890625,366487400
2025-03-11 00:00:00-04:00,106.96074247458567,112.20930691241836,104.74134829193281,108.73026275634766,354865700
2025-03-12 00:00:00-04:00,114.09930053195751,116.73882100614277,112.85951998498375,115.71900177001953,323857500
2025-03-13 00:00:00-04:00,117.00876245655117,117.73863334670654,113.76935252443205,115.55902862548828,299033100
2025-03-14 00:00:00-04:00,118.58847644066721,121.85787967708788,118.12856083227834,121.64791870117188,277593500
2025-03-17 00:00:00-04:00,122.71772499646224,122.86769930249316,118.00858060635532,119.50830841064453,255501500
2025-03-18 00:00:00-04:00,117.97858323274161,118.99839474842913,114.51921213127834,115.40904998779297,299686900
2025-03-19 00:00:00-04:00,117.24871784817985,120.42814113812437,115.65901001721268,117.49867248535156,273426200
2025-03-20 00:00:00-04:00,116.5288475567653,120.17817892707569,116.44886024718888,118.50848388671875,248829700
2025-03-21 00:00:00-04:00,116.91877807414131,117.96858292451893,115.39904967929496,117.67863464355469,266498500
2025-03-24 00:00:00-04:00,119.85824123014483,122.19782052957932,119.31833831489072,121.38796997070312,228452500
2025-03-25 00:00:00-04:00,120.52812446850508,121.26798803028822,118.89841541478116,120.66809844970703,167447200
2025-03-26 00:00:00-04:00,118.70845626054094,118.81842927999459,112.68954449720724,113.7393569946289,293463300
2025-03-27 00:00:00-04:00,111.32979509417153,114.42923110356094,110.63992547504299,111.40978240966797,236902100
2025-03-28 00:00:00-04:00,111.46977019973694,112.84952470784617,109.05021109179135,109.65010070800781,229872500
2025-03-31 00:00:00-04:00,105.11091847763528,110.93986229194257,103.63119133667838,108.3603286743164,299212700
2025-04-01 00:00:00-04:00,108.50029591126088,110.17999122900144,106.45067264528599,110.1300048828125,222614000
2025-04-02 00:00:00-04:00,107.2705266243207,111.95967777974947,106.77061737970816,110.39995574951172,220601200
2025-04-03 00:00:00-04:00,103.49121334940355,105.61082365222038,101.58155638472346,101.78152465820312,338769400
2025-04-04 00:00:00-04:00,98.89205625014841,100.11182847125419,92.09328707213024,94.29288482666016,532273800
2025-04-07 00:00:00-04:00,87.444123819458,101.73153089146867,86.60427995314998,97.62227630615234,611041300
2025-04-08 00:00:00-04:00,103.79115551332612,105.83078615825814,94.44285411172834,96.28252410888672,476243400
2025-04-09 00:00:00-04:00,98.87204993981901,115.07910675948129,97.51229618216108,114.30924987792969,612918300
2025-04-10 00:00:00-04:00,109.35015243101728,110.83987986480561,99.13200610877084,107.55047607421875,437812400
2025-04-11 00:00:00-04:00,108.4803070767672,111.52975654810143,107.46049556472005,110.90986633300781,313417300
2025-04-14 00:00:00-04:00,114.08928762467488,114.26925525660798,109.05020155855789,110.68990325927734,264705000
2025-04-15 00:00:00-04:00,110.94986159507806,113.59938217981927,110.4799456735416,112.17963409423828,228966900
2025-04-16 00:00:00-04:00,104.53103311878802,106.77062454919468,100.4317709352981,104.47103881835938,397016900
2025-04-17 00:00:00-04:00,104.43104243972901,104.45104308202083,100.03184700877077,101.4715805053711,292517500
2025-04-21 00:00:00-04:00,98.75207336541831,99.42195758129023,95.02275450080649,96.89241790771484,288501100
2025-04-22 00:00:00-04:00,98.76207440379943,99.79188628205247,97.26234659010818,98.87205505371094,241004800
2025-04-23 00:00:00-04:00,104.5010295750129,104.78098517141211,102.00148324580945,102.69136047363281,247526000
2025-04-24 00:00:00-04:00,103.46121375263034,106.52065568558213,103.09127819009328,106.41067504882812,220815000
2025-04-25 00:00:00-04:00,106.83061166162848,111.89969145813895,105.71081975581805,110.98986053466797,251064700
2025-04-28 00:00:00-04:00,109.67009093365705,110.3499678015911,106.00075133412535,108.71026611328125,207708500
2025-04-29 00:00:00-04:00,107.65046012276234,110.1799998026459,107.42050613077843,109.00021362304688,170444300
2025-04-30 00:00:00-04:00,104.45104108413872,108.90023040771484,104.06111247501677,108.90023040771484,235044600
2025-05-01 00:00:00-04:00,113.05947899879722,114.9191420385801,111.27980327057723,111.5897445678711,236121500
2025-05-02 00:00:00-04:00,114.15928352450368,115.37906338859757,113.34943293159324,114.4792251586914,190194800
2025-05-05 00:00:00-04:00,112.88951601094917,114.64919116473993,112.63956137373921,113.79934692382812,133163200
2025-05-06 00:00:00-04:00,111.45977773347964,114.71918078517231,110.79989381468877,113.51940155029297,158525600
2025-05-07 00:00:00-04:00,113.02949042053457,117.65864757290291,112.25962586336117,117.03875732421875,206758800
2025-05-08 00:00:00-04:00,118.22854670795566,118.658469001105,115.82898059800607,117.34870910644531,198428100
2025-05-09 00:00:00-04:00,117.32869985728382,118.20854502226882,115.18908887008638,116.62882995605469,132972200
2025-05-12 00:00:00-04:00,121.94787211512306,122.9776840209961,120.25817629208265,122.9776840209961,225023300
2025-05-13 00:00:00-04:00,124.95732666651305,131.19619232916256,124.44741706637032,129.9064178466797,330430100
2025-05-14 00:00:00-04:00,133.17581874633882,135.4154176381041,131.65609038206884,135.3154296875,281180800
2025-05-15 00:00:00-04:00,134.2656162138544,136.2752611112406,132.6359224746836,134.80552673339844,226632600
2025-05-16 00:00:00-04:00,136.19528579014883,136.32526708518697,133.43579205010155,135.37542724609375,226542500
2025-05-19 00:00:00-04:00,132.36596428610483,135.84532822832756,132.36596428610483,135.54539489746094,193154600
2025-05-20 00:00:00-04:00,134.26561082544316,134.55556671475182,132.59591587093482,134.35560607910156,161514200
2025-05-21 00:00:00-04:00,133.0358430493297,137.3750515435132,130.56629021032253,131.7760772705078,270608700
2025-05-22 00:00:00-04:00,132.20599574301846,134.22563338103308,131.52612648714359,132.80589294433594,187344000
2025-05-23 00:00:00-04:00,129.97641506418768,132.65592152877483,129.13657112060253,131.26617431640625,198821300
2025-05-27 00:00:00-04:00,134.1256417936587,135.63537744884945,133.2857979393918,135.47540283203125,192953600
2025-05-28 00:00:00-04:00,136.00531758419635,137.22509744866613,134.76553707682788,134.78553771972656,304021100
2025-05-29 00:00:00-04:00,142.22419152756274,143.46397204605128,137.88498259688382,139.1647491455078,369241900
2025-05-30 00:00:00-04:00,138.6948289010735,139.59465948344436,132.8958783257386,135.10548400878906,333170900
2025-06-02 00:00:00-04:00,135.46541564458173,138.09492795630163,135.37542038395227,137.35507202148438,197663100
2025-06-03 00:00:00-04:00,138.75480693174418,141.97422364617418,137.9249557656252,141.19436645507812,225578800
2025-06-04 00:00:00-04:00,142.1641966028205,142.36415725393297,139.5146683935161,141.8942413330078,167120800
2025-06-05 00:00:00-04:00,142.14419665233672,143.97386636815438,138.80480646885346,139.964599609375,231397900
2025-06-06 00:00:00-04:00,142.4841247816278,143.24399658328852,141.4843063108272,141.69427490234375,153986200
2025-06-09 00:00:00-04:00,143.16402192873528,144.97369107987248,141.91424872977086,142.6041259765625,185114500
2025-06-10 00:00:00-04:00,142.66410985007164,144.26381035974757,141.50431668274294,143.9338836669922,155881900
2025-06-11 00:00:00-04:00,144.59379466225064,144.97375695921582,141.85409623212945,142.81399536132812,167694000
2025-06-12 00:00:00-04:00,141.9540901919345,144.98374938964844,141.83410852298076,144.98374938964844,162365000
2025-06-13 00:00:00-04:00,142.4640236398758,143.5639064320885,140.83421673860605,141.95408630371094,180820600
2025-06-16 00:00:00-04:00,143.33393622751285,146.16360555156524,143.18394388862185,144.6737823486328,183133700
2025-06-17 00:00:00-04:00,144.4738049491523,145.20371882793046,143.7638778428329,144.1038360595703,139108000
2025-06-18 00:00:00-04:00,143.9938476821936,145.63366319028128,143.10394808189747,145.46368408203125,161494100
2025-06-20 00:00:00-04:00,145.43368901636921,146.1836049259659,142.63399990245927,143.83387756347656,242956200
2025-06-23 00:00:00-04:00,142.48402812138661,144.76377135076248,142.01407957999888,144.15383911132812,154308900
2025-06-24 00:00:00-04:00,145.54367367470394,147.94341367999496,145.4836828445603,147.88340759277344,187566100
2025-06-25 00:00:00-04:00,149.25328072295656,154.43269305532343,149.24327207878133,154.29270935058594,269146500
2025-06-26 00:00:00-04:00,155.9625083392563,156.70243086817015,153.98273459501658,155.00262451171875,198145700
2025-06-27 00:00:00-04:00,156.02250005395288,158.69221415352254,155.24258871826237,157.73231506347656,263234500
2025-06-30 00:00:00-04:00,158.38224776867892,158.6422284044636,155.94253394670602,157.97230529785156,194580300
2025-07-01 00:00:00-04:00,156.27249233706732,157.18239409932116,151.47304203431221,153.2828369140625,213143600
2025-07-02 00:00:00-04:00,152.962850389823,157.58234297497486,152.95285700312823,157.2323760986328,171224100
2025-07-03 00:00:00-04:00,158.35225101493015,160.96195919540767,157.7523273944205,159.3221435546875,143716100
2025-07-07 00:00:00-04:00,158.18227071828886,159.29214695363126,157.3223664705724,158.22227478027344,140139000
2025-07-08 00:00:00-04:00,159.31214783171163,160.20204749093682,158.3722507239072,159.98207092285156,138133000
2025-07-09 00:00:00-04:00,161.20193770023792,164.40157611225678,161.14194686393122,162.86175537109375,183656400
2025-07-10 00:00:00-04:00,164.30159583301895,164.48156834124046,161.5918927660757,164.0816192626953,167704100
2025-07-11 00:00:00-04:00,163.70165728031435,167.87118822352508,163.4516852914618,164.90151977539062,193633300
2025-07-14 00:00:00-04:00,165.35146259057728,165.4714595173457,162.00184716942397,164.05162048339844,136975800
2025-07-15 00:00:00-04:00,171.17081299302788,172.38066881478494,169.18103056842588,170.6808624267578,230627400
2025-07-16 00:00:00-04:00,171.04083672550954,171.73076187811773,168.88107501049606,171.35079956054688,158831500
2025-07-17 00:00:00-04:00,172.00073538495315,174.1404950617398,170.81086624213197,172.98062133789062,160841100
2025-07-18 00:00:00-04:00,173.62054394819432,174.23047621121117,171.24080573231237,172.39068603515625,146456400
2025-07-21 00:00:00-04:00,172.73065099594356,173.36058531454748,170.9808470061149,171.36080932617188,123126100
2025-07-22 00:00:00-04:00,171.32080634495316,171.37080379639445,164.5615689540832,167.01129150390625,193114300
2025-07-23 00:00:00-04:00,169.511004310231,171.24080620570157,167.95118153678195,170.7608642578125,154082200
2025-07-24 00:00:00-04:00,172.42067791171223,173.81052153075,171.28080627636527,173.7205352783203,128984600
2025-07-25 00:00:00-04:00,173.59054858813744,174.70042482917586,172.9406275198062,173.48056030273438,122316800
2025-07-28 00:00:00-04:00,174.00050427681666,176.98016607778243,173.9505068282037,176.73019409179688,140023500
2025-07-29 00:00:00-04:00,177.94006357342778,179.35990260986108,175.00039060425894,175.49032592773438,154077500
2025-07-30 00:00:00-04:00,176.49022309733303,179.869849375745,176.0202745228646,179.2499237060547,174312200
2025-07-31 00:00:00-04:00,182.87950237318685,183.2794667127293,175.9102820488597,177.85006713867188,221685400
2025-08-01 00:00:00-04:00,174.07048465468185,176.52020701181988,170.8708463561498,173.70053100585938,204529000
2025-08-04 00:00:00-04:00,175.14037394842856,180.17980241597786,174.500446281802,179.97982788085938,148174600
2025-08-05 00:00:00-04:00,179.59986897635343,180.23979665506658,175.8802845759961,178.24002075195312,156407600
2025-08-06 00:00:00-04:00,176.31023710297544,179.87982901005608,176.23024423927978,179.39988708496094,137192300
2025-08-07 00:00:00-04:00,181.54966930117607,183.85940811228025,178.7799753024853,180.749755859375,151878400
2025-08-08 00:00:00-04:00,181.52965464990967,183.27945850723472,180.3797743894202,182.6795196533203,123396700
2025-08-11 00:00:00-04:00,182.02960317073044,183.8193958765311,180.22980182096376,182.0395965576172,138323200
2025-08-12 00:00:00-04:00,182.9395060522284,184.4593247511904,179.43989822709233,183.1394805908203,145485700
2025-08-13 00:00:00-04:00,182.59953978080497,183.9493946696141,179.329917039869,181.5696563720703,179871700
2025-08-14 00:00:00-04:00,179.7298534235828,182.99949119039164,179.43989264021437,181.99960327148438,129554000
2025-08-15 00:00:00-04:00,181.85962676701382,181.87961354108583,178.02004541114613,180.42977905273438,156602200
2025-08-18 00:00:00-04:00,180.57976314427117,182.91949719839158,180.56975450061333,181.98959350585938,132008000
2025-08-19 00:00:00-04:00,182.4095478886331,182.47954736718557,175.47033846497254,175.6203155517578,185229200
2025-08-20 00:00:00-04:00,175.1503706193276,175.9802794498554,168.7810892510499,175.38034057617188,215142700
2025-08-21 00:00:00-04:00,174.83041312567687,176.88017120538285,173.79052111986658,174.96038818359375,140040900
2025-08-22 00:00:00-04:00,172.59066018618677,178.56998587344157,171.18081451068767,177.97006225585938,172789400
2025-08-25 00:00:00-04:00,178.33002804439553,181.88962682620624,176.5502286534902,179.78985595703125,163012800
2025-08-26 00:00:00-04:00,180.0398187111229,182.36955942503778,178.78995879531527,181.7496337890625,168688200
2025-08-27 00:00:00-04:00,181.95959791056248,182.46955051009175,179.07993109949993,181.57965087890625,235518900
2025-08-28 00:00:00-04:00,180.79974711518173,184.44933204343067,176.39023757757423,180.14981079101562,281787800
2025-08-29 00:00:00-04:00,178.09004428153852,178.130033086625,173.13059331145078,174.1604766845703,243257900
2025-09-02 00:00:00-04:00,169.980952871088,172.36069109354864,167.20126556823303,170.7608642578125,231164900
2025-09-03 00:00:00-04:00,171.0408442884315,172.3906992342715,168.86109570238054,170.60089111328125,164424900
2025-09-04 00:00:00-04:00,170.55090333056648,171.8407521362954,169.39102958990665,171.64077758789062,141670100
2025-09-05 00:00:00-04:00,168.01117837826322,169.0110663720669,164.05163046676552,167.0012969970703,224441400
2025-09-08 00:00:00-04:00,167.53122834914853,170.940849905597,167.33125381142952,168.2911376953125,163769100
2025-09-09 00:00:00-04:00,169.0710489481518,170.96083655380463,166.7213214317911,170.74085998535156,157548400
2025-09-10 00:00:00-04:00,176.62020974984335,179.26990675759993,175.45034266016896,177.3101348876953,226852000
2025-09-11 00:00:00-04:00,179.66999584989978,180.26996857097555,176.4701769393558,177.16014099121094,151159300
2025-09-12 00:00:00-04:00,177.76010410307373,178.59005971058946,176.44017029123495,177.8101043701172,124911000
2025-09-15 00:00:00-04:00,175.66021109761542,178.84004186496986,174.50027206258352,177.74009704589844,147061600
2025-09-16 00:00:00-04:00,176.99014687805604,177.49011904437822,174.37029760906842,174.87026977539062,140737800
2025-09-17 00:00:00-04:00,172.63039291663662,173.1903593144249,168.40063256525568,170.280517578125,211843800
2025-09-18 00:00:00-04:00,173.9703101424577,177.09014682532762,172.95037791227023,176.23019409179688,191763300
2025-09-19 00:00:00-04:00,175.7602124903078,178.07008136373162,175.17023376194967,176.66015625,237182100
2025-09-22 00:00:00-04:00,175.29024236301854,184.53972732383275,174.70027887607205,183.5997772216797,269637000
2025-09-23 00:00:00-04:00,181.9598706713119,182.409842567533,176.20019683221489,178.42005920410156,192559600
2025-09-24 00:00:00-04:00,179.75999113536878,179.76998508551358,175.39022416770254,176.96014404296875,143564100
2025-09-25 00:00:00-04:00,174.47028665549124,180.24996380236055,173.12037093203185,177.68011474609375,191586700
2025-09-26 00:00:00-04:00,178.16008106951017,179.75999811527313,174.920255917913,178.18008422851562,148573700
2025-09-29 00:00:00-04:00,180.4199550960203,183.98976381560166,180.30997586310093,181.8398895263672,193063500
2025-09-30 00:00:00-04:00,182.06986121505474,187.3395719841704,181.4698885277926,186.56961059570312,236981000
2025-10-01 00:00:00-04:00,185.22969505995906,188.12952754318238,183.88975804814035,187.22958374023438,173844900
2025-10-02 00:00:00-04:00,189.5894532800495,191.0393695238543,188.04953044946197,188.87948608398438,136805800
2025-10-03 00:00:00-04:00,189.1794627061203,190.34939569471342,185.36967740169,187.6095428466797,137596900
2025-10-06 00:00:00-04:00,185.48967202648717,187.21957143407985,183.31979467524326,185.5296630859375,157678100
2025-10-07 00:00:00-04:00,186.21962980709273,189.0494741147918,183.9897582054133,185.02969360351562,140088000
2025-10-08 00:00:00-04:00,186.55962017208088,189.58945025835604,186.52960780500513,189.09947204589844,130168900
2025-10-09 00:00:00-04:00,192.21928773885006,195.28912405123697,191.04935474353755,192.5592803955078,182997200
2025-10-10 00:00:00-04:00,193.49922565779727,195.6091088464203,182.0398719523004,183.14981079101562,268774400
2025-10-13 00:00:00-04:00,187.9595379156231,190.09941818271824,185.94965529464977,188.3095245361328,153482800
2025-10-14 00:00:00-04:00,184.75971529942103,184.78971240822688,179.68999030007896,180.0199737548828,205641400
2025-10-15 00:00:00-04:00,184.7897166440438,184.85970481354866,177.2801249034248,179.8199920654297,214450500
2025-10-16 00:00:00-04:00,182.21985578014733,183.26980040587233,179.76000120804414,181.7998809814453,179723300
2025-10-17 00:00:00-04:00,180.16996892604442,184.08976427610557,179.74000017155936,183.20980834960938,173135200
2025-10-20 00:00:00-04:00,183.1198152646831,185.18969215276272,181.71988400794234,182.6298370361328,128544700
2025-10-21 00:00:00-04:00,182.77981647710283,182.77981647710283,179.78999271004406,181.14991760253906,124240200
2025-10-22 00:00:00-04:00,181.1299112106735,183.42978616900905,176.7501502622395,180.26995849609375,162249600
2025-10-23 00:00:00-04:00,180.40994799999942,183.01980322210497,179.7799782111653,182.1498565673828,111363700
2025-10-24 00:00:00-04:00,183.8297551720498,187.45955783835475,183.48977777431884,186.24961853027344,131296700
2025-10-27 00:00:00-04:00,189.979423148828,191.98930570001696,188.41949722334647,191.47933959960938,153452700
2025-10-28 00:00:00-04:00,193.03926234185508,203.1386912540773,191.89932637827522,201.01881408691406,297986200
2025-10-29 00:00:00-04:00,207.96842303697136,212.1781954922272,204.76860414707738,207.02847290039062,308829600
2025-10-30 00:00:00-04:00,205.1385766163601,206.1485301715792,201.39879452489242,202.8787078857422,178864400
2025-10-31 00:00:00-04:00,206.43850017947892,207.95841980607935,202.05875446792163,202.47872924804688,179802200
2025-11-03 00:00:00-05:00,208.06841462190084,211.32822759164594,205.5485506791992,206.8684844970703,180267300
2025-11-04 00:00:00-05:00,202.98869740675082,203.9586446199207,197.9189723693821,198.67893981933594,188919300
2025-11-05 00:00:00-05:00,198.75894188581304,202.90870481768462,194.63916080574026,195.1991424560547,171350300
2025-11-06 00:00:00-05:00,196.40906647995496,197.60899664277025,186.3696319662745,188.0695343017578,223029800
2025-11-07 00:00:00-05:00,184.8897071775586,188.3095303364016,178.90005019006267,188.1395263671875,264942300
2025-11-10 00:00:00-05:00,195.09914200543773,199.9288750287355,193.7792081445882,199.03892517089844,198897100
2025-11-11 00:00:00-05:00,195.14913483203398,195.40911485928362,191.28934919242405,193.1492462158203,176483300
2025-11-12 00:00:00-05:00,195.70910637927892,195.87909508520013,191.1193655455878,193.78921508789062,154935300
2025-11-13 00:00:00-05:00,191.03936321053533,191.42934088057365,183.8397672401686,186.84959411621094,207423100
2025-11-14 00:00:00-05:00,182.8498180673128,190.99935813210442,180.56994624954729,190.15940856933594,186591900
2025-11-17 00:00:00-05:00,185.95964506857126,188.98947511566342,184.30974305565786,186.58961486816406,173628900
2025-11-18 00:00:00-05:00,183.36979105504545,184.7897101334883,179.63998782140993,181.3498992919922,213598900
2025-11-19 00:00:00-05:00,184.7796984316032,187.8495347223247,182.8198161698128,186.50961303710938,247246400
2025-11-20 00:00:00-05:00,195.9390891568929,195.9890894251709,179.83999453744622,180.62994384765625,343504800
2025-11-21 00:00:00-05:00,181.22991004695137,184.54971718190046,172.92036011460985,178.8700408935547,346926200
2025-11-24 00:00:00-05:00,179.48001348627363,183.4897847612219,176.47017128450955,182.5398406982422,256618300
2025-11-25 00:00:00-05:00,174.90026276869568,178.15008177330986,169.54056066153746,177.8101043701172,320600300
2025-11-26 00:00:00-05:00,181.61988829154,182.8998157763143,178.2300777211247,180.2499542236328,183852000
2025-11-28 00:00:00-05:00,179.0000253919654,179.28000857805475,176.49017066740046,176.99014282226562,121332800
2025-12-01 00:00:00-05:00,174.75027181562072,180.28997214473748,173.67033006996684,179.9099884033203,188131000
2025-12-02 00:00:00-05:00,181.74987648908228,185.6496685428864,179.98997995570696,181.4499053955078,182632200
2025-12-03 00:00:00-05:00,181.06992440272873,182.43984327721986,179.1000328161426,179.5800018310547,165138000
2025-12-04 00:00:00-05:00,181.6199951171875,184.52000427246094,179.9600067138672,183.3800048828125,167364900
2025-12-05 00:00:00-05:00,183.88999938964844,184.66000366210938,180.91000366210938,182.41000366210938,143971100
2025-12-08 00:00:00-05:00,182.63999938964844,188.0,182.39999389648438,185.5500030517578,204378100
2025-12-09 00:00:00-05:00,185.55999755859375,185.72000122070312,183.32000732421875,184.97000122070312,144719700
2025-12-10 00:00:00-05:00,184.97000122070312,185.47999572753906,182.0399932861328,183.77999877929688,162785400
2025-12-11 00:00:00-05:00,180.27999877929688,181.32000732421875,176.6199951171875,180.92999267578125,182136600
2025-12-12 00:00:00-05:00,181.11000061035156,182.82000732421875,174.6199951171875,175.02000427246094,204274900
2025-12-15 00:00:00-05:00,177.94000244140625,178.4199981689453,175.02999877929688,176.2899932861328,164775600
2025-12-16 00:00:00-05:00,176.25999450683594,178.49000549316406,174.89999389648438,177.72000122070312,148588100
2025-12-17 00:00:00-05:00,176.10000610351562,176.1300048828125,170.30999755859375,170.94000244140625,222775500
2025-12-18 00:00:00-05:00,174.52999877929688,176.14999389648438,171.82000732421875,174.13999938964844,176096000
2025-12-19 00:00:00-05:00,176.6699981689453,181.4499969482422,176.33999633789062,180.99000549316406,324925900
2025-12-22 00:00:00-05:00,183.9199981689453,184.16000366210938,182.35000610351562,183.69000244140625,129064400
2025-12-23 00:00:00-05:00,182.97000122070312,189.3300018310547,182.89999389648438,189.2100067138672,174873600
2025-12-24 00:00:00-05:00,187.94000244140625,188.91000366210938,186.58999633789062,188.61000061035156,65528500
2025-12-26 00:00:00-05:00,189.9199981689453,192.69000244140625,188.0,190.52999877929688,139740300
2025-12-29 00:00:00-05:00,187.7100067138672,188.75999450683594,185.91000366210938,188.22000122070312,120006100
2025-12-30 00:00:00-05:00,188.24000549316406,188.99000549316406,186.92999267578125,187.5399932861328,97687300
2025-12-31 00:00:00-05:00,189.57000732421875,190.55999755859375,186.49000549316406,186.5,120100500
2026-01-02 00:00:00-05:00,189.83999633789062,192.92999267578125,188.25999450683594,188.85000610351562,148240500
2026-01-05 00:00:00-05:00,191.75999450683594,193.6300048828125,186.14999389648438,188.1199951171875,183529700
2026-01-06 00:00:00-05:00,190.52000427246094,192.1699981689453,186.82000732421875,187.24000549316406,176862600
2026-01-07 00:00:00-05:00,188.57000732421875,191.3699951171875,186.55999755859375,189.11000061035156,153543200
2026-01-08 00:00:00-05:00,189.11000061035156,189.5500030517578,183.7100067138672,185.0399932861328,172457000
2026-01-09 00:00:00-05:00,185.0800018310547,186.33999633789062,183.6699981689453,184.86000061035156,131327500
2026-01-12 00:00:00-05:00,183.22000122070312,187.1199951171875,183.02000427246094,184.94000244140625,137968500
2026-01-13 00:00:00-05:00,185.0,188.11000061035156,183.39999389648438,185.80999755859375,160128900
2026-01-14 00:00:00-05:00,184.32000732421875,184.4600067138672,180.8000030517578,183.13999938964844,159586100
2026-01-15 00:00:00-05:00,186.5,189.6999969482422,186.3300018310547,187.0500030517578,206188600
2026-01-16 00:00:00-05:00,189.0800018310547,190.44000244140625,186.0800018310547,186.22999572753906,187967200
2026-01-20 00:00:00-05:00,181.89999389648438,182.3800048828125,177.61000061035156,178.07000732421875,223345300
2026-01-21 00:00:00-05:00,179.0500030517578,185.3800048828125,178.39999389648438,183.32000732421875,200381000
2026-01-22 00:00:00-05:00,184.75,186.1699981689453,183.92999267578125,184.83999633789062,139636600
2026-01-23 00:00:00-05:00,187.5,189.60000610351562,186.82000732421875,187.6699981689453,142748100
2026-01-26 00:00:00-05:00,187.16000366210938,189.1199951171875,185.99000549316406,186.47000122070312,124799600
2026-01-27 00:00:00-05:00,187.24000549316406,190.0,185.6999969482422,188.52000427246094,143711600
2026-01-28 00:00:00-05:00,191.27000427246094,192.35000610351562,189.83999633789062,191.52000427246094,148552700
2026-01-29 00:00:00-05:00,191.33999633789062,193.47999572753906,186.05999755859375,192.50999450683594,171764400
2026-01-30 00:00:00-05:00,191.2100067138672,194.49000549316406,189.47000122070312,191.1300048828125,179489500
2026-02-02 00:00:00-05:00,187.1999969482422,190.3000030517578,184.8800048828125,185.61000061035156,165794100
2026-02-03 00:00:00-05:00,186.24000549316406,186.27000427246094,176.22999572753906,180.33999633789062,204019600
2026-02-04 00:00:00-05:00,179.4600067138672,179.5800018310547,171.91000366210938,174.19000244140625,207014100
2026-02-05 00:00:00-05:00,174.92999267578125,176.82000732421875,171.02999877929688,171.8800048828125,206312900
2026-02-06 00:00:00-05:00,176.69000244140625,187.0,174.60000610351562,185.41000366210938,231346200
2026-02-09 00:00:00-05:00,184.25999450683594,193.66000366210938,183.9499969482422,190.0399932861328,196387400
2026-02-10 00:00:00-05:00,191.3800048828125,192.47999572753906,188.1199951171875,188.5399932861328,136764800
2026-02-11 00:00:00-05:00,192.4499969482422,193.25999450683594,188.77000427246094,190.0500030517578,144192700
2026-02-12 00:00:00-05:00,193.02999877929688,193.61000061035156,186.50999450683594,186.94000244140625,189932500
2026-02-13 00:00:00-05:00,187.47999572753906,187.5,181.58999633789062,182.80999755859375,161888000
2026-02-17 00:00:00-05:00,181.75,187.14999389648438,179.17999267578125,184.97000122070312,161639600
