Date,Open,High,Low,Close,Volume
2014-01-02 00:00:00-05:00,50.78845725060656,50.900791925140844,50.32078497948545,50.666954040527344,10654000
2014-01-03 00:00:00-05:00,50.83662424704749,51.006271963830955,50.488160273865965,50.70136642456055,7809600
2014-01-06 00:00:00-05:00,50.705938036163666,50.96499382541149,50.34142832255232,50.39645004272461,8577600
2014-01-07 00:00:00-05:00,50.60736311675533,50.919145878825866,50.540881596788196,50.781593322753906,8178000
2014-01-08 00:00:00-05:00,50.76095660128204,51.12317503249582,50.58214039446981,50.944358825683594,8487200
2014-01-09 00:00:00-05:00,51.24927552810705,51.4716502055563,50.81598947064445,50.8733024597168,8386400
2014-01-10 00:00:00-05:00,50.85724398200256,51.0635728043582,50.43771255779669,50.69447708129883,6429600
2014-01-13 00:00:00-05:00,50.898503413278,51.395979573459165,50.11675366237642,50.18323516845703,13554400
2014-01-14 00:00:00-05:00,50.14656589004062,51.042938232421875,50.05257176395119,51.042938232421875,10851600
2014-01-15 00:00:00-05:00,51.088800064507986,51.558763778312034,50.8549620886791,51.29741668701172,11288000
2014-01-16 00:00:00-05:00,51.166735265766356,51.297407037783046,50.73115453012865,50.8411979675293,13514000
2014-01-17 00:00:00-05:00,50.90540932373594,53.24607037786549,50.903114564855635,53.22772979736328,38344400
2014-01-21 00:00:00-05:00,53.73435614679177,53.988825912033896,52.91592863032542,53.17039489746094,19752400
2014-01-22 00:00:00-05:00,53.27814888505768,53.60368971469863,53.11308721018031,53.41341018676758,7254400
2014-01-23 00:00:00-05:00,53.10849773851841,53.26209609679238,52.191490108388514,52.32674789428711,13662400
2014-01-24 00:00:00-05:00,51.902634698810786,52.031018715908246,50.721988677978516,50.721988677978516,16043200
2014-01-27 00:00:00-05:00,50.909972712656355,50.909972712656355,49.31666915907917,49.56884765625,19470800
2014-01-28 00:00:00-05:00,49.889790786252426,50.97644590841756,49.839355095048184,50.655494689941406,17852400
2014-01-29 00:00:00-05:00,50.22909448411273,50.60506747362337,49.63303812357089,49.77517318725586,16800000
2014-01-30 00:00:00-05:00,51.75362079751212,51.81093377735432,49.58948211897334,50.63716506958008,20040400
2014-01-31 00:00:00-05:00,49.548220236689176,50.18324555756973,49.31438229104317,49.38774108886719,24457200
2014-02-03 00:00:00-05:00,49.635328330201894,49.94023378140075,48.61745281783549,48.93840408325195,21662400
2014-02-04 00:00:00-05:00,49.096602450929154,49.490916116898305,48.45928225786196,49.1837158203125,14913600
2014-02-05 00:00:00-05:00,48.88567875952943,49.68806044800598,48.858166151497784,49.42900466918945,13520800
2014-02-06 00:00:00-05:00,49.53675531467694,50.20846176147461,49.46797903902602,50.20846176147461,12721600
2014-02-07 00:00:00-05:00,50.478984674229814,50.89393012137817,50.08237980185298,50.8434944152832,12537200
2014-02-10 00:00:00-05:00,50.86870489084066,50.923726607175446,50.43312767203622,50.56150817871094,10316800
2014-02-11 00:00:00-05:00,50.694491372176415,51.0979735969842,50.44689881441678,50.9695930480957,9809600
2014-02-12 00:00:00-05:00,51.316380916163496,51.65169006772323,51.19006438465317,51.48403549194336,14650800
2014-02-13 00:00:00-05:00,51.18087684251083,51.6172391981498,51.0913075798518,51.45647430419922,13158800
2014-02-14 00:00:00-05:00,51.50699628108934,51.9594368376304,51.332448551005555,51.90431594848633,12682000
2014-02-18 00:00:00-05:00,52.014561205046874,52.4738914963422,51.8170490396134,51.9181022644043,13427200
2014-02-19 00:00:00-05:00,51.87445839897379,52.315414999204755,51.37149123646317,51.41742706298828,9322000
2014-02-20 00:00:00-05:00,51.48174498901718,51.66777321471309,51.12116899251535,51.320980072021484,8810000
2014-02-21 00:00:00-05:00,51.382963843963516,51.59884956506654,51.21071504577419,51.29798889160156,9136000
2014-02-24 00:00:00-05:00,51.38297832596752,52.232738602319564,51.323266654020365,51.94795608520508,10817200
2014-02-25 00:00:00-05:00,51.947956850802534,52.46240450448111,51.787191959027986,52.15924835205078,11339600
2014-02-26 00:00:00-05:00,52.18681983714869,52.34069509301893,51.73437913514265,51.929595947265625,10413600
2014-02-27 00:00:00-05:00,51.947947468474545,52.317708404979335,51.8124459059098,51.9686164855957,8097600
2014-02-28 00:00:00-05:00,52.0122633176556,52.361355303512724,50.687094509665144,51.890541076660156,14004000
2014-03-03 00:00:00-05:00,51.270442132678696,51.45417142329417,50.432162350496355,50.8570442199707,16422800
2014-03-04 00:00:00-05:00,51.709105544279595,51.89743264365586,51.11886794906845,51.78948974609375,14884800
2014-03-05 00:00:00-05:00,51.81703495893758,51.858376496214326,51.05454870487836,51.17167663574219,11328400
2014-03-06 00:00:00-05:00,51.38987769257716,51.92040718429987,51.28882796047096,51.412845611572266,9120400
2014-03-07 00:00:00-05:00,51.663164948238624,51.842303450754414,51.33933630737877,51.803260803222656,8971200
2014-03-10 00:00:00-04:00,51.79178513593543,51.98929729909035,51.610351214908114,51.78948974609375,7350400
2014-03-11 00:00:00-04:00,51.89283255855714,52.45321600553443,51.589676425983,52.17531967163086,11062800
2014-03-12 00:00:00-04:00,51.93187883491069,52.29015588225302,51.741256353688954,51.92728805541992,9394800
2014-03-13 00:00:00-04:00,52.055907145265216,52.246529652764124,50.62509064399251,50.705474853515625,11996400
2014-03-14 00:00:00-04:00,50.66872652907951,50.96729193826418,50.19561685970654,50.70317840576172,13692000
2014-03-17 00:00:00-04:00,50.98337868083084,51.41744576585532,50.84328276955771,51.39447784423828,8800000
2014-03-18 00:00:00-04:00,51.58278843527848,52.08116133559825,51.27273911501317,51.99848175048828,8304800
2014-03-19 00:00:00-04:00,52.0444047890416,52.15464304804945,50.98564861236514,51.40364074707031,7888800
2014-03-20 00:00:00-04:00,51.47254381847907,51.47254381847907,50.735320770878786,50.94431686401367,11890000
2014-03-21 00:00:00-04:00,51.20843975285395,53.43619104947459,50.45743371679019,51.3003044128418,38092400
2014-03-24 00:00:00-04:00,51.76421226835377,51.95713009459699,50.31962045633191,50.69856643676758,18228400
2014-03-25 00:00:00-04:00,51.029299755036256,51.22451302803681,50.15886688232422,50.15886688232422,11675200
2014-03-26 00:00:00-04:00,50.5148470050002,50.56996790036623,49.534175872802734,49.534175872802734,10657200
2014-03-27 00:00:00-04:00,49.35274507394052,49.64671619232211,48.93016202931851,49.55485153198242,10489600
2014-03-28 00:00:00-04:00,49.25857433605964,49.68575160272887,48.34910241631976,48.70967483520508,14950000
2014-03-31 00:00:00-04:00,48.870427064902714,49.57550048828125,48.61320331653801,49.57550048828125,11639200
2014-04-01 00:00:00-04:00,49.85571678870454,50.103755599125456,49.2746641742193,49.309112548828125,9090400
2014-04-02 00:00:00-04:00,49.32748927392345,49.72251368144545,49.00366051466192,49.299930572509766,9344800
2014-04-03 00:00:00-04:00,49.55943330800991,49.67197047523074,49.00594304774071,49.38029479980469,14210400
2014-04-04 00:00:00-04:00,49.50889368298504,49.541046647972244,47.25358133867702,47.7014274597168,24449200
2014-04-07 00:00:00-04:00,47.490160794350054,47.64174063874249,46.16729075411868,46.716190338134766,40124000
2014-04-08 00:00:00-04:00,46.58069569530095,47.29265568436454,46.3923685566657,46.527870178222656,21745600
2014-04-09 00:00:00-04:00,46.98489273188312,47.719820447250314,46.534747534989094,47.66469955444336,19142800
2014-04-10 00:00:00-04:00,47.830064143765824,48.01609586389737,45.967479587775344,46.28901290893555,20403600
2014-04-11 00:00:00-04:00,45.75618101363466,45.93302413780045,44.74795127398641,45.159053802490234,29939600
2014-04-14 00:00:00-04:00,45.88708902536912,46.380867603072254,45.47598652185352,46.164981842041016,20925600
2014-04-15 00:00:00-04:00,46.81492416130261,47.06755712459845,45.74238877060236,46.863155364990234,19214000
2014-04-16 00:00:00-04:00,47.54067758031581,48.12861969886413,47.191585633273455,48.08268737792969,15832800
2014-04-17 00:00:00-04:00,48.30776490310227,48.58336237134127,47.75886535644531,47.75886535644531,13364000
2014-04-21 00:00:00-04:00,47.99541720792963,48.11484405507727,47.85991562420326,48.029869079589844,10012400
2014-04-22 00:00:00-04:00,48.078080588420455,48.362866511193666,47.89205245915826,48.22277069091797,9840000
2014-04-23 00:00:00-04:00,48.2985980132548,48.2985980132548,47.77036728945985,47.95869445800781,8819600
2014-04-24 00:00:00-04:00,48.18374513860179,48.344510029265685,47.67618365763601,48.09187698364258,13547200
2014-04-25 00:00:00-04:00,45.93302593311568,46.80575412672723,45.602307585691364,45.68728256225586,38239200
2014-04-28 00:00:00-04:00,45.81819859470961,46.37628324133936,45.705661406748256,46.2591552734375,24263200
2014-04-29 00:00:00-04:00,46.36709939961295,46.86317699041653,46.34413148165616,46.54623794555664,12760000
2014-04-30 00:00:00-04:00,46.45207124134485,46.76901026473459,46.36939164847849,46.53245544433594,12145600
2014-05-01 00:00:00-04:00,46.87464142938399,47.61186432967072,46.70468801874937,47.33167266845703,14273200
2014-05-02 00:00:00-04:00,47.25130264327669,47.56364734396203,46.85168407633157,46.948143005371094,10908800
2014-05-05 00:00:00-04:00,46.79426083294437,47.742778750626144,46.622012020062364,47.57052993774414,13792800
2014-05-06 00:00:00-04:00,47.4717939391929,47.5452884819052,47.12729615515752,47.16404342651367,10873200
2014-05-07 00:00:00-04:00,47.54298333182336,48.00001826009882,46.95274569512989,47.93111801147461,14732000
2014-05-08 00:00:00-04:00,47.983937855525696,48.711979461087004,47.910446830205714,48.436378479003906,14613600
2014-05-09 00:00:00-04:00,48.271008871208934,48.42947835037414,47.80478900015232,48.41569900512695,11795600
2014-05-12 00:00:00-04:00,48.47773350646437,48.79926340240765,48.466249544949314,48.62012481689453,8732800
2014-05-13 00:00:00-04:00,48.686714569042756,48.84747946708116,48.55120947231359,48.702789306640625,7137600
2014-05-14 00:00:00-04:00,48.59694441348639,48.753413676149975,48.288612365722656,48.288612365722656,6838000
2014-05-15 00:00:00-04:00,48.09073575241351,48.249504771926375,47.497079358643205,47.73408126831055,12685200
2014-05-16 00:00:00-04:00,47.76629056484453,48.341538546533116,47.76629056484453,48.2771110534668,12279600
2014-05-19 00:00:00-04:00,48.17815603121253,48.54631252547229,48.05620377555369,48.40365219116211,7039600
2014-05-20 00:00:00-04:00,48.39446429476848,48.39446429476848,47.72257155680896,47.84222412109375,8740000
2014-05-21 00:00:00-04:00,48.05620997927198,48.474988616096866,47.99638195184381,48.343833923339844,9096400
2014-05-22 00:00:00-04:00,48.3507351436714,48.38524861149399,48.02169153594714,48.17585754394531,16870000
2014-05-23 00:00:00-04:00,48.318523910217785,48.84314971454594,48.254096426250086,48.7971305847168,11117600
2014-05-27 00:00:00-04:00,49.00882136868259,49.36087280271699,48.96970493279372,49.35626983642578,9676800
2014-05-28 00:00:00-04:00,49.35627058607238,49.35627058607238,49.01342156837849,49.1952018737793,7223200
2014-05-29 00:00:00-04:00,49.241223530706264,49.39999252348205,49.1261739430177,49.395389556884766,5260400
2014-05-30 00:00:00-04:00,49.67381003133124,49.689915147521795,49.08705644458247,49.43220520019531,6136400
2014-06-02 00:00:00-04:00,49.5564568068549,49.6300902260872,48.97430619130884,49.130775451660156,6364000
2014-06-03 00:00:00-04:00,49.01802510320806,49.06404423424912,48.50490494558273,48.62455749511719,9011600
2014-06-04 00:00:00-04:00,48.587743760731115,48.64986801147461,48.19427261751472,48.64986801147461,12589600
2014-06-05 00:00:00-04:00,48.808634644243675,48.89607345206553,48.46348589046439,48.83164596557617,6597600
2014-06-06 00:00:00-04:00,48.902965346617435,49.10315045606981,48.6912745790397,49.011112213134766,10002400
2014-06-09 00:00:00-04:00,49.123869373605984,49.238918949955305,48.69588480914513,48.91447830200195,5516400
2014-06-10 00:00:00-04:00,49.011120256492944,49.420696473528295,48.9535954674595,49.298744201660156,6835600
2014-06-11 00:00:00-04:00,49.00882606633579,49.22051689257334,48.80863739037695,48.93749237060547,6758000
2014-06-12 00:00:00-04:00,48.87077165546334,49.05024876052526,48.60385572602522,48.728111267089844,6218000
2014-06-13 00:00:00-04:00,48.75110701004147,48.79712965002361,48.5164083990981,48.61764907836914,7085200
2014-06-16 00:00:00-04:00,48.52331236486153,48.54862341310141,48.31392128497115,48.37604904174805,7899200
2014-06-17 00:00:00-04:00,48.35302853125864,48.76260468054451,48.2978034789491,48.50719451904297,5722400
2014-06-18 00:00:00-04:00,48.4243641962942,48.60844421386719,48.097623832843446,48.60844421386719,10326000
2014-06-19 00:00:00-04:00,48.6590714099301,48.81784039785086,47.865229981360976,48.39445877075195,15331200
2014-06-20 00:00:00-04:00,48.67057698214922,48.808634376282185,48.11373741709988,48.20347595214844,18358800
2014-06-23 00:00:00-04:00,48.09070950127136,48.2770892012095,47.902026563386585,48.198856353759766,14765200
2014-06-24 00:00:00-04:00,48.15285475326793,48.45658383485837,47.71796745821624,47.81230545043945,13089600
2014-06-25 00:00:00-04:00,47.70185680023169,48.43357396247611,47.70185680023169,48.104530334472656,8244800
2014-06-26 00:00:00-04:00,48.28171670990578,48.288619405187745,47.75939053034696,48.0815315246582,8580400
2014-06-27 00:00:00-04:00,47.88365121957787,48.297827025200576,47.82842614034489,48.15516662597656,12961200
2014-06-30 00:00:00-04:00,48.01249172745744,48.721197563931646,47.97567501908706,48.484195709228516,9961600
2014-07-01 00:00:00-04:00,48.769515440345586,49.5518546778211,48.741904665140574,49.298744201660156,10993600
2014-07-02 00:00:00-04:00,49.443699949518866,49.584060552934226,49.29873638062142,49.43449401855469,5768800
2014-07-03 00:00:00-04:00,49.54264167247907,49.93150975259421,49.494322822768495,49.81875991821289,5571600
2014-07-07 00:00:00-04:00,49.800362778622016,50.05807624222227,49.61858597515917,49.87169647216797,6612400
2014-07-08 00:00:00-04:00,49.87859516202381,49.906205937286295,49.04563382758239,49.53114318847656,12149200
2014-07-09 00:00:00-04:00,49.586369184757416,49.76584624941577,49.35856975144433,49.73823547363281,5177200
2014-07-10 00:00:00-04:00,49.195203117617964,49.906208708382266,48.93748966039847,49.59557342529297,8536800
2014-07-11 00:00:00-04:00,49.689906137963774,49.9407133455855,49.326349093312665,49.93151092529297,5696800
2014-07-14 00:00:00-04:00,50.33419223996374,51.16485036434235,50.08108175457179,50.85881805419922,13716400
2014-07-15 00:00:00-04:00,51.00607628309117,51.714782060347964,50.8288989610184,51.03138732910156,10900800
2014-07-16 00:00:00-04:00,51.29830328855024,51.34892538068216,50.87031874391124,51.236175537109375,8853200
2014-07-17 00:00:00-04:00,51.0682085354561,51.08201392339959,50.12250083994637,50.13400650024414,9806000
2014-07-18 00:00:00-04:00,50.43313690213713,51.056707228687635,50.37331237893598,50.66783905029297,11068000
2014-07-21 00:00:00-04:00,50.51366721241185,50.6517281098151,50.27896509124012,50.44233703613281,6168400
2014-07-22 00:00:00-04:00,50.833491241546795,51.21775630581482,50.762161084429806,50.91172409057617,7699200
2014-07-23 00:00:00-04:00,50.96466086345811,51.206262156754725,50.77827760683643,50.89793014526367,8189200
2014-07-24 00:00:00-04:00,51.40185569568906,51.50770286337719,51.04290153654338,51.25229263305664,11947600
2014-07-25 00:00:00-04:00,49.26422618235058,49.862481826419646,48.62915032301826,49.418392181396484,27530400
2014-07-28 00:00:00-04:00,49.33785872684768,49.46211423252888,49.03872913324717,49.291839599609375,10401600
2014-07-29 00:00:00-04:00,49.3332627843302,49.63469565937959,49.087058487484576,49.12617492675781,10577200
2014-07-30 00:00:00-04:00,49.123861656208476,49.42298769889623,49.114655725367506,49.2550163269043,10422800
2014-07-31 00:00:00-04:00,49.07324515116378,49.09395323136043,48.553218841552734,48.553218841552734,13874000
2014-08-01 00:00:00-04:00,48.290911735462146,49.02492865030431,48.27020365278857,48.7373046875,14100000
2014-08-04 00:00:00-04:00,48.976598083361466,49.05022797450083,48.670565838767494,48.81782913208008,8079600
2014-08-05 00:00:00-04:00,48.66597656108165,48.87076469080272,48.129845050455714,48.4450798034668,11151200
2014-08-06 00:00:00-04:00,48.31620801973363,48.63834886625261,48.27709159406995,48.47957992553711,7528400
2014-08-07 00:00:00-04:00,48.59233804795931,48.654465803129554,47.998685315566235,48.09992599487305,9568000
2014-08-08 00:00:00-04:00,48.06311298547373,48.44737815592211,47.908946971775364,48.42667007446289,9256800
2014-08-11 00:00:00-04:00,48.56012067617478,48.60154034686986,48.327721810109004,48.45427703857422,9018400
2014-08-12 00:00:00-04:00,48.34153587320462,48.596946103391346,48.194272538477534,48.38985824584961,6442000
2014-08-13 00:00:00-04:00,48.63191189331724,48.89703227599014,48.51895070701033,48.74256896972656,6451200
2014-08-14 00:00:00-04:00,48.89474055474516,49.0100094061738,48.714921427934584,48.993873596191406,7136800
2014-08-15 00:00:00-04:00,49.07916951482375,49.17830255242063,48.39677639306414,48.45671844482422,8999600
2014-08-18 00:00:00-04:00,48.75640679146937,49.43418449875693,48.70568822920819,49.40882873535156,8352400
2014-08-19 00:00:00-04:00,49.5079593081807,49.72466525751123,49.365027093824516,49.56559371948242,8212400
2014-08-20 00:00:00-04:00,49.46876951140529,49.897569682434266,49.43418675316361,49.84223937988281,7296800
2014-08-21 00:00:00-04:00,49.91139427176218,50.019747233585385,49.72927110143322,49.73849105834961,5544000
2014-08-22 00:00:00-04:00,49.84223473768884,50.01513795961727,49.63475227846475,49.81687545776367,7145600
2014-08-25 00:00:00-04:00,50.072791178004934,50.10045809596028,49.76156737224991,49.800758361816406,4962400
2014-08-26 00:00:00-04:00,49.90910115885933,50.25721177218451,49.837631526679054,49.96442794799805,6944000
2014-08-27 00:00:00-04:00,50.0543406262191,50.14886192053906,49.63245624404243,50.05664825439453,8035600
2014-08-28 00:00:00-04:00,49.565590873481035,49.73618998751964,49.28203057112136,49.4733772277832,11083600
2014-08-29 00:00:00-04:00,49.464168962220725,49.565606114314114,48.89704818311849,48.993873596191406,14646000
2014-09-02 00:00:00-04:00,49.19904522233219,49.55868342632895,49.037669556144635,49.503353118896484,8066400
2014-09-03 00:00:00-04:00,49.58172454838275,49.83300969435184,49.40651371669996,49.54253005981445,7788400
2014-09-04 00:00:00-04:00,49.66702906919738,49.82379297382115,49.33505430914097,49.39499282836914,9492400
2014-09-05 00:00:00-04:00,49.418047866290436,49.42035197627277,49.12757171088463,49.38346862792969,8202800
2014-09-08 00:00:00-04:00,49.337358350216505,49.84684807498245,49.2197854219129,49.743106842041016,10266400
2014-09-09 00:00:00-04:00,49.632442712723,49.67394131358236,49.33505073041804,49.399600982666016,7328800
2014-09-10 00:00:00-04:00,49.35119792533972,50.40705729886209,49.34427855932188,49.99900817871094,12646800
2014-09-11 00:00:00-04:00,49.9575065799624,49.96903416566793,49.43879688274093,49.5540657043457,8861200
2014-09-12 00:00:00-04:00,49.53793455488981,49.73850119766242,49.04688820302517,49.34428024291992,8710800
2014-09-15 00:00:00-04:00,49.30047796966402,49.7062229681888,49.30047796966402,49.482601165771484,7036800
2014-09-16 00:00:00-04:00,49.544855518861084,50.20649755970556,49.25437577977739,50.09584045410156,9211600
2014-09-17 00:00:00-04:00,50.02666525262276,50.13962995667099,49.265890377033266,49.687774658203125,12321200
2014-09-18 00:00:00-04:00,49.78000271749851,49.95290598848682,49.60018359708876,49.897579193115234,9215200
2014-09-19 00:00:00-04:00,50.1857306574369,50.29177598340674,49.67854864148105,49.853755950927734,20475200
2014-09-22 00:00:00-04:00,50.022064441694994,50.022064441694994,49.27742872591112,49.30739974975586,9074000
2014-09-23 00:00:00-04:00,49.312005157363274,49.312005157363274,48.98003387451172,48.98003387451172,7959600
2014-09-24 00:00:00-04:00,49.05380696145736,49.565600889266925,48.93162227324142,49.42958450317383,8336000
2014-09-25 00:00:00-04:00,49.344267172712875,49.39729335435203,48.50972217257533,48.57658004760742,11729600
2014-09-26 00:00:00-04:00,48.747180864451416,48.92469582343835,48.542002515704205,48.860145568847656,7178800
2014-09-29 00:00:00-04:00,48.46132020801188,48.74949226607413,48.21003149991035,48.62730407714844,8788800
2014-09-30 00:00:00-04:00,48.68262586192981,49.33965944645759,48.6480466281019,49.1898078918457,11456000
2014-10-01 00:00:00-04:00,49.06992872603383,49.29124284831474,48.35526077119336,48.415199279785156,11686000
2014-10-02 00:00:00-04:00,48.18237455990559,48.41291223722571,47.9057300506666,48.34836196899414,11411600
2014-10-03 00:00:00-04:00,48.6503483159345,48.94313204609302,48.45438995339878,48.871665954589844,9960800
2014-10-06 00:00:00-04:00,49.010007641416614,49.13910818753183,48.79560927398799,48.82557678222656,8937200
2014-10-07 00:00:00-04:00,48.59964249426832,48.66419275625899,47.91725300530254,47.96335983276367,8949600
2014-10-08 00:00:00-04:00,47.95875308662046,48.99847675265206,47.88267523041437,48.95698165893555,14038800
2014-10-09 00:00:00-04:00,48.922390930764614,48.922390930764614,47.85500060174155,47.884971618652344,10996800
2014-10-10 00:00:00-04:00,47.926457550839714,48.313762515954195,47.255592346191406,47.255592346191406,11744400
2014-10-13 00:00:00-04:00,47.14494157843763,47.894188816236756,46.96512252278382,47.09422302246094,12188800
2014-10-14 00:00:00-04:00,47.12420931998009,47.46770822136203,46.67004979636653,46.73460006713867,14018000
2014-10-15 00:00:00-04:00,46.30580070898368,46.561697686448596,45.404397493814606,46.1651725769043,19668000
2014-10-16 00:00:00-04:00,45.43667004050302,46.84756301967266,44.99864986008996,46.79914855957031,15625600
2014-10-17 00:00:00-04:00,47.2233362573581,47.62216896579818,46.930555944392026,47.490760803222656,12731600
2014-10-20 00:00:00-04:00,47.38239501032991,47.99793001090992,47.29248548255361,47.91724395751953,7628000
2014-10-21 00:00:00-04:00,48.36219709582417,49.192134200111994,47.928785106059856,49.175994873046875,12986000
2014-10-22 00:00:00-04:00,49.17136538166205,49.32352104880241,48.59041313613028,48.62499237060547,11042000
2014-10-23 00:00:00-04:00,49.305079714115436,49.77307080177571,49.03073938319909,49.399600982666016,9729600
2014-10-24 00:00:00-04:00,49.24975838615903,49.36963542918417,48.84170576822744,49.21517562866211,10896000
2014-10-27 00:00:00-04:00,49.118349876723755,49.50334732014663,48.92239498992333,49.199039459228516,6658800
2014-10-28 00:00:00-04:00,49.47567794854683,49.99438758494605,49.348881556104274,49.959808349609375,10497600
2014-10-29 00:00:00-04:00,49.86761422887696,50.34943722501223,49.27743822166657,49.48722839355469,16095200
2014-10-30 00:00:00-04:00,52.68477131339594,55.16305116568777,52.5671983728312,54.55673599243164,50857600
2014-10-31 00:00:00-04:00,54.7042771252063,55.905379823017505,54.7042771252063,55.6587028503418,24956000
2014-11-03 00:00:00-05:00,55.55496243538356,56.066756304622864,55.09849886904662,55.68406295776367,12716000
2014-11-04 00:00:00-05:00,55.24834246369614,56.02294905300035,55.12154957944547,56.013729095458984,16644400
2014-11-05 00:00:00-05:00,56.2880684381277,58.17386455809726,56.251181573169966,57.52605438232422,21939600
2014-11-06 00:00:00-05:00,57.52145054573502,57.84189775390517,57.0672910720206,57.6551628112793,13212000
2014-11-07 00:00:00-05:00,57.662076807977186,58.194618225097656,57.413095719896425,58.194618225097656,9507600
2014-11-10 00:00:00-05:00,58.09087610388127,58.18770149482397,57.29552191435343,57.68282699584961,13145200
2014-11-11 00:00:00-05:00,57.44537003162046,57.606749201062385,57.21022416100152,57.572166442871094,8467600
2014-11-12 00:00:00-05:00,57.47977516244154,58.2443237290068,57.36197228544832,58.19581604003906,10897200
2014-11-13 00:00:00-05:00,58.29975277239584,58.29975277239584,57.650695058772286,57.95790100097656,12473200
2014-11-14 00:00:00-05:00,58.00872117443999,58.01334179348237,57.45205465057105,57.47746276855469,8532800
2014-11-17 00:00:00-05:00,57.41741704981553,58.07571261548633,57.32040518301669,57.699214935302734,9876800
2014-11-18 00:00:00-05:00,57.69689513695754,58.14500002680811,57.53059161935805,57.68303680419922,7647200
2014-11-19 00:00:00-05:00,57.798531990591684,57.93712237767844,57.09634938978531,57.713069915771484,6642800
2014-11-20 00:00:00-05:00,57.17487418134956,58.18195408098517,57.17025356256927,58.13113784790039,6704000
2014-11-21 00:00:00-05:00,58.93264501258687,59.26063846014181,58.396769535785666,58.72014236450195,11886800
2014-11-24 00:00:00-05:00,58.90030082803293,58.95804622100159,58.57692803720807,58.81252670288086,10724800
2014-11-25 00:00:00-05:00,58.983469365274104,59.59326072943249,58.85874083545761,59.42233657836914,12966400
2014-11-26 00:00:00-05:00,59.47315281909067,59.81269609822999,59.03890622547031,59.42233657836914,7977200
2014-11-28 00:00:00-05:00,59.727221343411394,59.93972752521462,59.57015554107818,59.637142181396484,5186800
2014-12-01 00:00:00-05:00,59.1936450563188,60.20534547186888,59.1936450563188,59.627891540527344,10925600
2014-12-02 00:00:00-05:00,59.86350574689167,60.112962779054904,59.646382473990705,60.05752944946289,8535200
2014-12-03 00:00:00-05:00,59.97206366938371,60.48946017753224,59.752628338339235,60.42478561401367,9382000
2014-12-04 00:00:00-05:00,60.53565488562196,60.57492485934966,60.06676251757437,60.318538665771484,7362400
2014-12-05 00:00:00-05:00,60.43402963002672,60.86133995381492,60.286198021473666,60.82900619506836,7838000
2014-12-08 00:00:00-05:00,60.86365053644705,61.35564246368965,60.63728603476297,60.77125930786133,12342000
2014-12-09 00:00:00-05:00,59.939724248267545,61.147760534725805,59.939724248267545,61.01148223876953,10454000
2014-12-10 00:00:00-05:00,60.92832088045055,61.173160791290535,60.286192370115764,60.45249938964844,8528000
2014-12-11 00:00:00-05:00,60.73662360522355,61.34409938273696,60.63499112213383,60.77588653564453,13383600
2014-12-12 00:00:00-05:00,60.17764351094309,61.08309459802557,59.31146240234375,59.31146240234375,15325600
2014-12-15 00:00:00-05:00,59.632531104884244,59.789596923068316,58.45914046550913,59.29298782348633,12825200
2014-12-16 00:00:00-05:00,58.4198606649387,59.69719204212911,58.28820299736162,58.533042907714844,12050400
2014-12-17 00:00:00-05:00,58.69704559074875,59.95358611275591,58.60003373751286,59.84271240234375,9714400
2014-12-18 00:00:00-05:00,60.48022281991473,61.08308847656344,60.3185399252459,61.0161018371582,10318000
2014-12-19 00:00:00-05:00,60.83132003806394,61.11311791485358,60.37398091191361,60.44096755981445,15563600
2014-12-22 00:00:00-05:00,60.61418934334156,61.05074086419333,60.5241031435953,61.02764129638672,5680000
2014-12-23 00:00:00-05:00,61.21245340566928,61.538138399775825,60.9930180039305,61.270198822021484,5537600
2014-12-24 00:00:00-05:00,61.32329629458453,62.09939805463927,61.297891704769384,61.81760025024414,5236800
2014-12-26 00:00:00-05:00,61.81759462083186,62.20795401224918,61.58430099487305,61.58430099487305,4768800
2014-12-29 00:00:00-05:00,61.55200231574056,61.833800255045574,61.2216931470212,61.30946731567383,5262400
2014-12-30 00:00:00-05:00,61.23320327750289,61.29787782211019,60.76661608876756,61.10615921020508,4781600
2014-12-31 00:00:00-05:00,61.321000596828966,61.72983551046525,60.558757051490964,60.56338119506836,5904800
2015-01-02 00:00:00-05:00,60.83591943239929,61.6143260981901,60.63034247726904,61.214725494384766,8389600
2015-01-05 00:00:00-05:00,60.86133374773084,60.86364581919093,59.7941999849267,59.86349868774414,12751200
2015-01-06 00:00:00-05:00,60.00670244043096,60.23537193294072,58.86796149802259,59.477752685546875,11070000
2015-01-07 00:00:00-05:00,59.694888287422174,60.318541458567566,59.46621874753524,60.274654388427734,9346800
2015-01-08 00:00:00-05:00,60.794357119837045,61.23783782382808,60.662695922183985,61.08308410644531,10443200
2015-01-09 00:00:00-05:00,60.88905541017112,61.08770324909836,60.00208692344687,60.177635192871094,10523600
2015-01-12 00:00:00-05:00,60.29543927166635,60.5171796355425,59.85657563830766,60.05983352661133,6425600
2015-01-13 00:00:00-05:00,60.52181234313715,61.397234812995656,59.84965486301896,60.23539733886719,10284000
2015-01-14 00:00:00-05:00,59.27912335571995,59.731845334406295,58.6970451912668,59.029659271240234,12225200
2015-01-15 00:00:00-05:00,59.29527948592076,59.470827742571494,58.29051172664017,58.46836853027344,10569200
2015-01-16 00:00:00-05:00,58.184246166105986,58.92338988385043,58.09185496363716,58.88874053955078,11137200
2015-01-20 00:00:00-05:00,59.182106103303326,59.98361254091102,58.729380614463146,59.325313568115234,14933200
2015-01-21 00:00:00-05:00,59.16824647300436,59.96975289302694,58.78481617779194,59.426944732666016,9784000
2015-01-22 00:00:00-05:00,59.00425712799423,59.82424262563948,58.523814910995036,59.50086975097656,11566000
2015-01-23 00:00:00-05:00,59.71335379444774,60.20534567343764,59.634820905402144,59.66023254394531,6166800
2015-01-26 00:00:00-05:00,59.3484111849365,59.429256152443735,58.6231291224838,59.25370788574219,8552400
2015-01-27 00:00:00-05:00,58.62082100304616,58.62082100304616,57.41740879375862,57.97407531738281,11027600
2015-01-28 00:00:00-05:00,58.32978484371229,58.440655028041256,56.89077042118344,56.90462875366211,11430800
2015-01-29 00:00:00-05:00,57.174889419298715,57.4682371112879,56.629772566425316,57.283451080322266,15668400
2015-01-30 00:00:00-05:00,60.14759545217317,60.8913563404908,58.87950897216797,58.87950897216797,22151600
2015-02-02 00:00:00-05:00,59.20289996271561,59.20289996271561,57.6761112747376,58.97884750366211,13665200
2015-02-03 00:00:00-05:00,59.2952827982161,60.159158749834695,58.84025230229303,60.006710052490234,15075600
2015-02-04 00:00:00-05:00,59.96051985947592,61.609732063968316,59.84734111763816,61.18472671508789,22170800
2015-02-05 00:00:00-05:00,61.729855095812624,62.780818939208984,61.41802841237584,62.780818939208984,16565600
2015-02-06 00:00:00-05:00,62.76925512997016,62.93094508329947,61.45035205569694,61.769107818603516,11242000
2015-02-09 00:00:00-05:00,61.766777317086024,61.98158846747247,61.27478548626721,61.31636047363281,7834400
2015-02-10 00:00:00-05:00,61.61432138140295,61.873019559832166,60.89366015606537,61.10615921020508,9396800
2015-02-11 00:00:00-05:00,61.31675778608078,61.622202328236085,61.147832188020594,61.55046844482422,8795600
2015-02-12 00:00:00-05:00,61.92766343533951,62.6889762878418,61.79807917046416,62.6889762878418,11641600
2015-02-13 00:00:00-05:00,63.114747911091456,63.114747911091456,62.1960838368425,62.39277648925781,8476000
2015-02-17 00:00:00-05:00,62.8208651232414,62.93887505495168,62.448305134776334,62.67970657348633,6810400
2015-02-18 00:00:00-05:00,62.67970992464712,62.70979324317766,62.050297695232054,62.274757385253906,6429200
2015-02-19 00:00:00-05:00,62.49461281190351,62.49461281190351,62.015609950658146,62.2701530456543,5654800
2015-02-20 00:00:00-05:00,62.25625948932691,63.172607421875,61.798081992146294,63.172607421875,9034800
2015-02-23 00:00:00-05:00,63.163325747555774,63.246633925782184,62.536229915167596,63.17490005493164,6654800
2015-02-24 00:00:00-05:00,63.36003822366719,63.36003822366719,62.74914199295038,63.04996109008789,9045200
2015-02-25 00:00:00-05:00,62.76994759479642,63.457210052469755,62.76994759479642,63.17490005493164,6842800
2015-02-26 00:00:00-05:00,63.21888908083427,63.519708189245776,62.94582995916313,63.34615707397461,13459600
2015-02-27 00:00:00-05:00,63.28136031042885,63.44796965137258,62.781532287597656,62.781532287597656,7965200
2015-03-02 00:00:00-05:00,64.03108741515632,64.3967056274414,63.50580871379268,64.3967056274414,11653600
2015-03-03 00:00:00-05:00,64.48002660758073,64.48002660758073,63.28831029411276,63.704830169677734,8807200
2015-03-04 00:00:00-05:00,63.67011774345152,63.67011774345152,62.99905484343228,63.34615707397461,8021200
2015-03-05 00:00:00-05:00,63.63539251373641,63.66779210323094,63.34614072958307,63.43407440185547,6756000
2015-03-06 00:00:00-05:00,63.26515769680165,63.51507522799983,62.304843050996446,62.32566833496094,11590800
2015-03-09 00:00:00-04:00,62.59873220387795,62.98980130985867,62.26551347379009,62.80699920654297,8902000
2015-03-10 00:00:00-04:00,62.395091167978634,62.44599270829217,61.367668151855476,61.36766815185547,11125600
2015-03-11 00:00:00-04:00,61.46716512659981,61.87211764323665,60.87014546174366,61.26353073120117,12105200
2015-03-12 00:00:00-04:00,61.64533266842063,62.47837913592843,61.62219111563783,62.381187438964844,9530800
2015-03-13 00:00:00-04:00,62.209970024836224,62.209970024836224,61.20568849766072,61.328330993652344,12578800
2015-03-16 00:00:00-04:00,61.75873826005969,62.48996064992314,61.69857162144847,62.251617431640625,9849600
2015-03-17 00:00:00-04:00,62.02947327422176,62.098890885786425,61.12238352798764,61.205684661865234,14290800
2015-03-18 00:00:00-04:00,61.110818218936366,62.01097339840598,59.93530176516215,61.939239501953125,50658000
2015-03-19 00:00:00-04:00,61.85823393459485,62.1914525693634,60.858578030289195,61.839717864990234,15407500
2015-03-20 00:00:00-04:00,62.246991688928965,62.66351148517097,61.81195582158482,62.39509201049805,15372000
2015-03-23 00:00:00-04:00,62.96895655870397,63.13556587225017,62.08037590706135,62.08963394165039,8128000
2015-03-24 00:00:00-04:00,62.10816192626953,62.6542731449072,61.86750238609971,62.10816192626953,6534800
2015-03-25 00:00:00-04:00,62.1081558527463,62.41360750134419,60.84008026123047,60.84008026123047,13054300
2015-03-26 00:00:00-04:00,60.39578854548534,61.367677622666626,60.18289606870199,60.71049118041992,9487200
2015-03-27 00:00:00-04:00,60.64571045478947,60.91413707957253,60.30324070667764,60.66422653198242,6521100
2015-03-30 00:00:00-04:00,61.10849925993639,61.38618385851999,60.62718729244585,60.77528762817383,11237100
2015-03-31 00:00:00-04:00,60.599406916028805,61.28435316358411,60.52535676445225,60.54387283325195,7400500
2015-04-01 00:00:00-04:00,60.580904141492674,60.645696272887776,59.65529822909821,60.33099365234375,7633000
2015-04-02 00:00:00-04:00,60.155119540284275,60.738255719423556,59.988510212217605,60.432804107666016,5083000
2015-04-06 00:00:00-04:00,59.91446235569691,60.7567599027136,59.618268802860854,60.349491119384766,8351200
2015-04-07 00:00:00-04:00,60.51610924715587,61.2658548039974,60.45131711871893,60.904869079589844,6660800
2015-04-08 00:00:00-04:00,60.98818655725642,61.86750954473426,60.90488539629745,61.55280685424805,6604200
2015-04-09 00:00:00-04:00,61.617591099733936,61.848992599592,60.86785249997406,61.49726486206055,5408500
2015-04-10 00:00:00-04:00,61.72866516116299,61.72866516116299,61.02520263797059,61.40469741821289,4628500
2015-04-13 00:00:00-04:00,61.293616372119956,61.83046942365204,60.636437110476905,60.72899627685547,5059800
2015-04-14 00:00:00-04:00,60.64569496669759,61.034454808507775,60.05330776046901,60.65495300292969,5621800
2015-04-15 00:00:00-04:00,60.71973113136135,61.00667369388902,60.44205366474184,60.79378128051758,5347100
2015-04-16 00:00:00-04:00,60.65494649109296,61.09924037897184,60.48833716586485,60.766021728515625,4121300
2015-04-17 00:00:00-04:00,60.25693822117358,60.62718196615372,59.562733847515325,59.72008514404297,11212900
2015-04-20 00:00:00-04:00,60.16438474451195,60.358761140115156,59.77563195330555,59.905216217041016,5948900
2015-04-21 00:00:00-04:00,60.19215248479107,60.93264005335358,60.15512740018167,60.488346099853516,9619700
2015-04-22 00:00:00-04:00,60.923346141948805,64.7738679321881,60.895579110295614,62.95042419433594,20912400
2015-04-23 00:00:00-04:00,63.126328105776786,63.14484418089985,62.49691572604997,62.68204116821289,7193400
2015-04-24 00:00:00-04:00,63.061534339163366,63.10781746396314,62.30253770041527,62.459896087646484,6219900
2015-04-27 00:00:00-04:00,63.30219452788737,63.50582898019927,61.95081059923341,62.10816192626953,7122400
2015-04-28 00:00:00-04:00,62.302539590198805,62.47840699559638,61.469499813041715,61.802711486816406,6297500
2015-04-29 00:00:00-04:00,61.886012489641736,63.366980551995226,61.81196232107087,62.330299377441406,9812400
2015-04-30 00:00:00-04:00,62.182185153840024,62.47837866652744,60.55311730315403,61.136253356933594,11780600
2015-05-01 00:00:00-04:00,60.36802284878338,61.700897713212576,60.30323071297436,60.87710189819336,10142800
2015-05-04 00:00:00-04:00,61.1362687864811,61.219569922724325,60.59941570242864,60.70123291015625,7426400
2015-05-05 00:00:00-04:00,60.87710729023487,61.4509855880969,60.7197559553064,61.052974700927734,8099800
2015-05-06 00:00:00-04:00,61.2288206842343,61.6916235509907,60.37726510423723,60.78452682495117,7084600
2015-05-07 00:00:00-04:00,60.70124787125746,61.81197233246826,60.664222780975244,61.626853942871094,6660300
2015-05-08 00:00:00-04:00,62.145156215980116,64.94048893851732,62.024830036433656,64.30181884765625,18359000
2015-05-11 00:00:00-04:00,64.14449052058471,64.5147272243576,63.67242954291809,63.88531494140625,10998500
2015-05-12 00:00:00-04:00,63.45029928983583,63.866819199016895,62.91344607129861,63.57988357543945,7438200
2015-05-13 00:00:00-04:00,63.74676625925071,63.86730305238496,63.227522136000864,63.65404510498047,5129800
2015-05-14 00:00:00-04:00,63.94149930804685,64.93363077055463,63.83950388977454,64.90581512451172,6491100
2015-05-15 00:00:00-04:00,64.99854691656284,65.5456139833717,64.26603746307137,64.50711822509766,7121000
2015-05-18 00:00:00-04:00,64.6647344018524,65.12834736702747,64.099126018405,64.90581512451172,5553800
2015-05-19 00:00:00-04:00,65.03561259551066,65.4250457070596,64.90580155832768,65.05416107177734,4351000
2015-05-20 00:00:00-04:00,65.13760230473757,65.2025078176616,64.42364166257326,64.7018051147461,4870100
2015-05-21 00:00:00-04:00,64.48852560099488,64.78523742855045,64.23817079620764,64.32162475585938,6483800
2015-05-22 00:00:00-04:00,64.25673202222646,64.7667018189356,64.25673202222646,64.5534439086914,4511700
2015-05-26 00:00:00-04:00,64.2660083766771,64.44218351621136,63.33878271457335,63.55204772949219,6228100
2015-05-27 00:00:00-04:00,63.839490825833074,64.66472116903802,63.514963231455454,64.43291473388672,7064800
2015-05-28 00:00:00-04:00,64.42366817474627,64.70183174139132,63.793154186508254,64.49784088134766,3893900
2015-05-29 00:00:00-04:00,64.28457155458351,64.53491942797596,63.53351378606211,63.6818733215332,6678100
2015-06-01 00:00:00-04:00,64.09911543855532,64.39582740432682,63.45006022410868,64.08057403564453,6309400
2015-06-02 00:00:00-04:00,63.728217848703984,64.40508856718242,63.06061429271387,64.01565551757812,4457400
2015-06-03 00:00:00-04:00,64.21964995971386,64.4421821330748,63.87657392539764,63.93220520019531,4906400
2015-06-04 00:00:00-04:00,63.63550399935467,64.11766537607281,63.07916993513266,63.246070861816406,6460000
2015-06-05 00:00:00-04:00,63.320229442825365,63.70038821444795,63.051333202326916,63.3944091796875,4413100
2015-06-08 00:00:00-04:00,63.22752578234654,63.32024694196403,62.69900739093871,62.754638671875,4864300
2015-06-09 00:00:00-04:00,62.745375132551686,63.1348083138511,62.615564072118545,63.00499725341797,4439700
2015-06-10 00:00:00-04:00,63.25534420317054,64.59981876214741,63.15334880085683,64.56272888183594,6807800
2015-06-11 00:00:00-04:00,64.62764514761021,64.92435716525635,64.3680230164414,64.57201385498047,5238700
2015-06-12 00:00:00-04:00,64.377251753218,64.66468932753392,63.997085991165015,64.28453063964844,4900700
2015-06-15 00:00:00-04:00,63.718961237711014,63.96930910337254,63.20898419299262,63.57987594604492,5995100
2015-06-16 00:00:00-04:00,63.46861788396491,64.13622174649464,63.320265400165574,63.98786926269531,5937400
2015-06-17 00:00:00-04:00,64.08056311087768,64.35873362631452,63.524229154174044,63.746761322021484,7818300
2015-06-18 00:00:00-04:00,63.885858021297146,64.75744544903299,63.8673095440554,64.44219207763672,7596800
2015-06-19 00:00:00-04:00,64.22892478142532,64.28456313702759,63.4964226620112,63.691139221191406,8728800
2015-06-22 00:00:00-04:00,64.27527671409277,64.38654633003287,63.88584366955702,64.06201171875,5511700
2015-06-23 00:00:00-04:00,64.07129191594073,64.52563051016693,64.0620176785405,64.36800384521484,3888700
2015-06-24 00:00:00-04:00,64.08059956646774,64.34949599792043,63.75607182994694,63.848793029785156,4670600
2015-06-25 00:00:00-04:00,64.33090318091503,64.33090318091503,63.52422151664182,63.626216888427734,4705100
2015-06-26 00:00:00-04:00,63.70039721139199,64.1732842579666,63.43150800708512,63.746761322021484,7025600
2015-06-29 00:00:00-04:00,63.042083294409245,63.5056962174507,61.83669393900453,61.86450958251953,9706700
2015-06-30 00:00:00-04:00,62.43937837804178,62.56919649079815,61.90159282140444,62.26321029663086,6811000
2015-07-01 00:00:00-04:00,62.99570831445716,63.329510089961836,62.61554243017747,62.912254333496094,6260800
2015-07-02 00:00:00-04:00,63.19042927753134,63.34805593976947,62.69900081633578,63.27387619018555,5053000
2015-07-06 00:00:00-04:00,62.634121064559864,63.162639617919915,62.457945855382114,63.16263961791992,5270600
2015-07-07 00:00:00-04:00,63.153318767314566,63.2367656527024,61.688301025494546,62.83805847167969,6500700
2015-07-08 00:00:00-04:00,62.133405213628095,62.42084295887967,61.799603346935825,61.873783111572266,5973500
2015-07-09 00:00:00-04:00,62.72683200575801,62.99572835903955,62.142675175667335,62.17049789428711,4837800
2015-07-10 00:00:00-04:00,63.03280235228243,63.55204644886278,62.96789684020988,63.44077682495117,5110200
2015-07-13 00:00:00-04:00,64.02494134291317,64.53491126469991,63.820950544530014,64.46073150634766,6832300
2015-07-14 00:00:00-04:00,64.87796787314795,65.18395397890367,64.41435513382196,64.99850463867188,5635400
2015-07-15 00:00:00-04:00,65.02634232700849,65.16542761081548,64.61836778845841,64.92434692382812,4506200
2015-07-16 00:00:00-04:00,65.30449989382119,65.45285231262234,64.87797696278416,65.43431091308594,6512500
2015-07-17 00:00:00-04:00,65.2766688676179,65.79591282225846,65.16539927412279,65.72173309326172,6287600
2015-07-20 00:00:00-04:00,66.10193971740375,67.68749526442308,66.04630842338743,67.4093246459961,10198500
2015-07-21 00:00:00-04:00,67.53912585971591,67.57621574170564,66.53772734267967,66.77880096435547,10919600
2015-07-22 00:00:00-04:00,66.7046291198817,66.89934569716668,66.40791713437531,66.7324447631836,6303200
2015-07-23 00:00:00-04:00,66.9457294943788,66.99209363452233,66.01850328490444,66.52848052978516,10755700
2015-07-24 00:00:00-04:00,71.19237850678923,71.3221895213377,68.98558418529547,69.35647583007812,21196100
2015-07-27 00:00:00-04:00,68.87435760337561,69.27306513265592,68.22530212509334,68.48492431640625,10293800
2015-07-28 00:00:00-04:00,68.89283747646945,69.7087931328539,68.47558187811912,69.30081176757812,10054300
2015-07-29 00:00:00-04:00,69.49557511275958,70.86787249297085,69.23595300481549,70.47843933105469,13746900
2015-07-30 00:00:00-04:00,70.36714887221513,71.17383767548746,69.76445082890842,70.82148742675781,6507000
2015-07-31 00:00:00-04:00,70.88639103971741,70.94202938360156,69.83862870646549,69.85717010498047,8526300
2015-08-03 00:00:00-04:00,70.08901181334433,70.50626776897438,69.55122609537555,70.25591278076172,5810800
2015-08-04 00:00:00-04:00,70.03335513492495,70.54333209337295,69.56974229057971,69.79227447509766,6957900
2015-08-05 00:00:00-04:00,70.515546234746,70.62680883690817,69.46777623656173,69.5234146118164,6976400
2015-08-06 00:00:00-04:00,69.8200869562349,69.93134949510353,68.197442238818,68.22525787353516,7767800
2015-08-07 00:00:00-04:00,68.31798923992957,68.90213887893508,67.98418742502054,68.80941772460938,6484600
2015-08-10 00:00:00-04:00,69.43992039423367,69.70881665077786,68.47560497998984,68.96703338623047,6183500
2015-08-11 00:00:00-04:00,68.43853479571594,68.86505781956089,67.89147496323162,68.02128601074219,6476000
2015-08-12 00:00:00-04:00,67.67764645921146,68.5692407530398,67.23184576941651,68.2999038696289,7625100
2015-08-13 00:00:00-04:00,68.1977596676219,69.12650485874529,68.15131957376033,68.6621322631836,5992000
2015-08-14 00:00:00-04:00,68.58781171490428,69.09862426109284,68.21631232547273,68.93144989013672,3861500
2015-08-17 00:00:00-04:00,68.72714411506205,69.13579426643376,68.26277151969,69.1079330444336,3473500
2015-08-18 00:00:00-04:00,68.96859206332097,69.40510326083576,68.73640585917572,69.16362762451172,6325500
2015-08-19 00:00:00-04:00,68.91288716080024,69.61873545743225,68.42065336598587,69.09864044189453,5886900
2015-08-20 00:00:00-04:00,68.31848457233994,69.21936841724452,67.62192577503383,68.68069458007812,12082300
2015-08-21 00:00:00-04:00,67.33398565601001,68.37418219218998,65.90371807592228,66.1173324584961,15752200
2015-08-24 00:00:00-04:00,59.5882907851433,64.41776261412801,55.724707653345135,63.489017486572266,20950600
2015-08-25 00:00:00-04:00,66.58172065495611,66.68388315545663,61.85440567739854,62.19804382324219,14485000
2015-08-26 00:00:00-04:00,64.4270265604231,65.93158853693156,63.061770629324535,65.65296936035156,12220000
2015-08-27 00:00:00-04:00,66.81392040509613,67.32472592533333,65.75515162699016,67.24114227294922,9122200
2015-08-28 00:00:00-04:00,66.96252616780488,67.49191063781991,66.49815357706315,67.296875,6411400
2015-08-31 00:00:00-04:00,66.78607096849404,66.94395595246712,65.77373501232994,66.21953582763672,8313300
2015-09-01 00:00:00-04:00,64.46418117955751,65.3743471326211,63.61901999452356,64.0462417602539,11491500
2015-09-02 00:00:00-04:00,64.95641589764882,64.96569824423254,63.804767202800505,64.65921783447266,9218000
2015-09-03 00:00:00-04:00,65.43008473358613,66.01519863920176,65.00286286874305,65.38365173339844,9035200
2015-09-04 00:00:00-04:00,64.35272890364848,64.92855323822964,63.749043358416095,64.23199462890625,9469400
2015-09-08 00:00:00-04:00,65.70871194551403,65.95018764127072,64.59422072561944,65.50438690185547,7984900
2015-09-09 00:00:00-04:00,65.70870601081204,66.29381278554645,64.4827629453482,64.6406478881836,9022200
2015-09-10 00:00:00-04:00,64.54778202767635,65.61584026974724,64.510631374779,65.22576904296875,7244200
2015-09-11 00:00:00-04:00,64.88213034958606,65.76443532080053,64.51063090905696,65.71800231933594,6452100
2015-09-14 00:00:00-04:00,65.68084668986944,65.75514798949771,64.64993918625335,65.02143859863281,7059300
2015-09-15 00:00:00-04:00,65.45795573715189,65.70871378864511,64.5570718843488,65.4858169555664,6962600
2015-09-16 00:00:00-04:00,65.43006420850539,66.04303913909894,65.05857198048996,65.93158721923828,8207600
2015-09-17 00:00:00-04:00,66.21951689261465,67.16683361133786,65.47651810814666,65.90373992919922,7663300
2015-09-18 00:00:00-04:00,64.84498463323811,65.76444032707468,64.74282210217149,64.81712341308594,14508100
2015-09-21 00:00:00-04:00,65.58797674502365,66.23809543345882,65.21647731487687,65.736572265625,12756500
2015-09-22 00:00:00-04:00,65.01213752502224,65.37434743865794,64.37130133054647,65.24432373046875,11394000
2015-09-23 00:00:00-04:00,65.16073000774095,66.0801852549214,64.91925440745533,65.8944320678711,10655800
2015-09-24 00:00:00-04:00,65.33720126156477,65.59724869571848,64.67779324331468,65.23503875732422,8406700
2015-09-25 00:00:00-04:00,66.11734174041175,66.36809970790976,65.2071687577593,65.65296936035156,7756600
2015-09-28 00:00:00-04:00,65.18860383796351,65.27218747400224,62.25376668608102,62.411651611328125,15261200
2015-09-29 00:00:00-04:00,62.70885061386631,63.80476984580518,62.41165253837921,63.64688491821289,11326700
2015-09-30 00:00:00-04:00,64.38060362812901,64.69638061523438,63.39613618775041,64.69638061523438,9309200
2015-10-01 00:00:00-04:00,65.09571882585958,65.72726556548028,64.06481862950739,65.00284576416016,8679900
2015-10-02 00:00:00-04:00,63.897651011573295,65.69012892555794,63.489000994158815,65.6343994140625,7460400
2015-10-05 00:00:00-04:00,65.99659244124524,67.18538445735658,65.86656875734302,67.0832290649414,7286800
2015-10-06 00:00:00-04:00,67.07397822648682,67.37117640151217,66.71176817210477,66.94395446777344,5782500
2015-10-07 00:00:00-04:00,67.50119286968476,68.01200549929031,67.28757838300535,68.00271606445312,6208900
2015-10-08 00:00:00-04:00,67.79837503191389,68.66210803835365,67.64049010570989,68.63424682617188,5713100
2015-10-09 00:00:00-04:00,68.76424138266962,68.810674354697,68.16984548895866,68.7085189819336,5947800
2015-10-12 00:00:00-04:00,68.48565234061434,70.05523361278581,68.42064047591998,69.6465835571289,5586300
2015-10-13 00:00:00-04:00,69.1543681499525,69.88807772318522,68.86645939953392,69.65589141845703,7439400
2015-10-14 00:00:00-04:00,69.5072531239728,69.89733130098045,68.46706354731255,68.91285705566406,7568300
2015-10-15 00:00:00-04:00,69.61872100834019,70.03666048973828,69.26580047615302,69.97164154052734,6856200
2015-10-16 00:00:00-04:00,69.9623677484924,71.08614843169313,69.46084456093989,70.58462524414062,9117400
2015-10-19 00:00:00-04:00,70.51959915999984,71.81984341169964,70.51959915999984,71.50406646728516,9952600
2015-10-20 00:00:00-04:00,71.17902195045517,71.41120821910506,70.51961379778093,70.84467315673828,8148800
2015-10-21 00:00:00-04:00,71.4576373532764,71.4576373532764,69.94377857885293,70.08309173583984,7277900
2015-10-22 00:00:00-04:00,70.48244441454088,71.37403859893328,70.250258207592,70.97467803955078,9093400
2015-10-23 00:00:00-04:00,71.94057908466823,72.09846401704375,69.60942740227206,71.578369140625,11971300
2015-10-26 00:00:00-04:00,72.51639512634361,72.73000246067336,71.59693267967417,72.60926818847656,8019400
2015-10-27 00:00:00-04:00,72.46995393532329,72.60926706925552,71.56907036642319,71.99629211425781,9527400
2015-10-28 00:00:00-04:00,72.27492943995249,73.26868622159553,71.92200892098741,73.25011444091797,10850200
2015-10-29 00:00:00-04:00,72.99006569873772,73.10151764892477,72.37709768711386,72.915771484375,7648600
2015-10-30 00:00:00-04:00,73.11080111082774,73.19438475231902,72.03345360430858,72.05203247070312,11186500
2015-11-02 00:00:00-05:00,69.83233013240186,70.77964679684887,69.21935510747176,69.86019134521484,29966000
2015-11-03 00:00:00-05:00,69.77660796580025,72.98078240603054,69.47940985490975,72.34923553466797,18899900
2015-11-04 00:00:00-05:00,72.78573737356379,73.21295915972057,72.34922615477551,72.76715850830078,8640800
2015-11-05 00:00:00-05:00,72.83219322110484,74.03027531915183,72.83219322110484,73.61234283447266,9392600
2015-11-06 00:00:00-05:00,73.90022710643501,73.90022710643501,72.73929604903483,73.13865661621094,8221600
2015-11-09 00:00:00-05:00,72.81360442018519,72.81360442018519,71.78269697407215,72.47925567626953,10157300
2015-11-10 00:00:00-05:00,72.24665092246865,73.99582674518412,72.20943350941141,73.94931030273438,8440300
2015-11-11 00:00:00-05:00,74.29355695475616,74.665723976832,73.6608751467759,73.67018127441406,8024400
2015-11-12 00:00:00-05:00,73.37242526182683,73.64224608779318,72.70252625921981,72.8606948852539,8939800
2015-11-13 00:00:00-05:00,72.59090351166606,73.47480114814456,72.35829999130267,72.67464447021484,9913200
2015-11-16 00:00:00-05:00,72.3769303996326,73.41899698766095,72.18154424534563,73.4096908569336,7805000
2015-11-17 00:00:00-05:00,73.4468666533474,73.76320393380561,73.00957103748375,73.34452056884766,6942600
2015-11-18 00:00:00-05:00,73.46545597454052,74.89829375027796,73.26076384965054,74.86107635498047,7212400
2015-11-19 00:00:00-05:00,74.99136871196909,75.37284186805573,74.29355819585555,74.57268524169922,6082200
2015-11-20 00:00:00-05:00,74.98207668680494,75.36354991463908,74.41453055757118,74.60991668701172,6764300
2015-11-23 00:00:00-05:00,74.98206381767764,75.15884475618651,74.02373849554263,74.53546905517578,5910600
2015-11-24 00:00:00-05:00,73.71669480314782,74.6191903036134,73.69808255039909,74.23772430419922,6040800
2015-11-25 00:00:00-05:00,74.22845786266836,74.5168840480242,74.02376556396484,74.02376556396484,4268700
2015-11-27 00:00:00-05:00,74.09817600674371,74.57268917027763,74.07026472038808,74.28425598144531,3139500
2015-11-30 00:00:00-05:00,74.48896225425958,74.55409096753183,73.46550800348246,73.51203155517578,8874600
2015-12-01 00:00:00-05:00,73.99582625012822,74.36799327971488,73.28870960376312,74.3493881225586,6702100
2015-12-02 00:00:00-05:00,74.27495254549301,74.57268474645102,73.47479592445046,73.53992462158203,7310000
2015-12-03 00:00:00-05:00,73.8376677994016,74.21913391116877,72.64673881852362,72.84212493896484,8689600
2015-12-04 00:00:00-05:00,73.1119369536141,74.80529022216797,72.99097858539868,74.80529022216797,9944600
2015-12-07 00:00:00-05:00,74.5541002671,74.88905000527964,73.56786331495898,74.01446533203125,15262400
2015-12-08 00:00:00-05:00,73.48411433746791,74.12609528838006,72.90725499607896,73.5678482055664,11344000
2015-12-09 00:00:00-05:00,73.3445452374772,74.20052450619801,72.01405278997794,72.46064758300781,15361500
2015-12-10 00:00:00-05:00,72.48855861271336,73.60505258048396,72.22803672830439,72.68394470214844,8717100
2015-12-11 00:00:00-05:00,71.77211437123874,71.77211437123874,70.26484157723598,70.81378936767578,15625800
2015-12-14 00:00:00-05:00,70.897552211192,71.9489246965809,70.32070000709885,71.52093505859375,10361000
2015-12-15 00:00:00-05:00,72.9165435470524,73.92138521447663,72.7676739083258,73.1491470336914,11355300
2015-12-16 00:00:00-05:00,73.9213757394485,74.41450103065166,72.71184202305726,74.30284881591797,10497500
2015-12-17 00:00:00-05:00,74.41451407421899,74.69363401223683,73.15844950840479,73.21427917480469,7555300
2015-12-18 00:00:00-05:00,72.60951437495136,72.74907790419014,70.97198363544128,71.00920104980469,16271200
2015-12-21 00:00:00-05:00,71.54884016393459,71.97682976494147,71.08363314999286,71.800048828125,8442100
2015-12-22 00:00:00-05:00,72.04195353028278,72.09777609661504,71.32553790120322,71.99542999267578,5699100
2015-12-23 00:00:00-05:00,72.64672041904137,73.186362195105,72.16290120653781,73.09331512451172,6335900
2015-12-24 00:00:00-05:00,72.89795812189338,73.23290783380605,72.73978939640621,72.81422424316406,2188800
2015-12-28 00:00:00-05:00,72.60950594863976,73.17705902944942,72.40481374264348,73.0654067993164,3680900
2015-12-29 00:00:00-05:00,73.5027187363619,73.86557969135787,73.40967873993927,73.69810485839844,4627100
2015-12-30 00:00:00-05:00,73.56784086125421,73.67949310606936,72.81420772961616,72.89794158935547,4230400
2015-12-31 00:00:00-05:00,72.79560647210562,73.31664326147407,72.15362548828125,72.15362548828125,6538300
2016-01-04 00:00:00-05:00,70.76730749501323,71.06503977911554,69.79037676522329,70.43235778808594,13476800
2016-01-05 00:00:00-05:00,70.94407184415188,71.18598148654358,70.28347871552093,70.96267700195312,8972700
2016-01-06 00:00:00-05:00,69.7810484290714,70.5718988915685,69.6414849125142,70.03225708007812,16092000
2016-01-07 00:00:00-05:00,68.62733163852366,69.86477673764482,68.2458585300953,68.65524291992188,12470800
2016-01-08 00:00:00-05:00,68.90648294228846,69.32517364948629,67.68764244267511,67.80859375,9977600
2016-01-11 00:00:00-05:00,68.02256629245228,68.92506898412502,67.60388284302455,68.77619934082031,13069500
2016-01-12 00:00:00-05:00,69.33443482981734,69.78103658731355,68.86922791923524,69.5577392578125,10236900
2016-01-13 00:00:00-05:00,70.03228006956375,70.14393233916066,67.91093663670615,68.0132827758789,12659600
2016-01-14 00:00:00-05:00,68.05978030786261,69.33444284721524,67.60387947035302,68.66455078125,10426200
2016-01-15 00:00:00-05:00,66.93398826308818,67.87370133192498,65.74305942846651,66.8316421508789,18470500
2016-01-19 00:00:00-05:00,67.86437765825086,67.93880535951529,65.74303555461094,66.42223358154297,16009600
2016-01-20 00:00:00-05:00,65.09176609241479,66.44087072414152,64.2357868699718,65.76166534423828,16586000
2016-01-21 00:00:00-05:00,65.7988846597636,67.2968518915806,65.2220253765776,66.58042907714844,11931200
2016-01-22 00:00:00-05:00,67.61320961569584,68.08772292531827,67.11078501112469,67.64112091064453,8652600
2016-01-25 00:00:00-05:00,67.69694369779097,67.83650725680509,66.59905458457607,66.74791717529297,9126200
2016-01-26 00:00:00-05:00,67.15729328167748,67.24102714746363,66.57113492568467,66.87816619873047,7500200
2016-01-27 00:00:00-05:00,66.971197214436,67.43640417533555,65.6686163042183,65.97565460205078,9020500
2016-01-28 00:00:00-05:00,66.45016169723333,66.85023997420554,64.50559997558594,64.50559997558594,15295600
2016-01-29 00:00:00-05:00,65.52906983884472,69.31585520148249,63.9752798889742,69.30654907226562,40427800
2016-02-01 00:00:00-05:00,68.92507316485066,69.57636014757506,68.15282781498051,69.20419311523438,12623500
2016-02-02 00:00:00-05:00,68.38544417575255,69.04603741052861,68.04118836389867,68.29240417480469,9572700
2016-02-03 00:00:00-05:00,68.62734095867727,69.43679662313534,67.3898885930052,69.20419311523438,9941900
2016-02-04 00:00:00-05:00,68.94369740767453,69.43681584517412,67.69694566746786,68.55292510986328,14735700
2016-02-05 00:00:00-05:00,68.44124636835596,68.48776990421932,65.64070555205615,66.56181335449219,12939400
2016-02-08 00:00:00-05:00,65.08245623942977,65.16619719036285,61.68645082976693,63.05415344238281,30542600
2016-02-09 00:00:00-05:00,61.77017120738106,64.64515352166696,61.51896260637254,63.57517623901367,14882800
2016-02-10 00:00:00-05:00,64.3288118404848,66.0872934168316,64.2636831561199,65.2685317993164,11369500
2016-02-11 00:00:00-05:00,63.07278144962456,64.26371052724737,62.73783175923099,63.70546340942383,13962100
2016-02-12 00:00:00-05:00,64.60797332272254,65.56629894650692,64.31024102117304,65.519775390625,8710200
2016-02-16 00:00:00-05:00,66.44086847547729,66.75720583452326,65.50114832911288,66.15243530273438,8780700
2016-02-17 00:00:00-05:00,66.87027746359405,67.23385429582491,66.4694097879932,67.14994812011719,8494100
2016-02-18 00:00:00-05:00,67.01941574374699,67.3550261315338,66.20835612117898,66.4134521484375,6938100
2016-02-19 00:00:00-05:00,66.21771291489016,66.8609676574051,65.53717443331881,66.683837890625,7750900
2016-02-22 00:00:00-05:00,67.38299210352174,68.23134255473475,67.21518691056198,68.11014556884766,7481500
2016-02-23 00:00:00-05:00,68.00762114587579,68.16610901989587,67.11266217715199,67.26182556152344,6177000
2016-02-24 00:00:00-05:00,66.42281388641153,67.29913118070345,65.61175380898156,66.98216247558594,7728600
2016-02-25 00:00:00-05:00,67.08467129754277,68.37117301120152,67.0660294375618,68.30591583251953,6840900
2016-02-26 00:00:00-05:00,68.74406457944924,68.90255237329956,67.76520703653993,67.80249786376953,6714100
2016-02-29 00:00:00-05:00,67.92371606835918,68.89325664350814,67.48555755615234,67.48555755615234,7786100
2016-03-01 00:00:00-05:00,68.04490124990906,69.58311462402344,67.96100219382126,69.58311462402344,8705300
2016-03-02 00:00:00-05:00,69.45262146190693,69.54584503465728,68.66953491580082,69.26617431640625,5739100
2016-03-03 00:00:00-05:00,69.43397000568758,69.45261187266271,68.38984764253755,68.902587890625,6588300
2016-03-04 00:00:00-05:00,69.19157677312144,69.21954312729392,68.6229038632776,68.89325714111328,9475300
2016-03-07 00:00:00-05:00,68.41777579557366,68.47370847776861,66.51598636347018,67.0660171508789,16671900
2016-03-08 00:00:00-05:00,66.65583378032595,66.67447563929656,65.73290884255952,65.83545684814453,12394400
2016-03-09 00:00:00-05:00,66.18972279111057,66.2643044674527,65.16424963515676,65.89140319824219,9291600
2016-03-10 00:00:00-05:00,66.32023814347285,66.56262503889818,64.86593099592137,65.46257019042969,10135100
2016-03-11 00:00:00-05:00,66.3295475773561,67.13128264661145,65.89138921247252,66.77702331542969,9466400
2016-03-14 00:00:00-04:00,66.74909347131175,66.86096602325479,66.1431295951663,66.64654541015625,7916500
2016-03-15 00:00:00-04:00,66.35754801197827,67.03809356689453,65.87278119460811,67.03809356689453,6442800
2016-03-16 00:00:00-04:00,66.82364165300054,67.89572995571483,66.66516095162075,67.4668960571289,7561800
2016-03-17 00:00:00-04:00,67.3829953594049,68.67882164612426,67.28044734139118,68.18473052978516,7411700
2016-03-18 00:00:00-04:00,68.52036613028582,69.07971463537956,68.17543111443531,68.7813949584961,15026200
2016-03-21 00:00:00-04:00,68.59494919427998,68.93055972652316,68.19408145368406,68.7720718383789,7397400
2016-03-22 00:00:00-04:00,68.27795837517523,68.66018412328687,67.988963276603,68.01692962646484,6796800
2016-03-23 00:00:00-04:00,68.00762180078114,69.14496772381024,67.83981654799813,68.902587890625,7287100
2016-03-24 00:00:00-04:00,68.66019637339284,69.13564574337187,68.43645842207968,69.11699676513672,6303900
2016-03-28 00:00:00-04:00,69.11700602041545,69.2381959451672,68.72546277506157,69.06107330322266,7283300
2016-03-29 00:00:00-04:00,69.00511957693689,70.46875131957961,68.91189602955534,70.27297973632812,10541500
2016-03-30 00:00:00-04:00,70.75774789129663,71.78322105530088,70.7018080773508,71.578125,9691900
2016-03-31 00:00:00-04:00,71.42896866286623,71.70863928221955,70.80435601006009,71.29845428466797,7490800
2016-04-01 00:00:00-04:00,71.08406324226569,72.94856326173496,70.66455358288636,72.3332748413086,10183400
2016-04-04 00:00:00-04:00,72.68749831532988,73.00445974730022,72.27730623866276,72.5569839477539,6905800
2016-04-05 00:00:00-04:00,71.9137450324761,72.22138915649073,71.3916874493006,71.75526428222656,6012000
2016-04-06 00:00:00-04:00,71.85780014719313,72.97649681086249,71.78321847294852,72.91123962402344,6220400
2016-04-07 00:00:00-04:00,72.44511108362079,72.69682244305886,71.96034445109122,72.32392120361328,7542100
2016-04-08 00:00:00-04:00,72.79007695084206,73.29349277144885,72.53836548428737,72.74346160888672,5327500
2016-04-11 00:00:00-04:00,73.05108412832142,73.44262727960252,72.50105312890234,72.54766845703125,5957200
2016-04-12 00:00:00-04:00,72.45446072236932,73.2282298181375,72.38920351625043,73.20025634765625,5962900
2016-04-13 00:00:00-04:00,73.67569362936075,74.5147197929798,73.56382821587879,74.30962371826172,9187300
2016-04-14 00:00:00-04:00,74.35622183126826,75.20456517457144,73.93670529034978,74.88760375976562,11470300
2016-04-15 00:00:00-04:00,74.81304465901428,75.22323683719497,74.4867586593257,74.6545639038086,7186700
2016-04-18 00:00:00-04:00,74.76642761173098,76.0249704727617,74.42149975389395,75.9317398071289,7761200
2016-04-19 00:00:00-04:00,75.97833138575126,76.19275189216765,74.92489205096379,75.27914428710938,8324700
2016-04-20 00:00:00-04:00,75.40034246675673,76.10885412963049,75.09270551494949,75.65205383300781,8521300
2016-04-21 00:00:00-04:00,75.97834074505536,76.13682146660337,75.21389637420633,75.31644439697266,9536900
2016-04-22 00:00:00-04:00,72.7154769176822,73.98333708422133,72.04425599274963,73.75027465820312,18216000
2016-04-25 00:00:00-04:00,73.3587255533474,73.49855730764259,72.54766581593422,72.84598541259766,11184600
2016-04-26 00:00:00-04:00,73.135005394512,73.36806788093493,72.8180438269781,73.20958709716797,6071800
2016-04-27 00:00:00-04:00,73.09769477438903,73.64771862607743,72.87394974870219,73.42398071289062,6319400
2016-04-28 00:00:00-04:00,73.04174256692123,73.89941034901236,72.34255548342327,72.4171371459961,8322600
2016-04-29 00:00:00-04:00,72.26798676105805,72.72479419173786,71.65270571590783,72.0069580078125,8092700
2016-05-02 00:00:00-04:00,72.53836897368632,73.15365737708233,71.93241217413338,73.14433288574219,7636800
2016-05-03 00:00:00-04:00,72.18409560577078,73.05108812388545,71.7179707489887,71.96035766601562,7666300
2016-05-04 00:00:00-04:00,71.37305364844131,72.13749832028974,71.17728201312067,71.84850311279297,8854000
2016-05-05 00:00:00-04:00,71.91373177495788,72.43578926189049,71.79254189049134,72.11882781982422,6002300
2016-05-06 00:00:00-04:00,71.99765212356311,72.52903420247904,71.57813546389188,72.45445251464844,6172600
2016-05-09 00:00:00-04:00,72.42650191920819,73.0511076875705,72.32395385425285,72.92059326171875,9242300
2016-05-10 00:00:00-04:00,73.10702146497462,73.95537212567868,73.09770408875877,73.83417510986328,6802600
2016-05-11 00:00:00-04:00,73.90889497203756,74.08633837100936,72.18118023894735,72.19052124023438,8432500
2016-05-12 00:00:00-04:00,72.6574608599621,73.02168148049266,71.97571036827179,72.74150848388672,7512800
2016-05-13 00:00:00-04:00,72.57340918436982,73.10573220038836,71.75157928466797,71.75157928466797,7562700
2016-05-16 00:00:00-04:00,71.92900713247546,72.90026442319467,71.8729753873688,72.65745544433594,8597900
2016-05-17 00:00:00-04:00,72.44268248886866,72.76954633355209,71.46208382972092,71.71424102783203,7169900
2016-05-18 00:00:00-04:00,71.63949551036012,72.73215721772095,71.34998867980151,72.31190490722656,6288500
2016-05-19 00:00:00-04:00,71.78892967543563,72.14380927902319,71.18189296198473,71.79826354980469,5552200
2016-05-20 00:00:00-04:00,72.22786761636696,72.8816022990466,72.07844722824613,72.53605651855469,6302100
2016-05-23 00:00:00-04:00,72.62011640729041,72.83490956634672,72.04109544030604,72.1064682006836,5934300
2016-05-24 00:00:00-04:00,72.52673056057561,74.24510439958883,72.52673056057561,74.1330337524414,7582300
2016-05-25 00:00:00-04:00,74.24507828766505,74.40383963813177,73.73143024192652,73.83415985107422,5846700
2016-05-26 00:00:00-04:00,74.15170648846484,74.15170648846484,73.65674032767883,73.77814483642578,4284000
2016-05-27 00:00:00-04:00,73.62869565236011,74.39450073242188,73.62869565236011,74.39450073242188,4374600
2016-05-31 00:00:00-04:00,74.58129367405579,74.59063467397904,73.55400456045159,73.72210693359375,8639600
2016-06-01 00:00:00-04:00,73.48863826815958,74.0769930633045,73.37656763451945,73.98360443115234,4507000
2016-06-02 00:00:00-04:00,74.03029159530298,74.66534423828125,73.71276883636163,74.66534423828125,5627500
2016-06-03 00:00:00-04:00,74.2917852460458,74.89881485153104,73.92756463271661,74.656005859375,7628000
2016-06-06 00:00:00-04:00,74.9828716169155,75.55255148901259,74.87080099245375,75.21634674072266,7620100
2016-06-07 00:00:00-04:00,75.36578855341281,75.64596163171738,75.21636813672178,75.27239990234375,5515700
2016-06-08 00:00:00-04:00,75.2723771117986,76.30900721252418,75.15097261467672,76.25297546386719,8860900
2016-06-09 00:00:00-04:00,75.86074755023827,76.1502544511593,75.62727240430944,75.88876342773438,6670900
2016-06-10 00:00:00-04:00,75.41246521075085,75.41246521075085,74.56261233755606,74.88014221191406,7859900
2016-06-13 00:00:00-04:00,73.77811979219632,74.88012237283033,73.19909907183151,73.21778106689453,10424600
2016-06-14 00:00:00-04:00,72.95631922501255,73.54467405239706,72.80689170530431,73.37657165527344,7891700
2016-06-15 00:00:00-04:00,73.37657530358779,73.62872534926206,72.89095009058312,73.00301361083984,7424000
2016-06-16 00:00:00-04:00,72.7415110462935,73.32986580977713,72.0410856552006,73.17110443115234,9650800
2016-06-17 00:00:00-04:00,73.14309041164346,73.15243141212181,71.75158059438725,71.9010009765625,14602200
2016-06-20 00:00:00-04:00,73.12442567358954,73.19913231248647,72.20919987740932,72.22787475585938,9957500
2016-06-21 00:00:00-04:00,72.66678932927366,72.85357368814827,72.05041875772427,72.21852111816406,9201000
2016-06-22 00:00:00-04:00,72.45201115081329,72.62011354588857,71.4714126586914,71.4714126586914,9626700
2016-06-23 00:00:00-04:00,72.62010189786228,73.06837012943149,71.78893105694495,73.05903625488281,13566200
2016-06-24 00:00:00-04:00,69.85575828002177,71.0137928723371,69.52888741416363,70.0892333984375,18375000
2016-06-27 00:00:00-04:00,69.27674397103978,69.65030562084209,68.4082161634151,68.49226379394531,16318400
2016-06-28 00:00:00-04:00,70.07990019086037,70.50949360150038,69.56625202319516,70.19197082519531,14815200
2016-06-29 00:00:00-04:00,70.9577745106947,71.68621587756277,70.70561734518098,71.66753387451172,12178100
2016-06-30 00:00:00-04:00,71.90100193642074,72.04108844508345,68.92186400266633,69.26740264892578,24877300
2016-07-01 00:00:00-04:00,69.57559015894195,70.9204092151991,69.20202851830435,69.55691528320312,13821400
2016-07-05 00:00:00-04:00,69.34212317870806,70.01453278591099,68.9498866162052,69.73435974121094,11081000
2016-07-06 00:00:00-04:00,69.2206888232224,69.80904341337845,68.94985689677468,69.1646499633789,11263800
2016-07-07 00:00:00-04:00,69.40747181947931,70.31335627409808,69.36077395322502,69.58491516113281,8806700
2016-07-08 00:00:00-04:00,70.32271122126723,71.49008685823983,69.8464199663557,71.3686752319336,10975000
2016-07-11 00:00:00-04:00,71.732898663763,72.08778543133164,71.34066214443571,71.46206665039062,8185900
2016-07-12 00:00:00-04:00,71.61150393048163,72.44267495990628,71.4900994079589,72.35862731933594,10245500
2016-07-13 00:00:00-04:00,72.54543281780245,72.63882149645505,72.09715718513068,72.33997344970703,6559200
2016-07-14 00:00:00-04:00,72.90029995295782,73.34857550757361,72.55476118960017,72.97501373291016,6607400
2016-07-15 00:00:00-04:00,73.45126862550285,73.54465724142541,72.89092980487283,73.12440490722656,8153400
2016-07-18 00:00:00-04:00,73.17108489323859,73.49794856345139,73.0590214206477,73.13372802734375,4864200
2016-07-19 00:00:00-04:00,72.61079286969515,73.6754392948185,72.49872219990912,73.51667785644531,9395500
2016-07-20 00:00:00-04:00,73.54467702165975,74.47857768225225,73.54467702165975,74.1143569946289,7922100
2016-07-21 00:00:00-04:00,74.18905269784598,74.45988467850145,73.21779539224889,73.58201599121094,9018000
2016-07-22 00:00:00-04:00,74.69336347120498,74.78675209411811,73.15242625530485,74.62799072265625,12532400
2016-07-25 00:00:00-04:00,74.87080054581911,74.87080054581911,73.52598868577711,73.72210693359375,7979900
2016-07-26 00:00:00-04:00,73.75948110131372,73.83418774292909,72.78822350934435,73.30186462402344,9673200
2016-07-27 00:00:00-04:00,73.2738453780513,73.58203430776491,72.40531747391988,73.33921813964844,10194400
2016-07-28 00:00:00-04:00,73.48865416634811,74.71206189992824,73.35790862803103,73.95560455322266,8709700
2016-07-29 00:00:00-04:00,74.00229780644221,74.10502746501845,72.84426280306192,72.89096069335938,7777700
2016-08-01 00:00:00-04:00,73.13377267623319,73.33923200154292,72.59211560280512,73.08708190917969,8908800
2016-08-02 00:00:00-04:00,72.90962512224479,73.28318681577828,72.61077719243734,73.10574340820312,7910000
2016-08-03 00:00:00-04:00,73.10573145198116,73.50730895996094,73.04035870068657,73.50730895996094,7272700
2016-08-04 00:00:00-04:00,73.61935806867805,74.38515598504559,73.54464433900965,74.22639465332031,5954400
2016-08-05 00:00:00-04:00,74.45989317998641,74.93617732525831,74.39452042719836,74.84278869628906,6662500
2016-08-08 00:00:00-04:00,74.92684237076277,75.02956487358249,74.52526485939275,74.66534423828125,5119700
2016-08-09 00:00:00-04:00,74.67466254821345,75.16029466444981,74.66532155076068,74.76805114746094,4455700
2016-08-10 00:00:00-04:00,74.68403240846828,74.91750755936378,74.25443898583211,74.41320037841797,5945500
2016-08-11 00:00:00-04:00,74.71204131147498,74.97353231604986,74.56261380880619,74.82411193847656,6577700
2016-08-12 00:00:00-04:00,74.52525316274095,74.7867441290862,74.3851666807433,74.73070526123047,4420400
2016-08-15 00:00:00-04:00,74.83344886030721,75.78603141586501,74.7307192293138,75.56189727783203,6290300
2016-08-16 00:00:00-04:00,75.10429278480338,75.5619092590968,74.9175154943427,75.46851348876953,6182600
2016-08-17 00:00:00-04:00,75.50593300257782,75.64626264316476,75.21592364617025,75.62754821777344,4655400
2016-08-18 00:00:00-04:00,74.85105368305301,75.39365055800879,74.75750298995446,75.09428405761719,7453900
2016-08-19 00:00:00-04:00,74.85108638981258,75.28142547607422,74.5984915568668,75.28142547607422,8480900
2016-08-22 00:00:00-04:00,75.15977468531726,75.85206555745259,74.80427917561104,75.8333511352539,7954500
2016-08-23 00:00:00-04:00,76.12336522499845,76.48821793451837,75.59011840820312,75.59011840820312,10007800
2016-08-24 00:00:00-04:00,75.59012445683231,75.7585185775824,75.01945588859374,75.11300659179688,5028000
2016-08-25 00:00:00-04:00,75.11301063555165,75.32817655075631,74.84170858543406,75.14107513427734,5773700
2016-08-26 00:00:00-04:00,75.4217102433192,75.90817805285441,75.00072148486714,75.37493133544922,7932200
2016-08-29 00:00:00-04:00,75.34691578587211,75.76789768030572,75.34691578587211,75.6556396484375,4766700
2016-08-30 00:00:00-04:00,75.77721189941192,75.95496319896559,75.51526712372852,75.93624877929688,4128700
2016-08-31 00:00:00-04:00,75.73045709187346,75.96433744995517,75.5059339466044,75.68368530273438,7386100
2016-09-01 00:00:00-04:00,75.90819738297412,76.2917645402979,75.74916047565205,76.0578842163086,6240600
2016-09-02 00:00:00-04:00,76.31047122690063,76.85307528728849,76.24498502219596,76.7127456665039,6408900
2016-09-06 00:00:00-04:00,76.71274723657466,77.20857238769531,76.5349959041121,77.20857238769531,8140400
2016-09-07 00:00:00-04:00,77.16180401859668,77.89150952894194,77.04953888721224,77.87279510498047,9304700
2016-09-08 00:00:00-04:00,77.666972891982,78.23764143912683,77.26469845936288,77.62020111083984,7961100
2016-09-09 00:00:00-04:00,77.08693712388305,77.47049704875762,76.08592987060547,76.08592987060547,11563000
2016-09-12 00:00:00-04:00,76.09529686889574,77.76988080293998,75.94561717679561,77.62020111083984,9882700
2016-09-13 00:00:00-04:00,77.09634618825031,77.12441069706139,76.35728319388068,76.60987091064453,8834300
2016-09-14 00:00:00-04:00,76.20757697779564,76.91857528311127,76.1982197647427,76.23564147949219,10999500
2016-09-15 00:00:00-04:00,76.17013805814622,76.83435728562917,75.95497216876505,76.72209930419922,10580300
2016-09-16 00:00:00-04:00,76.46949743532589,76.95597243432923,76.17013095034692,76.7782211303711,11702000
2016-09-19 00:00:00-04:00,77.11503693867711,77.6857056202945,76.92793549509807,77.18988037109375,8361700
2016-09-20 00:00:00-04:00,77.6201923134488,77.86342981518673,77.01210212783403,77.16178894042969,6473300
2016-09-21 00:00:00-04:00,77.57341336603736,77.88213706378511,76.96532318068996,77.85407257080078,7536200
2016-09-22 00:00:00-04:00,78.0411753737121,78.38732078091151,77.83535957145624,77.98504638671875,6599400
2016-09-23 00:00:00-04:00,77.95699638322928,78.06925437808155,77.19921923066876,77.21793365478516,8283700
2016-09-26 00:00:00-04:00,76.85306166716369,76.95596956167067,76.4227228071616,76.53498077392578,8486800
2016-09-27 00:00:00-04:00,76.51627374235623,77.06822778064573,76.24497175935538,76.86241912841797,7969500
2016-09-28 00:00:00-04:00,77.0682398486597,77.6576228182301,76.65661534228866,77.62020111083984,7974300
2016-09-29 00:00:00-04:00,77.38631347890741,77.70438725547186,76.51627849232909,76.63789367675781,5885400
2016-09-30 00:00:00-04:00,76.86245464444366,77.68571104613815,76.41340115604291,77.36763000488281,9776800
2016-10-03 00:00:00-04:00,77.10565659068371,77.75116851104006,76.9933986132029,77.51728820800781,8155400
2016-10-04 00:00:00-04:00,77.91023110126642,78.14411148143951,77.25536889176688,77.39569854736328,5772000
2016-10-05 00:00:00-04:00,77.61087041671445,78.06927399830998,77.55474140518207,77.97572326660156,6163400
2016-10-06 00:00:00-04:00,77.76052330128519,78.09731149816564,77.53599307839141,77.98504638671875,7687100
2016-10-07 00:00:00-04:00,78.10665630818515,78.30311488688464,77.31146478369874,77.5359878540039,8238100
2016-10-10 00:00:00-04:00,77.76988626825664,78.15345344286645,77.59214206748797,77.76053619384766,7371500
2016-10-11 00:00:00-04:00,77.34890859299207,77.45181651659938,76.3104792820179,76.75017547607422,6227400
2016-10-12 00:00:00-04:00,76.56306519905405,77.21793443800127,76.54435791220943,76.9466323852539,3923600
2016-10-13 00:00:00-04:00,76.38530967617476,76.83435586853388,75.88012735667535,76.59112548828125,6810900
2016-10-14 00:00:00-04:00,76.75017559878472,77.82602662346909,76.75017559878472,77.13373565673828,6698100
2016-10-17 00:00:00-04:00,77.25533220971816,77.35824009912905,76.75014997191724,76.85305786132812,8473700
2016-10-18 00:00:00-04:00,76.24498842872072,77.05889455566675,76.10465880166639,76.31983184814453,11680400
2016-10-19 00:00:00-04:00,76.38532649719899,77.52666378842797,76.38532649719899,77.47052764892578,8440900
2016-10-20 00:00:00-04:00,77.6950433925006,77.74181517296061,76.8717801168434,77.18050384521484,6945200
2016-10-21 00:00:00-04:00,76.73146025338475,77.21793536673505,76.31983570069798,77.0401840209961,8043200
2016-10-24 00:00:00-04:00,77.90084744575253,78.20021394526186,77.37695785597629,77.80729675292969,16267000
2016-10-25 00:00:00-04:00,77.80730796323573,77.80730796323573,76.4320904544744,76.74081420898438,15085900
2016-10-26 00:00:00-04:00,76.35725137715396,76.95598444052251,76.16079275987313,76.47886657714844,8748400
2016-10-27 00:00:00-04:00,76.67531538061131,76.96532466365069,76.34788439371845,76.63789367675781,7039200
2016-10-28 00:00:00-04:00,77.19923892715438,77.98508077892636,76.81567878444565,76.91858673095703,10919600
2016-10-31 00:00:00-04:00,77.12439415209482,77.55473318229667,77.0495507196782,77.18988037109375,10024000
2016-11-01 00:00:00-04:00,77.31149810021525,77.3582770313567,76.08596718890702,76.35726928710938,10881500
2016-11-02 00:00:00-04:00,75.67431717954938,76.13272061680966,75.32817173000774,75.38430786132812,9170900
2016-11-03 00:00:00-04:00,75.54334165298373,75.89883716186483,75.34688304511832,75.44979095458984,7563100
2016-11-04 00:00:00-04:00,75.44979936626461,76.00175354454687,75.15043281555221,75.17849731445312,7588100
2016-11-07 00:00:00-05:00,76.37597410285355,77.20858766046663,76.19822273522968,77.18988037109375,7277900
2016-11-08 00:00:00-05:00,77.07758450370511,77.79793976306294,76.85306143339994,77.5359878540039,7152000
2016-11-09 00:00:00-05:00,76.53499929019367,77.92893123940343,75.98304512017508,77.87279510498047,12158500
2016-11-10 00:00:00-05:00,77.92892112951287,78.5463614283718,76.17013665330147,76.59112548828125,17171600
2016-11-11 00:00:00-05:00,76.32914669130766,77.30208928235317,76.26366051390353,76.60044860839844,7368000
2016-11-14 00:00:00-05:00,76.73145356289633,76.91856210458627,72.31579904092946,73.32615661621094,21773500
2016-11-15 00:00:00-05:00,73.18584763541936,74.41137847540388,72.78357311838792,73.50392150878906,18523400
2016-11-16 00:00:00-05:00,73.86483298494562,75.17732032707147,73.83670943123616,75.0741958618164,9997700
2016-11-17 00:00:00-05:00,75.29919422788895,76.1241828279499,75.167946204072,76.00231170654297,8081800
2016-11-18 00:00:00-05:00,76.07732542460246,76.40544553936714,75.49607896953214,75.76795196533203,7920800
2016-11-21 00:00:00-05:00,76.15234295129315,76.66795834332274,75.84296942458522,76.58358764648438,8942100
2016-11-22 00:00:00-05:00,76.58360973339688,76.58360973339688,74.30550727946319,74.93362426757812,18133900
2016-11-23 00:00:00-05:00,74.98045895667404,74.98982870758864,74.01483817634805,74.59608459472656,12802600
2016-11-25 00:00:00-05:00,74.9898152184101,75.34606595856808,74.75544274303472,75.12106323242188,6495700
2016-11-28 00:00:00-05:00,74.68048778010248,75.00860798557629,74.10861807092643,74.1367416381836,11793100
2016-11-29 00:00:00-05:00,74.17420798864963,74.60545251066448,74.01482926004006,74.20233154296875,8575200
2016-11-30 00:00:00-05:00,74.48358377245016,74.48358377245016,72.44923202152441,72.48673248291016,15353900
2016-12-01 00:00:00-05:00,72.72109454263185,72.76797190074201,70.54611816245988,70.7148666381836,21053000
2016-12-02 00:00:00-05:00,70.68675880890272,71.48362400667743,70.47113292710186,70.98675537109375,13629600
2016-12-05 00:00:00-05:00,71.83986997740384,72.74923659714656,71.76487619882901,72.47736358642578,12119200
2016-12-06 00:00:00-05:00,73.06797438960925,73.09609794578994,71.91485851883259,72.28985595703125,13896600
2016-12-07 00:00:00-05:00,72.43985995476523,74.52108920950434,72.4211132990615,74.35234069824219,13919800
2016-12-08 00:00:00-05:00,74.69920857665679,74.87733397758953,74.03359148959444,74.32421112060547,13320100
2016-12-09 00:00:00-05:00,74.20234718012159,74.93358835644088,73.90235061669618,74.1929702758789,10728300
2016-12-12 00:00:00-05:00,74.05233994151976,74.08984040328343,73.04922583490718,73.59297180175781,11942300
2016-12-13 00:00:00-05:00,73.8836087837306,74.53047938416141,73.35861650076265,74.24922943115234,12995100
2016-12-14 00:00:00-05:00,74.32421106057133,74.98045839625145,74.17421636976088,74.18358612060547,20146200
2016-12-15 00:00:00-05:00,74.40857779841984,75.36481437323843,74.183575067008,74.53044891357422,14070900
2016-12-16 00:00:00-05:00,74.26796575140632,74.49296136933353,73.28359830019197,73.45234680175781,19141700
2016-12-19 00:00:00-05:00,73.16173993436752,73.68673218532949,73.14298612398574,73.21798706054688,8699100
2016-12-20 00:00:00-05:00,73.50858542415868,73.66795698824784,72.83359156156905,73.46170806884766,6917400
2016-12-21 00:00:00-05:00,73.5742052797676,73.63982928201304,73.10546036302016,73.25545501708984,9343600
2016-12-22 00:00:00-05:00,73.14295838205479,73.18045883611204,72.36484720592759,73.03046417236328,12074000
2016-12-23 00:00:00-05:00,73.19922278618095,73.574220226255,73.0304742957717,73.26484680175781,6192900
2016-12-27 00:00:00-05:00,73.37734587828817,73.92109184472051,73.33985256903507,73.45234680175781,3776000
2016-12-28 00:00:00-05:00,73.49921937374019,73.73359187993675,73.09609837698284,73.40547180175781,7587100
2016-12-29 00:00:00-05:00,73.58360372134734,73.91172386052104,73.40548544721455,73.43360900878906,6241100
2016-12-30 00:00:00-05:00,73.52731855185029,73.63044299258401,73.0679505947048,73.1429443359375,7127300
2017-01-03 00:00:00-05:00,73.83670837292227,74.91482321537573,73.58358208820408,74.53044891357422,13785200
2017-01-04 00:00:00-05:00,74.47419931906977,75.24294074451167,74.39919841110463,75.13981628417969,8033100
2017-01-05 00:00:00-05:00,75.31793966162826,76.43355499850318,75.20544544445146,76.02105712890625,7805100
2017-01-06 00:00:00-05:00,76.21795545480623,77.33356391936702,75.88045841355752,77.0710678100586,8898300
2017-01-09 00:00:00-05:00,77.13670025444632,77.29607188784794,76.54608394405506,76.63983154296875,7305300
2017-01-10 00:00:00-05:00,76.59295370916259,76.78045605835183,76.05858453081898,76.22733306884766,6017500
2017-01-11 00:00:00-05:00,76.17108403619206,76.68670654296875,75.85234077926327,76.68670654296875,7499200
2017-01-12 00:00:00-05:00,75.98358039995117,76.37732455092312,75.47733485478052,76.28357696533203,6884000
2017-01-13 00:00:00-05:00,75.95545200641013,76.73357058029312,75.73983326821474,76.09607696533203,7291200
2017-01-17 00:00:00-05:00,75.71170537154298,76.39606916530181,75.71170537154298,76.18045043945312,6326500
2017-01-18 00:00:00-05:00,76.18981060927108,76.71480988299353,75.91794479825774,76.48980712890625,8512300
2017-01-19 00:00:00-05:00,76.67731034537898,76.73355745833611,76.32106670918178,76.62106323242188,6479400
2017-01-20 00:00:00-05:00,76.95855464100943,77.13668003900192,76.50856342316094,76.72418212890625,9048500
2017-01-23 00:00:00-05:00,76.59293384289545,77.15543359208172,76.40543869482097,77.01480865478516,7414200
2017-01-24 00:00:00-05:00,77.24918708914191,78.27104788371663,76.73356466368001,78.02730560302734,8397500
2017-01-25 00:00:00-05:00,78.5522786771929,79.00226981863617,78.23352839556371,78.65540313720703,9360900
2017-01-26 00:00:00-05:00,78.6741834417749,78.6741834417749,77.88669503115096,78.03668975830078,8428200
2017-01-27 00:00:00-05:00,78.11168633111153,78.5616847923694,77.73668880547712,78.53355407714844,5445900
2017-01-30 00:00:00-05:00,78.25229967869647,78.5054188582399,77.4929349875843,78.4679183959961,8792800
2017-01-31 00:00:00-05:00,76.99607174782555,78.07418696708541,76.96794818468987,77.5398178100586,7479400
2017-02-01 00:00:00-05:00,77.7179497101627,77.89606800899662,76.92108436095235,77.28670501708984,7534400
2017-02-02 00:00:00-05:00,77.00541658509486,77.53040861828913,76.47104765059926,77.1554183959961,11142300
2017-02-03 00:00:00-05:00,80.3803845314244,81.39287537161255,79.78976845088825,80.69913482666016,28079600
2017-02-06 00:00:00-05:00,80.68977070140197,80.71789425933585,80.164778546685,80.46477508544922,9665300
2017-02-07 00:00:00-05:00,80.58666388130467,80.95228451953464,80.3147908408931,80.41791534423828,8600300
2017-02-08 00:00:00-05:00,80.43667393428049,80.47416725364884,79.76167974591147,79.77104949951172,7587700
2017-02-09 00:00:00-05:00,80.03352803351727,80.40851833101729,79.57415275986128,80.23040008544922,6554700
2017-02-10 00:00:00-05:00,80.43666317575223,80.75540641513649,79.90229404018005,80.53041076660156,10432000
2017-02-13 00:00:00-05:00,80.81164121522927,81.28038625047418,80.62414606212396,81.0366439819336,6046300
2017-02-14 00:00:00-05:00,81.11161663093525,81.53349134429217,80.867874425863,81.42098999023438,5952000
2017-02-15 00:00:00-05:00,81.73567140731448,82.2240982055664,81.4351038261196,82.2240982055664,8049700
2017-02-16 00:00:00-05:00,82.23347996481391,82.35558306203605,81.51962938498039,82.10198211669922,8680600
2017-02-17 00:00:00-05:00,81.97049944310093,82.35560550760628,81.69811608783766,82.14896392822266,5887200
2017-02-21 00:00:00-05:00,82.19593288984922,82.69374734569817,81.87657575814961,82.5810317993164,9301300
2017-02-22 00:00:00-05:00,82.2898125877934,82.79702151173366,82.19588660175114,82.46827697753906,8389900
2017-02-23 00:00:00-05:00,82.87220768903374,83.11641394482805,82.53406823290634,82.82524108886719,6040500
2017-02-24 00:00:00-05:00,82.05502745562274,83.06005096435547,81.99867327426645,83.06005096435547,5151300
2017-02-27 00:00:00-05:00,82.95674898093421,83.01310317505704,82.57165004426497,82.65618133544922,6131600
2017-02-28 00:00:00-05:00,82.80647223607698,83.01310667861432,82.43076087183941,82.5998306274414,8521900
2017-03-01 00:00:00-05:00,83.35122566246729,83.72693693417644,83.05065807831926,83.58604431152344,11131400
2017-03-02 00:00:00-05:00,83.59542129460304,83.71752438636278,82.75007290447235,83.15396118164062,10544200
2017-03-03 00:00:00-05:00,82.94732321785526,83.51089361279243,82.82522012086967,83.39817810058594,5700600
2017-03-06 00:00:00-05:00,83.15399455011655,83.84905587598861,82.90978110250288,83.53910064697266,7347600
2017-03-07 00:00:00-05:00,83.5860531209669,83.87723314943067,83.45455523692411,83.65180206298828,5688400
2017-03-08 00:00:00-05:00,83.75511576689622,83.87722605324603,83.47333768182807,83.55786895751953,5866800
2017-03-09 00:00:00-05:00,83.61422254514281,84.06507751057251,83.32304970948614,83.69876098632812,5953900
2017-03-10 00:00:00-05:00,84.06507636068797,84.40321578861085,83.68936508898514,84.28111267089844,12246700
2017-03-13 00:00:00-04:00,84.34685058284386,84.82587540471796,84.16838613973653,84.63802337646484,8944100
2017-03-14 00:00:00-04:00,84.46895174120424,84.56287775316981,83.8208500762796,84.11203002929688,6009400
2017-03-15 00:00:00-04:00,84.29988925838585,84.62863391141104,83.98053935718877,84.45956420898438,6350700
2017-03-16 00:00:00-04:00,84.82588951010524,84.8446790157123,84.03690226092971,84.5722885131836,9174400
2017-03-17 00:00:00-04:00,84.76953421801282,85.1264559928202,84.69439052875971,84.76013946533203,8613400
2017-03-20 00:00:00-04:00,84.80709106379061,86.460216104507,83.56724907477717,83.76449584960938,9438000
2017-03-21 00:00:00-04:00,84.05566420704021,84.26230572200272,82.65614735492368,82.7125015258789,11092100
2017-03-22 00:00:00-04:00,82.51524210538969,83.63298076519817,82.51524210538969,83.1445541381836,7828600
2017-03-23 00:00:00-04:00,83.09760416443596,83.96173485981492,83.05063757977842,83.46392059326172,7710700
2017-03-24 00:00:00-04:00,83.65180784673208,84.16841183125938,83.56727655804455,83.77391815185547,7597600
2017-03-27 00:00:00-04:00,82.9473571197034,83.58606428439897,82.72193316925149,83.54849243164062,5230000
2017-03-28 00:00:00-04:00,83.7081527709961,83.98993084406453,83.1164052019694,83.7081527709961,7045500
2017-03-29 00:00:00-04:00,83.58603141072031,83.96174262444158,83.18214311003663,83.76449584960938,4738000
2017-03-30 00:00:00-04:00,83.67059208207229,83.68937442300886,83.21973707252496,83.60484313964844,6227100
2017-03-31 00:00:00-04:00,83.57665604414382,83.92418305561344,83.47333526611328,83.47333526611328,6429800
2017-04-03 00:00:00-04:00,83.72695215469028,84.02751979347775,83.0318908336376,83.93359375,9125800
2017-04-04 00:00:00-04:00,83.60481494798108,83.90538246429506,83.27607034671497,83.38877868652344,4859900
2017-04-05 00:00:00-04:00,83.7175374713137,84.72256094608224,83.54846776686217,83.62361145019531,7251600
2017-04-06 00:00:00-04:00,83.59544613590718,83.8396595580923,83.3888045606811,83.67997741699219,8473900
2017-04-07 00:00:00-04:00,83.5672554706513,83.82085643881784,83.14457763557918,83.3512191772461,5439500
2017-04-10 00:00:00-04:00,83.23849675231388,83.83023702208746,83.1445635829988,83.46392059326172,5999400
2017-04-11 00:00:00-04:00,83.2197102091514,83.45452880859375,82.77825009562457,83.45452880859375,7058500
2017-04-12 00:00:00-04:00,83.31365843851636,83.79269051566077,83.18216056104093,83.29487609863281,5912500
2017-04-13 00:00:00-04:00,83.09762399746553,84.3280714153429,83.06005215399112,83.47333526611328,7242700
2017-04-17 00:00:00-04:00,83.67996811038738,84.44078538602218,83.36061819589833,84.35624694824219,6122800
2017-04-18 00:00:00-04:00,84.19657423086947,84.45956997123251,83.82086295916666,84.28111267089844,6823500
2017-04-19 00:00:00-04:00,84.6192461678805,85.11706773065872,84.15900361552721,84.29989624023438,7301300
2017-04-20 00:00:00-04:00,84.66620650111535,85.94362044938849,84.44078261791894,85.61487579345703,12178300
2017-04-21 00:00:00-04:00,87.13649596265293,87.16468021838652,85.49276551689961,85.61487579345703,19442600
2017-04-24 00:00:00-04:00,86.5541622816247,86.88290698293532,85.48338973101467,86.27237701416016,11705400
2017-04-25 00:00:00-04:00,86.40387076888788,86.74201020726034,86.0187718989117,86.51658630371094,7769200
2017-04-26 00:00:00-04:00,86.43205373152352,86.86412639464316,86.17845271856798,86.24420166015625,11295200
2017-04-27 00:00:00-04:00,86.36628123939228,86.41324782747573,85.73696908920721,86.03753662109375,5856800
2017-04-28 00:00:00-04:00,85.84030851336954,85.99059589503565,85.45520963851949,85.68063354492188,6888500
2017-05-01 00:00:00-04:00,85.74637777458476,86.1032995372982,85.60548515353332,85.71820068359375,9042100
2017-05-02 00:00:00-04:00,86.05631763008958,87.117695054736,85.97177921310129,86.92044830322266,11627700
2017-05-03 00:00:00-04:00,86.78894336728841,86.92983594001055,86.39444989654154,86.8265151977539,4909000
2017-05-04 00:00:00-04:00,87.07075725336135,87.21164988418559,86.64808652698554,86.99562072753906,5257000
2017-05-05 00:00:00-04:00,87.25859701647134,87.33374069162657,86.18782472684285,86.4977798461914,8844500
2017-05-08 00:00:00-04:00,86.46022979113019,86.56355057041158,85.9624082336397,86.33811950683594,5223600
2017-05-09 00:00:00-04:00,86.31933538873525,86.54475928156803,86.25358645473835,86.41326141357422,3969500
2017-05-10 00:00:00-04:00,86.13148262340394,86.7983739317261,86.11270028346807,86.64808654785156,6747600
2017-05-11 00:00:00-04:00,86.5259840252065,86.70444133717838,86.05634669647543,86.50719451904297,7052200
2017-05-12 00:00:00-04:00,86.5917288374944,87.14589741925803,86.39448202876007,87.09893798828125,5898800
2017-05-15 00:00:00-04:00,87.09893570401617,87.74703029683299,87.08954095162856,87.56857299804688,7040100
2017-05-16 00:00:00-04:00,87.68129079207958,88.02882500683289,87.32436899002546,87.49343872070312,5497400
2017-05-17 00:00:00-04:00,87.01823803310738,87.28170039839078,86.29370934976697,86.34075927734375,8240200
2017-05-18 00:00:00-04:00,85.96439604731455,87.01825286690774,85.96439604731455,86.2937240600586,8239800
2017-05-19 00:00:00-04:00,86.54777888913526,87.32875466672674,86.29372073280547,87.01824951171875,9361300
2017-05-22 00:00:00-04:00,87.06528426891946,88.07209102161092,86.97119158880847,87.7992172241211,9186200
2017-05-23 00:00:00-04:00,88.0344795257839,88.5143616740489,87.94979824134428,88.31676483154297,7616100
2017-05-24 00:00:00-04:00,88.46726522188027,89.3799790946883,88.46726522188027,89.21060943603516,6825300
2017-05-25 00:00:00-04:00,89.47409811309866,89.74697193125068,89.28591273862715,89.42705535888672,7262400
2017-05-26 00:00:00-04:00,89.38942317843467,89.50233871840095,88.81544841319447,89.07891082763672,4133900
2017-05-30 00:00:00-04:00,89.06949187366828,89.27649289453517,88.7683838168193,89.12594604492188,6292700
2017-05-31 00:00:00-04:00,89.46469234308611,89.88811301782852,88.88130620607919,89.6058349609375,9866000
2017-06-01 00:00:00-04:00,89.76580047607422,89.81284323327336,89.02245599572947,89.76580047607422,8911900
2017-06-02 00:00:00-04:00,89.77520968427018,90.50914272354393,89.77520968427018,90.47150421142578,8570200
2017-06-05 00:00:00-04:00,90.63145025232593,90.88550120126591,90.43385347452569,90.84786987304688,14510500
2017-06-06 00:00:00-04:00,90.58442985640951,90.89494225653448,89.91636229114322,90.13278198242188,7030300
2017-06-07 00:00:00-04:00,90.35860013535775,90.537381295891,90.10454911985377,90.41505432128906,6720300
2017-06-08 00:00:00-04:00,90.20805324660321,90.44328859306778,89.6623055198903,90.41505432128906,7720300
2017-06-09 00:00:00-04:00,90.4150495573243,90.5656036169592,88.17561176135024,88.97541046142578,16887100
2017-06-12 00:00:00-04:00,88.15678558536969,88.48611357805062,87.31934847020455,87.9780044555664,15610000
2017-06-13 00:00:00-04:00,88.44846539883486,89.70932305549958,88.42023831380669,89.46468353271484,8700100
2017-06-14 00:00:00-04:00,89.6905288696289,90.33036927246135,89.34237798701871,89.6905288696289,6347000
2017-06-15 00:00:00-04:00,88.86250239565604,88.94718367037717,88.00624233091894,88.60844421386719,12793900
2017-06-16 00:00:00-04:00,88.74017542708633,88.86250239565604,88.20383915074764,88.60844421386719,14705100
2017-06-19 00:00:00-04:00,89.15421785828836,89.24831058385341,88.68374705164833,89.19185638427734,5984300
2017-06-20 00:00:00-04:00,89.191804296625,89.35176255455208,88.75897226874608,88.80601501464844,5626700
2017-06-21 00:00:00-04:00,89.02246961711305,89.17301651352282,88.51436038145486,88.95660400390625,5611400
2017-06-22 00:00:00-04:00,88.90953736288813,88.92836020816269,88.32615837799426,88.40142822265625,5846500
2017-06-23 00:00:00-04:00,88.59902305188832,90.00102336991192,88.34496491861,89.9351577758789,11637300
2017-06-26 00:00:00-04:00,90.14220627461071,90.58444278719824,89.4835428610364,89.5964584350586,6970800
2017-06-27 00:00:00-04:00,89.53056919535669,89.70934316688361,89.04127568247343,89.29533386230469,6283600
2017-06-28 00:00:00-04:00,89.53055758792179,90.7067341006932,89.06949840498268,90.5467758178711,5571300
2017-06-29 00:00:00-04:00,90.13275036052073,90.13275036052073,88.45787632269837,88.84365844726562,8872500
2017-06-30 00:00:00-04:00,88.80603365793682,89.03186472939561,88.24147033691406,88.24147033691406,9036600
2017-07-03 00:00:00-04:00,88.8060289559621,88.83426322250862,87.83686065673828,87.83686065673828,6197700
2017-07-05 00:00:00-04:00,88.21323140762205,88.8248445811438,88.18500432218138,88.45787811279297,9339600
2017-07-06 00:00:00-04:00,87.93097564066328,88.42026921485278,87.68633603238209,87.74279022216797,8215700
2017-07-07 00:00:00-04:00,87.97800586534086,88.83426583884396,87.97800586534086,88.37319946289062,6175800
2017-07-10 00:00:00-04:00,88.58961077608637,89.73756012857504,88.58961077608637,89.47409057617188,8851800
2017-07-11 00:00:00-04:00,89.46471039216522,89.98222385694385,89.32356774583897,89.77522277832031,5554100
2017-07-12 00:00:00-04:00,90.31153997240942,90.7537763083511,89.98220480776384,90.49972534179688,5974800
2017-07-13 00:00:00-04:00,90.72556599340692,90.94198566914287,90.1139526616102,90.27391815185547,6721700
2017-07-14 00:00:00-04:00,90.46209981618492,91.61946082258773,90.44328414807023,91.2054443359375,6195800
2017-07-17 00:00:00-04:00,91.37480578640339,91.5441754993429,90.88551231399501,91.11134338378906,5914900
2017-07-18 00:00:00-04:00,91.13015686127048,91.97700540562685,90.90433297571273,91.81704711914062,7435000
2017-07-19 00:00:00-04:00,91.87347417422416,92.52272572970307,91.78879293419288,92.44744873046875,6390400
2017-07-20 00:00:00-04:00,93.25669140784919,93.28491849781258,92.14638040347762,92.31575012207031,8572900
2017-07-21 00:00:00-04:00,93.71774291992188,94.5551800210844,93.23786089357549,93.71774291992188,17400200
2017-07-24 00:00:00-04:00,93.67071202893419,94.48932638946093,93.28492263880943,94.4422836303711,9186000
2017-07-25 00:00:00-04:00,94.70571844969378,94.89390378882815,93.9059199901569,94.0846939086914,6774900
2017-07-26 00:00:00-04:00,94.10354128283977,95.02565973533073,93.96239865228762,94.89392852783203,7205400
2017-07-27 00:00:00-04:00,95.0068487374892,95.20444555844887,92.72977240588224,93.68952941894531,10543900
2017-07-28 00:00:00-04:00,93.26609206612657,93.70832838919799,92.69211737374387,93.29431915283203,6558800
2017-07-31 00:00:00-04:00,93.62363769019079,94.09410823134753,93.28489832625309,93.68009185791016,7576600
2017-08-01 00:00:00-04:00,94.43288335914065,95.10095091913813,94.0565053479103,94.91276550292969,6018100
2017-08-02 00:00:00-04:00,95.06330287191822,95.29853820800781,94.31995834841756,95.29853820800781,5955600
2017-08-03 00:00:00-04:00,94.97862722527985,95.12917411631612,94.40465239690192,94.6492919921875,5697500
2017-08-04 00:00:00-04:00,94.99745283698758,95.35500802208178,94.6681247482411,94.93158721923828,4618000
2017-08-07 00:00:00-04:00,94.95978046233967,95.54316656786571,94.64926815558492,95.4961166381836,7047100
2017-08-08 00:00:00-04:00,95.5055464523767,95.71255469674558,94.96921017324493,95.29853820800781,6283700
2017-08-09 00:00:00-04:00,94.80923914316196,95.31734826237911,94.65868510244053,95.0068359375,6902100
2017-08-10 00:00:00-04:00,94.6022337335277,94.92215031133534,93.55778837617125,93.61424255371094,8560800
2017-08-11 00:00:00-04:00,93.67071572942983,94.37642175297005,93.6518928820002,94.17881774902344,5268200
2017-08-14 00:00:00-04:00,95.01624637061697,96.0795073515992,94.79982673403582,95.85368347167969,5657600
2017-08-15 00:00:00-04:00,96.31475849992145,96.70995214950302,95.94779194262243,96.56880950927734,5386000
2017-08-16 00:00:00-04:00,96.84682235531393,97.94949462534437,96.73372499798835,97.37459564208984,13408300
2017-08-17 00:00:00-04:00,97.38402144337174,97.57250984704051,96.2813491821289,96.2813491821289,7381600
2017-08-18 00:00:00-04:00,96.20595711885098,97.15783296595124,96.07401378974059,96.61121368408203,5670900
2017-08-21 00:00:00-04:00,96.71490009062838,97.40288939062746,96.4415868103639,97.2803726196289,5395000
2017-08-22 00:00:00-04:00,97.48769122043845,98.20395289931476,97.20495142746985,98.08143615722656,5481000
2017-08-23 00:00:00-04:00,97.79872174391652,97.9872173849358,97.06360671987507,97.24267578125,5057200
2017-08-24 00:00:00-04:00,97.37461684273345,97.54425932047093,96.73374605909996,97.2803726196289,4082300
2017-08-25 00:00:00-04:00,97.68563293676317,97.90239393904638,97.2238311928622,97.40289306640625,4467400
2017-08-28 00:00:00-04:00,97.68560398822407,97.855246422091,97.31804657990764,97.80812072753906,3919900
2017-08-29 00:00:00-04:00,96.99760434859432,98.0814305727687,96.73371772504672,97.79869079589844,7135300
2017-08-30 00:00:00-04:00,97.73272185614414,98.01546164087213,97.56307942338161,97.76100158691406,8712700
2017-08-31 00:00:00-04:00,98.07203014199114,98.19455410013956,97.1013010078439,97.56310272216797,13766000
2017-09-01 00:00:00-04:00,98.05316218943692,98.09086130730903,97.48768980209836,97.92121887207031,4466800
2017-09-05 00:00:00-04:00,97.45000068631877,97.50654577374486,96.37560088298957,97.08244323730469,6337500
2017-09-06 00:00:00-04:00,97.39346510369194,97.77987577500134,97.16727752484229,97.24267578125,6372200
2017-09-07 00:00:00-04:00,97.74214173474549,99.37259429291454,97.64789754308524,98.54322814941406,6508600
2017-09-08 00:00:00-04:00,98.32650162497987,98.74117765142441,98.07203430906941,98.42074584960938,5787200
2017-09-11 00:00:00-04:00,99.41029640491045,100.04174041748047,99.09928409172063,100.04174041748047,6956000
2017-09-12 00:00:00-04:00,100.50356133417183,100.50356133417183,99.67420219652183,100.09830474853516,5212400
2017-09-13 00:00:00-04:00,100.1454375837428,100.1454375837428,99.18412785148881,99.74018096923828,6215700
2017-09-14 00:00:00-04:00,99.42916540984477,100.69205372765248,99.42916540984477,99.97579193115234,8154000
2017-09-15 00:00:00-04:00,99.65534520818339,100.03232923457442,98.91080373341347,99.24066925048828,12622900
2017-09-18 00:00:00-04:00,99.28777310331422,99.44798895400896,98.59978400780331,98.79769897460938,7330300
2017-09-19 00:00:00-04:00,99.08044361848242,99.83441165172829,98.79771099879426,99.3443374633789,9754400
2017-09-20 00:00:00-04:00,99.42914242611981,99.68360247046127,98.44898698390878,98.92964172363281,8198600
2017-09-21 00:00:00-04:00,98.95791712525624,99.53281607616601,98.62805883957967,99.25007629394531,4777600
2017-09-22 00:00:00-04:00,99.15585179284378,99.59880751747103,99.0144818736519,99.48571014404297,4959400
2017-09-25 00:00:00-04:00,99.42916863813674,99.5705385624267,96.8374130575218,97.09187316894531,9395300
2017-09-26 00:00:00-04:00,97.17669537988947,98.03432710081451,96.95992720977227,97.0164794921875,6263600
2017-09-27 00:00:00-04:00,97.13897502645784,98.12855706317467,96.97875917376923,97.91178894042969,8337400
2017-09-28 00:00:00-04:00,97.77985507579422,98.93907965395043,97.7704284981454,98.56209564208984,5947800
2017-09-29 00:00:00-04:00,98.72230331817047,99.36317392804172,98.66575823771376,99.1841049194336,7676300
2017-10-02 00:00:00-04:00,99.46687148122516,99.89097407957148,99.05218827190994,99.37262725830078,4885600
2017-10-03 00:00:00-04:00,99.5705445969375,99.80615875490925,99.2312596342283,99.51399230957031,4411100
2017-10-04 00:00:00-04:00,99.62706027344913,99.65533281359693,98.86367292797313,99.25007629394531,4146800
2017-10-05 00:00:00-04:00,99.5234000999696,100.13599823311722,99.09929757183701,100.12657165527344,4396100
2017-10-06 00:00:00-04:00,100.17370337007969,100.8051475064643,99.77787336133464,100.58838653564453,4587000
2017-10-09 00:00:00-04:00,100.46586141748355,101.45544361819479,100.40931632842775,100.8522720336914,4787000
2017-10-10 00:00:00-04:00,101.38946176276191,101.40830772709596,100.67319288174845,101.13499450683594,4015600
2017-10-11 00:00:00-04:00,101.5025511487438,102.34133676740593,101.40830694705501,102.1999740600586,6473100
2017-10-12 00:00:00-04:00,102.25654218283815,102.45445720808917,101.69106965492476,101.88898468017578,6496100
2017-10-13 00:00:00-04:00,102.25649878207737,102.97276751496057,102.16225459915411,102.40729522705078,5154600
2017-10-16 00:00:00-04:00,102.52984826298244,102.77488897767515,100.99364668512062,102.06804656982422,5552200
2017-10-17 00:00:00-04:00,102.02091939666062,102.1811352811091,101.12558856909766,101.35177612304688,5979400
2017-10-18 00:00:00-04:00,101.42717455324193,101.78530544683551,101.2763780567566,101.59681701660156,4817300
2017-10-19 00:00:00-04:00,101.09730846764116,101.57796330962097,100.74860415455825,100.8616943359375,10840200
2017-10-20 00:00:00-04:00,101.50257642663392,101.50257642663392,100.81458711163647,101.36121368408203,7848900
2017-10-23 00:00:00-04:00,101.83245059638465,102.00209309214067,100.93711240586012,101.34236907958984,6316700
2017-10-24 00:00:00-04:00,101.37060584928129,102.38846046454108,101.01247501370686,102.17169952392578,10511200
2017-10-25 00:00:00-04:00,103.11418412901922,104.24512921752722,101.78531681916746,103.1895751953125,13261300
2017-10-26 00:00:00-04:00,104.02835458051848,104.36763952411995,103.35921127240812,103.48173522949219,7380100
2017-10-27 00:00:00-04:00,103.73618125984832,103.79272634598156,102.43559394617914,103.39689636230469,7862700
2017-10-30 00:00:00-04:00,103.35918955156396,103.89638940097868,102.65234726599871,103.70790100097656,5148600
2017-10-31 00:00:00-04:00,104.21682429731943,104.32049507044097,102.40730984162374,103.65135192871094,8002500
2017-11-01 00:00:00-04:00,104.14144995039554,104.98966229304348,104.06605169985508,104.67864990234375,6167300
2017-11-02 00:00:00-04:00,104.63151059454758,104.9613761001816,103.85869660291715,104.59381866455078,5506600
2017-11-03 00:00:00-04:00,104.55611249223061,105.0084875254011,104.15085596356415,104.95194244384766,3757600
2017-11-06 00:00:00-05:00,104.95196295615176,105.69650450039852,104.80116645537488,105.479736328125,4094700
2017-11-07 00:00:00-05:00,105.79071955491,105.99806109113399,105.1404224077295,105.63992309570312,3697900
2017-11-08 00:00:00-05:00,105.56455588943285,106.41276818804228,105.3854868512896,105.99808502197266,4417800
2017-11-09 00:00:00-05:00,105.36664099098236,105.76247100060807,104.54670123643837,105.68707275390625,4334700
2017-11-10 00:00:00-05:00,105.28180836137179,105.53627562753378,104.87655180335665,105.44202423095703,4198900
2017-11-13 00:00:00-05:00,105.13102445274757,105.42318366405381,104.93310226209941,104.98965454101562,7185600
2017-11-14 00:00:00-05:00,104.68806551718215,105.59282285779295,104.43359824585188,105.5362777709961,5679600
2017-11-15 00:00:00-05:00,104.93308141489267,105.43258929582389,103.80213672646835,103.90580749511719,6895100
2017-11-16 00:00:00-05:00,104.5619988313323,105.2134483525236,104.39205579115686,104.81690979003906,5655100
2017-11-17 00:00:00-05:00,104.50537558365005,104.71308458799858,103.57068506408163,103.6839828491211,8812400
2017-11-20 00:00:00-05:00,103.80669403076172,104.49590946703233,103.56122635481898,103.80669403076172,6873200
2017-11-21 00:00:00-05:00,104.27877384713581,105.26066631673824,104.13716062810354,105.222900390625,6456500
2017-11-22 00:00:00-05:00,105.27008848431633,105.42115215846941,104.51478451977582,104.62808227539062,4067600
2017-11-24 00:00:00-05:00,105.09070977363601,105.89322299517622,104.93021001057316,105.71383666992188,3045600
2017-11-27 00:00:00-05:00,105.74215619403591,106.25198531148783,105.65718827601697,106.10092163085938,6620500
2017-11-28 00:00:00-05:00,106.30863074543453,107.27164370306558,106.27086482522225,107.02616882324219,6671300
2017-11-29 00:00:00-05:00,107.27165847728972,107.27165847728972,100.92712707006864,103.72174072265625,14505400
2017-11-30 00:00:00-05:00,104.32595852276377,106.29917907714844,103.88221799917352,106.29917907714844,18533300
2017-12-01 00:00:00-05:00,106.10092416366055,106.15757664680498,103.62731756077893,104.54312133789062,13101800
2017-12-04 00:00:00-05:00,105.10958430080379,105.22287484852913,100.99319299416617,101.427490234375,18909100
2017-12-05 00:00:00-05:00,102.80591385213175,103.13635662172086,100.64386372666002,102.51323699951172,12081500
2017-12-06 00:00:00-05:00,102.42827095694675,104.01440359455982,102.21112591903373,103.60842895507812,7532100
2017-12-07 00:00:00-05:00,103.63675143074772,105.1851253487128,103.33463127182807,105.1756820678711,7384900
2017-12-08 00:00:00-05:00,105.86491412620931,106.31809806812294,105.57223718227172,106.30865478515625,7594900
2017-12-11 00:00:00-05:00,106.21421026806352,107.01671619391091,105.89321077896942,106.09147644042969,7538600
2017-12-12 00:00:00-05:00,106.09146557357747,107.37547780465793,105.74213628024583,107.12055969238281,8754400
2017-12-13 00:00:00-05:00,107.39439902037253,107.97976009606622,106.86569043788415,106.9789810180664,8088900
2017-12-14 00:00:00-05:00,107.2055448439289,107.71536671003263,106.6107406616211,106.6107406616211,9815600
2017-12-15 00:00:00-05:00,107.60208487541733,107.8192299094664,106.11036346357639,107.46046447753906,16388000
2017-12-18 00:00:00-05:00,108.28187003447917,108.33851531919223,106.92232557645768,107.20556640625,8961800
2017-12-19 00:00:00-05:00,106.95062437213353,106.95062437213353,105.8176757118038,105.87432098388672,7899400
2017-12-20 00:00:00-05:00,106.42192788486287,106.78069332011613,105.73271245045933,105.85545349121094,6201900
2017-12-21 00:00:00-05:00,106.30863632868665,106.78069955146333,106.04428207642981,106.12925720214844,8866400
2017-12-22 00:00:00-05:00,106.11036728729849,106.79013945911993,105.97819016534575,106.39360809326172,6190100
2017-12-26 00:00:00-05:00,105.80825472906844,107.101710604723,105.80825472906844,106.67684936523438,3948900
2017-12-27 00:00:00-05:00,106.39359423836623,107.69648592928222,106.3558283222816,107.64927673339844,7073100
2017-12-28 00:00:00-05:00,107.91365920407195,108.49901300982876,107.62097509808017,107.96086120605469,6937100
2017-12-29 00:00:00-05:00,108.33849209649705,108.47066920123729,107.64927673339844,107.64927673339844,5249000
2018-01-02 00:00:00-05:00,108.16858376730063,108.65009034791765,107.58322268492084,108.1119384765625,6080900
2018-01-03 00:00:00-05:00,108.5273167927567,109.32038664125592,108.25352650073886,109.1882095336914,6946100
2018-01-04 00:00:00-05:00,109.75469226159359,110.80267312524363,109.54698330438545,109.59419250488281,7805300
2018-01-05 00:00:00-05:00,110.45334548041615,112.35104156062262,109.91519372072928,112.21886444091797,8590500
2018-01-08 00:00:00-05:00,111.98281943239976,113.74833818150186,111.47299037325084,112.67202758789062,6660700
2018-01-09 00:00:00-05:00,113.26682892316074,113.26682892316074,112.0300258236423,112.45487976074219,6562400
2018-01-10 00:00:00-05:00,112.05835582168307,112.39824187493944,110.89707727253844,112.3321533203125,7490300
2018-01-11 00:00:00-05:00,112.1622113261904,113.27628068809466,112.04891357302458,113.14409637451172,5982100
2018-01-12 00:00:00-05:00,113.40844153089789,113.62558652276073,113.02134633210838,113.38011169433594,5585800
2018-01-16 00:00:00-05:00,114.40922121027042,115.12675918935355,113.21018402173297,113.66336059570312,8803800
2018-01-17 00:00:00-05:00,114.42809575647883,115.33446327254542,113.98436248069206,115.16452026367188,7991500
2018-01-18 00:00:00-05:00,115.67436122478982,116.31636745307127,115.21174131419534,116.23139953613281,8661000
2018-01-19 00:00:00-05:00,116.17475694985148,116.74123135190396,115.10788950282128,115.84430694580078,8250700
2018-01-22 00:00:00-05:00,116.00482357450163,117.38324737548828,115.56108297493545,117.38324737548828,9355000
2018-01-23 00:00:00-05:00,117.63813931298299,118.49729773103692,117.26993062042052,117.68534851074219,5683300
2018-01-24 00:00:00-05:00,118.06302088833121,118.44066572322413,116.79788764147672,117.59095764160156,6425200
2018-01-25 00:00:00-05:00,118.01577131459793,118.45951176723858,117.66644203838673,118.22348022460938,7166400
2018-01-26 00:00:00-05:00,118.74276681543762,119.31868446007121,117.78920439664826,119.26203918457031,5604900
2018-01-29 00:00:00-05:00,119.65856460661666,119.79074171166239,117.7231100238117,117.8647232055664,6257900
2018-01-30 00:00:00-05:00,116.9017157358761,117.34545624010458,115.97646881183461,116.64680480957031,8154400
2018-01-31 00:00:00-05:00,116.86394958285155,117.52484229957037,116.16529815373677,117.28881072998047,7338200
2018-02-01 00:00:00-05:00,117.77033999992447,119.20541634299579,117.16609960382509,118.69558715820312,11169700
2018-02-02 00:00:00-05:00,116.80731248605123,116.80731248605123,113.95604689211326,114.1543197631836,13937700
2018-02-05 00:00:00-05:00,112.06778672226622,114.36201387421994,108.58396564197493,109.7735595703125,16623900
2018-02-06 00:00:00-05:00,108.763351401709,113.5784014944338,106.92230792139353,113.26683807373047,19053300
2018-02-07 00:00:00-05:00,113.38014004207358,115.6177222845737,112.54931137297744,112.96472930908203,9294000
2018-02-08 00:00:00-05:00,112.85143282456065,113.12523035799929,107.19611743557118,107.49823760986328,12673400
2018-02-09 00:00:00-05:00,108.14965486554615,110.66102671380223,104.81688345915305,109.82075500488281,17695500
2018-02-12 00:00:00-05:00,111.20861802616385,112.19994614355268,110.34945978798278,111.85062408447266,11526300
2018-02-13 00:00:00-05:00,111.26528729570289,112.16221163708245,110.58551518104834,111.73735046386719,7803900
2018-02-14 00:00:00-05:00,111.04815888741857,114.19209458343168,110.93486111698678,114.07880401611328,9206400
2018-02-15 00:00:00-05:00,115.10020958626424,115.67712988092188,113.46403147766681,115.64875793457031,6921300
2018-02-16 00:00:00-05:00,115.03403296705201,116.32028108494382,114.9772890610332,115.24210357666016,6371400
2018-02-20 00:00:00-05:00,114.76922077572159,116.37703456347484,114.45711485498865,115.3934326171875,6182800
2018-02-21 00:00:00-05:00,115.43124379020549,116.16894331497238,113.88018140078451,113.89909362792969,7676100
2018-02-22 00:00:00-05:00,114.12608084658562,114.79757677883948,113.13302653085252,113.851806640625,4994000
2018-02-23 00:00:00-05:00,114.97725627718069,116.29187597323993,114.64623822703129,116.26350402832031,5036900
2018-02-26 00:00:00-05:00,116.87828103288257,117.84296344536456,116.63237876473858,117.83350372314453,6270500
2018-02-27 00:00:00-05:00,117.93752570077706,118.50499351942798,116.66073754011856,116.67965698242188,7287200
2018-02-28 00:00:00-05:00,116.94448332260544,118.20235938432353,116.2162362487039,116.27298736572266,6780900
2018-03-01 00:00:00-05:00,116.57563074616831,117.27549863700615,113.1330279763343,113.8707275390625,8819600
2018-03-02 00:00:00-05:00,112.63173312179451,114.41924485840741,111.4684401938809,114.22062683105469,7581900
2018-03-05 00:00:00-05:00,113.91798782801213,115.67712051592056,112.96276537179625,115.27043914794922,5810200
2018-03-06 00:00:00-05:00,116.16893583612143,116.5566978006863,114.12606908460495,114.49491882324219,7464400
2018-03-07 00:00:00-05:00,113.52080200943061,115.61095339709118,113.2086960950184,115.24210357666016,7254100
2018-03-08 00:00:00-05:00,115.34610827778428,116.15947105463921,114.59894911227092,115.59201049804688,6948900
2018-03-09 00:00:00-05:00,116.56614040328374,118.02262691801434,116.20675043821453,117.7578125,6397700
2018-03-12 00:00:00-04:00,117.98481668174757,118.20234697356318,116.7836918631614,117.50247192382812,8636000
2018-03-13 00:00:00-04:00,117.51193662772084,118.22126421299883,116.23514841735113,116.51887512207031,9479500
2018-03-14 00:00:00-04:00,117.31331081186256,117.31331081186256,115.28936360384867,115.93248748779297,7855000
2018-03-15 00:00:00-04:00,116.45265423739,117.672698369062,116.045972860166,116.71747589111328,5861900
2018-03-16 00:00:00-04:00,117.13363229238212,118.26856080814989,116.64183498650698,117.7767562866211,9447100
2018-03-19 00:00:00-04:00,117.21874325889425,117.56867356222105,115.64876149961832,116.52832794189453,17387800
2018-03-20 00:00:00-04:00,116.6890971607117,118.3820262853632,116.61344104644998,118.1361312866211,7779700
2018-03-21 00:00:00-04:00,118.12666691975518,118.63738355310642,116.3959061982291,116.53777313232422,7359500
2018-03-22 00:00:00-04:00,115.57309928512468,116.0270720921091,113.2086741179523,113.48294830322266,10501500
2018-03-23 00:00:00-04:00,113.38836506298051,113.80450617323797,110.42810755173285,110.65509033203125,10024300
2018-03-26 00:00:00-04:00,112.63174045140607,114.19226231992585,111.41170355951192,114.09768676757812,8735400
2018-03-27 00:00:00-04:00,114.93000882873567,115.00567218788171,110.40922774675823,111.03343963623047,9008600
2018-03-28 00:00:00-04:00,110.58892411943403,111.66710171003523,109.7377293858923,110.64566802978516,9420400
2018-03-29 00:00:00-04:00,111.29822224685476,114.05040940139811,110.69292997865098,113.13301849365234,12918100
2018-04-02 00:00:00-04:00,112.80196325951509,113.33159926537192,110.4280862065207,111.96968841552734,9877100
2018-04-03 00:00:00-04:00,112.44258481404428,113.4829302792361,111.11850548759475,112.73577117919922,7084800
2018-04-04 00:00:00-04:00,110.56054126626593,113.60592255961144,110.38084261366038,113.31272888183594,8425700
2018-04-05 00:00:00-04:00,114.43819838011822,115.39342833739332,113.84236572998951,114.6178970336914,6816000
2018-04-06 00:00:00-04:00,113.66265950151893,114.02204956905997,110.76860508568664,111.31714630126953,8383800
2018-04-09 00:00:00-04:00,112.1966881738679,114.12605976531192,112.1966881738679,112.34801483154297,7024800
2018-04-10 00:00:00-04:00,114.0220436781898,114.5895115243051,113.15193689710469,114.17337036132812,8947200
2018-04-11 00:00:00-04:00,113.48295075724415,115.06239228696633,113.13302044295345,113.28433990478516,5874900
2018-04-12 00:00:00-04:00,113.87070748571556,115.36502579178511,113.86124776549548,114.5043716430664,5666000
2018-04-13 00:00:00-04:00,115.12859429772192,115.82846213218913,114.10716088591376,114.20173645019531,9174300
2018-04-16 00:00:00-04:00,115.48796941178826,116.2067565956648,114.92050888373923,115.27043914794922,6903200
2018-04-17 00:00:00-04:00,116.24459946736229,117.52138758248734,115.87574251213233,117.08633422851562,5979600
2018-04-18 00:00:00-04:00,117.33224035966575,118.09831907383573,116.6891163807712,117.7294692993164,5171000
2018-04-19 00:00:00-04:00,117.56868136808092,117.95645058099207,116.47159178046182,117.23766326904297,7294100
2018-04-20 00:00:00-04:00,117.33222290531764,118.051010119662,116.62289541127649,117.46463012695312,7479400
2018-04-23 00:00:00-04:00,117.55922131406277,118.19288552234329,117.18091184702936,117.71054077148438,8004300
2018-04-24 00:00:00-04:00,118.09832078007402,118.25909997320716,114.01259403620128,114.69354248046875,9434400
2018-04-25 00:00:00-04:00,114.57059904935363,114.76920992131228,112.89658900532855,114.63680267333984,8001200
2018-04-26 00:00:00-04:00,118.35366507300235,120.67079884043403,117.0674172104349,120.18846130371094,14345800
2018-04-27 00:00:00-04:00,119.58317221007027,120.16954504648645,118.5901107316221,119.1764907836914,6842700
2018-04-30 00:00:00-04:00,119.86689849051838,120.96399525206444,119.79124236765388,119.99930572509766,8449200
2018-05-01 00:00:00-04:00,119.98039417765567,120.65189007558217,118.70360599946717,120.59514617919922,6407300
2018-05-02 00:00:00-04:00,120.9450602790696,121.15313804110033,119.16701534614288,119.52640533447266,8515300
2018-05-03 00:00:00-04:00,118.98735790069267,120.5478803226489,118.52393247887939,120.28306579589844,6778600
2018-05-04 00:00:00-04:00,119.47913136109527,121.39904339544191,119.23322912933254,121.20989227294922,5798400
2018-05-07 00:00:00-04:00,121.43688123605668,122.4961536151525,121.29502148637327,122.250244140625,5737300
2018-05-08 00:00:00-04:00,122.13672695268221,122.92171771843158,121.35173618693285,122.85550689697266,5044700
2018-05-09 00:00:00-04:00,122.95954655971285,123.89586400971226,122.56232491067486,123.74453735351562,6119400
2018-05-10 00:00:00-04:00,124.17014862885361,124.60520921954672,123.63106718242972,123.89588165283203,6585800
2018-05-11 00:00:00-04:00,123.8958864358147,124.92677240905707,123.16763939844132,124.67142486572266,5437100
2018-05-14 00:00:00-04:00,125.24833929407593,125.31455013438223,123.58378895548628,124.09451293945312,5017000
2018-05-15 00:00:00-04:00,123.47973933211968,124.27418273578259,122.85552761582477,123.99046325683594,5532300
2018-05-16 00:00:00-04:00,123.98100600290428,124.2741924415844,123.46082953203278,123.79185485839844,5124200
2018-05-17 00:00:00-04:00,123.69710692142412,123.90551183901148,122.77823463601501,123.08135986328125,4911700
2018-05-18 00:00:00-04:00,122.78770233063423,123.46975216010276,122.26670449116143,123.08135986328125,6082700
2018-05-21 00:00:00-04:00,124.04761880337017,124.57809887437553,123.13822852578893,123.77291107177734,5591800
2018-05-22 00:00:00-04:00,124.09498972182685,124.83387476381068,123.62134472288857,123.82028198242188,6645500
2018-05-23 00:00:00-04:00,123.20451441826225,124.95700640606026,122.95822426319972,124.9285888671875,6569100
2018-05-24 00:00:00-04:00,124.87174654771356,125.24118898613007,123.62131709184533,124.93804931640625,6035200
2018-05-25 00:00:00-04:00,124.92857861440986,125.13698351870372,124.02864177564332,124.36019897460938,7509600
2018-05-29 00:00:00-04:00,123.51711147808702,124.1423261900305,122.25721436019897,122.85401153564453,10401900
2018-05-30 00:00:00-04:00,123.33711174262353,124.18968111555117,123.02450441799938,123.75392150878906,10631300
2018-05-31 00:00:00-04:00,123.76342519751132,124.6444123603158,123.12874267061865,123.82974243164062,11086000
2018-06-01 00:00:00-04:00,124.89069623353477,125.5253787283698,123.48871123680212,123.95288848876953,8323400
2018-06-04 00:00:00-04:00,124.98541274740482,126.52949967546957,124.50228572085989,126.05585479736328,7178000
2018-06-05 00:00:00-04:00,126.34952192970088,126.57686223762575,125.70535733009055,126.52002716064453,6198200
2018-06-06 00:00:00-04:00,126.93685964981817,129.12509723106174,126.5674171290173,129.0966796875,8065800
2018-06-07 00:00:00-04:00,129.17246849128512,129.38087345331297,126.03694081872786,126.78529357910156,8309200
2018-06-08 00:00:00-04:00,126.40637568012045,127.80836078591676,126.20743842680243,127.63785552978516,5261000
2018-06-11 00:00:00-04:00,127.78936233160786,128.0640844124311,126.75682012801283,126.85155487060547,7988700
2018-06-12 00:00:00-04:00,126.97467291863192,128.00722941593398,126.50102818840733,127.75145721435547,5743300
2018-06-13 00:00:00-04:00,128.0546273754091,128.61353933911366,127.23048988032082,127.31574249267578,4881600
2018-06-14 00:00:00-04:00,127.84629291325756,128.547278416744,127.64735560946994,127.8841781616211,6464100
2018-06-15 00:00:00-04:00,127.97886657714844,128.57564936319883,126.93684194357434,127.97886657714844,10044500
2018-06-18 00:00:00-04:00,127.28736197974732,129.12510702681314,127.0505394624347,129.02090454101562,8713300
2018-06-19 00:00:00-04:00,127.46727674739152,128.11144114363827,126.5294693642772,127.98828887939453,6557600
2018-06-20 00:00:00-04:00,128.37673793217627,129.48506543793582,128.3577880859375,128.3577880859375,7192000
2018-06-21 00:00:00-04:00,128.13988049507378,128.94506805938985,127.18310865668924,127.43888092041016,8689800
2018-06-22 00:00:00-04:00,128.45250386303337,128.68932631524802,127.18312453374627,128.1967315673828,6031900
2018-06-25 00:00:00-04:00,127.79887224243676,127.79887224243676,122.70244841900944,124.02864837646484,10086200
2018-06-26 00:00:00-04:00,125.14649114484108,126.73793151689254,124.67284611204016,125.56330108642578,7733900
2018-06-27 00:00:00-04:00,125.99900420845279,126.61475121749895,124.10442471199282,124.11390686035156,7282100
2018-06-28 00:00:00-04:00,124.09497365807094,126.10322356816728,123.76341641993402,125.7432632446289,6576500
2018-06-29 00:00:00-04:00,126.25476564682798,127.11680271277685,125.46851348876953,125.46851348876953,7259000
2018-07-02 00:00:00-04:00,125.0043771197624,126.03691960497372,124.23706018626514,125.51590728759766,7554400
2018-07-03 00:00:00-04:00,125.99901771671989,126.3779423293328,124.49283032463556,124.52124786376953,3621600
2018-07-05 00:00:00-04:00,125.16540652094446,126.30215139568989,124.88121668863427,126.26425170898438,4729300
2018-07-06 00:00:00-04:00,126.53900489941013,127.20210503452779,125.51592992472908,127.0221176147461,4839800
2018-07-09 00:00:00-04:00,127.82729439680618,128.8030017838481,127.6851922469142,128.37672424316406,8960700
2018-07-10 00:00:00-04:00,128.42408642540713,130.09131128668187,128.2061993619628,129.48504638671875,6561900
2018-07-11 00:00:00-04:00,129.4282025043836,131.49328721063893,129.39978496838884,130.86807250976562,10648700
2018-07-12 00:00:00-04:00,131.68277613563342,132.5732310377992,131.35123331226194,132.52586364746094,11816100
2018-07-13 00:00:00-04:00,132.42169025715833,132.64904510802188,130.29028731425424,132.07119750976562,7865700
2018-07-16 00:00:00-04:00,132.07111785122765,132.19427012797894,130.87753812672804,131.16172790527344,4969900
2018-07-17 00:00:00-04:00,130.89655200820056,132.53537445030327,130.1766166647141,132.27960205078125,5412600
2018-07-18 00:00:00-04:00,132.53535190879535,133.72893214605952,132.02380719675443,133.47315979003906,7008600
2018-07-19 00:00:00-04:00,133.52052947890016,133.55842917536918,132.55428958192635,132.74375915527344,7937000
2018-07-20 00:00:00-04:00,132.6206035744245,134.01312106831585,132.54481863784213,133.5584259033203,7153600
2018-07-23 00:00:00-04:00,133.24581465848055,133.5394722452967,132.27957481274822,132.64901733398438,7723600
2018-07-24 00:00:00-04:00,133.55842209252629,134.01311724454808,132.15642248750342,132.64901733398438,8336700
2018-07-25 00:00:00-04:00,132.94270484189983,135.24462757268898,132.52589483602844,135.12147521972656,8376000
2018-07-26 00:00:00-04:00,134.14571268284334,135.26350773807224,132.17534811250343,134.98880004882812,10520800
2018-07-27 00:00:00-04:00,135.53827056530648,135.59510565914115,131.8722624679685,133.29319763183594,7014900
2018-07-30 00:00:00-04:00,132.74374992261178,133.01845765765998,128.17780526710192,129.2861328125,12812400
2018-07-31 00:00:00-04:00,129.90191331307426,130.74500103600988,128.48097797411523,129.532470703125,7683300
2018-08-01 00:00:00-04:00,130.47970173858732,131.42699153483366,130.16709437128662,130.9628143310547,7087700
2018-08-02 00:00:00-04:00,130.20501662688417,131.8533065446614,129.77873898826056,131.5975341796875,12300000
2018-08-03 00:00:00-04:00,131.94792032079482,132.4878821602917,130.6690884376755,132.4499969482422,4617500
2018-08-06 00:00:00-04:00,132.28902143904557,132.8668688242767,131.7206562031681,132.3458709716797,5143000
2018-08-07 00:00:00-04:00,132.6016438628152,133.2742260908907,132.49744138957809,132.88583374023438,10034500
2018-08-08 00:00:00-04:00,132.60157920078672,133.55835083971985,132.45949155861373,133.26467895507812,5389500
2018-08-09 00:00:00-04:00,133.31210052792576,133.79522761674383,132.52584819438525,132.6300506591797,5679300
2018-08-10 00:00:00-04:00,132.50692455474191,133.3215945005169,131.91012725304114,132.3648223876953,6523500
2018-08-13 00:00:00-04:00,133.12267487228056,133.79525719454838,132.45957470176975,132.81954956054688,4817500
2018-08-14 00:00:00-04:00,132.90475468786636,133.5583869274558,132.506894727789,133.3404998779297,5888700
2018-08-15 00:00:00-04:00,132.95214197412656,133.27421706796432,131.52172498794118,132.5447998046875,5288400
2018-08-16 00:00:00-04:00,133.83501107762515,134.2334689827431,133.21833865981887,133.43653869628906,5931700
2018-08-17 00:00:00-04:00,133.5599153779574,134.44222665881463,133.36069360488224,134.0817108154297,7699600
2018-08-20 00:00:00-04:00,134.28093525168288,134.33787023562738,133.4840191911323,133.7117156982422,4662200
2018-08-21 00:00:00-04:00,133.7686359302223,134.20505061556102,132.63018234946495,132.8578643798828,6854300
2018-08-22 00:00:00-04:00,132.6775941277307,134.27142592356117,132.6775941277307,133.90142822265625,4191700
2018-08-23 00:00:00-04:00,133.7781163855333,135.1442664579139,133.55043435761823,134.81222534179688,4426800
2018-08-24 00:00:00-04:00,135.02093258992366,136.97528037786788,135.02093258992366,136.80450439453125,5714000
2018-08-27 00:00:00-04:00,137.55400104140364,138.13271696258838,137.28836237032428,137.94296264648438,7194900
2018-08-28 00:00:00-04:00,138.16118930714433,138.6734883672866,137.4401575857742,137.75323486328125,4925700
2018-08-29 00:00:00-04:00,137.99987664855362,139.7455060720568,137.96192000061419,139.48934936523438,5192900
2018-08-30 00:00:00-04:00,139.29016275481408,140.13451743163998,138.85374805077873,139.21426391601562,7804600
2018-08-31 00:00:00-04:00,139.21426610546695,140.06810272198737,138.9865695854905,139.3565673828125,5786600
2018-09-04 00:00:00-04:00,139.39448843821114,140.27679965270204,139.1478281027879,140.21987915039062,7638100
2018-09-05 00:00:00-04:00,139.46089789530953,140.23884998861755,135.2391253100494,135.35296630859375,11363400
2018-09-06 00:00:00-04:00,135.9411766660258,137.2788664274301,135.22964140692415,137.08912658691406,9589200
2018-09-07 00:00:00-04:00,136.6052810604096,137.03219929949438,135.42887094548553,135.8557891845703,13626200
2018-09-10 00:00:00-04:00,136.73811240913122,137.0322113446583,135.86529752826223,136.690673828125,5362700
2018-09-11 00:00:00-04:00,136.10249341676857,138.05684160466646,135.90325714147275,138.02838134765625,9895900
2018-09-12 00:00:00-04:00,138.3699034711366,139.2711786204352,137.62990791897795,139.052978515625,6964100
2018-09-13 00:00:00-04:00,139.60320079798436,140.4760300512373,139.5462802980376,140.05859375,5803400
2018-09-14 00:00:00-04:00,140.32424466534584,140.76064485389432,139.7929673177797,140.25782775878906,4928300
2018-09-17 00:00:00-04:00,140.24833907184995,140.31474149898338,138.3509117927496,138.68295288085938,7708600
2018-09-18 00:00:00-04:00,138.70192577097876,140.49499390040575,138.46474737038673,140.05859375,5692100
2018-09-19 00:00:00-04:00,140.67525403123108,141.18756749131538,139.698080163398,139.85935974121094,7432300
2018-09-20 00:00:00-04:00,140.40018239394962,141.82325331613194,139.65069026824705,141.58607482910156,7172700
2018-09-21 00:00:00-04:00,142.25961502793936,142.55371395586644,141.69039549924173,142.3544921875,15628100
2018-09-24 00:00:00-04:00,141.51016136607387,141.97502188787485,139.7170927682962,141.4627227783203,6706700
2018-09-25 00:00:00-04:00,142.03196781350343,142.26914629430624,141.4532517412955,141.90863037109375,4230700
2018-09-26 00:00:00-04:00,142.30707425327054,142.7055323240328,141.39630260851098,141.61451721191406,5852400
2018-09-27 00:00:00-04:00,142.21219430367515,142.91424773439314,141.8896350826252,142.3260498046875,5868500
2018-09-28 00:00:00-04:00,142.12680210859915,142.65807948319775,141.88014174931342,142.39244079589844,6035900
2018-10-01 00:00:00-04:00,143.15144151268527,143.78707809617882,142.8858027755902,143.0565643310547,9802100
2018-10-02 00:00:00-04:00,143.10401216558233,143.10401216558233,141.51966156834476,141.9940185546875,8047500
2018-10-03 00:00:00-04:00,142.9806378548038,142.9806378548038,141.53858908075586,141.7093505859375,7521100
2018-10-04 00:00:00-04:00,141.52910071477558,141.62397787385493,138.60707530126243,139.23321533203125,9208900
2018-10-05 00:00:00-04:00,139.1193663281691,139.8498798776823,136.99424258241297,137.90501403808594,7085700
2018-10-08 00:00:00-04:00,137.57294236635593,137.57294236635593,132.99065432619082,134.6129608154297,11637300
2018-10-09 00:00:00-04:00,134.20504613395775,135.94117946280875,133.88247247459992,135.01144409179688,10798000
2018-10-10 00:00:00-04:00,135.2581214849812,135.37196249854892,128.27558795378343,128.56968688964844,15450100
2018-10-11 00:00:00-04:00,127.21302802033634,130.20148513032345,125.47688005576634,126.87149047851562,15657200
2018-10-12 00:00:00-04:00,131.37790701556497,133.74969194965126,130.38175444800345,132.8768768310547,12993300
2018-10-15 00:00:00-04:00,132.72508121396422,132.87687892643385,130.18253467311814,130.1920166015625,7953000
2018-10-16 00:00:00-04:00,131.5960565878952,134.85013695997154,131.5675818646365,134.4706573486328,11059500
2018-10-17 00:00:00-04:00,135.03986701720135,135.53320205730355,133.51243780606532,135.14422607421875,9170600
2018-10-18 00:00:00-04:00,135.1537202936828,135.1537202936828,130.87501350119092,132.1462860107422,10222600
2018-10-19 00:00:00-04:00,132.72500652122457,134.89756843915652,132.2316859476609,132.89578247070312,8696900
2018-10-22 00:00:00-04:00,133.74015546781047,134.28091468456495,132.35502726176796,133.4270782470703,6099500
2018-10-23 00:00:00-04:00,129.86941887182772,132.85786126068174,128.63608815653694,131.98504638671875,10736100
2018-10-24 00:00:00-04:00,132.5352950801873,132.9906735825232,127.12763012675616,127.3742904663086,13849600
2018-10-25 00:00:00-04:00,128.50329188789334,133.67377962807177,125.70458884286325,133.3132781982422,14985900
2018-10-26 00:00:00-04:00,130.90352432934438,132.69659280844354,129.08199559472166,130.67584228515625,12034900
2018-10-29 00:00:00-04:00,132.44994289825993,134.2524934461878,125.48638662308744,127.44073486328125,12768200
2018-10-30 00:00:00-04:00,126.25482826036212,127.9435375862688,123.13355189953398,125.95123291015625,15107600
2018-10-31 00:00:00-04:00,128.06686027829832,131.98503779224336,128.06686027829832,130.78018188476562,13205300
2018-11-01 00:00:00-04:00,131.8711827972135,133.64527249454102,130.43863055524406,133.60733032226562,16024000
2018-11-02 00:00:00-04:00,133.8730124760577,134.1955717120252,130.7802105244042,132.61122131347656,17063100
2018-11-05 00:00:00-05:00,132.63018798828125,133.01916410841278,130.9889172189417,132.63018798828125,6280000
2018-11-06 00:00:00-05:00,132.630179663756,133.68325246178233,132.55428082974606,133.56939697265625,4732700
2018-11-07 00:00:00-05:00,135.03990312648733,137.46860785608354,135.02093927557198,137.35476684570312,20502100
2018-11-08 00:00:00-05:00,137.1840126920891,137.9999070881185,136.2827230574696,137.7816925048828,5927400
2018-11-09 00:00:00-05:00,136.80454242822685,137.15557641748094,135.0589123144822,136.5483856201172,8339800
2018-11-12 00:00:00-05:00,136.064528869437,136.27324705956283,132.0324952961698,132.55429077148438,11335100
2018-11-13 00:00:00-05:00,133.15198508650138,134.6224798675377,131.88069761676493,132.55429077148438,6287000
2018-11-14 00:00:00-05:00,134.7363503233738,135.2866061151372,131.3114926112815,132.3361053466797,6613900
2018-11-15 00:00:00-05:00,131.96540660874885,134.8736803162815,131.09101020443063,134.80714416503906,8565000
2018-11-16 00:00:00-05:00,133.4575364241256,134.80712665219414,132.98232798457144,133.22943115234375,8628000
2018-11-19 00:00:00-05:00,133.50505742554842,133.6001049123907,127.5934633987765,128.0781707763672,16253000
2018-11-20 00:00:00-05:00,123.84883689728665,127.85959779576802,123.11701174697653,126.75711059570312,12720200
2018-11-21 00:00:00-05:00,127.69804321184263,129.04763376494617,127.00424278361784,127.75506591796875,7416300
2018-11-23 00:00:00-05:00,126.01579051972246,127.59348626996035,125.92075751805586,126.28190612792969,3676000
2018-11-26 00:00:00-05:00,127.9261515570029,129.75095070716617,127.59349976046597,129.19970703125,9144600
2018-11-27 00:00:00-05:00,128.57243614361468,129.55136468792375,127.46994872404989,129.17120361328125,7877900
2018-11-28 00:00:00-05:00,130.27366951281348,134.5220203030189,130.0835745046788,134.36996459960938,11265100
2018-11-29 00:00:00-05:00,133.71420869223164,133.72370764418022,131.83238654902607,132.2030487060547,8751500
2018-11-30 00:00:00-05:00,132.11747132491323,135.2063267941137,131.75632270078884,134.68360900878906,11362800
2018-12-03 00:00:00-05:00,137.81048583984375,138.4947873435015,136.71751192544812,137.81048583984375,11285600
2018-12-04 00:00:00-05:00,136.03323277930778,137.1927430453965,131.6327960399348,131.76585388183594,13988900
2018-12-06 00:00:00-05:00,128.34433398012774,134.11337342039667,126.86168544915435,134.0563507080078,16391900
2018-12-07 00:00:00-05:00,133.83776083527255,135.08280508199093,129.24724388969182,130.31170654296875,14007700
2018-12-10 00:00:00-05:00,129.49434858762137,131.4141954676694,128.17326920780695,131.0435333251953,15744300
2018-12-11 00:00:00-05:00,133.00137581661463,133.10592228125793,129.1806948840854,130.0265655517578,12466300
2018-12-12 00:00:00-05:00,132.39312464154855,133.89478562338627,130.91997501677858,130.96749877929688,10387200
2018-12-13 00:00:00-05:00,131.44266305533108,132.23151083990993,129.39925797415606,130.7203369140625,8780900
2018-12-14 00:00:00-05:00,128.96207112485487,129.94099936897186,127.87859644193843,128.39181518554688,9351200
2018-12-17 00:00:00-05:00,127.5555192313387,127.76459770680125,124.21004609066942,124.88483428955078,11796200
2018-12-18 00:00:00-05:00,125.73071788468421,127.51750732862551,125.26502261632629,126.08238220214844,12761900
2018-12-19 00:00:00-05:00,126.33894972296888,129.13317857345993,123.09803813656899,124.75175476074219,13819000
2018-12-20 00:00:00-05:00,123.70629456007656,125.46455751284421,120.84553702769658,122.37570190429688,18091700
2018-12-21 00:00:00-05:00,120.87404737555238,123.86786269839017,116.85377984183758,118.09883117675781,25448600
2018-12-24 00:00:00-05:00,116.02692708307302,119.0017301437342,115.57072366188011,115.69428253173828,8617700
2018-12-26 00:00:00-05:00,116.92029842691207,123.78231771185523,116.90129327702864,123.7728042602539,13499500
2018-12-27 00:00:00-05:00,121.64388035205863,125.46455383300781,120.24676608068471,125.46455383300781,10883000
2018-12-28 00:00:00-05:00,126.48150857770399,126.99472742735968,123.23108385731413,124.44761657714844,7381300
2018-12-31 00:00:00-05:00,125.1508925742591,125.87321871204462,123.77279094610009,125.39801025390625,7976000
2019-01-02 00:00:00-05:00,123.55422110665253,127.10878622697936,123.17406007336375,126.32943725585938,8788000
2019-01-03 00:00:00-05:00,124.70425685268425,124.77077852068498,121.53935834015456,121.77696990966797,9428300
2019-01-04 00:00:00-05:00,123.97243071592916,127.91665657589527,123.67780368330445,127.02326202392578,11065800
2019-01-07 00:00:00-05:00,127.78359415335214,130.3687301888461,127.39391960705564,129.3137664794922,12928000
2019-01-08 00:00:00-05:00,131.1290455684947,131.3381384860816,129.2187124602294,130.01705932617188,9243000
2019-01-09 00:00:00-05:00,131.442709991012,132.56419539702597,130.79641871289928,131.54725646972656,9987600
2019-01-10 00:00:00-05:00,130.02656559424221,131.9369133122383,129.59888078500333,131.79434204101562,12514900
2019-01-11 00:00:00-05:00,130.9199573657976,131.72781771304213,130.59681902778547,131.21458435058594,5860100
2019-01-14 00:00:00-05:00,130.19765384818544,131.28112884613333,129.87450098743838,130.3022003173828,8666700
2019-01-15 00:00:00-05:00,130.16912482202193,130.89143655519126,128.5439052946244,130.5302734375,7594900
2019-01-16 00:00:00-05:00,131.53771318451965,131.98441035570207,130.2736712770266,130.5302734375,7258000
2019-01-17 00:00:00-05:00,130.1786396022335,131.0720340532408,129.81747644062244,130.4732666015625,5864900
2019-01-18 00:00:00-05:00,131.45220039436586,131.727829503151,129.86500541325523,131.63278198242188,10263500
2019-01-22 00:00:00-05:00,131.06250686457244,132.60219236435202,130.18812490902792,131.205078125,8102300
2019-01-23 00:00:00-05:00,131.88940315320085,132.08898265038923,129.39930014748006,130.21665954589844,5465800
2019-01-24 00:00:00-05:00,130.31169389460015,131.46170500834796,129.7509512657628,130.8724365234375,4924800
2019-01-25 00:00:00-05:00,132.10798143504803,132.96335105352583,130.872436262191,131.79434204101562,9756300
2019-01-28 00:00:00-05:00,130.69181555020907,130.69181555020907,128.12569296100153,129.2471923828125,9857200
2019-01-29 00:00:00-05:00,129.81749547508855,129.91254300593778,127.46046463264221,128.30633544921875,7457700
2019-01-30 00:00:00-05:00,129.35185453173733,131.06259478679587,128.79109706808444,130.77748107910156,8078100
2019-01-31 00:00:00-05:00,127.7265268014768,129.00008196884627,126.69057585946182,128.31578063964844,20095700
2019-02-01 00:00:00-05:00,128.67697782243644,133.39105328441048,128.55341895178213,133.20095825195312,13248300
2019-02-04 00:00:00-05:00,132.85883452150767,134.50306697298572,132.27907935990015,134.4840545654297,11882700
2019-02-05 00:00:00-05:00,134.95924694615456,135.86214041612575,134.7976777569779,135.4629669189453,8455700
2019-02-06 00:00:00-05:00,134.92124562883552,135.3584294634549,134.0563624095351,134.47454833984375,6146900
2019-02-07 00:00:00-05:00,132.9823664146835,134.06584138988822,132.3075783567499,133.219970703125,10675300
2019-02-08 00:00:00-05:00,131.81336353755322,133.4385688252202,131.65179435412648,133.41957092285156,5950700
2019-02-11 00:00:00-05:00,134.25592462301995,135.23485315092947,133.48608903332558,133.81874084472656,7600100
2019-02-12 00:00:00-05:00,134.75962727807158,135.71955778098211,134.246408451514,134.94972229003906,6090000
2019-02-13 00:00:00-05:00,135.80507971278584,137.52533210115962,135.7860673128435,136.37533569335938,6885600
2019-02-14 00:00:00-05:00,136.12779787372784,136.60383578791667,135.57559214996593,136.29917907714844,6314000
2019-02-15 00:00:00-05:00,137.62258410161488,137.96533203125,136.9275727125726,137.96533203125,6536000
2019-02-19 00:00:00-05:00,137.49880719646245,137.93676852634084,137.11798262680605,137.51785278320312,8406700
2019-02-20 00:00:00-05:00,137.43215111900832,137.89865897553847,136.64192644113226,137.79393005371094,5283100
2019-02-21 00:00:00-05:00,137.4321550888029,138.079559695147,136.3182135574041,137.0989227294922,8573400
2019-02-22 00:00:00-05:00,137.49884118917907,139.2697034781768,137.49884118917907,138.8793487548828,9680800
2019-02-25 00:00:00-05:00,139.8694201612459,140.14551567394727,138.82213126302744,139.06015014648438,9731200
2019-02-26 00:00:00-05:00,138.24145424250142,140.33601886954116,138.07008750850716,139.99327087402344,7332500
2019-02-27 00:00:00-05:00,139.47913120672126,140.42169165775474,138.92692539447677,140.1646270751953,9731200
2019-02-28 00:00:00-05:00,140.2026681405165,141.68791849695543,140.17410703053912,141.02145385742188,6250200
2019-03-01 00:00:00-05:00,142.29727768331313,142.7447400138734,141.26903391542484,142.30679321289062,7016800
2019-03-04 00:00:00-05:00,142.87803660430234,142.992281062949,139.90754993176228,140.86915588378906,6979700
2019-03-05 00:00:00-05:00,140.90722583864297,142.13539729336898,140.74537468740155,140.859619140625,9678600
2019-03-06 00:00:00-05:00,140.907230359922,141.4023138856504,140.35502460574907,140.72633361816406,8186400
2019-03-07 00:00:00-05:00,140.20267479870319,140.72631938569464,139.04114117938528,139.7932891845703,8761700
2019-03-08 00:00:00-05:00,138.46989251704642,140.41212055833176,137.57493903215686,140.28836059570312,5168100
2019-03-11 00:00:00-04:00,141.01193771006862,143.73487489361938,140.9262543805131,143.44924926757812,9361500
2019-03-12 00:00:00-04:00,143.76349982506648,145.80094222161856,143.63972527574546,144.45851135253906,9465100
2019-03-13 00:00:00-04:00,145.00112800475605,146.65773037932,144.75357903198903,145.16297912597656,8308900
2019-03-14 00:00:00-04:00,145.24873063104775,147.2766574166891,145.0011960696077,146.8101348876953,9364900
2019-03-15 00:00:00-04:00,146.35307244339717,149.30451281706334,146.01032462276189,148.0096893310547,20162000
2019-03-18 00:00:00-04:00,148.44767615682926,148.9141985889644,147.0195622724642,147.53369140625,9689400
2019-03-19 00:00:00-04:00,148.47629713664068,148.47629713664068,146.75304134577618,147.1814727783203,9236100
2019-03-20 00:00:00-04:00,146.94338937932702,147.44798843883643,145.39151555730894,146.3816680908203,6391400
2019-03-21 00:00:00-04:00,145.9722457362338,149.17120597611472,145.96271568211318,148.33338928222656,7027100
2019-03-22 00:00:00-04:00,147.56228311370867,148.2192034335849,145.52484079738852,145.7342987060547,8119800
2019-03-25 00:00:00-04:00,145.05832348830984,146.67685004553866,144.27761406836495,145.6962127685547,7568000
2019-03-26 00:00:00-04:00,146.4007163809798,148.14301703521014,146.4007163809798,147.85739135742188,15594400
2019-03-27 00:00:00-04:00,148.01925760345523,148.39056666416343,146.01037665256547,146.82916259765625,12253800
2019-03-28 00:00:00-04:00,147.50511813218685,147.64793823943248,146.2483854480757,147.25758361816406,16902200
2019-03-29 00:00:00-04:00,148.2667811099606,148.7999413085096,147.5051174573795,148.70474243164062,12164400
2019-04-01 00:00:00-04:00,149.98054483582942,150.17095714774018,149.04751433819692,149.72348022460938,6420100
2019-04-02 00:00:00-04:00,150.10432241058078,150.5708304050642,149.23792966721373,150.21856689453125,6215100
2019-04-03 00:00:00-04:00,150.9516654162725,151.48482569676256,150.28521506565994,150.86598205566406,8209300
2019-04-04 00:00:00-04:00,150.93258251648845,151.0849181382649,149.02843082685632,150.08523559570312,5100200
2019-04-05 00:00:00-04:00,150.42800474266218,151.02781725848254,149.69490217082912,150.0947723388672,4178300
2019-04-08 00:00:00-04:00,149.99952917209518,150.28515478708854,148.82848013089688,150.18994140625,5604700
2019-04-09 00:00:00-04:00,149.05699050738562,150.41846650669993,148.97130716878158,149.9424285888672,6364100
2019-04-10 00:00:00-04:00,150.4185058267505,151.17063954142657,149.97102890481338,150.961181640625,3918600
2019-04-11 00:00:00-04:00,151.48483393445926,151.66573072393294,149.8948685374189,150.29473876953125,5771400
2019-04-12 00:00:00-04:00,151.1040018731633,151.9894256591797,150.29473138973762,151.9894256591797,6745100
2019-04-15 00:00:00-04:00,152.17033160476464,152.78917528640116,151.56100345464304,152.7510986328125,8142800
2019-04-16 00:00:00-04:00,153.32228075977545,153.37941751101468,151.90369711243102,152.5511016845703,6021400
2019-04-17 00:00:00-04:00,153.16048440088886,153.3509112514192,152.6273240854736,152.7510986328125,4609100
2019-04-18 00:00:00-04:00,153.2175851373378,153.37945084307273,151.38008541339445,152.4844970703125,7859400
2019-04-22 00:00:00-04:00,151.5704787566452,152.78913473343533,151.44671876968343,152.7129669189453,4602600
2019-04-23 00:00:00-04:00,153.28426964807377,154.12210136079833,152.20841888310065,153.9126434326172,6522900
2019-04-24 00:00:00-04:00,153.99826691002872,154.26484698266327,152.95097767644688,153.750732421875,7376500
2019-04-25 00:00:00-04:00,152.82724568487384,153.85548952228712,150.95165477693396,153.30328369140625,8862500
2019-04-26 00:00:00-04:00,153.53175435120232,155.2169327613289,152.71296849638335,155.12171936035156,7525400
2019-04-29 00:00:00-04:00,155.38832495436645,156.61649655959147,155.28359601690335,156.28326416015625,10003600
2019-04-30 00:00:00-04:00,157.07346455224834,157.75896030413608,156.0642665085036,156.54981994628906,6432700
2019-05-01 00:00:00-04:00,157.60662712183043,157.7970539105938,154.95034193786347,154.98841857910156,5248100
2019-05-02 00:00:00-04:00,154.33149753004795,155.26452777378262,152.7415181130642,153.39845275878906,6054900
2019-05-03 00:00:00-04:00,154.52188674453078,154.94080237077762,153.4555520974873,154.2743377685547,4317500
2019-05-06 00:00:00-04:00,150.6279274751727,154.8551320700344,150.61839741900292,154.50286865234375,10442400
2019-05-07 00:00:00-04:00,153.23661611518753,154.02684087052648,151.07539971335814,152.53208923339844,6413600
2019-05-08 00:00:00-04:00,152.11317920104378,153.95067881860132,151.87516021260205,153.05572509765625,5445900
2019-05-09 00:00:00-04:00,151.24676076231592,152.18932102545747,149.63775035087792,152.15122985839844,6813700
2019-05-10 00:00:00-04:00,151.2467564426699,153.6650224910002,149.73295946459024,153.0081024169922,5192500
2019-05-13 00:00:00-04:00,149.65681005542027,151.11348499111543,148.92370755935977,149.79010009765625,9730000
2019-05-14 00:00:00-04:00,150.52320846507368,153.77930636172567,150.37087283156905,152.53208923339844,9756700
2019-05-15 00:00:00-04:00,151.68472880141695,155.34069651629434,151.4752709557967,154.98841857910156,7547000
2019-05-16 00:00:00-04:00,155.85613403967528,157.90625408462662,155.29354884519333,157.2101593017578,9745500
2019-05-17 00:00:00-04:00,155.70356511443896,157.52483029785373,155.61774999267422,156.46640014648438,4582500
2019-05-20 00:00:00-04:00,155.7608392007318,157.08625985166793,154.78822386231442,155.87525939941406,4747400
2019-05-21 00:00:00-04:00,156.9336969290926,157.20068710458062,155.60827621867946,156.2471466064453,9095700
2019-05-22 00:00:00-04:00,155.9992317318696,157.93491778426846,155.85619192684297,156.6094970703125,5416400
2019-05-23 00:00:00-04:00,155.90383703147907,156.6189922472198,153.3483560445032,154.00628662109375,6138000
2019-05-24 00:00:00-04:00,155.18867602046203,155.81801607878097,154.20653072484436,155.0837860107422,4105600
2019-05-28 00:00:00-04:00,155.80847050180714,158.06837078055656,155.74173025046557,156.1040802001953,10202300
2019-05-29 00:00:00-04:00,155.71314168131767,155.9038468408736,153.97769126465548,155.16961669921875,6456000
2019-05-30 00:00:00-04:00,155.23639195435865,155.903867375656,154.41634656537252,155.1982421875,4750600
2019-05-31 00:00:00-04:00,153.4341553693632,154.59747556442858,153.10041048312348,153.8346405029297,5079000
2019-06-03 00:00:00-04:00,154.03485614870078,155.26493098407403,149.46740562593263,151.23146057128906,8034600
2019-06-04 00:00:00-04:00,152.84297753022204,154.82634322017628,151.27917192562538,154.7882080078125,6684800
2019-06-05 00:00:00-04:00,155.9038336473691,157.7155543346383,155.1314683591136,157.70602416992188,7769300
2019-06-06 00:00:00-04:00,158.17324165744287,159.6226121813106,157.27691160592053,159.1649169921875,13738500
2019-06-07 00:00:00-04:00,160.1947453953767,163.6370259230697,160.00404027511775,162.14950561523438,10528800
2019-06-10 00:00:00-04:00,163.8563745100782,164.0280193434716,162.5881640656374,162.88377380371094,7565900
2019-06-11 00:00:00-04:00,163.9612203725862,164.1805305257532,160.5952249201904,162.3974151611328,6082900
2019-06-12 00:00:00-04:00,162.46417500874978,163.64655547989253,161.81576014243166,163.61795043945312,6772000
2019-06-13 00:00:00-04:00,164.1423956794174,164.19960575864022,160.88129021490988,161.48202514648438,6901400
2019-06-14 00:00:00-04:00,161.88253893956738,162.7121143350496,160.99573890485357,161.77764892578125,4999900
2019-06-17 00:00:00-04:00,161.8443815896859,162.50232668622638,161.17690632865552,161.68228149414062,6410200
2019-06-18 00:00:00-04:00,162.72165938015087,162.74073426163906,159.76569294382523,161.41531372070312,6969300
2019-06-19 00:00:00-04:00,161.52016055739495,163.24606584888775,161.34853031950547,162.759765625,6323900
2019-06-20 00:00:00-04:00,164.49518036658364,165.8587501342093,163.77049520363423,165.6680450439453,11474100
2019-06-21 00:00:00-04:00,165.2199646821131,166.68841063393208,165.11507464627795,165.38206481933594,11728200
2019-06-24 00:00:00-04:00,166.48813493010027,166.61208526977606,164.6954745884198,165.77297973632812,5554900
2019-06-25 00:00:00-04:00,166.68836834638844,166.8123332345283,162.6644273377342,163.32237243652344,9899900
2019-06-26 00:00:00-04:00,163.42729521283763,164.38083565157288,162.8837847286922,163.1126251220703,7129900
2019-06-27 00:00:00-04:00,164.12336961551023,164.3903597645347,162.4070085288876,163.27471923828125,5873400
2019-06-28 00:00:00-04:00,163.97081274035034,165.4869384765625,162.5977122434519,165.4869384765625,8442700
2019-07-01 00:00:00-04:00,167.1842155455298,167.38445085221923,164.7145497638955,165.85879516601562,6103200
2019-07-02 00:00:00-04:00,166.0113348092958,167.1746548783225,165.2484998304454,167.13650512695312,5238100
2019-07-03 00:00:00-04:00,167.82311916677193,168.76712945003914,167.5561290048146,168.65269470214844,4066600
2019-07-05 00:00:00-04:00,167.6896031797721,168.80524362097853,166.402317913065,168.4524383544922,5840400
2019-07-08 00:00:00-04:00,168.10914721053607,168.40474235693685,167.25095226467283,168.00425720214844,6720300
2019-07-09 00:00:00-04:00,167.27957163548723,169.62528722858224,167.1556212875904,169.47271728515625,4894300
2019-07-10 00:00:00-04:00,170.28324393277987,171.88518479783812,170.28324393277987,170.9793243408203,5110600
2019-07-11 00:00:00-04:00,171.75167536503267,172.53358540036515,171.1223498205921,172.34288024902344,6986600
2019-07-12 00:00:00-04:00,172.92455005533236,172.92455005533236,170.60743941527758,171.95193481445312,7196700
2019-07-15 00:00:00-04:00,172.17125667544082,172.6575716037289,171.58006626836203,172.18080139160156,4490400
2019-07-16 00:00:00-04:00,171.99007482232682,172.47638973126146,170.42626917077735,170.9793243408203,6800200
2019-07-17 00:00:00-04:00,171.21772204692104,171.8375320735905,170.69327188585385,170.82676696777344,3994200
2019-07-18 00:00:00-04:00,170.33090320702843,172.22843903375937,170.28322328352058,172.1426239013672,4736300
2019-07-19 00:00:00-04:00,173.39180960779046,173.39180960779046,170.81725304037113,170.91261291503906,5327100
2019-07-22 00:00:00-04:00,171.2940012311112,172.57174190764312,170.81723101898388,172.18080139160156,4862100
2019-07-23 00:00:00-04:00,172.48589219890235,172.84824214347094,170.74091182618884,172.49542236328125,7193000
2019-07-24 00:00:00-04:00,172.39053020754022,174.90787580978704,170.92208466867504,174.81253051757812,8169300
2019-07-25 00:00:00-04:00,175.32746754017234,175.44190228133337,172.8768762942056,173.1533966064453,6085800
2019-07-26 00:00:00-04:00,173.9353529247974,175.27984872914234,173.74464770535766,175.1558837890625,5056300
2019-07-29 00:00:00-04:00,175.3465052045766,175.51815000495054,174.24039509064704,174.69810485839844,4621800
2019-07-30 00:00:00-04:00,174.05921596214898,174.86020076161697,172.8482304240167,173.0961456298828,5236600
2019-07-31 00:00:00-04:00,173.34405911638365,173.59198886965888,167.8802780788444,169.7301483154297,7981200
2019-08-01 00:00:00-04:00,170.8648695555625,173.9257254279527,169.8922544844893,170.84579467773438,8417300
2019-08-02 00:00:00-04:00,169.73019447086912,169.98765445779472,166.5739780140252,169.17713928222656,8264600
2019-08-05 00:00:00-04:00,164.01843133438112,165.43921135573427,159.22212567923887,161.01478576660156,16858300
2019-08-06 00:00:00-04:00,163.80871428020012,164.9148247399285,162.2258481256213,164.46665954589844,10281300
2019-08-07 00:00:00-04:00,163.53215189996808,167.56562305945573,162.42604172459437,167.1746826171875,8292800
2019-08-08 00:00:00-04:00,169.21524433303676,171.58955003548164,168.36659416692672,171.5418701171875,7602800
2019-08-09 00:00:00-04:00,171.32257457501728,171.7326044475005,169.58713888996584,170.73138427734375,5373700
2019-08-12 00:00:00-04:00,169.1961932412724,170.34996885689938,167.4416825803983,168.1472930908203,7394400
2019-08-13 00:00:00-04:00,166.2879023985564,170.60743905498015,166.11627211810728,170.3118438720703,6667700
2019-08-14 00:00:00-04:00,168.05192080569051,169.0149911165545,165.11501540588978,165.44874572753906,7293500
2019-08-15 00:00:00-04:00,166.40368354826032,169.03926145544978,165.69705492051233,168.3230743408203,6698000
2019-08-16 00:00:00-04:00,169.97506027363085,170.69124732534559,169.2111245042959,170.19468688964844,8312200
2019-08-19 00:00:00-04:00,172.28594784282262,172.28594784282262,170.08963806655035,171.63661193847656,5285000
2019-08-20 00:00:00-04:00,171.3406167953757,172.48652795910317,170.44300775439226,171.15919494628906,3793600
2019-08-21 00:00:00-04:00,172.54378746138102,173.49870353382576,172.11407814295345,172.7825164794922,3695900
2019-08-22 00:00:00-04:00,173.7469850191065,174.1098578071725,170.55756867716264,171.97084045410156,6659900
2019-08-23 00:00:00-04:00,171.45521652982356,172.36238405806125,166.38461354621302,167.32997131347656,7051900
2019-08-26 00:00:00-04:00,168.45676305563927,169.65995217010703,167.44455425874133,169.58355712890625,7754400
2019-08-27 00:00:00-04:00,170.2806132601247,171.11138544497913,168.96282463240203,170.33790588378906,4022100
2019-08-28 00:00:00-04:00,169.01061601298798,170.92044832857053,168.0938900903281,170.6148681640625,4401900
2019-08-29 00:00:00-04:00,172.26690757977184,173.2122800330116,171.22605223190837,173.002197265625,4679200
2019-08-30 00:00:00-04:00,173.78520369161612,173.96662552926293,171.56979112369606,172.66795349121094,4061200
2019-09-03 00:00:00-04:00,172.38149873786145,173.07858357393033,171.025519307469,171.12100219726562,4644000
2019-09-04 00:00:00-04:00,172.7443624009696,173.9857565738391,171.9326922435733,173.5751495361328,4154800
2019-09-05 00:00:00-04:00,175.4467409501895,177.30882453690688,175.11252903870206,176.4016571044922,6386800
2019-09-06 00:00:00-04:00,176.41121847365028,178.2924044940311,176.22978207003015,177.3661346435547,7990900
2019-09-09 00:00:00-04:00,178.49289983268696,178.61704357735275,171.41696866225496,173.36500549316406,7290500
2019-09-10 00:00:00-04:00,171.3215162931911,171.59843557573393,165.97397982743024,168.39947509765625,15255200
2019-09-11 00:00:00-04:00,169.40214322102258,169.9082476866733,166.58514309294307,167.09124755859375,9113600
2019-09-12 00:00:00-04:00,168.8769633373594,171.32154687666284,168.71461473452388,169.9560089111328,7748800
2019-09-13 00:00:00-04:00,170.59582046643516,170.7104203503068,168.0844000742886,169.27804565429688,6103200
2019-09-16 00:00:00-04:00,168.22758072507324,169.2111432192087,167.59733255285113,168.1702880859375,4253600
2019-09-17 00:00:00-04:00,168.85779155200007,170.22331438561207,167.14848381787758,168.4949188232422,5924700
2019-09-18 00:00:00-04:00,169.10605862016897,169.19199755689974,165.03812200211135,167.38720703125,9542500
2019-09-19 00:00:00-04:00,168.25619382672875,169.41164858102073,167.69279689196975,168.0270233154297,6964500
2019-09-20 00:00:00-04:00,169.40212405528203,169.62176526712318,166.1076661571747,166.21270751953125,12820400
2019-09-23 00:00:00-04:00,165.10500788458634,167.3490668200775,164.99996651801303,167.02439880371094,8803500
2019-09-24 00:00:00-04:00,168.17031835621978,169.21117367684266,165.5824886461576,166.61380004882812,10039900
2019-09-25 00:00:00-04:00,165.96438360041708,167.75007164132805,164.617948706589,167.37765502929688,7797300
2019-09-26 00:00:00-04:00,167.73098754882812,168.49492325378745,166.73788133198414,167.73098754882812,10419000
2019-09-27 00:00:00-04:00,168.73366597220942,168.85780972348334,164.58933374218256,166.1553955078125,9212600
2019-09-30 00:00:00-04:00,166.3177648502976,167.5400565091473,164.25514221191406,164.25514221191406,16464000
2019-10-01 00:00:00-04:00,165.21959426634513,166.93844622881122,165.02861395292976,166.4323272705078,8146200
2019-10-02 00:00:00-04:00,164.8567282645424,165.14320603190237,160.98931483234426,162.1734161376953,10596200
2019-10-03 00:00:00-04:00,162.24979625657164,165.33417114567465,161.0275048277363,165.0763397216797,7242800
2019-10-04 00:00:00-04:00,166.80473350381698,168.56179016111693,166.5755629704592,168.04612731933594,6027600
2019-10-07 00:00:00-04:00,166.78570670212196,167.76926945664752,165.96447799174572,167.01487731933594,5248300
2019-10-08 00:00:00-04:00,165.74476853096152,166.76652102120218,164.1309582431944,164.6466064453125,5336500
2019-10-09 00:00:00-04:00,166.26046846608605,168.05571567439807,165.81165666400804,166.99575805664062,6277300
2019-10-10 00:00:00-04:00,166.0503857259276,167.96976213824917,165.76390793745102,166.99575805664062,4762400
2019-10-11 00:00:00-04:00,168.89601721084009,171.12097362076344,168.8769293785884,169.07745361328125,8754400
2019-10-14 00:00:00-04:00,169.38303978172257,170.3666022995161,169.12520832854554,169.3639373779297,7240900
2019-10-15 00:00:00-04:00,170.09925595764722,171.34063556959683,169.54540272005605,170.69129943847656,4400200
2019-10-16 00:00:00-04:00,169.8986245606799,170.2232924493814,168.32301925250076,169.8508758544922,6509000
2019-10-17 00:00:00-04:00,170.82496843223686,171.1114462231752,169.49763541939288,169.9178009033203,4887900
2019-10-18 00:00:00-04:00,169.87958429372702,170.16606206476686,166.68062380123212,167.788330078125,6311900
2019-10-21 00:00:00-04:00,168.06520795300955,168.7622925197917,166.73787535939692,168.47581481933594,4898200
2019-10-22 00:00:00-04:00,169.02016730369982,169.77454469008947,163.08058737741473,163.156982421875,10094700
2019-10-23 00:00:00-04:00,163.28111311353078,164.40790714463034,162.50761881439306,163.5962371826172,7122300
2019-10-24 00:00:00-04:00,165.60157235631993,168.89603046545236,165.5824699517048,168.21804809570312,7872600
2019-10-25 00:00:00-04:00,167.04346507317956,171.07321214934746,165.6779420548685,169.8318328857422,10130100
2019-10-28 00:00:00-04:00,170.86316986998037,172.05681526806896,170.3093312276299,171.73214721679688,10086500
2019-10-29 00:00:00-04:00,171.69390060134444,171.8848808881589,169.3734471325061,169.62173461914062,7572800
2019-10-30 00:00:00-04:00,169.7745778721548,171.3310962441628,168.43770075997278,171.16876220703125,5374800
2019-10-31 00:00:00-04:00,171.16872715628503,171.5984365278601,169.98462583449037,170.7963104248047,6830800
2019-11-01 00:00:00-04:00,172.00901286496017,173.14536516443601,171.46470378536816,172.77293395996094,7000200
2019-11-04 00:00:00-05:00,173.87110918700762,174.1766747339529,170.74852974840138,170.88221740722656,7154800
2019-11-05 00:00:00-05:00,170.99681822885017,171.46471775202176,167.28218093315792,168.4185333251953,7447500
2019-11-06 00:00:00-05:00,168.4185923436236,170.15654709832177,168.1989656625011,168.80056762695312,6992500
2019-11-07 00:00:00-05:00,169.35438453571928,172.50559616481507,168.87692646211516,170.38568115234375,7227200
2019-11-08 00:00:00-05:00,170.3379244558582,171.35967702128318,169.7840714152814,170.9013214111328,3894100
2019-11-11 00:00:00-05:00,170.4525417562124,172.22868647163273,170.16606398194494,171.44564819335938,3617300
2019-11-12 00:00:00-05:00,171.8275922297041,172.8970935172681,170.81538357242212,171.63661193847656,6118700
2019-11-13 00:00:00-05:00,171.3119136832247,172.72519976441802,169.8795397742651,171.32147216796875,6138300
2019-11-14 00:00:00-05:00,171.21628338173136,171.952804441613,170.31715642984682,171.9336700439453,9811000
2019-11-15 00:00:00-05:00,172.20155447764182,172.82328396791866,171.29286730136255,171.95286560058594,7808800
2019-11-18 00:00:00-05:00,171.76148181191036,172.4788683804053,171.19712661895798,171.84756469726562,7173700
2019-11-19 00:00:00-05:00,172.54586047997978,175.023232553118,172.36412016811846,174.82237243652344,8549900
2019-11-20 00:00:00-05:00,174.38241064657007,175.2528436147063,172.5076476639566,173.76068115234375,6040500
2019-11-21 00:00:00-05:00,173.29196601145946,173.9041355406267,171.5224205357957,172.067626953125,5112200
2019-11-22 00:00:00-05:00,172.29716686222235,172.62237867687918,170.59457019105372,171.66586303710938,6865600
2019-11-25 00:00:00-05:00,172.55541080853345,173.464112317423,172.27802770258347,173.1006317138672,5457800
2019-11-26 00:00:00-05:00,173.56927922841484,174.9657834451106,173.33015039450308,174.61187744140625,7079000
2019-11-27 00:00:00-05:00,175.04236145181378,176.51538910987185,174.33453462661842,176.352783203125,11452700
2019-11-29 00:00:00-05:00,175.9319287277315,176.81193603073854,175.3867223588751,176.48670959472656,3139100
2019-12-02 00:00:00-05:00,176.22846980743054,176.3528069321021,172.04848598936928,173.88499450683594,6883200
2019-12-03 00:00:00-05:00,172.07718750593804,174.21978816374192,171.84763305367997,173.99021911621094,4543300
2019-12-04 00:00:00-05:00,174.71715455017042,174.71715455017042,172.62238291243287,172.74673461914062,10650400
2019-12-05 00:00:00-05:00,173.3684671447793,174.11454820818068,172.23978564716683,173.9806365966797,4638600
2019-12-06 00:00:00-05:00,174.79361857696006,175.3101304389122,173.45448834310292,174.24839782714844,14526700
2019-12-09 00:00:00-05:00,173.9902007252896,175.29106266658383,173.4163000600333,174.96585083007812,10233100
2019-12-10 00:00:00-05:00,174.61191611474212,175.1858166860793,173.9901722517073,174.3345184326172,8625700
2019-12-11 00:00:00-05:00,175.109270695568,175.11883059469392,173.31101718181588,174.09535217285156,7138800
2019-12-12 00:00:00-05:00,173.7606169021767,175.3579961062484,172.96670725070354,174.697998046875,11192100
2019-12-13 00:00:00-05:00,174.56410891976526,177.45279031568867,174.12410529180178,177.0893096923828,8558100
2019-12-16 00:00:00-05:00,178.22754713145798,178.6962450130088,177.6919007498395,178.14146423339844,8249900
2019-12-17 00:00:00-05:00,178.39020124542708,178.65802450862944,176.09456910504292,177.45281982421875,10208700
2019-12-18 00:00:00-05:00,177.45279085000186,178.3327835133077,176.8597412109375,176.8597412109375,8968500
2019-12-19 00:00:00-05:00,176.4771053534597,178.46665929532654,176.4771053534597,178.4283905029297,5854200
2019-12-20 00:00:00-05:00,179.44233550457037,179.98754181646856,178.1988622839897,179.82493591308594,11259500
2019-12-23 00:00:00-05:00,179.96837973423,180.21708309725193,178.86839278249823,178.94491577148438,5831700
2019-12-24 00:00:00-05:00,178.96408698196507,179.84407964342594,178.78234667014596,179.4136505126953,2420900
2019-12-26 00:00:00-05:00,179.71973027877536,180.95362908232175,179.53798996458744,180.93450927734375,5237000
2019-12-27 00:00:00-05:00,181.48929683606914,181.63276835506642,180.27451779256353,181.15451049804688,5448600
2019-12-30 00:00:00-05:00,181.0779773476504,181.24058325849722,178.9832057159857,179.66233825683594,4833600
2019-12-31 00:00:00-05:00,178.9257937586043,179.824920697334,178.42840159340452,179.72926330566406,5273000
2020-01-02 00:00:00-05:00,180.78145664274697,182.82839953626672,180.5136334301571,182.80926513671875,8733000
2020-01-03 00:00:00-05:00,180.21712121266893,182.65623909462317,179.74842327922593,181.35537719726562,4899700
2020-01-06 00:00:00-05:00,179.82489436843503,180.98228441900028,179.02142493901454,180.96315002441406,10109500
2020-01-07 00:00:00-05:00,181.34579781846904,181.83363013889192,180.39885666992203,180.4849395751953,4392300
2020-01-08 00:00:00-05:00,181.25013710623222,184.12924366192178,180.5901390404607,183.574462890625,5712000
2020-01-09 00:00:00-05:00,184.6075507357697,185.48754352670437,184.14842723512402,184.8466796875,6748000
2020-01-10 00:00:00-05:00,185.08576136961665,186.1092400273639,184.71272088400028,185.34402465820312,6586400
2020-01-13 00:00:00-05:00,185.98488339629168,187.0944449223552,185.83183740746867,186.836181640625,11290500
2020-01-14 00:00:00-05:00,188.18491581195556,188.385775948134,186.6544847583732,187.52491760253906,6236500
2020-01-15 00:00:00-05:00,188.4335999446468,191.44661867418088,187.78317625006073,191.11184692382812,10831100
2020-01-16 00:00:00-05:00,192.25965121270357,192.73790905154112,191.09270091831823,192.21182250976562,9983700
2020-01-17 00:00:00-05:00,192.98657842801185,195.84656527038433,191.28398186092627,195.79873657226562,12518900
2020-01-21 00:00:00-05:00,195.2535446794833,199.32829610200127,194.9378927629454,198.276123046875,14861700
2020-01-22 00:00:00-05:00,198.4865481205669,200.99262893273968,198.2761135196531,198.85958862304688,8065000
2020-01-23 00:00:00-05:00,198.859547377584,199.33780508132543,196.37261607528862,197.53956604003906,8520800
2020-01-24 00:00:00-05:00,198.40052106082894,198.94574211536474,195.33011327512654,196.08575439453125,7812900
2020-01-27 00:00:00-05:00,191.30310314242232,194.48830156117586,190.44224501638882,192.91961669921875,7198900
2020-01-28 00:00:00-05:00,193.5892169258014,194.97616180747306,193.00574174996095,194.0292205810547,7215700
2020-01-29 00:00:00-05:00,195.41612062013527,196.96567106798398,193.70394969257583,195.95176696777344,7041700
2020-01-30 00:00:00-05:00,195.12919066127841,199.4335110435125,194.47876703147062,199.1561279296875,8571900
2020-01-31 00:00:00-05:00,192.72830945045192,195.11002365629878,189.6387539393597,190.31788635253906,16699600
2020-02-03 00:00:00-05:00,191.24574740579047,193.4648561939812,191.1596644974504,192.07791137695312,10885900
2020-02-04 00:00:00-05:00,194.65093964187872,196.00919014740674,193.4361606493297,194.7083282470703,10205900
2020-02-05 00:00:00-05:00,196.56395024706282,196.65960764246842,191.2552858979788,193.9909210205078,8672400
2020-02-06 00:00:00-05:00,194.220511997786,195.73180852560068,193.67529105374084,194.2109375,7001200
2020-02-07 00:00:00-05:00,193.19697390097608,194.96653320614456,192.34567578982185,193.92393493652344,5691100
2020-02-10 00:00:00-05:00,193.18744204676,197.16655013969833,193.08222475503865,197.0326385498047,6239500
2020-02-11 00:00:00-05:00,198.47700130755416,198.6396072198435,194.78485024158834,195.07180786132812,10231900
2020-02-12 00:00:00-05:00,196.0857010054147,199.09871935348747,196.0857010054147,198.4196014404297,7355800
2020-02-13 00:00:00-05:00,197.92149380797957,199.6936164496146,197.37549785543607,198.6686553955078,9495300
2020-02-14 00:00:00-05:00,199.5211944447326,201.90637321559925,199.2529833319134,201.43699645996094,6548800
2020-02-18 00:00:00-05:00,201.1591766987306,202.59602796086438,200.54612074487645,202.30865478515625,7651500
2020-02-19 00:00:00-05:00,203.57312912639424,205.1536599648754,202.80680538612077,204.32986450195312,5927500
2020-02-20 00:00:00-05:00,203.19952168912275,204.6938447478412,199.51159739398705,202.5481414794922,8531900
2020-02-21 00:00:00-05:00,201.06342627246747,201.36996162697272,198.68783574069263,200.01931762695312,9231500
2020-02-24 00:00:00-05:00,189.5590222932424,195.1914846718528,185.84236185386996,190.42112731933594,13316800
2020-02-25 00:00:00-05:00,190.42111074138205,191.4748075627922,179.8171555314069,180.46852111816406,18539000
2020-02-26 00:00:00-05:00,182.00118102582974,185.36340810813667,179.1562140267975,179.32864379882812,14214700
2020-02-27 00:00:00-05:00,174.45293449484438,178.49527809390813,172.42218894672308,172.4317626953125,17536600
2020-02-28 00:00:00-05:00,166.47360597302745,174.6540885809812,165.6977085127724,174.1080780029297,22659000
2020-03-02 00:00:00-05:00,178.47608419410423,184.33843241686904,175.39164244667933,184.23306274414062,17434500
2020-03-03 00:00:00-05:00,185.0665031343494,185.87113660926983,176.73276587801791,177.91098022460938,15226400
2020-03-04 00:00:00-05:00,182.34603649814062,186.30217233909562,178.3324289353215,186.11058044433594,10789100
2020-03-05 00:00:00-05:00,183.1889717507637,183.84033734110233,177.82472091184758,179.0891571044922,10106900
2020-03-06 00:00:00-05:00,175.8131317684998,178.16000076024974,172.4030067670848,176.59861755371094,15183200
2020-03-09 00:00:00-04:00,164.00221671039816,172.01026868185392,161.22429537814713,163.9255828857422,20486400
2020-03-10 00:00:00-04:00,171.91448506878385,174.92229347417785,164.64402034917975,174.9127197265625,16119400
2020-03-11 00:00:00-04:00,170.17109195517418,171.20562669887505,163.03473305113835,165.66896057128906,14598200
2020-03-12 00:00:00-04:00,151.82725917626752,164.7589184751925,150.38083439807116,153.3407440185547,27467700
2020-03-13 00:00:00-04:00,161.617043047021,168.8970958250125,155.38111337161234,168.42771911621094,19948900
2020-03-16 00:00:00-04:00,144.7771350812512,158.35058848399737,141.7501648622888,145.61050415039062,23692000
2020-03-17 00:00:00-04:00,149.19305844930926,156.8083673377261,142.96670287999618,151.2429656982422,22298000
2020-03-18 00:00:00-04:00,142.21002425198333,144.33655155365136,133.91459602137283,142.2291717529297,22787500
2020-03-19 00:00:00-04:00,140.73480962835595,150.62992846358978,135.51425223286785,145.84042358398438,19362800
2020-03-20 00:00:00-04:00,148.30223958567453,151.5974067423314,139.5374366806161,140.6486053466797,18692100
2020-03-23 00:00:00-04:00,135.38012917395773,137.3150929876893,128.29165409895595,130.0254669189453,30344100
2020-03-24 00:00:00-04:00,138.7423812868703,148.71413448905028,137.53543125437392,148.02444458007812,24488300
2020-03-25 00:00:00-04:00,152.61276468785434,161.09975186733772,147.11440875411046,154.9691925048828,20619600
2020-03-26 00:00:00-04:00,155.25660966237317,162.39296982471302,154.9788101624409,161.7703399658203,17062900
2020-03-27 00:00:00-04:00,154.2986802838815,160.06524785269917,151.4920230180114,154.7584686279297,14950700
2020-03-30 00:00:00-04:00,154.260365574668,158.8870290076512,153.9251090054543,158.59967041015625,15714500
2020-03-31 00:00:00-04:00,159.4234418635805,161.10935682420936,153.78140607318426,154.3369903564453,20613100
2020-04-01 00:00:00-04:00,149.73908356963213,151.41541023268914,145.04536014322736,146.66421508789062,12595200
2020-04-02 00:00:00-04:00,146.10863863261676,151.6836294788691,144.92083612849873,150.7640380859375,14051100
2020-04-03 00:00:00-04:00,149.01103308648393,151.08010214159415,144.25985371890306,145.4572296142578,11994700
2020-04-06 00:00:00-04:00,153.28330737903332,163.5424179177404,151.58781867940874,162.30673217773438,16479100
2020-04-07 00:00:00-04:00,170.27650562976658,171.2727310253945,161.02319149513883,161.4925537109375,15379000
2020-04-08 00:00:00-04:00,163.8106071289212,168.59053728311568,160.86027097249797,167.57516479492188,11146500
2020-04-09 00:00:00-04:00,168.84924011915007,169.73050742483022,165.57321993398733,166.3778533935547,12231800
2020-04-13 00:00:00-04:00,165.00798111705853,165.06546744094837,159.1552068369682,161.8756561279297,14043700
2020-04-14 00:00:00-04:00,165.80304394460842,168.04452828137,163.6381934248822,167.2686309814453,9980500
2020-04-15 00:00:00-04:00,161.59789064492193,162.23010879278308,158.00576200899565,158.97325134277344,12118700
2020-04-16 00:00:00-04:00,160.0748176252723,160.92734882905563,153.0725644880618,155.58226013183594,20308200
2020-04-17 00:00:00-04:00,162.50789654866313,163.79149497932445,158.00576483441142,162.40252685546875,15375800
2020-04-20 00:00:00-04:00,160.28559153654595,160.3813728759343,156.3294553478976,157.3065185546875,10505200
2020-04-21 00:00:00-04:00,155.17995086542513,155.7259614121239,152.44992736474788,153.77183532714844,10562100
2020-04-22 00:00:00-04:00,157.72799439278342,160.6400072272614,156.0612412616929,159.5767364501953,14502500
2020-04-23 00:00:00-04:00,160.8124159987253,163.23590423043316,159.21272316783094,159.3755645751953,11411300
2020-04-24 00:00:00-04:00,161.34884541021265,161.64579237906872,157.10533641566934,160.2760009765625,8391400
2020-04-27 00:00:00-04:00,161.54999534386357,165.09424068303045,161.45421401516742,164.52906799316406,9903300
2020-04-28 00:00:00-04:00,167.63265567974452,167.64222942673376,163.2071582470497,164.04052734375,8614400
2020-04-29 00:00:00-04:00,169.40480664923058,174.57746647603042,168.6863808612634,174.13682556152344,12862800
2020-04-30 00:00:00-04:00,174.1271882099148,174.1750861682324,170.18064200014476,171.19601440429688,11331600
2020-05-01 00:00:00-04:00,167.10577590937172,172.07728293209777,166.93336079747377,168.1786346435547,10109600
2020-05-04 00:00:00-04:00,165.66895771449862,169.49098756700815,164.49074370021526,168.73423767089844,9386200
2020-05-05 00:00:00-04:00,171.55045561879177,173.47584563577863,170.7553961783235,170.92782592773438,13513000
2020-05-06 00:00:00-04:00,172.1539539809225,172.91068927416975,170.39141980149475,171.25352478027344,8540500
2020-05-07 00:00:00-04:00,174.09846873058936,177.19248419232744,174.06015913017544,175.0276336669922,9262200
2020-05-08 00:00:00-04:00,177.24037985442212,177.9300695841685,175.88973624896826,177.2978515625,6470100
2020-05-11 00:00:00-04:00,176.12926816529577,176.8476939804473,173.79198717471047,175.8323211669922,8683100
2020-05-12 00:00:00-04:00,175.83230123943176,176.2442062606365,171.81869380169945,171.91448974609375,8219700
2020-05-13 00:00:00-04:00,171.2715910706485,173.75670476060748,167.95169832555516,169.91868591308594,13377100
2020-05-14 00:00:00-04:00,168.81526653722176,173.71833635120086,166.7811211706227,173.57440185546875,9695100
2020-05-15 00:00:00-04:00,172.69163866644203,176.68318142853659,171.62658794484656,176.05950927734375,10785900
2020-05-18 00:00:00-04:00,180.38691944367372,185.021329822457,179.8783830228957,183.6300506591797,11802200
2020-05-19 00:00:00-04:00,183.39978171070442,186.6237190365077,181.56712368090388,181.69186401367188,7446800
2020-05-20 00:00:00-04:00,185.18443827057928,187.09385821569302,184.61833391610273,186.00961303710938,9545600
2020-05-21 00:00:00-04:00,185.66418115645968,185.77931704883895,182.32510850952676,182.9008026123047,11338100
2020-05-22 00:00:00-04:00,183.2653878043693,183.62039983911848,181.56706047762614,183.1310577392578,5807600
2020-05-26 00:00:00-04:00,187.8710472715343,188.32201570961473,184.9541444107212,185.39552307128906,9662200
2020-05-27 00:00:00-04:00,186.44137150236668,186.44137150236668,180.88584526686984,185.01171875,7650300
2020-05-28 00:00:00-04:00,185.70258785856328,190.26023652513155,184.9062116071199,186.3934326171875,8352200
2020-05-29 00:00:00-04:00,186.62368614319269,188.77298219519926,185.45308909997001,187.33372497558594,10211900
2020-06-01 00:00:00-04:00,186.82520445215133,187.94782342182282,185.68339128514245,186.4797821044922,6011300
2020-06-02 00:00:00-04:00,188.00538069577772,189.52140009991288,187.02668165951184,188.4083709716797,8462100
2020-06-03 00:00:00-04:00,189.98198087873018,190.11631098664546,187.65039086829722,188.89773559570312,8879400
2020-06-04 00:00:00-04:00,188.04372995098592,188.50430275563116,185.29954588038166,185.79849243164062,7829800
2020-06-05 00:00:00-04:00,188.25483386179533,191.68027293498497,187.5639892527635,191.52674865722656,8561200
2020-06-08 00:00:00-04:00,191.4979566847681,191.86257316899096,189.14717301321843,191.51715087890625,7628100
2020-06-09 00:00:00-04:00,190.32735915728747,193.50331747653414,190.21222327457025,191.01820373535156,6892300
2020-06-10 00:00:00-04:00,191.80502713902823,193.9926971795108,190.893500395641,192.36154174804688,8405300
2020-06-11 00:00:00-04:00,187.23775668264736,188.4083536511265,181.1065219042141,181.23126220703125,11974600
2020-06-12 00:00:00-04:00,186.34545732112298,187.1034597674229,180.24300543230402,184.4744110107422,11706300
2020-06-15 00:00:00-04:00,179.42740636465626,184.68548882605592,178.6694039776172,183.99464416503906,6752700
2020-06-16 00:00:00-04:00,188.88811515850625,190.346566551211,184.03302322217533,185.0692901611328,11057200
2020-06-17 00:00:00-04:00,185.81771232256978,187.45845741327088,185.2420035575871,185.7217559814453,5968900
2020-06-18 00:00:00-04:00,184.80063767455104,186.38381480106446,184.3304750331642,186.05758666992188,5803200
2020-06-19 00:00:00-04:00,188.9168730480105,189.11837546979862,183.62040319378892,184.4167938232422,11483300
2020-06-22 00:00:00-04:00,184.21534805694466,188.40837971737923,183.5436829250482,187.06507873535156,6674500
2020-06-23 00:00:00-04:00,188.30283643752867,192.04489968745,187.89025635856322,189.95318603515625,9866800
2020-06-24 00:00:00-04:00,189.0416358786704,189.48299987863217,182.96796886360568,183.6588134765625,9453100
2020-06-25 00:00:00-04:00,183.36137667899555,186.37422122357012,182.20995918404444,186.12474060058594,9936600
2020-06-26 00:00:00-04:00,185.28040484703357,186.26869373770182,181.4231909912811,181.60549926757812,11836000
2020-06-29 00:00:00-04:00,182.21957729864204,183.69720838826672,179.7152689483898,183.6300506591797,8020400
2020-06-30 00:00:00-04:00,183.73560345009014,185.90407931094762,182.45946014230125,185.34756469726562,9040100
2020-07-01 00:00:00-04:00,186.00004896412608,187.43930645528758,184.85823567859646,185.93287658691406,6394100
2020-07-02 00:00:00-04:00,188.06296100676346,189.90520866380132,187.10345610366775,187.74632263183594,6299300
2020-07-06 00:00:00-04:00,190.68238403150508,191.11415826157832,187.75589147519312,189.7516632080078,7292200
2020-07-07 00:00:00-04:00,188.84015428555236,190.8455159836338,185.96163962733235,186.33584594726562,7660100
2020-07-08 00:00:00-04:00,187.18024407651114,187.6024286346598,185.2996077649994,187.170654296875,8368000
2020-07-09 00:00:00-04:00,187.1034185608504,187.57358113974573,182.25791684430365,184.42640686035156,8548200
2020-07-10 00:00:00-04:00,183.88907672392767,185.0117101485699,181.76857945711538,184.7526397705078,7674200
2020-07-13 00:00:00-04:00,185.7697397137887,187.28575917547474,181.05856725664117,181.36561584472656,8564100
2020-07-14 00:00:00-04:00,181.82614795097896,185.63538293420396,179.60008992997237,185.5010528564453,8003900
2020-07-15 00:00:00-04:00,187.32409922914331,189.76124937576242,186.6236648947943,188.5906524658203,7681100
2020-07-16 00:00:00-04:00,187.42006476269313,187.7846812531412,184.72385875502533,185.66416931152344,5064000
2020-07-17 00:00:00-04:00,186.94030760142317,187.65034636967607,185.29954807729183,187.1897735595703,6395000
2020-07-20 00:00:00-04:00,186.85397349227313,191.4020169585584,185.82729630958644,190.43292236328125,6985300
2020-07-21 00:00:00-04:00,191.9009439900383,192.06405803552423,187.75587657223102,188.5234832763672,7218700
2020-07-22 00:00:00-04:00,188.52348767560886,190.94144372575337,188.3028056843171,190.80711364746094,6823400
2020-07-23 00:00:00-04:00,190.4041526436672,192.812504645958,188.4755384453161,189.43504333496094,6106700
2020-07-24 00:00:00-04:00,187.74629153712414,189.4829927815521,186.1727043423014,187.24734497070312,7160300
2020-07-27 00:00:00-04:00,187.25696276910273,189.79964466652405,186.33583170687976,188.93609619140625,5604700
2020-07-28 00:00:00-04:00,189.68450636870045,191.29646740604755,188.7441957635813,188.77297973632812,6897300
2020-07-29 00:00:00-04:00,185.2707807163246,190.83591155653565,185.23240696581567,190.53846740722656,9471300
2020-07-30 00:00:00-04:00,187.29529645892518,188.6002233107819,184.34002051087083,186.2014617919922,10499400
2020-07-31 00:00:00-04:00,186.5469260140431,186.80599641581563,181.76859609281655,182.68971252441406,14180800
2020-08-03 00:00:00-04:00,184.03302271042904,185.51065365355424,182.50741359935117,182.9679718017578,11405200
2020-08-04 00:00:00-04:00,183.3901897069331,185.12689136109313,182.38270655967537,184.50320434570312,8204000
2020-08-05 00:00:00-04:00,185.72175453616902,190.1546622130399,185.2803905085481,188.15890502929688,8876800
2020-08-06 00:00:00-04:00,188.04373769608534,190.8646840169856,186.90192469563706,190.72076416015625,7480300
2020-08-07 00:00:00-04:00,189.58855782545558,189.96276412742753,187.39129818380113,188.4083709716797,5654000
2020-08-10 00:00:00-04:00,188.40838853588264,190.27942022016768,187.42009962980174,188.8209686279297,5525400
2020-08-11 00:00:00-04:00,189.80925441527813,194.6739363392524,188.3891767111006,189.7612762451172,11549600
2020-08-12 00:00:00-04:00,190.94146733591177,192.12165421547564,190.21224891228118,190.69200134277344,5432500
2020-08-13 00:00:00-04:00,189.43314307010434,192.13342540338067,189.33704166470733,189.86557006835938,7014800
2020-08-14 00:00:00-04:00,189.31778323747798,190.33640809096616,188.12620814507906,188.9622344970703,5014400
2020-08-17 00:00:00-04:00,189.59651589786904,192.63313868192077,189.02955569347804,191.64334106445312,6256200
2020-08-18 00:00:00-04:00,192.17181275606646,192.28713734849407,189.13520553170403,191.23968505859375,6519900
2020-08-19 00:00:00-04:00,191.15322577677065,194.92016877863276,191.13400256520106,193.1424102783203,9467600
2020-08-20 00:00:00-04:00,192.09497108180128,196.45771663845952,191.80669620348854,196.1790313720703,8849200
2020-08-21 00:00:00-04:00,196.51538463090967,197.13039551707257,195.4006728175469,196.1598358154297,9998300
2020-08-24 00:00:00-04:00,197.00543810219713,198.3892160615103,196.67871682375207,198.3507843017578,6159600
2020-08-25 00:00:00-04:00,199.10035007195108,200.0709097394652,197.51476487688467,199.97482299804688,5828300
2020-08-26 00:00:00-04:00,199.974838666945,202.5694154967861,199.20607136028403,202.0504913330078,7035200
2020-08-27 00:00:00-04:00,202.96338486029768,203.8954980549332,200.88771779606492,202.7904052734375,8619600
2020-08-28 00:00:00-04:00,203.72252334001874,207.72010090204063,202.9729793800164,207.2876739501953,7349800
2020-08-31 00:00:00-04:00,207.12431627190543,207.5279304351898,203.29971796296286,203.7129364013672,9326900
2020-09-01 00:00:00-04:00,203.92434787783245,205.53874587985578,202.87689536852693,205.01983642578125,5642900
2020-09-02 00:00:00-04:00,205.76939713606188,208.8636748872069,205.4234525842874,208.0276336669922,9863800
2020-09-03 00:00:00-04:00,206.53811334348876,206.53811334348876,199.0042273925856,200.8012237548828,11310200
2020-09-04 00:00:00-04:00,200.34958922357072,202.28110422753295,192.33521033973796,196.66912841796875,13243600
2020-09-08 00:00:00-04:00,192.940615279917,194.35322082682936,191.43192299517622,192.30638122558594,14186900
2020-09-09 00:00:00-04:00,196.3712145353922,198.2354554350996,194.06491309844304,196.092529296875,7532600
2020-09-10 00:00:00-04:00,196.8612921491004,198.91773578763073,192.62347599797982,193.67091369628906,7243000
2020-09-11 00:00:00-04:00,193.7093815537856,194.50697625525237,191.14363252432776,192.84451293945312,7439000
2020-09-14 00:00:00-04:00,195.41030656042795,198.35082804088748,195.20849945393763,196.97665405273438,11730500
2020-09-15 00:00:00-04:00,198.67748988350232,200.0804909433533,196.7748026712773,197.37059020996094,6328600
2020-09-16 00:00:00-04:00,198.6679735114257,199.63853342532394,196.94785471129575,197.12083435058594,6135000
2020-09-17 00:00:00-04:00,194.92978477742128,197.55318859107908,194.11296692268954,197.2552947998047,7474900
2020-09-18 00:00:00-04:00,197.44750598711727,197.68774483562808,193.8439232594549,194.6991729736328,9084100
2020-09-21 00:00:00-04:00,192.1045877184676,193.39226436955622,187.0980038885279,189.74063110351562,9656000
2020-09-22 00:00:00-04:00,190.35561124590103,192.8733238301292,189.11598549485572,192.7291717529297,7543100
2020-09-23 00:00:00-04:00,192.9598472534312,193.23851786770547,186.97309921704993,187.74185180664062,6310600
2020-09-24 00:00:00-04:00,187.53043812246656,189.95204980612237,185.5893187958762,187.88600158691406,9865300
2020-09-25 00:00:00-04:00,187.4055052004089,190.4036810200671,185.95445332478104,189.54843139648438,5496100
2020-09-28 00:00:00-04:00,192.79645945981977,193.84389717927868,192.0276923154136,192.49856567382812,5565300
2020-09-29 00:00:00-04:00,192.74842736378505,194.47814993986,191.58566492950226,191.65293884277344,5513500
2020-09-30 00:00:00-04:00,193.00787679677393,194.63187892780994,191.1243979675228,192.1622314453125,9157600
2020-10-01 00:00:00-04:00,194.31477462319128,197.18802154088834,193.76702307251819,195.41026306152344,7234600
2020-10-02 00:00:00-04:00,192.19105402963882,194.91055920371988,191.61447500234442,193.59405517578125,6019700
2020-10-05 00:00:00-04:00,194.79525448052436,195.69854014172412,193.20006517023228,195.59283447265625,6090500
2020-10-06 00:00:00-04:00,196.14063595352448,197.09198721728433,191.9124374406276,192.62353515625,5841100
2020-10-07 00:00:00-04:00,194.11297080715656,194.87211904324045,192.18145593078037,194.5646209716797,6713400
2020-10-08 00:00:00-04:00,196.03489660625368,196.32318615151303,194.33400148593748,195.05471801757812,3955600
2020-10-09 00:00:00-04:00,196.03491651639126,198.99466113316157,195.7274037267449,198.57183837890625,5562900
2020-10-12 00:00:00-04:00,198.86008004762346,199.84986277345448,197.69731775353333,198.34115600585938,6622700
2020-10-13 00:00:00-04:00,195.43912202591596,197.197672240197,195.10278175680142,196.34242248535156,5621700
2020-10-14 00:00:00-04:00,196.71718318027712,196.96702630152032,193.27696114477266,194.30517578125,5320000
2020-10-15 00:00:00-04:00,193.16165376725235,196.7075817980249,189.88480675808484,191.7586669921875,8885500
2020-10-16 00:00:00-04:00,192.1814553368561,194.73758528579364,191.62409950442205,192.44090270996094,6385900
2020-10-19 00:00:00-04:00,193.00791567295863,193.21932705340706,188.82775343402156,189.27940368652344,7449600
2020-10-20 00:00:00-04:00,189.83672804447178,191.86434437377164,189.02952908779693,189.98086547851562,7427000
2020-10-21 00:00:00-04:00,190.10579339184238,192.59466416037802,190.10579339184238,190.68235778808594,6067200
2020-10-22 00:00:00-04:00,191.5568175431995,191.97003592876115,188.11659596120825,190.25953674316406,4908200
2020-10-23 00:00:00-04:00,191.9508457912874,192.0757746884732,188.36648616826358,190.27877807617188,5877200
2020-10-26 00:00:00-04:00,188.34725420839712,188.75085370785325,183.273410982355,185.5316619873047,12608700
2020-10-27 00:00:00-04:00,185.46437105624605,186.13703682695606,181.83196123139803,182.63916015625,8690400
2020-10-28 00:00:00-04:00,176.7965860615093,177.48847518389488,172.3377531967005,173.80801391601562,17809500
2020-10-29 00:00:00-04:00,175.85485810076892,179.6986801357584,172.33775741962936,177.65184020996094,16820900
2020-10-30 00:00:00-04:00,175.52813918840445,177.02722745681893,172.23205412278546,174.615234375,10252900
2020-11-02 00:00:00-05:00,177.30588619130097,179.62179236308697,176.7100984997939,177.52691650390625,8057100
2020-11-03 00:00:00-05:00,179.53529081696658,182.1298673440595,177.93049713293868,180.986328125,6467900
2020-11-04 00:00:00-05:00,185.35866615624207,189.19288305970616,184.0517663692956,186.39649963378906,8102700
2020-11-05 00:00:00-05:00,190.61513743811,193.14245514660794,189.5869079939773,189.92324829101562,7132100
2020-11-06 00:00:00-05:00,189.64452946147307,191.88354234965658,187.79948242929103,190.72079467773438,6180500
2020-11-09 00:00:00-05:00,206.30753700408295,209.1519570502235,203.99163074833496,204.37600708007812,17916900
2020-11-10 00:00:00-05:00,203.66489529492102,205.70211610549975,202.3291678395483,204.9813995361328,7943600
2020-11-11 00:00:00-05:00,203.88591268848847,205.91352924091095,203.40543497145015,204.3952178955078,5337200
2020-11-12 00:00:00-05:00,203.48094706949237,204.5492154479925,199.35224287886854,200.4301300048828,7302500
2020-11-13 00:00:00-05:00,202.01807290697064,203.33656068095823,199.50619979758812,202.56663513183594,6377500
2020-11-16 00:00:00-05:00,206.5029056470603,207.00334484435007,203.86591503088195,204.7032012939453,12083200
2020-11-17 00:00:00-05:00,202.64364033475618,204.11611623682384,201.6234951670606,202.7880096435547,7268800
2020-11-18 00:00:00-05:00,201.83516120120123,203.21139046189586,199.8622320861615,200.01622009277344,6977900
2020-11-19 00:00:00-05:00,199.44847264178568,200.88244421397363,197.8027564757568,199.7660675048828,5657200
2020-11-20 00:00:00-05:00,199.3426088336573,200.28575999654169,196.147422690872,196.2147979736328,9653500
2020-11-23 00:00:00-05:00,197.00391061683843,201.14224686251418,197.00391061683843,200.33383178710938,6101900
2020-11-24 00:00:00-05:00,202.9227165389238,205.7810551606126,201.52722017872486,201.79669189453125,10110800
2020-11-25 00:00:00-05:00,201.78709423893363,203.98137254560828,201.01716867683,202.9612274169922,6772900
2020-11-27 00:00:00-05:00,204.0295421726896,204.05841310290506,200.95947265547318,203.067138671875,3512900
2020-11-30 00:00:00-05:00,201.66198455693953,202.62438787381646,198.83253114081316,202.44154357910156,7725500
2020-12-01 00:00:00-05:00,204.15460993622168,205.636704507466,203.10557921343906,203.2595672607422,8047900
2020-12-02 00:00:00-05:00,203.06714731345699,203.4521028561199,200.6418862763652,202.27796936035156,9728900
2020-12-03 00:00:00-05:00,201.89295031793802,203.17294838811816,199.80453705136244,200.22799682617188,9203300
2020-12-04 00:00:00-05:00,201.85444594452565,204.72240327619957,200.67067947342656,204.68389892578125,5720100
2020-12-07 00:00:00-05:00,204.0006326066953,206.43551182780422,203.83702580475583,204.65505981445312,10624500
2020-12-08 00:00:00-05:00,202.0565993559197,205.1170499323611,201.9988574991189,204.7705841064453,8646200
2020-12-09 00:00:00-05:00,205.21325139789334,205.47310440053482,201.09416645169836,201.7004852294922,6251100
2020-12-10 00:00:00-05:00,200.6707532437032,201.4310602503452,199.45813009166812,199.80459594726562,10492000
2020-12-11 00:00:00-05:00,197.6391187057731,199.11159440436296,196.81145137907296,198.4860382080078,9227600
2020-12-14 00:00:00-05:00,200.03551665804966,203.35580485504215,199.18859711883476,199.45806884765625,11967700
2020-12-15 00:00:00-05:00,200.69959274561597,201.56576459152595,198.40908270601457,200.5263671875,9796100
2020-12-16 00:00:00-05:00,200.6418395150004,201.26741048242357,199.3522225940124,200.4397430419922,7504400
2020-12-17 00:00:00-05:00,201.14224843662075,203.81772788695008,200.99789384527799,203.2402801513672,6517200
2020-12-18 00:00:00-05:00,203.08635749010972,204.0102564754482,201.97958483492957,203.36544799804688,13298200
2020-12-21 00:00:00-05:00,200.4397322270826,201.9122080485592,197.09055828970466,201.1519012451172,7576700
2020-12-22 00:00:00-05:00,200.55526714489656,200.5648858933698,197.87016780965166,198.10113525390625,7396200
2020-12-23 00:00:00-05:00,199.5351140347168,199.5351140347168,197.39857714754132,197.58143615722656,6523100
2020-12-24 00:00:00-05:00,198.8710129961351,200.96905978072743,198.83252332642078,200.8535614013672,3367900
2020-12-28 00:00:00-05:00,201.96030836232396,205.4345843463577,201.09413670999493,204.6357879638672,5816200
2020-12-29 00:00:00-05:00,206.54139164561286,207.14771047916935,205.51161297180172,206.31040954589844,6093400
2020-12-30 00:00:00-05:00,207.87907290907387,212.10402199792347,207.5422259446695,210.1503448486328,8875100
2020-12-31 00:00:00-05:00,210.18889011107294,211.55551581922097,208.07160563432546,210.50648498535156,5922200
2021-01-04 00:00:00-05:00,211.96934194508503,211.96934194508503,206.18530298614024,209.5729522705078,10318300
2021-01-05 00:00:00-05:00,208.17748906869133,210.24666530867663,205.60787360522448,206.44515991210938,6869700
2021-01-06 00:00:00-05:00,205.76186443182388,208.04275595215174,204.09691054372055,204.626220703125,7206200
2021-01-07 00:00:00-05:00,204.22196876317327,207.1284307191817,204.22196876317327,205.7714385986328,10967900
2021-01-08 00:00:00-05:00,206.11785673240036,207.9945397180786,204.751246181673,207.3497314453125,6513000
2021-01-11 00:00:00-05:00,205.91582599044773,206.78198312620057,204.49145846772535,204.88604736328125,7353100
2021-01-12 00:00:00-05:00,204.3567124606786,204.78979100709518,199.6698131058141,201.00755310058594,9331600
2021-01-13 00:00:00-05:00,201.53686782186352,203.06708546277315,200.78619446273396,201.4791259765625,6688500
2021-01-14 00:00:00-05:00,202.65327615633583,203.26921369985604,194.14561956225688,194.27073669433594,12887500
2021-01-15 00:00:00-05:00,193.96275641413476,195.61809128025044,192.89448815385208,194.01087951660156,8755000
2021-01-19 00:00:00-05:00,195.41600239298398,196.49388944154833,192.54804453299116,194.07826232910156,9772000
2021-01-20 00:00:00-05:00,195.39672151630234,199.40032237311755,194.62679601535982,198.26467895507812,12675700
2021-01-21 00:00:00-05:00,198.30323512775638,199.38112229968613,197.05210769741717,197.4274444580078,6513500
2021-01-22 00:00:00-05:00,196.32066416313128,197.6102811244861,194.21299848227437,194.4247283935547,7316200
2021-01-25 00:00:00-05:00,192.8078601258625,194.05898726546658,188.3904328119395,193.42379760742188,19282400
2021-01-26 00:00:00-05:00,194.17449925440062,195.83946766300895,193.41420705116118,194.41510009765625,9605300
2021-01-27 00:00:00-05:00,190.20938552827946,192.19193395481216,186.66774847216448,187.6397705078125,13772400
2021-01-28 00:00:00-05:00,192.48065477771297,194.4054613254901,190.71945502428386,190.767578125,11041300
2021-01-29 00:00:00-05:00,190.38262612504687,195.4159912264835,185.56097623738637,185.98443603515625,21503000
2021-02-01 00:00:00-05:00,187.80338853917763,191.72037721017432,187.68790483677702,190.90232849121094,12970700
2021-02-02 00:00:00-05:00,193.2986987589259,196.66711013605854,192.4806501218647,194.99252319335938,11305100
2021-02-03 00:00:00-05:00,195.43526707003016,195.85871223396762,193.42383278705205,193.78955078125,13458600
2021-02-04 00:00:00-05:00,195.5988502973032,201.79671516053583,195.4641144238657,201.3828887939453,14534800
2021-02-05 00:00:00-05:00,202.08544400152695,202.22981330986366,200.8150792617973,200.9209442138672,10284000
2021-02-08 00:00:00-05:00,202.10472386710185,202.7302802335984,198.168497293355,199.1116485595703,8637100
2021-02-09 00:00:00-05:00,198.02410301440918,199.82380721938813,196.04155451303447,198.7555389404297,7619400
2021-02-10 00:00:00-05:00,200.15104973462581,200.15104973462581,198.19737187603363,198.67857360839844,8467600
2021-02-11 00:00:00-05:00,199.84484641083498,203.9510439722634,199.70990136537694,203.05462646484375,8411100
2021-02-12 00:00:00-05:00,201.8015841970809,203.50768691573248,200.1822287248246,202.3799285888672,6911000
2021-02-16 00:00:00-05:00,203.05463819748596,203.43055761069039,199.8641400250239,200.39427185058594,9652700
2021-02-17 00:00:00-05:00,197.8495568548851,200.76053085369983,197.65678033417475,200.01832580566406,8373200
2021-02-18 00:00:00-05:00,198.44722092768353,202.12930170955363,197.5604369974535,201.7919464111328,7328600
2021-02-19 00:00:00-05:00,201.78228229235182,201.9654251553439,196.40373292595,197.33871459960938,15011500
2021-02-22 00:00:00-05:00,196.20130831072353,203.04497066318882,195.77719112394135,200.79910278320312,8337700
2021-02-23 00:00:00-05:00,199.91230745097306,206.18728870494562,199.09300351615087,204.4522705078125,10571700
2021-02-24 00:00:00-05:00,204.6932930600164,212.56833461534308,203.66191557761306,211.50804138183594,12039000
2021-02-25 00:00:00-05:00,211.3730195223599,212.49114385189608,204.90527727121912,206.0330352783203,11404300
2021-02-26 00:00:00-05:00,206.32227193695667,207.44039661628088,203.13177342418763,204.72219848632812,11730000
2021-03-01 00:00:00-05:00,207.20900894330876,209.93684013552496,207.03549977685554,208.80908203125,6982000
2021-03-02 00:00:00-05:00,209.12717324388035,210.062140131897,207.06443352572103,207.98013305664062,6155200
2021-03-03 00:00:00-05:00,207.38252599268435,209.34888498452383,205.17520735147164,207.09336853027344,6484600
2021-03-04 00:00:00-05:00,208.17295737979586,209.18505276020412,201.13650224446903,203.8643341064453,10658900
2021-03-05 00:00:00-05:00,206.01382314813088,208.29827038630935,202.06185194296972,207.6331787109375,7582000
2021-03-08 00:00:00-05:00,209.1464271907401,217.9660961061687,208.0186691408142,212.31765747070312,14750400
2021-03-09 00:00:00-05:00,214.0430568622062,216.8769176055168,212.2405734090818,212.40443420410156,9228600
2021-03-10 00:00:00-05:00,212.75146062235106,216.0961861750106,211.47910884314402,215.11300659179688,7822900
2021-03-11 00:00:00-05:00,216.4238427644441,219.9902595555581,215.72983558577383,217.9853515625,10053400
2021-03-12 00:00:00-05:00,217.14679356157447,218.36129892621923,215.35394390448573,216.260009765625,8172400
2021-03-15 00:00:00-04:00,216.13469906598456,218.89144608032234,213.73460407317273,215.20936584472656,9306100
2021-03-16 00:00:00-04:00,215.63347385376227,217.43595711828812,214.27437511574266,216.5877227783203,8949300
2021-03-17 00:00:00-04:00,216.92512496160384,218.07216528511495,213.75389410155455,214.96841430664062,8675600
2021-03-18 00:00:00-04:00,213.4358092349254,214.48646865283644,211.65260774424223,212.69361877441406,9321800
2021-03-19 00:00:00-04:00,211.20921818079793,212.22131351025712,199.41112204374593,199.43038940429688,32209700
2021-03-22 00:00:00-04:00,199.09304362063324,204.62580619255178,198.78458934216178,200.49069213867188,11371600
2021-03-23 00:00:00-04:00,201.50278578485262,202.3799360853195,200.0087416406538,200.63526916503906,8820700
2021-03-24 00:00:00-04:00,201.213548531117,203.5172623427499,200.4231457357754,200.55810546875,10101600
2021-03-25 00:00:00-04:00,200.1725740502558,201.28106490026858,198.35080852747885,200.4617462158203,8390800
2021-03-26 00:00:00-04:00,200.73165209746358,205.9848904712777,200.201505536897,205.82102966308594,7399900
2021-03-29 00:00:00-04:00,204.780013830923,207.51747910607995,203.49802843543773,206.76564025878906,7792300
2021-03-30 00:00:00-04:00,205.3197587455086,206.41860108008805,203.7775318889949,204.2498321533203,5498000
2021-03-31 00:00:00-04:00,204.87640148677525,206.38007912283257,203.91250405772237,204.08599853515625,13180000
2021-04-01 00:00:00-04:00,206.0619714162295,209.87901134017213,204.63540747645166,209.03077697753906,6138400
2021-04-05 00:00:00-04:00,210.7079775766593,212.54901043311733,209.46454169391563,211.132080078125,10440500
2021-04-06 00:00:00-04:00,209.76332101311084,211.47905699198324,207.56563639505168,210.75613403320312,7828100
2021-04-07 00:00:00-04:00,211.20918159787374,213.05986273592086,210.7465149903385,211.35377502441406,5614300
2021-04-08 00:00:00-04:00,212.02852146124673,214.7756350536936,210.23567163108206,212.73216247558594,11042000
2021-04-09 00:00:00-04:00,213.02132205212467,214.5635637510494,211.58510965384986,214.4864501953125,5724900
2021-04-12 00:00:00-04:00,212.2887451642902,213.89845187909987,211.30556580694284,213.47433471679688,6315200
2021-04-13 00:00:00-04:00,213.02133682923585,213.61894854276923,212.26949799353,213.04061889648438,4764000
2021-04-14 00:00:00-04:00,213.02134223317105,215.04553281628756,212.1249246401306,213.96595764160156,4972600
2021-04-15 00:00:00-04:00,215.80698831676108,219.41196988792632,215.77807257139108,218.11070251464844,8698100
2021-04-16 00:00:00-04:00,218.96859501887755,219.57585515514737,217.6094960033731,218.2360382080078,6829400
2021-04-19 00:00:00-04:00,217.59983253446404,219.3637664967022,216.95402305778234,217.6383819580078,6541600
2021-04-20 00:00:00-04:00,216.66482477079913,217.2431690095464,213.8116971196719,215.21897888183594,5799100
2021-04-21 00:00:00-04:00,215.2479146599865,219.6432842183261,214.8237974731456,219.2384490966797,9490600
2021-04-22 00:00:00-04:00,219.09385433437714,222.5927914537928,218.69865292031338,219.35411071777344,7303000
2021-04-23 00:00:00-04:00,220.35659427993485,223.45071153287654,219.48909246736085,221.6964111328125,5345200
2021-04-26 00:00:00-04:00,222.43860767666382,224.53989695416274,221.23373592362805,222.0241241455078,5650000
2021-04-27 00:00:00-04:00,222.6892406810437,222.81455206394338,220.722896231043,221.60968017578125,6642100
2021-04-28 00:00:00-04:00,222.61210702706495,227.74004838014133,222.34221692510383,225.0218505859375,10111400
2021-04-29 00:00:00-04:00,226.73758881715852,228.9256401060707,224.73268039359647,228.30874633789062,7411400
2021-04-30 00:00:00-04:00,226.82432207238932,227.4122853119605,223.90369969151482,225.1278533935547,10260200
2021-05-03 00:00:00-04:00,225.60020341613182,227.22919247651947,223.0362326430709,224.21218872070312,8174400
2021-05-04 00:00:00-04:00,223.2386531086124,224.00012561514728,221.91810361371674,223.6531219482422,5884500
2021-05-05 00:00:00-04:00,225.40743558046344,225.40743558046344,220.40480521723873,220.93495178222656,6523200
2021-05-06 00:00:00-04:00,221.33977621454895,223.21937330101528,220.4047945111438,222.96876525878906,6124100
2021-05-07 00:00:00-04:00,223.95192677664,224.80016122695005,222.38078395715272,223.7398681640625,4528700
2021-05-10 00:00:00-04:00,223.23863654240958,223.62418960684494,217.0311351328166,217.8118896484375,9627400
2021-05-11 00:00:00-04:00,215.6624122666814,218.2456502711771,214.02377489987234,217.33958435058594,7633300
2021-05-12 00:00:00-04:00,215.55636484465091,216.87689948163137,212.35621864583817,212.6646728515625,7721300
2021-05-13 00:00:00-04:00,213.82302315168712,217.09538076963935,213.22454347319015,215.97564697265625,6650100
2021-05-14 00:00:00-04:00,217.98347728199448,219.61481760030378,217.11470073922138,219.06460571289062,4777200
2021-05-17 00:00:00-04:00,218.33096819459374,219.27697029210495,217.50082653520764,218.5819549560547,5534200
2021-05-18 00:00:00-04:00,220.46425728455898,221.22683569671582,217.60697069813233,217.74212646484375,6900000
2021-05-19 00:00:00-04:00,215.02969194715658,217.04717516174802,214.09335207994692,216.7961883544922,9311900
2021-05-20 00:00:00-04:00,217.61665751479268,219.70170352294343,217.42360097239427,218.5819549560547,7478600
2021-05-21 00:00:00-04:00,219.006726539195,221.35239266218346,218.68817656028187,218.90054321289062,5603900
2021-05-24 00:00:00-04:00,220.03957760447338,222.1246238856654,219.73069004204046,221.36204528808594,4040100
2021-05-25 00:00:00-04:00,221.9219005574315,222.20184509495044,220.4932643095322,221.07244873046875,4689100
2021-05-26 00:00:00-04:00,220.13609667380464,221.39098636312005,218.52405162471695,219.1901092529297,4295600
2021-05-27 00:00:00-04:00,219.85618875621944,220.49328874399697,218.51442560398857,218.9874267578125,5969600
2021-05-28 00:00:00-04:00,219.69203914957419,221.46818289052666,219.26730592254862,219.412109375,5779700
2021-06-01 00:00:00-04:00,221.47786452382863,222.09565434516585,218.4275208369199,218.765380859375,5091500
2021-06-02 00:00:00-04:00,221.26549805901368,225.02050481154868,220.84076479478514,221.6902313232422,9081100
2021-06-03 00:00:00-04:00,221.05308374232922,222.39484641255518,219.86577217655454,220.1939697265625,6382400
2021-06-04 00:00:00-04:00,221.39100112093368,222.6941439884478,220.79250661825265,222.15357971191406,5085700
2021-06-07 00:00:00-04:00,224.76955246782208,226.53603411733258,222.09567398667568,223.2926483154297,5421300
2021-06-08 00:00:00-04:00,224.09382011167423,224.76954017940074,222.1728874158721,223.99729919433594,4170600
2021-06-09 00:00:00-04:00,224.43166938024527,226.70012440332388,224.06485161584848,224.24826049804688,4659000
2021-06-10 00:00:00-04:00,225.01082016970784,226.13055391138155,224.07448055357287,225.83131408691406,4452500
2021-06-11 00:00:00-04:00,226.25607829180458,227.26964360305413,225.59968306807468,226.80630493164062,5378300
2021-06-14 00:00:00-04:00,226.55531260202918,227.05727140916014,223.53394154564984,225.9568328857422,5805800
2021-06-15 00:00:00-04:00,226.30437579240066,226.6518835238547,224.54752705858502,224.89503479003906,7093800
2021-06-16 00:00:00-04:00,225.51280977950492,226.0533740528874,220.08784224113856,221.63232421875,8905400
2021-06-17 00:00:00-04:00,221.2558336630435,225.24250209163327,221.2558336630435,224.0937957763672,6876700
2021-06-18 00:00:00-04:00,222.45277472522895,224.12273504178427,221.2654630909715,222.41416931152344,8840000
2021-06-21 00:00:00-04:00,223.41813857966997,226.85459586364672,222.40457309935084,226.1885528564453,7298400
2021-06-22 00:00:00-04:00,226.16922026366532,227.89709640762092,225.14600721122855,227.74264526367188,8858400
2021-06-23 00:00:00-04:00,227.27929394306406,227.7329849474316,225.82170001730572,226.5360107421875,6814700
2021-06-24 00:00:00-04:00,228.77552147704867,229.98214342576728,227.24070189330382,228.04190063476562,4611500
2021-06-25 00:00:00-04:00,228.19629455288816,230.20411486915154,228.11908372430838,229.08438110351562,7825200
2021-06-28 00:00:00-04:00,229.74079300336697,230.0979483463503,223.81386725203075,225.9664764404297,9301700
2021-06-29 00:00:00-04:00,226.4298470658493,228.31217429005858,226.02440914438455,227.76194763183594,11897700
2021-06-30 00:00:00-04:00,226.9510682071004,228.1962953497477,225.70584106445312,225.70584106445312,7797100
2021-07-01 00:00:00-04:00,226.07264024764893,228.05150279447062,225.92785153440764,226.9896697998047,5329600
2021-07-02 00:00:00-04:00,227.64613230928632,230.4937572525818,227.63648463592892,230.34896850585938,4383700
2021-07-06 00:00:00-04:00,231.18874268218173,232.26022345664367,228.97821796998264,231.2852783203125,8048700
2021-07-07 00:00:00-04:00,231.9223893024629,232.6753202301392,230.03041431009188,231.67141723632812,4366100
2021-07-08 00:00:00-04:00,228.7465555495388,228.84309119369328,226.41053730785907,228.3990478515625,6388000
2021-07-09 00:00:00-04:00,230.47440303307317,231.14046059896876,229.18090804585913,230.19447326660156,5615900
2021-07-12 00:00:00-04:00,229.33542659653386,230.2331463767686,229.03618666978895,229.6153564453125,7010700
2021-07-13 00:00:00-04:00,229.982139299802,234.06534377681544,229.982139299802,233.9398651123047,8079200
2021-07-14 00:00:00-04:00,234.7796437049747,238.2450579672964,234.393530622048,237.45352172851562,8693400
2021-07-15 00:00:00-04:00,236.7970985366636,240.16599170401557,236.7970985366636,239.92466735839844,10135100
2021-07-16 00:00:00-04:00,241.31472939346747,241.76842040069326,238.9304433697136,239.50961303710938,8674500
2021-07-19 00:00:00-04:00,235.5229359128445,235.96696450235925,230.6095605774191,232.06716918945312,11474600
2021-07-20 00:00:00-04:00,232.28916912710565,235.73528796530294,231.19837833586624,234.27767944335938,7072300
2021-07-21 00:00:00-04:00,234.84720615434526,238.33193047902986,233.89157112175428,235.20437622070312,11241400
2021-07-22 00:00:00-04:00,235.3202474022952,236.83577170210887,234.7121052018257,235.66775512695312,10293600
2021-07-23 00:00:00-04:00,238.196805675555,241.33402254894938,238.196805675555,240.37838745117188,6766000
2021-07-26 00:00:00-04:00,240.561801405925,241.6718876620589,239.10419272419836,241.56570434570312,4879000
2021-07-27 00:00:00-04:00,240.5424683188741,243.90169924242696,239.60612863584402,242.22207641601562,7038300
2021-07-28 00:00:00-04:00,241.3726354144362,242.77231380063347,237.37630447623278,238.3705596923828,9036500
2021-07-29 00:00:00-04:00,239.4999677229502,241.6911972124828,238.52502253254067,239.31655883789062,7495300
2021-07-30 00:00:00-04:00,238.6311810794135,239.83780285138133,237.46316472326995,237.83963012695312,5804700
2021-08-02 00:00:00-04:00,237.6948427256052,239.22966209304423,230.0979419912176,231.45901489257812,9989500
2021-08-03 00:00:00-04:00,232.27955787006164,233.01317871721034,225.9085880468639,228.86239624023438,9839000
2021-08-04 00:00:00-04:00,228.7755201750051,229.30643677527402,226.89319289157143,228.45697021484375,8171800
2021-08-05 00:00:00-04:00,228.39900809774488,231.91268988603582,228.22524691436493,231.87408447265625,5337500
2021-08-06 00:00:00-04:00,231.67141644422168,234.1811960140762,231.5362753738001,233.0228271484375,4509700
2021-08-09 00:00:00-04:00,233.3606879870097,233.77575887284087,229.78908991713737,231.67141723632812,5226900
2021-08-10 00:00:00-04:00,232.16369362599522,232.9648923088571,227.3854740044042,229.80838012695312,7185700
2021-08-11 00:00:00-04:00,229.8180501121554,230.0883322567996,226.43950857483077,226.90284729003906,7375700
2021-08-12 00:00:00-04:00,226.0812247608007,226.29388090495064,223.30704881123256,224.05133056640625,9867000
2021-08-13 00:00:00-04:00,224.2543517228036,225.4819551055877,223.67437767205521,224.8826446533203,5445400
2021-08-16 00:00:00-04:00,224.45733995150158,227.61815565477932,222.51443726761914,227.50216674804688,7575900
2021-08-17 00:00:00-04:00,227.15418442673135,227.80181373581294,225.43361348634087,226.6998748779297,6850500
2021-08-18 00:00:00-04:00,226.11019027619324,226.5258416812336,223.74199054774147,223.8966522216797,4996500
2021-08-19 00:00:00-04:00,221.39313847991303,224.66995749108744,221.2578131866538,223.83868408203125,5761300
2021-08-20 00:00:00-04:00,224.1286639785655,224.4089901487664,222.6110884772426,223.6356964111328,5522200
2021-08-23 00:00:00-04:00,224.93095022785704,226.8158435336661,224.25432375261158,226.3228759765625,6342000
2021-08-24 00:00:00-04:00,227.1927887459278,228.30440291599737,226.13918376463957,226.4195098876953,5081800
2021-08-25 00:00:00-04:00,227.15415739848893,227.15415739848893,224.3316479360553,224.82461547851562,5277100
2021-08-26 00:00:00-04:00,224.37996330487604,224.8632699834292,222.4660582382741,222.82371520996094,5889100
2021-08-27 00:00:00-04:00,223.30706755822177,225.26929189450445,222.54343459029755,224.9213104248047,6369000
2021-08-30 00:00:00-04:00,224.92130251327606,225.86857963383494,222.24377893086026,223.51004028320312,6448000
2021-08-31 00:00:00-04:00,223.20070929511814,224.09965269982825,221.0258290909288,221.45114135742188,9405100
2021-09-01 00:00:00-04:00,221.45113769716866,223.07504114310123,221.13215350257119,222.43707275390625,8177600
2021-09-02 00:00:00-04:00,222.73670696741058,222.85271059886733,214.54950546942078,216.69537353515625,19708800
2021-09-03 00:00:00-04:00,216.52140361879557,219.7112308184068,215.8931108026775,217.59434509277344,11532000
2021-09-07 00:00:00-04:00,219.16994672456846,220.38787440493456,218.31932213865176,218.71563720703125,9662600
2021-09-08 00:00:00-04:00,219.78856657840046,222.53374518157003,219.45990680247698,221.44146728515625,10652600
2021-09-09 00:00:00-04:00,221.6541416384242,222.3211073202813,219.51793404076622,219.89491271972656,5853000
2021-09-10 00:00:00-04:00,222.17610422927223,222.35974839271148,217.31403982471932,217.40103149414062,6715400
2021-09-13 00:00:00-04:00,218.0003172473269,219.61455984300395,215.9511015748614,217.13037109375,6808100
2021-09-14 00:00:00-04:00,217.48803098745842,218.2709855391171,214.85884116623973,215.58380126953125,6575700
2021-09-15 00:00:00-04:00,215.09079809682464,217.33333330871764,213.96952311620385,216.3377227783203,6535800
2021-09-16 00:00:00-04:00,216.3860988000371,217.6813573507917,215.31315722456688,216.8404083251953,5928500
2021-09-17 00:00:00-04:00,215.02316885452987,216.23143572239007,211.97834224726276,214.34654235839844,13787400
2021-09-20 00:00:00-04:00,209.7164307338313,213.13823536978242,209.0881232312046,212.70326232910156,8822600
2021-09-21 00:00:00-04:00,213.37991245584172,214.7525017422608,211.66900257269708,212.81927490234375,7033600
2021-09-22 00:00:00-04:00,214.0081916766097,216.61805954409343,213.71821946853314,215.31312561035156,6005900
2021-09-23 00:00:00-04:00,217.48802708687384,221.0644939157656,216.86939506646743,220.68751525878906,7952700
2021-09-24 00:00:00-04:00,221.28683660096877,224.20601370032222,220.98718875538313,223.8580322265625,6461200
2021-09-27 00:00:00-04:00,223.98363318368865,225.53988117365404,221.13212692239384,221.93441772460938,6881100
2021-09-28 00:00:00-04:00,221.22878458633807,221.22878458633807,216.52138246416322,218.029296875,6951400
2021-09-29 00:00:00-04:00,219.2279115909975,221.37379441637447,218.54160962008805,219.11190795898438,6432700
2021-09-30 00:00:00-04:00,219.98186990192553,221.15146380609923,215.19713672712095,215.31312561035156,7128500
2021-10-01 00:00:00-04:00,216.68574007661374,223.8290130390593,216.00911359662013,222.7657470703125,7925400
2021-10-04 00:00:00-04:00,222.3211081277344,222.64009235714423,213.43792757786474,217.22705078125,10283400
2021-10-05 00:00:00-04:00,217.95198635840745,219.7885606769177,216.44407180699588,216.79205322265625,5814000
2021-10-06 00:00:00-04:00,214.62683813396245,219.05392938495294,213.86322001886347,218.94760131835938,5420900
2021-10-07 00:00:00-04:00,221.26749193327015,223.44237223070235,220.86151604767159,222.8527374267578,6561900
2021-10-08 00:00:00-04:00,223.28768538812105,224.95992236532248,222.49505535597336,222.58206176757812,3735200
2021-10-11 00:00:00-04:00,222.33074489719453,222.63040744344252,217.3623525648444,217.59434509277344,5620200
2021-10-12 00:00:00-04:00,218.02931357303783,218.6672819493587,215.4774548171041,216.56973266601562,5448200
2021-10-13 00:00:00-04:00,215.68045085793494,218.31930128804677,211.33069059431443,215.03282165527344,9076000
2021-10-14 00:00:00-04:00,216.63739469945506,218.11631205025594,215.61278683543355,217.66200256347656,5590500
2021-10-15 00:00:00-04:00,219.6339088256654,223.37469814948255,219.16026292639822,223.27804565429688,6355100
2021-10-18 00:00:00-04:00,222.49509232241004,224.988956966854,220.5232072369216,222.94940185546875,5580200
2021-10-19 00:00:00-04:00,224.20596645989164,225.83954540225145,222.9783633598199,225.7235565185547,4409700
2021-10-20 00:00:00-04:00,225.66557948058923,225.99422450930885,223.58735174153153,223.6936798095703,5401800
2021-10-21 00:00:00-04:00,222.99770396381803,223.12336842309315,218.74461098874113,222.55307006835938,5982200
2021-10-22 00:00:00-04:00,222.6014212137612,225.04696699077178,221.07418483033746,223.51004028320312,3788000
2021-10-25 00:00:00-04:00,225.65588179629984,227.01881014870347,224.53460677945645,226.071533203125,4938700
2021-10-26 00:00:00-04:00,227.66644966874398,229.04871448065367,223.60667639662734,224.080322265625,7814500
2021-10-27 00:00:00-04:00,217.24635947268996,217.24635947268996,208.4598472945951,208.57583618164062,22958100
2021-10-28 00:00:00-04:00,211.92998785128702,212.64528707671985,202.0318613301314,202.8341522216797,23199400
2021-10-29 00:00:00-04:00,202.22520943909845,206.53629723201317,201.5775654383222,204.69973754882812,14329800
2021-11-01 00:00:00-04:00,206.36229455537944,208.0635287841038,204.39039501249363,205.36668395996094,13210300
2021-11-02 00:00:00-04:00,206.04333740067625,206.2269963257515,200.88162484548943,202.1575469970703,14688700
2021-11-03 00:00:00-04:00,202.68916394628792,203.13379784569509,199.82798182447078,201.15225219726562,11486700
2021-11-04 00:00:00-04:00,202.1768575982009,205.27001745664396,200.92991808146394,201.80953979492188,11368200
2021-11-05 00:00:00-04:00,204.8737251398726,210.36409740283432,204.3034267237228,209.43614196777344,14273600
2021-11-08 00:00:00-05:00,211.0793554553718,214.21118806269465,210.86669933546628,213.1285858154297,13500100
2021-11-09 00:00:00-05:00,212.35529213852368,213.0512549400321,205.8113155393112,206.265625,11535000
2021-11-10 00:00:00-05:00,206.78367262450297,210.07593773697656,206.5706421410155,208.72998046875,10063600
2021-11-11 00:00:00-05:00,209.61117816606856,209.91135349345348,203.50111203670525,203.75286865234375,13546900
2021-11-12 00:00:00-05:00,204.79863175229664,206.8127288163263,204.73084260708322,205.36993408203125,7660500
2021-11-15 00:00:00-05:00,206.85148685336662,209.54340190856848,205.09883871763995,205.5733184814453,9596900
2021-11-16 00:00:00-05:00,205.43775924036038,208.81716987924125,204.9536016336148,208.362060546875,8719600
2021-11-17 00:00:00-05:00,199.4244982396852,200.7414074086287,193.14014249679119,198.5626983642578,38379600
2021-11-18 00:00:00-05:00,199.95705382225796,201.2836406861015,194.89277034922307,196.8874969482422,18292200
2021-11-19 00:00:00-05:00,195.63837805149075,197.0521246112659,193.51778037480202,194.4957733154297,18032600
2021-11-22 00:00:00-05:00,193.663038536829,195.30917140932857,188.43414240646152,189.38308715820312,21185800
2021-11-23 00:00:00-05:00,190.72903877365667,192.61725038580497,188.22110604841055,192.2008819580078,14742700
2021-11-24 00:00:00-05:00,191.89098599500642,197.48784563600844,191.37778021575056,196.81002807617188,12026800
2021-11-26 00:00:00-05:00,187.1946752071099,192.87867990294242,186.44906847097073,191.38746643066406,10987600
2021-11-29 00:00:00-05:00,194.63132707470837,194.87340583972664,189.17003072690827,190.070556640625,14633500
2021-11-30 00:00:00-05:00,189.08288948765107,191.39716193390913,186.45874912416767,187.6304168701172,16023000
2021-12-01 00:00:00-05:00,189.8188165707762,190.57410120136723,184.07671485675502,184.1348114013672,13204900
2021-12-02 00:00:00-05:00,185.91649165883874,193.1207580746692,185.77125030985638,192.00718688964844,13976300
2021-12-03 00:00:00-05:00,191.98786691571814,192.18152700879963,187.89188280922065,190.0996551513672,10660500
2021-12-06 00:00:00-05:00,192.47200150798133,197.74931598347283,191.47463811138803,196.2581024169922,10722100
2021-12-07 00:00:00-05:00,199.47291253991847,201.35144621623817,199.36639728686995,200.79949951171875,11897200
2021-12-08 00:00:00-05:00,201.0803032955931,202.8426289724608,199.1920919363367,202.3681640625,11749200
2021-12-09 00:00:00-05:00,201.9130789234898,205.47647157819162,200.605847562751,204.692138671875,10176800
2021-12-10 00:00:00-05:00,205.18595514549614,207.46150144486577,204.17891398501214,206.638427734375,8882700
2021-12-13 00:00:00-05:00,205.7185458446069,206.56099005259256,203.32680629809497,204.3338623046875,8844300
2021-12-14 00:00:00-05:00,204.05301848607644,206.60936952855295,201.8452614391792,203.3267822265625,9832300
2021-12-15 00:00:00-05:00,202.7651466978906,205.75725115329314,201.2739481607462,205.58294677734375,10892500
2021-12-16 00:00:00-05:00,208.46857649779142,209.41753604836603,204.90518359256328,207.57772827148438,8548400
2021-12-17 00:00:00-05:00,206.05745884803218,206.45447159014242,201.2061906793122,205.16661071777344,11578400
2021-12-20 00:00:00-05:00,202.4650000515159,203.12346200052906,200.3056615226584,202.1260986328125,9434400
2021-12-21 00:00:00-05:00,203.93682777888966,209.31097911671088,203.69474902290958,208.55569458007812,6993700
2021-12-22 00:00:00-05:00,207.07417962635165,212.00289969129116,207.07417962635165,211.053955078125,6003400
2021-12-23 00:00:00-05:00,211.51871846181234,211.59618543027122,209.75637817382812,209.75637817382812,4798200
2021-12-27 00:00:00-05:00,210.78277892442472,211.20883984161375,208.0715090428814,210.734375,4818400
2021-12-28 00:00:00-05:00,209.16574217714674,212.76787557844932,208.7493737708336,211.14111328125,4279800
2021-12-29 00:00:00-05:00,210.8603266730278,212.0029463682742,210.4439582014562,211.25733947753906,3223100
2021-12-30 00:00:00-05:00,211.06364955668096,212.20625431516038,210.2696240598532,210.96681213378906,3812800
2021-12-31 00:00:00-05:00,209.94037427123857,211.0733010562161,208.66220614535922,209.8435516357422,4723300
2022-01-03 00:00:00-05:00,210.62787074564935,215.02401409005606,210.13402066803292,214.41397094726562,7694500
2022-01-04 00:00:00-05:00,214.96593029259137,219.60415264776617,214.78194807829064,215.41136169433594,10629300
2022-01-05 00:00:00-05:00,215.58564784648743,218.13232098722997,212.95182990309866,213.029296875,9594600
2022-01-06 00:00:00-05:00,210.89903518329223,214.87881090037476,210.6569564043342,212.78724670410156,7877500
2022-01-07 00:00:00-05:00,210.42454899795604,213.2229790057939,208.80746457719448,210.0856475830078,10702100
2022-01-10 00:00:00-05:00,207.20007710442684,207.4131076250499,199.95708372919418,205.25376892089844,11978600
2022-01-11 00:00:00-05:00,204.72115296095913,208.13930368609041,202.12607588563708,207.58737182617188,8803100
2022-01-12 00:00:00-05:00,207.68422117292042,210.68600393152235,207.03545182064266,208.87525939941406,6923300
2022-01-13 00:00:00-05:00,209.97913296544968,213.4941066914,207.85852055643187,208.187744140625,8867700
2022-01-14 00:00:00-05:00,207.38405226768373,211.3347798215787,206.93863557637218,207.8682098388672,8838100
2022-01-18 00:00:00-05:00,209.03987119548609,210.0372345792446,207.5389798161851,208.87525939941406,9099300
2022-01-19 00:00:00-05:00,206.25110645415242,211.31539004830933,205.38930664730495,207.87786865234375,9399800
2022-01-20 00:00:00-05:00,207.91659090149545,212.64197266867475,207.16130640924158,207.55831909179688,8532700
2022-01-21 00:00:00-05:00,208.63317731807587,208.7687408406545,199.29862037323372,199.40512084960938,16200200
2022-01-24 00:00:00-05:00,195.77393771555901,196.29683613809945,189.4508413627423,195.45440673828125,16054000
2022-01-25 00:00:00-05:00,193.2950453479212,198.87254948620821,190.74838681633602,195.59963989257812,12125500
2022-01-26 00:00:00-05:00,197.80738285058231,204.1788971893854,197.21671012201398,199.3470001220703,10817600
2022-01-27 00:00:00-05:00,202.86199474088036,204.27574115763537,199.32765086196457,199.61813354492188,12009800
2022-01-28 00:00:00-05:00,213.64903371502837,220.89202620869239,209.25288985472113,220.7758331298828,26425300
2022-01-31 00:00:00-05:00,218.4034793069085,219.20718263335826,215.01437637083467,219.0038299560547,12380600
2022-02-01 00:00:00-05:00,219.71068900635782,227.17640488522306,219.24590189814035,224.99769592285156,12247200
2022-02-02 00:00:00-05:00,223.97125566717287,228.3770917387082,222.72212108085435,227.96070861816406,10590500
2022-02-03 00:00:00-05:00,225.6561316253728,226.0918852159515,223.24503661910012,224.2036590576172,9968000
2022-02-04 00:00:00-05:00,221.26000341266672,222.92550658974577,217.8224818050216,221.1534881591797,10848100
2022-02-07 00:00:00-05:00,220.77582920796567,222.63499231246865,218.84887695848454,219.9624481201172,5984500
2022-02-08 00:00:00-05:00,219.0909810396867,221.2600122999468,217.6288304788317,220.71775817871094,7542000
2022-02-09 00:00:00-05:00,222.83832698960805,225.7626275373629,222.8286343837848,223.55487060546875,7772800
2022-02-10 00:00:00-05:00,221.16411190357329,223.0262997392285,218.09925461600702,218.79757690429688,6794600
2022-02-11 00:00:00-05:00,220.4075688794865,222.20187183961008,216.80926938408476,217.92465209960938,7535200
2022-02-14 00:00:00-05:00,216.56683632465032,220.4173026707661,216.10129304332077,218.55511474609375,8280800
2022-02-15 00:00:00-05:00,220.4269912899203,222.38615920628374,218.13804939612547,220.96043395996094,9461700
2022-02-16 00:00:00-05:00,220.6500962793416,222.95844048390373,218.80731018620122,221.93035888671875,9561300
2022-02-17 00:00:00-05:00,221.52296991979597,221.9206285508624,217.42033751457274,217.8470916748047,8131200
2022-02-18 00:00:00-05:00,217.83740338936857,218.9430779225742,215.1604962462942,215.9849090576172,8121200
2022-02-22 00:00:00-05:00,214.36518835652976,217.58521690910678,213.29830295694947,214.65615844726562,9928800
2022-02-23 00:00:00-05:00,216.13037450506238,217.52701905749464,208.93378946900194,209.4478302001953,8669900
2022-02-24 00:00:00-05:00,197.24660592135805,211.30032314577716,195.38441812919402,210.75718688964844,13463400
2022-02-25 00:00:00-05:00,210.747513746175,214.03544216001904,207.79905294883906,212.66790771484375,8463600
2022-02-28 00:00:00-05:00,209.4963193077486,212.06652286099614,206.8194272221387,209.61270141601562,8409400
2022-03-01 00:00:00-05:00,208.02211575957935,208.6719406357235,201.03890693604643,202.6780242919922,9317800
2022-03-02 00:00:00-05:00,200.67034523076032,204.2007461766683,199.98173124040562,202.20277404785156,8865700
2022-03-03 00:00:00-05:00,204.21044575413714,205.1318387603292,200.34057736890517,200.9904022216797,8610000
2022-03-04 00:00:00-05:00,198.82757544926352,200.15632085183776,190.9326664599841,194.25938415527344,10912300
2022-03-07 00:00:00-05:00,193.82292915545352,194.15268839944724,184.32770692815654,184.9581298828125,13412400
2022-03-08 00:00:00-05:00,184.28888793927104,190.50588957459445,181.04945723233024,185.93771362304688,11070900
2022-03-09 00:00:00-05:00,190.58349294743118,194.46305514483439,189.3614361830171,193.74533081054688,8457600
2022-03-10 00:00:00-05:00,190.97142640860454,193.91990170628938,190.3895010099183,192.00921630859375,7061600
2022-03-11 00:00:00-05:00,194.7054748767549,194.79276145063366,190.54465206233607,190.78712463378906,5432100
2022-03-14 00:00:00-04:00,192.4456321897017,198.2746675843089,192.19346603863013,194.29812622070312,7994700
2022-03-15 00:00:00-04:00,196.00516804513367,200.19510211848564,195.33594123069372,199.9332275390625,8277700
2022-03-16 00:00:00-04:00,203.6770016691259,207.23649796999237,200.7673302167098,205.49069213867188,9232300
2022-03-17 00:00:00-04:00,203.6090834731843,207.11038839032642,202.4355243831341,207.02310180664062,6668500
2022-03-18 00:00:00-04:00,205.32578884356013,212.65815768980605,203.95823986685562,212.51268005371094,14620800
2022-03-21 00:00:00-04:00,209.82608456597757,211.49429722983083,208.0899872701173,210.5050048828125,6101500
2022-03-22 00:00:00-04:00,211.28096248378193,212.95888385930365,210.6408311428091,211.89199829101562,6259900
2022-03-23 00:00:00-04:00,208.81740656608522,210.74747899499332,207.75052120385988,208.216064453125,6008000
2022-03-24 00:00:00-04:00,208.51678352124435,211.10638962371868,207.55658650822787,210.7669219970703,5487000
2022-03-25 00:00:00-04:00,211.8434558379922,212.33809460592659,209.19565923423298,211.8531494140625,5051400
2022-03-28 00:00:00-04:00,211.92104069266068,214.32636460796243,210.9608439219386,214.12269592285156,4316800
2022-03-29 00:00:00-04:00,218.0701492902286,221.92061527929616,217.0420678562544,221.2513885498047,8032500
2022-03-30 00:00:00-04:00,219.0400318564502,219.35040387038836,216.0236722929928,217.20693969726562,7084000
2022-03-31 00:00:00-04:00,217.1682013386914,219.11767605894073,213.8026798728424,215.09263610839844,10759500
2022-04-01 00:00:00-04:00,216.36316358090048,219.80627764175597,215.5387507778246,219.54440307617188,6559600
2022-04-04 00:00:00-04:00,218.9624645136126,222.33769396365489,218.1865639865423,220.8828582763672,8521200
2022-04-05 00:00:00-04:00,220.00022539287554,222.09519205812043,218.52598794703445,219.28250122070312,4658000
2022-04-06 00:00:00-04:00,216.0721862113483,216.1594727971531,212.03743851925557,212.4156951904297,7430000
2022-04-07 00:00:00-04:00,211.736766701496,212.09562140666176,207.24616950181561,209.6417999267578,6995100
2022-04-08 00:00:00-04:00,208.3421928576871,212.80369543977142,206.6642863002346,210.4468536376953,5438600
2022-04-11 00:00:00-04:00,208.76892656497267,210.7572050159385,206.9843316272495,208.2839813232422,6942700
2022-04-12 00:00:00-04:00,209.98126741786493,210.45651903216657,204.3559002500331,205.03482055664062,7446600
2022-04-13 00:00:00-04:00,204.09402606741637,207.41106419869826,200.93218874851794,206.84852600097656,8052900
2022-04-14 00:00:00-04:00,207.81844421924202,209.44785317625417,206.13082940003252,206.38299560546875,8191600
2022-04-18 00:00:00-04:00,205.2966751902065,209.33142233433642,205.15119756695594,206.7515106201172,4744400
2022-04-19 00:00:00-04:00,206.68366174031178,209.9909769421137,206.04353048860023,209.2053680419922,5028800
2022-04-20 00:00:00-04:00,212.07623657925257,214.17120337695476,210.84447163810088,211.232421875,7178300
2022-04-21 00:00:00-04:00,212.90064744457734,217.17786788278752,208.86591441832672,209.9327850341797,8850300
2022-04-22 00:00:00-04:00,209.729122893011,210.03948015119843,201.68872251965365,201.902099609375,6201100
2022-04-25 00:00:00-04:00,200.13689756954616,204.19103249200708,199.14760518011144,203.6284942626953,6839400
2022-04-26 00:00:00-04:00,200.7479289117551,202.28035765756752,195.04498291015625,195.04498291015625,8155300
2022-04-27 00:00:00-04:00,210.82506047733966,215.12168242011225,206.63514186430922,207.66322326660156,15955800
2022-04-28 00:00:00-04:00,213.76382550915972,218.1574275755424,212.66785948599207,214.01600646972656,10799100
2022-04-29 00:00:00-04:00,212.03744231628878,214.53976141630952,205.95623994000306,206.71275329589844,7965000
2022-05-02 00:00:00-04:00,205.39366766562446,205.752522331556,200.72849781111006,205.160888671875,8803700
2022-05-03 00:00:00-04:00,207.17831508838,207.17831508838,200.05932220558438,202.28036499023438,6616900
2022-05-04 00:00:00-04:00,203.0465661127538,208.33246596182468,199.14760246582566,208.06089782714844,7191100
2022-05-05 00:00:00-04:00,205.87861499705184,208.11905918811814,196.95562733248272,199.06028747558594,7749600
2022-05-06 00:00:00-04:00,197.61515619305789,199.52584134117944,194.1914444868883,196.71316528320312,8825300
2022-05-09 00:00:00-04:00,194.0265887077823,194.7055090671994,186.29656058851356,187.18885803222656,10314100
2022-05-10 00:00:00-04:00,190.7871812994173,191.79586098453478,185.2200040775849,187.7514190673828,11016500
2022-05-11 00:00:00-04:00,187.66408756342446,192.34865969026006,185.63700550154644,190.7968292236328,9427300
2022-05-12 00:00:00-04:00,189.03311093100126,190.51987611264946,184.5825274753554,188.4889373779297,9308600
2022-05-13 00:00:00-04:00,191.43334410427354,194.8733073168171,190.9474726725368,193.60032653808594,6684500
2022-05-16 00:00:00-04:00,191.7442840152597,194.29024524180244,190.3449721013189,192.22042846679688,5161300
2022-05-17 00:00:00-04:00,197.11803635946637,199.01293188709235,194.49431889147186,198.23553466796875,7265600
2022-05-18 00:00:00-04:00,197.0888858888936,199.65428634083923,193.5031525103246,194.33885192871094,8748200
2022-05-19 00:00:00-04:00,190.80167982882963,194.75666479870324,187.84757379860474,191.7928466796875,9012400
2022-05-20 00:00:00-04:00,194.02785954763257,195.9616328228742,188.53751932503945,193.40594482421875,6966600
2022-05-23 00:00:00-04:00,195.20371108092618,202.08365233086727,195.0968187728823,201.6949462890625,12187400
2022-05-24 00:00:00-04:00,198.14806535886856,198.88658450215908,193.40595605032556,196.90423583984375,7458500
2022-05-25 00:00:00-04:00,194.9218835263305,199.15868270206857,194.80527913586653,198.08004760742188,5457200
2022-05-26 00:00:00-04:00,199.314199519129,203.81337417780657,198.88663024345067,202.65699768066406,9212300
2022-05-27 00:00:00-04:00,204.06599985205685,207.20472512661937,203.71617183063427,206.8646240234375,4897200
2022-05-31 00:00:00-04:00,204.4352845368927,208.2931051963149,203.2011668509071,206.17469787597656,9586400
2022-06-01 00:00:00-04:00,206.05806010504972,208.05984786565332,202.91933506762615,203.99795532226562,5246100
2022-06-02 00:00:00-04:00,205.90260127341298,209.16765799125938,205.1154919014748,208.9733123779297,5337200
2022-06-03 00:00:00-04:00,206.93263910482082,208.1570445982945,205.30011821701504,206.64111328125,4352500
2022-06-06 00:00:00-04:00,209.36196623012472,211.43178297025918,206.09691009514313,206.9228973388672,3965100
2022-06-07 00:00:00-04:00,205.15434717277546,208.89556310232078,204.76565596112212,208.4388427734375,4493300
2022-06-08 00:00:00-04:00,207.71974985819284,209.47861690220773,206.81603610937415,207.46710205078125,3646300
2022-06-09 00:00:00-04:00,206.58277722185704,207.67113912962427,200.19843538742367,200.285888671875,5138600
2022-06-10 00:00:00-04:00,195.95191963931435,197.67190845883573,193.55171386020243,193.8723907470703,5162500
2022-06-13 00:00:00-04:00,187.5366840805832,190.35473280704886,185.68065141993617,186.82730102539062,7119200
2022-06-14 00:00:00-04:00,187.27429946446287,188.84851827302182,186.3317076320831,188.05169677734375,6441200
2022-06-15 00:00:00-04:00,190.4421592654139,193.2116323142229,186.79812358414895,190.61708068847656,6490000
2022-06-16 00:00:00-04:00,186.00127542165558,186.44826876416982,182.2309089672494,183.7079620361328,9887200
2022-06-17 00:00:00-04:00,181.6478691083512,185.9041071911666,180.6567021575838,184.64083862304688,15089300
2022-06-21 00:00:00-04:00,190.17980242420953,191.17096946953382,188.255740877739,188.8970947265625,6241600
2022-06-22 00:00:00-04:00,185.84579945990407,190.84055656208778,185.63201487039439,188.3431854248047,5138500
2022-06-23 00:00:00-04:00,190.597655152814,191.88036292054898,187.98366433358882,191.08352661132812,4752800
2022-06-24 00:00:00-04:00,192.14270749575485,199.82919691455453,191.92892288486294,199.70286560058594,7754800
2022-06-27 00:00:00-04:00,199.9360873101684,201.2382191439852,196.8848154164983,197.80796813964844,6121200
2022-06-28 00:00:00-04:00,198.23556668858083,200.9467230617861,191.91923735781722,192.52171325683594,4354200
2022-06-29 00:00:00-04:00,191.74427890512428,194.970456996181,191.74427890512428,193.8626708984375,4324600
2022-06-30 00:00:00-04:00,189.84939326962063,193.23106901737154,187.4006119969142,191.32644653320312,7045200
2022-07-01 00:00:00-04:00,191.2292625539313,194.1542179246227,189.20805054160047,193.55172729492188,4131800
2022-07-05 00:00:00-04:00,190.68514172020912,194.90251798479042,188.65420222796786,194.87335205078125,4110200
2022-07-06 00:00:00-04:00,194.34857290259927,196.78764215458392,193.05615311348268,195.43692016601562,4111200
2022-07-07 00:00:00-04:00,196.8167801314201,197.68163063006742,194.3874231321166,197.06944274902344,4650700
2022-07-08 00:00:00-04:00,196.60302465905505,198.3327257821792,194.79558232698355,197.8177032470703,3621800
2022-07-11 00:00:00-04:00,196.2920485828658,200.8981148628025,196.2920485828658,199.2655792236328,5353600
2022-07-12 00:00:00-04:00,197.50673574716512,202.23911871740046,197.0305764091429,199.03237915039062,6779500
2022-07-13 00:00:00-04:00,194.7663872393759,199.76115908000077,193.86267362245232,198.3812713623047,7597300
2022-07-14 00:00:00-04:00,194.34857917859682,200.25677776494055,192.38565437715943,200.09158325195312,5605500
2022-07-15 00:00:00-04:00,203.4537620585196,205.7276512198513,201.32564319711324,204.10482788085938,7245700
2022-07-18 00:00:00-04:00,205.5236446052071,206.89380579453763,200.8009730296847,201.35487365722656,4648900
2022-07-19 00:00:00-04:00,202.33630542557617,208.0598704456203,202.025340584005,207.62258911132812,4927100
2022-07-20 00:00:00-04:00,206.00944604665983,208.079262678664,205.24177586148625,207.34072875976562,4460300
2022-07-21 00:00:00-04:00,207.1269937368004,210.7710296211749,206.71886349706483,210.0811004638672,4801300
2022-07-22 00:00:00-04:00,211.77190597147825,211.90796420100176,206.12608255100253,207.66143798828125,5071500
2022-07-25 00:00:00-04:00,208.51656992411623,208.73035452439902,205.6402047378866,208.21533203125,4357200
2022-07-26 00:00:00-04:00,207.80721233544466,209.0704661657774,205.76654643970573,206.4856414794922,6141000
2022-07-27 00:00:00-04:00,204.81426144013085,210.72246023189228,195.5146744858471,204.52273559570312,17432200
2022-07-28 00:00:00-04:00,204.68792466648233,206.70915168573188,202.04478278189598,205.37786865234375,7477100
2022-07-29 00:00:00-04:00,206.00948647639376,208.10845461421584,203.90080624790727,206.1163787841797,6059700
2022-08-01 00:00:00-04:00,202.5597828880282,207.9432462820614,201.69493239257616,205.38755798339844,8028400
2022-08-02 00:00:00-04:00,201.92819415240075,202.93880032716154,198.16753873808221,200.43170166015625,9939400
2022-08-03 00:00:00-04:00,202.1128142016253,204.38668906379078,201.03417897301546,202.58895874023438,9520100
2022-08-04 00:00:00-04:00,204.58100117190858,208.808088090263,202.6569546673499,207.43792724609375,6789700
2022-08-05 00:00:00-04:00,204.75592956251367,209.84785228640646,204.55185705270335,209.77011108398438,5553700
2022-08-08 00:00:00-04:00,209.14823890520253,210.50868798334716,206.05810332431895,207.29222106933594,4063400
2022-08-09 00:00:00-04:00,206.00947182860693,207.4184959109676,203.8230505474071,204.31863403320312,4596800
2022-08-10 00:00:00-04:00,208.75952814896152,208.7692402399794,205.33898900294804,206.10667419433594,5746400
2022-08-11 00:00:00-04:00,207.63010664521022,207.83454059789904,205.00175711193788,205.478759765625,6639600
2022-08-12 00:00:00-04:00,207.34783583758318,207.56199910985745,204.52479612688725,205.72215270996094,6443700
2022-08-15 00:00:00-04:00,204.78761804415876,210.98859385863335,204.78761804415876,210.6770782470703,5290600
2022-08-16 00:00:00-04:00,208.85670723184631,211.83550473888343,206.50092609978506,211.3779754638672,6564400
2022-08-17 00:00:00-04:00,209.29472736011363,210.4434075711116,207.1044337016938,208.8274688720703,4902500
2022-08-18 00:00:00-04:00,208.1947466039924,210.26822973377614,206.79295602914607,209.5381317138672,4516400
2022-08-19 00:00:00-04:00,208.42835404525695,209.51862884862282,206.75399496644215,207.17259216308594,4178800
2022-08-22 00:00:00-04:00,204.3690344635262,205.64426992644897,202.67520175673454,203.07432556152344,5139500
2022-08-23 00:00:00-04:00,202.48048583157262,203.74599183879596,201.04949274820257,201.3123321533203,3525500
2022-08-24 00:00:00-04:00,201.1468742495073,202.8212335442573,200.22207155179848,201.18580627441406,4230800
2022-08-25 00:00:00-04:00,201.88671757292252,204.3398512453954,201.02033512465198,204.2522430419922,4495000
2022-08-26 00:00:00-04:00,204.20355613279105,204.68054400661381,197.3211582299185,197.50611877441406,5060200
2022-08-29 00:00:00-04:00,195.90960996384663,198.54770366975035,195.2963229533268,196.96095275878906,4476200
2022-08-30 00:00:00-04:00,198.50878598261937,198.98578871136706,194.89724269914356,196.03619384765625,3918200
2022-08-31 00:00:00-04:00,195.66628374435666,197.77869905505113,193.36890787837706,193.4370574951172,6559000
2022-09-01 00:00:00-04:00,193.44674826738807,195.11136322571073,191.44141500097905,194.8193359375,5608300
2022-09-02 00:00:00-04:00,197.0680880860198,197.10702011693968,191.62642696454847,192.51226806640625,4508100
2022-09-06 00:00:00-04:00,192.6485125447885,194.73172483370942,191.1883165987071,193.36888122558594,4547800
2022-09-07 00:00:00-04:00,193.4370389227584,195.80254932447644,191.9865722082596,195.10165405273438,4098300
2022-09-08 00:00:00-04:00,192.16180875573667,195.77336712795474,191.7334970259734,195.3839874267578,4377600
2022-09-09 00:00:00-04:00,196.70788937573442,200.92297567643925,196.00699406550058,199.75482177734375,4885600
2022-09-12 00:00:00-04:00,201.02035652234017,201.69204919436328,199.51148404740036,201.14691162109375,3812300
2022-09-13 00:00:00-04:00,196.6883851035264,198.0707020670568,193.5927621596019,194.3715362548828,5217900
2022-09-14 00:00:00-04:00,194.69280946126014,195.54946257613213,192.80428683286473,194.11846923828125,4632800
2022-09-15 00:00:00-04:00,192.83347690972244,194.99456814121402,189.36794750538652,190.18565368652344,6099300
2022-09-16 00:00:00-04:00,185.17230735807897,188.67678339852282,183.22537952536138,188.1705780029297,9398200
2022-09-19 00:00:00-04:00,186.50596877931375,188.84229134906877,185.64933053889754,188.00511169433594,8133600
2022-09-20 00:00:00-04:00,186.0289444599231,187.90772252807497,185.24042627779858,186.97320556640625,5292500
2022-09-21 00:00:00-04:00,187.42101684181432,187.96615428806177,182.0377622792985,182.05723571777344,6705900
2022-09-22 00:00:00-04:00,181.4050308829682,182.24221055654186,179.75987426888526,180.85987854003906,6604700
2022-09-23 00:00:00-04:00,178.6014579414319,179.6820036764602,177.394357121347,179.07846069335938,10755800
2022-09-26 00:00:00-04:00,178.1828352746088,179.60409918052554,175.1261590588624,175.7978515625,9914600
2022-09-27 00:00:00-04:00,177.66689645349524,179.94481333783165,172.32258898618628,173.1500244140625,9799600
2022-09-28 00:00:00-04:00,172.5562134601384,175.32086235155552,170.19070320479133,174.42526245117188,9751000
2022-09-29 00:00:00-04:00,174.08456485365346,177.4040805813807,173.98721251436493,175.28192138671875,9105200
2022-09-30 00:00:00-04:00,175.28193449416307,178.0660422717597,172.88722124895773,172.93588256835938,9472300
2022-10-03 00:00:00-04:00,174.58104280582822,178.49437252759222,173.422618185529,176.82974243164062,8842300
2022-10-04 00:00:00-04:00,180.13951754400946,181.26873935754935,178.21206296840307,180.7235870361328,7081400
2022-10-05 00:00:00-04:00,178.4748862781883,183.80947969546767,177.52089571683092,182.6899871826172,6119900
2022-10-06 00:00:00-04:00,181.69706117919662,183.05991977793963,180.33421743433638,180.66519165039062,5163000
2022-10-07 00:00:00-04:00,178.5819679645634,179.7111897703508,177.1022985243551,178.95188903808594,5610300
2022-10-10 00:00:00-04:00,179.24390853425209,179.8766541131349,176.09960951483643,177.34564208984375,4743800
2022-10-11 00:00:00-04:00,175.58369382000063,176.81999723721253,173.46154946741288,174.38633728027344,6294500
2022-10-12 00:00:00-04:00,174.33764351942366,175.79783934625112,173.49073469310534,173.5102081298828,4884300
2022-10-13 00:00:00-04:00,170.35620628467746,180.45102358384713,169.96682661186546,179.75987243652344,8426400
2022-10-14 00:00:00-04:00,181.83329860565806,182.16428759013613,177.23856308622084,177.77395629882812,6449400
2022-10-17 00:00:00-04:00,181.0642959656503,183.56610546450102,177.99789044326837,180.33419799804688,13952100
2022-10-18 00:00:00-04:00,184.46169058067684,185.14311237987948,180.81120074150434,182.2032470703125,5209200
2022-10-19 00:00:00-04:00,180.56783960049273,182.6607812229282,179.85720019792527,181.4634246826172,4927000
2022-10-20 00:00:00-04:00,181.51206495628094,185.91211059561357,181.48284737699052,182.25189208984375,5706700
2022-10-21 00:00:00-04:00,180.8696360801296,185.88297034585906,180.13953799169033,185.318359375,7582500
2022-10-24 00:00:00-04:00,186.33071369667536,188.00507265849075,184.0820146449259,185.6492919921875,7299200
2022-10-25 00:00:00-04:00,185.8050709040679,190.0493745833904,185.65905724406676,189.22193908691406,11907200
2022-10-26 00:00:00-04:00,191.36356586573976,200.89377243602004,191.28568695881222,197.9344482421875,15450000
2022-10-27 00:00:00-04:00,197.92471108850685,200.84510313983446,196.2406076441128,198.86895751953125,7946700
2022-10-28 00:00:00-04:00,199.56012753123227,205.90711720984928,197.91497093252434,203.7849578857422,8455600
2022-10-31 00:00:00-04:00,203.37607184155863,204.05749358616083,200.72824890206428,201.66278076171875,8674100
2022-11-01 00:00:00-04:00,203.3663732752352,204.39824276637012,199.88137027902712,201.43890380859375,5919500
2022-11-02 00:00:00-04:00,200.29994360570694,201.50704429088546,195.25740730838754,195.61758422851562,6985600
2022-11-03 00:00:00-04:00,193.01846522934716,193.57334690963532,189.02725638123528,189.58213806152344,8236200
2022-11-04 00:00:00-04:00,191.772403126092,196.10431484521982,190.15644936222992,191.7529296875,9680100
2022-11-07 00:00:00-05:00,193.05739632291997,195.12113534281835,191.937903760066,194.7901611328125,7821300
2022-11-08 00:00:00-05:00,196.30875669847353,198.70346985559718,194.43970757339005,196.42556762695312,6943700
2022-11-09 00:00:00-05:00,195.81088006533443,196.42553782529836,188.62042041452602,189.20579528808594,7320200
2022-11-10 00:00:00-05:00,198.14268888735702,200.74764543892914,195.14748235982802,200.56228637695312,8048900
2022-11-11 00:00:00-05:00,200.98178904463606,201.40130699247396,197.2255700421247,200.0061492919922,9601000
2022-11-14 00:00:00-05:00,198.54271129487486,204.07458750863103,198.25978228609787,201.82086181640625,5796100
2022-11-15 00:00:00-05:00,204.87460327148438,208.52348653003426,202.4550058923632,204.87460327148438,7316100
2022-11-16 00:00:00-05:00,203.49895458651463,205.7526801793065,203.14772365730795,205.0209503173828,6125300
2022-11-17 00:00:00-05:00,202.89406279109127,206.13317924061147,202.26965390401017,205.85025024414062,5385600
2022-11-18 00:00:00-05:00,207.97713275994758,208.95277255234987,204.63069541780698,205.6648712158203,8028500
2022-11-21 00:00:00-05:00,205.17704849966597,205.42095844441423,200.87447350140678,201.29400634765625,10450900
2022-11-22 00:00:00-05:00,202.484285855177,205.3526693668787,200.34764711060083,205.20632934570312,5273100
2022-11-23 00:00:00-05:00,204.8843519540338,207.645414293007,204.80629898588725,206.57220458984375,3807300
2022-11-25 00:00:00-05:00,206.55272862872667,208.78693743696442,206.24051671666578,208.58204650878906,1993500
2022-11-28 00:00:00-05:00,207.08930253833435,209.24547308777366,205.51852183489254,206.11366271972656,10229400
2022-11-29 00:00:00-05:00,204.25019851803785,205.03069845002773,202.29891891389929,203.96725463867188,8986900
2022-11-30 00:00:00-05:00,203.14772041405934,211.71383666992188,202.94282950567563,211.71383666992188,13918100
2022-12-01 00:00:00-05:00,211.71383666992188,213.32363638562077,210.0552519867905,211.71383666992188,11261500
2022-12-02 00:00:00-05:00,210.4747953032584,213.15780507726765,209.02110135343787,212.3577880859375,5132800
2022-12-05 00:00:00-05:00,210.39671248422346,211.62602813406656,207.86005798989441,208.47470092773438,9006300
2022-12-06 00:00:00-05:00,206.83566799566816,206.96250595217393,202.58187724706633,203.98680114746094,5986000
2022-12-07 00:00:00-05:00,203.71361530651254,203.92825727675316,200.13301863871072,202.7477264404297,7923800
2022-12-08 00:00:00-05:00,204.40627233323605,205.177036048633,202.6891517857599,204.0062713623047,4896500
2022-12-09 00:00:00-05:00,202.84526372209638,205.3916840616487,202.46476481559228,203.6160125732422,4928400
2022-12-12 00:00:00-05:00,204.88436555391772,209.5869567090977,204.36727763181966,209.362548828125,5941700
2022-12-13 00:00:00-05:00,214.19193898331199,214.62122284486045,207.4405138630809,207.85028076171875,14585000
2022-12-14 00:00:00-05:00,207.66495270787001,211.0113903229953,206.47467087307578,208.12350463867188,7001700
2022-12-15 00:00:00-05:00,204.49410953493467,206.6600310977897,201.78183206200484,202.84527587890625,10831800
2022-12-16 00:00:00-05:00,202.43550273620798,203.32332361930267,200.2988492421475,201.85011291503906,12472900
2022-12-19 00:00:00-05:00,201.596472198623,202.41600612098122,198.98174959151612,199.83056640625,4893600
2022-12-20 00:00:00-05:00,198.91344861147064,201.49888814514162,198.59148568871657,200.35739135742188,5024900
2022-12-21 00:00:00-05:00,201.5379201852356,202.8940589087474,200.5720314260263,201.77206420898438,4086900
2022-12-22 00:00:00-05:00,200.73789111716127,201.61596099224553,197.2060797651387,200.064697265625,5690300
2022-12-23 00:00:00-05:00,199.15734861592625,201.21594910132202,198.56220776790903,200.81593322753906,3246000
2022-12-27 00:00:00-05:00,200.90375800622166,201.8403788213058,199.61592113344912,201.26473999023438,2904900
2022-12-28 00:00:00-05:00,201.64521760814105,203.45015711142906,199.8110249902231,199.99639892578125,3139200
2022-12-29 00:00:00-05:00,200.9330071608853,203.4501595477566,200.4939722428792,202.99160766601562,3675500
2022-12-30 00:00:00-05:00,201.28425403520814,202.97210679863468,200.68911313428904,202.6989288330078,4159400
2023-01-03 00:00:00-05:00,204.18189501763013,207.15759936849938,201.13790362242318,202.3379364013672,4202800
2023-01-04 00:00:00-05:00,204.5136176637473,208.0064100631676,204.5136176637473,207.4307861328125,6606200
2023-01-05 00:00:00-05:00,208.59178907826487,208.94301999646237,205.33315576820453,205.96731567382812,5246000
2023-01-06 00:00:00-05:00,208.78693755157505,212.8260861218091,207.8991016741333,212.44558715820312,6829700
2023-01-09 00:00:00-05:00,213.73343902675634,216.79694770276706,213.03097711111587,213.27488708496094,6294500
2023-01-10 00:00:00-05:00,213.65537364491993,216.97254314180134,212.8650928703916,215.70420837402344,10857000
2023-01-11 00:00:00-05:00,215.89930976595315,216.76762853203834,214.34804616481458,216.68959045410156,5408200
2023-01-12 00:00:00-05:00,216.68961506179605,218.35795085638014,215.23590633653288,218.17257690429688,4264400
2023-01-13 00:00:00-05:00,216.50424084002643,218.30916561488422,214.77735415187038,217.626220703125,4283200
2023-01-17 00:00:00-05:00,216.96279604114895,218.9335778324777,216.95303011485146,217.56768798828125,6101100
2023-01-18 00:00:00-05:00,218.62135775780138,219.5091935064146,214.0943898968982,214.11390686035156,6558000
2023-01-19 00:00:00-05:00,212.78706103143864,216.12374759144438,212.20167115617463,215.04078674316406,4853100
2023-01-20 00:00:00-05:00,215.75298773815163,218.9628361738971,215.04077484275805,218.84576416015625,5211000
2023-01-23 00:00:00-05:00,219.12871494062517,220.68972975894226,217.71402525700807,218.71893310546875,5501500
2023-01-24 00:00:00-05:00,216.61153262688637,224.3971333458962,211.35283518439402,218.43597412109375,5274900
2023-01-25 00:00:00-05:00,216.22131941410225,219.48971917814174,215.78228441714816,219.42141723632812,4729600
2023-01-26 00:00:00-05:00,220.49459172334133,221.54828447908852,218.22134923461107,219.23602294921875,7043400
2023-01-27 00:00:00-05:00,222.4458749449157,227.1679680155835,221.7141450931232,225.8020782470703,11382600
2023-01-30 00:00:00-05:00,224.5922989470556,224.80694091310212,222.37759223580284,223.51910400390625,5677400
2023-01-31 00:00:00-05:00,223.23614609328493,225.17767470540184,222.8849151606176,224.60205078125,11294200
2023-02-01 00:00:00-05:00,223.78247992480792,226.99234297067088,222.25073329123177,225.27520751953125,5792700
2023-02-02 00:00:00-05:00,228.26070449568408,228.59241846980694,222.80686645251086,223.96788024902344,7190000
2023-02-03 00:00:00-05:00,223.11907831782946,225.23621499296902,222.09465350415996,224.5240020751953,5243600
2023-02-06 00:00:00-05:00,223.12883595404256,224.650831773828,222.48491006503085,223.85081481933594,3402400
2023-02-07 00:00:00-05:00,222.46541343927817,226.47529401065563,222.39711150070136,225.68502807617188,4042600
2023-02-08 00:00:00-05:00,224.72887413652134,226.21185084166882,224.38740912938417,224.59228515625,4978600
2023-02-09 00:00:00-05:00,227.1925662420576,227.26098703596057,223.98620107619894,224.20126342773438,5238400
2023-02-10 00:00:00-05:00,223.82001661433577,224.74868680346995,221.08287164932966,222.09951782226562,4509700
2023-02-13 00:00:00-05:00,221.78673490703844,224.67050684398944,221.19042830994076,223.74183654785156,4946700
2023-02-14 00:00:00-05:00,223.53650353093786,226.22476779661523,222.07017756784114,224.24034118652344,4829400
2023-02-15 00:00:00-05:00,222.48078519858635,223.9275711366289,221.7085266220736,223.7809295654297,4407300
2023-02-16 00:00:00-05:00,220.99487142022156,223.23345573227627,220.60384223026898,220.76025390625,3865900
2023-02-17 00:00:00-05:00,219.14730590092583,219.72407214272715,216.76209475375325,218.54122924804688,4520200
2023-02-21 00:00:00-05:00,215.21755612042847,217.44637042400618,215.05137429876794,215.66722106933594,7276100
2023-02-22 00:00:00-05:00,215.46196318786852,216.77187760567813,214.52350790994723,215.08071899414062,4621800
2023-02-23 00:00:00-05:00,216.5861416644267,217.10424236834285,214.01517842014195,216.16580200195312,5533800
2023-02-24 00:00:00-05:00,213.57532072931895,215.29581989414348,212.57822953106106,214.62130737304688,4414400
2023-02-27 00:00:00-05:00,215.77477946580947,216.4688470826686,214.4159844784294,215.4033203125,4255300
2023-02-28 00:00:00-05:00,215.06113783360996,216.79140661909088,214.57236252035176,215.0024871826172,5385400
2023-03-01 00:00:00-05:00,214.53328906086892,215.32510276295704,211.57129663580395,213.45797729492188,4792700
2023-03-02 00:00:00-05:00,212.99854031872167,214.6701587271351,212.21649670610861,214.14227294921875,5539300
2023-03-03 00:00:00-05:00,215.25665789025686,218.99090866738518,214.96338970145916,218.74652099609375,6055400
2023-03-06 00:00:00-05:00,218.9029672536198,222.31462528591908,218.6683645825402,221.65966796875,5737600
2023-03-07 00:00:00-05:00,221.6596682175701,222.27553006233157,218.07205817793388,218.1600341796875,4386800
2023-03-08 00:00:00-05:00,216.9771938475945,217.92540445185432,216.2146904594783,217.2020263671875,4194900
2023-03-09 00:00:00-05:00,216.42973307498312,219.333060035912,214.72880429286704,215.07093811035156,5066700
2023-03-10 00:00:00-05:00,214.1129477163016,214.20092370724726,210.64263943866862,211.28782653808594,6638900
2023-03-13 00:00:00-04:00,209.81174619040448,212.9594611579358,207.7295580820783,209.65533447265625,6810800
2023-03-14 00:00:00-04:00,213.10604893112415,214.9340639354559,211.1900430289649,213.75123596191406,7985600
2023-03-15 00:00:00-04:00,209.59662819139294,212.0405046968206,208.87323537594054,211.5126190185547,8372200
2023-03-16 00:00:00-04:00,210.33957556158717,212.69547625268603,204.07347219629517,212.56838989257812,13674600
2023-03-17 00:00:00-04:00,210.04633345784313,213.75125930475147,210.04633345784313,212.509765625,18801200
2023-03-20 00:00:00-04:00,212.12852335346716,215.5988316726823,211.972111645751,213.25270080566406,9817400
2023-03-21 00:00:00-04:00,216.37107018031287,217.51480271899624,213.77078171651644,216.96737670898438,8971400
2023-03-22 00:00:00-04:00,217.50503153799846,219.85114726000222,214.98294893291242,215.10025024414062,6700600
2023-03-23 00:00:00-04:00,215.49127432346444,220.19329070848798,215.31530744458908,217.59300231933594,6427700
2023-03-24 00:00:00-04:00,215.71613080550804,216.36131790610656,213.35045968622148,216.07781982421875,4791500
2023-03-27 00:00:00-04:00,217.59302430294082,219.04958033339875,216.41996635146867,216.83053588867188,7210900
2023-03-28 00:00:00-04:00,217.81783441988793,218.31637986192,213.74143524353698,215.38372802734375,6418400
2023-03-29 00:00:00-04:00,217.299758273156,218.53148181340413,215.96051846573448,218.28709411621094,4483000
2023-03-30 00:00:00-04:00,218.8931714281177,219.20599484117264,216.2440171364247,217.36819458007812,5383900
2023-03-31 00:00:00-04:00,218.58036029985098,220.77006449990884,218.2773070285119,220.3986053466797,9509000
2023-04-03 00:00:00-04:00,220.17374519777573,224.01552729618706,219.08866329843332,223.85911560058594,6421500
2023-04-04 00:00:00-04:00,223.8590933359857,224.88552447645088,221.73781026768506,222.54917907714844,5254700
2023-04-05 00:00:00-04:00,221.68894985438916,223.3410129485923,221.46411736658786,223.04774475097656,4813600
2023-04-06 00:00:00-04:00,221.08286883997926,221.64006497988333,219.63608307117036,220.91668701171875,4285200
2023-04-10 00:00:00-04:00,220.49632220679945,221.3956670147667,219.28416894730577,221.34678649902344,4952200
2023-04-11 00:00:00-04:00,221.90401136170317,223.99596928626082,221.12196780977956,223.3214569091797,4513300
2023-04-12 00:00:00-04:00,224.76824949155187,226.39098740816638,222.22662634764436,222.6958465576172,4373000
2023-04-13 00:00:00-04:00,224.30880849280027,227.61291998543237,223.66362139824375,227.46629333496094,7615500
2023-04-14 00:00:00-04:00,227.75955762330875,229.71465914915504,227.0263945511164,228.7664337158203,9781300
2023-04-17 00:00:00-04:00,228.76644169168105,228.7957670222919,225.7555834469564,228.23855590820312,4865000
2023-04-18 00:00:00-04:00,228.5024768587014,229.06945805647072,226.48872479683382,228.35585021972656,4796200
2023-04-19 00:00:00-04:00,228.7468741692204,228.80552482728066,226.64514603544387,227.34898376464844,3833900
2023-04-20 00:00:00-04:00,227.24144659994369,229.40182533487,226.302991346979,229.33340454101562,4925700
2023-04-21 00:00:00-04:00,229.72443135830082,230.28164245798686,228.1408038812833,228.79576110839844,6771500
2023-04-24 00:00:00-04:00,228.971699227095,229.8710440927042,226.31276009562433,227.53469848632812,9124100
2023-04-25 00:00:00-04:00,227.7888585650689,229.74395988159557,224.27944036556167,224.43585205078125,6076500
2023-04-26 00:00:00-04:00,226.02928621250535,227.54449286230383,221.63030782574629,223.0281982421875,8400400
2023-04-27 00:00:00-04:00,223.53650233017765,224.47495750466368,221.52275040494024,223.86886596679688,7128200
2023-04-28 00:00:00-04:00,223.51697742402325,228.32654033505773,222.9402260500597,227.50538635253906,11627900
2023-05-01 00:00:00-04:00,227.64223257838495,229.32362101883803,226.31276299561367,227.29031372070312,4571100
2023-05-02 00:00:00-04:00,226.74288876909327,227.15345828561559,221.13175712704805,221.88446044921875,5244000
2023-05-03 00:00:00-04:00,221.88444151541768,223.53650449422415,220.84824021696227,220.90689086914062,4093300
2023-05-04 00:00:00-04:00,219.79254370307007,220.98515701025147,218.46307386471585,220.53549194335938,5648700
2023-05-05 00:00:00-04:00,223.21391401842786,227.12411665656967,222.18748284266778,226.57669067382812,6237500
2023-05-08 00:00:00-04:00,226.05863641366213,228.20924532278147,226.05863641366213,227.01663208007812,2938400
2023-05-09 00:00:00-04:00,225.89244491079336,228.8348675043951,225.6382870678508,228.02349853515625,4352100
2023-05-10 00:00:00-04:00,229.04011749904896,229.53866295465346,223.76133510335882,226.07814025878906,5245000
2023-05-11 00:00:00-04:00,226.00959838689212,226.76378411332803,223.58055033323097,226.26425170898438,3818000
2023-05-12 00:00:00-04:00,227.23393679123592,227.9489359421389,225.09872852445216,226.62667846679688,3432700
2023-05-15 00:00:00-04:00,226.44055269406752,228.04686077092325,225.81370112615602,228.0272674560547,2843200
2023-05-16 00:00:00-04:00,227.78241215866967,228.31132706338198,224.91261164997067,225.7353515625,4289700
2023-05-17 00:00:00-04:00,227.9489332736212,229.0851065311539,225.81372503183357,227.87057495117188,4990100
2023-05-18 00:00:00-04:00,227.62571127312066,229.33976034880777,226.3818121331109,228.8010711669922,6621900
2023-05-19 00:00:00-04:00,229.1928409849862,229.52585263714707,227.17516281030143,228.5170135498047,5399400
2023-05-22 00:00:00-04:00,228.51701270642582,229.0655060009774,226.43076540470796,226.52871704101562,3987800
2023-05-23 00:00:00-04:00,224.55999241548741,224.7754740377313,219.0652409389082,219.96633911132812,8537200
2023-05-24 00:00:00-04:00,217.97807459531748,218.51677872742138,215.50983971888274,217.68423461914062,6730800
2023-05-25 00:00:00-04:00,217.8800980387627,220.07408600528765,215.96037164520865,218.79100036621094,6827600
2023-05-26 00:00:00-04:00,219.2219714704517,221.5628720194046,218.751821567374,220.38751220703125,5067300
2023-05-30 00:00:00-04:00,220.38750996229237,220.8380665451558,215.23557395910433,217.0867462158203,6916000
2023-05-31 00:00:00-04:00,215.44127755306587,216.9790166238068,211.6997462152244,216.48928833007812,20460600
2023-06-01 00:00:00-04:00,218.15435319124038,222.05260102077187,217.86051323718368,221.84690856933594,7003600
2023-06-02 00:00:00-04:00,224.10945232461097,225.53946547318958,222.7480083087485,224.08985900878906,5897100
2023-06-05 00:00:00-04:00,223.22793847463694,223.63930841851962,220.6813455511875,222.11135864257812,4858900
2023-06-06 00:00:00-04:00,222.03301829604175,224.5404247923295,221.51390749541912,223.53158569335938,6020100
2023-06-07 00:00:00-04:00,222.3366677967215,222.87537196326716,216.47952099716352,220.6422119140625,8517200
2023-06-08 00:00:00-04:00,220.46588890108515,220.51486472156986,217.840952310711,218.46780395507812,6248200
2023-06-09 00:00:00-04:00,219.0456434669714,220.55399984872963,218.1837169943555,218.96728515625,6385000
2023-06-12 00:00:00-04:00,219.79985866784753,221.79794355113324,219.03588371729816,221.52369689941406,8621100
2023-06-13 00:00:00-04:00,220.98498744125197,222.48355480383185,218.05642185002574,218.8105926513672,6868700
2023-06-14 00:00:00-04:00,219.14360190089616,220.83805745510261,218.00742877811214,218.84976196289062,9160700
2023-06-15 00:00:00-04:00,217.45895799725204,222.4443884924663,216.82230224157982,221.52369689941406,12534000
2023-06-16 00:00:00-04:00,221.79791273077484,225.0790978551224,221.43551862250058,224.20738220214844,13628900
2023-06-20 00:00:00-04:00,222.33664619809085,224.85385681118038,221.53348461956807,221.81753540039062,12312300
2023-06-21 00:00:00-04:00,221.47469134433697,223.93313663938915,220.3581115707337,222.58148193359375,7032100
2023-06-22 00:00:00-04:00,221.70979392102532,224.2269895813395,220.8674606572911,223.69808959960938,6275500
2023-06-23 00:00:00-04:00,222.552123427598,225.25541818529945,221.73917267961082,224.83425903320312,5424400
2023-06-26 00:00:00-04:00,224.72650914877755,225.372954046934,221.55306460399916,221.65101623535156,5165400
2023-06-27 00:00:00-04:00,222.80678580338557,223.9135765569037,221.86651582570866,222.66966247558594,4628500
2023-06-28 00:00:00-04:00,222.82637515347645,223.37486845491048,221.3767835789263,223.2769317626953,5324500
2023-06-29 00:00:00-04:00,224.08986276384385,229.87845469723143,223.90377856904112,229.5062713623047,7118900
2023-06-30 00:00:00-04:00,231.41621476189417,233.38491714498542,231.1027814765526,232.60134887695312,6879400
2023-07-03 00:00:00-04:00,232.13117909779947,233.50241215231696,230.5738469261719,233.0812530517578,3087400
2023-07-05 00:00:00-04:00,229.59441408112608,235.06957262326594,229.18304412247386,234.53086853027344,7601200
2023-07-06 00:00:00-04:00,233.37514131641106,234.67782046069203,231.82759800843792,233.9726104736328,6441800
2023-07-07 00:00:00-04:00,231.86676069514618,233.5416380857058,231.27909569229791,231.59251403808594,5729500
2023-07-10 00:00:00-04:00,232.14099574064412,234.18807132567275,231.6414782714104,233.2673797607422,4858900
2023-07-11 00:00:00-04:00,233.90401658787826,235.755188871731,233.22818917633631,235.6082763671875,3856500
2023-07-12 00:00:00-04:00,236.58774694557042,238.9384368295639,236.27431365686633,237.23419189453125,6116000
2023-07-13 00:00:00-04:00,238.78171945896068,239.25186939058685,238.15486782878085,238.31158447265625,5819600
2023-07-14 00:00:00-04:00,239.7023966002379,239.71220073071478,236.98931272525314,238.16465759277344,4941200
2023-07-17 00:00:00-04:00,238.1156887870701,240.32925526849488,238.0079479658982,238.9776153564453,4328100
2023-07-18 00:00:00-04:00,238.10588116634375,238.1842245344746,232.79721378361,235.82374572753906,7674000
2023-07-19 00:00:00-04:00,236.29389761884642,237.60636583636,235.1871069117455,236.4604034423828,4835500
2023-07-20 00:00:00-04:00,236.2057438845998,236.64649634060933,234.15868329324556,234.69737243652344,4695000
2023-07-21 00:00:00-04:00,234.81493056919953,235.41239969277038,233.82566983859437,234.33499145507812,5427400
2023-07-24 00:00:00-04:00,234.7561512648774,236.32328780668183,233.2967704924602,235.7943878173828,6010000
2023-07-25 00:00:00-04:00,235.0891780992122,235.85315305412945,233.6591648825107,233.7864990234375,4997500
2023-07-26 00:00:00-04:00,226.66582056517262,233.94319010376213,223.00264788893998,232.22914123535156,7551400
2023-07-27 00:00:00-04:00,232.5425708719551,233.75710236677267,228.174203055303,229.62379455566406,8160100
2023-07-28 00:00:00-04:00,229.76091327032614,231.03420974101678,228.90879087666326,230.90687561035156,6794800
2023-07-31 00:00:00-04:00,231.15173583250646,233.522018787859,231.15173583250646,232.84619140625,4799600
2023-08-01 00:00:00-04:00,232.2683307086941,235.78457621260875,232.13120738653177,234.85409545898438,4627300
2023-08-02 00:00:00-04:00,233.7277131456499,233.88441482973292,231.9255017981514,232.6796875,4868200
2023-08-03 00:00:00-04:00,231.15177695939417,234.1391228286543,230.41718444787065,233.85507202148438,5033800
2023-08-04 00:00:00-04:00,233.11063972179574,236.94031810410198,232.95392309981193,234.08030700683594,5169700
2023-08-07 00:00:00-04:00,234.30561958664012,237.2048028836646,234.2958304005156,236.54856872558594,5649800
2023-08-08 00:00:00-04:00,235.48095149543346,236.4016430809763,232.5131992243539,234.37416076660156,5080600
2023-08-09 00:00:00-04:00,235.55930642005166,236.99910878173753,234.57006065906066,234.83450317382812,4055000
2023-08-10 00:00:00-04:00,236.11998317607026,239.38770818762626,235.5998962947204,235.66859436035156,4778000
2023-08-11 00:00:00-04:00,235.51162745313297,236.21816353336646,233.96117410892205,235.55087280273438,3607100
2023-08-14 00:00:00-04:00,236.2181376454996,238.77932691230092,235.76673382071104,238.35736083984375,4351100
2023-08-15 00:00:00-04:00,237.48401083632177,238.13167134787955,234.87376857717092,235.34478759765625,3770100
2023-08-16 00:00:00-04:00,232.10650226030248,236.56160524526024,231.60604548203094,234.81488037109375,3218600
2023-08-17 00:00:00-04:00,235.51160560236764,235.88450376940062,232.0672537608659,232.9307861328125,4177600
2023-08-18 00:00:00-04:00,231.17424615103636,234.57935231499036,230.8994838357971,233.71580505371094,4344800
2023-08-21 00:00:00-04:00,234.90318379500468,236.0316708119602,233.3134704215584,234.981689453125,3573600
2023-08-22 00:00:00-04:00,235.51160611736805,236.91485558324018,234.20647750332333,236.07095336914062,3848400
2023-08-23 00:00:00-04:00,236.80691704697162,238.00408721816802,236.2181320673988,237.76858520507812,4947700
2023-08-24 00:00:00-04:00,237.7195243172732,239.00502275477865,234.88357269628483,234.99151611328125,4570700
2023-08-25 00:00:00-04:00,236.8658066148259,238.85784111875554,235.7176893125678,238.03355407714844,3541500
2023-08-28 00:00:00-04:00,238.465317143994,240.64380077479848,238.0629961825803,239.26998901367188,3741500
2023-08-29 00:00:00-04:00,238.946154087277,241.23258109568286,238.84801826049952,240.75173950195312,3975600
2023-08-30 00:00:00-04:00,241.81152536675293,243.58767289457484,241.44844978713206,241.6250762939453,4573300
2023-08-31 00:00:00-04:00,240.99705966638294,243.38162245774234,240.85967849547424,241.0853729248047,5532600
2023-09-01 00:00:00-04:00,242.8418946056601,244.21570625386636,242.15498878155694,243.4699249267578,4112900
2023-09-05 00:00:00-04:00,243.70545719091098,244.03909504447452,240.61435832851961,240.75173950195312,4459600
2023-09-06 00:00:00-04:00,240.83023034183333,242.04704564120541,239.64286776742114,241.556396484375,4520300
2023-09-07 00:00:00-04:00,240.9087377590572,242.77319857922814,240.52603201287795,242.51806640625,4007900
2023-09-08 00:00:00-04:00,243.15593242022118,243.49939286155882,241.83118851811696,242.665283203125,3309100
2023-09-11 00:00:00-04:00,242.70451629056188,243.7152523664864,241.66434246278905,242.59657287597656,2995800
2023-09-12 00:00:00-04:00,242.32182658550047,243.12648347833291,241.4092112975114,242.6750946044922,3499600
2023-09-13 00:00:00-04:00,242.5278844976806,245.38346632847555,241.99798996981102,243.19517517089844,5657000
2023-09-14 00:00:00-04:00,240.41809524314993,240.947989762726,234.28498056857978,236.98355102539062,12000000
2023-09-15 00:00:00-04:00,237.37606418295508,239.53493252539502,235.54104106530562,236.5615997314453,13077900
2023-09-18 00:00:00-04:00,236.43402634529824,240.64378966959862,236.26720742296158,240.08445739746094,4771600
2023-09-19 00:00:00-04:00,240.41810748913605,240.53585850538974,236.9443177488246,239.00503540039062,4709000
2023-09-20 00:00:00-04:00,239.07370943317432,239.95687191311282,237.15035817837486,237.33680725097656,5756600
2023-09-21 00:00:00-04:00,236.26720218916316,236.27700978199235,231.85135972131118,232.18499755859375,6881500
2023-09-22 00:00:00-04:00,232.3224061275838,233.3429499188865,230.48738283266582,230.6836395263672,5935500
2023-09-25 00:00:00-04:00,230.97800008635363,231.06631334028282,227.8672862527596,228.9957733154297,5921600
2023-09-26 00:00:00-04:00,227.5925072386746,228.31867337017206,225.30609537923186,225.3551483154297,6193200
2023-09-27 00:00:00-04:00,225.95378928889636,226.36593286585963,223.6575543714894,225.2080078125,6006700
2023-09-28 00:00:00-04:00,226.35610013592935,228.1911233524717,225.37480173590882,227.3275909423828,4203900
2023-09-29 00:00:00-04:00,228.48552671813775,228.67197581874433,225.35518227766138,225.7084503173828,6045200
2023-10-02 00:00:00-04:00,224.9528204492543,227.04297557911886,224.49160906521027,226.94485473632812,5175200
2023-10-03 00:00:00-04:00,226.15982735197616,227.41588801671884,223.52013244807307,224.53086853027344,5585700
2023-10-04 00:00:00-04:00,225.18836355784964,227.36684730934888,224.59959347335788,226.8958282470703,5430900
2023-10-05 00:00:00-04:00,226.10096242109762,229.81026908472208,225.91451333389864,229.11354064941406,6126200
2023-10-06 00:00:00-04:00,228.8093250967212,232.1653635193892,228.39718160342065,230.64434814453125,6401300
2023-10-09 00:00:00-04:00,228.44627422414882,230.77194667841653,227.36683997725106,230.05560302734375,5372200
2023-10-10 00:00:00-04:00,230.5069973496344,233.76491535461187,229.8985971089034,232.1752166748047,4644000
2023-10-11 00:00:00-04:00,233.10745347354242,234.049491615301,230.4971959616976,231.2724151611328,4760900
2023-10-12 00:00:00-04:00,232.28315405543717,233.2840676563733,230.49718375556492,232.35183715820312,4472800
2023-10-13 00:00:00-04:00,231.96915880658455,234.1868880929834,231.81214744823046,233.2252197265625,4966800
2023-10-16 00:00:00-04:00,234.53029537231646,236.20832206558808,233.87282730343927,235.58029174804688,6227300
2023-10-17 00:00:00-04:00,235.14853255746306,236.96392555298937,233.83358136542304,236.6891632080078,4527600
2023-10-18 00:00:00-04:00,235.47235363512345,236.32607838993013,232.55789639987225,233.02891540527344,9528300
2023-10-19 00:00:00-04:00,233.02891819191402,233.4704994505972,229.044849323941,229.43736267089844,5927400
2023-10-20 00:00:00-04:00,229.75140043976646,231.36072922562917,228.28926042533843,229.0154266357422,5748300
2023-10-23 00:00:00-04:00,227.033178032036,230.07520878818727,226.95467237027592,227.1999969482422,5071700
2023-10-24 00:00:00-04:00,228.53457796519822,232.10650345142355,228.53457796519822,230.26165771484375,6844100
2023-10-25 00:00:00-04:00,227.90653863092362,234.0200230741911,226.96448563966456,232.42051696777344,10365300
2023-10-26 00:00:00-04:00,230.18314588018893,231.2036895081961,226.05187351238263,226.9546661376953,6414500
2023-10-27 00:00:00-04:00,226.84674548491566,227.06263232712925,223.7654691600969,224.98228454589844,5540900
2023-10-30 00:00:00-04:00,227.84765341752956,229.0154007838442,225.72804550758482,228.72100830078125,5170300
2023-10-31 00:00:00-04:00,229.20183148024685,231.3116166551111,228.63267671820114,230.70321655273438,4828400
2023-11-01 00:00:00-04:00,231.72377857035383,234.56953763388069,231.2723747667604,234.11814880371094,4996200
2023-11-02 00:00:00-04:00,235.4233181632975,238.7008514404297,234.7265896653385,238.7008514404297,6286700
2023-11-03 00:00:00-04:00,240.53584369800313,240.73211534424382,237.72932985379867,239.04428100585938,5029800
2023-11-06 00:00:00-05:00,239.43678180872138,240.2021932740065,238.0727777899775,238.9363250732422,5254100
2023-11-07 00:00:00-05:00,238.85784690842172,240.4868058444807,238.828409154324,240.19241333007812,4219700
2023-11-08 00:00:00-05:00,239.44504177063902,240.6841046911439,238.76650195513517,239.85806274414062,5117500
2023-11-09 00:00:00-05:00,240.2710623761472,240.41856449454508,236.9668798763169,237.62574768066406,4866600
2023-11-10 00:00:00-05:00,239.926859759925,241.19543794119613,237.95025643750182,241.17576599121094,4094400
2023-11-13 00:00:00-05:00,240.9299273768447,241.5986236462029,240.05471313883066,240.60540771484375,4088500
2023-11-14 00:00:00-05:00,242.08049495592877,243.8112515245751,241.50029994207202,242.83770751953125,14092000
2023-11-15 00:00:00-05:00,242.7098592780539,244.11611116411723,241.26427849548966,243.98826599121094,13258900
2023-11-16 00:00:00-05:00,244.4602849971338,245.30599881265877,243.16222135313146,244.4406280517578,7051600
2023-11-17 00:00:00-05:00,245.30601134401115,246.08289587980323,244.52914181352165,245.4141845703125,7238200
2023-11-20 00:00:00-05:00,245.46334746361134,246.7614111237752,241.51996910316186,245.81736755371094,8604200
2023-11-21 00:00:00-05:00,245.87639106171255,249.1314014928749,245.87639106171255,248.0398406982422,7213700
2023-11-22 00:00:00-05:00,248.79705618195655,250.31146644333924,248.4627080081232,249.50509643554688,5701400
2023-11-24 00:00:00-05:00,249.96723572561092,250.46875787787738,249.28869604558554,250.07540893554688,1640900
2023-11-27 00:00:00-05:00,250.07545168505155,250.74414800238472,248.32502308344075,249.91810607910156,5478900
2023-11-28 00:00:00-05:00,249.63290802361155,249.92791225181642,247.43011475277197,248.73802185058594,5234900
2023-11-29 00:00:00-05:00,249.70174408263267,251.8160361420876,249.30839509753974,250.006591796875,4955100
2023-11-30 00:00:00-05:00,250.0262842725324,252.50441009159232,248.96422391923394,252.41590881347656,6874700
2023-12-01 00:00:00-05:00,251.5406582292336,252.64206232865658,249.68205663025233,252.18971252441406,3939400
2023-12-04 00:00:00-05:00,251.65870034153858,253.11412465469792,250.12461823254048,250.21311950683594,5247500
2023-12-05 00:00:00-05:00,249.96725861216305,250.58679750809276,247.951311336217,250.38027954101562,4199100
2023-12-06 00:00:00-05:00,251.55053759274054,252.5634105607013,249.31824365895264,250.06561279296875,3874000
2023-12-07 00:00:00-05:00,250.6556322774611,251.8848816234477,249.28872429083196,251.5701904296875,3589300
2023-12-08 00:00:00-05:00,250.76381920071609,251.78655063101408,249.65258649432582,251.4915313720703,3732300
2023-12-11 00:00:00-05:00,250.76380675990796,253.3501206274029,250.76380675990796,252.258544921875,6479300
2023-12-12 00:00:00-05:00,253.02559673655853,255.40540773816522,252.1405539712225,255.24806213378906,5946600
2023-12-13 00:00:00-05:00,254.84485737827492,258.11955446612217,254.39250754410347,258.0212097167969,4859900
2023-12-14 00:00:00-05:00,258.8177695405201,258.87677039218266,252.1405597283845,254.43186950683594,8168700
2023-12-15 00:00:00-05:00,250.28197122245118,254.0778479366472,250.222970367642,253.74349975585938,13374000
2023-12-18 00:00:00-05:00,254.40235450036874,255.27755375694008,253.66481388625164,254.07781982421875,6041100
2023-12-19 00:00:00-05:00,254.31381892871298,256.01509005373794,252.92726900688686,255.6708984375,8731200
2023-12-20 00:00:00-05:00,256.17245859930824,256.4871498200948,252.80925994969073,252.83876037597656,7240900
2023-12-21 00:00:00-05:00,253.2320879028362,255.6708693413962,252.76989464462514,255.22836303710938,6246700
2023-12-22 00:00:00-05:00,255.68075114598867,256.8706416233525,253.93032258856724,254.13682556152344,5111500
2023-12-26 00:00:00-05:00,254.23518211111445,255.42507264369164,254.23518211111445,254.85472106933594,2085100
2023-12-27 00:00:00-05:00,254.9432159909851,255.4545667004373,254.01882931614813,254.62852478027344,4034700
2023-12-28 00:00:00-05:00,254.24501035133622,256.6346347521582,254.24501035133622,256.0740966796875,3020500
2023-12-29 00:00:00-05:00,256.2413403910773,257.11653983924106,255.3562974625103,256.0249938964844,4074900
2024-01-02 00:00:00-05:00,255.2972621017117,255.7692989935992,253.38951760553286,254.56956481933594,5471000
2024-01-03 00:00:00-05:00,254.2548440439522,254.55969178959347,252.59291665094952,253.6943359375,4148300
2024-01-04 00:00:00-05:00,253.78281557339696,256.7034776056165,253.7139712468702,255.29721069335938,3843000
2024-01-05 00:00:00-05:00,256.44775838818737,257.1164546004766,254.45148321785877,255.37586975097656,3748400
2024-01-08 00:00:00-05:00,256.6051323737145,258.25721614363215,255.63158836833526,258.1785583496094,4659000
2024-01-09 00:00:00-05:00,257.6475520283998,259.2406351438247,256.80185309477247,258.9554443359375,7055800
2024-01-10 00:00:00-05:00,260.5681704779341,260.9615194507578,258.4932073795891,260.16497802734375,4355800
2024-01-11 00:00:00-05:00,261.0500357419334,261.7679194163372,258.040872411284,259.643798828125,5599000
2024-01-12 00:00:00-05:00,260.7255071275684,261.1385130311582,259.3290838097412,259.7814636230469,4656100
2024-01-16 00:00:00-05:00,259.1422818943294,261.2467457012652,257.99173524225165,260.8337097167969,6196400
2024-01-17 00:00:00-05:00,260.0273142503868,262.6627853278609,259.99781382827337,262.2005920410156,5118700
2024-01-18 00:00:00-05:00,263.42985651363574,264.31489928910435,261.99411912184866,263.685546875,6694300
2024-01-19 00:00:00-05:00,263.7248430985359,266.6455050693166,262.6136104616532,266.399658203125,7226500
2024-01-22 00:00:00-05:00,267.71737290675026,267.8255611249434,265.86859981560696,266.6946716308594,5984300
2024-01-23 00:00:00-05:00,267.0388533833855,267.3535445738665,265.42611355072705,266.7536926269531,5883000
2024-01-24 00:00:00-05:00,268.0419061104385,268.3270668437943,266.57663850297735,267.1371765136719,5021700
2024-01-25 00:00:00-05:00,267.4322589303194,268.2484574004039,266.3013392279014,268.0812683105469,6894900
2024-01-26 00:00:00-05:00,261.52208599491115,266.3701793869311,261.1877378310415,263.4888610839844,8586500
2024-01-29 00:00:00-05:00,262.53496569973623,270.5004105618207,262.27927534281287,269.11383056640625,6574500
2024-01-30 00:00:00-05:00,270.0283678237029,274.01110517261696,269.63501882902864,272.54583740234375,6549000
2024-01-31 00:00:00-05:00,272.5163510114067,275.3386684570524,268.64180169260345,268.7204895019531,6139300
2024-02-01 00:00:00-05:00,268.8483076137632,272.58516789524185,268.8187771802759,272.4474792480469,7065000
2024-02-02 00:00:00-05:00,272.99819733502784,273.87342664033366,271.10026660789333,272.5753479003906,4848700
2024-02-05 00:00:00-05:00,272.79166439738873,273.38170285170713,270.55938575705676,271.00189208984375,4899100
2024-02-06 00:00:00-05:00,270.23492257196335,272.28038575315446,269.4777248618687,272.1623840332031,4400000
2024-02-07 00:00:00-05:00,274.73884426432426,274.89618988834064,272.45737773200034,274.7486877441406,4785900
2024-02-08 00:00:00-05:00,275.40872577405236,275.52694750015064,271.2116740981837,271.70428466796875,5833400
2024-02-09 00:00:00-05:00,270.93580654926257,273.08358136338717,270.0392517268757,272.34466552734375,4618300
2024-02-12 00:00:00-05:00,272.3446776032524,272.58115112653405,270.1870408610098,271.0047912597656,3676200
2024-02-13 00:00:00-05:00,269.7042726490754,273.8914622701113,268.72891339394556,271.73382568359375,5493800
2024-02-14 00:00:00-05:00,272.38405946225447,273.53678129704485,270.6500608275474,273.45794677734375,4218400
2024-02-15 00:00:00-05:00,273.54665029836144,276.96536894169213,273.4579840015479,276.82745361328125,4834800
2024-02-16 00:00:00-05:00,276.8077008019531,276.96533977965595,273.7633713323079,274.44317626953125,6630700
2024-02-20 00:00:00-05:00,270.5122030741698,272.7486444649348,269.30037012504454,271.0836181640625,6157200
2024-02-21 00:00:00-05:00,270.5713346276337,272.87674889741464,269.4875851675055,272.66986083984375,4770100
2024-02-22 00:00:00-05:00,275.05405040551386,279.86193472469955,274.85702420329994,279.5565185546875,5100200
2024-02-23 00:00:00-05:00,280.5121647923733,281.7239976211666,279.31019379630163,279.4087219238281,5107700
2024-02-26 00:00:00-05:00,278.85701096411447,281.1328694826165,278.4826221053887,279.9505920410156,3856900
2024-02-27 00:00:00-05:00,279.97035927190416,279.97035927190416,277.3792223569069,278.9851379394531,4145200
2024-02-28 00:00:00-05:00,277.930922606935,281.90136306989547,277.91119893919273,281.40875244140625,4358800
2024-02-29 00:00:00-05:00,281.2807008612383,281.4383398882733,278.009758700045,278.4629821777344,6633700
2024-03-01 00:00:00-05:00,279.014636990534,280.69935670992,277.94071949661026,278.9752197265625,3955700
2024-03-04 00:00:00-05:00,278.63042807387336,278.81762252258847,274.01959969477633,276.3841247558594,5920300
2024-03-05 00:00:00-05:00,276.12792985016307,276.8372903038528,273.57621059681713,275.2510986328125,6227900
2024-03-06 00:00:00-05:00,275.8619760521399,277.8324187382266,275.1821709201144,276.2856140136719,4535200
2024-03-07 00:00:00-05:00,276.7289494240888,277.01467200513804,272.0787039228808,274.1476745605469,5668500
2024-03-08 00:00:00-05:00,274.8766982649203,277.5072519399692,274.7091974417077,275.9013366699219,3928800
2024-03-11 00:00:00-04:00,275.32011503541986,276.6205843514818,273.88167023346307,276.4136962890625,4614000
2024-03-12 00:00:00-04:00,277.15258645298604,280.2757510337411,276.14767160550036,279.7240295410156,7988700
2024-03-13 00:00:00-04:00,280.45307786050313,281.87179883156864,279.62549563847585,280.9259948730469,5783800
2024-03-14 00:00:00-04:00,284.6894868921658,284.7683214191725,280.3446581377198,282.17718505859375,5484500
2024-03-15 00:00:00-04:00,279.3594369555743,281.40871372542904,278.46291219364576,278.85699462890625,9845000
2024-03-18 00:00:00-04:00,279.67475690920253,281.9998947393958,279.06392453287924,280.8373107910156,4095600
2024-03-19 00:00:00-04:00,282.42352745094064,283.80283118918015,281.0343618788887,283.10333251953125,6595200
2024-03-20 00:00:00-04:00,283.38904410525356,285.586068167378,282.4826273601136,285.0047912597656,6105000
2024-03-21 00:00:00-04:00,285.68459185070685,286.6599512149617,283.6451767558422,286.07867431640625,5057600
2024-03-22 00:00:00-04:00,285.7141108725575,286.19685957652536,278.7092034827693,279.07373046875,8744100
2024-03-25 00:00:00-04:00,278.82746283974365,279.3102116088779,275.9013546583214,277.0540466308594,8519200
2024-03-26 00:00:00-04:00,279.9308934627119,279.9308934627119,274.29542721556334,276.45306396484375,8752400
2024-03-27 00:00:00-04:00,276.1082256535571,277.0934467977268,272.886563336085,274.8963928222656,5190700
2024-03-28 00:00:00-04:00,274.3742589535196,275.66489639821765,273.0245106385733,274.9555358886719,5844400
2024-04-01 00:00:00-04:00,276.21660529553327,276.73880140317823,272.6993884099726,274.1673583984375,5084000
2024-04-02 00:00:00-04:00,273.89148197452806,275.2018128856218,272.88656721714557,274.3249816894531,6912300
2024-04-03 00:00:00-04:00,276.33484963096123,276.33484963096123,272.47276934475815,272.8668518066406,4536600
2024-04-04 00:00:00-04:00,274.2461727775742,274.95553328039085,269.51712280317435,269.95062255859375,4018600
2024-04-05 00:00:00-04:00,272.0196118989753,273.85210911840716,270.9654178727937,273.04425048828125,4392100
2024-04-08 00:00:00-04:00,272.167335776849,273.871779147034,271.083586526054,273.655029296875,5542400
2024-04-09 00:00:00-04:00,273.52695647824856,273.89148349815343,269.2806556681886,272.6304016113281,7313900
2024-04-10 00:00:00-04:00,271.3496332727811,272.7289369249278,270.0688276863441,270.42352294921875,5276000
2024-04-11 00:00:00-04:00,269.95060952133406,272.39396892782634,268.15749971656714,271.60577392578125,8102300
2024-04-12 00:00:00-04:00,271.477708503965,272.9062913698927,270.00973843522627,271.88165283203125,9038400
2024-04-15 00:00:00-04:00,273.78314092679597,273.80283452735245,266.34470263051026,267.27081298828125,10267500
2024-04-16 00:00:00-04:00,266.54175593598535,270.07869648999673,266.1772288970704,267.33978271484375,8237100
2024-04-17 00:00:00-04:00,269.26094364840793,269.9506105194267,267.48755750373846,268.65997314453125,5940900
2024-04-18 00:00:00-04:00,268.54171334171195,269.11312833105865,265.8717426032765,267.35943603515625,8231800
2024-04-19 00:00:00-04:00,267.457994949602,267.9801609723635,264.3249988130329,265.79296875,7905400
2024-04-22 00:00:00-04:00,266.9456873786569,269.7141564541925,265.37915926365054,268.3052673339844,6463700
2024-04-23 00:00:00-04:00,269.9604924038244,270.8274919403925,268.6796867005969,270.0589904785156,6438000
2024-04-24 00:00:00-04:00,278.3939429706005,278.8175808421241,270.4333393728859,270.95550537109375,8807200
2024-04-25 00:00:00-04:00,268.93583845799714,272.1378074329022,266.49247900087516,271.0934753417969,8064600
2024-04-26 00:00:00-04:00,270.9456694183245,272.6796381416114,269.78308564791416,270.462890625,6840600
2024-04-29 00:00:00-04:00,268.29542673444985,270.4136461616657,267.08359391427786,267.822509765625,4128600
2024-04-30 00:00:00-04:00,266.5318660344473,268.05894673032094,264.61067284080815,264.6402282714844,6376400
2024-05-01 00:00:00-04:00,264.1870440516337,266.90626403347557,262.76832319733035,263.36932373046875,6119900
2024-05-02 00:00:00-04:00,265.3693039037094,265.4875256226562,262.70919496116113,263.6549987792969,5061700
2024-05-03 00:00:00-04:00,265.02447555547474,265.46783707652315,262.56142280867664,264.5220031738281,3862000
2024-05-06 00:00:00-04:00,265.66490191296333,268.7486492113174,265.5860974428862,268.6402893066406,3958700
2024-05-07 00:00:00-04:00,269.6747406679106,273.77326435545194,268.79787939201685,272.3742370605469,6377100
2024-05-08 00:00:00-04:00,273.6944458605695,274.43336178359107,270.8570339720819,273.0934753417969,9029700
2024-05-09 00:00:00-04:00,272.709217606693,274.6698282505494,272.31513513787695,274.42352294921875,8948800
2024-05-10 00:00:00-04:00,275.4185877280501,276.876725998399,275.1131715466326,276.59100341796875,8986400
2024-05-13 00:00:00-04:00,277.30034077216953,277.98014578156506,274.97523325396634,275.2609558105469,10528400
2024-05-14 00:00:00-04:00,275.3102336418598,275.85209331284284,270.2166264550378,273.6353454589844,18526100
2024-05-15 00:00:00-04:00,273.05403420506093,277.56636388448015,272.975229742783,277.3397521972656,21288400
2024-05-16 00:00:00-04:00,278.0898864382011,278.72160932835493,275.64203554436835,276.2145080566406,10341500
2024-05-17 00:00:00-04:00,276.42176007993055,277.27063389034566,274.49704165744396,276.47113037109375,6177800
2024-05-20 00:00:00-04:00,275.60261013891085,276.6389949791482,274.5760752621322,274.9314270019531,5460900
2024-05-21 00:00:00-04:00,274.39836811972134,274.8227900209365,271.3187941316,272.37493896484375,6578200
2024-05-22 00:00:00-04:00,271.9603949267609,274.47734658468073,271.55570302982517,272.0097351074219,4202500
2024-05-23 00:00:00-04:00,271.67407937678183,273.84558901262346,269.49271978046136,270.67718505859375,6115900
2024-05-24 00:00:00-04:00,271.4471203139999,271.6741212730699,269.8086228128569,270.933837890625,4339700
2024-05-28 00:00:00-04:00,270.6772244635418,270.9042254206514,266.72904645793267,267.4693298339844,6212100
2024-05-29 00:00:00-04:00,265.51500124177016,267.6272911749943,264.7845978663093,265.3768005371094,5469700
2024-05-30 00:00:00-04:00,265.21889491649733,268.12080843766523,264.83393306550886,267.7851867675781,4901900
2024-05-31 00:00:00-04:00,267.9234010864525,269.22630724834016,265.5248898263039,268.93017578125,8910000
2024-06-03 00:00:00-04:00,269.5519571402588,269.5914473512905,264.5871249107581,266.8770751953125,4838800
2024-06-04 00:00:00-04:00,266.13679313755625,269.45324794696313,265.82093169222077,268.8906555175781,4188500
2024-06-05 00:00:00-04:00,269.98629117952504,271.3681475077985,268.49584428856116,270.9437255859375,5368700
2024-06-06 00:00:00-04:00,271.2398358611346,273.55939662570955,270.5291625656523,273.4508361816406,4862400
2024-06-07 00:00:00-04:00,274.11213842752596,276.6981903750235,273.27314452064377,275.0597229003906,4515600
2024-06-10 00:00:00-04:00,274.53655892001944,274.9511007223029,269.8382176794319,271.4767150878906,5213800
2024-06-11 00:00:00-04:00,270.9832211360724,271.2990525014602,268.6932705343072,271.1115417480469,6244600
2024-06-12 00:00:00-04:00,273.18432116290523,274.00358504353994,266.40332962849203,266.8179016113281,7536600
2024-06-13 00:00:00-04:00,266.81788131357195,268.3379081831795,265.8308367956515,267.6766052246094,7361200
2024-06-14 00:00:00-04:00,266.6006999255595,268.0318962400805,265.7814362006349,267.1534423828125,8537300
2024-06-17 00:00:00-04:00,265.5149908859168,268.3083137816134,265.5149908859168,267.6568908691406,9258200
2024-06-18 00:00:00-04:00,267.7851533541184,270.35147500719154,267.7851533541184,270.0751037597656,6707500
2024-06-20 00:00:00-04:00,269.6506364096337,274.4378073189502,269.5618060367435,273.2336120605469,10164400
2024-06-21 00:00:00-04:00,273.57916798494546,273.9443696713286,271.0226959358414,271.6544189453125,14594700
2024-06-24 00:00:00-04:00,271.7530831561393,276.7574057092699,271.7037128606876,272.7203674316406,24149600
2024-06-25 00:00:00-04:00,273.2632927797817,274.32928765205526,269.9862976074219,269.9862976074219,18325800
2024-06-26 00:00:00-04:00,269.37432626889114,270.9042332413483,268.2293509995455,270.0553894042969,12172000
2024-06-27 00:00:00-04:00,265.0313694565726,267.08440908135236,263.0474000646319,263.13623046875,10529100
2024-06-28 00:00:00-04:00,263.7382805010175,265.1201366615802,257.86535416586975,259.0695495605469,13957300
2024-07-01 00:00:00-04:00,260.37251298449655,262.3268420857099,257.9147513575653,259.8296203613281,7955800
2024-07-02 00:00:00-04:00,259.8296015055484,264.7549743652344,259.0004876860793,264.7549743652344,8697800
2024-07-03 00:00:00-04:00,265.5841073924301,266.2552905154645,264.6760130736922,265.505126953125,5017800
2024-07-05 00:00:00-04:00,265.51499465637585,267.0449017216827,264.76483112902,266.85736083984375,7986400
2024-07-08 00:00:00-04:00,266.74876612296725,267.92335144370156,262.52421702625963,262.9486389160156,8561100
2024-07-09 00:00:00-04:00,263.5408856673846,264.08374810208585,260.500801813083,262.0010986328125,6431300
2024-07-10 00:00:00-04:00,255.7629747914554,260.0665046225865,255.16089208446755,259.59271240234375,9635500
2024-07-11 00:00:00-04:00,258.73398721897087,260.21455401254326,257.38174103372813,259.1485290527344,8803600
2024-07-12 00:00:00-04:00,260.9153239824876,263.9356775629029,260.24414099177443,262.29718017578125,6627800
2024-07-15 00:00:00-04:00,262.2281244402906,265.7518503972487,261.8135524983033,264.97210693359375,6845200
2024-07-16 00:00:00-04:00,265.0411654559129,266.709272989877,263.90607036034487,265.76171875,7869900
2024-07-17 00:00:00-04:00,264.9622639602936,269.37435467915475,264.7648429846093,269.1670837402344,5324700
2024-07-18 00:00:00-04:00,268.7623591347733,270.07511508454115,265.0806722537845,265.66302490234375,5550800
2024-07-19 00:00:00-04:00,266.8178647104187,267.43970753756673,260.88571788774743,262.02081298828125,6839900
2024-07-22 00:00:00-04:00,263.7679675557954,264.92279299305784,261.58657706814165,264.2417297363281,5313600
2024-07-23 00:00:00-04:00,264.0639891074897,264.2317999105182,260.4415228785526,261.3594970703125,8109200
2024-07-24 00:00:00-04:00,252.75251472439945,253.86787992771312,249.8506012276718,250.8771209716797,13065900
2024-07-25 00:00:00-04:00,252.08129993237114,254.87463773764222,249.4261477577695,250.4526824951172,8573300
2024-07-26 00:00:00-04:00,252.27871416947588,257.8160497859534,252.27871416947588,256.09857177734375,7062200
2024-07-29 00:00:00-04:00,256.9474605666599,259.306481525253,255.2299824590675,258.21087646484375,6068100
2024-07-30 00:00:00-04:00,259.81975738339406,260.87587219821154,257.62851719618044,259.6914367675781,5941800
2024-07-31 00:00:00-04:00,261.11281459585956,262.9092130653955,260.82656319729824,262.2281799316406,7642500
2024-08-01 00:00:00-04:00,262.8795835568283,263.54091671396606,260.75744362271246,262.4847717285156,7269700
2024-08-02 00:00:00-04:00,260.4119398530104,264.48843849938777,259.47426564171457,263.1263122558594,7017900
2024-08-05 00:00:00-04:00,258.06279356651714,259.5137501694966,251.21268734546524,253.11769104003906,9631300
2024-08-06 00:00:00-04:00,253.17693072181527,257.11522889393643,252.45639240704574,254.9141387939453,21586800
2024-08-07 00:00:00-04:00,256.29598959646995,258.6352803433375,252.98938435366935,253.1966552734375,12908600
2024-08-08 00:00:00-04:00,254.78584826835186,257.07579915708413,254.5785773196085,256.46380615234375,8223700
2024-08-09 00:00:00-04:00,256.3252930984267,258.6494747152461,256.16704567989024,256.9088134765625,7228100
2024-08-12 00:00:00-04:00,257.64070459211496,258.7286368284504,256.39452492298415,257.03741455078125,26769400
2024-08-13 00:00:00-04:00,257.2747497558594,258.80772447648155,256.42417364635253,257.2747497558594,12005700
2024-08-14 00:00:00-04:00,258.0066259060042,258.62971570997246,255.9000004478679,258.273681640625,8552300
2024-08-15 00:00:00-04:00,259.95502551276667,264.4551021467704,259.95502551276667,263.8715515136719,7397800
2024-08-16 00:00:00-04:00,263.92103947620024,265.4935838893964,262.4770730020113,264.4452209472656,5111100
2024-08-19 00:00:00-04:00,264.48478129945835,265.36499686445364,262.3188165710289,263.5451965332031,6555900
2024-08-20 00:00:00-04:00,264.0693681697936,265.09796142578125,262.86275786448476,265.09796142578125,6803600
2024-08-21 00:00:00-04:00,265.612229148485,266.31442759491796,264.45508820546564,265.2561950683594,6639700
2024-08-22 00:00:00-04:00,265.98810844092543,266.5419594485469,263.64412646534606,264.99908447265625,4425200
2024-08-23 00:00:00-04:00,265.75072685807237,266.2551085093339,262.3979214395611,264.5045471191406,3697400
2024-08-26 00:00:00-04:00,264.7814707275581,267.40237793707115,264.7320316072819,265.2660827636719,4612200
2024-08-27 00:00:00-04:00,265.5727009049103,267.97605204868364,264.94964116812605,267.7485656738281,6594100
2024-08-28 00:00:00-04:00,268.1837298931054,268.9947367517079,264.7320460691463,266.2353515625,5455100
2024-08-29 00:00:00-04:00,268.0056850659053,272.96067386988216,267.4815036496727,271.30902099609375,5565100
2024-08-30 00:00:00-04:00,271.9815291187413,273.94967670738373,271.2496612079113,273.33648681640625,6296100
2024-09-03 00:00:00-04:00,273.33650161596876,278.993718935248,273.33650161596876,275.4826965332031,7278300
2024-09-04 00:00:00-04:00,275.6508241840625,278.5585566691658,275.6409544699037,277.4112854003906,6107500
2024-09-05 00:00:00-04:00,277.91567949861,278.4101913838389,274.36508778458017,275.5617980957031,6447400
2024-09-06 00:00:00-04:00,274.7211446665305,277.2036041949525,274.3848801785654,276.3035888671875,7187700
2024-09-09 00:00:00-04:00,278.9937143010236,283.82015517357473,278.55854142349125,282.4750671386719,10933900
2024-09-10 00:00:00-04:00,282.79158931194524,283.256431740462,280.45750745478927,282.20806884765625,5314400
2024-09-11 00:00:00-04:00,281.89156353762405,282.0399412594647,275.2453221366819,280.84320068359375,6281800
2024-09-12 00:00:00-04:00,280.88274371393703,282.86079120488023,278.3805148451982,282.2377014160156,4160800
2024-09-13 00:00:00-04:00,283.34543818316337,285.5707418853645,282.4157533329681,284.1960144042969,4987600
2024-09-16 00:00:00-04:00,284.88833588154176,287.707060167225,284.58174087255816,287.29168701171875,4458900
2024-09-17 00:00:00-04:00,287.7070428583821,289.85323797476497,286.89603602674515,288.35980224609375,5135700
2024-09-18 00:00:00-04:00,288.6367041357905,288.81472117717624,284.9674342639328,285.3135986328125,5890000
2024-09-19 00:00:00-04:00,287.8949571013072,288.2806909014838,279.7651796146909,282.1091613769531,10382100
2024-09-20 00:00:00-04:00,282.3663159204415,283.84985173088165,280.14101220478125,281.6443176269531,27810900
2024-09-23 00:00:00-04:00,281.77287493572635,285.7092005303872,281.4959494786846,285.4619445800781,6505600
2024-09-24 00:00:00-04:00,277.1046894962697,277.91569628084494,269.71668027751355,269.7859191894531,13690200
2024-09-25 00:00:00-04:00,271.1804169524886,271.23975596124427,265.285844016093,266.67047119140625,11671300
2024-09-26 00:00:00-04:00,267.5309145905451,270.2408299079998,267.03640273363095,268.7078552246094,9552500
2024-09-27 00:00:00-04:00,270.1618018399236,274.9289048057126,269.78596788739674,272.1497497558594,6509600
2024-09-30 00:00:00-04:00,271.98156802739135,272.6639969217782,270.20133710971203,271.93212890625,5969900
2024-10-01 00:00:00-04:00,273.92991921879843,275.99697530964835,271.3485514423519,274.5530090332031,5781600
2024-10-02 00:00:00-04:00,273.53432173308806,274.5925844511293,272.34748109083097,273.9595947265625,4741600
2024-10-03 00:00:00-04:00,273.6332497057257,274.6420431959103,272.8123429844248,273.8211364746094,3036700
2024-10-04 00:00:00-04:00,274.30574351814363,275.3837757853776,272.0804400772435,274.8793640136719,4259300
2024-10-07 00:00:00-04:00,274.5529986238683,274.5727682330991,270.2408393853925,270.7848205566406,4339300
2024-10-08 00:00:00-04:00,271.6947301244493,273.06948774711844,271.0024315473182,271.9419860839844,4370900
2024-10-09 00:00:00-04:00,271.9815416749592,274.444201248417,271.40792115832073,273.8903503417969,4115800
2024-10-10 00:00:00-04:00,273.7420096312916,274.62225531211783,272.3277128231666,274.4244384765625,4063900
2024-10-11 00:00:00-04:00,273.0101439514207,275.7398291727192,272.34748471111936,274.7903747558594,4746300
2024-10-14 00:00:00-04:00,276.0167380740133,278.28161093893755,274.93870579591123,277.59918212890625,3996600
2024-10-15 00:00:00-04:00,277.9157096847333,279.5377233321136,275.76951458938026,276.2244873046875,5807000
2024-10-16 00:00:00-04:00,275.5617996542724,284.4432440289553,275.2947741004782,284.3641052246094,9442700
2024-10-17 00:00:00-04:00,285.4026364792854,287.7367184153602,284.4531517957774,287.2026672363281,8815800
2024-10-18 00:00:00-04:00,286.7378161406982,287.84551805542185,284.9179856435227,287.43011474609375,5350900
2024-10-21 00:00:00-04:00,286.421292443109,287.2520687955795,283.18716536881584,283.70147705078125,6313100
2024-10-22 00:00:00-04:00,281.9212797691404,283.3850461582169,280.4179741514582,281.6641540527344,5736500
2024-10-23 00:00:00-04:00,282.90038942182616,282.92015903300995,280.4179299093962,280.6454162597656,5249300
2024-10-24 00:00:00-04:00,279.29048206108536,280.50696217802783,278.6377226454166,280.1113586425781,4679900
2024-10-25 00:00:00-04:00,280.88276854747363,281.96080090343605,277.6981105981872,278.6376953125,4464600
2024-10-28 00:00:00-04:00,278.9442835579841,281.51575149805836,278.4398717569286,281.0706787109375,4306200
2024-10-29 00:00:00-04:00,281.14982328830837,282.5641504549086,278.2618902988157,278.78607177734375,7534800
2024-10-30 00:00:00-04:00,289.13122340116183,292.53346779757067,285.1652281767325,286.97515869140625,9606800
2024-10-31 00:00:00-04:00,288.883952192088,293.0873032558338,286.4410622489125,286.6685485839844,7950200
2024-11-01 00:00:00-04:00,285.32349384341217,289.4576366637813,284.03777485280773,287.5487976074219,5470700
2024-11-04 00:00:00-05:00,288.3499116774509,289.93235598528514,287.5686045124736,288.6466369628906,4281600
2024-11-05 00:00:00-05:00,288.5081262640619,291.5444365951179,288.37954833994513,290.07080078125,3753700
2024-11-06 00:00:00-05:00,302.95780741285546,305.60838421333796,299.49622377289853,304.02593994140625,10320500
2024-11-07 00:00:00-05:00,304.12483406440464,304.25341199420274,301.0786538848571,302.4434814453125,6237300
2024-11-08 00:00:00-05:00,303.52152916448046,307.7347500379499,302.3346885287191,304.4907531738281,6240600
2024-11-11 00:00:00-05:00,306.6864174796185,309.01062968076644,305.9050801476126,307.50732421875,4674100
2024-11-12 00:00:00-05:00,306.229047250672,307.7252920530031,305.30748334778315,307.03167724609375,4616400
2024-11-13 00:00:00-05:00,306.6749275411851,308.12166942881066,305.03994167859054,306.6650390625,4046400
2024-11-14 00:00:00-05:00,306.48663474835115,308.45855452661425,305.030004470335,305.4461975097656,4415800
2024-11-15 00:00:00-05:00,304.76248029861114,307.89374106549184,303.8706726047516,306.8235778808594,5106300
2024-11-18 00:00:00-05:00,306.6650322851682,309.56837423494426,305.8921282450232,309.3206481933594,4585600
2024-11-19 00:00:00-05:00,307.18027956782373,309.39000665885465,305.70384209444103,309.0134582519531,4885500
2024-11-20 00:00:00-05:00,309.0233369379995,309.4494486817772,303.4346535600061,304.5940246582031,6349900
2024-11-21 00:00:00-05:00,304.5048502927646,308.09194891872653,303.8607686071072,307.0812072753906,5757100
2024-11-22 00:00:00-05:00,305.16873808500833,308.75580610269594,305.0993675401375,307.10101318359375,5919200
2024-11-25 00:00:00-05:00,309.02338898936745,310.80703480702834,307.04158046307634,310.34130859375,14189300
2024-11-26 00:00:00-05:00,311.3421215572309,311.63938073060933,308.7063126732852,308.9837646484375,7071500
2024-11-27 00:00:00-05:00,307.94327855444243,313.49234796399094,306.67492242425953,311.8375549316406,5204300
2024-11-29 00:00:00-05:00,311.43125782733915,313.37342139471383,310.846628037568,312.21405029296875,3853300
2024-12-02 00:00:00-05:00,314.01753195585525,314.5328214885692,310.8565451686143,313.7698059082031,5597500
2024-12-03 00:00:00-05:00,314.21572789921237,314.4337280328339,309.9250957783882,310.1629333496094,5009900
2024-12-04 00:00:00-05:00,309.578305227165,310.0043867779849,305.9912066012031,307.0812072753906,5981800
2024-12-05 00:00:00-05:00,307.16045357494977,308.2603425741231,306.02088970590637,306.26861572265625,5200100
2024-12-06 00:00:00-05:00,306.06057234425356,309.71701122476054,305.99120179335057,308.1811218261719,4302700
2024-12-09 00:00:00-05:00,308.9936178666401,310.16290770848843,304.8417574322579,305.4957275390625,5785300
2024-12-10 00:00:00-05:00,304.5642771952526,310.1331837766131,303.8508552559972,309.53863525390625,4539500
2024-12-11 00:00:00-05:00,310.19264342109153,312.67979227309525,308.37927189314206,310.9358215332031,4321800
2024-12-12 00:00:00-05:00,311.9564559995197,312.67979668525186,310.57908469710617,311.371826171875,3218500
2024-12-13 00:00:00-05:00,312.9572792807448,314.0671174540771,311.480841609434,311.877197265625,4682200
2024-12-16 00:00:00-05:00,311.8771596786045,314.6715166139761,311.242996753127,313.0167236328125,6562500
2024-12-17 00:00:00-05:00,312.94736216870484,315.93988187514907,312.27355459082924,315.40478515625,8843900
2024-12-18 00:00:00-05:00,315.6029341225989,318.6945498633605,306.74424965926767,306.9622497558594,10479200
2024-12-19 00:00:00-05:00,308.9936541167707,313.9878199254982,308.3991357681105,312.01593017578125,8317100
2024-12-20 00:00:00-05:00,310.7178021941834,317.08930822370513,309.43952745320854,314.82012939453125,24387000
2024-12-23 00:00:00-05:00,312.7788984236697,315.0778033792705,310.4998309052697,314.3346252441406,7984600
2024-12-24 00:00:00-05:00,315.27600586736105,318.6153482173613,314.39408660507786,317.7334289550781,2684100
2024-12-26 00:00:00-05:00,316.86141308939995,318.5261550644452,316.55423521828936,317.9910583496094,2856000
2024-12-27 00:00:00-05:00,316.365972690651,318.5756999405565,314.6715349777618,315.76153564453125,3489200
2024-12-30 00:00:00-05:00,311.81771162915373,314.22560146350486,310.38091875120523,312.4419860839844,3478500
2024-12-31 00:00:00-05:00,313.2446032616984,314.7706040624223,312.32306969450536,313.16534423828125,3963800
2025-01-02 00:00:00-05:00,314.88951348615774,316.77222528673946,309.56836314198955,311.5402526855469,5369500
2025-01-03 00:00:00-05:00,311.3222833235061,313.04647724468725,309.1720380815693,312.045654296875,4271300
2025-01-06 00:00:00-05:00,312.1447092335696,312.5212576287812,309.231448769556,310.192626953125,6567300
2025-01-07 00:00:00-05:00,310.0440178128232,312.3230852897886,308.48829102063627,308.8351135253906,4958600
2025-01-08 00:00:00-05:00,308.17123045681575,311.1835879291238,307.3884076099991,309.7566833496094,5161600
2025-01-10 00:00:00-05:00,308.36937828225047,309.01345992069463,303.20674597658063,304.9111022949219,6660100
2025-01-13 00:00:00-05:00,302.2257770711499,304.1283264160156,301.07632458529287,304.1283264160156,9568400
2025-01-14 00:00:00-05:00,305.9416911501392,307.3388697895356,304.72286802045346,306.2785949707031,5107600
2025-01-15 00:00:00-05:00,310.8267805839625,314.30486353710495,310.2817954429253,313.40313720703125,5222000
2025-01-16 00:00:00-05:00,312.87799310346026,316.27678716445155,312.87799310346026,314.3643493652344,4606700
2025-01-17 00:00:00-05:00,314.61205666824657,317.67394675631306,313.82923394981077,316.7127685546875,5805800
2025-01-21 00:00:00-05:00,317.3965310355639,321.6276812051789,317.0893531439055,320.68634033203125,5653000
2025-01-22 00:00:00-05:00,321.8159289099539,322.77710714206955,319.447683723604,320.616943359375,5026500
2025-01-23 00:00:00-05:00,320.8151346058415,325.5219292790962,320.6268603997117,325.2246398925781,5297100
2025-01-24 00:00:00-05:00,325.03636968275924,328.07845269289544,324.82828827763444,327.1965637207031,4327500
2025-01-27 00:00:00-05:00,326.99841738073366,332.43847228399517,325.06614190930236,331.49713134765625,6636500
2025-01-28 00:00:00-05:00,331.6258962729518,334.75712669159793,329.86208814295765,331.4376220703125,5999600
2025-01-29 00:00:00-05:00,331.4574375737999,334.04368288541144,331.4574375737999,332.82489013671875,5087300
2025-01-30 00:00:00-05:00,336.4218780598746,341.30702826782493,335.9165072659505,339.9296569824219,8081300
2025-01-31 00:00:00-05:00,343.31857591186593,348.0550967303691,338.60186229076385,338.6910400390625,8624100
2025-02-03 00:00:00-05:00,336.90742977965607,342.85285501106176,336.1543329068791,342.67449951171875,8004500
2025-02-04 00:00:00-05:00,341.4655738991025,342.8627523702409,339.42431378268606,342.01055908203125,5532600
2025-02-05 00:00:00-05:00,342.8528230768223,346.301180276247,342.1096449921182,346.26153564453125,4939100
2025-02-06 00:00:00-05:00,346.59846450137985,347.46054630363625,343.44739645175457,344.31939697265625,4294500
2025-02-07 00:00:00-05:00,344.83465447272994,347.55964096640815,344.0518317037109,344.8544616699219,4261200
2025-02-10 00:00:00-05:00,345.5282920100313,348.6991671718126,344.53738785197555,348.0352783203125,6067000
2025-02-11 00:00:00-05:00,345.7126789567772,349.50430976922263,343.67791927669026,348.1147155761719,5154800
2025-02-12 00:00:00-05:00,346.5662585673462,349.2164074329278,344.90865088222534,348.8789367675781,6760100
2025-02-13 00:00:00-05:00,350.4968559662568,353.4348592315422,348.1246257463355,352.98822021484375,4279200
2025-02-14 00:00:00-05:00,351.7970911114926,352.78966255968066,350.59608814063046,351.18170166015625,5720300
2025-02-18 00:00:00-05:00,351.06265197655114,354.08998324321055,349.7822261298304,354.080078125,5822000
2025-02-19 00:00:00-05:00,353.3752962027272,354.49690684959194,351.54896826896316,352.5911865234375,4152300
2025-02-20 00:00:00-05:00,352.5911926687716,353.4845009804059,346.4670130499755,347.8863830566406,5697000
2025-02-21 00:00:00-05:00,347.88641086108873,350.69540545577865,344.89879093885025,345.94097900390625,6924100
2025-02-24 00:00:00-05:00,346.16921253406036,348.1940363886845,344.7795883358326,347.2610168457031,5055900
2025-02-25 00:00:00-05:00,348.7598650855966,349.97080360353914,343.4297606412601,349.4745178222656,6191900
2025-02-26 00:00:00-05:00,347.40006566027046,349.2164583898776,346.3975586348543,348.025390625,5960600
2025-02-27 00:00:00-05:00,349.285940791446,357.6334716017008,349.0675738273046,353.097412109375,7298100
2025-02-28 00:00:00-05:00,352.0750524548494,361.29605080435203,351.0824808867056,360.015625,15857300
2025-03-03 00:00:00-05:00,360.3034597833793,363.81717142634926,356.86917082446587,359.1322326660156,9099600
2025-03-04 00:00:00-05:00,357.43490219702966,357.5937172692121,347.79704157872015,349.61346435546875,8955800
2025-03-05 00:00:00-05:00,348.2238562418129,351.47948964577205,346.3479118029868,350.06011962890625,8244200
2025-03-06 00:00:00-05:00,343.3900407238917,346.2784275336947,337.8614402796064,341.6034240722656,8611100
2025-03-07 00:00:00-05:00,338.3378661750698,343.81688062691603,336.62073674535804,342.75482177734375,6358700
2025-03-10 00:00:00-04:00,337.41476025635785,342.44710506283326,335.13185790834467,338.9433288574219,8204300
2025-03-11 00:00:00-04:00,335.89614221230545,337.0872098989899,327.13171845399165,329.6727294921875,9776100
2025-03-12 00:00:00-04:00,333.47427710543474,333.66286813012744,326.66522027124824,330.3675231933594,6295400
2025-03-13 00:00:00-04:00,328.5312520376789,333.7025716918127,325.26571340391433,326.109375,7915300
2025-03-14 00:00:00-04:00,324.77933571343476,330.29803123253635,323.9555146363559,329.3352355957031,7810600
2025-03-17 00:00:00-04:00,327.5783764672847,333.61319796124707,327.31039306247374,332.0647888183594,6149400
2025-03-18 00:00:00-04:00,332.79929864348503,333.30548949840875,329.8314893326802,332.28314208984375,7778300
2025-03-19 00:00:00-04:00,334.29804381683005,338.49663184920973,332.015141655727,337.3452453613281,5614900
2025-03-20 00:00:00-04:00,336.4817415891937,339.69766358563754,335.1516994018881,336.97802734375,5432700
2025-03-21 00:00:00-04:00,334.86388445718694,336.90857958250007,333.0276208917873,333.1665954589844,17279700
2025-03-24 00:00:00-04:00,336.134327393606,342.6555293209634,335.14175590843905,341.3155517578125,5675100
2025-03-25 00:00:00-04:00,342.00047620202685,342.9632718885476,338.1393883375077,342.0600280761719,3931200
2025-03-26 00:00:00-04:00,343.4198125365693,344.79950149712596,340.4520333673521,341.6232604980469,6187100
2025-03-27 00:00:00-04:00,341.44456295818674,348.2337477262875,340.76962167331203,347.2610168457031,7254800
2025-03-28 00:00:00-04:00,346.5960616066312,349.0080032008069,339.07235230257794,340.30316162109375,5687600
2025-03-31 00:00:00-04:00,336.82917267295846,349.24622257567796,332.0052590294127,347.85662841796875,9950800
2025-04-01 00:00:00-04:00,347.8367746283876,347.8467100369184,340.0252414163327,343.77716064453125,7473300
2025-04-02 00:00:00-04:00,340.88874739233717,345.61339727308604,340.501629980197,343.75726318359375,5682500
2025-04-03 00:00:00-04:00,331.419627671556,342.1790994173941,328.541176293924,336.8688659667969,8792900
2025-04-04 00:00:00-04:00,327.548601237895,332.16405274261683,309.8014176333739,310.8039245605469,13201700
2025-04-07 00:00:00-04:00,299.8260810630953,319.78667944095287,296.778879280273,309.99993896484375,12163400
2025-04-08 00:00:00-04:00,319.8462363061084,323.8562337207618,301.6722542325901,305.9800109863281,9569300
2025-04-09 00:00:00-04:00,303.36957174968546,331.54866125033834,303.36957174968546,329.9605407714844,11361800
2025-04-10 00:00:00-04:00,325.58331156384054,327.70742923767034,310.9428810827381,322.1986389160156,8709800
2025-04-11 00:00:00-04:00,322.019972067207,334.4767628604182,320.144027639236,330.92333984375,6804500
2025-04-14 00:00:00-04:00,333.9109984216604,337.0872092038152,330.66530036126704,332.69012451171875,5011800
2025-04-15 00:00:00-04:00,334.21867337845134,336.868852585166,332.5114492037403,333.3154296875,4386200
2025-04-16 00:00:00-04:00,332.51146424051313,334.7149742599511,326.4170604757067,328.86871337890625,5850600
2025-04-17 00:00:00-04:00,328.610675317875,331.8365329043558,326.0002072551973,327.1614990234375,5655900
2025-04-21 00:00:00-04:00,326.55601758292966,326.70489724705635,314.29775372186907,317.7221374511719,6362300
2025-04-22 00:00:00-04:00,321.45420402020414,330.08958852422495,319.99515293739404,328.9382019042969,5435500
2025-04-23 00:00:00-04:00,334.7348143715311,338.7150359152207,330.72484718434157,331.8861389160156,8906000
2025-04-24 00:00:00-04:00,330.80424492707886,334.26830994302304,328.78932589248984,333.2161865234375,8055200
2025-04-25 00:00:00-04:00,332.27327882511344,333.8713045630103,329.7025220135741,332.68023681640625,4452800
2025-04-28 00:00:00-04:00,334.2782499885968,336.81923076822625,332.53131434352156,335.0028381347656,5422900
2025-04-29 00:00:00-04:00,335.9854769850612,339.7274609052591,333.96062249755994,338.9830322265625,5519500
2025-04-30 00:00:00-04:00,331.95563272299455,343.9458837593796,330.76453474263207,342.9334716796875,9526700
2025-05-01 00:00:00-04:00,343.01285133188384,343.1518258838107,337.5934193334326,339.9061279296875,5849900
2025-05-02 00:00:00-04:00,344.6406707739598,347.4893460773067,343.5488360869076,345.0178527832031,6113700
2025-05-05 00:00:00-04:00,344.4223085902637,348.44221102662306,343.54884082856637,346.0501403808594,3865300
2025-05-06 00:00:00-04:00,343.82679572959023,347.05265342534733,343.19156565768407,345.1171569824219,3438500
2025-05-07 00:00:00-04:00,346.1097084540244,348.54149055488324,344.6307562601749,347.25115966796875,5454000
2025-05-08 00:00:00-04:00,349.38517160328274,352.69042140438404,348.34298363388575,348.66058349609375,4156400
2025-05-09 00:00:00-04:00,349.21642550515,351.17179261651313,348.06506919478625,349.9211730957031,3086600
2025-05-12 00:00:00-04:00,356.4721729946727,359.20174484896734,348.521664918718,353.20660400390625,7985400
2025-05-13 00:00:00-04:00,353.46507058705555,356.7957135338314,352.53050139384237,354.0815124511719,5406200
2025-05-14 00:00:00-04:00,354.60843571646035,356.3383686851556,353.15685277328083,354.3996276855469,6207600
2025-05-15 00:00:00-04:00,354.8271684149894,361.6276291533864,354.6183603822515,360.20587158203125,5826100
2025-05-16 00:00:00-04:00,360.8521422236704,364.0734051456595,358.80405155830886,363.00958251953125,5838100
2025-05-19 00:00:00-04:00,360.9217005235553,367.01627342168587,360.22576479180896,365.77349853515625,5081500
2025-05-20 00:00:00-04:00,365.6542347658321,366.1215193850763,362.58209856997917,364.71966552734375,5281400
2025-05-21 00:00:00-04:00,361.61765852652974,363.8745267472765,356.01024379987655,356.2289733886719,6125500
2025-05-22 00:00:00-04:00,355.69213173413715,357.9191746673327,354.4990556821056,355.9009094238281,4936600
2025-05-23 00:00:00-04:00,351.7052986849405,353.9422935175656,350.1841434124028,351.49652099609375,5345900
2025-05-27 00:00:00-04:00,353.3557058501838,357.91917164775055,352.4310886053113,357.22320556640625,6316000
2025-05-28 00:00:00-04:00,357.2629964880913,358.8239291058765,355.9705226776412,357.6507568359375,3299000
2025-05-29 00:00:00-04:00,358.2671591242516,360.9416131728053,356.64657577796976,360.3052978515625,4590400
2025-05-30 00:00:00-04:00,359.2613920730208,364.9185061271794,359.2613920730208,363.0791931152344,8726900
2025-06-02 00:00:00-04:00,360.6731560117977,363.3476100725079,357.8794004131082,363.20843505859375,3845700
2025-06-03 00:00:00-04:00,362.4726695459883,364.75939346867773,359.41048567377067,363.7452697753906,5221300
2025-06-04 00:00:00-04:00,364.590403043131,367.5233641421073,364.19272111645273,365.8729553222656,4202300
2025-06-05 00:00:00-04:00,367.8613656369081,368.8555855440349,363.81488333301803,364.6500244140625,6881900
2025-06-06 00:00:00-04:00,366.8771110066502,368.85559898474776,365.4255280436987,368.0801086425781,5008500
2025-06-09 00:00:00-04:00,367.6525931394453,367.6525931394453,359.95731031770026,364.5406799316406,4999900
2025-06-10 00:00:00-04:00,364.878716628449,369.2930555729926,364.5605589669432,368.5573425292969,4109300
2025-06-11 00:00:00-04:00,367.8613865449288,373.33954825373667,367.2449750220648,371.1522521972656,5562700
2025-06-12 00:00:00-04:00,370.07848489023866,372.0072739266105,367.4139524946883,369.2532653808594,4874000
2025-06-13 00:00:00-04:00,359.4204335216589,360.91176332088634,343.00585382231685,350.81048583984375,14181700
2025-06-16 00:00:00-04:00,354.4294650172824,358.137916403319,352.2819462555537,353.4253234863281,7234700
2025-06-17 00:00:00-04:00,351.44680457851234,357.5215043223713,351.2778041760744,355.77166748046875,5559600
2025-06-18 00:00:00-04:00,355.78162171567277,356.4079851502761,336.0861265714273,338.41259765625,15008600
2025-06-20 00:00:00-04:00,336.99087607586944,338.0347949237182,332.98417074968575,336.6130676269531,19332100
2025-06-23 00:00:00-04:00,335.5492476029829,342.30993141821295,333.690061070854,341.76312255859375,7553300
2025-06-24 00:00:00-04:00,349.48815421768734,352.5105910872146,345.90898699511126,349.5975341796875,10172000
2025-06-25 00:00:00-04:00,348.42437750857823,349.25951858703286,343.2643737792969,343.2643737792969,6836300
2025-06-26 00:00:00-04:00,341.79294279383276,344.9048561792952,340.05305783248224,344.0299377441406,8829500
2025-06-27 00:00:00-04:00,344.58668785023735,349.9753733140441,343.66207058124957,346.5950012207031,6601900
2025-06-30 00:00:00-04:00,347.3307668769442,353.5545635131853,347.0424345782502,352.997802734375,7080100
2025-07-01 00:00:00-04:00,351.7748874939299,354.9364994508519,349.3887658347658,353.41534423828125,6653400
2025-07-02 00:00:00-04:00,352.5503853237964,354.30019172926967,347.9769676803324,352.1725769042969,5131400
2025-07-03 00:00:00-04:00,352.5404582199922,356.92497196219716,351.56611171910697,356.7857666015625,3702800
2025-07-07 00:00:00-04:00,356.8454335264291,357.58114657143045,352.44101614142653,354.57861328125,5138000
2025-07-08 00:00:00-04:00,354.6183647363144,356.20912272568273,351.20819758727356,352.50067138671875,6966800
2025-07-09 00:00:00-04:00,353.01771486982267,355.6921691894531,351.7053371426281,355.6921691894531,7297100
2025-07-10 00:00:00-04:00,354.7675193867284,355.5529617047032,351.4070811773065,353.8230285644531,6121300
2025-07-11 00:00:00-04:00,350.4724897455271,351.7649635641954,342.3994284803042,345.9189453125,7580200
2025-07-14 00:00:00-04:00,345.3820508654932,349.9355644627864,343.0158027500212,348.47406005859375,5598900
2025-07-15 00:00:00-04:00,346.1078386697819,348.1857546915019,344.7557141229187,345.0141906738281,4891700
2025-07-16 00:00:00-04:00,345.2826639034013,348.64313227631465,343.8012555074003,347.8775634765625,5544200
2025-07-17 00:00:00-04:00,347.97699015945284,349.3390666663444,346.4657867250158,347.7880859375,4747100
2025-07-18 00:00:00-04:00,347.4798818290788,347.4798818290788,345.15341072472773,347.032470703125,4927600
2025-07-21 00:00:00-04:00,347.04242165312115,351.60588769225996,346.3862328294221,348.91156005859375,5216300
2025-07-22 00:00:00-04:00,349.0706158942277,352.43108403908155,348.17582404493845,349.8262023925781,4614200
2025-07-23 00:00:00-04:00,350.9596777844079,353.72360831081886,349.1800153986937,353.2364501953125,4385600
2025-07-24 00:00:00-04:00,352.7691347853894,355.11547933584245,351.8146617746286,351.9240417480469,5887200
2025-07-25 00:00:00-04:00,351.95388105478474,355.582777997423,350.9696129610146,354.976318359375,3915400
2025-07-28 00:00:00-04:00,354.32008797586263,356.24887698280617,352.6796312315113,353.41534423828125,3921000
2025-07-29 00:00:00-04:00,354.2306210458319,356.2488862541361,348.78228500364895,349.259521484375,7402300
2025-07-30 00:00:00-04:00,349.66718668152214,354.5587320980825,345.2230220609473,348.8817443847656,12129700
2025-07-31 00:00:00-04:00,346.9131676575012,350.78069791357024,343.09536660475925,343.4731750488281,8641700
2025-08-01 00:00:00-04:00,342.1110636742897,344.16910608911314,336.1457444483777,337.3885192871094,8658700
2025-08-04 00:00:00-04:00,339.72495201332026,342.3894540638036,338.0347660466138,340.1723327636719,7335300
2025-08-05 00:00:00-04:00,340.17236435347024,340.4805701238393,333.6105063349677,335.4796447753906,7295600
2025-08-06 00:00:00-04:00,336.34459648145895,339.4565097752272,333.49119008351096,337.7762756347656,5944100
2025-08-07 00:00:00-04:00,339.4565124616352,340.1723520439536,326.80011183390815,330.1705017089844,8797100
2025-08-08 00:00:00-04:00,331.7513165265837,335.4299425988389,330.80682574778405,334.8334045410156,6073900
2025-08-11 00:00:00-04:00,334.78371569509886,335.90715882250316,332.57654605394436,333.95849609375,5715800
2025-08-12 00:00:00-04:00,333.84894997860204,337.2850261197865,333.46050732909305,335.3827209472656,5682800
2025-08-13 00:00:00-04:00,335.6217849724466,342.09558618081985,335.42257893128226,341.1693115234375,5693400
2025-08-14 00:00:00-04:00,341.55773293031257,344.6850608988738,340.29286279189733,344.0974426269531,6224000
2025-08-15 00:00:00-04:00,344.8543977666452,346.9558785686944,341.4780469796213,343.0815734863281,4946600
2025-08-18 00:00:00-04:00,342.45409285637004,344.3364894908787,339.5757572803942,341.3585205078125,3999600
2025-08-19 00:00:00-04:00,341.17927471045255,344.9440378209097,340.51199223443484,341.0697326660156,4457200
2025-08-20 00:00:00-04:00,342.01586914906005,346.039593838693,341.4680981636876,342.5437316894531,5834400
2025-08-21 00:00:00-04:00,341.50795467286497,343.13135922785364,338.35071837042835,342.3047180175781,6073600
2025-08-22 00:00:00-04:00,343.82854031012994,349.7844479666891,343.82854031012994,348.6291198730469,4973200
2025-08-25 00:00:00-04:00,348.20082587581777,349.3063676468326,346.0993451607829,347.4140319824219,8019800
2025-08-26 00:00:00-04:00,347.28454198788506,351.97554893901935,346.04954976671655,349.7644958496094,5876200
2025-08-27 00:00:00-04:00,349.29640058585716,352.00543842090394,348.4299121185624,348.9378662109375,5531100
2025-08-28 00:00:00-04:00,349.1868671034665,349.62509605771004,347.1949283640224,348.4498291015625,4987100
2025-08-29 00:00:00-04:00,349.0474346520695,351.20870166850244,347.5933278083949,350.36212158203125,3671900
2025-09-02 00:00:00-04:00,347.90205015208494,348.7585995956409,344.6850582193853,348.65899658203125,4940300
2025-09-03 00:00:00-04:00,347.9319480564761,349.4757188699106,345.86034506911096,349.4557800292969,4176400
2025-09-04 00:00:00-04:00,349.3163554918516,351.20869125607726,347.7427068329104,349.5752868652344,4324000
2025-09-05 00:00:00-04:00,349.9637226051439,351.19871489948525,338.8287923269697,341.83660888671875,5448300
2025-09-08 00:00:00-04:00,340.9601658905973,342.9919520077189,339.6255705218194,340.9203186035156,4711600
2025-09-09 00:00:00-04:00,340.3127677727729,344.9241107011969,339.91438611386513,342.6034851074219,4646200
2025-09-10 00:00:00-04:00,341.2290336271523,341.2290336271523,335.0839199528726,336.75714111328125,6557900
2025-09-11 00:00:00-04:00,337.36473596665724,342.14537707283733,336.50818645167647,342.10552978515625,5157600
2025-09-12 00:00:00-04:00,339.8446834033817,341.8067443574847,337.80295827006614,338.0618896484375,3518300
2025-09-15 00:00:00-04:00,339.2370898085397,341.3286314243895,337.02606713399587,337.6833801269531,4367500
2025-09-16 00:00:00-04:00,334.8847522042262,339.1674390000394,332.12592781868733,338.65948486328125,5527700
2025-09-17 00:00:00-04:00,338.5698181836777,344.8045959472656,338.15149768935095,344.8045959472656,5763500
2025-09-18 00:00:00-04:00,343.34054286819156,343.8783444611386,336.8169250488281,336.8169250488281,7526600
2025-09-19 00:00:00-04:00,339.07776508719815,341.308726624151,336.8866204387113,340.2330627441406,13674300
2025-09-22 00:00:00-04:00,337.6435732483086,343.4699695296953,337.2949779029044,342.97198486328125,5621800
2025-09-23 00:00:00-04:00,343.2010826702708,343.8683955239399,336.26914434314534,337.3348388671875,10142700
2025-09-24 00:00:00-04:00,337.76307872075415,338.5299641513985,336.5579643598641,337.31488037109375,5207400
2025-09-25 00:00:00-04:00,336.986245742455,338.82879517404456,333.16172697127865,333.58001708984375,5398700
2025-09-26 00:00:00-04:00,335.870772959751,338.13161256415685,334.8748035560274,336.01019287109375,9619200
2025-09-29 00:00:00-04:00,336.02014683051596,339.2670166635244,334.19750588460323,338.7889404296875,7217800
2025-09-30 00:00:00-04:00,338.4503185350138,344.21695930197603,337.1456010921614,340.0040283203125,8164400
2025-10-01 00:00:00-04:00,338.9383303898218,347.9518409378596,338.9383303898218,346.4280090332031,8381000
2025-10-02 00:00:00-04:00,344.8245038053001,345.78062585482786,342.17522173126287,344.55560302734375,5198000
2025-10-03 00:00:00-04:00,344.7149246402009,351.7365265398504,344.6053826050675,348.4299011230469,5199700
2025-10-06 00:00:00-04:00,348.59926099013336,349.7047724397164,342.9620705133982,347.8721923828125,4735600
2025-10-07 00:00:00-04:00,348.649038694597,353.0113894416703,348.649038694597,350.9995422363281,5044600
2025-10-08 00:00:00-04:00,352.3540458932983,353.56912975217324,349.6848552507119,349.94378662109375,3927500
2025-10-09 00:00:00-04:00,350.053372578839,351.4477236851982,344.1870981171116,345.6412353515625,4434800
2025-10-10 00:00:00-04:00,346.22883102731305,348.9876551929239,341.8664803982835,342.2648620605469,6296200
2025-10-13 00:00:00-04:00,342.3345802589799,346.25870186147023,339.3566416804042,341.916259765625,4030700
2025-10-14 00:00:00-04:00,339.62557092345327,348.59926508965935,338.84871599460195,346.975830078125,5731000
2025-10-15 00:00:00-04:00,346.97582147163655,348.66895120043125,342.61347067376323,344.2966613769531,3778200
2025-10-16 00:00:00-04:00,343.60943841195035,344.29665972034013,332.8231033275876,334.0481262207031,6241500
2025-10-17 00:00:00-04:00,336.40854379107526,342.0656725867902,335.641658362382,340.511962890625,6267100
2025-10-20 00:00:00-04:00,340.52192718186024,343.56959107313133,337.57386630815864,343.0218200683594,4665000
2025-10-21 00:00:00-04:00,341.73700528252846,348.2406840511567,341.61749382129113,345.8105163574219,4121800
2025-10-22 00:00:00-04:00,346.41806300253444,346.7666583503171,343.1114375002872,343.96795654296875,5074400
2025-10-23 00:00:00-04:00,344.8046050728569,345.75075772943865,343.07159771571963,344.5655517578125,7217200
2025-10-24 00:00:00-04:00,346.7965606090745,347.6729881581522,343.9281638460587,345.9798583984375,3576700
2025-10-27 00:00:00-04:00,347.5932968196336,348.11118993015566,343.6193889117696,346.4180603027344,5400300
2025-10-28 00:00:00-04:00,347.17499127440243,348.47973911832344,345.1033883485486,345.50177001953125,7445400
2025-10-29 00:00:00-04:00,344.605395498532,349.5653338093142,337.6336100404692,339.9044189453125,8361700
2025-10-30 00:00:00-04:00,340.84064122785446,348.31041155130293,340.41238169067435,343.6393127441406,6411800
2025-10-31 00:00:00-04:00,340.70120303053983,341.6175082630505,336.8069893774489,339.3666076660156,7301600
2025-11-03 00:00:00-05:00,339.62556434648224,339.83470940935274,333.47048076827303,335.5420837402344,5538000
2025-11-04 00:00:00-05:00,335.12376505447554,338.9482835653288,332.9027425465992,338.9283447265625,5920200
2025-11-05 00:00:00-05:00,338.75906718983583,340.73106709286975,335.00424320677166,338.66943359375,4984600
2025-11-06 00:00:00-05:00,337.225272127104,337.2850278589407,332.36493664056536,335.6018371582031,8507900
2025-11-07 00:00:00-05:00,335.37277903778016,336.9264888333082,333.50035174712497,334.6656188964844,5318400
2025-11-10 00:00:00-05:00,335.2930683266491,337.31488484751645,332.9724731650907,333.5003356933594,5295800
2025-11-11 00:00:00-05:00,334.14772643061497,337.72325285148054,331.85700901827914,337.553955078125,4453300
2025-11-12 00:00:00-05:00,337.5539392647252,343.5515814566134,336.70568232861064,338.1826477050781,6389600
2025-11-13 00:00:00-05:00,338.3423280213681,340.7573310621838,334.90940445750977,335.3883972167969,4961700
2025-11-14 00:00:00-05:00,335.19879671610136,335.38837770243606,328.35289786675315,329.3408508300781,6422300
2025-11-17 00:00:00-05:00,330.47852149051675,332.6739759173699,324.2613310180461,325.07965087890625,6494800
2025-11-18 00:00:00-05:00,323.83221811811876,324.33118917839323,317.3455943345509,320.51904296875,9170400
2025-11-19 00:00:00-05:00,320.85834726361674,323.90208907652226,319.21174881651825,323.4530029296875,7066700
2025-11-20 00:00:00-05:00,323.4530151026438,327.7242064226939,322.4750512555066,323.1037292480469,6510300
2025-11-21 00:00:00-05:00,324.71042849279974,330.39868059498417,323.6226751809159,327.3050842285156,8930000
2025-11-24 00:00:00-05:00,328.5624708767812,330.0494254219168,325.3291479858861,328.6223449707031,9337100
2025-11-25 00:00:00-05:00,328.22316412466176,335.36843350968144,328.22316412466176,333.8415832519531,5854300
2025-11-26 00:00:00-05:00,333.841586342223,335.01915077050296,332.3746101630006,333.1031188964844,4309900
2025-11-28 00:00:00-05:00,332.74383871779224,334.3305630576491,331.3167887740865,333.75177001953125,4586200
2025-12-01 00:00:00-05:00,332.25485376399234,332.6140983109483,329.4606279939679,329.7101135253906,7082300
2025-12-02 00:00:00-05:00,330.7679320657214,332.1151295810464,326.53663671382,328.9416809082031,8201900
2025-12-03 00:00:00-05:00,328.93170166015625,331.66608389546013,328.67225740707886,328.93170166015625,6296700
2025-12-04 00:00:00-05:00,330.5982707162828,331.69601316055844,323.61267574060867,326.4268798828125,6277500
2025-12-05 00:00:00-05:00,326.15742105214764,333.4224387208775,325.7283132347316,330.558349609375,5266600
2025-12-08 00:00:00-05:00,329.2011721972187,330.6581592570448,324.0417977110623,326.16741943359375,6059400
2025-12-09 00:00:00-05:00,325.9378840225944,327.5545759522349,324.4010749776002,325.828125,4325400
2025-12-10 00:00:00-05:00,325.9678233516992,328.0834557386547,324.63055413261685,325.0596923828125,5467500
2025-12-11 00:00:00-05:00,331.91557675720895,346.60528693573457,329.38079508046536,344.91876220703125,12953600
2025-12-12 00:00:00-05:00,347.28386033910544,349.1200701989689,345.25803903865176,347.11419677734375,6942300
2025-12-15 00:00:00-05:00,347.11421561078276,347.7329653453619,343.12244688455576,346.1761779785156,7004600
2025-12-16 00:00:00-05:00,345.28799394865695,346.904655405941,343.0126869986315,344.3998107910156,7269300
2025-12-17 00:00:00-05:00,344.8389016551313,347.07431280569114,342.9727546862657,343.7012634277344,7263500
2025-12-18 00:00:00-05:00,344.4597058800123,346.81483473957803,343.56153357971857,345.2979736328125,6805000
2025-12-19 00:00:00-05:00,345.3378535964944,349.18992596210575,345.3378535964944,348.5312805175781,18623900
2025-12-22 00:00:00-05:00,349.27975255876925,352.71267599172904,348.8705926226271,351.3654479980469,5043500
2025-12-23 00:00:00-05:00,351.2756364751809,355.6466279609035,351.2756364751809,352.6528015136719,3703200
2025-12-24 00:00:00-05:00,352.6527918079347,355.2574061270487,352.28355809570263,354.4091796875,2023600
2025-12-26 00:00:00-05:00,354.3692705227613,355.9959211320052,352.982116288697,354.26947021484375,2017000
2025-12-29 00:00:00-05:00,354.75844298281737,355.8162592189493,353.0719183232759,353.8802490234375,3989900
2025-12-30 00:00:00-05:00,353.27152636221,354.1397311728781,351.9342875158643,352.8923034667969,3366500
2025-12-31 00:00:00-05:00,352.9222335935573,354.46906219163503,349.9683333708139,349.98828125,3503200
2026-01-02 00:00:00-05:00,349.1500062568855,349.32962853016494,342.7731719172512,345.7669982910156,5403800
2026-01-05 00:00:00-05:00,343.7910798703184,356.80425438171716,343.34199370889576,353.0719299316406,7592200
2026-01-06 00:00:00-05:00,352.95216786632784,357.8820044617432,351.2756323845481,356.8241882324219,6775400
2026-01-07 00:00:00-05:00,356.41501956274413,357.54269902318487,353.78046822093927,355.14764404296875,6333900
2026-01-08 00:00:00-05:00,354.2694768864638,355.6167049317765,348.7807948501946,351.50518798828125,6357600
2026-01-09 00:00:00-05:00,351.4352976810692,353.97007917190984,348.44147134622284,349.0502014160156,4902900
2026-01-12 00:00:00-05:00,342.0745948107181,345.7969298399835,336.62583942441455,342.4937438964844,13281300
2026-01-13 00:00:00-05:00,336.3065196930893,336.8254386707351,323.16360758569283,327.2052917480469,20383500
2026-01-14 00:00:00-05:00,327.98368499941245,329.22112357393314,323.27339662748295,328.4926452636719,9388400
2026-01-15 00:00:00-05:00,328.65226616102615,331.00742540917696,325.6983660025441,327.0755310058594,8587700
2026-01-16 00:00:00-05:00,326.1075285720045,328.57244685544373,324.7303635575226,327.6243896484375,8341600
2026-01-20 00:00:00-05:00,321.5668970946223,327.644360890433,320.89826248076747,325.1495056152344,8279900
2026-01-21 00:00:00-05:00,325.75825361952474,327.9936647784267,322.3353193026403,324.6106262207031,8974600
2026-01-22 00:00:00-05:00,325.7881853155845,327.7142368080782,323.33325615728353,325.6883850097656,6938700
2026-01-23 00:00:00-05:00,325.1894097523205,327.1254199321477,323.9519712494617,325.5087585449219,5667900
2026-01-26 00:00:00-05:00,327.32501347087873,331.3167819278407,324.3611241733934,327.8139953613281,7540200
2026-01-27 00:00:00-05:00,327.80404260907557,328.25309829578197,324.24138188731973,324.5906677246094,6365800
2026-01-28 00:00:00-05:00,326.05764337353963,327.71423096530964,324.21144434052763,326.30712890625,8106000
2026-01-29 00:00:00-05:00,329.3209038427684,332.6739747908746,322.844269146056,331.1171875,10214200
2026-01-30 00:00:00-05:00,331.53632717586584,332.3147207991864,320.9381868988181,321.1676940917969,11199100
2026-02-02 00:00:00-05:00,324.16154631106275,334.00127208429024,323.4430267202089,333.15301513671875,8502400
2026-02-03 00:00:00-05:00,330.96751673112385,335.0990119599509,328.19323869876354,328.25311279296875,9081200
2026-02-04 00:00:00-05:00,326.4368440875912,330.62821332543064,323.7524077058803,329.2710266113281,8472300
2026-02-05 00:00:00-05:00,332.3147289199413,336.89527963696725,328.1433381303329,328.45269775390625,8339000
2026-02-06 00:00:00-05:00,331.09724465448534,334.4403569413341,326.4268827108616,330.89764404296875,7798800
2026-02-09 00:00:00-05:00,330.07936733351744,332.1351258012084,322.9540455040185,324.9100036621094,8513400
2026-02-10 00:00:00-05:00,324.7099914550781,329.8800048828125,324.54998779296875,328.1700134277344,5801800
2026-02-11 00:00:00-05:00,326.9200134277344,331.0400085449219,326.4200134277344,329.239990234375,8264300
2026-02-12 00:00:00-05:00,328.8900146484375,332.239990234375,324.0,324.17999267578125,9392600
2026-02-13 00:00:00-05:00,323.8299865722656,326.4800109863281,312.82000732421875,314.0799865722656,11653900
2026-02-17 00:00:00-05:00,314.4100036621094,321.3800048828125,314.4100036621094,319.5,8590600
