Date,Open,High,Low,Close,Volume
2014-01-02 00:00:00-05:00,20.758463906077807,20.956238906908087,20.700451092838353,20.80856704711914,20634000
2014-01-03 00:00:00-05:00,20.782197453111333,20.86658137300587,20.705723205416334,20.740005493164062,14872200
2014-01-06 00:00:00-05:00,20.795384994208778,20.808569794818002,20.513226036240997,20.623979568481445,21840600
2014-01-07 00:00:00-05:00,20.613430218494532,20.792745299083034,20.547504713302658,20.687265396118164,15036900
2014-01-08 00:00:00-05:00,20.70045182199814,20.70308787652253,20.46312090729987,20.523771286010742,17865600
2014-01-09 00:00:00-05:00,20.67144163014141,20.67407919337531,20.43411224180774,20.59233283996582,17748900
2014-01-10 00:00:00-05:00,20.650348373884754,20.758465847178993,20.447299736301034,20.57914924621582,15543900
2014-01-13 00:00:00-05:00,20.463121619279253,20.5606903448584,20.36819045721983,20.434114456176758,18473700
2014-01-14 00:00:00-05:00,20.42619727132055,20.56859548146288,20.405101296073656,20.558048248291016,12264600
2014-01-15 00:00:00-05:00,20.558051259735226,20.59496809014767,20.455207422277066,20.478940963745117,14977200
2014-01-16 00:00:00-05:00,20.407745187716483,20.428841169505713,20.133497424456497,20.241613388061523,21604500
2014-01-17 00:00:00-05:00,20.233701107656398,20.25743314104615,20.04910940465949,20.0913028717041,34322100
2014-01-21 00:00:00-05:00,20.107127557130866,20.1440443930935,19.740583180899442,19.99901008605957,26913300
2014-01-22 00:00:00-05:00,20.062303928675195,20.062303928675195,19.785418524132588,19.869802474975586,17561100
2014-01-23 00:00:00-05:00,19.735305886479583,19.809142562457875,19.63773717878946,19.766950607299805,18018900
2014-01-24 00:00:00-05:00,19.706301948404676,19.809145798970178,19.57445244421934,19.624555587768555,27998400
2014-01-27 00:00:00-05:00,19.548077230130946,19.6113666688178,19.468968449578917,19.55335235595703,27266100
2014-01-28 00:00:00-05:00,19.582365605404572,19.88298452025502,19.54017514474035,19.69048309326172,18070200
2014-01-29 00:00:00-05:00,19.853980557428343,19.875076545617734,19.532267114766164,19.540178298950195,25301100
2014-01-30 00:00:00-05:00,19.656198193032353,19.801234001135033,19.60873261442763,19.711576461791992,20198700
2014-01-31 00:00:00-05:00,19.49269890378568,19.827598448204636,19.418863746127602,19.693111419677734,31634400
2014-02-03 00:00:00-05:00,19.563913289778128,19.64565969048756,19.128808656439197,19.160451889038086,31292100
2014-02-04 00:00:00-05:00,19.163085027312384,19.276476143332786,19.065516278388774,19.17890739440918,23266500
2014-02-05 00:00:00-05:00,19.057601595738987,19.292294968236938,19.057601595738987,19.215822219848633,14322900
2014-02-06 00:00:00-05:00,19.24218116322864,19.30546907603847,19.118242899814625,19.202625274658203,22059300
2014-02-07 00:00:00-05:00,19.263283486971847,19.461058468339314,19.118249204790608,19.447872161865234,21862800
2014-02-10 00:00:00-05:00,19.405685820278492,19.45051383972168,19.239554016154678,19.45051383972168,18612300
2014-02-11 00:00:00-05:00,19.487426881164062,19.73794254651878,19.426776514237797,19.724756240844727,19533600
2014-02-12 00:00:00-05:00,19.57181168301622,19.82496341396465,19.57181168301622,19.766950607299805,16019400
2014-02-13 00:00:00-05:00,19.6931142347552,19.90671157687282,19.66146951344739,19.8724308013916,15750600
2014-02-14 00:00:00-05:00,19.882980339254782,20.038563382933994,19.803870035724014,19.985822677612305,14726700
2014-02-18 00:00:00-05:00,19.906714896804672,19.948906859649384,19.74058310003886,19.86452293395996,17981400
2014-02-19 00:00:00-05:00,19.780134095973754,19.861881952984508,19.62191501698125,19.737943649291992,24390900
2014-02-20 00:00:00-05:00,19.26328398256305,19.51379966956182,19.19999604725337,19.387222290039062,39237300
2014-02-21 00:00:00-05:00,19.30020392902953,19.35558068842336,19.202633700346055,19.2817440032959,26913000
2014-02-24 00:00:00-05:00,19.313394334717422,19.466339858291303,19.28702322014292,19.3424015045166,21964500
2014-02-25 00:00:00-05:00,19.297571967753516,19.44524387197408,19.27383841730765,19.3424015045166,28448100
2014-02-26 00:00:00-05:00,19.497977310073676,19.803868242976645,19.458421407437328,19.719484329223633,27066600
2014-02-27 00:00:00-05:00,19.719484732324972,19.719484732324972,19.53753210318853,19.661470413208008,16344600
2014-02-28 00:00:00-05:00,19.64038004571078,19.827606331446436,19.566543349792887,19.698392868041992,22333800
2014-03-03 00:00:00-05:00,19.64301895880706,19.690484550858844,19.468977448681198,19.54545021057129,16042800
2014-03-04 00:00:00-05:00,19.716846366715817,19.906711677717777,19.687840717241205,19.811779022216797,22631400
2014-03-05 00:00:00-05:00,19.861880843286773,19.864518406202237,19.666743436833926,19.724756240844727,16574400
2014-03-06 00:00:00-05:00,19.740585527340034,19.80651104322995,19.648290408655672,19.745859146118164,15319800
2014-03-07 00:00:00-05:00,19.894483383365262,19.894483383365262,19.735241986577506,19.793630599975586,15163800
2014-03-10 00:00:00-04:00,19.77770326623315,19.798935348126072,19.65296383596332,19.753816604614258,14481000
2014-03-11 00:00:00-04:00,19.830785906545447,19.89713521892028,19.692776603256647,19.883865356445312,27016800
2014-03-12 00:00:00-04:00,19.865279693752026,20.104140157474827,19.85731747580956,20.045751571655273,25882800
2014-03-13 00:00:00-04:00,20.093531658830145,20.218269571860265,19.88120931888208,19.886518478393555,17473500
2014-03-14 00:00:00-04:00,19.817519920008102,19.923680367344446,19.711359472671756,19.714014053344727,19857000
2014-03-17 00:00:00-04:00,19.71931477228569,19.8652862852695,19.64234866482072,19.820167541503906,17341200
2014-03-18 00:00:00-04:00,19.81486238815801,19.902445306943193,19.759128355708704,19.84405517578125,11831400
2014-03-19 00:00:00-04:00,19.788318985832607,19.934290501226123,19.645002050223813,19.74054718017578,17283300
2014-03-20 00:00:00-04:00,19.64500397358877,20.08557162404998,19.60254132334405,20.005950927734375,25912500
2014-03-21 00:00:00-04:00,20.141302719460196,20.441204919325678,20.024525512737238,20.197036743164062,51480600
2014-03-24 00:00:00-04:00,20.226237604495996,20.38282444503694,20.199697873865663,20.372207641601562,21838500
2014-03-25 00:00:00-04:00,20.404042747059897,20.473046607531064,20.212954082082867,20.40138816833496,22146600
2014-03-26 00:00:00-04:00,20.457131376643275,20.57656165615894,20.23154067993164,20.23154067993164,23183400
2014-03-27 00:00:00-04:00,20.2713473795507,20.38812458115236,20.181111417446445,20.207651138305664,16789800
2014-03-28 00:00:00-04:00,20.23950567024771,20.32974165755089,20.109458571900024,20.173154830932617,17613300
2014-03-31 00:00:00-04:00,20.263392013725845,20.377513147197188,20.17580908946328,20.284624099731445,14086800
2014-04-01 00:00:00-04:00,20.37220618322131,20.50225328382227,20.313817565103435,20.374860763549805,17310000
2014-04-02 00:00:00-04:00,20.324435491932775,20.486329972236998,20.260739228273472,20.48367691040039,18234300
2014-04-03 00:00:00-04:00,20.48897760850471,20.58186815135486,20.435898166097886,20.557981491088867,18121500
2014-04-04 00:00:00-04:00,20.5898355125229,20.674763856490156,20.502252588317198,20.518177032470703,20280600
2014-04-07 00:00:00-04:00,20.49694494647889,20.62699204266822,20.45978841633357,20.518177032470703,23027100
2014-04-08 00:00:00-04:00,20.459778556768573,20.783567332450318,20.38281247196802,20.749065399169922,22496100
2014-04-09 00:00:00-04:00,20.754381581785093,20.75968922286212,20.510211868581592,20.69333839416504,20633400
2014-04-10 00:00:00-04:00,20.688030179189855,20.73845656461864,20.34300770190219,20.40670394897461,22798800
2014-04-11 00:00:00-04:00,20.377515131700957,20.496946955922315,20.247469541401028,20.303203582763672,23937000
2014-04-14 00:00:00-04:00,20.41997510111477,20.581869537451944,20.380163997990348,20.53675079345703,16127700
2014-04-15 00:00:00-04:00,20.44386232290862,20.518175377204187,20.28727551152152,20.404052734375,20785800
2014-04-16 00:00:00-04:00,20.51817415372363,20.56063831974944,20.443861103859284,20.494287490844727,15110400
2014-04-17 00:00:00-04:00,20.457134954748817,20.634955393122386,20.457134954748817,20.611068725585938,20894100
2014-04-21 00:00:00-04:00,20.544710264339816,20.629638581453882,20.48366860590337,20.595136642456055,13785300
2014-04-22 00:00:00-04:00,20.573906965754613,20.65618071307733,20.539405022727724,20.584522247314453,19396500
2014-04-23 00:00:00-04:00,20.65352888051999,20.775612218911274,20.58717805159035,20.711915969848633,17418600
2014-04-24 00:00:00-04:00,20.746418146631786,20.82603883268068,20.621678717472925,20.783573150634766,13042500
2014-04-25 00:00:00-04:00,20.783580874327537,20.908320349842676,20.706614739378455,20.865856170654297,16177800
2014-04-28 00:00:00-04:00,20.929548761237083,21.229452543538898,20.921586539208704,21.16840934753418,28796100
2014-04-29 00:00:00-04:00,21.18963511842304,21.197597338078506,21.117976660161982,21.14451789855957,14087100
2014-04-30 00:00:00-04:00,21.123284935050194,21.213520889639028,21.102051337765467,21.155132293701172,18335100
2014-05-01 00:00:00-04:00,21.160450931385114,21.160450931385114,21.009171733771225,21.152488708496094,15294000
2014-05-02 00:00:00-04:00,21.12594099767259,21.168405160999978,20.969354205573065,20.99854850769043,16860000
2014-05-05 00:00:00-04:00,20.929552439436865,20.95343910971989,20.836661857632432,20.865856170654297,13773000
2014-05-06 00:00:00-04:00,20.7888864664378,20.804809391920486,20.69334132034878,20.703956604003906,16916700
2014-05-07 00:00:00-04:00,20.78940775854737,20.856167841804123,20.70395210150608,20.818782806396484,18258600
2014-05-08 00:00:00-04:00,20.829466886231124,21.05111375708253,20.829466886231124,21.01372718811035,14461800
2014-05-09 00:00:00-04:00,20.968323025490193,21.17127731705727,20.968323025490193,21.149913787841797,14689200
2014-05-12 00:00:00-04:00,21.083158092000538,21.157929695761002,21.003044458796822,21.136566162109375,17999400
2014-05-13 00:00:00-04:00,21.14190739042331,21.195316990408962,21.09383982006458,21.133895874023438,13091100
2014-05-14 00:00:00-04:00,21.109859832076445,21.109859832076445,20.848155427265116,21.027076721191406,16824900
2014-05-15 00:00:00-04:00,20.370151629349436,20.67992367985976,20.362141640010304,20.517026901245117,39107400
2014-05-16 00:00:00-04:00,20.56242260000284,20.663898242922492,20.468955417450637,20.565092086791992,21731400
2014-05-19 00:00:00-04:00,20.59179463301264,20.59713513424505,20.428897885121096,20.45827293395996,18393900
2014-05-20 00:00:00-04:00,20.391512871855166,20.394183886694794,20.167194994582772,20.21259307861328,22310100
2014-05-21 00:00:00-04:00,20.279359180688218,20.284699683507647,20.100439347889957,20.204586029052734,17112300
2014-05-22 00:00:00-04:00,20.23929638310452,20.27401346260239,20.092422661086214,20.132478713989258,15731100
2014-05-23 00:00:00-04:00,20.177884473257418,20.228623076396236,20.143168908592134,20.19123649597168,11110800
2014-05-27 00:00:00-04:00,20.217936265501546,20.244640303264166,20.105776556425425,20.185890197753906,16112400
2014-05-28 00:00:00-04:00,20.129806699319705,20.279351417300756,20.119124169729492,20.169862747192383,15110700
2014-05-29 00:00:00-04:00,20.207250604301677,20.346114329636148,20.18054657067441,20.290035247802734,12010500
2014-05-30 00:00:00-04:00,20.31140092504584,20.51168426954699,20.29804890581785,20.50100326538086,17894400
2014-06-02 00:00:00-04:00,20.450269206513294,20.591802475337303,20.42089414648703,20.498336791992188,13171200
2014-06-03 00:00:00-04:00,20.492993054520834,20.554414180533538,20.391515868270872,20.484981536865234,21640800
2014-06-04 00:00:00-04:00,20.455598537602754,20.642529802197263,20.436906022359363,20.597131729125977,18599700
2014-06-05 00:00:00-04:00,20.575778415541546,20.67992662828748,20.527710832450072,20.64788055419922,14087400
2014-06-06 00:00:00-04:00,20.685259839942802,20.71997538927426,20.58111319194843,20.618499755859375,12566700
2014-06-09 00:00:00-04:00,20.58111511968897,20.765375413882666,20.482308963558467,20.565092086791992,16642800
2014-06-10 00:00:00-04:00,20.511684098169347,20.54640118152084,20.431570455430116,20.460947036743164,10097100
2014-06-11 00:00:00-04:00,20.44224706912974,20.49298564390678,20.308725388581834,20.33810043334961,13389900
2014-06-12 00:00:00-04:00,20.308726448103695,20.346113009580456,20.183214747726055,20.2232723236084,16009800
2014-06-13 00:00:00-04:00,20.207246068281712,20.231279081935295,20.06037238826082,20.103097915649414,14944500
2014-06-16 00:00:00-04:00,20.057700078967837,20.156506197260697,20.033665538826355,20.11911964416504,11540700
2014-06-17 00:00:00-04:00,20.105775484872723,20.14049103772206,20.00696932798448,20.025663375854492,19632600
2014-06-18 00:00:00-04:00,20.039013066592762,20.28469446962817,20.006968529871887,20.21526336669922,20222100
2014-06-19 00:00:00-04:00,20.263327750443647,20.370145402789145,20.241964219974548,20.260658264160156,15765900
2014-06-20 00:00:00-04:00,20.33810975135575,20.34077923880482,20.060383733993653,20.209928512573242,33992100
2014-06-23 00:00:00-04:00,20.17788207871352,20.279359272948682,20.108450957622455,20.239301681518555,12802200
2014-06-24 00:00:00-04:00,20.303384554787744,20.351453646167347,20.20992044253252,20.287363052368164,16956900
2014-06-25 00:00:00-04:00,20.231288013334552,20.252653078520822,20.103106790461187,20.19390296936035,12954600
2014-06-26 00:00:00-04:00,20.16719785455304,20.19123240739652,19.948221975906282,20.004301071166992,20766300
2014-06-27 00:00:00-04:00,19.97491545939603,20.129802171352342,19.940199920107183,20.11911964416504,41882400
2014-06-30 00:00:00-04:00,20.135154666887257,20.2125973049836,20.01231393526785,20.047029495239258,19961400
2014-07-01 00:00:00-04:00,20.100428429710146,20.14048447115947,19.961566263587123,20.103097915649414,19813500
2014-07-02 00:00:00-04:00,20.097766288184975,20.26867458534946,20.095095273026512,20.19390296936035,13100400
2014-07-03 00:00:00-04:00,20.191235857281495,20.30873609831589,20.167201300331456,20.228622436523438,8622000
2014-07-07 00:00:00-04:00,20.21259068127352,20.351454403694046,20.175204118155648,20.314067840576172,15084000
2014-07-08 00:00:00-04:00,20.31940935441839,20.55707923346558,20.30338632256343,20.46895408630371,23881500
2014-07-09 00:00:00-04:00,20.50099956300794,20.650544290611347,20.460943512557886,20.618499755859375,18720300
2014-07-10 00:00:00-04:00,20.538387474144127,20.71463624694202,20.538387474144127,20.57844352722168,16117500
2014-07-11 00:00:00-04:00,20.52770672466182,20.554412290404972,20.44492359656769,20.514354705810547,13642500
2014-07-14 00:00:00-04:00,20.597140290941375,20.629186362439697,20.42356249712811,20.4422550201416,14468700
2014-07-15 00:00:00-04:00,20.444927471333568,20.543733651991424,20.444927471333568,20.519699096679688,13970700
2014-07-16 00:00:00-04:00,20.535718769642358,20.575774827226187,20.48231069286392,20.52503776550293,11172600
2014-07-17 00:00:00-04:00,20.45026141809114,20.575771601275004,20.41287485338346,20.45827293395996,13890900
2014-07-18 00:00:00-04:00,20.46094420671231,20.589125406149595,20.43156762946245,20.586454391479492,14739900
2014-07-21 00:00:00-04:00,20.498332250319,20.53838983604362,20.42356063703413,20.50100326538086,10372800
2014-07-22 00:00:00-04:00,20.51969186492226,20.533043881598385,20.40219320134817,20.466283798217773,13149600
2014-07-23 00:00:00-04:00,20.46361863848725,20.57844784840398,20.45293763330657,20.559755325317383,11982900
2014-07-24 00:00:00-04:00,20.476965246619372,20.506340295163188,20.34611456351739,20.38884162902832,21684900
2014-07-25 00:00:00-04:00,20.34611314536082,20.391509694276728,20.24196497541197,20.287363052368164,11845200
2014-07-28 00:00:00-04:00,20.143162425351015,20.276684137559613,20.1244699051756,20.21793556213379,16529700
2014-07-29 00:00:00-04:00,20.08441094760436,20.298046283736298,20.068387915384353,20.145832061767578,18880500
2014-07-30 00:00:00-04:00,20.263334441661108,20.274016974443285,19.940210363601103,19.969585418701172,29931600
2014-07-31 00:00:00-04:00,19.758616638535546,19.828047737944917,19.638445429812656,19.649127960205078,28894800
2014-08-01 00:00:00-04:00,19.579700136364718,19.729244890593847,19.55299609797682,19.63844871520996,24671700
2014-08-04 00:00:00-04:00,19.595721642573064,19.662483266583457,19.510267497299278,19.63844871520996,16206300
2014-08-05 00:00:00-04:00,19.577029528851302,19.633108621849562,19.432825273689673,19.585041046142578,31739700
2014-08-06 00:00:00-04:00,19.673748663118467,19.969431375762206,19.671060051180653,19.945240020751953,23804400
2014-08-07 00:00:00-04:00,19.982861233156985,20.10919823455479,19.826954132026138,19.878026962280273,21147000
2014-08-08 00:00:00-04:00,19.907601445302852,20.087699940892445,19.85115291562817,20.071571350097656,14988900
2014-08-11 00:00:00-04:00,19.969427806389742,20.052757842384697,19.896850678116525,19.988245010375977,14164200
2014-08-12 00:00:00-04:00,19.974802092389705,20.009746345659803,19.894160679708776,19.95060920715332,11784600
2014-08-13 00:00:00-04:00,19.964056608715698,20.001689487039318,19.759765159051128,19.89954376220703,19857300
2014-08-14 00:00:00-04:00,19.86190260458276,20.007056833247592,19.786638417416476,19.996305465698242,18408900
2014-08-15 00:00:00-04:00,20.0661943559639,20.0661943559639,19.75438315752385,19.864591598510742,20828100
2014-08-18 00:00:00-04:00,19.931792951980587,20.07425857189107,19.904911456480765,20.02318572998047,12047100
2014-08-19 00:00:00-04:00,20.109205575106746,20.1441498321193,19.929107067344212,20.128021240234375,15143700
2014-08-20 00:00:00-04:00,20.114584609826572,20.173721764515935,20.0285674895902,20.1495304107666,14694900
2014-08-21 00:00:00-04:00,20.176407989078275,20.40489074540905,20.1602793964154,20.308120727539062,15781800
2014-08-22 00:00:00-04:00,20.369942511519483,20.482839561913245,20.332309648685914,20.356502532958984,12413400
2014-08-25 00:00:00-04:00,20.41026937260613,20.43446226508809,20.297372283905275,20.34575653076172,10180800
2014-08-26 00:00:00-04:00,20.383390324670493,20.469407451004926,20.278557528740734,20.300060272216797,12668700
2014-08-27 00:00:00-04:00,20.29736682951052,20.39144822418177,20.278551165819092,20.38875961303711,9601200
2014-08-28 00:00:00-04:00,20.286612768098788,20.4129497891994,20.286612768098788,20.402196884155273,8771100
2014-08-29 00:00:00-04:00,20.361879538889525,20.396823793037196,20.23822957475441,20.294679641723633,15241500
2014-09-02 00:00:00-04:00,20.27317743767445,20.412956017253794,20.270490364173728,20.36188316345215,13597200
2014-09-03 00:00:00-04:00,20.415647082140048,20.51779126391033,20.39682987483716,20.431774139404297,14128200
2014-09-04 00:00:00-04:00,20.472091348775077,20.59036410119585,20.45865136814366,20.579612731933594,15846900
2014-09-05 00:00:00-04:00,20.568866220011273,20.894119081986375,20.55811484740611,20.83498191833496,23525400
2014-09-08 00:00:00-04:00,20.732831690104213,20.78390454416777,20.544670405473664,20.571550369262695,17816700
2014-09-09 00:00:00-04:00,20.57961220803933,20.69788649555639,20.474777900811546,20.62799644470215,16896000
2014-09-10 00:00:00-04:00,20.641435470638154,20.7193882755761,20.5285384109423,20.56616973876953,20091300
2014-09-11 00:00:00-04:00,20.52316840450088,20.54735975935285,20.45327833754267,20.45596694946289,14859900
2014-09-12 00:00:00-04:00,20.421023360025583,20.44252764177563,20.337693306926916,20.36726188659668,16956900
2014-09-15 00:00:00-04:00,20.36994931338935,20.399517891338675,20.324252140539027,20.378013610839844,11245500
2014-09-16 00:00:00-04:00,20.33231146320674,20.582298470576976,20.321560094641637,20.515098571777344,12328500
2014-09-17 00:00:00-04:00,20.525850768394676,20.555419340302205,20.431769368172674,20.493595123291016,12717000
2014-09-18 00:00:00-04:00,20.512417293863198,20.58499444099913,20.40489587923731,20.48822593688965,14255100
2014-09-19 00:00:00-04:00,20.55005342666222,20.71671203024196,20.531236214806576,20.65488624572754,39970500
2014-09-22 00:00:00-04:00,20.641438695601106,20.660255900561754,20.496285969645488,20.512413024902344,13352100
2014-09-23 00:00:00-04:00,20.429081660527487,20.48822034506563,20.313497517195074,20.321561813354492,20124000
2014-09-24 00:00:00-04:00,20.35650113653367,20.781210889960217,20.34843684232918,20.719385147094727,25303800
2014-09-25 00:00:00-04:00,20.67906748901693,20.71132313127639,20.461336135864258,20.461336135864258,14890500
2014-09-26 00:00:00-04:00,20.496278204716027,20.582293747821254,20.391443925672235,20.560791015625,11258700
2014-09-29 00:00:00-04:00,20.445212910123683,20.496287305140584,20.335004437204613,20.450590133666992,14877900
2014-09-30 00:00:00-04:00,20.43983234565454,20.622619449809793,20.367255226218415,20.555418014526367,16922100
2014-10-01 00:00:00-04:00,20.566168895841276,20.660251825874496,20.40488760832994,20.461336135864258,19574700
2014-10-02 00:00:00-04:00,20.485531984264412,20.673694795333585,20.418330540851922,20.490907669067383,14763600
2014-10-03 00:00:00-04:00,20.5823041088062,20.826917037009206,20.57155273729591,20.783906936645508,17459100
2014-10-06 00:00:00-04:00,20.711327868064117,20.945187864885018,20.695200812299554,20.791969299316406,16289100
2014-10-07 00:00:00-04:00,20.705949182353024,20.883360613021207,20.622620689601952,20.778526306152344,21179700
2014-10-08 00:00:00-04:00,20.808100917697086,21.098409497159444,20.646818031749646,21.031208038330078,24321300
2014-10-09 00:00:00-04:00,20.99625377975328,21.18979222792013,20.875292441912357,20.929052352905273,21218100
2014-10-10 00:00:00-04:00,20.947876820841017,21.334953851484705,20.947876820841017,21.044645309448242,30234000
2014-10-13 00:00:00-04:00,20.97475587991214,21.12259721816405,20.818850244939973,20.848417282104492,24603600
2014-10-14 00:00:00-04:00,20.920997480216595,21.136040297244566,20.877988916811002,20.961318969726562,23703300
2014-10-15 00:00:00-04:00,20.853787490412813,20.883356055738226,19.98823941628872,20.214035034179688,63173100
2014-10-16 00:00:00-04:00,19.684503393738474,19.910299153712923,19.51784480162731,19.843097686767578,43039800
2014-10-17 00:00:00-04:00,19.939858309105134,20.025873869723306,19.63073263019094,19.918354034423828,34386900
2014-10-20 00:00:00-04:00,19.929113624763364,20.21942222178564,19.869976460465093,20.197917938232422,21122100
2014-10-21 00:00:00-04:00,20.208662112992403,20.482842015164884,20.162964949927943,20.434457778930664,24899100
2014-10-22 00:00:00-04:00,20.55542144021578,20.606494293445667,20.43177145545434,20.43714714050293,17782800
2014-10-23 00:00:00-04:00,20.528545862198524,20.60381008327876,20.369951583581177,20.49629020690918,19101300
2014-10-24 00:00:00-04:00,20.464032911466415,20.563490027098435,20.29468726129962,20.531232833862305,13438800
2014-10-27 00:00:00-04:00,20.517783147660577,20.692505939488424,20.512407464032297,20.58767318725586,12322200
2014-10-28 00:00:00-04:00,20.598430864667353,20.64412803477395,20.42908370458972,20.52316665649414,14938800
2014-10-29 00:00:00-04:00,20.57692693989349,20.601119831209118,20.421021297479168,20.533918380737305,17279100
2014-10-30 00:00:00-04:00,20.47477927303489,20.59036495699781,20.4237079597557,20.550045013427734,14617200
2014-10-31 00:00:00-04:00,20.66831792994345,20.805407892487672,20.431770875341265,20.501659393310547,22712100
2014-11-03 00:00:00-05:00,20.523156414372725,20.53121916920792,20.318865094798007,20.50433921813965,20683200
2014-11-04 00:00:00-05:00,20.56079764388901,20.797344693478504,20.504347570302237,20.76777458190918,20714700
2014-11-05 00:00:00-05:00,20.931752171974612,21.028522216928696,20.778533575008844,20.88605499267578,17021400
2014-11-06 00:00:00-05:00,21.007007865166063,21.01507216047995,20.743580883376342,20.91561508178711,13865700
2014-11-07 00:00:00-05:00,20.92368465702759,21.257001769611914,20.861860428163013,21.17367172241211,28496400
2014-11-10 00:00:00-05:00,21.127965703270995,21.539233899160557,21.07957994296083,21.353759765625,37921500
2014-11-11 00:00:00-05:00,21.34302021650903,21.34839590237309,21.195177319440788,21.23818588256836,16807200
2014-11-12 00:00:00-05:00,21.18979425219108,21.353764149733202,21.141410020053918,21.28925132751465,20373600
2014-11-13 00:00:00-05:00,21.762352958183307,22.326839925334145,21.735471454522838,22.294584274291992,68437200
2014-11-14 00:00:00-05:00,22.197809674244166,22.351028214940907,22.068784020428104,22.299955368041992,31909800
2014-11-17 00:00:00-05:00,22.197810699754406,22.504247795304885,22.18437071912438,22.463926315307617,23980200
2014-11-18 00:00:00-05:00,22.4451093103532,22.558007917236377,22.40210229482125,22.52306365966797,18289200
2014-11-19 00:00:00-05:00,22.56875608721368,23.02034580563001,22.558003182007468,22.845623016357422,36569400
2014-11-20 00:00:00-05:00,22.7972440782439,22.92626974201724,22.59026406343033,22.73541831970215,23438100
2014-11-21 00:00:00-05:00,22.93971042641102,22.966590389327816,22.735419016785894,22.754236221313477,19948800
2014-11-24 00:00:00-05:00,22.807998179025418,23.012289606850096,22.786493899154788,22.955841064453125,23986500
2014-11-25 00:00:00-05:00,22.9827202639025,22.985407337479646,22.68434742932319,22.83487892150879,20026500
2014-11-26 00:00:00-05:00,22.821433563186403,22.877883632316166,22.7085365011411,22.842939376831055,11828400
2014-11-28 00:00:00-05:00,23.165505621167075,23.678919669627522,23.090239880872513,23.531078338623047,23461800
2014-12-01 00:00:00-05:00,23.31065714463574,23.4047370018082,23.04991569566519,23.176254272460938,27422700
2014-12-02 00:00:00-05:00,23.189691826964015,23.305277485131143,23.098299052404045,23.22463607788086,20298900
2014-12-03 00:00:00-05:00,23.232749601888806,23.24626621281657,22.88946263974265,22.959741592407227,19122900
2014-12-04 00:00:00-05:00,22.740793466271278,22.927303824271103,22.611046995775748,22.91108512878418,20704200
2014-12-05 00:00:00-05:00,22.924598943036482,22.927301027488067,22.57320113495135,22.738088607788086,19710300
2014-12-08 00:00:00-05:00,22.746198215443908,22.886757659187925,22.665107834856833,22.767824172973633,18798000
2014-12-09 00:00:00-05:00,22.61105328498252,22.76242420933074,22.34074728958195,22.58672523498535,19900800
2014-12-10 00:00:00-05:00,22.686735878476934,22.78945068634142,22.408320577772887,22.42994499206543,20920800
2014-12-11 00:00:00-05:00,22.48940873974513,22.840806572987947,22.47859576106542,22.659700393676758,24098400
2014-12-12 00:00:00-05:00,22.575906671344594,22.975957500317076,22.575906671344594,22.654294967651367,21852300
2014-12-15 00:00:00-05:00,22.775933608390016,22.894868649840607,22.44886379110087,22.689435958862305,18953100
2014-12-16 00:00:00-05:00,22.602936754547017,22.91108422311796,22.419130035294128,22.424535751342773,22312200
2014-12-17 00:00:00-05:00,22.511033327681638,22.775931973672446,22.421832052996017,22.767824172973633,19923000
2014-12-18 00:00:00-05:00,22.92190196139485,23.23275312588486,22.781342488045365,23.230051040649414,25937700
2014-12-19 00:00:00-05:00,23.316541479868476,23.338167436689087,23.019207000732422,23.019207000732422,36206400
2014-12-22 00:00:00-05:00,23.062464425025237,23.35439329721769,23.054355074867058,23.348987579345703,13727400
2014-12-23 00:00:00-05:00,23.432780522338817,23.538198969098843,23.343579227364796,23.424671173095703,16657800
2014-12-24 00:00:00-05:00,23.508464425199865,23.535494557314504,23.35168780289476,23.362499237060547,7475400
2014-12-26 00:00:00-05:00,23.294926691094343,23.554419702491113,23.248974223646865,23.49224853515625,9747900
2014-12-29 00:00:00-05:00,23.3706016775633,23.53548760010169,23.35438298440878,23.41925621032715,10816800
2014-12-30 00:00:00-05:00,23.386827661709592,23.55171363565223,23.376016227369185,23.459810256958008,9796200
2014-12-31 00:00:00-05:00,23.538199093157605,23.635509737887617,23.208427137934116,23.21383285522461,12454200
2015-01-02 00:00:00-05:00,23.319247178892176,23.44088584996983,23.124627470547864,23.219234466552734,13505400
2015-01-05 00:00:00-05:00,23.17058324912412,23.332765589320267,23.11381780602029,23.151660919189453,20937000
2015-01-06 00:00:00-05:00,23.24086157618694,23.448997919576268,23.189503398297376,23.330062866210938,24615300
2015-01-07 00:00:00-05:00,23.457104644996804,23.970684853619154,23.427370883020238,23.949060440063477,25495200
2015-01-08 00:00:00-05:00,24.113949607013723,24.508594794900816,24.076106494010805,24.45453453063965,38140800
2015-01-09 00:00:00-05:00,24.413991081415094,24.43291186712061,24.124764297814338,24.15179443359375,25567500
2015-01-12 00:00:00-05:00,24.15449235225704,24.411281674820287,24.11664924309719,24.33289337158203,22117500
2015-01-13 00:00:00-05:00,24.54373236500439,24.589684823408604,24.038261509358275,24.14097785949707,24646200
2015-01-14 00:00:00-05:00,23.692273100536486,23.927438037708544,23.381420389507593,23.411155700683594,35862900
2015-01-15 00:00:00-05:00,23.516573043309823,23.727411469991786,23.43548110278597,23.61928939819336,28238100
2015-01-16 00:00:00-05:00,23.570632062348405,23.640911014022972,23.308435489262603,23.45439910888672,25226700
2015-01-20 00:00:00-05:00,23.467924523198924,23.70579314222959,23.12463589041003,23.432785034179688,23559300
2015-01-21 00:00:00-05:00,23.2732926120356,23.492238782822778,23.167872653230933,23.41925621032715,24521400
2015-01-22 00:00:00-05:00,23.57874243851534,23.894999281544607,23.47872817621634,23.86796760559082,21371400
2015-01-23 00:00:00-05:00,23.90040189906053,24.127457430071637,23.757140376551177,23.924728393554688,22697400
2015-01-26 00:00:00-05:00,23.870676630631728,24.1004358746016,23.819318445425466,23.95717430114746,14000100
2015-01-27 00:00:00-05:00,23.86256490384559,23.911220998689554,23.586853219863944,23.659835815429688,18061500
2015-01-28 00:00:00-05:00,23.792286543697404,23.849050442421593,23.454403689967325,23.467920303344727,17810400
2015-01-29 00:00:00-05:00,23.5354960289339,23.71119499206543,23.319251865095218,23.71119499206543,19568400
2015-01-30 00:00:00-05:00,23.45710674164541,23.613884913962302,22.94893220431519,22.970558166503906,30840600
2015-02-02 00:00:00-05:00,22.91919944953755,23.211129844845537,22.68673813281854,23.16788101196289,20781600
2015-02-03 00:00:00-05:00,23.200313600201877,23.389526044811667,23.1543611447781,23.297622680664062,24850500
2015-02-04 00:00:00-05:00,23.275995679532116,23.52737924724597,23.246263469759313,23.421960830688477,26796900
2015-02-05 00:00:00-05:00,23.546307538114416,23.61388441510099,23.39763871808399,23.59225845336914,15272400
2015-02-06 00:00:00-05:00,23.586851596855023,23.786877039560245,23.4571051129327,23.60577392578125,16852800
2015-02-09 00:00:00-05:00,23.50846024106441,23.567927758492466,23.14895459848552,23.22193717956543,16368600
2015-02-10 00:00:00-05:00,23.413858396915533,23.627400470986988,23.359798130421648,23.59496307373047,17196300
2015-02-11 00:00:00-05:00,23.41656122434055,23.54901134742003,23.224643572800883,23.338172912597656,17559300
2015-02-12 00:00:00-05:00,23.397644093771863,23.430081497122075,23.038138304609973,23.21653938293457,20824800
2015-02-13 00:00:00-05:00,23.203019398558183,23.28951706023481,23.06246147168376,23.194910049438477,16791000
2015-02-17 00:00:00-05:00,23.09219301429638,23.238158191005997,22.967852250925223,23.235454559326172,15261600
2015-02-18 00:00:00-05:00,23.235451989670803,23.32735534952047,23.116516956112516,23.32465171813965,18098100
2015-02-19 00:00:00-05:00,22.84081273768665,22.921903139521298,22.54077299211754,22.575912475585938,55940400
2015-02-20 00:00:00-05:00,22.362371815475754,22.808375209829965,22.313715718611455,22.78675079345703,41521200
2015-02-23 00:00:00-05:00,22.811074374159734,22.93811877076995,22.76782709365208,22.867839813232422,20191200
2015-02-24 00:00:00-05:00,22.846209342951727,22.927301264633194,22.684027046288556,22.859725952148438,15593100
2015-02-25 00:00:00-05:00,22.875953016578368,22.90028106763972,22.575914786990516,22.58942985534668,20425200
2015-02-26 00:00:00-05:00,22.66511459084463,22.66781667631638,22.508336405571015,22.65159797668457,17664300
2015-02-27 00:00:00-05:00,22.629973163408838,22.748906674864674,22.543473955031605,22.686737060546875,17632200
2015-03-02 00:00:00-05:00,22.686733944230504,22.70565472511077,22.489410600622094,22.694843292236328,18184500
2015-03-03 00:00:00-05:00,22.613756284562278,22.65700511888039,22.481306149450443,22.535367965698242,19382400
2015-03-04 00:00:00-05:00,22.49211827278042,22.49211827278042,22.219108663206253,22.32182502746582,18643200
2015-03-05 00:00:00-05:00,22.475902043794566,22.670521812184088,22.42454385602089,22.58942985534668,17992500
2015-03-06 00:00:00-05:00,22.383993722922607,22.462383582267456,22.267762296577025,22.324527740478516,17193000
2015-03-09 00:00:00-04:00,22.324521940265633,22.527250975712903,22.311005330762658,22.402910232543945,14014500
2015-03-10 00:00:00-04:00,22.238024029948644,22.300195178449467,22.183963775634766,22.183963775634766,18933300
2015-03-11 00:00:00-04:00,22.249232191319514,22.290022478604094,21.90116337177304,21.941953659057617,18482700
2015-03-12 00:00:00-04:00,21.974578750610814,22.330805537120586,21.96642069522632,22.270980834960938,15677400
2015-03-13 00:00:00-04:00,22.284578631261738,22.366157629116717,22.105104524782792,22.270980834960938,14286600
2015-03-16 00:00:00-04:00,22.420538916796847,22.670714054297395,22.41781904678434,22.648958206176758,19557300
2015-03-17 00:00:00-04:00,22.564665636577807,22.572823692335316,22.363438781192706,22.466772079467773,14406000
2015-03-18 00:00:00-04:00,22.292731097851252,22.559220764312503,22.069748455883467,22.442291259765625,30756900
2015-03-19 00:00:00-04:00,22.387913076832454,22.417825431530435,22.126861496912067,22.16765022277832,21638700
2015-03-20 00:00:00-04:00,22.25194750517103,22.70334955206881,22.219316838016635,22.63536834716797,37095900
2015-03-23 00:00:00-04:00,22.619053147352037,22.81484182614063,22.602737035122132,22.654403686523438,19517100
2015-03-24 00:00:00-04:00,22.621774409584475,22.763178140684477,22.55923137920754,22.583703994750977,16077300
2015-03-25 00:00:00-04:00,22.594574594619477,22.63808318146316,22.110540398991134,22.11326026916504,19937700
2015-03-26 00:00:00-04:00,22.007211310798134,22.382472528319642,21.931070496697835,22.26826286315918,24801600
2015-03-27 00:00:00-04:00,22.257387699377684,22.34712476513476,22.09422968090849,22.121423721313477,17152200
2015-03-30 00:00:00-04:00,22.216590304011138,22.51571218382946,22.143169379947302,22.442291259765625,17105100
2015-03-31 00:00:00-04:00,22.404230203237052,22.5809844686349,22.366161346435547,22.366161346435547,16763100
2015-04-01 00:00:00-04:00,22.374309748207427,22.374309748207427,21.87124117524434,21.9473819732666,24920100
2015-04-02 00:00:00-04:00,21.952823638916016,22.11326175820424,21.903876864418393,21.952823638916016,17387100
2015-04-06 00:00:00-04:00,21.87940357450417,22.115982513355647,21.7951062619419,22.023527145385742,19142100
2015-04-07 00:00:00-04:00,22.05071560765922,22.10510055914595,21.879399587298725,21.890275955200195,19818300
2015-04-08 00:00:00-04:00,21.860368486509667,22.088789363028866,21.85221043134935,22.03440284729004,20084100
2015-04-09 00:00:00-04:00,21.98273468017578,22.13229486512186,21.91203361500053,21.98273468017578,11770800
2015-04-10 00:00:00-04:00,21.988175159899132,22.02624556665602,21.903877846928147,21.93107032775879,16440900
2015-04-13 00:00:00-04:00,21.863093740978634,22.004497481993912,21.82774319472242,21.833181381225586,14094300
2015-04-14 00:00:00-04:00,21.833175739492912,21.8685278326045,21.667299424080912,21.795106887817383,16595100
2015-04-15 00:00:00-04:00,21.912033684921944,22.02080515322704,21.6591386596215,21.683612823486328,18601200
2015-04-16 00:00:00-04:00,21.618356191428283,21.724407820184478,21.51774274866183,21.54765510559082,24045300
2015-04-17 00:00:00-04:00,21.466075374114943,21.523180215073747,21.088094230635043,21.17782974243164,35468400
2015-04-20 00:00:00-04:00,21.316506810446338,21.436156196083417,21.215893403064097,21.248525619506836,26542800
2015-04-21 00:00:00-04:00,21.376336661167535,21.438881239110945,21.185986168627757,21.218618392944336,18600600
2015-04-22 00:00:00-04:00,21.137036390534416,21.384491684544532,21.08808961699117,21.3273868560791,22784100
2015-04-23 00:00:00-04:00,21.313796639288103,21.629233220134523,21.264849851913713,21.531339645385742,22406700
2015-04-24 00:00:00-04:00,21.585724001066893,22.007215313805837,21.54765514308219,21.710811614990234,20603400
2015-04-27 00:00:00-04:00,21.691775489229897,21.716249658297315,21.561249699517305,21.583003997802734,19349400
2015-04-28 00:00:00-04:00,21.607477637412,21.612915822852568,21.419845457806407,21.50958251953125,14687700
2015-04-29 00:00:00-04:00,21.40081247644914,21.42528509057993,21.15335712830085,21.17782974243164,21325200
2015-04-30 00:00:00-04:00,21.16423153758551,21.34098578587155,21.098968645970828,21.224056243896484,26387700
2015-05-01 00:00:00-04:00,21.264847588120517,21.417126120187426,21.25668953176155,21.373619079589844,14999100
2015-05-04 00:00:00-04:00,21.47695467185649,21.631953091207112,21.335550939897868,21.531339645385742,20007600
2015-05-05 00:00:00-04:00,21.48510488436981,21.48510488436981,21.22677322373931,21.245807647705078,17566200
2015-05-06 00:00:00-04:00,21.322440488817282,21.377170276171576,21.117206526407696,21.24855613708496,16440300
2015-05-07 00:00:00-04:00,21.270437574210234,21.437360762284136,21.152770075149423,21.35253143310547,16614300
2015-05-08 00:00:00-04:00,21.5085073916433,21.68637713994908,21.453777636083842,21.489351272583008,16042200
2015-05-11 00:00:00-04:00,21.4318872929484,21.511244112184492,21.352530473712307,21.371685028076172,11234700
2015-05-12 00:00:00-04:00,21.349796622878387,21.749319380443534,21.308750472056477,21.607023239135742,25347000
2015-05-13 00:00:00-04:00,21.667219712899524,21.735631511766528,21.33884589679568,21.38810157775879,25263600
2015-05-14 00:00:00-04:00,21.445575387915227,21.555033370449898,21.34979945747108,21.541351318359375,18510600
2015-05-15 00:00:00-04:00,21.538615526788636,21.686384192463276,21.5003048420192,21.68364715576172,19851600
2015-05-18 00:00:00-04:00,21.71921824748159,21.875196439091823,21.661753009996314,21.869722366333008,24900900
2015-05-19 00:00:00-04:00,21.393579477170142,21.442836736362274,20.85997169573749,20.914701461791992,67375800
2015-05-20 00:00:00-04:00,20.92838188490547,20.933854391342415,20.75051211631855,20.76966667175293,31625700
2015-05-21 00:00:00-04:00,20.742302283977782,20.911962507633977,20.676627510221522,20.827133178710938,20268600
2015-05-22 00:00:00-04:00,20.85176118086368,20.901016871950276,20.75872230529785,20.75872230529785,20445000
2015-05-26 00:00:00-04:00,20.734095585794908,20.75051467293884,20.474133491194088,20.49602508544922,31720800
2015-05-27 00:00:00-04:00,20.526119262135687,20.662942864623663,20.523383792204275,20.575376510620117,20961300
2015-05-28 00:00:00-04:00,20.542540550238495,20.567169177124637,20.427610089723355,20.479602813720703,15076500
2015-05-29 00:00:00-04:00,20.474135080087937,20.49055260269562,20.290792768246646,20.32362937927246,19125300
2015-06-01 00:00:00-04:00,20.438563650732462,20.545284605412615,20.36194227367187,20.449508666992188,16938000
2015-06-02 00:00:00-04:00,20.39751242712585,20.523389487388965,20.364675818167413,20.394775390625,17393400
2015-06-03 00:00:00-04:00,20.4412953081013,20.578118946494687,20.378357561823776,20.493288040161133,18281400
2015-06-04 00:00:00-04:00,20.375617980440698,20.517914108170082,20.236058888829042,20.290788650512695,26948400
2015-06-05 00:00:00-04:00,20.29626626597465,20.323630370799584,19.970629347450586,19.99251937866211,31905300
2015-06-08 00:00:00-04:00,20.093765226274968,20.11018431209597,19.866639758451804,19.869375228881836,28779000
2015-06-09 00:00:00-04:00,19.89400387287364,19.93505002164742,19.80096499616694,19.831066131591797,25006800
2015-06-10 00:00:00-04:00,19.896740899603532,20.066399567102224,19.795490914218234,19.956941604614258,33647400
2015-06-11 00:00:00-04:00,20.039029732219877,20.15943423939871,19.93230883651935,19.959672927856445,22260000
2015-06-12 00:00:00-04:00,19.904946927670807,19.94872853912476,19.8119065016276,19.82011604309082,21739800
2015-06-15 00:00:00-04:00,19.757186262747425,19.811914473443576,19.620362604385935,19.68330192565918,22700400
2015-06-16 00:00:00-04:00,19.762657477091793,19.861168876221026,19.62583539349654,19.79823112487793,18646800
2015-06-17 00:00:00-04:00,19.87484457497576,19.948728883610688,19.795487760540833,19.902210235595703,17111700
2015-06-18 00:00:00-04:00,19.904948246111502,20.10744506291724,19.904948246111502,19.970623016357422,25129800
2015-06-19 00:00:00-04:00,19.921366707213434,20.036298734941163,19.894002609768307,19.904949188232422,43652100
2015-06-22 00:00:00-04:00,19.970619155859705,20.028084372990094,19.891260787069452,19.918624877929688,19468500
2015-06-23 00:00:00-04:00,19.94599915100343,19.95968120234401,19.79549345463623,19.85843276977539,23628900
2015-06-24 00:00:00-04:00,19.855692227989184,19.880320855540695,19.740761764369054,19.80643653869629,22015200
2015-06-25 00:00:00-04:00,19.82559330929677,19.874849004093385,19.655933065208092,19.664142608642578,15879600
2015-06-26 00:00:00-04:00,19.691505438525635,19.828327489165247,19.66687681177027,19.735288619995117,20693400
2015-06-29 00:00:00-04:00,19.64772129633386,19.702451057761255,19.54100037539411,19.543737411499023,24563400
2015-06-30 00:00:00-04:00,19.650464100845692,19.650464100845692,19.368608800085536,19.409656524658203,33307800
2015-07-01 00:00:00-04:00,19.5929892976701,19.688765187220117,19.25366891378948,19.66960906982422,32321700
2015-07-02 00:00:00-04:00,19.707925796419637,19.855694446619786,19.609414406826406,19.664142608642578,19758300
2015-07-06 00:00:00-04:00,19.53279273573669,19.891267775706186,19.53279273573669,19.847484588623047,31609500
2015-07-07 00:00:00-04:00,19.883060435458578,20.21143594077664,19.702455160182005,20.192279815673828,37263900
2015-07-08 00:00:00-04:00,20.058194169728264,20.137552579017413,19.948736184618006,19.99251937866211,23373000
2015-07-09 00:00:00-04:00,20.15944580784501,20.175864898393225,19.896746622316222,19.91590118408203,26087400
2015-07-10 00:00:00-04:00,19.997987101517506,20.126599605999655,19.997987101517506,20.00893211364746,16737900
2015-07-13 00:00:00-04:00,20.115646117753926,20.279833769780303,20.115646117753926,20.216896057128906,18253500
2015-07-14 00:00:00-04:00,20.244272551822174,20.274373692003344,20.10745046847995,20.192279815673828,16554600
2015-07-15 00:00:00-04:00,20.13754938288359,20.222378720701393,20.028091415145973,20.153966903686523,13700100
2015-07-16 00:00:00-04:00,20.241532951359446,20.288051604667604,20.18406615358562,20.203222274780273,15695100
2015-07-17 00:00:00-04:00,20.17859489947219,20.268898307196704,20.060927392125794,20.08281898498535,17041800
2015-07-20 00:00:00-04:00,20.071869823799595,20.096496882046253,19.9925114459984,20.00345802307129,15256800
2015-07-21 00:00:00-04:00,20.00346056535892,20.05545328999073,19.847482391463505,19.904949188232422,19323300
2015-07-22 00:00:00-04:00,19.915892944746155,20.200483611331983,19.915892944746155,20.019878387451172,20884800
2015-07-23 00:00:00-04:00,19.995255484765707,20.03630320590302,19.817385680061754,19.84201431274414,12758700
2015-07-24 00:00:00-04:00,19.84748459289714,19.85569413620328,19.5656293473573,19.587522506713867,17853300
2015-07-27 00:00:00-04:00,19.532793045043945,19.60667737014301,19.431544619037172,19.532793045043945,18592800
2015-07-28 00:00:00-04:00,19.573838250671358,19.8091732650519,19.491745951914616,19.729816436767578,25776900
2015-07-29 00:00:00-04:00,19.77086324459384,19.87484870545445,19.72708162328495,19.765392303466797,14819100
2015-07-30 00:00:00-04:00,19.71065934839631,19.847481394559722,19.642247542409585,19.746232986450195,13813500
2015-07-31 00:00:00-04:00,19.82285273189075,19.83653477882,19.60940935501271,19.696975708007812,23785200
2015-08-03 00:00:00-04:00,19.658672000164703,19.80644066463565,19.658672000164703,19.751710891723633,15395400
2015-08-04 00:00:00-04:00,19.817382801273375,19.921368258635088,19.683297773864012,19.770862579345703,17620200
2015-08-05 00:00:00-04:00,19.944438522850707,20.302607218071916,19.905866242726507,20.253013610839844,26147400
2015-08-06 00:00:00-04:00,20.208925061229934,20.2171890826736,20.018819461491788,20.054636001586914,19103100
2015-08-07 00:00:00-04:00,20.03260283936979,20.06566366509651,19.60831094427849,19.630352020263672,23392500
2015-08-10 00:00:00-04:00,19.699222438268446,19.76810294407915,19.655141878372515,19.693714141845703,18060300
2015-08-11 00:00:00-04:00,19.63035519004184,19.938930303661007,19.60280423473715,19.817705154418945,20487600
2015-08-12 00:00:00-04:00,19.70748886469664,20.01881955728485,19.635855784163613,19.99677848815918,26524200
2015-08-13 00:00:00-04:00,19.94718918619674,20.04912894768684,19.828718226491535,19.867290496826172,22957200
2015-08-14 00:00:00-04:00,19.91964173956016,20.002296168654187,19.848007060210872,19.941682815551758,17737500
2015-08-17 00:00:00-04:00,19.79015374342623,19.90036072389129,19.770868388921194,19.81219482421875,22813200
2015-08-18 00:00:00-04:00,19.285962614391018,19.423720548716865,19.0765731396797,19.142696380615234,63945000
2015-08-19 00:00:00-04:00,18.97462600146144,19.117892179825997,18.67156087026483,18.891971588134766,49000200
2015-08-20 00:00:00-04:00,18.756973186001748,19.093100780397492,18.718402485031884,18.853403091430664,29580300
2015-08-21 00:00:00-04:00,18.710135652102455,18.82034102583396,18.33268165588379,18.33268165588379,47239500
2015-08-24 00:00:00-04:00,17.561244851207654,18.227986998965612,16.94409315329275,17.619102478027344,66718800
2015-08-25 00:00:00-04:00,18.032374740660515,18.10400784951534,17.357365352367403,17.384916305541992,44403000
2015-08-26 00:00:00-04:00,17.696242456315087,17.86706115867205,17.362870650675095,17.86155128479004,41784900
2015-08-27 00:00:00-04:00,17.996554960089355,18.23349691927708,17.894615181485822,18.20594596862793,41738400
2015-08-28 00:00:00-04:00,18.208703563763944,18.21696916510773,17.756860674817958,17.891862869262695,42909000
2015-08-31 00:00:00-04:00,17.858802493530657,17.90839610722966,17.712780531700396,17.834007263183594,24525600
2015-09-01 00:00:00-04:00,17.5777764099784,17.721044206465997,17.43175446403094,17.58328628540039,40181700
2015-09-02 00:00:00-04:00,17.795430708409274,17.89186060990675,17.649407205111686,17.75410270690918,28543800
2015-09-03 00:00:00-04:00,17.831245461752392,17.911144154597984,17.74032544411677,17.86981773376465,25571400
2015-09-04 00:00:00-04:00,17.652161601642288,17.715529097168606,17.497874086163385,17.602569580078125,27697200
2015-09-08 00:00:00-04:00,17.971756501962137,18.32165950296628,17.95798102911579,18.288597106933594,53120400
2015-09-09 00:00:00-04:00,18.4208418753602,18.462168290169046,17.91114154354277,17.941448211669922,28392600
2015-09-10 00:00:00-04:00,17.652161949472454,17.811959342384586,17.58603872724999,17.665937423706055,43574400
2015-09-11 00:00:00-04:00,17.682471388439335,17.820227728818615,17.63012363226472,17.811962127685547,24187200
2015-09-14 00:00:00-04:00,17.81196751198789,17.817478965410782,17.58329106652148,17.71002769470215,20870100
2015-09-15 00:00:00-04:00,17.765124785523142,17.825738139290113,17.646653803706656,17.72104263305664,20582400
2015-09-16 00:00:00-04:00,17.79819360439407,17.845031503611878,17.64666172842918,17.82299041748047,16876200
2015-09-17 00:00:00-04:00,17.825736321557685,17.988287862762782,17.67695867802892,17.762367248535156,21399300
2015-09-18 00:00:00-04:00,17.563997548391445,17.69624399204741,17.42899537930441,17.45103645324707,38655600
2015-09-21 00:00:00-04:00,17.563996418961885,17.632873785289906,17.45930093034106,17.55573081970215,21358800
2015-09-22 00:00:00-04:00,17.420738173165635,17.583289777663865,17.335327992901053,17.519922256469727,26402400
2015-09-23 00:00:00-04:00,17.55573081970215,17.613588438018432,17.390423564013037,17.55573081970215,17629800
2015-09-24 00:00:00-04:00,17.45654787149457,17.62736658835654,17.44001667194297,17.58603858947754,20868600
2015-09-25 00:00:00-04:00,17.652162416220065,17.759613640486464,17.528181568337466,17.572263717651367,21489000
2015-09-28 00:00:00-04:00,17.522672112439075,17.61910201342983,17.489609711412736,17.539201736450195,28183200
2015-09-29 00:00:00-04:00,17.56399811759226,17.643896816160957,17.42073192057308,17.572263717651367,22920300
2015-09-30 00:00:00-04:00,17.75134409169159,17.89185610843591,17.613586223352975,17.864303588867188,23937600
2015-10-01 00:00:00-04:00,17.842271882860437,17.89186549821021,17.599819988326246,17.7072696685791,23511600
2015-10-02 00:00:00-04:00,17.56675214637149,17.90287971496582,17.470323824846613,17.90287971496582,21252000
2015-10-05 00:00:00-04:00,17.966249972675268,18.161863930610952,17.946963045898524,18.148088455200195,18900900
2015-10-06 00:00:00-04:00,18.057170896990907,18.17013201792191,17.957986829858292,18.09574317932129,22232700
2015-10-07 00:00:00-04:00,18.139820917406695,18.28308868408203,18.1205339926897,18.28308868408203,21408000
2015-10-08 00:00:00-04:00,18.247274508293437,18.456663946494224,18.22523185532268,18.42635726928711,17923500
2015-10-09 00:00:00-04:00,18.442883299854522,18.46492437014339,18.324412349989142,18.374004364013672,20262000
2015-10-12 00:00:00-04:00,18.368497139122468,18.459415581860025,18.343700340283903,18.44013023376465,16931700
2015-10-13 00:00:00-04:00,18.35472216520602,18.44288646147529,18.255536543652106,18.385028839111328,26575200
2015-10-14 00:00:00-04:00,18.351964745201894,18.721153095865372,16.536329662991392,16.539085388183594,242694300
2015-10-15 00:00:00-04:00,16.448165500389187,16.660312199756472,16.14785608872242,16.34622573852539,138760500
2015-10-16 00:00:00-04:00,16.38479935038081,16.39030922475651,16.081734188689683,16.225000381469727,78585300
2015-10-19 00:00:00-04:00,16.197450427773717,16.33796248024573,16.117551726662583,16.21398162841797,53417400
2015-10-20 00:00:00-04:00,16.21673632031892,16.255308593862765,16.136836047798823,16.18642807006836,31271100
2015-10-21 00:00:00-04:00,16.200206266013343,16.266329492548007,16.136837188603828,16.156124114990234,39352800
2015-10-22 00:00:00-04:00,16.238779734408688,16.519803861937127,16.156125301046995,16.227758407592773,43765500
2015-10-23 00:00:00-04:00,16.307656059976892,16.332452861331642,16.04040900238548,16.062448501586914,39121800
2015-10-26 00:00:00-04:00,16.08999937172039,16.103774845553797,15.971528404950773,15.98530387878418,32519400
2015-10-27 00:00:00-04:00,15.982553603327764,15.990819205746693,15.80898068203767,15.836531639099121,31534200
2015-10-28 00:00:00-04:00,15.886121294963319,15.902652497322297,15.748364953810366,15.880611419677734,35504100
2015-10-29 00:00:00-04:00,15.902650616743673,16.01285599193407,15.836527391629435,15.96877384185791,38566500
2015-10-30 00:00:00-04:00,15.905404111512768,16.01285374606488,15.770401954650879,15.770401954650879,47416500
2015-11-02 00:00:00-05:00,15.78417876807993,15.872343063354492,15.640911000007787,15.872343063354492,32157600
2015-11-03 00:00:00-05:00,15.86131989335266,16.070709261212734,15.8502985705697,16.01009750366211,30761700
2015-11-04 00:00:00-05:00,16.13958940985715,16.189181424864763,16.032139781257037,16.08173179626465,30169500
2015-11-05 00:00:00-05:00,16.120303236603363,16.249795518447183,16.095508016198444,16.147855758666992,26581500
2015-11-06 00:00:00-05:00,16.233268706500905,16.310413266719504,16.065205686063084,16.1946964263916,29931900
2015-11-09 00:00:00-05:00,16.117555556620808,16.194698550455097,15.985309073045654,16.11480140686035,25321200
2015-11-10 00:00:00-05:00,16.065204992468914,16.17541037623592,16.065204992468914,16.167144775390625,22844700
2015-11-11 00:00:00-05:00,16.11754876906446,16.180917834405072,15.833770567088228,15.864075660705566,26069700
2015-11-12 00:00:00-05:00,15.880611993282029,15.91642854868535,15.682242287315903,15.690507888793945,28654500
2015-11-13 00:00:00-05:00,15.632648442027051,15.720812745565333,15.511421736410863,15.54448413848877,37544700
2015-11-16 00:00:00-05:00,15.536213923918007,15.988055057109774,15.527948325853304,15.943974494934082,39964800
2015-11-17 00:00:00-05:00,16.34898025093539,16.778780338707392,16.31040798332073,16.508777618408203,74037900
2015-11-18 00:00:00-05:00,16.541842683010188,16.825622524710212,16.40684207645097,16.787050247192383,44633100
2015-11-19 00:00:00-05:00,16.83940341889676,16.905526668846512,16.64929927235405,16.72368812561035,34698300
2015-11-20 00:00:00-05:00,16.800826966582722,16.935827570468664,16.536332480628058,16.550107955932617,37113300
2015-11-23 00:00:00-05:00,16.61072264765833,16.734705088399227,16.497761533950897,16.60245704650879,31731000
2015-11-24 00:00:00-05:00,16.517043216932898,16.646533915315743,16.492246421358818,16.508777618408203,37361700
2015-11-25 00:00:00-05:00,16.53082158567733,16.726437106535524,16.497759185785018,16.59694480895996,23460600
2015-11-27 00:00:00-05:00,16.65204450707328,16.720921863726193,16.49500129620169,16.500511169433594,16022700
2015-11-30 00:00:00-05:00,16.49500533331321,16.54735308308239,16.18092041120016,16.211225509643555,44827800
2015-12-01 00:00:00-05:00,16.291126551279017,16.335208707265,16.158880083321062,16.25255584716797,36612300
2015-12-02 00:00:00-05:00,16.283113381476372,16.472030969569897,16.202545446285875,16.210880279541016,40760700
2015-12-03 00:00:00-05:00,16.305344534313054,16.574831737556316,16.280340026173523,16.4025821685791,47532300
2015-12-04 00:00:00-05:00,16.40535300272149,16.627611501477855,16.399796977421953,16.574825286865234,31305900
2015-12-07 00:00:00-05:00,16.549820077472045,16.872093376602347,16.549820077472045,16.808195114135742,34787700
2015-12-08 00:00:00-05:00,16.688732516469617,16.805418596889123,16.530373857854762,16.560935974121094,31132800
2015-12-09 00:00:00-05:00,16.4636983429177,16.69984774424567,16.36368350986498,16.427581787109375,26945100
2015-12-10 00:00:00-05:00,16.427575765945377,16.6942855989793,16.416463717326664,16.547039031982422,34078200
2015-12-11 00:00:00-05:00,16.405358115688752,16.538712302680246,16.338681022193004,16.491483688354492,29235000
2015-12-14 00:00:00-05:00,16.47481070105522,16.791528023683007,16.410912428791885,16.77763557434082,43574700
2015-12-15 00:00:00-05:00,16.847085318766474,16.902650326751942,16.549816579795564,16.569263458251953,43846200
2015-12-16 00:00:00-05:00,16.69984972499682,16.849873582077173,16.585942428008533,16.752635955810547,29881500
2015-12-17 00:00:00-05:00,16.76096574936294,16.76096574936294,16.383129001669083,16.385906219482422,38928300
2015-12-18 00:00:00-05:00,16.372010535563902,16.502585835800918,16.32200155318235,16.34978485107422,48770100
2015-12-21 00:00:00-05:00,16.341453825393966,16.552598672059172,16.29978125341323,16.54426383972168,28936500
2015-12-22 00:00:00-05:00,16.610945050694056,16.863762532380644,16.560937633906356,16.819311141967773,27798900
2015-12-23 00:00:00-05:00,16.94710434264432,16.980443673708404,16.791526096701276,16.972108840942383,22559400
2015-12-24 00:00:00-05:00,16.885986688693077,16.974889461416716,16.85820496964368,16.899877548217773,7448400
2015-12-28 00:00:00-05:00,16.830422924253384,16.938774180210505,16.808198819111208,16.877653121948242,16265100
2015-12-29 00:00:00-05:00,16.947108636795193,17.155474739622242,16.941554199819503,17.116580963134766,23650800
2015-12-30 00:00:00-05:00,17.130468449509454,17.188810692452805,17.0832398474494,17.136024475097656,17150100
2015-12-31 00:00:00-05:00,17.038785653561785,17.147136888161146,16.994334272625323,17.03045082092285,19725300
2016-01-04 00:00:00-05:00,16.8081952072796,17.08323832065001,16.769299852224638,17.07490348815918,35967600
2016-01-05 00:00:00-05:00,17.233266395535246,17.51664443774272,17.183258973294894,17.480527877807617,39978000
2016-01-06 00:00:00-05:00,17.358286516964696,17.766683890363957,17.355507708751798,17.655553817749023,49693800
2016-01-07 00:00:00-05:00,17.494412858245397,18.122289797468223,17.48052200061045,18.06672477722168,79290000
2016-01-08 00:00:00-05:00,18.080617075636432,18.172298650980967,17.61665635277217,17.652772903442383,53303700
2016-01-11 00:00:00-05:00,17.713890362197013,17.91114434933714,17.677773815608173,17.841690063476562,37961400
2016-01-12 00:00:00-05:00,17.88614831359272,17.983387539209662,17.622218723058012,17.675004959106445,36587700
2016-01-13 00:00:00-05:00,17.705559242954244,17.705559242954244,17.177698658577977,17.202701568603516,41177100
2016-01-14 00:00:00-05:00,17.224932446977164,17.67500240818778,17.174923437070362,17.51942253112793,38804700
2016-01-15 00:00:00-05:00,17.099911930812315,17.355508244239857,17.019343976931772,17.20548439025879,45523200
2016-01-19 00:00:00-05:00,17.294382557747298,17.447183589486695,17.227705483763536,17.38050651550293,39153900
2016-01-20 00:00:00-05:00,17.169368751379096,17.316613804955477,16.724854782202346,16.902660369873047,52107300
2016-01-21 00:00:00-05:00,16.941552598935097,17.444408734632137,16.922104122821928,17.191591262817383,36267600
2016-01-22 00:00:00-05:00,17.34716819000973,17.574981121033264,17.261042645443506,17.416624069213867,27592500
2016-01-25 00:00:00-05:00,17.441630977549597,17.730565021359304,17.37773269861648,17.627771377563477,38470200
2016-01-26 00:00:00-05:00,17.602763246174906,17.91114408616078,17.574979942532206,17.780567169189453,28323600
2016-01-27 00:00:00-05:00,17.80835425088748,18.10840191211322,17.75001200336181,17.766681671142578,30642900
2016-01-28 00:00:00-05:00,17.7889022626918,17.92225639919215,17.62221038691971,17.841690063476562,33834900
2016-01-29 00:00:00-05:00,17.98893547064273,18.48345830751365,17.986158252723065,18.436229705810547,49317300
2016-02-01 00:00:00-05:00,18.31121206232185,18.87241207491477,18.305656035785148,18.752948760986328,44185200
2016-02-02 00:00:00-05:00,18.697380510708538,18.847404329346762,18.41400253988231,18.57513999938965,40757700
2016-02-03 00:00:00-05:00,18.700162221190393,18.75294844667221,18.077842747710008,18.41122817993164,36946800
2016-02-04 00:00:00-05:00,18.269538350813285,18.48901648768086,18.061172266333074,18.452899932861328,38500200
2016-02-05 00:00:00-05:00,18.575138978723793,18.761279337971544,18.302873074020244,18.614032745361328,42589500
2016-02-08 00:00:00-05:00,18.475131028940094,18.655713840296595,18.102848582424848,18.586257934570312,62230800
2016-02-09 00:00:00-05:00,18.194525419166418,18.45012168631514,17.96948967894028,18.283428192138672,43927200
2016-02-10 00:00:00-05:00,18.389006308131684,18.500134808646177,18.238982435010247,18.277877807617188,29127900
2016-02-11 00:00:00-05:00,18.063946353533392,18.269535184135368,17.997269281645213,18.147293090820312,33560100
2016-02-12 00:00:00-05:00,18.20285559242651,18.40566399777821,18.022271284920926,18.38621711730957,29086500
2016-02-16 00:00:00-05:00,18.505682117355708,18.558468328943484,18.197299680154156,18.308429718017578,34081500
2016-02-17 00:00:00-05:00,18.36399479775299,18.505683780600783,18.283426864311473,18.36677360534668,37280100
2016-02-18 00:00:00-05:00,17.70833868176714,17.99727109942553,17.322165479656615,17.81390953063965,83683800
2016-02-19 00:00:00-05:00,17.75000807320775,17.994490650933997,17.624988771947432,17.963930130004883,46686900
2016-02-22 00:00:00-05:00,17.963930432586157,18.375106478723048,17.963930432586157,18.233417510986328,31761900
2016-02-23 00:00:00-05:00,18.29175704273181,18.502901854330638,18.136177240919263,18.469562530517578,34296000
2016-02-24 00:00:00-05:00,18.389007250632112,18.705723095904343,18.258431851975438,18.647380828857422,30873600
2016-02-25 00:00:00-05:00,18.73905279204515,18.92797036045656,18.705713462498,18.90296745300293,28743900
2016-02-26 00:00:00-05:00,18.91408044396923,18.947419775174918,18.41955921883709,18.477901458740234,32952900
2016-02-29 00:00:00-05:00,18.51123770885951,18.60014205500972,18.397332045732917,18.4306697845459,28035600
2016-03-01 00:00:00-05:00,18.516796452217033,18.583473523614373,18.336212121042536,18.46401023864746,31288500
2016-03-02 00:00:00-05:00,18.394554138183594,18.522352254248805,18.33621190012718,18.394554138183594,27496800
2016-03-03 00:00:00-05:00,18.322322501734348,18.391778385274907,18.025053672946957,18.37510871887207,35540400
2016-03-04 00:00:00-05:00,18.37511191380795,18.69182768199571,18.361221052625968,18.55291748046875,30031500
2016-03-07 00:00:00-05:00,18.508457810634173,19.025206199899483,18.411220236144032,18.861289978027344,38476200
2016-03-08 00:00:00-05:00,18.81684350118401,19.022430734368996,18.750166431796444,18.90296745300293,30203700
2016-03-09 00:00:00-05:00,18.97293721297904,19.02891358355468,18.785418853837562,18.900169372558594,23474400
2016-03-10 00:00:00-05:00,18.90577190292211,19.042912688559007,18.58391208468465,18.866588592529297,30677400
2016-03-11 00:00:00-05:00,18.967343125805726,19.014922968420983,18.695860967605167,18.799415588378906,24872700
2016-03-14 00:00:00-04:00,18.793818310979933,18.939355615919897,18.74064131118316,18.85259246826172,20137500
2016-03-15 00:00:00-04:00,18.751837413059008,19.129673605126325,18.751837413059008,19.05690574645996,22700700
2016-03-16 00:00:00-04:00,19.014921711658708,19.126872862052117,18.821806177414523,19.028915405273438,24654000
2016-03-17 00:00:00-04:00,18.981337445841472,19.28920354028536,18.82460581976695,18.877782821655273,35514300
2016-03-18 00:00:00-04:00,18.886179557501453,19.04011180560382,18.681868085095836,18.737844467163086,69459300
2016-03-21 00:00:00-04:00,18.760233906308283,19.13807009747903,18.743442432293,19.0233211517334,28247400
2016-03-22 00:00:00-04:00,19.031722071693522,19.222038299495217,18.972946293941035,18.995336532592773,22543500
2016-03-23 00:00:00-04:00,19.034513137991826,19.059702748145373,18.87498214330396,18.88058090209961,18331800
2016-03-24 00:00:00-04:00,18.87218628946247,19.04291161619638,18.858190992522104,19.03171730041504,18914100
2016-03-28 00:00:00-04:00,19.012121087305403,19.194042295334626,19.012121087305403,19.065298080444336,16810500
2016-03-29 00:00:00-04:00,19.073697690818115,19.09049076535315,18.872185600824906,19.040111541748047,19473000
2016-03-30 00:00:00-04:00,19.124071340601816,19.311589696690802,19.11287542607877,19.255613327026367,21625500
2016-03-31 00:00:00-04:00,19.241621293343446,19.36476674460865,19.16325469587662,19.168851852416992,18850500
2016-04-01 00:00:00-04:00,19.037309814947513,19.36756770133943,19.037309814947513,19.328384399414062,19807200
2016-04-04 00:00:00-04:00,19.311587433028876,19.41514202322047,19.289197208082715,19.339574813842773,20470200
2016-04-05 00:00:00-04:00,19.31998787277185,19.38155980271309,19.10727989205045,19.210834503173828,17337000
2016-04-06 00:00:00-04:00,19.227630150893468,19.328386997749902,19.177252528203127,19.32278823852539,16088100
2016-04-07 00:00:00-04:00,19.264011816642284,19.292000805051334,19.01492151057335,19.093286514282227,18331500
2016-04-08 00:00:00-04:00,19.118483508312245,19.140873746802832,18.992538616987204,19.048513412475586,19548000
2016-04-11 00:00:00-04:00,19.034510071866126,19.135266894774524,18.858186032145273,18.863784790039062,23596200
2016-04-12 00:00:00-04:00,18.91136337794252,19.275205777072852,18.87777883732418,19.255613327026367,23203800
2016-04-13 00:00:00-04:00,19.314387639158166,19.429138156991208,19.275205941681392,19.35357093811035,18788100
2016-04-14 00:00:00-04:00,19.35357077283258,19.378760379402888,19.073693728936604,19.255613327026367,20931300
2016-04-15 00:00:00-04:00,19.294798254485023,19.426341853489713,19.294798254485023,19.328384399414062,22753500
2016-04-18 00:00:00-04:00,19.32558259532337,19.56347855331072,19.269607829432392,19.552284240722656,19868700
2016-04-19 00:00:00-04:00,19.53269676709481,19.613862760672895,19.451533976468212,19.527099609375,24598200
2016-04-20 00:00:00-04:00,19.524297367139937,19.588670276644542,19.34797491375012,19.370365142822266,16237500
2016-04-21 00:00:00-04:00,19.443138222679412,19.50191238479528,19.09888818616435,19.163259506225586,19852800
2016-04-22 00:00:00-04:00,19.261214163237298,19.294798707479284,19.11007971045943,19.233226776123047,18645300
2016-04-25 00:00:00-04:00,19.185651522777274,19.45153656834363,19.04851073077589,19.443140029907227,17688600
2016-04-26 00:00:00-04:00,19.507502809161753,19.56067979497668,19.339575316959326,19.395551681518555,19945200
2016-04-27 00:00:00-04:00,19.44872872456236,19.529893092158105,19.308790214965402,19.429136276245117,15441900
2016-04-28 00:00:00-04:00,19.331186031204002,19.4851198903591,19.241626696980838,19.286405563354492,14330700
2016-04-29 00:00:00-04:00,19.2360266038554,19.261216215827925,18.572716170003012,18.7154541015625,36297000
2016-05-02 00:00:00-04:00,18.645481446737694,18.947750342710354,18.62029183824813,18.916963577270508,22829100
2016-05-03 00:00:00-04:00,18.712649360368776,18.891771168026775,18.681862599493147,18.7518310546875,17767800
2016-05-04 00:00:00-04:00,18.709853974881167,18.888977422245404,18.595105043281045,18.80501365661621,18088500
2016-05-05 00:00:00-04:00,18.743435327779398,18.821801916049928,18.634281979936535,18.810606002807617,24273000
2016-05-06 00:00:00-04:00,18.726644050454656,19.104478533087097,18.695857287936583,19.101680755615234,29476200
2016-05-09 00:00:00-04:00,19.101684862412807,19.33958087686252,19.076495250898148,19.29759979248047,25968600
2016-05-10 00:00:00-04:00,19.2892029875338,19.347977145443043,19.15766097711555,19.252819061279297,19208700
2016-05-11 00:00:00-04:00,19.021635846222566,19.03009385929971,18.49725194104778,18.722793579101562,43792500
2016-05-12 00:00:00-04:00,18.76226708703137,18.90323185776467,18.714340484599337,18.846845626831055,28600500
2016-05-13 00:00:00-04:00,18.742530266337784,18.762264557242894,18.22660269500552,18.30836296081543,41234100
2016-05-16 00:00:00-04:00,18.28580421655067,18.705875264382236,18.235056144296543,18.612838745117188,30545400
2016-05-17 00:00:00-04:00,18.624121763096163,18.683326250502347,18.29144739271733,18.353471755981445,27758100
2016-05-18 00:00:00-04:00,17.76706061977566,17.981326001180953,17.682483708043115,17.8037109375,66767700
2016-05-19 00:00:00-04:00,19.199248775093388,19.546019206972264,19.03009175862526,19.509368896484375,105230100
2016-05-20 00:00:00-04:00,19.546022961289133,19.774382880222376,19.410697967402328,19.695444107055664,50239800
2016-05-23 00:00:00-04:00,19.622140663982822,19.751825887998248,19.57703233914243,19.593948364257812,30299400
2016-05-24 00:00:00-04:00,19.636238897910438,19.85332253259459,19.608044981992162,19.802576065063477,26484000
2016-05-25 00:00:00-04:00,19.805392834395267,20.016838298013717,19.802572959285364,19.870235443115234,21791700
2016-05-26 00:00:00-04:00,19.929445726182948,20.12397522226793,19.904071682397426,19.97455406188965,26081700
2016-05-27 00:00:00-04:00,19.97737533957405,19.98583174156125,19.873062507583153,19.946361541748047,17321100
2016-05-31 00:00:00-04:00,19.898434110945967,20.016844705452392,19.87024180362598,19.954818725585938,25170600
2016-06-01 00:00:00-04:00,19.87588119506836,19.991471920846998,19.850507148960418,19.87588119506836,21662700
2016-06-02 00:00:00-04:00,19.875879588151406,20.01684434864132,19.777204901089004,20.00274658203125,19526100
2016-06-03 00:00:00-04:00,19.895613651766013,20.030938658777043,19.881517498519198,19.980192184448242,19123500
2016-06-06 00:00:00-04:00,20.163443929422485,20.17190194339269,20.01684265580883,20.03093719482422,27054000
2016-06-07 00:00:00-04:00,20.045033066716886,20.104237545714444,19.974550699090663,20.025297164916992,22090200
2016-06-08 00:00:00-04:00,19.97455627370541,20.14371335793725,19.960460118886342,20.09578514099121,18417000
2016-06-09 00:00:00-04:00,20.118328202447643,20.183170801451016,19.97454524420479,20.042207717895508,18209700
2016-06-10 00:00:00-04:00,20.016842073907892,20.13243116400429,19.926623798582135,20.056310653686523,22534200
2016-06-13 00:00:00-04:00,20.016843209823328,20.067589681847878,19.87306019475272,19.884336471557617,23722800
2016-06-14 00:00:00-04:00,19.920987924339855,20.064770947590706,19.791301054497723,20.00274658203125,27199200
2016-06-15 00:00:00-04:00,20.07322478718241,20.188815479573744,20.016840185275136,20.050670623779297,24051000
2016-06-16 00:00:00-04:00,20.016842536058892,20.146527780956298,19.96045631432859,20.10141944885254,20115600
2016-06-17 00:00:00-04:00,20.03093888884869,20.104241145055937,19.84768728133396,20.00274658203125,54177900
2016-06-20 00:00:00-04:00,20.104231239601646,20.236736306918804,20.03092901951077,20.045026779174805,21427500
2016-06-21 00:00:00-04:00,20.002739549274413,20.21982475240759,20.002739549274413,20.146522521972656,20024400
2016-06-22 00:00:00-04:00,20.186002386369704,20.369254017338957,20.17754437060165,20.22829246520996,25372500
2016-06-23 00:00:00-04:00,20.355155435365592,20.366431712017246,20.239564727079344,20.326961517333984,20910600
2016-06-24 00:00:00-04:00,19.889977899433575,20.501760380312508,19.87870000756224,20.28749656677246,45361200
2016-06-27 00:00:00-04:00,20.19727086170556,20.23392117373895,19.98300712677169,20.157800674438477,33910200
2016-06-28 00:00:00-04:00,20.231104008922973,20.26211618537182,19.923803733022144,20.160621643066406,25683600
2016-06-29 00:00:00-04:00,20.1944519108991,20.436909550297617,20.174716011338223,20.428451538085938,21044100
2016-06-30 00:00:00-04:00,20.459459667426376,20.634254787779334,20.38897732172906,20.586326599121094,26140800
2016-07-01 00:00:00-04:00,20.617344874487028,20.628621149746824,20.417175663215755,20.527128219604492,22916400
2016-07-05 00:00:00-04:00,20.510213918779336,20.755491478123982,20.490479628814175,20.62016487121582,32245800
2016-07-06 00:00:00-04:00,20.653999028947812,20.856986540173672,20.628624985094074,20.811878204345703,33188100
2016-07-07 00:00:00-04:00,20.78650401947865,20.842888627904532,20.622985106000943,20.730117797851562,23378400
2016-07-08 00:00:00-04:00,20.81187246773434,20.820330480020875,20.648355198730396,20.8175106048584,27382800
2016-07-11 00:00:00-04:00,20.769586635227068,20.96129622719613,20.721658430634257,20.87953758239746,27120300
2016-07-12 00:00:00-04:00,20.7385767495807,20.78650495947104,20.580695967165777,20.656816482543945,37083600
2016-07-13 00:00:00-04:00,20.65118223901969,20.75831333435054,20.563783823869045,20.755495071411133,19197000
2016-07-14 00:00:00-04:00,20.80341617270136,20.893632826936955,20.752669707994098,20.778043746948242,19939200
2016-07-15 00:00:00-04:00,20.856987176188895,20.865445191064726,20.70474613482671,20.769590377807617,17984400
2016-07-18 00:00:00-04:00,20.76112600721603,20.913367001971856,20.73011383323237,20.8175106048584,16371900
2016-07-19 00:00:00-04:00,20.76112745696465,20.851344110052985,20.74421143121034,20.766765594482422,14394300
2016-07-20 00:00:00-04:00,20.828795065374855,20.893637695766536,20.75831268287845,20.803421020507812,15846000
2016-07-21 00:00:00-04:00,20.70192249703649,20.766765109980533,20.62016224553183,20.727294921875,13175700
2016-07-22 00:00:00-04:00,20.794958491698676,20.837248557297393,20.699103698343336,20.735754013061523,12949800
2016-07-25 00:00:00-04:00,20.73575635113878,20.814696740356673,20.696286156529833,20.79214096069336,14202000
2016-07-26 00:00:00-04:00,20.7808611802206,20.882355718787668,20.696282666948203,20.786500930786133,15744900
2016-07-27 00:00:00-04:00,20.76676658411445,20.811874912808236,20.620163709259106,20.67091178894043,17333700
2016-07-28 00:00:00-04:00,20.62016538108574,20.67091346488158,20.431275650916803,20.648359298706055,13809600
2016-07-29 00:00:00-04:00,20.6286197061772,20.651175481520443,20.513029020247483,20.572235107421875,18906600
2016-08-01 00:00:00-04:00,20.527135542161925,20.859809979015065,20.527135542161925,20.80060386657715,17605200
2016-08-02 00:00:00-04:00,20.77804291647246,20.78368105383658,20.47637917607821,20.61734390258789,19539300
2016-08-03 00:00:00-04:00,20.5806904270541,20.6934628450508,20.442547199429697,20.56377601623535,19704300
2016-08-04 00:00:00-04:00,20.524306742729863,20.718837801192475,20.4651022692329,20.66526985168457,14834700
2016-08-05 00:00:00-04:00,20.71038311095342,20.848526366872207,20.71038311095342,20.794960021972656,16246200
2016-08-08 00:00:00-04:00,20.86262297712466,20.88235726596325,20.591971391960197,20.676549911499023,19731600
2016-08-09 00:00:00-04:00,20.682192289632372,20.828795194436896,20.60325350489256,20.732938766479492,19283700
2016-08-10 00:00:00-04:00,20.883379201526218,21.150205192999934,20.832285346550847,20.99124526977539,24156900
2016-08-11 00:00:00-04:00,21.147371990292513,21.23252952214734,20.872031632046152,20.948673248291016,18870900
2016-08-12 00:00:00-04:00,20.948664627063934,21.039498857195152,20.88053895446552,20.974210739135742,29982600
2016-08-15 00:00:00-04:00,20.951503074978124,21.008275283352987,20.75280440627666,20.812414169311523,28908300
2016-08-16 00:00:00-04:00,20.60520160013251,20.809578662709185,20.497335522155915,20.690359115600586,29289900
2016-08-17 00:00:00-04:00,20.43488162706459,20.707384289603066,20.43488162706459,20.701705932617188,43029900
2016-08-18 00:00:00-04:00,20.70171241386956,21.3432305176238,20.70171241386956,21.09059715270996,80574900
2016-08-19 00:00:00-04:00,21.0338263964676,21.087757810349448,20.627909832962423,20.66765022277832,46039200
2016-08-22 00:00:00-04:00,20.738612732236117,20.761321293580068,20.565460155019036,20.636425018310547,30936300
2016-08-23 00:00:00-04:00,20.690363817860206,20.741457689055252,20.42637692173343,20.429214477539062,28174200
2016-08-24 00:00:00-04:00,20.42921716740738,20.650626137398174,20.369607372456993,20.503021240234375,30152100
2016-08-25 00:00:00-04:00,20.542753940129494,20.602363717435622,20.16806182303363,20.216318130493164,31542600
2016-08-26 00:00:00-04:00,20.270247013567957,20.349727783163654,20.12264056613778,20.193605422973633,30115500
2016-08-29 00:00:00-04:00,20.193609758231748,20.34121623735077,20.182256288277394,20.267412185668945,22404300
2016-08-30 00:00:00-04:00,20.26741509596623,20.369604461452443,20.196451837949972,20.24186897277832,17322600
2016-08-31 00:00:00-04:00,20.284445274758482,20.335539141215897,20.196450192290452,20.27876853942871,18934800
2016-09-01 00:00:00-04:00,20.3156670882738,20.681843269008326,20.270249963108796,20.676166534423828,35284200
2016-09-02 00:00:00-04:00,20.718747458962962,20.775519685703767,20.55694831820866,20.57965850830078,24248700
2016-09-06 00:00:00-04:00,20.653458624809442,20.744294509399364,20.494500293449995,20.72158432006836,28712700
2016-09-07 00:00:00-04:00,20.721587879894773,20.7357821567263,20.440569135644058,20.454763412475586,28854900
2016-09-08 00:00:00-04:00,20.406500974422563,20.52855969915577,20.355407115584903,20.389469146728516,28983600
2016-09-09 00:00:00-04:00,20.244702351234746,20.298635390745407,19.955167770385742,19.955167770385742,36517800
2016-09-12 00:00:00-04:00,20.09425667836475,20.505849953157195,20.07438729669843,20.420692443847656,32592000
2016-09-13 00:00:00-04:00,20.392312816463622,20.412182203652243,20.196451627587034,20.284446716308594,22523700
2016-09-14 00:00:00-04:00,20.32986273360214,20.454760658338866,20.267413771233777,20.301477432250977,20941500
2016-09-15 00:00:00-04:00,20.29011809597361,20.59668283528339,20.227667527413605,20.551265716552734,21886800
2016-09-16 00:00:00-04:00,20.528558567208005,20.710227054608673,20.50017327211275,20.684680938720703,41807100
2016-09-19 00:00:00-04:00,20.61939284223203,20.684680970143575,20.463272094726562,20.463272094726562,20762100
2016-09-20 00:00:00-04:00,20.48030834873411,20.59385118708137,20.40934508992012,20.429214477539062,17731800
2016-09-21 00:00:00-04:00,20.488819984971244,20.591009330261084,20.298635567434363,20.49165916442871,20027700
2016-09-22 00:00:00-04:00,20.5597813606909,20.59100583244075,20.43488509793576,20.51436424255371,17615700
2016-09-23 00:00:00-04:00,20.608039906649587,20.656294584783463,20.534235863439612,20.53707504272461,23089200
2016-09-26 00:00:00-04:00,20.52572184565566,20.53140020475013,20.30147538876188,20.32986068725586,17846100
2016-09-27 00:00:00-04:00,20.41785027248783,20.576810162611313,20.31850013813015,20.53139305114746,19033200
2016-09-28 00:00:00-04:00,20.500177256742138,20.528562557354658,20.261736508560723,20.37811851501465,18554700
2016-09-29 00:00:00-04:00,20.315663787701457,20.355404171825565,20.046000259936672,20.077224731445312,23990400
2016-09-30 00:00:00-04:00,20.295798807108866,20.568303218947747,20.267413506128992,20.471792221069336,29947800
2016-10-03 00:00:00-04:00,20.3894674399949,20.480301681100418,20.32418093829194,20.440561294555664,17573100
2016-10-04 00:00:00-04:00,20.437721574751606,20.599520658673427,20.309986139758248,20.366758346557617,19707900
2016-10-05 00:00:00-04:00,20.40082548947521,20.51436830731581,20.32418388440223,20.344053268432617,19393200
2016-10-06 00:00:00-04:00,20.344048235107064,20.344048235107064,19.554925440290802,19.688339233398438,60330900
2016-10-07 00:00:00-04:00,19.65995364501758,19.719565034873792,19.350549725094414,19.500993728637695,37961400
2016-10-10 00:00:00-04:00,19.515188823398063,19.574798591526516,19.23132938151246,19.29661750793457,26965200
2016-10-11 00:00:00-04:00,19.28809692378026,19.290936102239527,19.10358930578306,19.12913703918457,25774500
2016-10-12 00:00:00-04:00,19.228488841675052,19.27674513421386,19.123461968967394,19.149009704589844,26822100
2016-10-13 00:00:00-04:00,19.072372914422996,19.455579299586155,19.038309258366972,19.367584228515625,27581400
2016-10-14 00:00:00-04:00,19.421524442337173,19.532228116925584,19.36191464646302,19.43004035949707,19248000
2016-10-17 00:00:00-04:00,19.486804827461157,19.486804827461157,19.245526539611514,19.36474609375,22480200
2016-10-18 00:00:00-04:00,19.46409594465115,19.580477941554392,19.36758495594176,19.549253463745117,23573100
2016-10-19 00:00:00-04:00,19.648595498533986,19.682657517525005,19.4981515308155,19.554922103881836,21369900
2016-10-20 00:00:00-04:00,19.58047489920934,19.608860193082062,19.464092920389117,19.509510040283203,18882000
2016-10-21 00:00:00-04:00,19.3988037109375,19.481122026220714,19.29945357201111,19.3988037109375,23533800
2016-10-24 00:00:00-04:00,19.478291791962686,19.69118481253054,19.413005270343078,19.640090942382812,21490800
2016-10-25 00:00:00-04:00,19.588987465093396,19.833106493358873,19.58614991050229,19.688339233398438,22889100
2016-10-26 00:00:00-04:00,19.67131134842498,19.81607863737779,19.625894223429764,19.753629684448242,15151500
2016-10-27 00:00:00-04:00,19.75646414836285,19.870005309506272,19.696852764820775,19.82175064086914,21394800
2016-10-28 00:00:00-04:00,19.81323730077198,19.92961927999261,19.793367919841582,19.867170333862305,20858700
2016-10-31 00:00:00-04:00,19.887038205187768,19.9182626758827,19.82742844267715,19.87568473815918,19167000
2016-11-01 00:00:00-04:00,19.864337861222392,19.887044802812706,19.625897107831822,19.671314239501953,26515800
2016-11-02 00:00:00-04:00,19.64292112876916,19.86149078500363,19.64292112876916,19.713884353637695,22935900
2016-11-03 00:00:00-04:00,19.764984130859375,19.89272122243835,19.685504970310138,19.764984130859375,20411700
2016-11-04 00:00:00-04:00,19.7876970422691,19.852983562572064,19.62305871517695,19.631574630737305,21786300
2016-11-07 00:00:00-05:00,19.762140945390694,19.82458988361655,19.631566335712307,19.807558059692383,29266200
2016-11-08 00:00:00-05:00,19.787691166048578,19.881362960905747,19.719565486041397,19.81039810180664,22863900
2016-11-09 00:00:00-05:00,19.671307605463916,20.29579214320196,19.66846842660025,20.1822509765625,50338500
2016-11-10 00:00:00-05:00,20.224831755101892,20.463272461574245,20.153868515983785,20.264572143554688,42963900
2016-11-11 00:00:00-05:00,20.185094513125303,20.23335082264341,20.04032720881567,20.219158172607422,24671700
2016-11-14 00:00:00-05:00,20.199290430361412,20.241870011601232,19.923950051486983,20.00910758972168,38752500
2016-11-15 00:00:00-05:00,20.094257515773123,20.273088455200195,19.96936123792601,20.273088455200195,29175300
2016-11-16 00:00:00-05:00,20.366761481826963,20.454756548031185,20.24754031646857,20.264572143554688,33577200
2016-11-17 00:00:00-05:00,19.608866459446745,19.733762766946175,19.33636365299906,19.640090942382812,70320900
2016-11-18 00:00:00-05:00,19.56628118183119,19.69969335512967,19.427190650673356,19.455575942993164,33405900
2016-11-21 00:00:00-05:00,19.455579638517857,19.699697097023687,19.421517606112964,19.691181182861328,25068000
2016-11-22 00:00:00-05:00,19.793364391864827,19.989225484141034,19.793364391864827,19.904067993164062,32952000
2016-11-23 00:00:00-05:00,19.932459227312524,20.122642003639456,19.92110413474013,20.10561180114746,22196700
2016-11-25 00:00:00-05:00,20.185094513125303,20.338377732305467,20.148193298182797,20.219158172607422,12703200
2016-11-28 00:00:00-05:00,20.13399369241342,20.30146950377135,20.09709249021925,20.207796096801758,21297600
2016-11-29 00:00:00-05:00,20.26173533672238,20.378117336445353,20.21064147372592,20.25889778137207,21930300
2016-11-30 00:00:00-05:00,20.131158166470488,20.19928385001587,19.918265202360626,19.992069244384766,27978300
2016-12-01 00:00:00-05:00,19.940978272808433,20.077229659611778,19.88420604951805,20.060197830200195,20549400
2016-12-02 00:00:00-05:00,20.03464877244324,20.139675673187124,19.997747560634135,20.11980628967285,20022600
2016-12-05 00:00:00-05:00,20.125482407419867,20.15103014907896,19.816078449356265,19.85297966003418,31583700
2016-12-06 00:00:00-05:00,19.872844531171573,19.980710583583843,19.728078900703263,19.97219467163086,23334000
2016-12-07 00:00:00-05:00,19.992212179346417,20.198052010196662,19.98363531524396,20.183757781982422,20898600
2016-12-08 00:00:00-05:00,20.1494532288008,20.269526062048385,20.103711041290325,20.10942840576172,20532600
2016-12-09 00:00:00-05:00,20.089416449265556,20.135160275544234,19.93789728388952,20.035099029541016,32270100
2016-12-12 00:00:00-05:00,20.032234655560956,20.521104401103155,20.017940429019525,20.489656448364258,27252300
2016-12-13 00:00:00-05:00,20.489659629220657,20.64975891742532,20.472507536229834,20.526824951171875,26662500
2016-12-14 00:00:00-05:00,20.555414727502306,20.72122974160998,20.349574891960835,20.39531707763672,26008200
2016-12-15 00:00:00-05:00,20.36100488414486,20.526819859681282,20.30668584680654,20.320980072021484,21408900
2016-12-16 00:00:00-05:00,20.318127138561948,20.481082654247796,20.183758444373183,20.292396545410156,53534400
2016-12-19 00:00:00-05:00,20.252367521429232,20.51252799144237,20.252367521429232,20.463926315307617,17667900
2016-12-20 00:00:00-05:00,20.506812590046056,20.563991138816178,20.44391667715979,20.532543182373047,18324300
2016-12-21 00:00:00-05:00,20.48679873415103,20.584000456864057,20.36672592163086,20.36672592163086,15303000
2016-12-22 00:00:00-05:00,20.36672183650259,20.36672183650259,19.78636620870012,19.895004272460938,36320400
2016-12-23 00:00:00-05:00,19.849272175928615,19.940756563237578,19.829260579655987,19.880720138549805,14411700
2016-12-27 00:00:00-05:00,19.81209910462633,19.96076035796508,19.79780324331061,19.926454544067383,13307100
2016-12-28 00:00:00-05:00,19.99507327587867,20.012225369583557,19.800668157729373,19.81496238708496,14627100
2016-12-29 00:00:00-05:00,19.78637067472834,19.87499553650749,19.760641720466992,19.8006649017334,12895200
2016-12-30 00:00:00-05:00,19.760639190673828,19.849264041107066,19.67773006726757,19.760639190673828,20668500
2017-01-03 00:00:00-05:00,19.794946303095475,19.794946303095475,19.454737832470737,19.629131317138672,31419600
2017-01-04 00:00:00-05:00,19.629130961714313,19.90644188785474,19.611977236341296,19.743486404418945,23754000
2017-01-05 00:00:00-05:00,19.563375798764596,19.82067677489567,19.47475094303668,19.78636932373047,21297600
2017-01-06 00:00:00-05:00,19.557664371528105,19.583393331841766,19.443308892717937,19.514780044555664,28473300
2017-01-09 00:00:00-05:00,19.53478880616114,19.669155849568416,19.531929306393966,19.6434268951416,26055600
2017-01-10 00:00:00-05:00,19.62341219077303,19.803523037544682,19.503339383504805,19.50619888305664,30769500
2017-01-11 00:00:00-05:00,19.497622500446663,19.617695310671976,19.494763000824406,19.591964721679688,20092800
2017-01-12 00:00:00-05:00,19.54336162192471,19.60053851847065,19.417569832133093,19.431865692138672,19634700
2017-01-13 00:00:00-05:00,19.434728007599688,19.446162735180735,19.177428642462004,19.191722869873047,30037500
2017-01-17 00:00:00-05:00,19.469032009519115,19.809238814831566,19.45759564809668,19.560516357421875,39502500
2017-01-18 00:00:00-05:00,19.406141438242308,19.471895217895508,19.308938065011976,19.471895217895508,21964500
2017-01-19 00:00:00-05:00,19.47760985792302,19.494763584431404,19.291783273646868,19.33180809020996,20463300
2017-01-20 00:00:00-05:00,19.366118019603093,19.39184861482936,19.160278165402186,19.20602035522461,36164100
2017-01-23 00:00:00-05:00,19.15741010627603,19.20601177470011,19.02876045936001,19.05449104309082,23854200
2017-01-24 00:00:00-05:00,19.12310607141482,19.27176731777938,19.05735067440274,19.268909454345703,32131800
2017-01-25 00:00:00-05:00,19.303222898631898,19.363260956644957,19.094523535477418,19.12311363220215,26168700
2017-01-26 00:00:00-05:00,19.19172132117389,19.217451909959085,19.045917923129792,19.07736587524414,19512300
2017-01-27 00:00:00-05:00,19.11453747412351,19.145985436575604,18.662832905246855,18.77147102355957,40300800
2017-01-30 00:00:00-05:00,18.762891395120633,19.005896557339053,18.762891395120633,18.98874282836914,25924500
2017-01-31 00:00:00-05:00,18.92870638105509,19.12311149202512,18.834362507748654,19.080228805541992,27962700
2017-02-01 00:00:00-05:00,19.000179133690565,19.071651913595772,18.88010466714546,18.934425354003906,27150000
2017-02-02 00:00:00-05:00,18.96586781178257,19.194578697838494,18.96586781178257,19.068788528442383,26996100
2017-02-03 00:00:00-05:00,19.103098491592082,19.134546449737257,18.99446202402743,19.011615753173828,22875900
2017-02-06 00:00:00-05:00,18.974440107127226,19.114526104567155,18.974440107127226,18.983016967773438,27291600
2017-02-07 00:00:00-05:00,19.028769748337147,19.154559957620666,19.01447551790969,19.12311363220215,17417100
2017-02-08 00:00:00-05:00,19.12310884597346,19.38898506429292,19.12310884597346,19.386125564575195,22982400
2017-02-09 00:00:00-05:00,19.38612132209033,19.766354543736462,19.36896759927672,19.74920082092285,33241500
2017-02-10 00:00:00-05:00,19.511912846725544,19.61197404730515,19.371826838740294,19.446157455444336,37336800
2017-02-13 00:00:00-05:00,19.531931064963505,19.626274935341286,19.314656503309557,19.374692916870117,25122900
2017-02-14 00:00:00-05:00,19.406137790859574,19.634848680410105,19.357536113379094,19.629131317138672,25386900
2017-02-15 00:00:00-05:00,19.383265296958374,19.643424119448824,19.371828935375124,19.637706756591797,25689900
2017-02-16 00:00:00-05:00,19.63198658260157,19.794943683290406,19.614834495057302,19.689165115356445,25241400
2017-02-17 00:00:00-05:00,19.67773677875229,19.952189921807836,19.63771358895902,19.832117080688477,38512200
2017-02-21 00:00:00-05:00,20.35815406295506,20.6640535329368,20.212350625109114,20.426767349243164,67238700
2017-02-22 00:00:00-05:00,20.655477304820472,20.68978476695769,20.435344844875946,20.5010986328125,45728100
2017-02-23 00:00:00-05:00,20.584006549018216,20.726952129521862,20.343859217033184,20.386743545532227,38399100
2017-02-24 00:00:00-05:00,20.39531546546613,20.812712467797542,20.38387910201636,20.695497512817383,41669700
2017-02-27 00:00:00-05:00,20.664054655244787,20.70407948338746,20.449637919465314,20.509675979614258,27764100
2017-02-28 00:00:00-05:00,20.26095105125111,20.29811801339004,20.01222686148649,20.278104782104492,47857800
2017-03-01 00:00:00-05:00,20.2895416217862,20.320987947925353,20.055111656968137,20.140878677368164,40568100
2017-03-02 00:00:00-05:00,20.132299982419294,20.2695265482423,20.060827199268672,20.229501724243164,26748900
2017-03-03 00:00:00-05:00,20.229497030037653,20.303827660309448,19.977915051074458,20.020797729492188,27893700
2017-03-06 00:00:00-05:00,20.012220625327323,20.138012431226784,19.949326358246896,19.977914810180664,27547800
2017-03-07 00:00:00-05:00,19.98363473726222,20.07226123984456,19.972200009369377,19.975059509277344,21848700
2017-03-08 00:00:00-05:00,20.07009693011199,20.168013386884663,20.026898929508835,20.101776123046875,23939400
2017-03-09 00:00:00-05:00,20.087379411938155,20.170896546079682,20.03266094862509,20.11905860900879,22693500
2017-03-10 00:00:00-05:00,20.15937107515493,20.263048571409307,20.101773747823085,20.18817138671875,21296400
2017-03-13 00:00:00-04:00,20.15649446983721,20.288970644692,20.07585787290261,20.144975662231445,20407500
2017-03-14 00:00:00-04:00,20.395522675044656,20.507840088654504,20.366724014282227,20.366724014282227,29875200
2017-03-15 00:00:00-04:00,20.303359598156394,20.360958550432287,20.165124090170938,20.326398849487305,26441400
2017-03-16 00:00:00-04:00,20.191051120183786,20.3609658657839,20.179530666430605,20.286087036132812,21183000
2017-03-17 00:00:00-04:00,20.326408514849856,20.375365917271882,20.10465582133191,20.127695083618164,42235200
2017-03-20 00:00:00-04:00,20.199692830681496,20.288971006760768,20.07585823116825,20.153615951538086,22398600
2017-03-21 00:00:00-04:00,20.20833098624798,20.27456989299088,20.07009541726015,20.130573272705078,26240400
2017-03-22 00:00:00-04:00,20.168012801323695,20.257290973702098,20.078736276843337,20.231372833251953,19366800
2017-03-23 00:00:00-04:00,20.216975078564545,20.24865427563518,20.087379411938155,20.11905860900879,20696400
2017-03-24 00:00:00-04:00,20.156491184680355,20.208329106253785,20.02401503141687,20.047054290771484,17577000
2017-03-27 00:00:00-04:00,20.021135654790793,20.179531601878203,19.975058781335623,20.06145477294922,17377800
2017-03-28 00:00:00-04:00,19.966416759286904,20.265927116680835,19.966416759286904,20.251527786254883,21756600
2017-03-29 00:00:00-04:00,20.26017223075062,20.499204794484697,20.248651775102925,20.372488021850586,20973000
2017-03-30 00:00:00-04:00,20.358080229784388,20.654711652715505,20.343680902131023,20.617271423339844,24424500
2017-03-31 00:00:00-04:00,20.539524209137873,20.89663364946813,20.51360606530469,20.758398056030273,29819400
2017-04-03 00:00:00-04:00,20.75839395379081,20.88798959104104,20.671996312991347,20.6863956451416,24873900
2017-04-04 00:00:00-04:00,20.660477502268055,20.752634546329467,20.59999800019206,20.73823356628418,16701900
2017-04-05 00:00:00-04:00,20.631671477162097,20.824625440723942,20.608632222526317,20.634552001953125,19063500
2017-04-06 00:00:00-04:00,20.648955214777036,20.76415150962768,20.556798178896518,20.571197509765625,17823300
2017-04-07 00:00:00-04:00,20.764146724259927,21.020459039193774,20.67774911105895,20.994539260864258,32304000
2017-04-10 00:00:00-04:00,21.020469694018157,21.161585812178565,20.945592493642454,21.04062843322754,22487700
2017-04-11 00:00:00-04:00,21.023342686838763,21.152939959998726,21.00318395327275,21.147180557250977,17431500
2017-04-12 00:00:00-04:00,21.181737932266177,21.2623761597014,21.095341950168372,21.15005874633789,19881900
2017-04-13 00:00:00-04:00,21.12989813061522,21.213415227939812,21.066539764404297,21.066539764404297,16009200
2017-04-17 00:00:00-04:00,21.06942736930978,21.19038309243154,21.066546843369494,21.164464950561523,16396200
2017-04-18 00:00:00-04:00,21.178860389352643,21.340136866933346,21.161582179238675,21.2796573638916,19883700
2017-04-19 00:00:00-04:00,21.34012948900716,21.42076605202106,21.271011728753507,21.33148956298828,17821800
2017-04-20 00:00:00-04:00,21.35165548066951,21.631007140377964,21.343015551741647,21.541728973388672,23043900
2017-04-21 00:00:00-04:00,21.524452988543647,21.6310093765061,21.4841338653449,21.582050323486328,17267100
2017-04-24 00:00:00-04:00,21.622362588729754,21.71451961372713,21.432289136647057,21.535964965820312,23437500
2017-04-25 00:00:00-04:00,21.590686402783614,21.648285375352103,21.55900721505562,21.613725662231445,17161200
2017-04-26 00:00:00-04:00,21.677081277011713,21.82107621824778,21.64828261834402,21.723159790039062,20845500
2017-04-27 00:00:00-04:00,21.75484045445108,21.800918970614713,21.605084452970413,21.726041793823242,18156600
2017-04-28 00:00:00-04:00,21.668448683450162,21.72604766817735,21.579172152205913,21.651168823242188,21991200
2017-05-01 00:00:00-04:00,21.625246374232855,21.80667992659019,21.625246374232855,21.665565490722656,18497700
2017-05-02 00:00:00-04:00,21.685722028712046,21.803798840795675,21.67132105093304,21.74907875061035,21955200
2017-05-03 00:00:00-04:00,21.71452141260423,21.852756961552025,21.651163040695394,21.81819725036621,16570800
2017-05-04 00:00:00-04:00,21.86716028400458,22.002516980329567,21.83836161802404,21.98523712158203,16502400
2017-05-05 00:00:00-04:00,22.00827368296835,22.06011160495109,21.93915590435876,22.031312942504883,16793400
2017-05-08 00:00:00-04:00,22.031313806412932,22.03707320954845,21.907477575560893,21.921876907348633,19536600
2017-05-09 00:00:00-04:00,22.01403301731403,22.189707164745702,21.982353829562737,22.09467124938965,24765900
2017-05-10 00:00:00-04:00,22.129457575527265,22.25992044520661,22.08887030686286,22.23672866821289,22535700
2017-05-11 00:00:00-04:00,22.135252610967186,22.24252202259177,22.013485853325044,22.071470260620117,25048200
2017-05-12 00:00:00-04:00,22.019293070759577,22.106268882320585,21.851139392694797,21.9497127532959,17678700
2017-05-15 00:00:00-04:00,21.975806067995048,22.170051343593663,21.975806067995048,22.11786651611328,26531700
2017-05-16 00:00:00-04:00,22.088870967014604,22.11206274470144,21.767060997190846,21.775758743286133,25115400
2017-05-17 00:00:00-04:00,21.775763832902562,21.95551342339168,21.732276751187413,21.778663635253906,32913000
2017-05-18 00:00:00-04:00,22.29181543521417,22.515053745632592,22.07147858580372,22.480262756347656,57500400
2017-05-19 00:00:00-04:00,22.604926272601464,23.031105910818564,22.546941847104474,22.83686065673828,55745100
2017-05-22 00:00:00-04:00,22.802075781026904,22.903545642340397,22.700604260787518,22.773082733154297,26692800
2017-05-23 00:00:00-04:00,22.78177357014323,22.894842607014223,22.74118630150146,22.75568199157715,22754700
2017-05-24 00:00:00-04:00,22.77598103829395,22.790476731814337,22.654215885582058,22.657114028930664,22281000
2017-05-25 00:00:00-04:00,22.71799619145549,22.86005497034953,22.657111961728745,22.70349884033203,18405000
2017-05-26 00:00:00-04:00,22.720890272506402,22.77017694430805,22.552738282363055,22.651309967041016,18377400
2017-05-30 00:00:00-04:00,22.6136269483695,22.729594155458393,22.59333330922611,22.657114028930664,16231200
2017-05-31 00:00:00-04:00,22.71509845625408,22.880352348411574,22.677409321325342,22.787578582763672,24605100
2017-06-01 00:00:00-04:00,22.79917051424186,23.13837432861328,22.78757462501274,23.13837432861328,24459300
2017-06-02 00:00:00-04:00,23.135482563259405,23.173171702031613,22.96733051060618,23.083297729492188,23989500
2017-06-05 00:00:00-04:00,23.077500991636512,23.3297307608808,23.042711651111254,23.26884651184082,30437100
2017-06-06 00:00:00-04:00,23.028209528197845,23.065898661135463,22.68900401390788,22.883249282836914,34577700
2017-06-07 00:00:00-04:00,22.92673738361528,23.04850252648389,22.825265878249553,22.947031021118164,25533600
2017-06-08 00:00:00-04:00,22.947031658081666,23.23115088563689,22.680307925397866,22.883249282836914,32799000
2017-06-09 00:00:00-04:00,22.91223765877343,23.065895631386812,22.822363711952352,23.025306701660156,28215300
2017-06-12 00:00:00-04:00,23.019510428062528,23.300731495897537,22.857156356296315,22.97312355041504,31231800
2017-06-13 00:00:00-04:00,22.964428252646204,23.068797909021278,22.871654487456905,23.054302215576172,16584000
2017-06-14 00:00:00-04:00,23.054295720704733,23.20505387612855,22.978917472455482,23.164464950561523,15019500
2017-06-15 00:00:00-04:00,22.955729009638944,22.99051833985614,22.544045038693824,22.877450942993164,33891600
2017-06-16 00:00:00-04:00,21.439455038043928,21.888829779677142,21.248109583274893,21.81344985961914,168699000
2017-06-19 00:00:00-04:00,21.854041101055618,22.03668882823338,21.60471119366317,21.888832092285156,48285300
2017-06-20 00:00:00-04:00,21.999000485795968,22.01059803626533,21.836646391705763,21.900428771972656,30057600
2017-06-21 00:00:00-04:00,21.91781746594024,22.210634373110427,21.912017863042575,22.103364944458008,27034200
2017-06-22 00:00:00-04:00,22.04247731949275,22.05117506356956,21.830838296348936,21.89461898803711,24333900
2017-06-23 00:00:00-04:00,21.917817710710036,21.970002524894607,21.613403253270246,21.697479248046875,39240900
2017-06-26 00:00:00-04:00,21.729376147359392,22.013495387055613,21.72067839955201,21.888832092285156,25762500
2017-06-27 00:00:00-04:00,21.888831121561065,22.14105916108634,21.87433376990784,22.03668785095215,19363200
2017-06-28 00:00:00-04:00,22.106265938790013,22.265720189648587,22.074373097907813,22.181642532348633,20966700
2017-06-29 00:00:00-04:00,22.106269911440016,22.126563549547882,21.8859313997514,22.01349449157715,21190500
2017-06-30 00:00:00-04:00,22.056982440557213,22.11206540758507,21.938115441507485,21.941015243530273,20889900
2017-07-03 00:00:00-04:00,21.987402444501587,22.132361028177794,21.76706393745917,21.848241806030273,14545800
2017-07-05 00:00:00-04:00,21.903316080304094,22.01928489192712,21.79314852943473,21.83663558959961,18110700
2017-07-06 00:00:00-04:00,21.84534359091149,22.025093176726195,21.813452401579383,21.88013458251953,18485400
2017-07-07 00:00:00-04:00,21.932310394450457,21.98159540039932,21.758358825774767,21.839536666870117,15921300
2017-07-10 00:00:00-04:00,21.78735930336168,21.83374618653163,21.201725318072494,21.230716705322266,45200100
2017-07-11 00:00:00-04:00,21.274199729844927,21.46844497344808,21.259704038983937,21.30029296875,22597800
2017-07-12 00:00:00-04:00,21.355376101202967,21.514832007412966,21.355376101202967,21.436553955078125,17100600
2017-07-13 00:00:00-04:00,21.64819638041313,21.816348399513853,21.60180950211461,21.758365631103516,24481500
2017-07-14 00:00:00-04:00,22.11206325669132,22.19614091791735,22.007693618982184,22.13235855102539,27455700
2017-07-17 00:00:00-04:00,22.117860718538857,22.286012706858095,22.08886933964078,22.141054153442383,26506800
2017-07-18 00:00:00-04:00,22.106271339459326,22.190345699448248,22.033789553022153,22.091773986816406,12944700
2017-07-19 00:00:00-04:00,22.05698012939133,22.097569058829198,21.91781950754048,21.996097564697266,15940800
2017-07-20 00:00:00-04:00,22.027994943285105,22.106273022457632,21.946817061578066,22.03959083557129,14896200
2017-07-21 00:00:00-04:00,21.987402273641194,22.100469669423386,21.90332460365817,22.0772762298584,21459900
2017-07-24 00:00:00-04:00,22.042483031664563,22.37009095478001,22.042483031664563,22.291812896728516,22164000
2017-07-25 00:00:00-04:00,22.500549947248484,22.86294710747603,22.436767595820815,22.764373779296875,34512000
2017-07-26 00:00:00-04:00,22.773084061609882,22.952833669631705,22.59623425622225,22.874555587768555,20148300
2017-07-27 00:00:00-04:00,22.822364185100717,23.152871915394176,22.7527838722377,23.129676818847656,24157500
2017-07-28 00:00:00-04:00,23.13547618576875,23.18186306053622,23.06009627007749,23.13837432861328,14925600
2017-07-31 00:00:00-04:00,23.1412746169818,23.292032792608858,23.10358548780642,23.190561294555664,18789600
2017-08-01 00:00:00-04:00,23.26594620537355,23.405106872392544,23.19346772812991,23.338424682617188,17179500
2017-08-02 00:00:00-04:00,23.292035408115375,23.515272065329853,23.280437858414583,23.347118377685547,26019000
2017-08-03 00:00:00-04:00,23.58194714962631,23.70371226932974,23.387701923043284,23.44568634033203,29840700
2017-08-04 00:00:00-04:00,23.500776464804574,23.599348172483158,23.254346366145253,23.332624435424805,21425400
2017-08-07 00:00:00-04:00,23.3587130774654,23.61384089157259,23.35001533098242,23.56455421447754,16453500
2017-08-08 00:00:00-04:00,23.532667151103986,23.73271036436316,23.454389083493755,23.65443229675293,22144200
2017-08-09 00:00:00-04:00,23.663184939431403,23.91991755848044,23.60191940946476,23.80905532836914,19819500
2017-08-10 00:00:00-04:00,23.651515335557814,23.747790697355814,23.49981052596642,23.531902313232422,24135000
2017-08-11 00:00:00-04:00,23.552318584701478,23.704023361982788,23.44437441562973,23.456043243408203,23716500
2017-08-14 00:00:00-04:00,23.51147206545891,23.70110468800473,23.48521470146702,23.543563842773438,23376000
2017-08-15 00:00:00-04:00,23.58149264319881,23.74778596149792,23.496887797897227,23.563987731933594,21198300
2017-08-16 00:00:00-04:00,23.709868089110234,23.759464798650644,23.496896045588297,23.625263214111328,34608000
2017-08-17 00:00:00-04:00,23.003845432457503,23.283917353597204,22.852140643186996,23.251827239990234,51881100
2017-08-18 00:00:00-04:00,23.22849102601702,23.44146136790639,23.12929762196715,23.138050079345703,29259000
2017-08-21 00:00:00-04:00,23.08261393955159,23.35976946502981,22.986338598697017,23.254741668701172,28841700
2017-08-22 00:00:00-04:00,23.281000523510478,23.386026657193398,23.2547431554096,23.345182418823242,19638300
2017-08-23 00:00:00-04:00,23.441459184370302,23.502724710952812,23.304341260053295,23.327680587768555,23397900
2017-08-24 00:00:00-04:00,23.517313992873213,23.59608276570514,22.7121063266315,22.855058670043945,57384000
2017-08-25 00:00:00-04:00,22.901742212019297,23.073868322824275,22.89590612706673,22.939666748046875,29706600
2017-08-28 00:00:00-04:00,22.875482056842174,22.890068928728894,22.715023127367267,22.764619827270508,25864500
2017-08-29 00:00:00-04:00,22.65958884489699,23.04177218008812,22.60999215192709,22.980504989624023,22995600
2017-08-30 00:00:00-04:00,22.99509126763765,23.076779739913828,22.907568381444662,22.91340446472168,17489400
2017-08-31 00:00:00-04:00,22.930907742141116,22.974668347439824,22.77336689208963,22.776283264160156,24584400
2017-09-01 00:00:00-04:00,22.846306578961272,22.901739362950487,22.817132835270506,22.863811492919922,19423200
2017-09-05 00:00:00-04:00,22.74127946264781,23.30725774513385,22.726692591425437,23.281002044677734,36205500
2017-09-06 00:00:00-04:00,23.30433677649554,23.456041542777818,23.257658130045595,23.36268424987793,25278300
2017-09-07 00:00:00-04:00,23.432704703077114,23.561071829099536,23.33934906964297,23.374357223510742,20462400
2017-09-08 00:00:00-04:00,23.263488506797458,23.30433273269383,22.67708748651317,23.012590408325195,29998800
2017-09-11 00:00:00-04:00,23.09136893253819,23.14971808565725,22.948414926352815,23.070947647094727,21000600
2017-09-12 00:00:00-04:00,23.13512974101558,23.313093574449535,23.09720354237961,23.225570678710938,18015000
2017-09-13 00:00:00-04:00,23.225571662664183,23.53773539084706,23.21973724786387,23.298507690429688,26471100
2017-09-14 00:00:00-04:00,23.27808444556641,23.286836902338436,23.11179277497922,23.24599266052246,20817900
2017-09-15 00:00:00-04:00,23.283915349069904,23.558154501610183,23.126374489651536,23.45020866394043,39953400
2017-09-18 00:00:00-04:00,23.40061526977017,23.66610031596334,23.324761207029052,23.3393497467041,24528300
2017-09-19 00:00:00-04:00,23.391866929119974,23.473553751126076,23.25183094622901,23.353939056396484,18523200
2017-09-20 00:00:00-04:00,23.388948170852785,23.502726777458655,23.3014252668849,23.48522186279297,15954600
2017-09-21 00:00:00-04:00,23.505645208535398,23.505645208535398,23.257665034324592,23.342269897460938,19290900
2017-09-22 00:00:00-04:00,23.307264252755367,23.362695380493562,23.120551247360577,23.202238082885742,17265900
2017-09-25 00:00:00-04:00,23.024271588494322,23.36852712344102,23.006766673648762,23.091371536254883,25643400
2017-09-26 00:00:00-04:00,23.059272927923146,23.205143279979907,23.024264777947955,23.1613826751709,17505900
2017-09-27 00:00:00-04:00,23.17014361248432,23.213904233313883,22.951337169615147,23.132217407226562,18943800
2017-09-28 00:00:00-04:00,23.04760712876193,23.070948125982344,22.79087619166226,23.033021926879883,37118400
2017-09-29 00:00:00-04:00,23.003843030693307,23.047603637792346,22.75002850467061,22.796707153320312,31060200
2017-10-02 00:00:00-04:00,22.72669634617211,22.99801586832671,22.609998018392208,22.88715362548828,23127600
2017-10-03 00:00:00-04:00,22.998007551856215,23.240153239182185,22.974668228612266,23.111787796020508,23810100
2017-10-04 00:00:00-04:00,23.126369405568063,23.27515777682476,23.06802194119436,23.073856353759766,18520200
2017-10-05 00:00:00-04:00,23.0972011864105,23.28391578794864,23.070945488919335,23.167219161987305,15416100
2017-10-06 00:00:00-04:00,22.98342552146404,23.097204120218425,22.828801011734665,23.047607421875,18740100
2017-10-09 00:00:00-04:00,23.193477670342073,23.741952674034525,23.164303929755963,23.49397087097168,40479000
2017-10-10 00:00:00-04:00,24.121213183083302,24.763045408943665,24.100791901192142,24.544239044189453,75372000
2017-10-11 00:00:00-04:00,24.675531151265236,25.174409570124737,24.53549516244014,25.011035919189453,55683000
2017-10-12 00:00:00-04:00,25.002276155067083,25.197743207686266,24.815559888501735,25.118972778320312,38631000
2017-10-13 00:00:00-04:00,25.159818925383593,25.36695482138571,25.159818925383593,25.270679473876953,28167000
2017-10-16 00:00:00-04:00,25.259012217940374,25.270681047198668,24.80389448965883,25.013948440551758,27900900
2017-10-17 00:00:00-04:00,24.943931237219733,25.194829437086124,24.891418165193883,25.083967208862305,17554500
2017-10-18 00:00:00-04:00,25.13356087841625,25.19774444168882,25.092716640937322,25.153982162475586,16416300
2017-10-19 00:00:00-04:00,25.133560935114698,25.28234934605481,25.022698720004765,25.20649528503418,21087000
2017-10-20 00:00:00-04:00,25.26484869346584,25.51282886371699,25.171491374342562,25.509912490844727,22853400
2017-10-23 00:00:00-04:00,25.48073336096177,25.94168547425642,25.457394034584325,25.8629150390625,31758000
2017-10-24 00:00:00-04:00,25.874585849261926,25.906677632088332,25.647026996994896,25.667449951171875,23102700
2017-10-25 00:00:00-04:00,25.629525707835125,25.84833213486698,25.506994642892664,25.813323974609375,19224000
2017-10-26 00:00:00-04:00,25.865832951985585,25.997116453534527,25.679118341896373,25.854164123535156,19454700
2017-10-27 00:00:00-04:00,25.714125046916877,25.787061063381152,25.425300692048204,25.722877502441406,19851000
2017-10-30 00:00:00-04:00,25.655783034559587,25.658701076809443,25.203583308743603,25.366958618164062,21156000
2017-10-31 00:00:00-04:00,25.34070134067651,25.51574715038987,25.264848935502318,25.47198486328125,18020700
2017-11-01 00:00:00-04:00,25.401968335177887,25.789986179522533,25.381547046258973,25.655784606933594,18528300
2017-11-02 00:00:00-04:00,25.754972686568717,26.01462333690998,25.614936718390144,25.906679153442383,15549300
2017-11-03 00:00:00-04:00,25.970855703470175,26.221753845444844,25.895003320339253,26.163406372070312,19536300
2017-11-06 00:00:00-05:00,26.08756021523335,26.163412616467895,25.871670171885107,25.877506256103516,15772200
2017-11-07 00:00:00-05:00,25.92710393664437,25.982535056861952,25.7637286183991,25.950443267822266,16047900
2017-11-08 00:00:00-05:00,25.99711758248391,26.379299275276907,25.994201209924803,26.33262062072754,20302500
2017-11-09 00:00:00-05:00,26.239261977586594,26.423060213880387,26.067134239016976,26.344289779663086,20713500
2017-11-10 00:00:00-05:00,26.326782377546103,26.74980824888925,26.31511355028594,26.52516746520996,22943400
2017-11-13 00:00:00-05:00,26.56018204135126,26.834419580625564,26.510587009458177,26.545595169067383,25474800
2017-11-14 00:00:00-05:00,26.460989464603045,26.606859852151878,26.3092829928383,26.57476806640625,29502300
2017-11-15 00:00:00-05:00,26.35595698240591,26.504745385710258,26.15465551598243,26.207168579101562,25300200
2017-11-16 00:00:00-05:00,27.750484027073675,29.0808255469111,27.633787402526533,29.063323974609375,114367200
2017-11-17 00:00:00-05:00,28.952464165073746,29.21211313287457,28.176428626095692,28.436080932617188,70726500
2017-11-20 00:00:00-05:00,28.13558201063179,28.48567019360919,27.937196926293826,28.43899154663086,49182900
2017-11-21 00:00:00-05:00,28.514863352214235,28.567374772982067,28.100588039923153,28.158935546875,38239500
2017-11-22 00:00:00-05:00,28.196850702402575,28.243529354639104,28.03930983376422,28.1268310546875,26754600
2017-11-24 00:00:00-05:00,28.26104090476609,28.36606706228759,28.161847493443847,28.188106536865234,13488300
2017-11-27 00:00:00-05:00,28.25520481984548,28.488598135849568,28.09474587174225,28.188106536865234,26714700
2017-11-28 00:00:00-05:00,28.179348281422172,28.266869510082,27.95470745634651,28.231863021850586,26128800
2017-11-29 00:00:00-05:00,28.36314409978094,28.666557027315047,28.263950705665398,28.462337493896484,34272000
2017-11-30 00:00:00-05:00,28.616960353028496,28.719068450458643,28.156006546812687,28.36606216430664,38564100
2017-12-01 00:00:00-05:00,28.476927769430848,28.506101515018326,28.07432473836982,28.40107536315918,24888600
2017-12-04 00:00:00-05:00,28.51193743136095,28.57903571032769,28.205606427057933,28.301881790161133,26869500
2017-12-05 00:00:00-05:00,28.298957891595638,28.57319705144563,28.275620235581425,28.541105270385742,27030300
2017-12-06 00:00:00-05:00,28.58778522479598,28.631545835858546,28.36897883076253,28.380647659301758,21423000
2017-12-07 00:00:00-05:00,28.465696335202665,28.61820398689469,28.3454529511159,28.383577346801758,22507800
2017-12-08 00:00:00-05:00,28.24280758986227,28.36012092740981,28.195882926106595,28.316129684448242,17463300
2017-12-11 00:00:00-05:00,28.436369155215694,28.52728504936404,28.239873621292375,28.42757225036621,26786700
2017-12-12 00:00:00-05:00,28.404108195423476,28.518488096170273,28.330789467414622,28.360116958618164,23431800
2017-12-13 00:00:00-05:00,28.348391801263233,28.714988864453748,28.31613088379498,28.670997619628906,23638200
2017-12-14 00:00:00-05:00,28.741384755366717,28.90855281926475,28.47743394425316,28.486230850219727,28157400
2017-12-15 00:00:00-05:00,28.656330251866788,28.885090066169003,28.421706952785296,28.480361938476562,48428400
2017-12-18 00:00:00-05:00,28.559548985754994,28.79123887624705,28.55368550067308,28.712053298950195,23893200
2017-12-19 00:00:00-05:00,29.301542818970066,29.301542818970066,28.826429417725755,28.976003646850586,36036600
2017-12-20 00:00:00-05:00,29.16663958245668,29.225294571279907,28.873357925707353,28.96134376525879,32189400
2017-12-21 00:00:00-05:00,29.034666691719337,29.131449451035802,28.735521506703485,28.75898551940918,22107300
2017-12-22 00:00:00-05:00,28.82643344673097,28.864561203498532,28.64753505841896,28.8029727935791,16436100
2017-12-26 00:00:00-05:00,28.84403389165266,29.163709660459936,28.84403389165266,29.08159065246582,12887700
2017-12-27 00:00:00-05:00,29.198900068605496,29.210630394934487,28.984803992439495,29.11091423034668,15422400
2017-12-28 00:00:00-05:00,29.18716615203806,29.21649700210029,29.06985617705522,29.1519718170166,29291700
2017-12-29 00:00:00-05:00,29.151972478934276,29.237024897781232,28.96134376525879,28.96134376525879,21432900
2018-01-02 00:00:00-05:00,29.122646977377585,29.266354394881624,28.893890491523297,28.91442108154297,30451500
2018-01-03 00:00:00-05:00,28.990665319228203,29.327934792168872,28.967201314716938,29.16663360595703,26710800
2018-01-04 00:00:00-05:00,29.193029403686523,29.26341470875822,29.008264202017696,29.193029403686523,20491200
2018-01-05 00:00:00-05:00,29.22235478792619,29.439380884371822,29.21355788404471,29.36606216430664,21852000
2018-01-08 00:00:00-05:00,29.40125958597553,29.84117866528531,29.389525904477825,29.80011749267578,26531700
2018-01-09 00:00:00-05:00,29.923290990388946,30.017143650415754,29.418853500179402,29.44231414794922,21938100
2018-01-10 00:00:00-05:00,29.254619402691173,29.295677219866686,28.896819304596214,29.231155395507812,23791200
2018-01-11 00:00:00-05:00,29.23994816278618,29.45990765079294,28.97013060906988,29.333797454833984,19613100
2018-01-12 00:00:00-05:00,29.442313966443976,29.750255943498477,29.415919898786683,29.583087921142578,20853600
2018-01-16 00:00:00-05:00,29.720937949617593,29.888109381689166,29.427659622725407,29.530305862426758,21512100
2018-01-17 00:00:00-05:00,29.665210117123728,30.19017824505584,29.53323305189506,30.119792938232422,26045700
2018-01-18 00:00:00-05:00,30.71808249098845,30.77673747146963,30.389609901451262,30.589038848876953,36923700
2018-01-19 00:00:00-05:00,30.688760809052855,30.77380987558415,30.40134598019174,30.674097061157227,25135800
2018-01-22 00:00:00-05:00,30.647693624861148,30.926311492919922,30.512786499391375,30.926311492919922,21924900
2018-01-23 00:00:00-05:00,30.879405365132158,31.131622602111104,30.668242611269324,31.058303833007812,24863400
2018-01-24 00:00:00-05:00,31.190263751782645,31.216657822822533,30.74154440620704,31.026025772094727,20469300
2018-01-25 00:00:00-05:00,31.04363215884898,31.325180187954405,31.04363215884898,31.263591766357422,17571300
2018-01-26 00:00:00-05:00,31.380896957760726,31.79441862997936,31.287047639145893,31.788555145263672,20358900
2018-01-29 00:00:00-05:00,31.706435551049694,32.25486770607328,31.671241218157537,32.12875747680664,25065600
2018-01-30 00:00:00-05:00,32.00851287426834,32.073034696684324,31.42488640849155,31.594987869262695,27541500
2018-01-31 00:00:00-05:00,31.60672821705983,31.726974995291716,31.108154001725296,31.263591766357422,29438400
2018-02-01 00:00:00-05:00,31.075882018725377,31.25185031335909,30.84712558512279,30.94683837890625,19160400
2018-02-02 00:00:00-05:00,30.838325972110713,31.22545689969896,30.545047712438876,30.641830444335938,27759300
2018-02-05 00:00:00-05:00,30.325097747249178,30.679964519861983,28.4745050013548,29.35434341430664,37684800
2018-02-06 00:00:00-05:00,28.635799961853298,29.644681836543466,28.52142340983032,29.591890335083008,49241400
2018-02-07 00:00:00-05:00,29.474590972464078,30.674105340737565,29.330883519243883,30.16379737854004,33495600
2018-02-08 00:00:00-05:00,30.27522379499768,30.348542505561454,29.327930615462712,29.333797454833984,41925300
2018-02-09 00:00:00-05:00,29.48337808264679,29.65054949706631,28.280934048672727,29.14317512512207,42553800
2018-02-12 00:00:00-05:00,29.36606819988257,29.459917523381097,28.97600715886159,29.195966720581055,27405300
2018-02-13 00:00:00-05:00,29.131444185171336,29.685743207040257,29.131444185171336,29.615354537963867,19868400
2018-02-14 00:00:00-05:00,29.58016012034359,29.98781831803602,29.38952805783301,29.82651710510254,21922800
2018-02-15 00:00:00-05:00,30.075801457632835,30.395473790566086,29.864638826245404,30.275230407714844,22484700
2018-02-16 00:00:00-05:00,30.23417199876032,30.776737277422622,29.90862947524684,30.729812622070312,48192900
2018-02-20 00:00:00-05:00,28.445176338937085,28.723790929964256,27.597597203287187,27.60053062438965,156265500
2018-02-21 00:00:00-05:00,27.89380207381586,27.9612573172404,26.758811720532858,26.84092903137207,148511100
2018-02-22 00:00:00-05:00,26.8145381835448,27.389364462984176,26.77934384741349,27.207530975341797,61095000
2018-02-23 00:00:00-05:00,27.23979195157752,27.418693697047374,26.91131931169049,27.242725372314453,38374500
2018-02-26 00:00:00-05:00,27.245656930179468,27.509607721073387,27.04622628766175,27.310178756713867,44097900
2018-02-27 00:00:00-05:00,27.459748156597374,27.486143905523253,26.83799561099427,26.84092903137207,40128300
2018-02-28 00:00:00-05:00,26.9817032218417,27.011030711401446,26.395143361698604,26.398075103759766,42431100
2018-03-01 00:00:00-05:00,26.44500570042762,26.447937442961493,25.723538600718257,26.125329971313477,56728800
2018-03-02 00:00:00-05:00,25.594495160642918,26.07254036991599,25.585696576649145,26.034414291381836,57130200
2018-03-05 00:00:00-05:00,25.84964133359141,26.541782461116743,25.8291124278497,26.3892765045166,40149600
2018-03-06 00:00:00-05:00,26.497791722965516,26.541784636242895,25.993350838438577,26.119461059570312,33164100
2018-03-07 00:00:00-05:00,25.80272112181373,25.96402399945428,25.615020817386736,25.73233413696289,34359000
2018-03-08 00:00:00-05:00,25.894602826686878,26.000813631818648,25.76774071774557,25.938858032226562,28766100
2018-03-09 00:00:00-05:00,26.03326200455567,26.174875259399414,25.823791343330658,26.174875259399414,29263200
2018-03-12 00:00:00-04:00,26.168973143793654,26.387293139740354,25.927049252333926,25.983104705810547,25422000
2018-03-13 00:00:00-04:00,26.07751938510385,26.227983701733667,25.95655910040235,26.050966262817383,21519000
2018-03-14 00:00:00-04:00,26.11291748572292,26.25453242603158,25.81494150018355,25.865095138549805,33121800
2018-03-15 00:00:00-04:00,25.868051225851485,26.195531303930395,25.342900711233778,25.817895889282227,49845600
2018-03-16 00:00:00-04:00,25.879845606989175,26.57906249766174,25.814940800969474,26.307636260986328,85188000
2018-03-19 00:00:00-04:00,26.230927690464057,26.281081323998915,25.696926293130613,25.800186157226562,36160200
2018-03-20 00:00:00-04:00,25.92114929133412,26.006707082514623,25.776585137312868,25.947702407836914,24774000
2018-03-21 00:00:00-04:00,25.930002352293844,26.45810199739265,25.86804676378549,26.015560150146484,35508000
2018-03-22 00:00:00-04:00,25.823794663622305,26.042114704202763,25.664480997561725,25.7087345123291,36744600
2018-03-23 00:00:00-04:00,25.770686421552416,25.87099538690644,25.159978213782054,25.201282501220703,30375300
2018-03-26 00:00:00-04:00,25.43730438040624,25.870995174544237,25.40485113255392,25.81494140625,27599400
2018-03-27 00:00:00-04:00,25.95065751250491,25.974259725359968,25.218988913998142,25.38715362548828,19637400
2018-03-28 00:00:00-04:00,25.449105253943813,26.033262041200473,25.428453953977883,25.89459800720215,34728900
2018-03-29 00:00:00-04:00,25.932954757799994,26.357796266328783,25.894601373926317,26.24863624572754,27823800
2018-04-02 00:00:00-04:00,25.9624548511451,26.033263169899772,25.030168392439478,25.23963737487793,57386700
2018-04-03 00:00:00-04:00,25.446156765999763,25.652676524261523,25.239637007738,25.608421325683594,29086500
2018-04-04 00:00:00-04:00,25.254388122351376,25.814942715351254,25.207183702747514,25.73233413696289,19609800
2018-04-05 00:00:00-04:00,25.84444509074798,26.065716018962725,25.682178843036784,25.906400680541992,19142700
2018-04-06 00:00:00-04:00,25.61727611791413,25.93295593197139,25.410756329400577,25.575973510742188,19050000
2018-04-09 00:00:00-04:00,25.623175849650778,25.80019159097997,25.443209198836822,25.45500946044922,25104300
2018-04-10 00:00:00-04:00,25.620219501080697,25.69692624976666,25.272086534972626,25.505159378051758,27382200
2018-04-11 00:00:00-04:00,25.37240120294387,25.626123695626404,25.313394833558778,25.345848083496094,18837000
2018-04-12 00:00:00-04:00,25.428453306920076,25.617270975506155,25.198331351290012,25.204233169555664,20568900
2018-04-13 00:00:00-04:00,25.339948237071468,25.452059165914566,25.133430148558254,25.3783016204834,22677600
2018-04-16 00:00:00-04:00,25.431413888021517,25.859204714168637,25.40781167047196,25.62023162841797,21062100
2018-04-17 00:00:00-04:00,25.809043595830317,26.01261246564035,25.788392293155162,25.932954788208008,20405700
2018-04-18 00:00:00-04:00,26.021464789677108,26.127675594213155,25.817895909826774,25.83559799194336,17562000
2018-04-19 00:00:00-04:00,25.78839085415393,25.974257632349037,25.543517704494214,25.930004119873047,19764900
2018-04-20 00:00:00-04:00,25.92410285206507,26.074565463149003,25.57006801513304,25.661527633666992,24974700
2018-04-23 00:00:00-04:00,25.63497434076497,25.691029799960646,25.378299254544604,25.40190315246582,22081500
2018-04-24 00:00:00-04:00,25.599569444617163,25.64087373254466,25.2455363084454,25.528762817382812,25409100
2018-04-25 00:00:00-04:00,25.466809637674704,25.873949048893063,25.339947540863545,25.71758460998535,20281200
2018-04-26 00:00:00-04:00,25.717584482488014,26.0568664794063,25.637926808691578,25.94475555419922,17347500
2018-04-27 00:00:00-04:00,25.924106124938216,25.93295547763184,25.69103321747169,25.752988815307617,16953300
2018-04-30 00:00:00-04:00,25.94475222230014,26.452200541861085,25.93885209230045,26.098167419433594,26057700
2018-05-01 00:00:00-04:00,25.865094051565084,25.965403012245222,25.475656780449473,25.788387298583984,20873100
2018-05-02 00:00:00-04:00,25.705784692509322,25.741187168191388,25.41960722469071,25.472713470458984,18249000
2018-05-03 00:00:00-04:00,25.428454170005644,25.457956509682802,25.112774408603187,25.440256118774414,20628300
2018-05-04 00:00:00-04:00,25.372404054404623,25.991961717678908,25.183584664049924,25.823795318603516,20914500
2018-05-07 00:00:00-04:00,25.811992932524817,25.81494384194004,25.15702947173398,25.216035842895508,32350800
2018-05-08 00:00:00-04:00,25.23078594476866,25.328145693387157,25.053770215109733,25.295692443847656,19654200
2018-05-09 00:00:00-04:00,24.357508632580878,24.687939630619717,24.192291445397938,24.505022048950195,96795600
2018-05-10 00:00:00-04:00,24.534705001714247,24.8701854232293,24.347665590888756,24.549549102783203,47572800
2018-05-11 00:00:00-04:00,24.549547050245312,24.795962844744302,24.32985165471549,24.754398345947266,29804400
2018-05-14 00:00:00-04:00,24.905815619222533,25.17301286818542,24.834562906245853,25.054258346557617,28497600
2018-05-15 00:00:00-04:00,24.95628901629045,25.199735381299217,24.87909729667402,25.09285545349121,27968700
2018-05-16 00:00:00-04:00,25.19676724752141,25.570842742919922,25.158172237621507,25.570842742919922,41200800
2018-05-17 00:00:00-04:00,25.841009535126524,26.004298075777072,24.893942794548558,25.08395004272461,89162100
2018-05-18 00:00:00-04:00,25.009729027646646,25.069107144957915,24.787064060627426,24.83159637451172,36129300
2018-05-21 00:00:00-04:00,24.98003988981487,25.0987944212241,24.885036264687482,25.089887619018555,32147100
2018-05-22 00:00:00-04:00,25.086920336084937,25.178954462780084,24.727685535297457,24.75143814086914,24201900
2018-05-23 00:00:00-04:00,24.62674244231813,24.647523846868772,24.395170696930993,24.644556045532227,28197600
2018-05-24 00:00:00-04:00,24.641585623782845,24.641585623782845,24.27938309174095,24.5970516204834,25728600
2018-05-25 00:00:00-04:00,24.597058695408155,24.7425336500322,24.43970913568775,24.481273651123047,17740500
2018-05-29 00:00:00-04:00,24.33282817153739,24.49908452748103,24.28829585610209,24.463459014892578,25284600
2018-05-30 00:00:00-04:00,24.478295192702486,25.006753998480324,24.421886592139757,24.974096298217773,27942300
2018-05-31 00:00:00-04:00,24.920661852226125,25.03050958177149,24.49611333936831,24.505020141601562,34406100
2018-06-01 00:00:00-04:00,24.65346638914707,24.766283627313395,24.59705777006391,24.638622283935547,15713700
2018-06-04 00:00:00-04:00,24.790028710484638,25.389740314246303,24.730652299521328,25.36005210876465,32766000
2018-06-05 00:00:00-04:00,25.368961106497924,25.374898408348546,25.012695814679592,25.12254524230957,24844200
2018-06-06 00:00:00-04:00,25.220515414654916,25.279891823807052,25.04238278960128,25.10472869873047,22088400
2018-06-07 00:00:00-04:00,25.170044896434472,25.460993047752524,25.14332449219967,25.220516204833984,23117100
2018-06-08 00:00:00-04:00,25.170044757266652,25.291768777487277,24.980037524999528,25.045352935791016,22807200
2018-06-11 00:00:00-04:00,25.0601960036077,25.098791008718358,24.87612608025038,25.027538299560547,18756900
2018-06-12 00:00:00-04:00,25.03347795084742,25.113637468525415,24.78112479457161,24.968162536621094,24185100
2018-06-13 00:00:00-04:00,24.905810881185282,25.048316280028672,24.893936280680844,24.96518898010254,19075200
2018-06-14 00:00:00-04:00,25.003792399540703,25.17895555695204,24.840503846632377,24.876131057739258,22552200
2018-06-15 00:00:00-04:00,24.790029085384973,24.935505711321653,24.659399960010987,24.849407196044922,37509000
2018-06-18 00:00:00-04:00,24.65643252381724,24.810814265417008,24.588149304701265,24.641590118408203,25506900
2018-06-19 00:00:00-04:00,24.52283616235822,24.825660672931374,24.454552936906975,24.82269287109375,28057500
2018-06-20 00:00:00-04:00,24.852381082263943,24.885038794070752,24.689092523229895,24.82269287109375,23899800
2018-06-21 00:00:00-04:00,24.760347274690933,25.101766827472936,24.611904507898494,25.000825881958008,24276000
2018-06-22 00:00:00-04:00,25.075042779514764,25.19082780719334,24.968162854981735,25.181921005249023,32439000
2018-06-25 00:00:00-04:00,25.11363821449898,25.71038036449476,25.080980506415756,25.671785354614258,47818500
2018-06-26 00:00:00-04:00,25.68959680577116,25.843978541362247,25.46099455202945,25.526309967041016,30378600
2018-06-27 00:00:00-04:00,25.5025549283199,25.974605161727883,25.398644520950825,25.796472549438477,30899100
2018-06-28 00:00:00-04:00,25.78460024927973,25.915229370992048,25.440211294222447,25.49068260192871,25401000
2018-06-29 00:00:00-04:00,25.5025593148548,25.591625636319243,25.389742087586427,25.42833709716797,24766800
2018-07-02 00:00:00-04:00,25.42833687064376,25.514435389864957,24.76034201380935,24.938474655151367,24375300
2018-07-03 00:00:00-04:00,24.96519092651037,25.250201746417982,24.96519092651037,25.069101333618164,13188600
2018-07-05 00:00:00-04:00,25.21754232619338,25.407549526519762,25.01862832600191,25.107694625854492,16102500
2018-07-06 00:00:00-04:00,24.997853494225957,25.19676754668627,24.885036264687482,25.089887619018555,16841100
2018-07-09 00:00:00-04:00,25.23536309092542,25.671787943615378,25.167079866373363,25.5114688873291,19726200
2018-07-10 00:00:00-04:00,25.51146501572719,25.92710669875501,25.4966209125903,25.8914794921875,18145200
2018-07-11 00:00:00-04:00,25.84694548909625,25.873664193472365,25.648031462258515,25.689594268798828,16787700
2018-07-12 00:00:00-04:00,25.811320167990143,25.950857796351386,25.59756202339297,25.686628341674805,14665800
2018-07-13 00:00:00-04:00,25.686624840031044,26.12304787143952,25.680685840502807,26.036951065063477,19165800
2018-07-16 00:00:00-04:00,26.013202942166284,26.042891147784907,25.77866170090262,26.019140243530273,13341600
2018-07-17 00:00:00-04:00,25.947883341887422,26.333836747818072,25.947883341887422,26.182424545288086,17734500
2018-07-18 00:00:00-04:00,26.2239871813552,26.479309783962304,26.108202179586073,26.14679718017578,15136500
2018-07-19 00:00:00-04:00,26.084456965287963,26.26852690720782,25.95085833449414,26.042892456054688,14649300
2018-07-20 00:00:00-04:00,25.947884830691596,26.176487048004795,25.888508425632917,26.143829345703125,14445300
2018-07-23 00:00:00-04:00,26.022109501816463,26.17055222732893,25.94194998835208,26.016170501708984,12450000
2018-07-24 00:00:00-04:00,26.161647090019976,26.27446431605678,26.010234854822954,26.114145278930664,16768500
2018-07-25 00:00:00-04:00,25.909292905984795,26.131957849007147,25.86179109677466,26.096330642700195,17427300
2018-07-26 00:00:00-04:00,26.2744630272042,26.55056707826712,26.17945940968583,26.194303512573242,19644900
2018-07-27 00:00:00-04:00,26.316029779136258,26.387282498352377,26.13492763134631,26.16461753845215,14038200
2018-07-30 00:00:00-04:00,26.12601975928688,26.405095021620987,26.09336375076566,26.38728141784668,18032100
2018-07-31 00:00:00-04:00,26.422902940588862,26.618847443553097,26.363524840382446,26.491186141967773,20124300
2018-08-01 00:00:00-04:00,26.381348951985185,26.461506786065268,26.09039903300187,26.19727897644043,15150000
2018-08-02 00:00:00-04:00,26.10820769820327,26.375404958025186,26.013204077040037,26.351654052734375,12918300
2018-08-03 00:00:00-04:00,26.47931206037725,26.802917892032806,26.422905153834208,26.601036071777344,17241600
2018-08-06 00:00:00-04:00,26.514942226876915,26.71385626832547,26.4615014166021,26.6218204498291,13954800
2018-08-07 00:00:00-04:00,26.669323843129998,26.826675084327324,26.61588472848121,26.65151023864746,13580100
2018-08-08 00:00:00-04:00,26.710885403009552,26.78807711430625,26.53275447426029,26.734636306762695,15123300
2018-08-09 00:00:00-04:00,26.713731714881458,26.764496161880135,26.504703850218505,26.579357147216797,14183700
2018-08-10 00:00:00-04:00,26.486790914637716,26.985470063200523,26.471858886941273,26.928733825683594,24734700
2018-08-13 00:00:00-04:00,26.93470450669584,27.03623169070036,26.686857477607376,26.767480850219727,17637600
2018-08-14 00:00:00-04:00,26.767481840192822,27.209426430084708,26.764496801787335,27.128801345825195,17510400
2018-08-15 00:00:00-04:00,26.94963446682196,26.997413877257557,26.77644072507131,26.940677642822266,25850700
2018-08-16 00:00:00-04:00,29.893935034432154,29.92379566758171,29.23699085315067,29.454978942871094,127893900
2018-08-17 00:00:00-04:00,29.195187506346368,29.762546387486378,29.147409808439928,29.219078063964844,49389900
2018-08-20 00:00:00-04:00,29.165333584016935,29.35047092451032,28.651722358994903,28.66665267944336,38037900
2018-08-21 00:00:00-04:00,28.65470808633635,28.774150645671405,28.47554083000259,28.690542221069336,31593900
2018-08-22 00:00:00-04:00,28.726372953931932,28.920470530287037,28.436721671790476,28.5681095123291,23297100
2018-08-23 00:00:00-04:00,28.517340953999042,28.624841634120898,28.385953132367156,28.42178726196289,18289200
2018-08-24 00:00:00-04:00,28.394915280037225,28.565123999957425,28.17394381494703,28.35310935974121,25782900
2018-08-27 00:00:00-04:00,28.445674395167938,28.550190036903196,28.156023154791935,28.230674743652344,21120900
2018-08-28 00:00:00-04:00,28.29935828124234,28.771165241668047,28.22769172560783,28.68755340576172,29949000
2018-08-29 00:00:00-04:00,28.750261311365286,28.914498235275296,28.526301403670146,28.55914878845215,23588400
2018-08-30 00:00:00-04:00,28.517346861873023,28.815960113926238,28.502418249669198,28.696514129638672,21176100
2018-08-31 00:00:00-04:00,28.72338787105756,28.798042892339733,28.400889182925614,28.624847412109375,18974100
2018-09-04 00:00:00-04:00,28.606926082365266,28.747274152484547,28.439705830958587,28.47553825378418,24842100
2018-09-05 00:00:00-04:00,28.56810847886253,28.91449940671833,28.475539815210528,28.851791381835938,28423800
2018-09-06 00:00:00-04:00,28.824912533432364,28.881650477928883,28.669635853191874,28.801025390625,18452400
2018-09-07 00:00:00-04:00,28.60692815471069,28.80998426098364,28.559150448371827,28.615886688232422,20017200
2018-09-10 00:00:00-04:00,28.699496335534942,29.02199668301061,28.69352284119989,28.93539810180664,24997800
2018-09-11 00:00:00-04:00,29.045889296772817,29.162348536926594,28.812974233796762,28.857765197753906,19390500
2018-09-12 00:00:00-04:00,28.744281180300767,28.887614257893084,28.645740757371712,28.657684326171875,17700000
2018-09-13 00:00:00-04:00,28.46358898745823,28.553172594974342,28.341159708895894,28.403867721557617,22958700
2018-09-14 00:00:00-04:00,28.227688404782846,28.320257054171037,28.173938921546643,28.24560546875,18958200
2018-09-17 00:00:00-04:00,28.29338718528482,28.51137532656762,28.179916410743367,28.31429100036621,15989400
2018-09-18 00:00:00-04:00,28.206793402212465,28.544222412309598,28.114223020859157,28.496444702148438,20279400
2018-09-19 00:00:00-04:00,28.538245336046064,28.63380073865687,28.332204212749687,28.43970489501953,17025300
2018-09-20 00:00:00-04:00,28.47255498086893,28.603944534147804,28.35311070909979,28.59200096130371,16656900
2018-09-21 00:00:00-04:00,28.64276301552553,28.75325045931982,28.55616613417239,28.636791229248047,28590300
2018-09-24 00:00:00-04:00,28.499430859703107,28.66665284180484,28.326237091121296,28.344152450561523,16011000
2018-09-25 00:00:00-04:00,28.663661812816457,28.821923519126337,28.365050338562398,28.397897720336914,18579600
2018-09-26 00:00:00-04:00,28.39789709514029,28.544215227764685,28.224701657899896,28.24560546875,17755800
2018-09-27 00:00:00-04:00,28.126162914653893,28.356092887173993,28.015675485989604,28.108245849609375,16090200
2018-09-28 00:00:00-04:00,28.153040590206196,28.179916191387807,27.976860080457588,28.04255485534668,18918900
2018-10-01 00:00:00-04:00,28.156025905242178,28.26651163448077,28.081372600423844,28.188873291015625,14982900
2018-10-02 00:00:00-04:00,28.048524085297,28.550191676305364,28.02463523375686,28.412830352783203,23263800
2018-10-03 00:00:00-04:00,28.517344642617893,28.52928992358333,28.08137349769231,28.09033203125,18982200
2018-10-04 00:00:00-04:00,28.090327570145345,28.21873034963759,27.830536972892727,28.13213348388672,18135900
2018-10-05 00:00:00-04:00,28.02762116429508,28.126163314776427,27.737968207061108,27.863384246826172,20080200
2018-10-08 00:00:00-04:00,27.845469671335138,28.347137292582893,27.776789859766915,28.275470733642578,17287800
2018-10-09 00:00:00-04:00,28.559144305702482,29.186229556687593,28.424769749109696,28.989145278930664,34796700
2018-10-10 00:00:00-04:00,28.84581209030718,29.219076834578292,28.57706126939216,28.59497833251953,27008400
2018-10-11 00:00:00-04:00,28.60991183056216,28.753246642855963,27.949982546189446,28.0455379486084,29779500
2018-10-12 00:00:00-04:00,28.296371866042726,28.41880287410453,27.97088646896653,28.311302185058594,25661700
2018-10-15 00:00:00-04:00,28.218734510542756,28.365054375880057,28.01567840576172,28.01567840576172,24916500
2018-10-16 00:00:00-04:00,28.278455698854117,28.687552921105933,28.170955012885763,28.609912872314453,33725100
2018-10-17 00:00:00-04:00,28.42179352563614,28.851794632223044,28.338181677263048,28.833877563476562,28618200
2018-10-18 00:00:00-04:00,28.78609486954498,29.03991714853812,28.589013958716123,28.717416763305664,34195200
2018-10-19 00:00:00-04:00,28.666650960243587,29.159358340156555,28.666650960243587,29.010051727294922,26852100
2018-10-22 00:00:00-04:00,29.066788001457336,29.138456265049378,28.887620759808133,29.00706672668457,21368700
2018-10-23 00:00:00-04:00,28.815946229231557,29.26087572795468,28.699487048698945,29.204137802124023,28217400
2018-10-24 00:00:00-04:00,29.114565462937318,29.613246304742415,29.048870694300525,29.132482528686523,31094100
2018-10-25 00:00:00-04:00,29.266852390746557,29.705811913203387,28.96525588581917,29.616230010986328,32211300
2018-10-26 00:00:00-04:00,29.505740119546395,29.76254221966784,29.269834992587455,29.544557571411133,44776800
2018-10-29 00:00:00-04:00,29.7147853510734,30.37770341706418,29.589369250912764,29.80138397216797,38118300
2018-10-30 00:00:00-04:00,29.923799681057258,30.637481894908568,29.879008725325416,30.583730697631836,38125500
2018-10-31 00:00:00-04:00,30.604637034124977,30.604637034124977,29.896928256281708,29.944705963134766,37064700
2018-11-01 00:00:00-04:00,29.84914009195296,30.21045780552761,29.777475265446316,30.03428077697754,23205300
2018-11-02 00:00:00-04:00,30.12386895513669,30.32991007319904,29.95366196647579,30.261228561401367,21909600
2018-11-05 00:00:00-05:00,30.216443622795506,30.80769320628303,30.04921993052386,30.73005485534668,22850400
2018-11-06 00:00:00-05:00,30.619570751682673,30.8883199553869,30.47325086745898,30.855472564697266,19106100
2018-11-07 00:00:00-05:00,30.954010121890626,31.195885394363156,30.77185612637496,31.151094436645508,26017800
2018-11-08 00:00:00-05:00,31.154083887446852,31.431789899793642,31.0644985469065,31.318317413330078,17884200
2018-11-09 00:00:00-05:00,31.354138682524475,31.622887759194416,31.2974041712409,31.5213623046875,25351200
2018-11-12 00:00:00-05:00,31.503447450211084,31.715458613115295,30.95101552644508,31.01671028137207,26829300
2018-11-13 00:00:00-05:00,30.9569999145931,31.10033304378856,30.6195691988625,30.739011764526367,23870100
2018-11-14 00:00:00-05:00,30.756930324949824,30.801721289246714,30.16269396341615,30.317974090576172,31445700
2018-11-15 00:00:00-05:00,30.553868047886812,30.69720114718584,29.44900745929114,29.723730087280273,48247800
2018-11-16 00:00:00-05:00,29.508737354076356,29.687904634897365,28.94137828503008,29.171306610107422,42705600
2018-11-19 00:00:00-05:00,29.24595372957706,29.33852238415044,28.795050610249703,28.89956283569336,27643200
2018-11-20 00:00:00-05:00,28.362064959113056,28.427759725829617,27.94998271091897,28.117204666137695,37861800
2018-11-21 00:00:00-05:00,28.176923989578594,28.34414593323003,27.863382204482676,28.120187759399414,28052700
2018-11-23 00:00:00-05:00,28.108244778263664,28.532272285718385,28.108244778263664,28.397897720336914,14670000
2018-11-26 00:00:00-05:00,28.574080527845503,28.687552999827524,28.29039934789045,28.412830352783203,30103800
2018-11-27 00:00:00-05:00,28.365053582856955,28.52928880184888,28.191858121994077,28.37998390197754,27126900
2018-11-28 00:00:00-05:00,28.502413061984708,29.150398780044004,28.382967099437334,29.10262107849121,30212400
2018-11-29 00:00:00-05:00,28.9712357127737,29.21311100243112,28.887623868694977,29.051860809326172,18723900
2018-11-30 00:00:00-05:00,29.084703573941397,29.39227359095778,28.98616142522764,29.15935516357422,31992000
2018-12-03 00:00:00-05:00,29.269842990570673,29.738663208813247,29.165330757559918,29.487831115722656,27246300
2018-12-04 00:00:00-05:00,29.338523696622033,29.55053832137488,28.55019159796071,28.609912872314453,31278900
2018-12-06 00:00:00-05:00,28.504830231498822,28.64594246999608,27.95238658957752,28.45378875732422,31101600
2018-12-07 00:00:00-05:00,28.372723101303425,28.561873764010404,27.757230968030115,27.979408264160156,25489500
2018-12-10 00:00:00-05:00,28.09050004436838,28.297667287847993,27.724207425907945,28.204591751098633,21830700
2018-12-11 00:00:00-05:00,28.29766431499078,28.36972195619925,27.997421566304297,28.177566528320312,19357500
2018-12-12 00:00:00-05:00,28.31267611197447,28.31267611197447,27.940379135426824,27.95539093017578,28917600
2018-12-13 00:00:00-05:00,27.99742233369947,28.126527543808415,27.75122581565316,27.910354614257812,24126900
2018-12-14 00:00:00-05:00,27.63713075733666,27.790253445231944,27.493015488492812,27.577083587646484,34480800
2018-12-17 00:00:00-05:00,27.387930524486134,27.62511957261308,27.069674712050645,27.25282096862793,27005400
2018-12-18 00:00:00-05:00,27.261833382119395,27.399944290709833,27.105707633715053,27.345901489257812,28820100
2018-12-19 00:00:00-05:00,27.40895039791023,27.922361282089668,27.096698916056315,27.186771392822266,36694500
2018-12-20 00:00:00-05:00,27.05467214014548,27.05467214014548,25.862716966528914,26.20499038696289,49121400
2018-12-21 00:00:00-05:00,26.081890144650473,26.86251548907796,26.060872257837527,26.15995216369629,44764500
2018-12-24 00:00:00-05:00,25.98281074072754,26.292059212751198,25.754627335428925,25.766637802124023,18330900
2018-12-26 00:00:00-05:00,25.946783490882787,27.147744293962287,25.91075380779548,27.144742965698242,30084900
2018-12-27 00:00:00-05:00,26.946579667248432,27.50502590351163,26.553263147334764,27.499021530151367,29644500
2018-12-28 00:00:00-05:00,27.643136858517956,28.063473918456612,27.517034709742646,27.661149978637695,29622000
2018-12-31 00:00:00-05:00,27.823280511370523,28.039453418020795,27.69718007865525,27.967395782470703,21017400
2019-01-02 00:00:00-05:00,27.514031086117743,28.117514368503628,27.514031086117743,28.024438858032227,24458100
2019-01-03 00:00:00-05:00,27.985419152755544,28.43577994174225,27.832296415780462,27.880334854125977,24831900
2019-01-04 00:00:00-05:00,27.985409941422844,28.12051779005041,27.82928592718282,28.054466247558594,24087300
2019-01-07 00:00:00-05:00,28.108511200948197,28.57388366971365,27.9764046698454,28.38473129272461,23369100
2019-01-08 00:00:00-05:00,28.54085931578496,28.751027876780533,28.1955828850036,28.58289337158203,21602700
2019-01-09 00:00:00-05:00,28.736012974206325,28.865114737779752,28.45378679864972,28.48981475830078,18816900
2019-01-10 00:00:00-05:00,28.186573500946878,28.516838114075714,27.958391833069086,28.510833740234375,28188900
2019-01-11 00:00:00-05:00,28.519841023128603,28.609911784285423,28.387734491315168,28.474803924560547,16183800
2019-01-14 00:00:00-05:00,28.366719334919917,28.657952950077068,28.306670440685682,28.507831573486328,21255300
2019-01-15 00:00:00-05:00,28.663953932382505,29.003225935586105,28.636931675476106,28.89813995361328,21174600
2019-01-16 00:00:00-05:00,28.80206899202597,29.08129214848279,28.772043685124455,28.928171157836914,16230000
2019-01-17 00:00:00-05:00,28.919160939943126,29.186373620065602,28.87112251228182,29.04526138305664,16843500
2019-01-18 00:00:00-05:00,29.108316883881322,29.483618671293378,29.07829329064516,29.342506408691406,18361800
2019-01-22 00:00:00-05:00,29.168360011066152,29.552670884553475,29.057271357160275,29.270442962646484,24189600
2019-01-23 00:00:00-05:00,29.68477587194328,29.82889115346791,29.28245017887693,29.636734008789062,25037400
2019-01-24 00:00:00-05:00,29.483610213271273,29.561672220487495,28.952184519090313,29.531648635864258,22829100
2019-01-25 00:00:00-05:00,29.64874452341847,29.696782947888902,29.048262499548446,29.10530662536621,21654600
2019-01-28 00:00:00-05:00,28.98221506477559,29.144345209465346,28.84710890152069,29.141342163085938,17627400
2019-01-29 00:00:00-05:00,29.05426972218763,29.171361024157036,28.976204272902315,29.0362548828125,15760200
2019-01-30 00:00:00-05:00,29.02724785648025,29.063277537851185,28.30066703472732,28.462797164916992,35547900
2019-01-31 00:00:00-05:00,28.41175501296135,29.08429473263546,28.41175501296135,28.772043228149414,44169000
2019-02-01 00:00:00-05:00,28.799059960554555,28.823079170289937,27.955384574353204,28.180564880371094,37775700
2019-02-04 00:00:00-05:00,28.18056998237021,28.45378875732422,28.027447277836107,28.45378875732422,21805800
2019-02-05 00:00:00-05:00,28.597909097999075,28.805074641352018,28.528852771554753,28.702993392944336,18299700
2019-02-06 00:00:00-05:00,28.651949923589385,28.82609053290752,28.588899694590875,28.71500015258789,12794700
2019-02-07 00:00:00-05:00,28.555870551010305,29.069283194922026,28.522845634234333,29.042259216308594,21030300
2019-02-08 00:00:00-05:00,28.925166725370325,29.030249281524892,28.564876803738844,28.696983337402344,18507600
2019-02-11 00:00:00-05:00,28.71800147415795,28.928171754846954,28.7149984280089,28.883132934570312,16628400
2019-02-12 00:00:00-05:00,29.069281559791083,29.17436411432966,28.973204706964097,29.114316940307617,17643900
2019-02-13 00:00:00-05:00,29.21340009070687,29.423568659156683,29.150349863769893,29.405553817749023,16375500
2019-02-14 00:00:00-05:00,29.327486258399666,29.78384955597034,29.129326476309032,29.579687118530273,21602400
2019-02-15 00:00:00-05:00,29.717799883732766,30.024045294861864,29.68177363934891,30.021045684814453,28443000
2019-02-19 00:00:00-05:00,30.738612914881156,31.279044268264045,30.645539122551035,30.684568405151367,62091900
2019-02-20 00:00:00-05:00,30.567481818169295,30.726608890404435,29.618718604574532,29.988014221191406,52895400
2019-02-21 00:00:00-05:00,29.921957833040814,30.00001982910449,29.696777544558515,29.840892791748047,19239600
2019-02-22 00:00:00-05:00,29.970005878497183,30.072085397235913,29.765839969060472,29.888940811157227,24260700
2019-02-25 00:00:00-05:00,30.060073594838922,30.063076640727864,29.73881640430745,29.75983428955078,27705000
2019-02-26 00:00:00-05:00,29.7298172248836,29.74182597509463,29.38453902747114,29.6307373046875,25464300
2019-02-27 00:00:00-05:00,29.459597513309838,29.54065914339464,29.30046699134826,29.456594467163086,23706900
2019-02-28 00:00:00-05:00,29.456592673951807,29.864917589583516,29.354509727054197,29.720802307128906,34127700
2019-03-01 00:00:00-05:00,29.864915329001132,29.891939304651643,29.15935076397511,29.402545928955078,31057500
2019-03-04 00:00:00-05:00,29.45959747562866,29.60070972052924,29.234417118624478,29.37853240966797,23051400
2019-03-05 00:00:00-05:00,29.462588373883026,29.780842451334156,29.450579628841872,29.525638580322266,18357900
2019-03-06 00:00:00-05:00,29.504631921779854,29.723806179529916,29.381531085691382,29.501628875732422,14089800
2019-03-07 00:00:00-05:00,29.336494402180428,29.483612728166417,29.195382168023,29.258432388305664,18379800
2019-03-08 00:00:00-05:00,29.28845588248727,29.54966590053133,29.12332271751927,29.300464630126953,16977000
2019-03-11 00:00:00-04:00,29.435577626268458,29.597707764159384,29.369524352610696,29.567684173583984,16035900
2019-03-12 00:00:00-04:00,29.582700686481466,29.645750923940493,29.438585367149376,29.5346622467041,15211500
2019-03-13 00:00:00-04:00,29.63373070745048,29.82888743778453,29.540653474660257,29.732807159423828,16446900
2019-03-14 00:00:00-04:00,29.705641694191108,29.711680102391483,29.458118774979713,29.648290634155273,14777400
2019-03-15 00:00:00-04:00,29.666401987633343,29.735829871179273,29.46114099587218,29.708663940429688,43800000
2019-03-18 00:00:00-04:00,29.67243100601627,30.11616064314703,29.66035764666701,30.082956314086914,17310300
2019-03-19 00:00:00-04:00,30.182576051045665,30.33350171282867,30.05579365889419,30.14031410217285,16243200
2019-03-20 00:00:00-04:00,29.94410954259957,30.049760968271677,29.744886963148353,29.77507209777832,18969300
2019-03-21 00:00:00-04:00,29.657349804961765,29.922981084739995,29.612072099206472,29.901853561401367,19653000
2019-03-22 00:00:00-04:00,29.756955939734713,30.043718130915966,29.56376834300628,29.666397094726562,20124300
2019-03-25 00:00:00-04:00,29.521515202354724,29.76903817991498,29.470199083955528,29.633201599121094,16222200
2019-03-26 00:00:00-04:00,29.6905496957828,29.83845960931735,29.590936685373794,29.678476333618164,14837700
2019-03-27 00:00:00-04:00,29.624143498199345,29.84148130766317,28.67631712694836,29.343416213989258,25413600
2019-03-28 00:00:00-04:00,29.45812149150858,29.54264194177336,29.138154916721106,29.31926918029785,24162900
2019-03-29 00:00:00-04:00,29.458127568387333,29.482277753930862,29.292109292455937,29.44001579284668,22319700
2019-04-01 00:00:00-04:00,29.57282362594927,29.69054840170764,29.44906389660511,29.527545928955078,25517400
2019-04-02 00:00:00-04:00,29.509438153568265,29.675459852819316,29.249841843636553,29.26191520690918,18822000
2019-04-03 00:00:00-04:00,29.316250386436135,29.400770837884462,29.216637367350675,29.33738136291504,17062500
2019-04-04 00:00:00-04:00,29.355491217393354,29.666400163089268,29.352472013169688,29.615087509155273,12078900
2019-04-05 00:00:00-04:00,29.657355889029244,29.944118205441562,29.630189950896607,29.83243179321289,13968000
2019-04-08 00:00:00-04:00,29.717717385933575,29.95920191587649,29.660366321401533,29.953166961669922,16267200
2019-04-09 00:00:00-04:00,29.82337501523469,29.953173192985805,29.627168146125523,29.790170669555664,13102500
2019-04-10 00:00:00-04:00,29.735829481253823,30.101077211715534,29.732810276884063,30.06485366821289,12273300
2019-04-11 00:00:00-04:00,30.095036429051707,30.43613395211649,30.025608551892716,30.42707633972168,16820700
2019-04-12 00:00:00-04:00,30.487450981232424,30.795344177097626,30.487450981232424,30.6564884185791,15486000
2019-04-15 00:00:00-04:00,30.57801363750275,31.064001998712005,30.565940272212977,30.919111251831055,15335700
2019-04-16 00:00:00-04:00,31.057961023036913,31.208890167327965,30.952313040160504,31.070037841796875,14485200
2019-04-17 00:00:00-04:00,31.09117222443714,31.211916257399768,30.91307710758342,31.139469146728516,11187600
2019-04-18 00:00:00-04:00,31.124373017193964,31.33265325486678,31.057964324824667,31.145503997802734,11183400
2019-04-22 00:00:00-04:00,31.02475308939202,31.254164256731364,30.840623078226205,30.90099334716797,15238200
2019-04-23 00:00:00-04:00,30.949285059002452,31.178696187839776,30.771190031940144,31.112287521362305,15152400
2019-04-24 00:00:00-04:00,31.133430678714657,31.347749326729417,31.11833810810528,31.25115203857422,14093400
2019-04-25 00:00:00-04:00,31.163610345095126,31.438299227289924,31.039850596946795,31.248130798339844,11883300
2019-04-26 00:00:00-04:00,30.321436816396005,30.89194564972692,30.08297144062676,30.647441864013672,24323100
2019-04-29 00:00:00-04:00,30.75308222691065,30.78930576865175,30.4210423061961,30.6564884185791,19139100
2019-04-30 00:00:00-04:00,30.719885631309168,31.067021660622398,30.62329179863438,31.042871475219727,18400800
2019-05-01 00:00:00-04:00,31.0217427187177,31.033816083706142,30.57197446460316,30.59612464904785,16011600
2019-05-02 00:00:00-04:00,30.617254377637625,30.80742282268979,30.25804501178287,30.532733917236328,15021000
2019-05-03 00:00:00-04:00,30.885903033484738,31.015701193860416,30.72893894099658,30.813459396362305,15950700
2019-05-06 00:00:00-04:00,30.411986307181145,30.955329098726082,30.348596833004326,30.928159713745117,13841100
2019-05-07 00:00:00-04:00,30.728930116831823,30.840616472238008,30.41499856753709,30.578001022338867,13726800
2019-05-08 00:00:00-04:00,30.26106290322092,30.499528250372126,30.1433381047164,30.276155471801758,17646000
2019-05-09 00:00:00-04:00,30.124425656776857,30.327741814950876,29.996973218396356,30.20635986328125,18720300
2019-05-10 00:00:00-04:00,30.273123450438458,30.98625288500142,30.254915461846455,30.925561904907227,26228100
2019-05-13 00:00:00-04:00,30.482505643950194,30.69492751597614,30.045524400221503,30.31256675720215,22084500
2019-05-14 00:00:00-04:00,30.38843410290333,30.609958232640516,30.312566915685693,30.43395233154297,19061100
2019-05-15 00:00:00-04:00,30.406640670023904,30.45519413953746,30.08193565278278,30.30953025817871,20220900
2019-05-16 00:00:00-04:00,31.20474232966109,31.54764841851531,30.600857410836184,30.74348258972168,51366000
2019-05-17 00:00:00-04:00,30.418778753982984,30.937694186436147,30.3186365700327,30.606922149658203,37113900
2019-05-20 00:00:00-04:00,30.464303223146597,30.94680278341841,30.42182023010804,30.807212829589844,21582300
2019-05-21 00:00:00-04:00,30.804168218112792,30.84665119823193,30.467329201461485,30.685821533203125,20667300
2019-05-22 00:00:00-04:00,30.83148827206448,31.083357907468773,30.667619857755305,31.022666931152344,22022700
2019-05-23 00:00:00-04:00,30.89824034594532,30.93162107109134,30.54319334053247,30.910381317138672,19363800
2019-05-24 00:00:00-04:00,31.007502449855053,31.222956167755516,30.977156953610468,31.15619468688965,13449600
2019-05-28 00:00:00-04:00,31.122801086932785,31.42929460554754,31.07424415103939,31.08031463623047,30815100
2019-05-29 00:00:00-04:00,30.986249272166297,31.219910907412707,30.792035380254223,30.98928451538086,19560600
2019-05-30 00:00:00-04:00,31.10156659645114,31.40502495769658,30.92556067747241,31.010526657104492,15058800
2019-05-31 00:00:00-04:00,30.755622035865642,30.95894167479825,30.52802739477851,30.78293228149414,17782500
2019-06-03 00:00:00-04:00,30.840588859393378,31.159219940619554,30.770792156717807,30.940731048583984,19844100
2019-06-04 00:00:00-04:00,31.137986925009155,31.150124427679227,30.782936321152143,31.122814178466797,17894700
2019-06-05 00:00:00-04:00,31.180466403174183,31.79648887262772,31.134948168682193,31.687244415283203,20708700
2019-06-06 00:00:00-04:00,31.70848971092034,32.06353682501227,31.620485006919754,31.89663314819336,24191100
2019-06-07 00:00:00-04:00,31.933044011332452,32.27595356839652,31.878420051446884,32.184913635253906,20428200
2019-06-10 00:00:00-04:00,32.31236471942481,32.706862976658485,32.27898746362114,32.62796401977539,18977100
2019-06-11 00:00:00-04:00,32.77363248985548,33.06798863357803,32.69776875743902,32.75542449951172,20241900
2019-06-12 00:00:00-04:00,32.74934841652217,33.04977499663739,32.74934841652217,33.022464752197266,13905300
2019-06-13 00:00:00-04:00,33.07708781658112,33.25309721593111,32.8252181646878,32.97087860107422,16455000
2019-06-14 00:00:00-04:00,33.01032294611612,33.256125558332045,32.913215998535875,33.09832763671875,13577700
2019-06-17 00:00:00-04:00,33.113499554503086,33.24398722911132,32.85252420528662,33.12563705444336,12441000
2019-06-18 00:00:00-04:00,33.319852184941375,33.36840565932794,33.04977456892186,33.27433395385742,14733600
2019-06-19 00:00:00-04:00,33.319860216916176,33.3320011930533,33.03764503247478,33.26523971557617,11773800
2019-06-20 00:00:00-04:00,33.32592639141398,33.52924604156279,33.16205796296589,33.477657318115234,15004500
2019-06-21 00:00:00-04:00,33.48371381226656,34.045115633700114,33.459438816399896,33.723445892333984,39535800
2019-06-24 00:00:00-04:00,33.8326958304787,34.05421994058325,33.69310244097341,33.756832122802734,18098400
2019-06-25 00:00:00-04:00,33.64758300674634,33.81448663045124,33.50192260955419,33.599029541015625,18315000
2019-06-26 00:00:00-04:00,33.63847900023961,33.70827568884984,33.41088442442313,33.42909240722656,12485100
2019-06-27 00:00:00-04:00,33.3987587993585,33.53531350970004,33.034605959476664,33.41089630126953,16443900
2019-06-28 00:00:00-04:00,33.547447984052496,33.838768840539565,33.45337627529869,33.52924346923828,19520100
2019-07-01 00:00:00-04:00,33.775038820892824,33.978358432571845,33.38661105593749,33.568687438964844,16544100
2019-07-02 00:00:00-04:00,33.63240854715178,33.869108851004846,33.48371291479643,33.86607360839844,12188700
2019-07-03 00:00:00-04:00,33.738634263995934,34.10885413050966,33.684010294384805,34.08457565307617,9621900
2019-07-05 00:00:00-04:00,33.98746273511688,34.060294681839814,33.747730610654216,33.98139572143555,10738200
2019-07-08 00:00:00-04:00,33.96319192242258,34.269685544899204,33.896430453967646,34.20595932006836,14147100
2019-07-09 00:00:00-04:00,34.25755184552349,34.40624407141985,34.16954713475088,34.2545166015625,16270200
2019-07-10 00:00:00-04:00,34.32733753037632,34.47602970847363,34.10580993908686,34.28485107421875,13737000
2019-07-11 00:00:00-04:00,34.39410058822413,34.57617699321413,34.29699363527194,34.570106506347656,11689800
2019-07-12 00:00:00-04:00,34.62169639000145,34.82805127657503,34.47907119921232,34.77646255493164,11229900
2019-07-15 00:00:00-04:00,34.79770185431738,34.92212252788856,34.73094386151702,34.89177703857422,10038000
2019-07-16 00:00:00-04:00,34.99797903488811,35.046532502343474,34.60651605237589,34.825008392333984,10464600
2019-07-17 00:00:00-04:00,34.840188777897396,34.94943323543602,34.655077123251964,34.77646255493164,8065500
2019-07-18 00:00:00-04:00,34.700597956782936,34.83108217014505,34.51548630679915,34.8128776550293,9670800
2019-07-19 00:00:00-04:00,34.897829595900454,34.99190474118553,34.55188838277235,34.56402587890625,11388900
2019-07-22 00:00:00-04:00,34.624736935861364,34.69756890058617,34.08457810688314,34.23630905151367,13550700
2019-07-23 00:00:00-04:00,34.32734222388227,34.35161722544733,33.85697673576001,34.01477813720703,17262600
2019-07-24 00:00:00-04:00,33.99656300367744,34.22719283416066,33.856969619155464,33.987457275390625,12531900
2019-07-25 00:00:00-04:00,34.042088420834546,34.105814641038364,33.88429049202685,34.05422592163086,11554500
2019-07-26 00:00:00-04:00,34.02387660324261,34.39409638199446,33.93284014829021,34.29698944091797,14187000
2019-07-29 00:00:00-04:00,34.24235960769135,34.284842580506144,33.91462290283744,34.06938552856445,11239800
2019-07-30 00:00:00-04:00,34.00566482543945,34.10884224113387,33.887314668945,34.00566482543945,9105600
2019-07-31 00:00:00-04:00,33.96015221327849,34.09063988940606,33.26826261635252,33.49585723876953,18633900
2019-08-01 00:00:00-04:00,33.47764419444421,34.039042499371455,33.17418246000264,33.19239044189453,22365000
2019-08-02 00:00:00-04:00,33.301644680753185,33.42302661941203,32.819141750693554,33.19846725463867,16970100
2019-08-05 00:00:00-04:00,32.7736318270759,32.7736318270759,32.04229434835004,32.112091064453125,22710000
2019-08-06 00:00:00-04:00,32.22436432691505,32.725071796180174,32.04228793641366,32.552101135253906,21049200
2019-08-07 00:00:00-04:00,32.4762377320037,32.96784300181106,32.1424338711932,32.834320068359375,21835500
2019-08-08 00:00:00-04:00,32.93800045396635,33.19110987763427,32.86481000043019,33.09352493286133,13123200
2019-08-09 00:00:00-04:00,32.95324710074416,33.07522653385655,32.54155953416416,32.71538162231445,12580500
2019-08-12 00:00:00-04:00,32.54461483188138,32.581210063530634,31.971302332392142,32.08718490600586,17605200
2019-08-13 00:00:00-04:00,32.09633138759155,32.96849911322956,31.974351937521323,32.75503158569336,20025900
2019-08-14 00:00:00-04:00,32.16647562554656,32.953255739052864,32.06279028829086,32.386043548583984,27938400
2019-08-15 00:00:00-04:00,34.31638087605992,34.65488142911401,33.59364446933752,34.36517333984375,59438700
2019-08-16 00:00:00-04:00,34.78907681511444,35.0482866743842,34.173068636349804,34.4566764831543,32895600
2019-08-19 00:00:00-04:00,34.87141258359939,35.00253910901153,34.64269760291085,34.70673751831055,21534300
2019-08-20 00:00:00-04:00,34.72198935933389,34.776878728123165,34.15782380738841,34.170021057128906,18336900
2019-08-21 00:00:00-04:00,34.758572756320035,34.78602092403316,34.11817018498799,34.160865783691406,24469200
2019-08-22 00:00:00-04:00,34.21574575023156,34.39566816012395,33.95653603105113,34.1273078918457,17986200
2019-08-23 00:00:00-04:00,34.03888166182787,34.12731605144583,33.58449850895223,33.79796600341797,18710100
2019-08-26 00:00:00-04:00,34.02057674126568,34.23709088307148,33.91689145511077,34.15170669555664,17807100
2019-08-27 00:00:00-04:00,34.28284454345703,34.40177729472459,34.00533711710818,34.28284454345703,17201100
2019-08-28 00:00:00-04:00,34.24015604657303,34.484118453162786,34.05718336915232,34.37433624267578,16113000
2019-08-29 00:00:00-04:00,34.825665687503374,34.94459845085322,34.55425860182145,34.7890739440918,15811500
2019-08-30 00:00:00-04:00,35.06962841409439,35.18551099407541,34.73418141198038,34.843963623046875,17115900
2019-09-03 00:00:00-04:00,34.667099170176506,35.16417465195551,34.60915961201194,34.95985412597656,17828100
2019-09-04 00:00:00-04:00,35.280039734853794,35.36237725154061,35.014733061007824,35.347129821777344,17348700
2019-09-05 00:00:00-04:00,35.88384848495384,35.972286373103735,35.151961356847,35.20380401611328,17479200
2019-09-06 00:00:00-04:00,35.20381098560285,35.29834577067351,34.953751681856446,34.9872932434082,13039200
2019-09-09 00:00:00-04:00,34.917147110112396,35.560596305420844,34.886648761550234,35.47521209716797,17921100
2019-09-10 00:00:00-04:00,35.3715224879281,35.66732746676178,35.21599453981904,35.38982009887695,14572200
2019-09-11 00:00:00-04:00,35.37458320537164,35.58805074345881,35.13671768211654,35.380680084228516,15852300
2019-09-12 00:00:00-04:00,35.572802388322174,35.70088571234724,35.344087401719456,35.6551399230957,13422900
2019-09-13 00:00:00-04:00,35.728319990422605,36.0424226049422,35.664280092014394,35.8106575012207,16915800
2019-09-16 00:00:00-04:00,35.539251359557255,35.73137105954252,35.18550332777512,35.243446350097656,18270900
2019-09-17 00:00:00-04:00,35.167210448724305,35.584998436739184,35.14586613912803,35.53010559082031,13813500
2019-09-18 00:00:00-04:00,35.652080123202886,35.74966505521817,35.42946209772821,35.72831726074219,11868000
2019-09-19 00:00:00-04:00,35.80150812168236,35.92654122878615,35.60938842017055,35.71307373046875,10141800
2019-09-20 00:00:00-04:00,35.78626726796218,35.874701666800725,35.61854204269856,35.673431396484375,33997200
2019-09-23 00:00:00-04:00,35.56060456041381,36.109522613264865,35.545357127549636,35.86861038208008,15487500
2019-09-24 00:00:00-04:00,36.06072971731199,36.55170472772784,35.987539248470895,36.10647201538086,21819300
2019-09-25 00:00:00-04:00,36.12781524658203,36.20405240038538,35.92654497264535,36.12781524658203,13840800
2019-09-26 00:00:00-04:00,36.228447822257166,36.45716277944291,36.04242846422624,36.07597351074219,11960700
2019-09-27 00:00:00-04:00,36.353484524567364,36.359581403680224,35.908251813301604,36.12171936035156,10304100
2019-09-30 00:00:00-04:00,36.188802385663095,36.4236141985766,36.15525734240217,36.19185256958008,10204200
2019-10-01 00:00:00-04:00,36.24369535092411,36.322982683473285,35.89909785529322,35.93873977661133,11187900
2019-10-02 00:00:00-04:00,35.8014995170078,35.84724528344118,35.25563540201102,35.411163330078125,17833500
2019-10-03 00:00:00-04:00,35.33797860704124,35.61853616759292,34.941538499959236,35.46910858154297,15619500
2019-10-04 00:00:00-04:00,35.49654711064248,36.075959743017094,35.432507226263176,36.03326416015625,13881000
2019-10-07 00:00:00-04:00,36.014982111614174,36.075971833384436,35.64293643302407,35.749671936035156,14085000
2019-10-08 00:00:00-04:00,35.621583950535275,36.18879591065374,35.57583817979139,35.85639572143555,15375300
2019-10-09 00:00:00-04:00,36.03937815275274,36.380925495218825,35.990585675257584,36.26809310913086,11710200
2019-10-10 00:00:00-04:00,36.25893855222173,36.55779375259257,36.16745397573901,36.47545623779297,13024500
2019-10-11 00:00:00-04:00,36.569991216170806,36.81090688418818,36.20404941814529,36.667579650878906,18383700
2019-10-14 00:00:00-04:00,36.54864487505992,36.73466420264869,36.31992995530349,36.34127426147461,13719900
2019-10-15 00:00:00-04:00,36.39007153195726,36.591338295452545,36.249790995371164,36.4510612487793,13550100
2019-10-16 00:00:00-04:00,36.38396976008536,36.62793210787072,36.31992986191125,36.41751480102539,11344800
2019-10-17 00:00:00-04:00,36.49375822892212,36.67063052528767,36.39922345723352,36.54560089111328,11732700
2019-10-18 00:00:00-04:00,36.731624632908584,36.777366927749,36.3290840625208,36.33213424682617,16776900
2019-10-21 00:00:00-04:00,36.380922212990136,36.54254706199172,36.234544793710604,36.51510238647461,10230300
2019-10-22 00:00:00-04:00,36.518158889135044,36.64623871692715,36.40837318824447,36.46631622314453,7634100
2019-10-23 00:00:00-04:00,36.341278725970554,36.54864936503118,36.19490129894061,36.39617156982422,8520000
2019-10-24 00:00:00-04:00,36.335189908277094,36.463269749102295,36.140019962274145,36.319942474365234,8700900
2019-10-25 00:00:00-04:00,36.2894384961029,36.39007362860516,36.0454761248458,36.3016357421875,7692900
2019-10-28 00:00:00-04:00,36.365676298088914,36.502906661216755,36.14610841506699,36.356529235839844,10213800
2019-10-29 00:00:00-04:00,36.136956865981425,36.20709713086362,35.7039250117249,35.72526931762695,14373300
2019-10-30 00:00:00-04:00,35.73442650910782,36.09732165583088,35.69478109378648,36.014984130859375,8988600
2019-10-31 00:00:00-04:00,35.963132364223135,36.06986435628544,35.627681980773865,35.758811950683594,14643900
2019-11-01 00:00:00-04:00,35.96009497926508,35.97534241212925,35.74967761380863,35.86861038208008,11287800
2019-11-04 00:00:00-05:00,36.10646450689125,36.3229821939545,35.731372156866726,35.85335159301758,13938000
2019-11-05 00:00:00-05:00,35.88690865163756,36.33214142046991,35.70393943614933,36.24675369262695,12651300
2019-11-06 00:00:00-05:00,36.237592847806845,36.478505015186336,36.20099762265957,36.44190979003906,10843200
2019-11-07 00:00:00-05:00,36.59439904860698,36.87495671289803,36.45412196141837,36.6645393371582,13324200
2019-11-08 00:00:00-05:00,36.68891698136616,36.8627390406303,36.271132606506626,36.423606872558594,11498100
2019-11-11 00:00:00-05:00,36.19795042568584,36.48155820910918,36.06987061701499,36.3016357421875,13317000
2019-11-12 00:00:00-05:00,36.47240431182596,36.59438372963815,36.2314886798046,36.326026916503906,15189300
2019-11-13 00:00:00-05:00,36.33823838235914,37.00913591263914,36.185760560504754,36.893253326416016,23135400
2019-11-14 00:00:00-05:00,37.997170638693106,38.23503261405556,36.44495870677221,36.792606353759766,67512600
2019-11-15 00:00:00-05:00,36.801750921677545,36.89933585212509,36.10035879784674,36.249786376953125,30413100
2019-11-18 00:00:00-05:00,36.121705618109424,36.85969294343942,36.05766572734931,36.67061996459961,19644000
2019-11-19 00:00:00-05:00,36.627934507662395,36.704171655742506,36.505951580821275,36.56084442138672,11146200
2019-11-20 00:00:00-05:00,36.65843258146107,36.74077010457292,36.10646790315097,36.32908248901367,15227700
2019-11-21 00:00:00-05:00,36.2375979303125,36.59439270075878,36.18880545324367,36.551700592041016,12908400
2019-11-22 00:00:00-05:00,36.64013937229258,36.685881670652265,36.3717824613009,36.399227142333984,11529300
2019-11-25 00:00:00-05:00,36.59438758325644,36.60048795075441,35.953985102566904,36.265037536621094,17644500
2019-11-26 00:00:00-05:00,36.277245119930036,36.38093045746709,36.121720603538215,36.34738540649414,18877500
2019-11-27 00:00:00-05:00,36.40837110398093,36.53340423007408,36.20710431036389,36.216251373291016,10302300
2019-11-29 00:00:00-05:00,36.332134333505316,36.58524728275423,36.28944222286842,36.31688690185547,9471900
2019-12-02 00:00:00-05:00,36.335186410234165,36.40532320351098,35.93569600239233,36.37482833862305,17012700
2019-12-03 00:00:00-05:00,36.106474717208684,36.27724667409396,35.91435495699504,36.188812255859375,19784400
2019-12-04 00:00:00-05:00,36.32603399626048,36.350428488612316,36.07597125513221,36.19490051269531,16669800
2019-12-05 00:00:00-05:00,36.25616568284545,36.38481998016272,35.968221940956,36.348060607910156,13058400
2019-12-06 00:00:00-05:00,36.47671043538536,36.69726313630757,36.42769911357667,36.69113540649414,13022400
2019-12-09 00:00:00-05:00,36.62682335257558,36.715657943630674,36.50735711096843,36.562496185302734,14448000
2019-12-10 00:00:00-05:00,36.55941762603914,36.623744767459144,36.45833111650306,36.49509048461914,12846900
2019-12-11 00:00:00-05:00,36.574743689334326,36.651322806386545,36.30824345419844,36.45221710205078,10519200
2019-12-12 00:00:00-05:00,36.452211635343616,36.79222707074435,36.35418897799025,36.68501281738281,12447000
2019-12-13 00:00:00-05:00,36.50122694389089,36.9576447728596,36.45833983564343,36.84737014770508,16098900
2019-12-16 00:00:00-05:00,36.887187006576184,37.17206689702855,36.887187006576184,36.923946380615234,16052100
2019-12-17 00:00:00-05:00,37.04953679577194,37.27927762502322,36.972957687877134,37.1506233215332,13727400
2019-12-18 00:00:00-05:00,37.22107390123566,37.273149090810776,36.70951710627584,36.71564483642578,15309000
2019-12-19 00:00:00-05:00,36.740148179065315,36.91474992441382,36.69113685532131,36.78303527832031,13392300
2019-12-20 00:00:00-05:00,37.21188953440575,37.407938376055206,36.7646633024474,36.84737014770508,23863200
2019-12-23 00:00:00-05:00,36.81979804604934,36.96989591045396,36.45527516186199,36.461402893066406,13457400
2019-12-24 00:00:00-05:00,36.49203042896779,36.63600405152368,36.45527105701451,36.60843276977539,6682200
2019-12-26 00:00:00-05:00,36.639063747361824,36.71258248993631,36.43689421641516,36.61149597167969,12671400
2019-12-27 00:00:00-05:00,36.74016060235845,36.74016060235845,36.52879941634081,36.63294982910156,10632000
2019-12-30 00:00:00-05:00,36.69727527606144,36.70033914198171,36.492038326212516,36.574745178222656,8837400
2019-12-31 00:00:00-05:00,36.60536777053428,36.69726619757058,36.20408907343648,36.4031982421875,14736000
2020-01-02 00:00:00-05:00,36.40933046950654,36.72484204480681,36.360319132836956,36.433837890625,20294700
2020-01-03 00:00:00-05:00,36.22859640948828,36.38788586289192,36.02029913111968,36.1121940612793,16197600
2020-01-06 00:00:00-05:00,35.962098411539664,36.17346307390047,35.76911694301938,36.03868103027344,19336500
2020-01-07 00:00:00-05:00,35.919217058566325,35.99886004236039,35.594517391726164,35.70479202270508,20540700
2020-01-08 00:00:00-05:00,35.62514373039116,35.756861896999,35.43522614391789,35.58226013183594,17627400
2020-01-09 00:00:00-05:00,35.5792048182703,35.952915855857924,35.55776126105512,35.949851989746094,16691100
2020-01-10 00:00:00-05:00,35.91310196283568,35.94373361780817,35.52713539793233,35.649662017822266,18164400
2020-01-13 00:00:00-05:00,35.649648696145384,35.70172389236627,35.34026839541989,35.496490478515625,18337800
2020-01-14 00:00:00-05:00,35.37091253276781,35.59758957938094,35.26676210353772,35.58839797973633,19757400
2020-01-15 00:00:00-05:00,35.11358537552201,35.49342403770374,35.079889868974966,35.31269454956055,22362600
2020-01-16 00:00:00-05:00,35.380082697638194,35.51180084791636,35.31269169000133,35.50260925292969,16108200
2020-01-17 00:00:00-05:00,35.54855943981736,35.62513853520091,35.11664562960833,35.21466827392578,30135000
2020-01-21 00:00:00-05:00,35.1013376676238,35.438289268301034,35.079894113889964,35.407657623291016,22061100
2020-01-22 00:00:00-05:00,35.294320638624285,35.695602917604006,35.28206868121157,35.56388473510742,14778300
2020-01-23 00:00:00-05:00,35.59757432091844,35.628205962134324,35.23917921089933,35.47504425048828,12915300
2020-01-24 00:00:00-05:00,35.533251924015545,35.5424400153821,34.96655596905508,35.0339469909668,13150200
2020-01-27 00:00:00-05:00,34.67248724305305,35.60370256221798,34.51626515411556,35.49036407470703,21055200
2020-01-28 00:00:00-05:00,35.527116135277254,35.808932116020145,35.51792804599454,35.717037200927734,15810600
2020-01-29 00:00:00-05:00,35.70479092718547,35.87633235283804,35.49955749511719,35.49955749511719,11326500
2020-01-30 00:00:00-05:00,35.413786552074804,35.75380202986444,35.3280158398061,35.71091842651367,13744500
2020-01-31 00:00:00-05:00,35.471976446474194,35.61288618710071,34.889968316864866,35.07069778442383,23327400
2020-02-03 00:00:00-05:00,35.19630027439343,35.346398155627725,34.95124358224583,35.003318786621094,13041300
2020-02-04 00:00:00-05:00,35.30044707102391,35.60676702847234,35.19323280729836,35.309635162353516,15696600
2020-02-05 00:00:00-05:00,35.41072522899285,35.82425949143975,35.1809843615854,35.781375885009766,17048700
2020-02-06 00:00:00-05:00,35.787486443273714,35.91001649502551,35.551621439639796,35.62820053100586,16058700
2020-02-07 00:00:00-05:00,35.566942294470635,35.76604796021733,35.459728045809676,35.67108917236328,11068800
2020-02-10 00:00:00-05:00,35.45666697503623,35.83344179651185,35.24224196638153,35.30350875854492,18434700
2020-02-11 00:00:00-05:00,35.3586448780186,35.38008843089603,35.055388800077154,35.349456787109375,17390400
2020-02-12 00:00:00-05:00,35.38008661947177,35.66190263567402,35.3525188425886,35.487300872802734,14206800
2020-02-13 00:00:00-05:00,35.48730055860627,36.00498161753308,35.4045937231223,35.97434997558594,15999600
2020-02-14 00:00:00-05:00,36.04480304360216,36.32049484521478,35.88858096121742,36.1121940612793,24391800
2020-02-18 00:00:00-05:00,36.28985995445936,36.743213844919154,35.949841031047946,36.64519119262695,34539600
2020-02-19 00:00:00-05:00,36.60537114292726,36.740153177953395,36.04786682128906,36.04786682128906,21563400
2020-02-20 00:00:00-05:00,35.90389603466207,36.179584324962384,35.79668528504349,36.05093002319336,15068700
2020-02-21 00:00:00-05:00,35.97434798379282,36.375626677762845,35.9345247481264,36.32355499267578,18726300
2020-02-24 00:00:00-05:00,35.98047103957904,36.28679444327192,35.517929080133634,35.63126754760742,19848000
2020-02-25 00:00:00-05:00,35.64045745231961,35.86101017398854,34.935919196850215,35.040069580078125,23292900
2020-02-26 00:00:00-05:00,35.13503028257603,35.27900040448455,34.813391025344814,34.853214263916016,20019900
2020-02-27 00:00:00-05:00,34.47950289291323,34.94204840099118,33.802532384512396,33.817848205566406,28476900
2020-02-28 00:00:00-05:00,32.987721153076585,33.24196589875697,31.970735159221213,32.984657287597656,52369200
2020-03-02 00:00:00-05:00,32.96015323555768,35.655776427077335,32.86519093394695,35.496490478515625,51222600
2020-03-03 00:00:00-05:00,35.557758157134785,36.00192405425167,34.41211772105054,34.58671951293945,33340800
2020-03-04 00:00:00-05:00,34.994129472714924,35.790562817999465,34.75826088107122,35.76911926269531,24625200
2020-03-05 00:00:00-05:00,35.04313764469177,35.91615362216742,34.89304327280487,35.50874710083008,25638300
2020-03-06 00:00:00-05:00,34.88078484539361,36.118320003649686,34.617345013067435,35.9100227355957,29411100
2020-03-09 00:00:00-04:00,34.865462918701766,36.95150982566921,34.531575242769286,35.88857650756836,59243400
2020-03-10 00:00:00-04:00,36.17652138751687,36.966826828582995,35.20241909192389,36.6942024230957,37797300
2020-03-11 00:00:00-04:00,35.99578565043976,36.46139496485491,34.55301375541952,35.05231857299805,31620000
2020-03-12 00:00:00-04:00,32.476157119721606,34.15173359889163,31.54494203706004,31.872705459594727,56323200
2020-03-13 00:00:00-04:00,33.156193626472444,35.10133074555933,31.82063243289577,34.95123291015625,42962100
2020-03-16 00:00:00-04:00,32.22497381996851,34.10272336935395,31.244747385819295,32.70283508300781,36753900
2020-03-17 00:00:00-04:00,34.5438320022779,36.53492040236321,33.83622981162364,36.531856536865234,52806000
2020-03-18 00:00:00-04:00,35.226934726514685,39.233616343988885,35.07377647271184,37.548851013183594,77355900
2020-03-19 00:00:00-04:00,38.29341803371392,39.0749142770292,36.191985804298874,36.751956939697266,57100500
2020-03-20 00:00:00-04:00,36.76734353973515,37.77960076170149,34.42592499822726,35.065895080566406,55423500
2020-03-23 00:00:00-04:00,35.127425539846925,36.16429498446782,34.52437755261089,35.16127014160156,39366000
2020-03-24 00:00:00-04:00,35.6504759434223,36.11199069623221,34.247470672350794,35.39202880859375,42705000
2020-03-25 00:00:00-04:00,34.758216874230385,35.075124498954864,33.24444890659541,33.659812927246094,53287500
2020-03-26 00:00:00-04:00,33.6598046200983,34.11209055786799,32.875231068894195,33.78902816772461,58250700
2020-03-27 00:00:00-04:00,33.87826288169993,34.54591919112331,33.41367068056197,33.71519470214844,36160500
2020-03-30 00:00:00-04:00,34.41669044404945,35.628934150971254,34.1336274786805,35.441253662109375,29212500
2020-03-31 00:00:00-04:00,35.170498717005046,35.74893084513297,34.65667836990031,34.95820236206055,26258400
2020-04-01 00:00:00-04:00,34.50591032823813,35.54585700780179,34.39822521909236,35.118186950683594,28269600
2020-04-02 00:00:00-04:00,34.82282287971716,36.647346844941275,34.56437576361006,36.50581359863281,29515500
2020-04-03 00:00:00-04:00,36.06276155171315,36.89348949329152,36.007378515248575,36.76118850708008,28625100
2020-04-06 00:00:00-04:00,36.63196830938114,38.88723660555724,36.595046281678464,38.788780212402344,47768700
2020-04-07 00:00:00-04:00,38.14573937001262,38.918006987369644,37.425773854942236,37.53346252441406,41369700
2020-04-08 00:00:00-04:00,38.0565084223143,38.093430449856584,37.102711677634936,37.487308502197266,27876600
2020-04-09 00:00:00-04:00,36.37351715029078,37.80421577547748,36.2012202251122,37.474998474121094,32828700
2020-04-13 00:00:00-04:00,37.31192385792248,38.66570077268191,37.28115668091582,38.55186080932617,24194100
2020-04-14 00:00:00-04:00,39.105685983833226,39.93333301914999,38.77954611594607,39.690269470214844,34098900
2020-04-15 00:00:00-04:00,39.69027243267841,39.96102576075434,39.11184022673097,39.61642837524414,22435200
2020-04-16 00:00:00-04:00,39.690265266312736,40.89635765836891,39.459507910113246,40.71482849121094,31882200
2020-04-17 00:00:00-04:00,40.45330240033697,40.91173967307793,39.914866242538835,40.65021514892578,30915300
2020-04-20 00:00:00-04:00,40.7332973373827,41.037895275195694,39.924107724026335,39.95179748535156,24401700
2020-04-21 00:00:00-04:00,40.019484807124684,40.31485398422968,39.43182387537839,39.7548828125,27900600
2020-04-22 00:00:00-04:00,39.997944067328376,40.730215644067584,39.65950155845876,40.487152099609375,19448100
2020-04-23 00:00:00-04:00,39.951789790796425,40.33330913604473,39.29951716642462,39.545658111572266,28839900
2020-04-24 00:00:00-04:00,39.797948065450484,39.96409009812177,39.55488105688072,39.82563781738281,17343600
2020-04-27 00:00:00-04:00,39.99794073319518,40.09332321073386,39.434892218364226,39.474891662597656,17923800
2020-04-28 00:00:00-04:00,39.46873794037823,40.071785916583366,39.290286189426205,39.382591247558594,20732100
2020-04-29 00:00:00-04:00,38.63493813192904,38.69339507088978,37.70575378448734,38.02881622314453,44612100
2020-04-30 00:00:00-04:00,37.8688375306827,37.979600120387445,37.241176987223696,37.39809036254883,40497900
2020-05-01 00:00:00-04:00,37.376545349606964,38.056511405655,37.16117153349779,37.81959915161133,31143900
2020-05-04 00:00:00-04:00,38.1026551033788,38.274955532682775,37.447305029750794,38.0595817565918,17807700
2020-05-05 00:00:00-04:00,38.09035112905622,38.539559718890956,37.924205534474574,38.37649154663086,19337400
2020-05-06 00:00:00-04:00,38.524168676011136,38.61031887895808,37.79805207603081,37.93650436401367,17309100
2020-05-07 00:00:00-04:00,38.152830441518304,38.313528490584424,37.54713329216627,37.66765594482422,27345600
2020-05-08 00:00:00-04:00,37.93342001862587,38.013767270995366,37.58421591429834,37.99213409423828,20830800
2020-05-11 00:00:00-04:00,38.02304725491606,38.41551782261747,38.01377791174917,38.217735290527344,25341900
2020-05-12 00:00:00-04:00,38.46804159968135,38.83269698516588,38.2517204284668,38.2517204284668,19100100
2020-05-13 00:00:00-04:00,38.16519890496189,39.011941462278074,38.03849431855293,38.23009490966797,29175300
2020-05-14 00:00:00-04:00,38.58239537043635,38.66892103097015,37.48533798466728,38.140480041503906,22233000
2020-05-15 00:00:00-04:00,38.155927062312706,38.91923141479492,38.03849535142567,38.91923141479492,31770000
2020-05-18 00:00:00-04:00,39.40132276704622,39.72889379401432,38.96868032002259,39.450767517089844,38633700
2020-05-19 00:00:00-04:00,40.714696065366375,40.78886141248255,38.57002633308759,38.6132926940918,74746200
2020-05-20 00:00:00-04:00,39.0892073152497,39.1201098453648,38.514408938091606,38.76781463623047,32246400
2020-05-21 00:00:00-04:00,38.59474597945425,38.981031004532184,38.39696702808317,38.625648498535156,22448100
2020-05-22 00:00:00-04:00,38.659642430744064,38.7368987293534,38.24863326363574,38.421688079833984,22359600
2020-05-26 00:00:00-04:00,38.42477003255205,38.78633437648851,38.20535795205044,38.27643585205078,23730600
2020-05-27 00:00:00-04:00,38.3104371064885,38.47113161720577,37.40188962425384,37.84998321533203,31073700
2020-05-28 00:00:00-04:00,38.233184163697324,38.61329083283405,38.060125801156396,38.22391128540039,24424800
2020-05-29 00:00:00-04:00,38.393872042297446,38.53911528137194,37.6800126093815,38.3382453918457,29311200
2020-06-01 00:00:00-04:00,38.14665563114696,38.446415042975545,37.812902738118574,38.307350158691406,20550300
2020-06-02 00:00:00-04:00,38.193007713237144,38.36606253444919,37.95196593265248,38.30116653442383,19187700
2020-06-03 00:00:00-04:00,38.28881254673768,38.316627648882445,37.90561486553086,38.15592956542969,20262900
2020-06-04 00:00:00-04:00,37.94887168058364,38.285711952306,37.64602134903162,37.73564147949219,24015000
2020-06-05 00:00:00-04:00,37.8778011909081,37.911794674306556,37.0557827431098,37.56568145751953,39337200
2020-06-08 00:00:00-04:00,36.953799608771995,37.46678924560547,36.916715168382375,37.46678924560547,28344300
2020-06-09 00:00:00-04:00,37.57804213769801,37.70165577036327,37.25665305858928,37.50078582763672,20746200
2020-06-10 00:00:00-04:00,37.56568747323861,37.85617407191889,37.43280447804987,37.442073822021484,28141500
2020-06-11 00:00:00-04:00,37.38953419461895,37.880890668259575,36.92289832435505,37.11140441894531,34162800
2020-06-12 00:00:00-04:00,37.24117763391699,37.315346479751035,36.17502699929181,36.38516616821289,32359200
2020-06-15 00:00:00-04:00,36.58913527831519,36.67566443927716,36.15958396877821,36.4902458190918,32703300
2020-06-16 00:00:00-04:00,37.02179067351733,37.15467365250097,36.632411079407646,36.975433349609375,25167600
2020-06-17 00:00:00-04:00,37.04032529786371,37.123759976022,36.58914074651577,36.78382873535156,20166900
2020-06-18 00:00:00-04:00,36.632412011356976,36.79311009608709,36.36046766343289,36.46244812011719,20070000
2020-06-19 00:00:00-04:00,36.74056304648161,37.176292767945945,36.38826799665758,37.0372314453125,40078800
2020-06-22 00:00:00-04:00,37.38334818528617,37.72946135066019,37.20719887509019,37.602760314941406,27338400
2020-06-23 00:00:00-04:00,37.93342478632097,37.96432730753429,37.38025975421525,37.41425323486328,19727700
2020-06-24 00:00:00-04:00,37.31228163303003,37.429713363402975,36.95380805814486,37.176307678222656,20614800
2020-06-25 00:00:00-04:00,37.009424039600425,37.13303766640836,36.58296356976203,36.99397277832031,20569800
2020-06-26 00:00:00-04:00,36.95998796084732,37.343182123014856,36.471718841575544,36.56442642211914,26991600
2020-06-29 00:00:00-04:00,36.620043913552415,36.98469929746417,36.53351473812648,36.7931022644043,16511400
2020-06-30 00:00:00-04:00,36.84255488987649,37.12376858122405,36.632412056486075,37.01560974121094,20509200
2020-07-01 00:00:00-04:00,36.91362789526123,37.05887117529711,36.66949512202213,36.987796783447266,19733700
2020-07-02 00:00:00-04:00,37.11139893064075,37.35553165157501,36.731292301542325,36.839454650878906,17695800
2020-07-06 00:00:00-04:00,37.02178726286626,37.04342044292586,36.533518219451594,36.740570068359375,21695100
2020-07-07 00:00:00-04:00,36.60459307429658,39.41676478367949,36.533515157605585,39.231346130371094,93458100
2020-07-08 00:00:00-04:00,39.55583283298951,39.59600469688153,38.44332436040361,38.455684661865234,52217100
2020-07-09 00:00:00-04:00,38.81724522526055,39.61145198370136,38.613287893622136,39.47856903076172,42771600
2020-07-10 00:00:00-04:00,39.78450685826591,40.597255764336325,39.32714042434983,40.38402557373047,44236800
2020-07-13 00:00:00-04:00,40.584905468660445,41.29567058816023,39.83087045008276,40.02555847167969,42338400
2020-07-14 00:00:00-04:00,39.951384860227215,40.9464614802573,39.87412503024947,40.79503631591797,26455800
2020-07-15 00:00:00-04:00,40.87538462480006,41.45017924308195,40.421109120041365,40.79194641113281,31731300
2020-07-16 00:00:00-04:00,40.80739835820417,41.01753760719668,40.557083712982255,40.85375213623047,17676600
2020-07-17 00:00:00-04:00,41.21532538634554,41.21532538634554,40.6281668462306,40.711605072021484,18189600
2020-07-20 00:00:00-04:00,40.779591386572264,41.02063318136716,40.52618575365944,40.62816619873047,18342600
2020-07-21 00:00:00-04:00,40.655974176978596,41.40691813092257,40.62198069828525,40.89392852783203,21712500
2020-07-22 00:00:00-04:00,40.968087922426804,41.11024373508639,40.54162755758033,40.99590301513672,16164600
2020-07-23 00:00:00-04:00,41.10098461203478,41.147338399974196,40.578725568762806,40.68070602416992,16796400
2020-07-24 00:00:00-04:00,40.46747034056853,40.91556043375994,40.33149641827036,40.55708694458008,13037400
2020-07-27 00:00:00-04:00,40.43965106611749,40.785764218409334,40.43965106611749,40.547813415527344,14045700
2020-07-28 00:00:00-04:00,40.637433805394004,40.909381647303626,40.458197062574854,40.71778106689453,14414100
2020-07-29 00:00:00-04:00,40.65598385691037,40.74869497386009,40.1275428682832,40.38712692260742,14223300
2020-07-30 00:00:00-04:00,39.994646863859295,40.303675567786335,39.77832571014046,40.210968017578125,13788300
2020-07-31 00:00:00-04:00,40.065724182734556,40.20169808361872,39.438393907182174,39.98846435546875,21631500
2020-08-03 00:00:00-04:00,40.146082582554776,40.210978592079854,39.63927480898579,39.95757293701172,14971500
2020-08-04 00:00:00-04:00,40.06573586845178,40.70233566993459,39.84632369499108,40.68070602416992,18219600
2020-08-05 00:00:00-04:00,40.31295612860262,40.40566369648137,39.81232677429655,40.115177154541016,25483500
2020-08-06 00:00:00-04:00,39.905024347600225,40.24495908448326,39.87412183271379,39.97301483154297,14496300
2020-08-07 00:00:00-04:00,40.044092982412884,40.316040797598625,39.898849734105255,40.164615631103516,16558500
2020-08-10 00:00:00-04:00,40.24805605337742,40.89701957259823,40.06572835906824,40.75486373901367,17683200
2020-08-11 00:00:00-04:00,40.97427498778763,41.0608041624645,40.090448095537994,40.235694885253906,25360200
2020-08-12 00:00:00-04:00,40.319136700670775,40.863028861168466,39.88958528469683,40.757957458496094,19094400
2020-08-13 00:00:00-04:00,40.71451296107269,40.94723824150935,40.56556892363747,40.91310501098633,19867200
2020-08-14 00:00:00-04:00,41.065150674689654,41.26063904827807,40.84483652054253,41.14582824707031,20106300
2020-08-17 00:00:00-04:00,41.68885597313381,42.24119145966618,41.53370814907297,42.07673263549805,39465000
2020-08-18 00:00:00-04:00,42.253603278485606,42.70664274471536,41.322702114205754,41.80056381225586,80232600
2020-08-19 00:00:00-04:00,41.645414915712294,41.78504795610333,40.91310582923337,41.08687210083008,38155200
2020-08-20 00:00:00-04:00,40.714518437710865,40.98137698456654,40.35456763549481,40.515926361083984,26810700
2020-08-21 00:00:00-04:00,40.50971601128185,41.16755132835928,40.37008296529592,40.84484100341797,24864000
2020-08-24 00:00:00-04:00,41.037224362086796,41.108594491650294,40.4414481964421,40.75175094604492,19813800
2020-08-25 00:00:00-04:00,40.58728995133564,40.72382288171522,40.23665017609089,40.53453826904297,21722400
2020-08-26 00:00:00-04:00,40.40421904740059,40.61212214257438,40.2459675266592,40.55626678466797,18814800
2020-08-27 00:00:00-04:00,40.67417004655074,43.2403553162652,40.61831470407597,42.39633560180664,119018700
2020-08-28 00:00:00-04:00,43.752351483543386,43.77407359810839,42.77180237707588,43.53514099121094,64050900
2020-08-31 00:00:00-04:00,42.660098871541486,43.097620008870585,42.055011687582336,43.085208892822266,45236400
2020-09-01 00:00:00-04:00,43.81441313955047,46.417835531342895,43.4575695929674,45.79723358154297,106798200
2020-09-02 00:00:00-04:00,46.932935656691726,46.957757888921385,45.18284044467845,45.82516098022461,51666000
2020-09-03 00:00:00-04:00,45.52106474077445,46.42093626830406,44.00369496912041,44.85081481933594,48015000
2020-09-04 00:00:00-04:00,44.68946391361681,45.005970456436145,43.47308575785808,44.32020568847656,33982200
2020-09-08 00:00:00-04:00,43.87958048003803,44.03162820430685,42.902134882431525,42.96109390258789,33966900
2020-09-09 00:00:00-04:00,43.469979965990234,44.25193705995808,43.271387913624174,43.407920837402344,33669000
2020-09-10 00:00:00-04:00,43.46066500524688,43.609609018777405,42.38392013438299,42.452186584472656,33709200
2020-09-11 00:00:00-04:00,42.526667327874776,42.95798465960227,42.061216765515276,42.418060302734375,28879800
2020-09-14 00:00:00-04:00,42.24429997078367,43.78338857882163,42.163618831692546,42.61045455932617,45733800
2020-09-15 00:00:00-04:00,42.89281829610875,43.15657311935289,42.41185299176254,42.62285614013672,30427800
2020-09-16 00:00:00-04:00,42.94867089478295,43.03245213265823,42.216361867756326,42.281524658203125,27860400
2020-09-17 00:00:00-04:00,42.023982164641566,42.6880248138351,41.89676023502806,42.41495895385742,37245000
2020-09-18 00:00:00-04:00,42.3373809366878,42.675609562090465,41.81297493509495,41.98053741455078,54709200
2020-09-21 00:00:00-04:00,42.356001310472536,42.58562292576608,41.980539323422924,42.53287124633789,47275500
2020-09-22 00:00:00-04:00,42.532871511388656,43.12865121976011,42.37772368987537,42.91764450073242,33102000
2020-09-23 00:00:00-04:00,43.13174744158775,43.20622123007581,42.1449946018607,42.19774627685547,23133300
2020-09-24 00:00:00-04:00,42.11706856029059,42.75628894243235,41.912272727604474,42.418060302734375,29453100
2020-09-25 00:00:00-04:00,42.362211075564204,42.678717619196604,42.18844124524963,42.59493637084961,22618800
2020-09-28 00:00:00-04:00,42.560800146583794,42.83696610448326,42.42426722537716,42.58872604370117,21197100
2020-09-29 00:00:00-04:00,42.588729180080975,42.86489515831825,42.32187065119961,42.554595947265625,27702900
2020-09-30 00:00:00-04:00,42.63216646072091,43.98197378042674,42.573211000256265,43.41412353515625,34826400
2020-10-01 00:00:00-04:00,43.69029425660692,44.801168996540184,43.52273176806383,44.39777755737305,43290900
2020-10-02 00:00:00-04:00,44.16814463855112,44.40397352883249,43.48238007765808,43.597190856933594,24585000
2020-10-05 00:00:00-04:00,43.842339797328016,44.12160941406972,43.77407333861913,44.00059127807617,14259000
2020-10-06 00:00:00-04:00,44.022311867897386,44.35433315042493,43.51962444450828,43.63753890991211,21475500
2020-10-07 00:00:00-04:00,43.8330267399743,43.923015308894705,43.51962390859153,43.71821594238281,16949100
2020-10-08 00:00:00-04:00,43.91059997492381,44.09057711002452,43.78958539755982,43.86405563354492,14676900
2020-10-09 00:00:00-04:00,43.957155202857805,44.478457595063894,43.92612563676041,44.304691314697266,14494800
2020-10-12 00:00:00-04:00,44.37915680697568,45.11456951843043,44.37915680697568,44.760826110839844,18402300
2020-10-13 00:00:00-04:00,44.89425969552942,45.490039432027224,44.794963664630814,45.37522506713867,23800200
2020-10-14 00:00:00-04:00,45.427981088313864,45.46832165832839,44.608786979604226,44.664642333984375,19710900
2020-10-15 00:00:00-04:00,44.400885126800844,44.98114655438708,44.32331120902931,44.84771728515625,13692600
2020-10-16 00:00:00-04:00,45.11767510092571,45.35040038270414,44.8290944731223,44.903568267822266,16935000
2020-10-19 00:00:00-04:00,45.02459111415233,45.108372366392736,44.29538207741215,44.357444763183594,14643300
2020-10-20 00:00:00-04:00,44.717388290590854,45.15801308165616,44.565340582407956,44.652225494384766,14523000
2020-10-21 00:00:00-04:00,44.63360677507949,45.22007548848966,44.63360677507949,44.807373046875,13114200
2020-10-22 00:00:00-04:00,44.74221696182858,44.857031339495045,44.276766321302226,44.54362487792969,13344000
2020-10-23 00:00:00-04:00,44.67395183697397,44.726699971384086,44.32641570729071,44.636714935302734,10540500
2020-10-26 00:00:00-04:00,44.32330759370019,44.41019250518114,43.73373521340735,44.112300872802734,16111800
2020-10-27 00:00:00-04:00,44.07816749842293,44.590165965609245,44.053345267283845,44.33261489868164,11831100
2020-10-28 00:00:00-04:00,43.739948593260884,44.10299952055467,43.40482356772616,43.454471588134766,16849200
2020-10-29 00:00:00-04:00,43.44205066418659,43.78648306218654,43.03865925776342,43.4172248840332,15153900
2020-10-30 00:00:00-04:00,43.18760558434108,43.46997887364752,42.62596267230079,43.054176330566406,18601800
2020-11-02 00:00:00-05:00,43.62513638803168,43.69340285782238,43.141067316583516,43.56617736816406,16575600
2020-11-03 00:00:00-05:00,43.954051536026824,44.73290500861118,43.92922575248518,44.304691314697266,15413100
2020-11-04 00:00:00-05:00,43.92922142624162,44.80427072887862,43.85785485168844,44.05023956298828,17927400
2020-11-05 00:00:00-05:00,44.68325000398832,44.75462012551346,44.35433239347262,44.51879119873047,14202600
2020-11-06 00:00:00-05:00,44.79496205085973,45.372123316883126,44.54361831587007,45.232486724853516,16198500
2020-11-09 00:00:00-05:00,45.924456810526785,45.98651949304189,44.52190126471156,44.54051971435547,28198500
2020-11-10 00:00:00-05:00,44.60568113186239,45.44038636657294,44.53741466898317,45.16732406616211,18199200
2020-11-11 00:00:00-05:00,45.58932984295472,46.22234289898344,45.4279746878434,45.918251037597656,18805800
2020-11-12 00:00:00-05:00,46.07340063507965,46.14477076652052,45.64518694864672,45.995826721191406,12564300
2020-11-13 00:00:00-05:00,46.21613964386927,46.83673804034733,45.775511302285906,46.71261978149414,19738200
2020-11-16 00:00:00-05:00,46.70951637157564,47.600076957503504,46.321639708315054,47.302188873291016,34560300
2020-11-17 00:00:00-05:00,46.70020332153614,47.55042679158534,46.290604591539875,46.34956359863281,42711600
2020-11-18 00:00:00-05:00,46.50161265321723,47.0632555391621,46.25026893910309,46.26268005371094,24936900
2020-11-19 00:00:00-05:00,46.37749478247149,47.30529226123501,46.33405410211127,47.20289611816406,18590700
2020-11-20 00:00:00-05:00,46.908102959869495,47.40147937600357,46.486096665312715,46.61952590942383,21937200
2020-11-23 00:00:00-05:00,46.659867416376905,46.97947761000376,46.34956822269104,46.83363723754883,18557100
2020-11-24 00:00:00-05:00,47.08498602069707,47.159456272684295,46.62884285451471,46.967071533203125,17155200
2020-11-25 00:00:00-05:00,46.932930004110005,47.2866698529685,46.920515338384206,47.1129035949707,13833300
2020-11-27 00:00:00-05:00,47.21220056995538,47.38907049796536,46.88638661017228,47.041534423828125,10999500
2020-11-30 00:00:00-05:00,47.041542680534484,47.460448953143114,46.576092055659664,47.41080093383789,32695500
2020-12-01 00:00:00-05:00,47.66214593607305,47.68076438768468,47.060162354687556,47.3642578125,22935300
2020-12-02 00:00:00-05:00,47.16566006774745,47.35804479279377,46.399217732097064,46.70641326904297,23547000
2020-12-03 00:00:00-05:00,46.63194194135325,46.63194194135325,46.045473228465816,46.32784652709961,25725900
2020-12-04 00:00:00-05:00,46.393017672287904,46.393017672287904,45.7941377360245,46.20683670043945,20889300
2020-12-07 00:00:00-05:00,46.0671946718928,46.23165349221437,45.663803236557484,45.958587646484375,18479100
2020-12-08 00:00:00-05:00,45.72586934630984,46.498519104235,45.670017542869054,46.37439727783203,20716500
2020-12-09 00:00:00-05:00,46.54506434455617,46.54506434455617,45.890329066348194,46.008243560791016,20139600
2020-12-10 00:00:00-05:00,46.014481224380866,46.13905321517374,45.64698814900168,45.79336166381836,20652300
2020-12-11 00:00:00-05:00,45.755974889334354,45.93972137180033,45.45077146516581,45.78089141845703,16860900
2020-12-14 00:00:00-05:00,45.998896521132,46.005126544518305,45.28259708743032,45.36045455932617,25088100
2020-12-15 00:00:00-05:00,45.31996705963424,45.581570998925905,45.114419070712856,45.338653564453125,31871400
2020-12-16 00:00:00-05:00,45.54419359694061,45.74662655485485,45.182930709513165,45.29193115234375,25650900
2020-12-17 00:00:00-05:00,45.48814242551437,45.60648435022914,45.20473340342459,45.5005989074707,30679500
2020-12-18 00:00:00-05:00,45.66255122587849,45.83695625772651,45.20785570235547,45.45389175415039,41384100
2020-12-21 00:00:00-05:00,45.313736250253136,45.67811417768178,45.176704260017054,45.46010971069336,25553100
2020-12-22 00:00:00-05:00,45.20474415141789,45.54109419281512,44.578762124218684,44.90888214111328,37599000
2020-12-23 00:00:00-05:00,44.70331955063015,44.91509396476856,44.31714016196424,44.603660583496094,20430600
2020-12-24 00:00:00-05:00,44.703324608354116,44.96804354699882,44.59120558457884,44.69086456298828,9054600
2020-12-28 00:00:00-05:00,44.85904662533202,45.25145614240037,44.637930682344034,45.226539611816406,19344900
2020-12-29 00:00:00-05:00,45.35734017064517,45.422744724839994,44.7189017641566,44.94001770019531,17938200
2020-12-30 00:00:00-05:00,45.12064985335704,45.204737351056664,44.82790289934304,44.90264892578125,18751200
2020-12-31 00:00:00-05:00,44.908866779929006,44.930668294143715,44.48843293608011,44.89329528808594,17814000
2021-01-04 00:00:00-05:00,44.94001995989151,45.746636963899775,44.9337935001932,45.634521484375,32182200
2021-01-05 00:00:00-05:00,45.65631260769766,45.80268605653816,44.999184247378004,45.3915901184082,26498100
2021-01-06 00:00:00-05:00,45.18605691208044,46.12347592175846,45.161140380524955,45.67500686645508,21918900
2021-01-07 00:00:00-05:00,45.97398197849132,46.01758144843987,45.481913506366155,45.6718864440918,20538000
2021-01-08 00:00:00-05:00,45.7435183288677,45.780891340444754,45.41028336449316,45.6656608581543,24478200
2021-01-11 00:00:00-05:00,45.46945345123398,46.089208837006204,45.46945345123398,45.8712043762207,26264400
2021-01-12 00:00:00-05:00,46.40376184402876,46.69339377381927,46.19198382094164,46.39441680908203,23373300
2021-01-13 00:00:00-05:00,46.3259020039348,46.42556099475083,45.914809557840336,45.92103958129883,16069500
2021-01-14 00:00:00-05:00,46.03626818563679,46.09232413812621,45.481913735340996,45.771549224853516,23017200
2021-01-15 00:00:00-05:00,45.20162457467236,45.43831200190034,44.743814086412314,45.04590606689453,35920500
2021-01-19 00:00:00-05:00,45.04590304280957,45.179820023845686,44.43237765204635,44.65660858154297,24123600
2021-01-20 00:00:00-05:00,44.718894900478446,45.36356323149201,44.50089044554942,45.31684875488281,23775600
2021-01-21 00:00:00-05:00,45.27014257800848,45.385373067071725,44.911991063503,45.11130905151367,14325900
2021-01-22 00:00:00-05:00,45.344889370032334,45.886787429219446,45.195400864754355,45.57223892211914,19219500
2021-01-25 00:00:00-05:00,45.270138153274296,45.54731358948321,44.9306731788352,45.531742095947266,19031100
2021-01-26 00:00:00-05:00,45.35422648802356,46.0331565028889,45.30440055513495,45.93972396850586,15031500
2021-01-27 00:00:00-05:00,45.76844142978537,46.048731928686756,44.706446843513916,44.7967643737793,29910300
2021-01-28 00:00:00-05:00,44.98984226066091,45.55042669677894,44.7313533403185,44.76872634887695,22301700
2021-01-29 00:00:00-05:00,44.59121641637803,44.7687364651011,43.709856889220156,43.75345993041992,32509200
2021-02-01 00:00:00-05:00,43.88425967394498,44.0648911614101,43.34859167133932,43.373504638671875,25945200
2021-02-02 00:00:00-05:00,43.52610400761674,44.27043140617425,43.426445019590126,43.84065246582031,27002400
2021-02-03 00:00:00-05:00,43.80639243332762,44.23928636523747,43.79705096292144,43.97456741333008,14966700
2021-02-04 00:00:00-05:00,44.158317712947145,44.59121168236622,43.99325773014016,44.38877868652344,17346300
2021-02-05 00:00:00-05:00,44.67841163385214,45.111305578490665,44.38877614553459,44.958702087402344,20451600
2021-02-08 00:00:00-05:00,45.09885002780212,45.33865602790681,44.989846004450335,45.16736602783203,15825300
2021-02-09 00:00:00-05:00,45.0272132877813,45.5691111957737,45.0272132877813,45.416507720947266,15906900
2021-02-10 00:00:00-05:00,45.41651888878145,45.4383168447695,44.703334391221105,44.88707733154297,18576900
2021-02-11 00:00:00-05:00,44.89018316507918,45.14244562607039,44.75626618816111,44.852813720703125,12791400
2021-02-12 00:00:00-05:00,44.89642171145751,45.03656873775502,44.743818201336445,44.99296569824219,13423500
2021-02-16 00:00:00-05:00,45.450762210944646,45.590905629933005,45.13621381586778,45.36355972290039,27891000
2021-02-17 00:00:00-05:00,45.04902464220038,45.936614147799766,45.002310155397645,45.84318161010742,25571100
2021-02-18 00:00:00-05:00,43.28941183240955,43.81885331035169,42.82225989334007,42.87208938598633,96927300
2021-02-19 00:00:00-05:00,42.91569114120255,43.42021251166285,42.87520312034573,43.083866119384766,36606000
2021-02-22 00:00:00-05:00,42.89701833658469,43.083879879141634,42.43298127469473,42.881446838378906,32106600
2021-02-23 00:00:00-05:00,42.700799332430826,42.78799826409866,42.06235745278058,42.19004440307617,31300200
2021-02-24 00:00:00-05:00,42.31462839919138,42.40494236027856,41.436380370964876,41.486209869384766,46565700
2021-02-25 00:00:00-05:00,41.45194723020668,41.73534910507359,40.94742232198179,41.09379577636719,33324600
2021-02-26 00:00:00-05:00,40.947432149030234,41.050206162120915,40.44290711972347,40.46159362792969,42470700
2021-03-01 00:00:00-05:00,40.978563209079894,41.28688159448781,40.83841622038523,40.91316223144531,34634400
2021-03-02 00:00:00-05:00,40.956764693360974,41.34294412924058,40.489612782296106,40.520755767822266,29230800
2021-03-03 00:00:00-05:00,40.33078143371447,40.46469840524823,39.72348254492105,39.735939025878906,41837400
2021-03-04 00:00:00-05:00,39.820036280380755,40.355704297955945,39.327971302986384,39.717262268066406,45348000
2021-03-05 00:00:00-05:00,39.49925234016269,40.40863961995548,39.47433581371373,40.21243667602539,34073700
2021-03-08 00:00:00-05:00,40.27784390844209,40.43667386939217,39.804461909218716,39.826263427734375,40988400
2021-03-09 00:00:00-05:00,40.112772506022615,40.44911883889906,39.963284058937845,40.14080047607422,31988700
2021-03-10 00:00:00-05:00,40.13146534822955,41.43637356446295,40.01000485200551,41.165428161621094,44929200
2021-03-11 00:00:00-05:00,41.53292074243053,41.57340519810147,40.962994838968115,41.14985275268555,35489700
2021-03-12 00:00:00-05:00,41.271324208230126,41.894194778295045,41.13429574793083,41.769622802734375,28437600
2021-03-15 00:00:00-04:00,41.9626951113944,41.965810122436956,41.36474129831557,41.55471420288086,25071900
2021-03-16 00:00:00-04:00,41.364750382238604,41.81944229989978,41.364750382238604,41.542266845703125,19881000
2021-03-17 00:00:00-04:00,41.26509116605976,41.46440914643507,41.10314263393986,41.19657516479492,24156300
2021-03-18 00:00:00-04:00,41.01830766789119,41.265367314382736,40.633643911821245,40.658660888671875,29815500
2021-03-19 00:00:00-04:00,40.69619598346945,41.437378612106926,40.62426590113797,41.19969940185547,57703500
2021-03-22 00:00:00-04:00,40.96827557430678,41.421741445369555,40.96514755704351,41.39672088623047,24654000
2021-03-23 00:00:00-04:00,41.190317048763795,42.0003017758266,41.165300067161944,41.887718200683594,29154900
2021-03-24 00:00:00-04:00,42.040959539200806,42.040959539200806,41.609382599249074,41.62814712524414,23547300
2021-03-25 00:00:00-04:00,41.6750595256237,42.07223545847748,41.55309546669339,41.909610748291016,28125900
2021-03-26 00:00:00-04:00,41.90648139934464,42.28176116426003,41.72509218312214,42.25986862182617,28653600
2021-03-29 00:00:00-04:00,42.219210080513925,42.847805490475295,42.09411803350209,42.741477966308594,30146400
2021-03-30 00:00:00-04:00,42.635151469835094,43.029199334225524,42.36619924493966,42.45063781738281,27230100
2021-03-31 00:00:00-04:00,42.391219878602854,42.80090067230896,42.2067062258277,42.47878646850586,24546000
2021-04-01 00:00:00-04:00,42.51318414211597,42.81028494586178,42.32241803269625,42.41311264038086,25595100
2021-04-05 00:00:00-04:00,42.75711934874204,43.832928254783056,42.594498237492594,43.60462951660156,40043100
2021-04-06 00:00:00-04:00,43.50456906885284,44.08000276539233,43.320055353231105,43.814178466796875,31044600
2021-04-07 00:00:00-04:00,43.87671321132117,44.01744537029564,43.673435016788034,43.72034454345703,20361600
2021-04-08 00:00:00-04:00,43.92361523283487,44.133149426708094,43.67655557141883,43.69219207763672,19095600
2021-04-09 00:00:00-04:00,43.66718295942601,43.81104314907658,43.37946973806046,43.71409606933594,20676600
2021-04-12 00:00:00-04:00,43.80478312304822,43.90173019395765,43.576487945878604,43.72034454345703,18723000
2021-04-13 00:00:00-04:00,43.720333717621344,43.78288331665922,43.42949257690986,43.58586120605469,17397900
2021-04-14 00:00:00-04:00,43.507674927445265,43.614006024313134,43.28876027910743,43.570220947265625,21924600
2021-04-15 00:00:00-04:00,43.595248495654225,43.9298747659235,43.5327024658009,43.83292770385742,21710400
2021-04-16 00:00:00-04:00,44.06122611101641,44.08311865466715,43.69219878130774,43.97365951538086,26488500
2021-04-19 00:00:00-04:00,43.87357769714427,43.96114427934453,43.66091906520095,43.69219207763672,19281000
2021-04-20 00:00:00-04:00,43.601507855763636,44.336438138788424,43.41386973649029,44.02995681762695,24452100
2021-04-21 00:00:00-04:00,44.023704093840294,44.31454892694174,43.94864955627836,44.158180236816406,17335200
2021-04-22 00:00:00-04:00,44.120648741766985,44.2363603398336,43.60150519081111,43.679691314697266,19705200
2021-04-23 00:00:00-04:00,43.50143329014703,43.889221572636075,43.47954074617935,43.751617431640625,22971000
2021-04-26 00:00:00-04:00,43.75474376320256,43.782892341209916,43.044837699547365,43.129276275634766,22846200
2021-04-27 00:00:00-04:00,43.157420767362815,43.45451799941353,43.01668861588233,43.27626037597656,16151400
2021-04-28 00:00:00-04:00,43.26687268762009,43.34192719798438,43.116760087924824,43.12301254272461,14286600
2021-04-29 00:00:00-04:00,43.12615017217423,43.78289428433796,43.12615017217423,43.667179107666016,19596000
2021-04-30 00:00:00-04:00,43.692191829487605,43.77975841119053,43.50455017697186,43.754737854003906,19680000
2021-05-03 00:00:00-04:00,43.682828149834826,44.63979772447068,43.682828149834826,44.445899963378906,27139500
2021-05-04 00:00:00-04:00,44.2645042066427,44.41774485393293,43.81416631730242,44.008060455322266,19084200
2021-05-05 00:00:00-04:00,44.00492891657993,44.15816955160799,43.86107233333138,43.97053146362305,18351000
2021-05-06 00:00:00-04:00,43.95482133476437,44.38180881237631,43.78214072608676,44.284481048583984,16302000
2021-05-07 00:00:00-04:00,44.46659000233455,44.494849122690745,43.74133485891201,44.01762390136719,23408400
2021-05-10 00:00:00-04:00,44.09611426750119,44.60787562834745,44.05216082496558,44.2122802734375,26307600
2021-05-11 00:00:00-04:00,44.22797491920021,44.22797491920021,43.427367021987514,43.813541412353516,26464200
2021-05-12 00:00:00-04:00,43.60005970418738,43.634595839306336,42.670727950922526,42.680145263671875,25998300
2021-05-13 00:00:00-04:00,42.77119213953096,43.634591845455446,42.623630299812056,43.402259826660156,21475200
2021-05-14 00:00:00-04:00,43.58121965096966,44.030185795592516,43.46191333403795,43.804134368896484,16091700
2021-05-17 00:00:00-04:00,43.954840168363546,44.080423506286614,43.56866565541341,43.60633850097656,19675800
2021-05-18 00:00:00-04:00,45.05684488585056,45.392785313984255,44.33472998045123,44.55450439453125,58183800
2021-05-19 00:00:00-04:00,44.1777388661423,45.12276830847846,44.11180691370228,44.55763626098633,34874700
2021-05-20 00:00:00-04:00,44.4257794185804,44.855907328402985,44.174609180541204,44.714622497558594,30540900
2021-05-21 00:00:00-04:00,44.7460177349858,44.92183508865335,44.4571710900082,44.50426483154297,22927500
2021-05-24 00:00:00-04:00,44.507408142089844,44.714621337457054,44.38182122981729,44.507408142089844,18945900
2021-05-25 00:00:00-04:00,44.519958573312344,44.78368637561017,44.2907668968413,44.68949890136719,21505200
2021-05-26 00:00:00-04:00,44.7052073692809,44.85904982128632,44.50741147085508,44.63613510131836,19294200
2021-05-27 00:00:00-04:00,45.00661423405274,45.110222641899995,44.485435485839844,44.485435485839844,56577000
2021-05-28 00:00:00-04:00,44.560782514896474,44.724042267221904,44.46973173397128,44.59217834472656,21186300
2021-06-01 00:00:00-04:00,44.64868642143782,44.83392467949081,44.35356276631307,44.476009368896484,20767500
2021-06-02 00:00:00-04:00,44.391238795237214,44.49170688028856,43.9830858523328,44.37868118286133,23298000
2021-06-03 00:00:00-04:00,44.39124424415204,44.53566578675744,44.190308049384925,44.457176208496094,18374400
2021-06-04 00:00:00-04:00,44.41321699422982,44.67380813012599,44.3472850331161,44.53566360473633,13635900
2021-06-07 00:00:00-04:00,44.535671714440724,44.573348154229926,44.077284611733596,44.23740768432617,16630800
2021-06-08 00:00:00-04:00,44.11495636937281,44.23740298918029,43.89518195129235,43.90146255493164,20120700
2021-06-09 00:00:00-04:00,43.7476111582318,43.95796462784395,43.650283379858685,43.66598129272461,17085300
2021-06-10 00:00:00-04:00,43.665985993566096,44.01448400833331,43.665985993566096,43.91715621948242,16378500
2021-06-11 00:00:00-04:00,44.027040465165385,44.221699630777486,43.910874463293645,44.190303802490234,25232400
2021-06-14 00:00:00-04:00,44.24681939513596,44.24681939513596,43.96425331854218,44.130653381347656,15140700
2021-06-15 00:00:00-04:00,44.218561831328024,44.24054034958159,43.848085287740474,43.954833984375,19327200
2021-06-16 00:00:00-04:00,43.90774132503538,43.96739268502699,43.00352486893805,43.06003952026367,28794900
2021-06-17 00:00:00-04:00,43.01294319269711,43.43679406964669,42.92189241430708,43.23899459838867,19341900
2021-06-18 00:00:00-04:00,42.5231666417774,42.82143065396803,42.19664350493155,42.43839645385742,44812800
2021-06-21 00:00:00-04:00,42.59223766591729,42.93445511651943,42.49490986601272,42.82456970214844,20775000
2021-06-22 00:00:00-04:00,42.77119531582331,43.238999689790795,42.77119531582331,43.02236557006836,19107000
2021-06-23 00:00:00-04:00,42.85596079279039,43.009803230305224,42.67700312912173,42.68642044067383,19390500
2021-06-24 00:00:00-04:00,42.75235577630749,43.08829620554147,42.730380849943344,42.98468780517578,23444100
2021-06-25 00:00:00-04:00,43.05376396633612,43.596921245430515,42.987831995234835,43.49331283569336,28640700
2021-06-28 00:00:00-04:00,43.33946104010948,43.52783959970351,42.88735465289708,43.358299255371094,15549000
2021-06-29 00:00:00-04:00,43.295510530352466,43.47446819791756,43.08515343987792,43.10713195800781,35962500
2021-06-30 00:00:00-04:00,43.81668700718334,44.76485683137842,43.54353827067387,44.27507400512695,45511200
2021-07-01 00:00:00-04:00,44.08355015036996,44.347277952718585,43.64400141777437,43.741329193115234,26348700
2021-07-02 00:00:00-04:00,43.75076720972337,44.29392453227847,43.75076720972337,43.9893798828125,26280600
2021-07-06 00:00:00-04:00,43.923435802478956,44.19030755160655,43.80099278037502,43.935997009277344,18279300
2021-07-07 00:00:00-04:00,43.87947507351403,44.328441130416856,43.75389177055803,43.86377716064453,25607400
2021-07-08 00:00:00-04:00,43.43366311511371,44.158914824719496,43.39598667504967,43.826114654541016,21267000
2021-07-09 00:00:00-04:00,44.08356262486408,44.218566865320796,43.93286046758841,44.04902648925781,15185400
2021-07-12 00:00:00-04:00,44.171471480586874,44.20286731306318,43.74448025425908,43.97053527832031,19515000
2021-07-13 00:00:00-04:00,43.95169409949674,44.32531094823764,43.93599618431605,44.136932373046875,18947700
2021-07-14 00:00:00-04:00,44.17774727625949,44.51996830828014,43.90146180225293,44.44147872924805,18812100
2021-07-15 00:00:00-04:00,44.58275446459033,44.78369063651071,44.297048120577145,44.476009368896484,17974800
2021-07-16 00:00:00-04:00,44.488564033014484,44.623568239140305,44.25309174758675,44.444610595703125,18095400
2021-07-19 00:00:00-04:00,44.39752210758814,44.89044529179391,43.882623996860545,44.34101104736328,27383100
2021-07-20 00:00:00-04:00,44.25938033623675,44.73032499207105,44.19972538231206,44.54194641113281,19020300
2021-07-21 00:00:00-04:00,44.73974054654556,44.752298159975396,44.1777451275467,44.32217025756836,18591900
2021-07-22 00:00:00-04:00,44.30961199130683,44.620437197221754,44.20600718235787,44.35356903076172,13013400
2021-07-23 00:00:00-04:00,44.43205941854794,44.808816597468464,44.27193995297149,44.71776580810547,15947400
2021-07-26 00:00:00-04:00,44.69577771339529,45.16672225179189,44.41320811593998,44.78054428100586,18517200
2021-07-27 00:00:00-04:00,44.89671687533943,44.89671687533943,44.57019382165886,44.783687591552734,15395700
2021-07-28 00:00:00-04:00,44.733460758247,44.97521368454328,44.476013509644346,44.60159683227539,14071500
2021-07-29 00:00:00-04:00,44.78369872057153,44.84963428234345,44.58904311626901,44.65811538696289,11063100
2021-07-30 00:00:00-04:00,44.33158885381709,44.884163383986646,44.33158885381709,44.75543975830078,16332300
2021-08-02 00:00:00-04:00,44.84335529755917,44.85591291276887,44.4791557122942,44.65183639526367,19958400
2021-08-03 00:00:00-04:00,44.72090278159389,45.179289810126065,44.695787554480546,45.154170989990234,18915300
2021-08-04 00:00:00-04:00,45.0160218862787,45.19184283029126,44.815089310727664,44.84648513793945,15301500
2021-08-05 00:00:00-04:00,45.28289791291748,45.694187600158365,45.20754504602063,45.678489685058594,27005400
2021-08-06 00:00:00-04:00,45.904543857464354,45.98617373310233,45.50894849949889,45.596858978271484,19263600
2021-08-09 00:00:00-04:00,45.810353765204866,45.989315028183476,45.65023431203713,45.706748962402344,15811800
2021-08-10 00:00:00-04:00,46.14316179890349,46.76480863913568,45.91710676926324,46.68003845214844,38262000
2021-08-11 00:00:00-04:00,46.940623906737514,47.590529842000635,46.83073849531473,47.09760665893555,41455800
2021-08-12 00:00:00-04:00,46.95264626434674,47.3339380658822,46.89277179251829,46.971553802490234,18269100
2021-08-13 00:00:00-04:00,47.07238877456496,47.38120589227946,47.00306594188372,47.119659423828125,15981300
2021-08-16 00:00:00-04:00,47.166924193534484,47.812917902390936,46.96524860137849,47.50410079956055,47791500
2021-08-17 00:00:00-04:00,47.39380460307271,48.05555395268215,46.98415333485681,47.48834228515625,50950200
2021-08-18 00:00:00-04:00,47.441079515746985,48.07761767199206,46.95894630935059,46.98415756225586,28211700
2021-08-19 00:00:00-04:00,46.74151378939585,47.47574147413077,46.63752413563028,47.302425384521484,22630500
2021-08-20 00:00:00-04:00,47.41903178306597,47.809779252371804,47.18899662416792,47.72469711303711,19400400
2021-08-23 00:00:00-04:00,47.749897500630816,47.83183137557523,47.39696517056107,47.40957260131836,16166100
2021-08-24 00:00:00-04:00,47.425327590564734,47.425327590564734,46.858112220842855,46.92113494873047,18828900
2021-08-25 00:00:00-04:00,46.76673569492824,47.040886037199506,46.64699033357917,46.94004821777344,21921300
2021-08-26 00:00:00-04:00,46.47051639829841,46.722610914595826,46.21842188200099,46.43270492553711,23466900
2021-08-27 00:00:00-04:00,46.48312708384612,46.53984971072743,46.06402011402829,46.17116165161133,23088600
2021-08-30 00:00:00-04:00,46.139651783545595,46.63753719057328,46.01360269957,46.54300308227539,16440600
2021-08-31 00:00:00-04:00,46.6343888964299,46.776190058748426,46.39805001965394,46.66905212402344,25078500
2021-09-01 00:00:00-04:00,46.49886870790769,46.6154621692176,46.18689978795478,46.56819152832031,19056600
2021-09-02 00:00:00-04:00,46.67534628332863,46.88647748016135,46.539845248419454,46.81399917602539,20018100
2021-09-03 00:00:00-04:00,46.700560144209604,47.15747857404564,46.60602243653213,47.03143310546875,17211900
2021-09-07 00:00:00-04:00,46.94319784547447,47.00622057806026,46.34132281554184,46.40749740600586,25345200
2021-09-08 00:00:00-04:00,46.30665658598018,46.73836732491657,46.237330142137345,46.46736526489258,19508400
2021-09-09 00:00:00-04:00,46.467361857244434,46.51463250639398,45.95687274512501,46.13964080810547,22328700
2021-09-10 00:00:00-04:00,46.38543657500211,46.398044006125794,45.827676753850824,45.972633361816406,15775200
2021-09-13 00:00:00-04:00,46.171160170934264,46.369683949284884,45.57873708762628,45.71108627319336,19529400
2021-09-14 00:00:00-04:00,45.843427979381005,45.96947703465053,45.35184279444506,45.471588134765625,16533900
2021-09-15 00:00:00-04:00,45.399116365083735,45.613395805960145,45.31088238134245,45.55037307739258,14850000
2021-09-16 00:00:00-04:00,45.51570590583778,45.789859800059446,45.279367087973064,45.70162582397461,18428400
2021-09-17 00:00:00-04:00,45.42117766889826,46.05771956591611,45.3833661909154,45.60709762573242,73032600
2021-09-20 00:00:00-04:00,45.21949424930515,45.752046376208895,44.627074860788206,44.98000717163086,25054500
2021-09-21 00:00:00-04:00,44.96740711445068,45.55983020634607,44.95795514659238,45.06824493408203,17437500
2021-09-22 00:00:00-04:00,45.210039224856864,45.251006157326145,44.83819940030515,44.9642448425293,15044400
2021-09-23 00:00:00-04:00,45.13126855920465,45.26046588087831,44.88862599259127,44.989463806152344,15585300
2021-09-24 00:00:00-04:00,44.90438143989973,45.27937318406337,44.901229582071615,45.115509033203125,13360500
2021-09-27 00:00:00-04:00,45.02097156619484,45.235251001288425,44.696398752840054,44.825599670410156,21250800
2021-09-28 00:00:00-04:00,44.70899427956924,44.768868743976256,44.11342312996864,44.274131774902344,20580900
2021-09-29 00:00:00-04:00,44.32140835106977,44.69325182684582,44.21742229115374,44.25523376464844,21375600
2021-09-30 00:00:00-04:00,44.31826238794956,44.66173916228949,43.88024790938031,43.92121124267578,22457700
2021-10-01 00:00:00-04:00,43.88339022926336,43.99998371018234,42.83089704357017,43.186981201171875,30014400
2021-10-04 00:00:00-04:00,43.19958910514897,43.55882515410566,42.44960564252362,42.771026611328125,29970300
2021-10-05 00:00:00-04:00,42.84035196735046,43.39495990592315,42.82459628539492,43.051483154296875,20597400
2021-10-06 00:00:00-04:00,42.93173744829748,43.420170797319244,42.89707422703658,43.366600036621094,19376700
2021-10-07 00:00:00-04:00,43.732133861523714,44.337164272673164,43.72583375287525,43.87709045410156,21068100
2021-10-08 00:00:00-04:00,44.00944137573242,44.14494240138656,43.80461390846507,44.00944137573242,13847400
2021-10-11 00:00:00-04:00,43.96533090482847,44.36237845166719,43.94011964778988,43.96847915649414,13048200
2021-10-12 00:00:00-04:00,43.90860741752677,44.24578408241453,43.82352528684272,43.92121124267578,15789300
2021-10-13 00:00:00-04:00,43.95902763677476,44.119736329395586,43.52731325476875,43.602943420410156,17937900
2021-10-14 00:00:00-04:00,43.64390421424136,44.13863765419424,43.64390421424136,44.07561492919922,19783500
2021-10-15 00:00:00-04:00,44.31194968352615,44.4632063733658,44.103970382655156,44.28989028930664,20737200
2021-10-18 00:00:00-04:00,44.11659168653883,44.74997814749661,44.06302091586809,44.64598846435547,19887000
2021-10-19 00:00:00-04:00,45.57558251071009,45.88439966277323,45.26991721644763,45.59449005126953,33444300
2021-10-20 00:00:00-04:00,45.65750584861123,46.16169843905721,45.65750584861123,46.00728988647461,17453700
2021-10-21 00:00:00-04:00,46.1900606122925,46.29719852372552,45.947418071888606,46.26253890991211,13954500
2021-10-22 00:00:00-04:00,46.35391967863897,47.1700776467712,46.35391967863897,46.744667053222656,21195600
2021-10-25 00:00:00-04:00,46.8833270549442,47.431631320665495,46.64068448531067,47.286678314208984,19287900
2021-10-26 00:00:00-04:00,47.26777013615892,47.44108625499008,46.78248860967634,46.873870849609375,17418600
2021-10-27 00:00:00-04:00,46.94004009590285,46.95894763455434,46.44530665845844,46.48942184448242,14565600
2021-10-28 00:00:00-04:00,46.74466417574705,46.94633976231187,46.54614044639304,46.779327392578125,12598500
2021-10-29 00:00:00-04:00,46.60918088367963,47.299290019184944,46.49889108308307,47.08501052856445,22022700
2021-11-01 00:00:00-04:00,47.26146236056434,47.50410490608419,47.06293860854502,47.20159149169922,12549600
2021-11-02 00:00:00-04:00,47.258316931102655,47.32449151906047,47.04088202067601,47.179534912109375,13638900
2021-11-03 00:00:00-04:00,47.141717719653826,47.35914899746244,46.96209791163148,47.324485778808594,14209500
2021-11-04 00:00:00-04:00,47.32449107088522,47.8507395180498,47.21419768783697,47.671119689941406,15149100
2021-11-05 00:00:00-04:00,47.89800021655232,47.89800021655232,47.14801685121423,47.340240478515625,15081900
2021-11-08 00:00:00-05:00,47.33709656778137,47.428478807683696,46.86757072441901,47.03773498535156,15373200
2021-11-09 00:00:00-05:00,47.11650936851318,47.22680274602015,46.91168190135254,47.20159149169922,15001800
2021-11-10 00:00:00-05:00,46.867569926622636,47.148023963480995,46.63123108004432,46.77618408203125,16803600
2021-11-11 00:00:00-05:00,46.880171847241606,46.94949829075462,46.69740377172752,46.79508972167969,13603200
2021-11-12 00:00:00-05:00,46.95264848473703,47.02827503464325,46.49257465147274,46.5619010925293,18313800
2021-11-15 00:00:00-05:00,46.68479592031021,46.779333617996066,46.133339841079696,46.29405212402344,28896000
2021-11-16 00:00:00-05:00,45.72369137546698,46.22157672496998,44.84135870831599,45.115509033203125,73986600
2021-11-17 00:00:00-05:00,45.112360215656885,45.60394544958106,44.69010142810295,44.72791290283203,33116100
2021-11-18 00:00:00-05:00,44.79094092011434,45.1533252420133,44.38758965791631,45.112361907958984,24394200
2021-11-19 00:00:00-05:00,45.2573045046402,45.37704983384005,44.72790429166426,44.86970901489258,28119300
2021-11-22 00:00:00-05:00,44.954802680972016,45.8056240265153,44.74682332845147,45.62285232543945,29126400
2021-11-23 00:00:00-05:00,45.45583302181014,46.00098897189367,45.140715789063904,45.947418212890625,29907900
2021-11-24 00:00:00-05:00,45.92220574921138,46.34131259849632,45.89384264080533,46.177452087402344,18089400
2021-11-26 00:00:00-05:00,46.14594511394262,46.59971525834593,45.50940688993523,45.66066360473633,21039600
2021-11-29 00:00:00-05:00,45.6921707408256,45.770952751786524,44.819293755334115,44.94533920288086,33039600
2021-11-30 00:00:00-05:00,44.58295562465721,44.904376569615806,44.11972994277054,44.31510543823242,64818900
2021-12-01 00:00:00-05:00,44.27729620980443,44.34347080078056,43.18383592350231,43.21534729003906,36621300
2021-12-02 00:00:00-05:00,43.3697476570233,43.624994005122126,42.61661604194953,42.689090728759766,39805800
2021-12-03 00:00:00-05:00,42.81198741216768,43.44852554308972,42.632371216559314,43.331932067871094,44142600
2021-12-06 00:00:00-05:00,43.34769771314548,43.91491314578203,43.2027447016771,43.80146789550781,32589300
2021-12-07 00:00:00-05:00,43.9905370987942,44.06301540335457,43.514707544931994,43.659664154052734,37739100
2021-12-08 00:00:00-05:00,43.50525214685981,43.643905029434066,42.859258384861995,43.2184944152832,34496400
2021-12-09 00:00:00-05:00,43.227974778936925,43.84176663018076,42.9369015903958,43.81962203979492,32351700
2021-12-10 00:00:00-05:00,43.76900792265531,44.70551136152282,43.525388419002624,44.620086669921875,38575500
2021-12-13 00:00:00-05:00,44.37013992190359,45.48066086843601,44.297369804354354,45.423709869384766,54039300
2021-12-14 00:00:00-05:00,45.3382775151189,45.964723915702706,44.9744306096583,45.85715103149414,46721400
2021-12-15 00:00:00-05:00,45.942583946734786,46.3412337026716,45.36992388552764,46.1197624206543,33489900
2021-12-16 00:00:00-05:00,46.119762914246564,46.36021786538328,45.20856863487354,45.3509407043457,39069600
2021-12-17 00:00:00-05:00,45.16427118390818,45.543937268774215,43.784825225140764,43.89872360229492,78581100
2021-12-20 00:00:00-05:00,43.699408364304375,44.21511751209872,43.53488805441763,44.041107177734375,31017900
2021-12-21 00:00:00-05:00,43.9461803410149,44.24991175633981,43.6645971395462,44.173980712890625,24620400
2021-12-22 00:00:00-05:00,44.262572383896774,44.291049697255765,43.82912341545032,44.230934143066406,17028000
2021-12-23 00:00:00-05:00,44.230937554659235,44.34483957535147,43.93037062282302,44.13285827636719,17592600
2021-12-27 00:00:00-05:00,44.167652444158044,44.5694667450749,44.15816242133575,44.53466033935547,16040700
2021-12-28 00:00:00-05:00,44.48405534527821,45.23389047821685,44.48405534527821,45.17377853393555,15783000
2021-12-29 00:00:00-05:00,45.13579983822581,45.411057583006645,45.028226930417034,45.15161895751953,13045200
2021-12-30 00:00:00-05:00,45.325638417107335,45.46484958047769,45.07885433281175,45.29716110229492,14949000
2021-12-31 00:00:00-05:00,45.3066484633607,45.888802181746385,45.21805922434301,45.7780647277832,17947800
2022-01-03 00:00:00-05:00,45.55975160822519,45.809696550482386,45.24652657795204,45.765403747558594,20706600
2022-01-04 00:00:00-05:00,45.5724053425293,45.92043314756722,44.85104421508549,44.92697525024414,33930000
2022-01-05 00:00:00-05:00,45.19591989604899,46.176719873143306,45.16111710597866,45.53445053100586,35418000
2022-01-06 00:00:00-05:00,45.439524739164675,45.762239795418736,45.05353321483517,45.40788650512695,21828900
2022-01-07 00:00:00-05:00,45.40156110503747,45.99004389247712,45.230711730718106,45.841339111328125,19723500
2022-01-10 00:00:00-05:00,46.01534991527684,46.06280726697986,45.28133418577031,45.752750396728516,22731600
2022-01-11 00:00:00-05:00,45.62620379389562,45.75592492843944,45.30032411453795,45.62303924560547,21668700
2022-01-12 00:00:00-05:00,45.45851447190473,45.547103711494216,45.24337227927106,45.3825798034668,18946800
2022-01-13 00:00:00-05:00,45.37941874124322,46.09128996229166,45.278174930803374,46.02484893798828,24252600
2022-01-14 00:00:00-05:00,45.62936983930943,46.39186306784548,45.62936983930943,45.89513397216797,26867400
2022-01-18 00:00:00-05:00,45.689480049038316,45.781233845172494,44.96811873535624,45.09151077270508,21123900
2022-01-19 00:00:00-05:00,45.09782893764638,45.872980204803476,44.9016704256091,45.540771484375,22674000
2022-01-20 00:00:00-05:00,45.0377203717831,45.705295168655674,44.63274512646325,44.68020248413086,22387200
2022-01-21 00:00:00-05:00,44.680192472917874,45.009232975632045,44.31318464427099,44.354312896728516,27508200
2022-01-24 00:00:00-05:00,43.99996884250525,44.46189508263189,43.443127888451485,44.357486724853516,28699200
2022-01-25 00:00:00-05:00,44.29104535617152,44.41127283200185,43.28493274086055,43.39250564575195,29479500
2022-01-26 00:00:00-05:00,43.452620417654046,43.9113821362892,42.762897376017065,42.94956588745117,26185500
2022-01-27 00:00:00-05:00,43.3197375646185,44.0031351181719,42.829337615211756,42.9780387878418,27759000
2022-01-28 00:00:00-05:00,43.028661144466014,43.52539019521375,42.38006999219073,43.50957107543945,25131900
2022-01-31 00:00:00-05:00,43.37352784850099,44.30687047088072,43.25013580804681,44.234100341796875,20193600
2022-02-01 00:00:00-05:00,44.044269429268624,44.65806149252637,43.97466746588965,44.582130432128906,20323200
2022-02-02 00:00:00-05:00,44.61059822820924,44.81308585684687,44.341669572722665,44.563140869140625,18149700
2022-02-03 00:00:00-05:00,44.3764795909274,44.92383063535869,44.22144929609765,44.60744094848633,20741100
2022-02-04 00:00:00-05:00,44.57579409940119,44.6105968858238,43.772172705214174,44.08222961425781,22036500
2022-02-07 00:00:00-05:00,44.313186948679174,44.31634787536837,43.5380357570909,43.648773193359375,20010300
2022-02-08 00:00:00-05:00,43.76268015141958,44.053757021269575,43.506406068859185,43.65827178955078,19458900
2022-02-09 00:00:00-05:00,43.81963623384862,43.91138641405511,43.493756538934456,43.56336212158203,21473700
2022-02-10 00:00:00-05:00,43.202675326634996,43.34821195353305,42.8578119962324,43.05397415161133,27810600
2022-02-11 00:00:00-05:00,43.28810102311191,43.401999412916325,42.449673167896925,42.81668472290039,23733300
2022-02-14 00:00:00-05:00,42.816679374988624,43.01600243744151,41.98774526790594,42.38006591796875,29363400
2022-02-15 00:00:00-05:00,42.630010003486134,42.924247769389765,42.329443142106044,42.51294708251953,21824400
2022-02-16 00:00:00-05:00,42.50029407639822,42.67430438000082,41.98458139900738,42.2471809387207,28490700
2022-02-17 00:00:00-05:00,42.39588736556038,44.12652579123609,42.32628179311492,43.93985366821289,53831400
2022-02-18 00:00:00-05:00,43.69307457684038,44.16449085852278,43.39567223160598,43.65827178955078,31103400
2022-02-22 00:00:00-05:00,43.58866173569848,43.73736651379882,43.00967260357117,43.1710319519043,25380900
2022-02-23 00:00:00-05:00,43.30075999922819,43.40516837582008,42.6616587871241,42.72809982299805,21030900
2022-02-24 00:00:00-05:00,42.36741737922157,42.715445301617684,41.766283507104504,42.56357955932617,31717500
2022-02-25 00:00:00-05:00,42.6521697572903,43.27545186209561,42.42436932843358,43.148895263671875,24997800
2022-02-28 00:00:00-05:00,42.71227177330334,43.05080597895285,42.32311566419937,42.76289367675781,26286600
2022-03-01 00:00:00-05:00,42.98753391454408,43.626635058621055,42.71860525115292,43.0255012512207,24024900
2022-03-02 00:00:00-05:00,42.92108966360201,43.291262116498515,42.76922394906077,43.079280853271484,23863800
2022-03-03 00:00:00-05:00,43.4368043749946,44.44291712744194,43.20267848727342,44.069580078125,29885100
2022-03-04 00:00:00-05:00,43.60132228442759,45.22438777418929,43.531716713237316,45.18642044067383,35576400
2022-03-07 00:00:00-05:00,44.70551929424251,45.4427034112023,44.436590600569794,44.82258224487305,45870000
2022-03-08 00:00:00-05:00,44.76880347994685,45.07253499369272,43.84495074339587,43.895572662353516,28305600
2022-03-09 00:00:00-05:00,44.29421288672774,44.37014393823846,43.705730038888476,44.12336349487305,22122900
2022-03-10 00:00:00-05:00,44.13284647971123,45.24336734964811,43.98098078014662,45.12630081176758,27512700
2022-03-11 00:00:00-05:00,45.021908774397424,45.575585281217926,44.889023081656795,44.94913864135742,19162200
2022-03-14 00:00:00-04:00,44.9333073793318,45.828682469755805,44.92381735708252,45.5755729675293,22646400
2022-03-15 00:00:00-04:00,45.727447179165445,46.23999537435054,45.512304967423944,46.12293243408203,22872600
2022-03-16 00:00:00-04:00,45.999535827121726,46.4899357565288,45.464843088768795,45.986881256103516,24615900
2022-03-17 00:00:00-04:00,45.87889495282495,46.148863727269,45.30719316450087,46.05675506591797,19023000
2022-03-18 00:00:00-04:00,46.11075055652553,46.2346198252542,45.77090699047038,46.193328857421875,31233300
2022-03-21 00:00:00-04:00,46.1901557401948,46.780914678138814,45.61528074096249,45.809024810791016,21350700
2022-03-22 00:00:00-04:00,45.92970862690411,46.044047520653265,45.4120013657387,45.67244338989258,20235000
2022-03-23 00:00:00-04:00,45.46282715716286,45.65021764950726,44.94829659145075,45.084869384765625,19625400
2022-03-24 00:00:00-04:00,45.22461505508467,45.707384971502876,45.062631608877936,45.36436462402344,13440900
2022-03-25 00:00:00-04:00,45.56128692626953,45.713740027235424,45.18332914425972,45.56128692626953,14085300
2022-03-28 00:00:00-04:00,45.577163253461336,46.39025002243283,45.513642042293796,46.371192932128906,20105700
2022-03-29 00:00:00-04:00,46.561758276632716,47.038174610242095,46.45059252691417,46.7618522644043,19934400
2022-03-30 00:00:00-04:00,46.730087615281974,47.69880421090363,46.701503798642065,47.600345611572266,24991500
2022-03-31 00:00:00-04:00,47.25732335764568,47.81314117453092,47.063579319419496,47.29861068725586,27163800
2022-04-01 00:00:00-04:00,47.53364975640167,48.04500353930111,47.27321131811224,47.962425231933594,20939700
2022-04-04 00:00:00-04:00,47.93065194146901,48.65797984616612,47.66703678519418,47.97194290161133,25332600
2022-04-05 00:00:00-04:00,47.921126409607524,48.699275713552986,47.921126409607524,48.1085205078125,18657900
2022-04-06 00:00:00-04:00,47.965589840258986,49.36307803948493,47.80043326746047,49.226505279541016,28018500
2022-04-07 00:00:00-04:00,49.26145177111189,50.03642072649497,49.051827412053434,49.71881103515625,27088200
2022-04-08 00:00:00-04:00,49.83632578624286,50.3127421316132,49.61399791608549,49.99513244628906,23294400
2022-04-11 00:00:00-04:00,49.855385889703165,50.25875068696579,48.79456416983827,49.004188537597656,24712800
2022-04-12 00:00:00-04:00,48.988308927131044,49.356736334979125,48.45154448430271,48.66752243041992,26761200
2022-04-13 00:00:00-04:00,48.7374005892897,50.115832128450954,48.705639979669826,49.934791564941406,29284500
2022-04-14 00:00:00-04:00,49.89984655174324,50.27462750368907,49.68387225842863,49.89031982421875,22360500
2022-04-18 00:00:00-04:00,49.785508143967675,50.17616940219468,49.29638828301034,49.509185791015625,14671800
2022-04-19 00:00:00-04:00,49.76009418743926,50.16663935608647,49.5600002077521,50.071353912353516,15855000
2022-04-20 00:00:00-04:00,50.293688060035784,50.92891110357566,50.27463096890505,50.70022964477539,19821600
2022-04-21 00:00:00-04:00,50.79233904394384,51.062307841773205,50.52237024611447,50.776458740234375,18168300
2022-04-22 00:00:00-04:00,50.8971518812846,50.932089276846675,49.75692861345001,49.82044982910156,21046200
2022-04-25 00:00:00-04:00,49.66481499770524,50.01418891853802,49.02324206006277,49.84585189819336,18057600
2022-04-26 00:00:00-04:00,49.66481763668934,50.223812304956255,49.293213453707665,49.324974060058594,19601100
2022-04-27 00:00:00-04:00,49.39801862989016,49.610816116169794,48.91842554551657,48.98830032348633,17496900
2022-04-28 00:00:00-04:00,49.30273866479397,49.85856016313939,48.94384164320967,49.61399841308594,14955900
2022-04-29 00:00:00-04:00,49.48695455885263,49.61717376406856,48.50235764693095,48.59128952026367,21088800
2022-05-02 00:00:00-04:00,49.216987003713676,49.226517366850445,47.74327373009045,48.2705078125,20016000
2022-05-03 00:00:00-04:00,48.41343192776198,49.001010410278475,48.20698435329801,48.438838958740234,17950500
2022-05-04 00:00:00-04:00,48.28638386874838,49.172518554553946,48.121227269924645,49.1089973449707,20022600
2022-05-05 00:00:00-04:00,48.97512057991896,49.03568800598363,48.26108669608217,48.688232421875,23234400
2022-05-06 00:00:00-04:00,48.35989902065903,49.07393284276768,47.26334525557333,47.67455291748047,34258200
2022-05-09 00:00:00-04:00,47.327105114728745,48.80298696778446,47.237849967231455,48.232398986816406,28207200
2022-05-10 00:00:00-04:00,48.2706547836937,48.54479328688422,47.35579942647684,47.55343246459961,24861300
2022-05-11 00:00:00-04:00,47.62355195760628,48.05388599461689,46.82982797643618,47.05615234375,27878700
2022-05-12 00:00:00-04:00,47.132659225571565,47.862631175628586,46.70551347761113,47.01152801513672,25244400
2022-05-13 00:00:00-04:00,47.08484037344936,47.29841140182729,46.58437755318907,47.19321823120117,19962300
2022-05-16 00:00:00-04:00,47.61717568618134,47.72874552722017,46.68638247239046,47.24422073364258,21449100
2022-05-17 00:00:00-04:00,43.48915854107839,43.81111103144913,41.643506747149544,41.86983108520508,132940200
2022-05-18 00:00:00-04:00,40.81153573423808,40.888041184945486,38.73955931866775,39.026451110839844,104253000
2022-05-19 00:00:00-04:00,38.529170779484616,38.82243554940067,37.805572034581964,37.95539093017578,71008500
2022-05-20 00:00:00-04:00,38.13709900522959,38.51961535188525,37.38162402221168,37.99684143066406,49356000
2022-05-23 00:00:00-04:00,38.226351354903336,39.45360151152624,38.207228637931294,39.08064651489258,43680900
2022-05-24 00:00:00-04:00,38.63755487511711,39.7022326377213,38.59611746221401,39.56835174560547,34584900
2022-05-25 00:00:00-04:00,39.52690928271082,39.74048395387688,39.08064087414733,39.326087951660156,27121800
2022-05-26 00:00:00-04:00,39.941304133191544,40.29194436866202,39.65441600453743,40.1644401550293,28197600
2022-05-27 00:00:00-04:00,40.00187482048611,40.99960850638884,39.944495730876255,40.95498275756836,25299900
2022-05-31 00:00:00-04:00,40.62983743666469,41.40762333265879,40.617084097269746,41.00279235839844,36912300
2022-06-01 00:00:00-04:00,40.96136257434545,41.09524349099483,39.743680981596235,39.98912811279297,28534800
2022-06-02 00:00:00-04:00,40.02736921740513,40.652147862928224,39.6320996057557,40.645774841308594,23214300
2022-06-03 00:00:00-04:00,40.37801180271415,40.61708585499005,39.87436431422972,39.94768142700195,18302700
2022-06-06 00:00:00-04:00,40.10705969600855,40.26006693591396,39.71497841575214,39.80423355102539,19855500
2022-06-07 00:00:00-04:00,38.64711850973808,39.36434067604521,38.53236033658291,39.326087951660156,47707800
2022-06-08 00:00:00-04:00,39.000953899086745,39.49822845896427,38.87344965951781,38.985015869140625,22522800
2022-06-09 00:00:00-04:00,38.88938322274563,39.6384814881176,38.567430677235116,38.57699203491211,19880100
2022-06-10 00:00:00-04:00,38.17216038077735,39.12526830861179,38.041464174819815,38.79375076293945,25238100
2022-06-13 00:00:00-04:00,38.168974918806754,38.647123086300105,37.96177689316217,38.06378173828125,24897900
2022-06-14 00:00:00-04:00,37.9745225593906,38.25184934264009,37.66850805648793,38.079715728759766,21544200
2022-06-15 00:00:00-04:00,38.24228594201404,38.382539845698105,37.58243924140352,38.0542106628418,25914000
2022-06-16 00:00:00-04:00,37.72588693745486,38.81287571903027,37.68763421280607,38.449485778808594,30706800
2022-06-17 00:00:00-04:00,38.2582256324426,38.53236042991796,37.604755573207306,37.70676040649414,36838800
2022-06-21 00:00:00-04:00,37.70995348625966,39.138021331957226,37.684450450738815,38.943572998046875,23916600
2022-06-22 00:00:00-04:00,38.921262210076165,39.28784053232042,38.43992569918092,38.4718017578125,20235000
2022-06-23 00:00:00-04:00,38.80968994444112,39.51416246994789,38.63437163286535,39.405784606933594,18040800
2022-06-24 00:00:00-04:00,39.555599258642744,39.944492214930136,39.259146127057036,39.43765640258789,31845900
2022-06-27 00:00:00-04:00,39.456781153809025,39.76279930594866,39.141205292386594,39.565162658691406,19889100
2022-06-28 00:00:00-04:00,39.73729608576927,40.02737256113332,38.9818211862001,39.00732421875,15399000
2022-06-29 00:00:00-04:00,39.17307531973998,39.31970952707503,38.56104640559391,38.86387252807617,19111500
2022-06-30 00:00:00-04:00,38.532361112709886,38.90850804609857,38.216785250128254,38.75550079345703,19166100
2022-07-01 00:00:00-04:00,38.87025843096871,39.18264598345153,38.62161934554458,39.090206146240234,17460900
2022-07-05 00:00:00-04:00,38.956320014652654,39.68948018310721,38.76506004723397,39.60660171508789,18218100
2022-07-06 00:00:00-04:00,39.67992126737905,40.25370125768377,39.62254582193529,39.88711929321289,21300000
2022-07-07 00:00:00-04:00,39.90624036813577,40.01462186980076,39.5651614841683,39.94768142700195,17487300
2022-07-08 00:00:00-04:00,40.107067397548036,40.35889482556677,39.89349634682725,39.97318649291992,14751000
2022-07-11 00:00:00-04:00,39.85205886041739,40.26964328899653,39.724554615220406,39.98912811279297,11532900
2022-07-12 00:00:00-04:00,39.880745742591564,40.524650863474854,39.75642619914031,39.86799240112305,13732200
2022-07-13 00:00:00-04:00,39.66716988212734,40.311074984072945,39.49822459244797,39.963623046875,12689100
2022-07-14 00:00:00-04:00,39.57790830155441,40.903974665211926,39.57153528002439,40.744590759277344,20905500
2022-07-15 00:00:00-04:00,41.056984343853934,41.525567437285,40.817910294721216,41.14305114746094,21184200
2022-07-18 00:00:00-04:00,41.009167777248905,41.53513361862353,40.88485189472453,41.047420501708984,14243700
2022-07-19 00:00:00-04:00,41.24505699024897,41.42675195877691,40.993233243136075,41.29924774169922,16995300
2022-07-20 00:00:00-04:00,41.602075313069804,41.857087403835465,41.280122776476944,41.64351272583008,18564900
2022-07-21 00:00:00-04:00,41.65627024761112,42.2555496330584,41.59889115343665,42.25236129760742,18764700
2022-07-22 00:00:00-04:00,42.24917129674591,42.52012143170178,41.83158692067353,42.143978118896484,13616400
2022-07-25 00:00:00-04:00,42.201355035500384,42.300171537605614,41.90490188120397,42.083412170410156,20535300
2022-07-26 00:00:00-04:00,38.61205313203568,39.10932759237098,38.270974252290756,38.88300323486328,95391600
2022-07-27 00:00:00-04:00,38.647110635324196,40.40988380511111,38.58017020527987,40.35250473022461,42159600
2022-07-28 00:00:00-04:00,40.25051016256454,41.602076092949595,40.25051016256454,41.35981369018555,33262200
2022-07-29 00:00:00-04:00,40.90398190107519,42.15991606623362,40.805161746086036,42.09297561645508,30141900
2022-08-01 00:00:00-04:00,41.77740071580904,42.78788415693341,41.7582743514244,42.24917221069336,24996300
2022-08-02 00:00:00-04:00,42.44361546596783,42.62212576223116,41.88577717411147,42.29379653930664,19695000
2022-08-03 00:00:00-04:00,42.1280350963854,42.376670502571805,41.39487492165464,41.59888458251953,32003100
2022-08-04 00:00:00-04:00,41.65307469291589,41.69451210265358,39.95086865522179,40.02737045288086,53106000
2022-08-05 00:00:00-04:00,40.00824439559387,40.422640384003515,39.883928517455345,40.34932327270508,32007000
2022-08-08 00:00:00-04:00,40.371647335830055,40.86892190769847,40.35889764116197,40.67766189575195,18175200
2022-08-09 00:00:00-04:00,40.76690875907706,41.111175980932494,40.55014575392034,41.07929992675781,19325100
2022-08-10 00:00:00-04:00,41.43950559686272,41.48731968281983,40.92629304869836,41.165367126464844,25251000
2022-08-11 00:00:00-04:00,41.52393952880679,41.73844438686816,41.17177213134154,41.56235885620117,23854500
2022-08-12 00:00:00-04:00,41.61998748060539,42.52922420571376,41.56236214881739,42.33073043823242,26625000
2022-08-15 00:00:00-04:00,42.141831655820724,42.76293061224569,42.05539001071139,42.4523811340332,26516100
2022-08-16 00:00:00-04:00,44.46934458095848,45.11925614829474,44.242034544263454,44.61981964111328,91773300
2022-08-17 00:00:00-04:00,44.36369797044347,45.69233756760646,44.309271205047445,44.6678466796875,41792100
2022-08-18 00:00:00-04:00,44.67104237511274,44.95598140397104,44.34128691059809,44.523773193359375,19197600
2022-08-19 00:00:00-04:00,44.47575594319883,44.523778268992764,43.832245053180515,43.867462158203125,22918800
2022-08-22 00:00:00-04:00,43.60494007123071,43.77141893830906,43.04146637243863,43.08308792114258,18667200
2022-08-23 00:00:00-04:00,43.09588812664689,43.20794387465832,42.64767246233777,42.900596618652344,16955100
2022-08-24 00:00:00-04:00,43.01264611284971,43.31359257281884,42.772530854561474,43.211143493652344,15766500
2022-08-25 00:00:00-04:00,43.310392110540036,43.53770215912836,43.23035124528221,43.49928283691406,19414500
2022-08-26 00:00:00-04:00,43.57612300302128,43.80663529986973,42.10341633899166,42.132232666015625,21331800
2022-08-29 00:00:00-04:00,41.885714045024535,42.85898047841877,41.80887538940114,42.54202651977539,17381700
2022-08-30 00:00:00-04:00,42.689295703641285,42.7885425720309,42.17705025659638,42.413963317871094,14468100
2022-08-31 00:00:00-04:00,42.510003606162044,42.833361946327855,42.2378734693161,42.436370849609375,22460700
2022-09-01 00:00:00-04:00,42.43317648293165,43.26557448712607,42.388352712697284,43.05427551269531,21741900
2022-09-02 00:00:00-04:00,43.172730683090016,43.435254198123005,42.401160252295604,42.5804443359375,17234400
2022-09-06 00:00:00-04:00,42.59644700932042,42.77893695758334,41.85049076762363,42.369140625,21899700
2022-09-07 00:00:00-04:00,42.599656177207116,43.53130473992172,42.4972070773541,43.45766830444336,17058900
2022-09-08 00:00:00-04:00,43.3488106399464,43.81943820857138,43.18233178448259,43.67856979370117,16956000
2022-09-09 00:00:00-04:00,43.63695023570521,44.02113247693233,43.582523471698714,43.80983352661133,16140600
2022-09-12 00:00:00-04:00,43.88666700025905,44.26124622971957,43.85144989910511,44.20362091064453,14284500
2022-09-13 00:00:00-04:00,43.81624184208292,44.16521070484496,43.159929331789286,43.29119110107422,17687400
2022-09-14 00:00:00-04:00,43.42244325289824,43.71058083553421,42.932609728803904,43.195133209228516,19934700
2022-09-15 00:00:00-04:00,43.2367599086398,43.268774792321615,42.57084080199967,42.730918884277344,20189400
2022-09-16 00:00:00-04:00,42.260293581891546,43.07668415144875,42.02978127752442,42.64127731323242,41874300
2022-09-19 00:00:00-04:00,42.522823245194765,43.14391865323816,42.410767475873335,43.006256103515625,16853100
2022-09-20 00:00:00-04:00,42.73411506414361,42.862178255614985,42.433172243181865,42.756526947021484,13963500
2022-09-21 00:00:00-04:00,43.361618639016996,44.00512582818472,43.0990914770147,43.14711380004883,24903600
2022-09-22 00:00:00-04:00,43.083088516179004,43.13111084420693,42.529221473531436,42.70530700683594,16744500
2022-09-23 00:00:00-04:00,42.538824258431085,42.63807112674577,41.22619209548464,41.639190673828125,27195300
2022-09-26 00:00:00-04:00,41.21978650098543,42.30510481133576,41.066112884944005,42.03937911987305,23011200
2022-09-27 00:00:00-04:00,42.333925841100196,42.71810809199368,41.716029087576985,41.924129486083984,17171700
2022-09-28 00:00:00-04:00,42.07140502761617,42.78854875714262,41.53034684092358,42.615665435791016,16838400
2022-09-29 00:00:00-04:00,42.7405215875383,42.939018994405515,42.14183447355408,42.340328216552734,15241500
2022-09-30 00:00:00-04:00,42.337129178691846,42.37554484008647,41.5239372253418,41.5239372253418,19602300
2022-10-03 00:00:00-04:00,41.696826234858655,42.513216857214935,41.62318979533241,42.42997741699219,17574900
2022-10-04 00:00:00-04:00,42.8557908353682,43.284797018196166,42.69891858452088,42.98065185546875,16134300
2022-10-05 00:00:00-04:00,42.8237642456246,43.099096660778045,42.42357084447001,42.55483627319336,14553900
2022-10-06 00:00:00-04:00,42.60606026757475,43.054275991692464,42.12582965800131,42.15784454345703,14200500
2022-10-07 00:00:00-04:00,42.03939011420199,42.1482399974474,41.00209018674204,41.158966064453125,17080500
2022-10-10 00:00:00-04:00,41.46951470901103,41.59757791839136,41.06932130155001,41.40228271484375,11411700
2022-10-11 00:00:00-04:00,41.46309932035904,42.83655883382966,41.44709188139591,42.47478485107422,21276000
2022-10-12 00:00:00-04:00,42.58364820516528,43.14711824735472,41.93053428575124,41.994564056396484,16947600
2022-10-13 00:00:00-04:00,41.389476221657134,42.56123641534177,41.09813636792538,42.349937438964844,20545500
2022-10-14 00:00:00-04:00,42.40115934876494,42.650877637616944,41.63598971277115,41.75764846801758,16641000
2022-10-17 00:00:00-04:00,41.927328335210156,42.52601909464633,41.80887180450509,42.05859375,17812500
2022-10-18 00:00:00-04:00,42.71810545025138,43.252762744081586,42.686090569979136,42.94541549682617,16842300
2022-10-19 00:00:00-04:00,43.006250951333385,43.13431048508025,42.57084047608323,42.823760986328125,11339400
2022-10-20 00:00:00-04:00,42.8941957367983,43.34881221675331,42.7885444218026,42.929412841796875,12754800
2022-10-21 00:00:00-04:00,43.15992856850755,43.992326606195874,42.900603592124064,43.79703140258789,18134700
2022-10-24 00:00:00-04:00,44.00513350246746,44.97520145072653,43.902684396580675,44.63263702392578,18806700
2022-10-25 00:00:00-04:00,44.53018502896429,44.96238964747319,44.28366528097547,44.84393310546875,15051300
2022-10-26 00:00:00-04:00,44.936778433457775,45.47463802717213,44.76389512347347,45.18649673461914,20754300
2022-10-27 00:00:00-04:00,45.144876874049814,45.49384570001844,44.91436458286891,45.055233001708984,16602900
2022-10-28 00:00:00-04:00,44.83753271107778,45.74996794808005,44.834330489723676,45.6251106262207,13648200
2022-10-31 00:00:00-04:00,45.57067658607771,45.8043874134856,45.388190300558406,45.567474365234375,22572000
2022-11-01 00:00:00-04:00,45.772379558408964,45.958068093273,45.301755610513595,45.36258316040039,14814300
2022-11-02 00:00:00-04:00,45.19290346093812,45.9644739523146,45.045634249816565,45.061641693115234,15522000
2022-11-03 00:00:00-04:00,44.66464796822877,45.36898642498382,44.526981765355714,45.052032470703125,10976400
2022-11-04 00:00:00-04:00,45.471426930522476,45.52905224669045,44.434127273082844,45.13206481933594,14669400
2022-11-07 00:00:00-05:00,45.224916084383835,45.7723786783138,45.224916084383835,45.605899810791016,11364000
2022-11-08 00:00:00-05:00,45.64752020769844,46.12454857705364,45.30495215360897,45.714752197265625,15068400
2022-11-09 00:00:00-05:00,45.705135972692204,45.83319914652092,44.56858950245041,44.651832580566406,15932100
2022-11-10 00:00:00-05:00,45.62511354882221,45.682738881412035,44.98160257857312,45.577091217041016,20310600
2022-11-11 00:00:00-05:00,45.67633463676518,45.820405285047414,44.8183225174419,45.64752197265625,19270800
2022-11-14 00:00:00-05:00,45.3465705544638,45.884430097544126,44.26765291120132,44.30607223510742,37525800
2022-11-15 00:00:00-05:00,46.61758262355113,48.10949888618334,46.27822046737108,47.20346450805664,76548600
2022-11-16 00:00:00-05:00,47.34432639963537,48.08708409693403,47.10101257095165,47.542823791503906,32593200
2022-11-17 00:00:00-05:00,47.06580117303338,47.616465986955156,46.969752854402415,47.38275146484375,24791400
2022-11-18 00:00:00-05:00,47.91740339973462,48.099893352494306,47.62926580427043,48.0966911315918,18987000
2022-11-21 00:00:00-05:00,48.218355704491536,48.70818930957491,48.08388805741828,48.3912353515625,21157200
2022-11-22 00:00:00-05:00,48.66336414725918,48.807431115495305,48.38162732496359,48.56411361694336,16898400
2022-11-23 00:00:00-05:00,48.68897514375452,49.10197371904893,48.624945379362075,48.797828674316406,16920600
2022-11-25 00:00:00-05:00,48.70179058327309,49.01233644792509,48.61854748171581,49.00593566894531,8777400
2022-11-28 00:00:00-05:00,48.89388045751159,49.50857507868477,48.89388045751159,49.14680099487305,17674800
2022-11-29 00:00:00-05:00,48.9931172824842,49.210824330694784,48.839443658736364,48.97391128540039,13841700
2022-11-30 00:00:00-05:00,48.85865621771554,48.90988076200318,48.407241982106726,48.797828674316406,31338000
2022-12-01 00:00:00-05:00,48.6793729062867,49.17881313687258,48.256767661400254,49.10197448730469,22732200
2022-12-02 00:00:00-05:00,48.496885827261245,49.06035952059238,48.496885827261245,49.053955078125,20733000
2022-12-05 00:00:00-05:00,48.903478700878544,48.98351590426928,48.18633143579791,48.551307678222656,23608200
2022-12-06 00:00:00-05:00,48.40724560851487,48.63455202191029,47.77013914624994,47.98784255981445,20625600
2022-12-07 00:00:00-05:00,48.18314219395891,48.410448628307215,47.64528255713161,47.738128662109375,17550300
2022-12-08 00:00:00-05:00,47.934151987647574,47.97271246759897,47.60636400313753,47.812034606933594,13512600
2022-12-09 00:00:00-05:00,47.391055002154395,47.47139761776437,46.66799352774967,46.69691848754883,27929400
2022-12-12 00:00:00-05:00,46.886515758859595,47.59351309491048,46.77725554320866,47.56780242919922,19432200
2022-12-13 00:00:00-05:00,48.20409465549513,48.268365800987645,47.156459537708855,47.39748001098633,23408100
2022-12-14 00:00:00-05:00,47.268931593491104,47.73169043688836,46.90579375598236,47.13396072387695,20334600
2022-12-15 00:00:00-05:00,46.78368190798297,47.053623657891755,46.15702721405983,46.712982177734375,17514000
2022-12-16 00:00:00-05:00,46.43018054769148,46.507308858982675,45.816383060666986,45.87422561645508,40343100
2022-12-19 00:00:00-05:00,45.957782374772336,46.13453170369381,45.546441156686434,45.890296936035156,15067500
2022-12-20 00:00:00-05:00,45.928854381917844,46.481594982355105,45.71354460352987,46.2919921875,17009400
2022-12-21 00:00:00-05:00,46.378765771954605,46.899370872374,46.35948369293753,46.65513610839844,13726500
2022-12-22 00:00:00-05:00,46.52337735421241,46.59086278878194,45.61071316352687,46.108821868896484,13082400
2022-12-23 00:00:00-05:00,45.97064113347044,46.211661616620155,45.723192064435935,46.20201873779297,9547500
2022-12-27 00:00:00-05:00,46.28878461422368,46.42054487641557,46.01562856671649,46.214874267578125,10044600
2022-12-28 00:00:00-05:00,46.10560572186786,46.16987686121947,45.28292336959061,45.4050407409668,15246300
2022-12-29 00:00:00-05:00,45.67819349917538,45.96098869873719,45.55286184424506,45.68140411376953,9171900
2022-12-30 00:00:00-05:00,45.4918092636633,45.62999442295597,45.25078880804493,45.56571960449219,11505900
2023-01-03 00:00:00-05:00,45.80995758993287,46.18273464603644,45.662133220148505,46.14738845825195,17249700
2023-01-04 00:00:00-05:00,46.089538929586126,46.29199522951179,45.6557013742595,46.19879913330078,13338300
2023-01-05 00:00:00-05:00,46.102396728133115,46.317706540779675,45.84209417062504,46.04133987426758,13274400
2023-01-06 00:00:00-05:00,46.46874273995336,47.41675673971732,46.353053955584926,47.169307708740234,21231900
2023-01-09 00:00:00-05:00,47.021484856920594,47.516379256999464,46.53301536426284,46.58121871948242,17756700
2023-01-10 00:00:00-05:00,46.57800266888918,46.741898483665985,46.189157871578125,46.55229568481445,11970600
2023-01-11 00:00:00-05:00,46.83510214171302,46.976497932326076,46.51052475215479,46.96043014526367,14834700
2023-01-12 00:00:00-05:00,47.05041235500773,47.053626647983386,46.401264925794855,46.53623580932617,12472800
2023-01-13 00:00:00-05:00,46.767615368888556,46.86081148067019,46.23094610532957,46.69049072265625,13699800
2023-01-17 00:00:00-05:00,46.69048706951638,46.82545794812325,46.3402027015657,46.40768814086914,15122400
2023-01-18 00:00:00-05:00,46.34020393223277,46.35627171927075,45.14474439481188,45.260433197021484,22674300
2023-01-19 00:00:00-05:00,45.437176682744976,45.482165745123496,44.60163715361069,44.61449432373047,17342100
2023-01-20 00:00:00-05:00,44.797675989701006,45.24115281286172,44.40240252946109,45.16402816772461,29543100
2023-01-23 00:00:00-05:00,45.138309832820305,45.95777789630566,45.05475661574872,45.83887481689453,13149900
2023-01-24 00:00:00-05:00,47.09540122381854,47.09540122381854,45.311851108697425,45.96099853515625,13669200
2023-01-25 00:00:00-05:00,45.71034565264788,45.90316280457863,45.115826407334836,45.74248123168945,12491700
2023-01-26 00:00:00-05:00,45.964211890138365,46.195593168832055,45.556084956628816,45.7006950378418,15819000
2023-01-27 00:00:00-05:00,45.8260231242959,46.42696712998964,45.55286709240605,46.05097579956055,18412800
2023-01-30 00:00:00-05:00,45.671764914627175,45.777814493592835,45.39860891420772,45.68140411376953,15897600
2023-01-31 00:00:00-05:00,45.73604890944674,46.237371992450036,45.52395336955837,46.234161376953125,14103600
2023-02-01 00:00:00-05:00,46.16666396363206,46.79331862428511,45.858158072206656,46.49123764038086,12849300
2023-02-02 00:00:00-05:00,46.40769020503908,46.55230396865336,45.93529210890322,46.15381622314453,17806800
2023-02-03 00:00:00-05:00,46.070260482534096,46.26307759761705,45.266860126982465,45.540016174316406,17155500
2023-02-06 00:00:00-05:00,45.57536320598921,45.66534501112324,45.00012618933698,45.20901107788086,17454000
2023-02-07 00:00:00-05:00,44.916575082451104,45.40825522467145,44.56950501609297,45.305419921875,16341300
2023-02-08 00:00:00-05:00,45.096537608475394,45.34398298113833,44.98727372277149,45.061187744140625,11691300
2023-02-09 00:00:00-05:00,45.270069300257894,45.61392136247844,45.17365891477909,45.47895050048828,13064400
2023-02-10 00:00:00-05:00,45.983494908470966,46.256650967351916,45.68784247653653,46.185951232910156,15002700
2023-02-13 00:00:00-05:00,46.5041017776264,46.95722148252509,46.439826949023434,46.889732360839844,16015800
2023-02-14 00:00:00-05:00,46.83188524324329,47.281786933640895,46.45589389814843,46.754756927490234,13831200
2023-02-15 00:00:00-05:00,46.58443492263772,47.11146859215889,46.45589263678015,47.10182571411133,14674200
2023-02-16 00:00:00-05:00,46.75154243817719,46.91543826962315,46.333776321872804,46.36269760131836,16312200
2023-02-17 00:00:00-05:00,46.63264194598846,47.14039357701322,46.45910690429348,47.06005096435547,24770700
2023-02-21 00:00:00-05:00,45.91601037243693,47.67063924087196,45.681414791432026,47.346065521240234,54393900
2023-02-22 00:00:00-05:00,47.16609739054271,47.42318564284622,45.877441836306296,46.353057861328125,29844000
2023-02-23 00:00:00-05:00,46.39483674241459,46.39483674241459,45.218655585411746,45.66213607788086,22021200
2023-02-24 00:00:00-05:00,45.26042521037852,45.871012043119926,44.83944117337259,45.784244537353516,20623500
2023-02-27 00:00:00-05:00,45.86137398065866,45.9834913600272,45.20258372614744,45.4532470703125,16647300
2023-02-28 00:00:00-05:00,45.31184992901088,45.84209424583552,45.29578214229987,45.67498779296875,18054000
2023-03-01 00:00:00-05:00,45.33113443607971,45.40183417246638,44.78803659633954,45.0386962890625,14180100
2023-03-02 00:00:00-05:00,44.93906570750263,45.228289499922255,44.82980183312363,45.151161193847656,14785500
2023-03-03 00:00:00-05:00,45.32470219228875,45.37290555111307,44.91657527215672,45.2057991027832,16888800
2023-03-06 00:00:00-05:00,45.15116797819107,45.305420935838015,44.99691502054412,45.199371337890625,16720800
2023-03-07 00:00:00-05:00,45.369695882190626,45.53037374828932,44.60164170705254,44.74946975708008,17387400
2023-03-08 00:00:00-05:00,44.527729931271544,44.643418726687436,44.11638504528522,44.37990188598633,19090800
2023-03-09 00:00:00-05:00,44.61449402531191,44.66269737989795,44.000692875006344,44.081031799316406,15415800
2023-03-10 00:00:00-05:00,44.0328410133253,44.437757398322546,43.73397792297721,44.01677322387695,20065200
2023-03-13 00:00:00-04:00,43.92357865185104,44.50845498585996,43.89144307451179,44.14531707763672,28142100
2023-03-14 00:00:00-04:00,44.248145304476026,44.43453382977954,44.026406914228694,44.37990188598633,25542600
2023-03-15 00:00:00-04:00,43.99105104405552,44.92942212798578,43.933204815403926,44.87479019165039,33133500
2023-03-16 00:00:00-04:00,44.990961970456794,45.06195147632531,44.49081165500018,44.6198844909668,28905600
2023-03-17 00:00:00-04:00,44.59083901543862,45.01032109791043,44.39723530914762,44.98128128051758,43081200
2023-03-20 00:00:00-04:00,45.207155732487614,45.794429167839766,45.11357765405622,45.46529769897461,33928500
2023-03-21 00:00:00-04:00,45.62341503421425,45.62341503421425,45.023231669295946,45.31041717529297,19013400
2023-03-22 00:00:00-04:00,45.38140687892281,45.56855936306376,45.000646976005086,45.0200080871582,18548400
2023-03-23 00:00:00-04:00,45.239425508924455,45.694402365502114,45.0103233470605,45.38462829589844,22044300
2023-03-24 00:00:00-04:00,45.500796081945346,45.97190659316993,45.368499467546734,45.75571060180664,22752300
2023-03-27 00:00:00-04:00,46.07515997359859,46.78182384169088,46.071932506607695,46.52045440673828,26775600
2023-03-28 00:00:00-04:00,46.35266218796044,46.5978979956849,46.159058469734596,46.33975601196289,21282900
2023-03-29 00:00:00-04:00,46.584987453495955,46.77536737944466,46.28812327685076,46.53981399536133,24216900
2023-03-30 00:00:00-04:00,46.94961115463869,47.304558637991185,46.79472598719951,47.00446701049805,21879000
2023-03-31 00:00:00-04:00,47.298107804087564,47.89828741834021,47.26261305267584,47.57883834838867,20868000
2023-04-03 00:00:00-04:00,47.669183961943105,48.0628536836817,47.59497068691374,47.97895431518555,19766700
2023-04-04 00:00:00-04:00,47.927325204700026,48.0112245719388,47.44008479931626,47.50784683227539,18113700
2023-04-05 00:00:00-04:00,47.488488079841744,48.36294331073493,47.47880567879361,48.29518127441406,26540700
2023-04-06 00:00:00-04:00,48.01444479163514,48.73724591094816,47.92409788288038,48.6598014831543,17891700
2023-04-10 00:00:00-04:00,48.51782984559755,48.763065647098884,48.32744990663653,48.56623077392578,14519100
2023-04-11 00:00:00-04:00,48.724347180191984,48.724347180191984,48.279052696868064,48.424259185791016,18370500
2023-04-12 00:00:00-04:00,48.333904291028446,48.71466416461917,48.133841953025104,48.188697814941406,11209800
2023-04-13 00:00:00-04:00,48.28872721071602,48.401666401789036,47.82084788206921,48.23710250854492,13272600
2023-04-14 00:00:00-04:00,48.08866760565612,48.36617068443628,47.80470959285633,47.91119384765625,10464900
2023-04-17 00:00:00-04:00,47.962826174122974,48.2951851410588,47.9176527105437,48.24678421020508,16166700
2023-04-18 00:00:00-04:00,48.33067909188656,48.51138032870747,48.220967362905704,48.353267669677734,13482300
2023-04-19 00:00:00-04:00,48.67271647615304,48.85664517911378,48.32745134064424,48.4048957824707,12433500
2023-04-20 00:00:00-04:00,48.469428659033746,48.85018853492718,48.27259747966345,48.714664459228516,13641600
2023-04-21 00:00:00-04:00,49.034113181075405,49.14382490477135,48.78242614129268,48.95989990234375,25335000
2023-04-24 00:00:00-04:00,48.95344900161752,49.35357001733874,48.95344900161752,49.292259216308594,13579500
2023-04-25 00:00:00-04:00,49.46327795985296,49.61170821092615,48.83082735055322,48.90827178955078,17246700
2023-04-26 00:00:00-04:00,48.717893448178906,48.85664499530077,48.472657640323405,48.69530487060547,12910200
2023-04-27 00:00:00-04:00,48.65335456646613,49.027663207888196,48.65335456646613,48.846961975097656,12861000
2023-04-28 00:00:00-04:00,48.817921249546934,49.10187557654553,48.45974995052132,48.714664459228516,14088600
2023-05-01 00:00:00-04:00,48.73725997715523,49.22127671229973,48.701765219631056,48.914730072021484,11409600
2023-05-02 00:00:00-04:00,48.8760068275664,48.88245806928679,48.22742254477039,48.78242874145508,11329500
2023-05-03 00:00:00-04:00,48.90504195360464,49.07928824015491,48.488787346040546,48.60172653198242,12334500
2023-05-04 00:00:00-04:00,48.76368037851505,48.906198731112646,48.42034340673497,48.73776626586914,14011200
2023-05-05 00:00:00-04:00,48.682696569182795,49.23657128041633,48.530462758126525,49.158836364746094,14556000
2023-05-08 00:00:00-04:00,48.99689230729849,49.54105164334625,48.9288728536403,49.466552734375,14926200
2023-05-09 00:00:00-04:00,49.46654399154204,49.61554178315031,49.34346030982365,49.550758361816406,15209700
2023-05-10 00:00:00-04:00,49.78073483979411,49.99451236331769,48.98393242438315,49.41148376464844,15827700
2023-05-11 00:00:00-04:00,49.41148010561846,49.64469226917265,49.233335889322646,49.596107482910156,11926800
2023-05-12 00:00:00-04:00,49.75158256720892,49.90381638493574,49.46330615423041,49.57991409301758,16119300
2023-05-15 00:00:00-04:00,49.719197925859426,49.83256244255282,49.032520250257484,49.19447326660156,16113900
2023-05-16 00:00:00-04:00,48.86085130591851,49.081104588953956,48.44625514642493,48.51427459716797,15512100
2023-05-17 00:00:00-04:00,48.954788801774995,48.95802482277051,48.16770175695741,48.43330383300781,26985900
2023-05-18 00:00:00-04:00,49.16855726819414,49.975078884667916,48.56933743222086,49.06167221069336,46768500
2023-05-19 00:00:00-04:00,49.03899681181175,49.058431469168866,48.29725863879417,48.55638122558594,27594000
2023-05-22 00:00:00-04:00,48.488357898828724,48.61144158105502,48.031652754430674,48.128822326660156,16117800
2023-05-23 00:00:00-04:00,47.9409622428377,48.21627975663015,47.63973432403934,48.03813552856445,16302300
2023-05-24 00:00:00-04:00,48.10291541992012,48.11263089513663,47.387087657430214,47.81787872314453,20515200
2023-05-25 00:00:00-04:00,47.574951946558976,47.756339612725654,46.995166773867936,47.34174346923828,21299100
2023-05-26 00:00:00-04:00,47.1927407515474,47.55551233934107,47.118245563180636,47.42595291137695,15720900
2023-05-30 00:00:00-04:00,47.387083976097266,47.707750235058384,47.160351268580335,47.309349060058594,15742500
2023-05-31 00:00:00-04:00,47.10205220921817,47.71423095397743,46.96925303930855,47.57171630859375,30130800
2023-06-01 00:00:00-04:00,47.357941932791924,47.90533728596188,47.27048782057624,47.74662399291992,20239200
2023-06-02 00:00:00-04:00,47.68507820911378,48.26486335471415,47.64620889578255,48.20332336425781,19178100
2023-06-05 00:00:00-04:00,48.38147333014665,48.990412339754755,48.38147333014665,48.520751953125,15553200
2023-06-06 00:00:00-04:00,48.48836419059065,48.64707377113636,48.10291816519208,48.51427459716797,15015600
2023-06-07 00:00:00-04:00,48.3426054763794,48.702137383731895,48.27458602652303,48.585533142089844,24256500
2023-06-08 00:00:00-04:00,48.711857091118326,49.37262064551425,48.51751421509916,49.28840255737305,18873000
2023-06-09 00:00:00-04:00,49.285167322482124,49.79045732547583,49.10377964683018,49.586395263671875,15603900
2023-06-12 00:00:00-04:00,49.69651882804491,49.978315789460325,49.61230445370069,49.913536071777344,14713500
2023-06-13 00:00:00-04:00,50.04958005681393,50.37024265741446,49.90382197040689,50.302223205566406,15738900
2023-06-14 00:00:00-04:00,50.49980574440149,50.95974697564592,50.402632451334284,50.810752868652344,21103200
2023-06-15 00:00:00-04:00,50.85285397322476,51.25125517467863,50.84637822541412,51.08930587768555,18160500
2023-06-16 00:00:00-04:00,51.20267300574288,51.22534739119494,50.2957420690446,50.3767204284668,34675800
2023-06-20 00:00:00-04:00,50.10787251867444,50.35080015364769,49.84227050102401,49.93296432495117,19994400
2023-06-21 00:00:00-04:00,49.949165378351154,50.315176739224746,49.67384785252575,50.03014373779297,19251000
2023-06-22 00:00:00-04:00,50.19857565272511,50.55487156038344,50.03662263044566,50.44798278808594,13307400
2023-06-23 00:00:00-04:00,50.49008094159199,50.62288380953771,50.21152371044271,50.354042053222656,18975000
2023-06-26 00:00:00-04:00,50.41558397037936,50.45769301209478,49.98479290514681,50.22124481201172,14106300
2023-06-27 00:00:00-04:00,49.929723664853135,50.4803623454759,49.900573535371166,50.039852142333984,12093600
2023-06-28 00:00:00-04:00,50.11760017201158,50.42530757318575,50.08844633027502,50.31194305419922,18889800
2023-06-29 00:00:00-04:00,50.04633498912728,50.12406990860956,49.6025850288973,49.97183609008789,21530400
2023-06-30 00:00:00-04:00,50.1953317388785,51.02452402677456,50.133791745478305,50.91115951538086,19073100
2023-07-03 00:00:00-04:00,50.79131328975063,51.31927392160611,50.635839742686336,51.241539001464844,8647500
2023-07-05 00:00:00-04:00,51.228582013875204,51.539529097167,50.962979990187016,51.21238708496094,17585400
2023-07-06 00:00:00-04:00,51.154086998677634,51.235061649393785,50.810750031502856,50.888484954833984,14427000
2023-07-07 00:00:00-04:00,50.46741116025715,50.62288470783549,49.70299862463487,49.7159538269043,19774800
2023-07-10 00:00:00-04:00,50.06253443183772,50.36700209633023,49.984795798565216,50.16618347167969,12967800
2023-07-11 00:00:00-04:00,50.130551749064054,50.37023968015002,49.83579957288387,50.09168243408203,11460900
2023-07-12 00:00:00-04:00,50.30546023983881,50.49332365425554,50.14674695842997,50.2180061340332,16509900
2023-07-13 00:00:00-04:00,50.34432768893059,50.399391932290385,49.78073375978914,49.92325210571289,11859600
2023-07-14 00:00:00-04:00,49.92001670646548,50.09816465431547,49.74510848617315,50.09492492675781,10427400
2023-07-17 00:00:00-04:00,50.0107055517598,50.19856895674684,49.82284214677276,50.156463623046875,10135200
2023-07-18 00:00:00-04:00,50.09815905394819,50.418821617449865,49.83579675283862,50.06576919555664,13437300
2023-07-19 00:00:00-04:00,50.140266665187376,50.26982981142175,49.80016942984266,50.081966400146484,12372900
2023-07-20 00:00:00-04:00,50.18237870266829,51.031005684798586,50.17265952006006,51.008331298828125,14987700
2023-07-21 00:00:00-04:00,51.14437043056933,51.429407146509796,50.995376324279974,51.296607971191406,16960500
2023-07-24 00:00:00-04:00,51.322518009460055,51.65613951591753,51.03424527482131,51.597835540771484,12529800
2023-07-25 00:00:00-04:00,51.973560944535784,51.989755873786656,51.26744868478368,51.55572509765625,15553800
2023-07-26 00:00:00-04:00,51.578407128791746,52.04806385348418,51.48123383209705,51.7403564453125,15094200
2023-07-27 00:00:00-04:00,51.85047831345306,52.03186226611079,51.54276723786038,51.552486419677734,13400400
2023-07-28 00:00:00-04:00,51.5945991617284,52.129039289785176,51.5945991617284,51.79541778564453,11020200
2023-07-31 00:00:00-04:00,51.81161044111672,52.031863713607635,51.47151320368354,51.77922058105469,13033200
2023-08-01 00:00:00-04:00,51.80837082029119,51.97032382771624,51.48770823959221,51.536293029785156,11782500
2023-08-02 00:00:00-04:00,51.34843310146409,51.963847899233826,51.34843310146409,51.57192611694336,12660000
2023-08-03 00:00:00-04:00,51.50714209242213,51.66261564268002,51.341949360208346,51.584877014160156,13202700
2023-08-04 00:00:00-04:00,51.74682920353088,51.905542478606094,51.16380061916589,51.28688430786133,14262000
2023-08-07 00:00:00-04:00,51.66261380291681,52.216488537660304,51.53629038946147,51.9832763671875,14268900
2023-08-08 00:00:00-04:00,52.14523133261174,52.34928967273153,51.6658517715583,52.03510284423828,11017500
2023-08-09 00:00:00-04:00,52.119319915771484,52.504765938227365,52.054540193040694,52.119319915771484,13209600
2023-08-10 00:00:00-04:00,52.26559760630739,52.57765012434578,52.01855509953714,52.09331512451172,15169500
2023-08-11 00:00:00-04:00,52.18757850615526,52.60364849743383,52.04130599232341,52.39886474609375,14195100
2023-08-14 00:00:00-04:00,52.65891176841048,52.91245304014293,51.742257976812425,52.0088005065918,20813700
2023-08-15 00:00:00-04:00,51.859278746117866,52.26559876547414,51.65774249877367,51.74225997924805,14559300
2023-08-16 00:00:00-04:00,51.96979347719794,52.324104731850625,51.478963431892645,51.76826095581055,26980800
2023-08-17 00:00:00-04:00,52.30134859622613,52.379363583417856,50.39002604954091,50.60781478881836,53614200
2023-08-18 00:00:00-04:00,50.484293726445884,51.90153127940189,50.484293726445884,51.3359375,27954900
2023-08-21 00:00:00-04:00,51.23842088965594,51.631739647919666,51.04664209739316,51.19941711425781,15679200
2023-08-22 00:00:00-04:00,51.023886864153944,51.134406860492156,50.78659808844133,51.036888122558594,16670700
2023-08-23 00:00:00-04:00,50.90686593992918,51.48871221842888,50.87435721535684,51.391197204589844,14210400
2023-08-24 00:00:00-04:00,51.40094394105457,51.75850640892087,50.97512394381998,50.99787521362305,14033100
2023-08-25 00:00:00-04:00,51.0921397329754,51.37168720255941,50.88410475281603,51.300174713134766,12267000
2023-08-28 00:00:00-04:00,51.31317637464385,51.62848009143025,51.31317637464385,51.59272384643555,11871000
2023-08-29 00:00:00-04:00,51.6837448558788,52.08356235596553,51.63823859438995,52.02505111694336,12702300
2023-08-30 00:00:00-04:00,52.13882100154464,52.42811850486829,51.98279475481518,52.39886474609375,10967700
2023-08-31 00:00:00-04:00,52.372861755838684,52.980714235697654,52.32084928744222,52.85719299316406,19582800
2023-09-01 00:00:00-04:00,52.94171084494989,52.970964605724504,52.0575583330743,52.51913833618164,12553500
2023-09-05 00:00:00-04:00,52.61015014412489,52.91895138834295,52.06730767357837,52.096561431884766,15209400
2023-09-06 00:00:00-04:00,52.138824536369185,52.714172057682916,51.97954703454208,52.48663330078125,14594700
2023-09-07 00:00:00-04:00,52.65890159824539,53.139981532704056,52.49312536027552,53.13673400878906,19120800
2023-09-08 00:00:00-04:00,53.139989258137525,53.26351050358323,53.006717999612064,53.234256744384766,12667200
2023-09-11 00:00:00-04:00,53.30902412965617,53.465050389315365,53.19850413407945,53.41954040527344,11912100
2023-09-12 00:00:00-04:00,53.47154774296847,53.6113214960438,53.32202397640481,53.478050231933594,11757300
2023-09-13 00:00:00-04:00,53.611320724623575,53.91037197340717,53.42929195577224,53.491050720214844,14364300
2023-09-14 00:00:00-04:00,53.6340771473774,53.874617162615635,53.44229464009943,53.71533966064453,14923800
2023-09-15 00:00:00-04:00,53.70233551976157,53.84861175574967,53.23425677254251,53.51705551147461,63925200
2023-09-18 00:00:00-04:00,53.53005845482531,53.69908596665476,53.065230937314645,53.120487213134766,12997800
2023-09-19 00:00:00-04:00,53.107479095458984,53.237502816966156,52.77267535949674,53.107479095458984,14019600
2023-09-20 00:00:00-04:00,53.17899601448014,53.53980601278539,52.97096101870496,53.279762268066406,10120800
2023-09-21 00:00:00-04:00,53.393535286467504,53.47154655251543,52.590649035279874,52.632904052734375,18782400
2023-09-22 00:00:00-04:00,52.733674696444574,53.058728462346416,52.632904718251204,52.772682189941406,13215000
2023-09-25 00:00:00-04:00,52.7791827367981,53.019722754865825,52.61665770835204,53.00672149658203,10459500
2023-09-26 00:00:00-04:00,52.96445910687691,53.159492847529826,52.77268033051993,52.82143783569336,14435700
2023-09-27 00:00:00-04:00,52.65890258291005,52.73366631356751,52.10305890879825,52.56788635253906,15711000
2023-09-28 00:00:00-04:00,52.658908331938086,52.928705808571685,52.52563707574556,52.83443832397461,11617200
2023-09-29 00:00:00-04:00,52.99371969802983,53.02622470338765,51.74550591652476,51.98604965209961,18842400
2023-10-02 00:00:00-04:00,51.843020561007194,52.09656181476391,51.459455576121485,52.04130554199219,12992700
2023-10-03 00:00:00-04:00,51.90802734644104,52.25258481861727,51.5797223746528,51.71299362182617,11253300
2023-10-04 00:00:00-04:00,51.89502969442124,52.350107176809765,51.68699469903896,52.33385467529297,15755700
2023-10-05 00:00:00-04:00,52.15507873860404,52.320855014913214,51.68374870680256,51.709754943847656,14269500
2023-10-06 00:00:00-04:00,51.56998051099695,51.680500515038034,49.294596453379825,50.84185791015625,42616200
2023-10-09 00:00:00-04:00,50.40952794415266,50.6598216789104,49.81792795287001,50.65657043457031,21022500
2023-10-10 00:00:00-04:00,50.783344443911005,51.3846944662513,50.59806071057318,51.228668212890625,16014300
2023-10-11 00:00:00-04:00,51.44320633963341,51.84302385129028,51.04664007245397,51.43345260620117,12026100
2023-10-12 00:00:00-04:00,51.53097321419904,51.78451449326488,51.283930704364934,51.66749572753906,13514100
2023-10-13 00:00:00-04:00,51.768253276138026,52.158320722843655,51.65123453010988,51.95353698730469,13809000
2023-10-16 00:00:00-04:00,52.184329943134244,52.684917432076176,52.11281744471397,52.40211868286133,14348100
2023-10-17 00:00:00-04:00,52.24934261596833,52.564642643591554,52.13557138170614,52.47037887573242,10893000
2023-10-18 00:00:00-04:00,52.61990424324347,52.77593049959271,52.242841720389315,52.5093879699707,10559100
2023-10-19 00:00:00-04:00,52.47362790545164,52.60039667204697,52.08030918869427,52.259090423583984,11745900
2023-10-20 00:00:00-04:00,52.278602084742055,52.366367093343825,51.589483274990464,51.605735778808594,15056700
2023-10-23 00:00:00-04:00,51.59598101951827,52.447624789130415,51.36519102257364,52.33710479736328,17097000
2023-10-24 00:00:00-04:00,52.463877574155,53.13999134634931,52.46062632968091,53.06523132324219,17535000
2023-10-25 00:00:00-04:00,53.035976293606936,53.416293795501744,52.811688774003045,52.90595626831055,16621800
2023-10-26 00:00:00-04:00,52.88969447931555,53.26025818227762,52.532132032608594,52.58414077758789,16220100
2023-10-27 00:00:00-04:00,52.48987671576859,52.64915419383744,52.187574259845356,52.38910675048828,13829700
2023-10-30 00:00:00-04:00,52.48338459545798,53.06848215867877,52.26559956157854,52.99047088623047,12653700
2023-10-31 00:00:00-04:00,52.98396591995525,53.18550216094771,52.64265964402528,53.11724090576172,14168400
2023-11-01 00:00:00-04:00,53.37727847424934,53.75759220042656,52.97746100314521,53.59181594848633,14899500
2023-11-02 00:00:00-04:00,53.432536857592524,54.020889312933285,53.188745616305404,53.8031005859375,15492300
2023-11-03 00:00:00-04:00,53.9201258609069,54.056652097303925,53.471550815481116,53.5235595703125,17240100
2023-11-06 00:00:00-05:00,53.47154102076603,53.83885348197222,53.33176728526242,53.595062255859375,14529000
2023-11-07 00:00:00-05:00,53.884367293990415,54.15741229628233,53.74134230423402,53.845359802246094,15023400
2023-11-08 00:00:00-05:00,53.907116008049286,54.05014099102375,53.17249478814761,53.406532287597656,15591900
2023-11-09 00:00:00-05:00,53.42928862094245,53.478046124558,53.06522738600363,53.28301239013672,15080100
2023-11-10 00:00:00-05:00,53.487793042953996,54.10214796885407,53.27650681955074,54.0208854675293,14319900
2023-11-13 00:00:00-05:00,54.0826498299525,54.566984803931945,53.97538108511059,54.50522232055664,15408900
2023-11-14 00:00:00-05:00,54.6644993664768,54.98305063404414,54.36544812512116,54.49546813964844,19792500
2023-11-15 00:00:00-05:00,54.73275443927226,55.239840622593555,54.44995573165791,55.18783187866211,35769900
2023-11-16 00:00:00-05:00,51.60248560563135,51.830024367366924,50.546054311873505,50.72158432006836,97658700
2023-11-17 00:00:00-05:00,50.69232912990914,51.20916540616042,50.38677538649488,50.49729537963867,42487800
2023-11-20 00:00:00-05:00,50.55905976030327,50.71183477775716,50.38677727513583,50.48104476928711,26663100
2023-11-21 00:00:00-05:00,50.53304695058242,50.98487317489764,50.100724471484426,50.66307067871094,29382300
2023-11-22 00:00:00-05:00,50.617562816958326,50.72483156016008,50.18198907544647,50.2762565612793,26416500
2023-11-24 00:00:00-05:00,50.43228835149311,50.75083965181215,50.2860121001514,50.72808837890625,13975200
2023-11-27 00:00:00-05:00,50.69232750793952,51.15065624841637,50.69232750793952,50.9588737487793,23393700
2023-11-28 00:00:00-05:00,50.92311792783979,51.657739208583656,50.92311792783979,51.56672668457031,23535000
2023-11-29 00:00:00-05:00,51.608979807390675,51.608979807390675,50.58180608587777,50.73458480834961,29896500
2023-11-30 00:00:00-05:00,50.71508353622731,50.82235228363626,50.224249781697495,50.60781478881836,29925900
2023-12-01 00:00:00-05:00,50.50703844144996,50.58180217475446,49.613139765680984,50.168983459472656,39273600
2023-12-04 00:00:00-05:00,49.83742800871624,50.36076670994305,49.83417676461689,50.155982971191406,24883200
2023-12-05 00:00:00-05:00,50.20474148828461,50.65981895246563,49.973951512029,50.620811462402344,21883800
2023-12-06 00:00:00-05:00,50.5623021770156,50.65331841735324,49.944699680354155,50.07147216796875,26447400
2023-12-07 00:00:00-05:00,50.35858007001483,50.420568206145056,49.66690194509086,49.741943359375,25362600
2023-12-08 00:00:00-05:00,49.59186495000549,49.66037972615963,49.017643917878964,49.21992492675781,34069500
2023-12-11 00:00:00-05:00,49.31128067333193,49.41242118078049,48.78926153768579,49.34390640258789,31883400
2023-12-12 00:00:00-05:00,49.33738144578582,49.49398719182041,49.014383728116265,49.383060455322266,21381900
2023-12-13 00:00:00-05:00,49.44504581123099,50.26070022583008,49.14814720106919,50.26070022583008,35348700
2023-12-14 00:00:00-05:00,50.0877822311498,50.22481178614989,49.569026420427946,49.6473274230957,30891300
2023-12-15 00:00:00-05:00,49.52009005189564,50.06820829652206,49.44178531193444,49.83330154418945,70003500
2023-12-18 00:00:00-05:00,50.0323214513864,50.593489224268176,49.960539619431565,50.56086349487305,26316000
2023-12-19 00:00:00-05:00,50.51845171448394,50.79577414907483,50.273755009400745,50.74357223510742,24417000
2023-12-20 00:00:00-05:00,50.70768852102459,50.94259529170558,50.120417860546326,50.1497802734375,21967800
2023-12-21 00:00:00-05:00,50.24438823009629,50.59022917280804,50.21502582066595,50.50539779663086,20087700
2023-12-22 00:00:00-05:00,50.717473462657736,51.27211837614576,50.62285958628251,51.10898971557617,19405500
2023-12-26 00:00:00-05:00,51.108986349043484,51.219916817944416,50.932804420212804,51.03068161010742,11679900
2023-12-27 00:00:00-05:00,50.998055322615684,51.533127742761295,50.94911672820339,51.51028823852539,19896000
2023-12-28 00:00:00-05:00,51.47439681142682,51.65710536932331,51.38630585204373,51.40914535522461,16776000
2023-12-29 00:00:00-05:00,51.39609314587032,51.57553838793365,51.27537645587553,51.435245513916016,21948300
2024-01-02 00:00:00-05:00,51.30474251992389,52.05188216239987,51.28516633593114,51.97031784057617,23539800
2024-01-03 00:00:00-05:00,52.12692173894273,52.29984033537106,51.852858906492465,51.973575592041016,18756000
2024-01-04 00:00:00-05:00,51.94421471718558,52.051881861635934,51.3830432252203,51.471134185791016,19282500
2024-01-05 00:00:00-05:00,51.523338743389665,51.58206729804367,50.76641284131848,51.128562927246094,21709500
2024-01-08 00:00:00-05:00,51.12530184021,51.644057694094535,51.11877520037158,51.63100814819336,20680800
2024-01-09 00:00:00-05:00,51.52659994042806,51.98663093182715,51.46134848268433,51.97684097290039,23322300
2024-01-10 00:00:00-05:00,52.05841356335679,52.691359479398834,52.05841356335679,52.62284469604492,20121900
2024-01-11 00:00:00-05:00,52.642414616982705,52.81859653429025,52.25742505453661,52.56411361694336,14355300
2024-01-12 00:00:00-05:00,52.64894607463702,52.70441131053612,52.32594461875278,52.632633209228516,13629000
2024-01-16 00:00:00-05:00,52.67178314890343,52.984994653025254,52.60326836573776,52.79902648925781,17032500
2024-01-17 00:00:00-05:00,52.65220404678525,52.85122547919911,52.407507339382775,52.551063537597656,14827800
2024-01-18 00:00:00-05:00,52.58042741781827,53.30799086922988,52.42382168117372,53.25905227661133,18190500
2024-01-19 00:00:00-05:00,53.32104375218601,53.36672276184344,52.67178126155973,52.97846984863281,19175400
2024-01-22 00:00:00-05:00,53.112230508201975,53.16443241819873,52.69135190877032,52.981727600097656,13938300
2024-01-23 00:00:00-05:00,52.89364418812149,53.13181426964842,52.779450393467016,53.115501403808594,12066600
2024-01-24 00:00:00-05:00,53.14812578768012,53.20359102363925,52.306368490098976,52.36509704589844,22932900
2024-01-25 00:00:00-05:00,52.658730440490054,53.13833762762169,52.33899231573563,53.12854766845703,16369500
2024-01-26 00:00:00-05:00,53.19705378994434,53.6309818979054,53.06981421171485,53.595096588134766,15746400
2024-01-29 00:00:00-05:00,53.62120439895507,53.96704161391981,53.350408602481885,53.8463249206543,18240300
2024-01-30 00:00:00-05:00,53.73539251495343,54.097542556526186,53.383028697736684,54.02576446533203,15270000
2024-01-31 00:00:00-05:00,54.74681562873716,54.74681562873716,53.869169234087835,53.91484451293945,26134800
2024-02-01 00:00:00-05:00,54.061656922261136,54.926253656749694,53.892001641701405,54.91320037841797,20792700
2024-02-02 00:00:00-05:00,54.860996939523254,55.65381555622264,54.78595552630547,55.32429122924805,21670800
2024-02-05 00:00:00-05:00,55.46784055480794,55.46784055480794,54.8348947587155,55.02738952636719,19145100
2024-02-06 00:00:00-05:00,55.06981164556316,55.448278345915234,54.92299585356269,55.4025993347168,14181300
2024-02-07 00:00:00-05:00,55.55268194378362,55.6799215495536,55.2035813903391,55.262306213378906,17082600
2024-02-08 00:00:00-05:00,55.262300418298885,55.644026663130376,55.183999417864975,55.25904083251953,14427900
2024-02-09 00:00:00-05:00,55.26556434091036,55.376494804325375,55.11222192414862,55.22967529296875,14329800
2024-02-12 00:00:00-05:00,55.213361339270655,55.58203803640695,55.15463278913184,55.562461853027344,14795100
2024-02-13 00:00:00-05:00,55.66686484482016,55.8136843510895,54.900149053802856,55.183998107910156,18574200
2024-02-14 00:00:00-05:00,55.05676254181828,55.09917449967096,54.66198670629385,55.0078239440918,18484500
2024-02-15 00:00:00-05:00,55.39933264138505,55.415649239944955,54.802275816231905,55.232940673828125,16948800
2024-02-16 00:00:00-05:00,55.55920318927247,56.09427562308601,55.23294215108105,55.5820426940918,22373400
2024-02-20 00:00:00-05:00,58.23128687680869,59.167661705410225,57.17093577447113,57.37648010253906,71788500
2024-02-21 00:00:00-05:00,57.09589494943853,57.285130149126324,56.37811771979523,56.671756744384766,40501500
2024-02-22 00:00:00-05:00,56.73048806625965,57.24924766440682,56.544519898637525,57.229671478271484,29512800
2024-02-23 00:00:00-05:00,57.45152119898359,57.960490770739,57.19703827999351,57.278602600097656,74365800
2024-02-26 00:00:00-05:00,57.86587613076052,58.57060384056996,56.94581785811243,58.335693359375,32154800
2024-02-27 00:00:00-05:00,58.374847256734284,58.531453003705565,57.96375857110049,58.32590866088867,18012700
2024-02-28 00:00:00-05:00,58.28675560560853,58.492299946009496,58.05184885480043,58.35527038574219,14803300
2024-02-29 00:00:00-05:00,58.18887647197711,58.22802884039621,57.34711921984318,57.366695404052734,29245100
2024-03-01 00:00:00-05:00,57.55266402645577,57.60160262049424,56.96539343044337,57.513511657714844,19030900
2024-03-04 00:00:00-05:00,57.25902833676817,58.13014799953033,57.16115114936076,58.042057037353516,16033300
2024-03-05 00:00:00-05:00,58.59996553655005,59.059996534156625,58.31612019802455,58.766361236572266,19676900
2024-03-06 00:00:00-05:00,58.8446632819652,59.334056697861925,58.76636227698496,59.285118103027344,12698700
2024-03-07 00:00:00-05:00,59.70599756860451,59.77451234907956,59.06978462559278,59.07957458496094,16195300
2024-03-08 00:00:00-05:00,58.72720834142074,59.00126745220593,58.46293545583131,58.844661712646484,12143600
2024-03-11 00:00:00-04:00,58.82508514055406,59.42214568549187,58.59996462478289,59.373207092285156,14154000
2024-03-12 00:00:00-04:00,59.65705875357236,60.26390555002214,59.36342344779185,60.1072998046875,16613100
2024-03-13 00:00:00-04:00,59.96047676425872,60.15623486787672,59.588540474537325,59.98005294799805,15935200
2024-03-14 00:00:00-04:00,60.18433141321441,60.34147051299467,59.516489302525386,59.92898178100586,16584700
2024-03-15 00:00:00-04:00,59.59506607055664,60.056663856650516,59.37899838404597,59.59506607055664,50946300
2024-03-18 00:00:00-04:00,59.604884358897394,59.81113248549642,59.31024899495982,59.771846771240234,16801700
2024-03-19 00:00:00-04:00,59.87988390774501,59.97809445229867,59.51649665061378,59.78166961669922,12353600
2024-03-20 00:00:00-04:00,59.75220748005739,60.18433912318884,59.65399693504774,60.154876708984375,12007600
2024-03-21 00:00:00-04:00,60.184336869832926,60.55754367058224,59.95844962757444,60.35129928588867,14265900
2024-03-22 00:00:00-04:00,60.223624560174954,60.42986895163292,59.762026758490066,59.78166961669922,14029400
2024-03-25 00:00:00-04:00,59.78166922220297,59.899526370680185,59.28078945389717,59.48703384399414,14186600
2024-03-26 00:00:00-04:00,59.37900294094533,59.74239021369,59.15311568157263,59.42810821533203,13738300
2024-03-27 00:00:00-04:00,59.781665630004404,59.958447595605534,59.300428748695005,59.63434982299805,14363400
2024-03-28 00:00:00-04:00,59.575425537908,59.683459385379294,59.08436531957823,59.09418487548828,17535100
2024-04-01 00:00:00-04:00,59.23168187419894,59.673633051047126,58.85847507821261,58.927223205566406,13837600
2024-04-02 00:00:00-04:00,58.82900838317094,59.025429449031265,57.82724521201821,58.102237701416016,19510100
2024-04-03 00:00:00-04:00,58.318307299048996,58.43616069176257,57.886171948279525,58.36741256713867,14615100
2024-04-04 00:00:00-04:00,58.47544675456319,58.74061969962356,58.22991666615454,58.436161041259766,14436100
2024-04-05 00:00:00-04:00,58.485268046324215,58.9665086823517,58.426343221111175,58.779903411865234,10335900
2024-04-08 00:00:00-04:00,58.534380576588184,58.966515996374895,58.357598586037696,58.71116256713867,11070100
2024-04-09 00:00:00-04:00,58.79954546457616,58.897759749407314,58.23973715376021,58.720977783203125,10013500
2024-04-10 00:00:00-04:00,58.55401999499726,59.6736367050214,58.32813274178996,59.53614044189453,15097600
2024-04-11 00:00:00-04:00,59.6638167109387,59.80131297305602,58.995974512232685,59.01561737060547,10987600
2024-04-12 00:00:00-04:00,58.92722770330358,59.63435563462074,58.87812242951594,59.06472396850586,12280600
2024-04-15 00:00:00-04:00,59.428102604233985,59.614707874373735,58.838831874246814,58.85847473144531,10557200
2024-04-16 00:00:00-04:00,58.95668590676374,59.212039306606115,58.71115580887251,58.770084381103516,14726300
2024-04-17 00:00:00-04:00,59.07454486048018,59.34953737966301,58.504913217610486,58.5834846496582,15329700
2024-04-18 00:00:00-04:00,58.76026294930543,58.868293041874686,58.16116893014246,58.2004508972168,12061500
2024-04-19 00:00:00-04:00,58.38705807972026,58.603122018442015,57.9156407409292,58.46562576293945,14165800
2024-04-22 00:00:00-04:00,58.49509604888323,59.32007738658916,57.984392959208854,59.06472396850586,14910000
2024-04-23 00:00:00-04:00,59.17275252582474,59.27096306461524,57.51297044271711,58.03349304199219,17963900
2024-04-24 00:00:00-04:00,57.92545876141771,58.96650769855181,57.758500097443715,58.79954528808594,18529100
2024-04-25 00:00:00-04:00,58.9763295131434,59.447746857502274,58.76026557186976,59.13346862792969,19263000
2024-04-26 00:00:00-04:00,59.03525294870185,59.31024543902421,58.92721911422045,59.08435821533203,11045200
2024-04-29 00:00:00-04:00,59.10400477806237,59.310249158739,58.86829423836626,59.162933349609375,9785100
2024-04-30 00:00:00-04:00,59.123645792576376,59.22185632893526,58.10223972987998,58.288841247558594,14209200
2024-05-01 00:00:00-04:00,58.2495611203453,58.34777165980553,57.67010994594931,57.79778289794922,15464300
2024-05-02 00:00:00-04:00,57.886177093744465,58.819192256350625,57.53261688417599,58.64241027832031,17574100
2024-05-03 00:00:00-04:00,58.55401767399095,58.9075816202979,58.0826003277457,58.75044250488281,14207400
2024-05-06 00:00:00-04:00,58.927221984737265,58.927221984737265,58.32812796178707,58.79954528808594,11119400
2024-05-07 00:00:00-04:00,59.094185491492325,59.712922422055414,58.976332086882465,59.53614044189453,14520200
2024-05-08 00:00:00-04:00,59.54596050644001,59.76202444539371,59.14329129496795,59.221858978271484,11015700
2024-05-09 00:00:00-04:00,59.32829287389182,59.70279145156312,59.081912923219065,59.564815521240234,14550500
2024-05-10 00:00:00-04:00,59.535250518060906,59.702790837714815,59.288870569921365,59.6042366027832,12356600
2024-05-13 00:00:00-04:00,59.74221370337824,60.46164276019256,59.41699409990928,59.535255432128906,19260500
2024-05-14 00:00:00-04:00,59.64366040395171,59.673224795745874,58.57929718584456,58.99321746826172,18780100
2024-05-15 00:00:00-04:00,58.96365737915039,59.072061410126,58.60886961389185,58.96365737915039,22240600
2024-05-16 00:00:00-04:00,63.29008815619087,63.48718912543122,62.02862014818458,63.0831298828125,60545600
2024-05-17 00:00:00-04:00,63.30979281209791,63.9405249121275,62.70862886388586,63.71385955810547,29330400
2024-05-20 00:00:00-04:00,63.48719024305765,63.82227091936902,62.9451550491847,63.250667572021484,15001400
2024-05-21 00:00:00-04:00,63.59560181013262,64.24604859275682,63.516758408798665,64.20662689208984,17131700
2024-05-22 00:00:00-04:00,64.03908870703188,64.73880695885626,63.79270872319567,64.30517578125,14879400
2024-05-23 00:00:00-04:00,64.22631966279309,64.57125006807125,63.62515201977162,63.90109634399414,16222900
2024-05-24 00:00:00-04:00,64.18690859838122,64.738804857123,64.06865102208812,64.43328857421875,11795000
2024-05-28 00:00:00-04:00,64.27561472352481,64.52199472015351,63.80256182167254,64.09822082519531,13349600
2024-05-29 00:00:00-04:00,63.812409568403304,64.2657477920243,63.713859088297816,63.97994613647461,11538600
2024-05-30 00:00:00-04:00,63.989811562890786,64.22633424895159,63.83212475956984,63.95038986206055,13051900
2024-05-31 00:00:00-04:00,63.73356452774056,64.94575720654149,63.23095483653092,64.80778503417969,27632200
2024-06-03 00:00:00-04:00,64.56141929721474,64.88663519286877,64.21648879035676,64.86692810058594,11578700
2024-06-04 00:00:00-04:00,65.0344524107371,65.67504181322421,64.87677314550996,65.6356201171875,14780800
2024-06-05 00:00:00-04:00,65.60605563411417,66.17765894747608,65.32025397743323,66.11852264404297,14982700
2024-06-06 00:00:00-04:00,66.08894976735765,66.4634520716502,65.80314814736761,66.17765045166016,13256000
2024-06-07 00:00:00-04:00,66.42404273679522,66.59157931518631,64.68952560820233,64.9260482788086,20213200
2024-06-10 00:00:00-04:00,66.21708273038568,66.35505491121182,65.31039873205974,65.99040985107422,21659500
2024-06-11 00:00:00-04:00,65.9805485828802,65.9904058863241,65.38923819787742,65.76374053955078,13367500
2024-06-12 00:00:00-04:00,65.88199696159288,65.9706976532093,64.94575616150006,65.34981536865234,11704700
2024-06-13 00:00:00-04:00,65.33997467700559,65.79331294468899,64.99503668473045,65.73417663574219,11196600
2024-06-14 00:00:00-04:00,65.5764999115989,66.13824599550269,65.33997722335539,66.04954528808594,12590100
2024-06-17 00:00:00-04:00,65.9509809615371,66.46345545064884,65.4483712943056,66.44374084472656,12103000
2024-06-18 00:00:00-04:00,66.65070391847176,66.88723409314771,66.32548808640175,66.62113952636719,12093500
2024-06-20 00:00:00-04:00,66.37475325006028,67.14345744730048,66.32548177421502,67.02519989013672,13860800
2024-06-21 00:00:00-04:00,67.271589084435,67.55739075177938,66.84781523546506,66.9266586303711,25883000
2024-06-24 00:00:00-04:00,67.06463047221392,68.04029304274293,66.91680098724409,67.9023208618164,12470400
2024-06-25 00:00:00-04:00,66.19736090313182,66.61127740047039,65.58634346008513,66.44374084472656,20869200
2024-06-26 00:00:00-04:00,66.42404297801676,67.60666385426292,66.23679179035838,67.30115509033203,14177500
2024-06-27 00:00:00-04:00,67.30115385916106,67.58695552812495,66.69012882355688,66.89708709716797,12899200
2024-06-28 00:00:00-04:00,66.88724001974552,67.11390539191092,66.34520105340158,66.72955322265625,18816700
2024-07-01 00:00:00-04:00,66.90693547087935,67.25186588085806,66.27620343008427,66.50287628173828,8666000
2024-07-02 00:00:00-04:00,66.46346809244062,67.09420026137904,66.28607419999416,67.08434295654297,9436500
2024-07-03 00:00:00-04:00,66.82809538592694,67.26172650498029,66.64085173636069,67.25186920166016,6287500
2024-07-05 00:00:00-04:00,67.17303565613271,69.13421802521361,67.11389935308509,69.02581024169922,21586100
2024-07-08 00:00:00-04:00,68.8878360685542,69.12435871712721,68.34579716669995,68.6710205078125,12077700
2024-07-09 00:00:00-04:00,68.88783264160156,69.23276305338622,68.66115978876076,68.88783264160156,9758400
2024-07-10 00:00:00-04:00,69.08493328716365,69.42001391353395,68.7104384872618,69.39044952392578,10803400
2024-07-11 00:00:00-04:00,69.16378623350927,69.42987329568662,68.25710973856117,68.78929138183594,15624800
2024-07-12 00:00:00-04:00,68.88784298779167,69.01595786886196,68.1684101475165,68.23739624023438,12145300
2024-07-15 00:00:00-04:00,68.29652678319852,68.95682326047128,68.29652678319852,68.60203552246094,10171100
2024-07-16 00:00:00-04:00,68.80900302384542,69.22291960080453,68.57248033971459,68.9765396118164,9836800
2024-07-17 00:00:00-04:00,69.16379719580912,70.07047383446334,68.93712427668494,70.0014877319336,13533800
2024-07-18 00:00:00-04:00,69.656545335569,70.15916257906346,69.41016536586466,69.79451751708984,10682700
2024-07-19 00:00:00-04:00,70.16899812082816,70.29712049117602,69.62696680885594,69.72551727294922,11665500
2024-07-22 00:00:00-04:00,69.83393846519849,70.22814791627958,69.21306365501668,69.36088562011719,12666100
2024-07-23 00:00:00-04:00,69.44958975675432,69.67625512707791,69.09480198510671,69.62698364257812,9263600
2024-07-24 00:00:00-04:00,69.49886198455357,69.81422806062207,69.32146809683252,69.57770538330078,22490800
2024-07-25 00:00:00-04:00,69.57770689054426,69.74524347732113,68.93711741995685,69.006103515625,18821200
2024-07-26 00:00:00-04:00,69.21307316878317,69.22292295519719,67.83334365980689,68.76958465576172,16789300
2024-07-29 00:00:00-04:00,68.83856570321218,68.8878447073494,68.12899014959025,68.61190032958984,10315300
2024-07-30 00:00:00-04:00,68.54290571365955,68.83855714496536,67.98115972336713,68.18811798095703,12522500
2024-07-31 00:00:00-04:00,68.17826931294361,68.24725540754461,67.30115717347942,67.64608764648438,22908800
2024-08-01 00:00:00-04:00,67.91217940545913,68.7892915083248,67.52781972995386,68.77943420410156,17275500
2024-08-02 00:00:00-04:00,68.5921810079184,69.22291311915609,66.75911345997137,67.46868896484375,23578700
2024-08-05 00:00:00-04:00,67.11390725908224,67.58696014459048,65.94114362851487,66.61128997802734,20770500
2024-08-06 00:00:00-04:00,66.85765997380366,67.63622152216006,66.69998071481419,66.75910949707031,14815100
2024-08-07 00:00:00-04:00,66.88723741005275,67.02520959266253,65.84258121739582,65.9411392211914,18499200
2024-08-08 00:00:00-04:00,65.87214148877918,66.93650470423682,65.70460492308294,66.6802749633789,12489800
2024-08-09 00:00:00-04:00,66.86752921758271,67.23217431742154,66.35506213570724,66.96607971191406,13805600
2024-08-12 00:00:00-04:00,67.35042009219465,68.21768233563354,67.0843330522701,67.70520782470703,17385300
2024-08-13 00:00:00-04:00,67.43912975354678,67.61652364339467,66.16780812945697,67.14347076416016,26557900
2024-08-14 00:00:00-04:00,66.93651184014047,67.79391688604004,66.86752574579823,67.66580200195312,22928600
2024-08-15 00:00:00-04:00,73.04673717479545,73.36210323979358,71.72613660835827,72.12034606933594,49567500
2024-08-16 00:00:00-04:00,71.85151146807597,72.75089442968178,71.67361195590952,72.59275817871094,19872100
2024-08-19 00:00:00-04:00,72.53346114755024,73.11657914991957,72.4840416838345,72.85961151123047,13709300
2024-08-20 00:00:00-04:00,72.88927068557182,73.87759977961346,72.85962201920698,73.67005157470703,14434000
2024-08-21 00:00:00-04:00,74.4211746778267,74.69790558379104,73.7194544715364,74.36186981201172,14832000
2024-08-22 00:00:00-04:00,74.49036592033421,75.33044413529589,74.27293231497536,74.69791412353516,16511100
2024-08-23 00:00:00-04:00,74.71767403604046,74.92522222993185,74.13456352087213,74.8165054321289,12299100
2024-08-26 00:00:00-04:00,75.0141667441209,75.32054629725823,74.68801638993202,75.14264678955078,9508200
2024-08-27 00:00:00-04:00,75.55775058056315,75.55775058056315,74.8856865451916,75.24148559570312,11557800
2024-08-28 00:00:00-04:00,75.38974043505473,75.53799130398293,74.9252245645775,75.19207763671875,9814300
2024-08-29 00:00:00-04:00,75.10312488228251,75.5775261597286,74.78685987743594,75.52810668945312,11856800
2024-08-30 00:00:00-04:00,75.547870619104,76.56584827518535,75.33043703424161,76.32865142822266,23230000
2024-09-03 00:00:00-04:00,76.427492051237,76.90188580246523,75.90367882826084,76.26935577392578,22666100
2024-09-04 00:00:00-04:00,76.42748502704094,76.5757358883068,75.83448912232959,76.33853149414062,18442800
2024-09-05 00:00:00-04:00,76.34841440738212,76.54607718905987,75.49845087353458,76.06179809570312,13082900
2024-09-06 00:00:00-04:00,76.00249680988033,76.41759315399001,75.40950095538773,75.74552917480469,14548600
2024-09-09 00:00:00-04:00,75.95308356313531,76.56585026912785,75.59728451324958,76.43736267089844,22260200
2024-09-10 00:00:00-04:00,76.44725344905154,77.97916655159901,76.37807071450536,77.89021301269531,17686300
2024-09-11 00:00:00-04:00,77.46522278421942,77.99892133858093,76.66467872285303,77.91985321044922,19518800
2024-09-12 00:00:00-04:00,78.0681071005197,78.97737552867898,77.70243018931026,78.73029327392578,14877700
2024-09-13 00:00:00-04:00,78.88842159217396,79.74827054884042,78.75994153488668,79.65931701660156,12994100
2024-09-16 00:00:00-04:00,79.89651240652711,80.07441192739726,79.20468512556089,79.61978149414062,15346400
2024-09-17 00:00:00-04:00,78.82912055609779,79.32328503982897,77.34662710490423,77.68265533447266,21065900
2024-09-18 00:00:00-04:00,77.72219540357582,78.48321298992228,77.36639634456878,78.1076431274414,15684900
2024-09-19 00:00:00-04:00,78.12741829774772,78.16694482620028,76.58561977575631,77.12920379638672,21525700
2024-09-20 00:00:00-04:00,77.31697603837401,78.68086725653899,77.19837385143956,78.13728332519531,39534300
2024-09-23 00:00:00-04:00,78.1471746475312,79.50118810798341,78.1471746475312,79.39247131347656,12147300
2024-09-24 00:00:00-04:00,79.54073059096396,79.96571241255172,79.3035261740177,79.72850799560547,14651100
2024-09-25 00:00:00-04:00,79.94593179077741,80.64764447228386,79.73838360669959,80.44998168945312,14163800
2024-09-26 00:00:00-04:00,80.09419020432985,80.25231893744225,78.33496563397125,78.98725891113281,17061100
2024-09-27 00:00:00-04:00,78.96747913342158,79.35292679394678,78.6709774528556,78.848876953125,11899100
2024-09-30 00:00:00-04:00,78.95760781826284,79.99535634501292,78.92795915298753,79.80757141113281,18997000
2024-10-01 00:00:00-04:00,79.73838456157263,80.57846270919096,79.50118771126495,80.32149505615234,16054200
2024-10-02 00:00:00-04:00,80.04476432232521,80.04476432232521,79.18492291037722,79.49130249023438,16618300
2024-10-03 00:00:00-04:00,79.36282243359956,79.63955334964497,78.91806985536776,79.49130249023438,11640400
2024-10-04 00:00:00-04:00,79.11574146968314,80.16336782330085,78.91807114046618,79.99535369873047,11583400
2024-10-07 00:00:00-04:00,79.74826580739511,79.99534804619324,78.05822419885813,78.17681884765625,16791600
2024-10-08 00:00:00-04:00,78.69075524504775,78.88841802275418,78.14717129582765,78.77970123291016,15270000
2024-10-09 00:00:00-04:00,78.88841444782724,79.56047841806595,78.81923172472993,79.4616470336914,12413000
2024-10-10 00:00:00-04:00,79.37269732034137,79.38258272135884,78.53261920229708,78.68087005615234,10812700
2024-10-11 00:00:00-04:00,78.7698203848033,79.19480216775246,78.44367753677186,79.16515350341797,9570700
2024-10-14 00:00:00-04:00,79.11573894387993,79.5703693760366,78.82912263092973,79.35293579101562,9914500
2024-10-15 00:00:00-04:00,79.72850148814807,80.8650813871012,79.57037276344316,80.69706726074219,13276200
2024-10-16 00:00:00-04:00,80.57847434998583,80.7069619652431,79.67909874494998,80.2720947265625,11123300
2024-10-17 00:00:00-04:00,80.32149277832299,80.54881176117063,79.70873363737599,79.94593048095703,9424700
2024-10-18 00:00:00-04:00,79.92617093522165,80.73660043379267,79.71862274489453,80.36103057861328,12324100
2024-10-21 00:00:00-04:00,80.28197099162887,80.59823598184833,79.77792107147053,79.86686706542969,9750400
2024-10-22 00:00:00-04:00,80.16335355017716,81.27028457564637,79.88662267889754,81.06272888183594,12240100
2024-10-23 00:00:00-04:00,80.93426536277167,82.36733947021973,80.84531936757317,82.29815673828125,13058200
2024-10-24 00:00:00-04:00,81.99177080059665,82.347569834562,81.61620850490065,82.07083892822266,11645900
2024-10-25 00:00:00-04:00,82.22897716102626,82.32781610217508,81.47785248269251,81.54703521728516,8959400
2024-10-28 00:00:00-04:00,81.78422546386719,82.1103758463985,81.507494547908,81.78422546386719,7990200
2024-10-29 00:00:00-04:00,81.70516326352491,81.89294820170575,80.71683418316674,80.7464828491211,9682400
2024-10-30 00:00:00-04:00,80.64764982137896,80.87496882302827,80.35115562746738,80.44010162353516,9268800
2024-10-31 00:00:00-04:00,80.34126755382026,81.47784744356524,80.27208482350633,80.99356079101562,15539000
2024-11-01 00:00:00-04:00,81.56677922906265,81.56677922906265,80.58833577352257,81.23075103759766,12181800
2024-11-04 00:00:00-05:00,81.24063444408624,81.94235461483576,81.04297167565198,81.48771667480469,11731000
2024-11-05 00:00:00-05:00,81.71504016310335,82.79231512923313,81.54702604660909,82.703369140625,10612500
2024-11-06 00:00:00-05:00,84.14633527408998,84.5416684047929,81.10227997013553,82.46617889404297,19974000
2024-11-07 00:00:00-05:00,82.74290361380554,83.4050822223357,82.4464019029419,82.87138366699219,12665800
2024-11-08 00:00:00-05:00,83.29636659744553,84.42306104994172,83.24695467184415,83.83995056152344,14396500
2024-11-11 00:00:00-05:00,83.95854179710773,84.41317975238276,83.13823449428465,83.22718048095703,10433200
2024-11-12 00:00:00-05:00,83.51379830659575,84.5317759434033,83.51379830659575,83.99807739257812,12860200
2024-11-13 00:00:00-05:00,83.99807112125205,84.78873725759536,83.7806375567401,84.50212097167969,12802600
2024-11-14 00:00:00-05:00,84.03761558731573,84.7590990915866,83.35566614879208,83.4841537475586,15740700
2024-11-15 00:00:00-05:00,83.54344690949532,83.7905291528289,82.96033643459685,83.26671600341797,17370600
2024-11-18 00:00:00-05:00,83.83006280240612,83.8597114650034,82.68360511998573,83.09870147705078,25093800
2024-11-19 00:00:00-05:00,85.22360991321662,87.25956516685463,84.90734494624031,85.58928680419922,36340900
2024-11-20 00:00:00-05:00,85.58928874033303,86.18228462428395,84.90734686694778,86.16252136230469,18183200
2024-11-21 00:00:00-05:00,86.42936677808575,87.60548068391003,85.91543902330767,87.3583984375,18729200
2024-11-22 00:00:00-05:00,88.3665056036528,89.84899920589444,87.89210433318043,89.38448333740234,23990600
2024-11-25 00:00:00-05:00,89.44378103757039,89.88852610393667,88.02058476063439,88.45545196533203,25078600
2024-11-26 00:00:00-05:00,88.84089076926413,90.8076633140037,88.79147130447929,90.24431610107422,16657000
2024-11-27 00:00:00-05:00,90.92627279404162,91.17335505706892,90.24432333517359,90.80767059326172,14358900
2024-11-29 00:00:00-05:00,91.18322858472003,91.55879086108777,90.74836144550905,91.42042541503906,11041200
2024-12-02 00:00:00-05:00,91.73669926873833,91.9047133923329,90.87685030743067,91.55879974365234,17173000
2024-12-03 00:00:00-05:00,91.69716427160712,92.49770835618567,91.18323650455282,92.41864776611328,17775200
2024-12-04 00:00:00-05:00,92.35934250376069,93.41685423752698,91.96401693403087,93.34767150878906,17312600
2024-12-05 00:00:00-05:00,93.78254087850108,94.48425358364963,93.23895689687441,94.18775939941406,21932300
2024-12-06 00:00:00-05:00,94.42495538438119,95.05748535334169,94.21740719522403,94.58308410644531,18803500
2024-12-09 00:00:00-05:00,94.54356066045528,94.82029158834456,92.50759768747281,92.73491668701172,20931100
2024-12-10 00:00:00-05:00,92.95234581309688,94.12845220004758,92.67560735816835,93.4465103149414,13164500
2024-12-11 00:00:00-05:00,93.43661874343692,94.57319853069468,93.3970846810578,93.85171508789062,19682100
2024-12-12 00:00:00-05:00,94.56332177150469,94.60285583749656,92.99187469482422,92.99187469482422,14298600
2024-12-13 00:00:00-05:00,92.91066908637008,93.78232293444209,92.1578726611367,93.35639953613281,11495900
2024-12-16 00:00:00-05:00,93.5247820312585,94.80255217301327,93.20781632178078,93.97052001953125,16742000
2024-12-17 00:00:00-05:00,94.23796050327265,94.58464058096895,93.42573536821607,94.51530456542969,23560800
2024-12-18 00:00:00-05:00,94.43605445256868,94.99075009404066,92.2470089113697,92.66303253173828,24665600
2024-12-19 00:00:00-05:00,93.58421982346704,93.6733628883402,92.4748360436735,92.51445770263672,16606500
2024-12-20 00:00:00-05:00,92.12815167262531,92.86113343657499,90.76123095192156,91.36544799804688,49350600
2024-12-23 00:00:00-05:00,90.63246043544548,90.63246043544548,88.06702064722887,89.49336242675781,26205400
2024-12-24 00:00:00-05:00,89.51318128862677,91.80127716064453,89.49336668186656,91.80127716064453,8992400
2024-12-26 00:00:00-05:00,91.66260286500065,91.99937560097752,91.29610821962166,91.91023254394531,10994000
2024-12-27 00:00:00-05:00,91.2564843978854,91.4743997193131,90.16691534780486,90.79094696044922,11384400
2024-12-30 00:00:00-05:00,89.8697674464983,90.20654018636789,89.275450164515,89.7112808227539,9790200
2024-12-31 00:00:00-05:00,89.71127774840946,90.07777238546522,89.20611109885864,89.49336242675781,11267700
2025-01-02 00:00:00-05:00,89.12686806272185,89.74098476585091,88.6712228508388,89.14667510986328,14820400
2025-01-03 00:00:00-05:00,89.29526455912199,90.43436260414279,89.28535725589694,89.9192886352539,10834600
2025-01-06 00:00:00-05:00,89.96881589804183,91.59326597164883,89.81032927766164,90.56312561035156,14519900
2025-01-07 00:00:00-05:00,90.83056620849395,91.06829614919988,89.59241777295254,89.94900512695312,11238000
2025-01-08 00:00:00-05:00,90.24615852055985,90.97914023575296,89.95890719338979,90.92961883544922,13453600
2025-01-10 00:00:00-05:00,91.61307369657887,92.69274302397514,91.32582236281395,92.11824035644531,18140900
2025-01-13 00:00:00-05:00,91.24659569779719,91.5536541113116,90.23626227742913,90.66218566894531,18617100
2025-01-14 00:00:00-05:00,90.98905399074607,91.10791896260804,89.71128388219893,89.92919921875,13549200
2025-01-15 00:00:00-05:00,90.20654701316298,90.86029304999659,89.94901000861712,90.47398376464844,17348200
2025-01-16 00:00:00-05:00,90.63245739864897,90.85037271299899,89.26554436825928,90.43435668945312,13267700
2025-01-17 00:00:00-05:00,91.19706305969649,91.38526404468462,90.18673723709702,91.06829833984375,15868200
2025-01-21 00:00:00-05:00,91.6031695598386,93.34647697097517,91.43477564324915,92.19747924804688,23247500
2025-01-22 00:00:00-05:00,92.88094282780307,93.10876547268242,91.64279435077272,92.3460693359375,15567100
2025-01-23 00:00:00-05:00,92.07861574668794,92.9205551147461,91.44468439494597,92.9205551147461,14198400
2025-01-24 00:00:00-05:00,92.65312294664238,94.10918668943107,92.57387963451797,93.86155700683594,14973800
2025-01-27 00:00:00-05:00,94.99074628051787,96.53595305766915,93.9209842546171,96.47652435302734,18880600
2025-01-28 00:00:00-05:00,96.30814026367877,96.9123497416339,95.8128808944585,96.36756896972656,14641600
2025-01-29 00:00:00-05:00,96.50624077297293,97.23922252180532,96.29823274521205,96.57557678222656,11261400
2025-01-30 00:00:00-05:00,96.76377881304383,97.992019943352,96.4963345194002,97.71467590332031,11012200
2025-01-31 00:00:00-05:00,98.06135646525874,98.06135646525874,96.77367906460877,97.22932434082031,16391200
2025-02-03 00:00:00-05:00,95.8524960159259,98.84386686986797,95.55534492545995,98.59623718261719,20484200
2025-02-04 00:00:00-05:00,99.02216469713393,99.99286887988794,98.74482064491849,99.8145751953125,15201200
2025-02-05 00:00:00-05:00,99.6957042992084,101.60740560874801,99.58674664241668,101.48854064941406,15926700
2025-02-06 00:00:00-05:00,101.55788933409318,102.0432414204593,100.97348688110966,101.8748550415039,13088500
2025-02-07 00:00:00-05:00,102.02342951951861,102.1323871847352,100.15134971833677,100.19097137451172,12451100
2025-02-10 00:00:00-05:00,100.98338655369773,101.95409828277594,100.29002643082656,101.9441909790039,15274600
2025-02-11 00:00:00-05:00,101.64703054761603,101.87484561404823,100.88432692541954,101.49845123291016,11953600
2025-02-12 00:00:00-05:00,101.15177659120872,102.91489874175221,101.0725332782036,102.62764739990234,15162100
2025-02-13 00:00:00-05:00,103.01394555960536,104.24218664068594,102.54840055804324,104.05399322509766,12604400
2025-02-14 00:00:00-05:00,104.30162937300952,104.30162937300952,102.61774293188633,103.05357360839844,14109500
2025-02-18 00:00:00-05:00,102.73660705922387,103.00404379948189,101.53808026573715,102.79603576660156,18247300
2025-02-19 00:00:00-05:00,102.8653672142917,103.21204725371298,101.57769741686151,103.01394653320312,18508000
2025-02-20 00:00:00-05:00,97.843436513985,99.17073550894138,95.76334874397789,96.28832244873047,55450900
2025-02-21 00:00:00-05:00,95.61477067213227,95.93173635971841,93.22762449060554,93.88136291503906,35014800
2025-02-24 00:00:00-05:00,93.28704988414393,93.74268757155963,91.2465838150523,92.7818832397461,29755900
2025-02-25 00:00:00-05:00,93.45544214618668,96.98169401970864,93.34648447959408,96.76377868652344,29331200
2025-02-26 00:00:00-05:00,96.77367324149525,97.79391384277339,95.15913049314317,95.28789520263672,19069700
2025-02-27 00:00:00-05:00,94.99074577661594,97.1104552109203,94.90159516306811,95.87230682373047,16431500
2025-02-28 00:00:00-05:00,96.86282380292207,97.92267850113879,96.24869949330703,97.675048828125,25451300
2025-03-03 00:00:00-05:00,97.05102788270388,98.546705714555,95.91192983892607,96.66471862792969,18372200
2025-03-04 00:00:00-05:00,94.85207552140312,96.12984558753374,93.56439815201496,94.06956481933594,25227700
2025-03-05 00:00:00-05:00,94.06956602126284,95.47610081948031,93.85165068916133,95.06999206542969,17639000
2025-03-06 00:00:00-05:00,93.90117766259957,95.27799807859704,93.28705333576475,93.74269104003906,19957800
2025-03-07 00:00:00-05:00,93.049332753403,93.05923249971036,89.89948286132123,90.85037994384766,35913200
2025-03-10 00:00:00-04:00,88.90895912769994,89.37450411797347,85.78882376393844,86.98735046386719,35148800
2025-03-11 00:00:00-04:00,86.46238259015803,88.5028487968005,86.31380326625357,86.6109619140625,28687600
2025-03-12 00:00:00-04:00,87.04677940668846,88.25521341275923,84.07522334863557,84.3921890258789,33301600
2025-03-13 00:00:00-04:00,84.13466029453846,84.63981938744432,83.07480559414101,83.6988296508789,31507800
2025-03-14 00:00:00-04:00,84.15446978702568,84.56058609078467,83.26300142504337,84.540771484375,35500600
2025-03-17 00:00:00-04:00,84.32285735159894,87.15574154369233,84.17428558671081,86.63076782226562,26297800
2025-03-18 00:00:00-04:00,86.61096930745178,86.84869171175667,84.68936035025153,84.77850341796875,17850900
2025-03-19 00:00:00-04:00,85.13508788742433,85.96712760958594,84.80822242659603,85.51148986816406,24555900
2025-03-20 00:00:00-04:00,84.99640655517578,86.25436952615934,84.70915522760518,84.99640655517578,18185500
2025-03-21 00:00:00-04:00,84.70340988279065,85.64699135889201,84.20679044625665,85.398681640625,26797200
2025-03-24 00:00:00-04:00,85.88536014760979,87.05738223334612,85.7661687637379,86.8984603881836,17900700
2025-03-25 00:00:00-04:00,86.1733977036331,86.71967447979165,84.04786734460724,84.18692016601562,27908600
2025-03-26 00:00:00-04:00,84.61401154507458,84.98150503280932,83.99820079200701,84.63387298583984,27228800
2025-03-27 00:00:00-04:00,84.20678913600499,85.52779863530533,84.20678913600499,85.05104064941406,16782800
2025-03-28 00:00:00-04:00,84.85238541845514,85.24968242794364,84.12731780780288,84.57427978515625,14790600
2025-03-31 00:00:00-04:00,84.18692170880372,87.60365798320893,83.79955918809445,87.1964340209961,30269300
2025-04-01 00:00:00-04:00,86.94812924703632,88.5075139278191,86.77928046235925,88.22940826416016,22080300
2025-04-02 00:00:00-04:00,87.60365668122827,89.54047683379989,87.5242033385843,89.15311431884766,19384100
2025-04-03 00:00:00-04:00,85.69664368488351,89.27230190078171,85.69664368488351,86.6700210571289,33012900
2025-04-04 00:00:00-04:00,85.0609726876852,86.79914063799279,82.09119071151811,82.6275405883789,36209000
2025-04-07 00:00:00-04:00,79.69747541823354,85.67677695481483,79.27038245133487,83.2632064819336,36884900
2025-04-08 00:00:00-04:00,85.26955448147855,86.38198473094292,80.48214348691207,81.23700714111328,34351700
2025-04-09 00:00:00-04:00,82.76659015433486,90.18608512494347,82.45868097665402,88.99419403076172,46632800
2025-04-10 00:00:00-04:00,88.1300816515161,91.24885086289811,87.56393584124129,89.99736785888672,34735300
2025-04-11 00:00:00-04:00,90.066900162873,92.71884610142772,89.40143194508936,92.17256927490234,25508100
2025-04-14 00:00:00-04:00,92.6393803568035,94.79471433090221,92.27188684736912,94.08951568603516,27742900
2025-04-15 00:00:00-04:00,94.1788995685754,95.38071756711352,93.23532577120238,93.33464813232422,21871200
2025-04-16 00:00:00-04:00,93.36444677144178,93.66242144119829,89.99736786112209,90.57344818115234,22229100
2025-04-17 00:00:00-04:00,91.20912036090205,93.23532841198106,91.00054112329532,92.5897216796875,21393900
2025-04-21 00:00:00-04:00,92.39107072859692,93.44390901961405,90.72242922546772,91.78520202636719,18361200
2025-04-22 00:00:00-04:00,92.25202036785886,94.64572960018064,92.25202036785886,94.20870208740234,15407800
2025-04-23 00:00:00-04:00,94.37754691986089,95.9468660338572,93.52336852817025,94.31795501708984,18046900
2025-04-24 00:00:00-04:00,94.06964424579004,95.56943693018118,93.02674807013571,95.19200134277344,13444500
2025-04-25 00:00:00-04:00,95.15227342798096,95.81774155884612,93.7220072309369,94.44706726074219,15317200
2025-04-28 00:00:00-04:00,94.45701100523397,95.3509274657879,93.70214737434277,94.57620239257812,12950000
2025-04-29 00:00:00-04:00,94.19876440769004,95.5297083437268,93.78160592924401,95.39065551757812,12679000
2025-04-30 00:00:00-04:00,95.29133545310933,97.11889125678478,94.28816211641201,96.59247589111328,21639900
2025-05-01 00:00:00-04:00,96.36402607147411,97.23808107461278,95.93693307979792,96.75139617919922,13171800
2025-05-02 00:00:00-04:00,97.28774231475177,98.54915989767525,97.18841994532585,98.08233642578125,16031400
2025-05-05 00:00:00-04:00,98.271046603494,99.06563307502964,97.86381506930626,98.65840911865234,12439100
2025-05-06 00:00:00-04:00,98.07240010545416,98.79746778672242,97.74463705017897,97.8836898803711,10626000
2025-05-07 00:00:00-04:00,97.88369090652449,98.5590936221714,97.64530812842959,98.16179656982422,11301300
2025-05-08 00:00:00-04:00,98.08233039123063,98.6584107073929,96.70172908106245,96.77125549316406,14461100
2025-05-09 00:00:00-04:00,96.32820020834116,96.77623531039197,95.87020657625087,96.29833221435547,13697800
2025-05-12 00:00:00-04:00,97.2441808665063,97.54287597833765,95.20312292276621,96.32819366455078,26783900
2025-05-13 00:00:00-04:00,96.07928240561151,96.89570709215587,94.81482265303787,95.46198272705078,19746700
2025-05-14 00:00:00-04:00,95.61132932720488,96.90566465458161,95.41220432120788,96.40784454345703,25620100
2025-05-15 00:00:00-04:00,93.88888125771507,96.29832890750238,91.48938454149277,95.92993927001953,44026100
2025-05-16 00:00:00-04:00,95.72084837991969,98.75755403343601,95.58145935937782,97.81169128417969,33746200
2025-05-19 00:00:00-04:00,96.22863023434763,97.85152108283005,95.3922884869383,97.69222259521484,20041600
2025-05-20 00:00:00-04:00,98.13030019719737,98.38916878802743,96.09919318418993,97.37361907958984,15609600
2025-05-21 00:00:00-04:00,96.70653528937522,97.33379351191205,95.56155507237004,96.00959014892578,15742300
2025-05-22 00:00:00-04:00,96.11911333292662,96.53728042654204,95.40225111751019,95.51177215576172,13712200
2025-05-23 00:00:00-04:00,94.92434260959263,96.11911552794858,94.58582855354467,95.91998291015625,13668600
2025-05-27 00:00:00-04:00,96.87580110297303,97.37362123691199,96.15893889471975,97.15457916259766,17180900
2025-05-28 00:00:00-04:00,97.09483335107319,97.81169554286153,96.63683974990448,96.81605529785156,11220100
2025-05-29 00:00:00-04:00,97.20436204521499,97.34375108280938,96.42776380829407,96.67667388916016,14338000
2025-05-30 00:00:00-04:00,96.53728275819043,98.49869536826391,96.17885164182509,98.28961181640625,29980100
2025-06-02 00:00:00-04:00,98.40907625893918,99.47441859269138,97.62252716525725,99.33502197265625,16999200
2025-06-03 00:00:00-04:00,99.13589702028851,100.4501418150458,98.14025679407446,99.54411315917969,15598600
2025-06-04 00:00:00-04:00,99.35493898826644,99.69345301870474,98.88698686702236,98.91685485839844,11115600
2025-06-05 00:00:00-04:00,98.86708276149882,99.15581175786579,97.18444825891419,97.53292083740234,15817100
2025-06-06 00:00:00-04:00,97.94113697437811,98.13030346200746,96.54723906462931,97.04505920410156,15599300
2025-06-09 00:00:00-04:00,96.97536140040049,97.42339647228155,96.3481031844083,97.02513885498047,13655700
2025-06-10 00:00:00-04:00,96.86583818545564,97.66234580599756,96.05937203576899,96.89570617675781,17162500
2025-06-11 00:00:00-04:00,96.86584133072888,96.86584133072888,94.93429680506229,95.38233947753906,16389600
2025-06-12 00:00:00-04:00,94.47630092451195,94.8446905446387,93.02266709859374,94.41656494140625,17845700
2025-06-13 00:00:00-04:00,94.10791235305601,94.90442758529099,93.60014129873512,94.02826690673828,18694700
2025-06-16 00:00:00-04:00,94.33691511920392,95.36242337688638,93.68974742765573,93.87892150878906,14881700
2025-06-17 00:00:00-04:00,93.54040094790363,94.40661072315135,93.21184542968706,93.83909606933594,14935600
2025-06-18 00:00:00-04:00,94.1576931084142,95.07368026640714,93.6797824716477,94.67542266845703,11333700
2025-06-20 00:00:00-04:00,94.82477471687112,95.89010947416457,94.78494819557307,95.70094299316406,20604900
2025-06-23 00:00:00-04:00,95.50181056149245,97.50304958262313,95.25290050002309,97.44331359863281,20432400
2025-06-24 00:00:00-04:00,97.30392674675831,98.67790758217167,96.82601607575708,97.57274627685547,22403700
2025-06-25 00:00:00-04:00,97.88139338207598,98.13030345178619,96.72645460860957,96.83597564697266,11154700
2025-06-26 00:00:00-04:00,96.47754003110352,96.91561656795477,95.50180926113107,95.60137176513672,19361400
2025-06-27 00:00:00-04:00,95.90006917251249,97.33379357219049,95.74077068151067,96.8459243774414,31431900
2025-06-30 00:00:00-04:00,96.80610875793572,97.71213747202401,95.89011391789576,97.35370635986328,17803000
2025-07-01 00:00:00-04:00,97.17448216280772,98.75755403343601,96.99526662266362,97.81169128417969,15635800
2025-07-02 00:00:00-04:00,97.70217784497616,97.95108791472951,96.63684305027714,97.1844482421875,12502000
2025-07-03 00:00:00-04:00,97.27404902324436,98.05065479609497,96.99527096966672,97.9311752319336,7686200
2025-07-07 00:00:00-04:00,97.80174266765383,98.91685485839844,97.19440152256668,98.91685485839844,12930900
2025-07-08 00:00:00-04:00,98.38917090452071,98.7376434788272,96.08924431796548,96.66670989990234,16875000
2025-07-09 00:00:00-04:00,96.72645346452117,96.86584249421958,95.95980620504753,96.38793182373047,13702600
2025-07-10 00:00:00-04:00,96.2385894961341,96.35806146372182,94.32695445727616,94.4464340209961,18894800
2025-07-11 00:00:00-04:00,94.59578262972485,95.1135122193439,93.81918444723011,93.98844146728516,14595000
2025-07-14 00:00:00-04:00,94.09796691859118,95.4221627450746,93.96852881801307,95.3624267578125,13779100
2025-07-15 00:00:00-04:00,95.18320463087022,95.3624201764207,94.52608602793985,94.97412109375,10450800
2025-07-16 00:00:00-04:00,95.00398797414678,95.41220411051087,94.19752182666814,94.73516845703125,11181600
2025-07-17 00:00:00-04:00,94.66547173570389,95.2130692862699,94.47629766754791,94.67542266845703,11165100
2025-07-18 00:00:00-04:00,94.67543141474783,95.06373811581729,94.01831277413642,94.63561248779297,14636300
2025-07-21 00:00:00-04:00,94.84469062480107,96.21867141031821,94.68538454154174,95.25289916992188,13450400
2025-07-22 00:00:00-04:00,95.42215511833565,96.24853832469739,95.32259261547892,95.43211364746094,9049100
2025-07-23 00:00:00-04:00,95.59141862192622,95.87019666514945,94.87455645584824,95.26285552978516,9729700
2025-07-24 00:00:00-04:00,95.15334000704068,96.5372793703884,94.93429793293402,96.17884826660156,14991500
2025-07-25 00:00:00-04:00,96.41780096684172,97.22427475815687,96.10915491113133,97.04505920410156,12868500
2025-07-28 00:00:00-04:00,96.85588512704129,97.70217784497616,96.6567601096916,97.1844482421875,12293100
2025-07-29 00:00:00-04:00,97.35370098451938,98.28960523638933,96.9156168502599,97.90130615234375,14034300
2025-07-30 00:00:00-04:00,98.18008519711046,98.44890472104433,96.86584037715457,97.1645278930664,13864100
2025-07-31 00:00:00-04:00,97.01518691875074,98.19999363290371,96.88574882669005,97.5528335571289,15651300
2025-08-01 00:00:00-04:00,97.5727463055456,98.39912955140925,97.24418319389392,98.06060791015625,16750400
2025-08-04 00:00:00-04:00,97.7718681742371,99.47441966304625,97.7718681742371,99.15580749511719,19050200
2025-08-05 00:00:00-04:00,99.2354681686926,100.03198345750602,98.4787870000659,98.87703704833984,17977000
2025-08-06 00:00:00-04:00,99.02637951209924,103.23794116117384,99.02637951209924,102.90937805175781,23738400
2025-08-07 00:00:00-04:00,103.0089394542267,103.44702359541756,101.66482663463836,102.67042541503906,12509500
2025-08-08 00:00:00-04:00,102.91933988271177,104.2634527598279,102.70029780274137,103.27777099609375,12394700
2025-08-11 00:00:00-04:00,103.4470301993046,103.87515583839951,102.66047343928685,103.47689819335938,12856700
2025-08-12 00:00:00-04:00,103.7954940187448,103.85523000180626,102.91933335060422,103.16824340820312,17915300
2025-08-13 00:00:00-04:00,101.70465182755628,102.36177043462577,100.4103164797463,100.5497055053711,19398500
2025-08-14 00:00:00-04:00,100.77870608989483,100.99774815760154,100.2808859709731,100.41031646728516,10858400
2025-08-15 00:00:00-04:00,100.42528547311667,100.56500006176066,99.33750651669223,99.79656982421875,13604900
2025-08-18 00:00:00-04:00,99.79656715117491,100.67477420111067,99.71672807012425,100.4951400756836,11656100
2025-08-19 00:00:00-04:00,100.75461572112665,102.22162651198065,100.59494516903402,101.08394622802734,16999000
2025-08-20 00:00:00-04:00,100.94423389165462,102.44118246855348,100.72468021548957,102.36134338378906,18655000
2025-08-21 00:00:00-04:00,99.20777413620785,99.24768606409707,96.75277180794707,97.7607192993164,51825100
2025-08-22 00:00:00-04:00,97.87049380332749,98.84850351853576,96.56316120069988,96.63301849365234,32695200
2025-08-25 00:00:00-04:00,96.80267353616601,97.38149547329967,95.87456512451172,95.87456512451172,18956100
2025-08-26 00:00:00-04:00,96.08413447109376,96.27375038677074,95.22588337701491,95.85460662841797,22270400
2025-08-27 00:00:00-04:00,95.70491024558335,96.12405400390095,95.40551749599997,95.8845443725586,12925700
2025-08-28 00:00:00-04:00,95.8047052827861,96.3735454158477,95.50531253322784,95.91448211669922,19241600
2025-08-29 00:00:00-04:00,95.90450017385682,96.83260855934691,95.60511503865368,96.78271484375,15600300
2025-09-02 00:00:00-04:00,97.03220609473732,97.65093994140625,96.31366958930022,97.65093994140625,15351300
2025-09-03 00:00:00-04:00,97.65093966475304,99.23770904541016,97.30165320167563,99.23770904541016,18995900
2025-09-04 00:00:00-04:00,99.70675637935419,101.14382180469796,99.4472831664123,100.72467803955078,15640900
2025-09-05 00:00:00-04:00,100.87437450567226,101.27356230734831,99.34748820709488,100.30553436279297,13748500
2025-09-08 00:00:00-04:00,100.64483868511948,102.15176901446499,100.215713132281,102.07192993164062,13685700
2025-09-09 00:00:00-04:00,101.79249822205796,102.28149926790671,101.34341671662783,102.0819091796875,11819700
2025-09-10 00:00:00-04:00,101.74260239524709,102.24158525665365,100.18577830409839,100.20574188232422,17934900
2025-09-11 00:00:00-04:00,100.78455070421728,102.5709101640414,100.07599599342791,102.44117736816406,15900800
2025-09-12 00:00:00-04:00,102.33140038380196,103.76847338038394,102.15176625922922,103.27946472167969,11641900
2025-09-15 00:00:00-04:00,103.43914540009938,103.76847590547561,103.19963576613212,103.47906494140625,10756900
2025-09-16 00:00:00-04:00,103.63873553724218,103.99800379528428,102.920199021158,103.20960998535156,14481900
2025-09-17 00:00:00-04:00,103.51898182777715,105.89413737056609,103.51898182777715,104.05787658691406,25382000
2025-09-18 00:00:00-04:00,103.56887820855046,104.42712931204294,101.91225912046836,103.38924407958984,14869400
2025-09-19 00:00:00-04:00,103.5988188008776,103.72855921716187,101.8823165468405,102.12183380126953,34791600
2025-09-22 00:00:00-04:00,102.24158216707804,102.99005643657019,101.7126615681901,102.61083221435547,12861900
2025-09-23 00:00:00-04:00,102.20167029267503,102.47111767972763,101.12386551671665,102.31143951416016,13158700
2025-09-24 00:00:00-04:00,102.83038591029354,103.2595114627964,102.27152755870807,102.5210189819336,11391800
2025-09-25 00:00:00-04:00,103.01002252277597,103.2994334943591,102.37132507303184,102.84037017822266,13366700
2025-09-26 00:00:00-04:00,102.67070512420388,103.27946479044608,102.26154315977196,102.95014190673828,11859300
2025-09-29 00:00:00-04:00,102.84037016907702,103.099835773474,101.87234220549256,102.87030792236328,15477200
2025-09-30 00:00:00-04:00,102.79046629178549,103.72855647884923,102.51103711620242,102.850341796875,13873400
2025-10-01 00:00:00-04:00,102.3513566141991,102.65074936055977,100.34545110075354,101.75257873535156,16142800
2025-10-02 00:00:00-04:00,101.24361922679165,101.93221800988408,99.66683917607337,101.49311065673828,15605400
2025-10-03 00:00:00-04:00,101.25359841074464,102.61083236384428,100.9941251983913,101.86235809326172,11867500
2025-10-06 00:00:00-04:00,101.67274204483034,102.86032365574128,101.37335690530485,102.49107360839844,13303600
2025-10-07 00:00:00-04:00,102.17172478704231,103.03995767991614,100.74463354319167,103.02997589111328,15538900
2025-10-08 00:00:00-04:00,102.81042484131589,103.04994209544607,101.94219954018513,102.690673828125,13584100
2025-10-09 00:00:00-04:00,102.92019934688216,103.23954806461093,100.16581951167433,101.5629653930664,19508000
2025-10-10 00:00:00-04:00,101.84239962020298,103.4191795915026,101.31347141970265,101.63282012939453,18519400
2025-10-13 00:00:00-04:00,101.16378767365813,102.24158486360854,100.86439491241546,101.91226196289062,10871200
2025-10-14 00:00:00-04:00,103.83833005402624,107.70045228852622,102.6806862328139,106.99189758300781,30859500
2025-10-15 00:00:00-04:00,107.1016766200076,109.33711761439032,107.08172065648473,108.80819702148438,21416300
2025-10-16 00:00:00-04:00,108.97785246330739,109.3570843059063,105.44506055086686,106.25341033935547,16366200
2025-10-17 00:00:00-04:00,106.95198302549329,107.97988648580669,106.0039186490948,107.51084899902344,13735600
2025-10-20 00:00:00-04:00,107.63059759385466,108.02978539059006,106.39312227646148,106.83222961425781,10581200
2025-10-21 00:00:00-04:00,107.11165637377937,107.2613527459156,105.96399433923328,106.00391387939453,10899700
2025-10-22 00:00:00-04:00,106.33324674738252,107.55075848702862,105.44505789713409,106.92204284667969,12296500
2025-10-23 00:00:00-04:00,107.13161733749388,107.35117101169193,105.56481147893174,106.64261627197266,11408200
2025-10-24 00:00:00-04:00,106.85218830123837,106.95198334949725,105.29536422955222,105.95401763916016,10318000
2025-10-27 00:00:00-04:00,106.12366777324004,106.14363135080069,103.93812809053611,104.25747680664062,16375900
2025-10-28 00:00:00-04:00,103.84831003345347,103.92814911811166,102.84037014167207,102.96012115478516,13323000
2025-10-29 00:00:00-04:00,102.70065315620599,103.45910160115457,101.90227755598495,102.2515640258789,11986400
2025-10-30 00:00:00-04:00,101.9920883256824,103.15971394495,101.7525786970084,102.02203369140625,14065100
2025-10-31 00:00:00-04:00,101.49310566879795,101.89229345986908,99.9762011993763,100.97416687011719,20237000
2025-11-03 00:00:00-05:00,100.61490106379453,101.59291079498404,100.19575729923076,101.38333129882812,14811700
2025-11-04 00:00:00-05:00,101.92223609210998,102.41124477617736,101.25360088802708,102.06195068359375,12636400
2025-11-05 00:00:00-05:00,101.53302770989725,102.47111789993706,100.64483885017303,101.26358032226562,13356800
2025-11-06 00:00:00-05:00,101.13383986516854,101.72264358436624,99.82650724130652,101.47315216064453,14866000
2025-11-07 00:00:00-05:00,101.92223095676091,102.76052607730023,101.52305078056239,102.38129425048828,17248700
2025-11-10 00:00:00-05:00,101.9421996398742,102.46113846324867,101.39331544929854,102.2116470336914,14507600
2025-11-11 00:00:00-05:00,102.29148590125688,103.52896125734829,102.11185176780215,103.22957611083984,13182100
2025-11-12 00:00:00-05:00,103.1397552371754,103.38924666620285,102.45116407049406,103.22957611083984,12084400
2025-11-13 00:00:00-05:00,103.3792650752471,103.71857737858919,101.81245920250741,102.33140563964844,18088500
2025-11-14 00:00:00-05:00,99.99616191821406,102.28150432655978,98.67884747474339,102.27153015136719,23424200
2025-11-17 00:00:00-05:00,102.37132001481378,103.10981247698973,101.89229314423754,102.74056243896484,15289400
2025-11-18 00:00:00-05:00,102.77050808357984,103.12976872014482,101.17375691990785,101.1837387084961,17604500
2025-11-19 00:00:00-05:00,101.3733547630731,101.50308755940522,99.47721846398495,100.40532684326172,22157000
2025-11-20 00:00:00-05:00,103.72855570921556,107.69048069588757,102.47111681454754,106.89210510253906,50375900
2025-11-21 00:00:00-05:00,107.76033572860443,107.9299880641229,104.50696553269024,105.10574340820312,41420800
2025-11-24 00:00:00-05:00,105.1456631596475,106.05380795632709,103.54891961711417,103.84830474853516,42519200
2025-11-25 00:00:00-05:00,104.39718842355504,107.2014694949884,104.01796421330698,106.7823257446289,20212900
2025-11-26 00:00:00-05:00,106.98192298149024,109.36706046197568,106.95198522787419,108.87805938720703,17783300
2025-11-28 00:00:00-05:00,109.07765678343861,110.47480270728015,108.77826402040156,110.28519439697266,9846500
2025-12-01 00:00:00-05:00,110.2851941575838,111.5326513110733,110.13549777639021,111.30311584472656,17236800
2025-12-02 00:00:00-05:00,111.24323762682145,112.42083745557261,110.56462064730597,112.18132781982422,18711800
2025-12-03 00:00:00-05:00,112.27114317814386,114.65628063299626,111.99171399556478,114.17726135253906,24478300
2025-12-04 00:00:00-05:00,113.38886489688463,114.65627797820041,112.92980159129489,114.60637664794922,25905100
2025-12-05 00:00:00-05:00,114.49660738141537,116.03346784941175,114.44670605118377,114.8758316040039,23956400
2025-12-08 00:00:00-05:00,114.336926954716,114.75607071042629,112.07154822505665,113.3289794921875,22700700
2025-12-09 00:00:00-05:00,113.71818522982268,115.48458873227048,112.79007685070786,114.825927734375,24326700
2025-12-10 00:00:00-05:00,115.1153442209863,115.9935589270215,112.76014451386791,112.94976043701172,22859600
2025-12-11 00:00:00-05:00,112.90984037229758,115.63429012402182,112.62042940131778,115.28499603271484,21586600
2025-12-12 00:00:00-05:00,115.26000213623047,116.94999694824219,115.0199966430664,116.69999694824219,19092400
2025-12-15 00:00:00-05:00,116.93000030517578,117.44999694824219,115.63999938964844,116.79000091552734,18713700
2025-12-16 00:00:00-05:00,116.58000183105469,116.87999725341797,114.94999694824219,115.41999816894531,19642300
2025-12-17 00:00:00-05:00,115.19999694824219,116.38999938964844,115.06999969482422,115.66000366210938,16177800
2025-12-18 00:00:00-05:00,115.01000213623047,116.4800033569336,114.61000061035156,114.83000183105469,21476700
2025-12-19 00:00:00-05:00,115.13999938964844,115.27999877929688,113.52999877929688,114.36000061035156,50043800
2025-12-22 00:00:00-05:00,114.01000213623047,114.31999969482422,112.22000122070312,112.5999984741211,21473900
2025-12-23 00:00:00-05:00,111.98999786376953,112.3499984741211,110.69999694824219,110.9000015258789,20319900
2025-12-24 00:00:00-05:00,110.9000015258789,111.70999908447266,110.55000305175781,111.61000061035156,9009600
2025-12-26 00:00:00-05:00,111.72000122070312,111.97000122070312,111.36000061035156,111.73999786376953,9003800
2025-12-29 00:00:00-05:00,111.58999633789062,112.77999877929688,111.56999969482422,112.52999877929688,12979600
2025-12-30 00:00:00-05:00,111.88999938964844,112.69000244140625,111.83999633789062,111.91999816894531,11730600
2025-12-31 00:00:00-05:00,111.7300033569336,112.25,111.31999969482422,111.41000366210938,11487400
2026-01-02 00:00:00-05:00,111.43000030517578,112.79000091552734,111.12000274658203,112.76000213623047,14306600
2026-01-05 00:00:00-05:00,112.81999969482422,113.7300033569336,112.1500015258789,112.70999908447266,19557600
2026-01-06 00:00:00-05:00,112.4000015258789,114.79000091552734,111.98999786376953,114.33999633789062,20120800
2026-01-07 00:00:00-05:00,114.19000244140625,114.7300033569336,112.0999984741211,112.72000122070312,23306000
2026-01-08 00:00:00-05:00,111.29000091552734,113.47000122070312,109.80999755859375,113.06999969482422,24058300
2026-01-09 00:00:00-05:00,112.26000213623047,115.45999908447266,112.26000213623047,114.52999877929688,21902900
2026-01-12 00:00:00-05:00,117.5,118.83999633789062,116.41000366210938,117.97000122070312,49182100
2026-01-13 00:00:00-05:00,117.88999938964844,120.51000213623047,117.7300033569336,120.36000061035156,31222100
2026-01-14 00:00:00-05:00,120.19000244140625,121.23999786376953,119.02999877929688,120.04000091552734,32764000
2026-01-15 00:00:00-05:00,119.9800033569336,120.87000274658203,118.7300033569336,119.19999694824219,34559400
2026-01-16 00:00:00-05:00,118.66999816894531,120.5999984741211,116.9000015258789,119.69999694824219,415144600
2026-01-20 00:00:00-05:00,120.88999938964844,121.62000274658203,117.61000061035156,118.70999908447266,45334000
2026-01-21 00:00:00-05:00,118.08000183105469,120.48999786376953,117.55000305175781,119.36000061035156,34811700
2026-01-22 00:00:00-05:00,119.29000091552734,119.5199966430664,117.6500015258789,117.83000183105469,24547300
2026-01-23 00:00:00-05:00,118.16999816894531,118.61000061035156,117.13999938964844,117.7300033569336,20806900
2026-01-26 00:00:00-05:00,117.80999755859375,118.8499984741211,117.38999938964844,117.63999938964844,19552200
2026-01-27 00:00:00-05:00,117.5,117.62999725341797,115.4800033569336,116.94000244140625,22968600
2026-01-28 00:00:00-05:00,116.63999938964844,117.45999908447266,115.87000274658203,116.56999969482422,16342000
2026-01-29 00:00:00-05:00,116.44999694824219,117.66000366210938,116.06999969482422,117.41000366210938,16381100
2026-01-30 00:00:00-05:00,116.91000366210938,119.41000366210938,116.5999984741211,119.13999938964844,22215400
2026-02-02 00:00:00-05:00,119.5,124.19999694824219,119.05000305175781,124.05999755859375,31210100
2026-02-03 00:00:00-05:00,123.6500015258789,128.1699981689453,123.6500015258789,127.70999908447266,32018700
2026-02-04 00:00:00-05:00,128.1300048828125,129.41000366210938,127.08999633789062,128.0,27531800
2026-02-05 00:00:00-05:00,128.5800018310547,129.60000610351562,126.55999755859375,126.94000244140625,30517800
2026-02-06 00:00:00-05:00,127.29000091552734,131.6999969482422,127.05000305175781,131.17999267578125,26593400
2026-02-09 00:00:00-05:00,131.4199981689453,131.7899932861328,128.08999633789062,129.02000427246094,27197300
2026-02-10 00:00:00-05:00,128.94000244140625,129.33999633789062,126.38999938964844,126.69999694824219,24662000
2026-02-11 00:00:00-05:00,126.69999694824219,129.74000549316406,126.62999725341797,128.77000427246094,19232100
2026-02-12 00:00:00-05:00,129.3800048828125,134.49000549316406,129.30999755859375,133.63999938964844,33382700
2026-02-13 00:00:00-05:00,132.6999969482422,134.64999389648438,131.75,133.88999938964844,24131200
2026-02-17 00:00:00-05:00,133.11000061035156,134.69000244140625,128.16000366210938,128.85000610351562,37975200
