Date,Open,High,Low,Close,Volume
2010-01-01,51.18,51.6,50.78,51.02,165900533
2010-01-02,51.31,52.01,51.3,51.73,168341529
2010-01-03,51.61,51.76,51.2,51.63,99562336
2010-01-04,53.1,53.61,50.88,51.93,155131922
2010-01-05,53.44,53.57,53.24,53.44,84407865
2010-01-06,55.14,55.17,54.94,54.96,74457330
2010-01-07,55.46,56.88,54.68,55.18,118886014
2010-01-08,55.07,55.1,54.92,54.99,96989789
2010-01-09,54.31,55.25,54.01,54.79,97940684
2010-01-10,54.56,54.57,53.92,53.94,112297897
2010-01-11,54.03,54.21,52.76,53.67,101559138
2010-01-12,52.91,53.4,52.02,52.82,148595905
2010-01-13,53.24,53.61,52.1,52.35,102927677
2010-01-14,52.59,53.32,52.12,52.15,116447644
2010-01-15,52.41,52.5,51.73,52.05,81478753
2010-01-16,52.12,52.47,51.67,52.29,147318809
2010-01-17,52.91,52.97,50.41,52.33,55034713
2010-01-18,52.49,53.27,50.86,52.66,150367016
2010-01-19,50.82,53.39,50.64,51.28,92551311
2010-01-20,51.41,52.71,50.66,51.07,100175636
2010-01-21,49.74,50.14,48.7,49.94,168895202
2010-01-22,50.48,50.76,50.15,50.16,133282127
2010-01-23,50.53,51.53,49.26,50.56,146320799
2010-01-24,50.6,50.66,49.59,50.23,110875119
2010-01-25,50.5,50.69,50.21,50.58,109720675
2010-01-26,50.55,51.0,50.52,50.53,62192146
2010-01-27,50.15,51.95,49.25,50.46,74787142
2010-01-28,51.41,52.9,50.17,51.34,99361406
2010-01-29,50.33,51.07,48.36,51.03,68285129
2010-01-30,51.56,52.27,50.2,51.54,55243325
2010-01-31,50.86,51.32,50.64,50.97,135322753
2010-02-01,50.63,50.78,50.46,50.53,75441146
2010-02-02,50.46,50.48,49.98,50.2,83180354
2010-02-03,50.57,50.7,50.35,50.57,76833271
2010-02-04,51.34,51.7,50.36,50.93,69350039
2010-02-05,51.05,51.5,50.71,51.24,76329220
2010-02-06,51.17,51.17,50.79,51.1,99560024
2010-02-07,52.73,52.73,52.36,52.66,155788087
2010-02-08,52.46,53.39,51.58,51.96,67310407
2010-02-09,50.56,50.91,50.42,50.9,83489925
2010-02-10,50.56,50.72,50.38,50.49,79032081
2010-02-11,49.85,50.47,49.29,49.95,159808505
2010-02-12,49.54,49.59,49.09,49.41,77753628
2010-02-13,48.89,49.08,48.67,48.9,138345115
2010-02-14,49.51,49.54,48.68,48.95,129592197
2010-02-15,47.74,48.4,47.55,48.07,70554428
2010-02-16,48.6,49.33,48.34,48.57,159067608
2010-02-17,49.04,49.43,48.88,49.09,160840127
2010-02-18,46.52,47.48,46.28,47.26,102316563
2010-02-19,48.65,49.05,48.19,48.4,69868133
2010-02-20,48.32,48.34,48.02,48.18,72550073
2010-02-21,48.57,48.62,48.56,48.58,93587868
2010-02-22,49.44,49.78,49.13,49.16,108627731
2010-02-23,49.52,49.88,49.49,49.55,137875752
2010-02-24,50.01,50.34,49.93,49.94,149640655
2010-02-25,49.91,50.14,49.48,49.79,104218555
2010-02-26,51.91,52.4,50.48,50.5,69317816
2010-02-27,51.07,54.42,50.96,52.29,187958542
2010-02-28,51.62,55.36,51.36,53.56,75413262
2010-03-01,54.85,55.6,54.41,55.21,152243355
2010-03-02,54.01,55.17,53.32,54.84,133037340
2010-03-03,54.0,54.34,53.38,54.09,102627059
2010-03-04,56.31,56.71,55.76,56.07,199011106
2010-03-05,56.43,56.98,55.85,56.41,110150207
2010-03-06,56.32,56.7,55.98,56.58,143914398
2010-03-07,55.62,56.03,55.29,55.97,74073420
2010-03-08,57.2,57.69,56.49,56.85,124282043
2010-03-09,55.99,56.93,55.15,56.47,135155934
2010-03-10,55.09,56.89,55.06,56.22,67204019
2010-03-11,56.67,57.18,55.41,57.05,120348963
2010-03-12,56.59,56.6,56.04,56.51,82245695
2010-03-13,55.88,57.1,55.74,56.58,147273001
2010-03-14,56.43,56.5,56.39,56.4,114996964
2010-03-15,55.96,56.13,55.75,55.86,105581572
2010-03-16,55.7,55.96,53.87,55.89,122356280
2010-03-17,55.83,57.69,55.67,56.06,110727993
2010-03-18,54.75,54.83,54.33,54.8,153949627
2010-03-19,55.33,55.5,55.1,55.18,99344719
2010-03-20,55.21,55.89,54.97,55.74,134078808
2010-03-21,55.74,57.25,54.52,55.57,141076938
2010-03-22,56.61,58.1,55.9,56.27,154224373
2010-03-23,56.7,56.89,56.44,56.75,110604487
2010-03-24,56.58,57.71,56.44,57.59,96183942
2010-03-25,58.41,58.44,58.21,58.38,106057722
2010-03-26,60.15,60.63,59.53,59.77,65063483
2010-03-27,60.26,60.78,58.72,59.4,58090916
2010-03-28,60.31,60.42,59.79,59.95,119926804
2010-03-29,59.51,59.62,58.91,59.38,150924668
2010-03-30,59.6,59.89,58.14,58.99,73844013
2010-03-31,57.9,58.77,56.81,58.06,158461891
2010-04-01,58.69,58.95,58.01,58.92,122798163
2010-04-02,57.82,58.14,57.44,58.07,87747916
2010-04-03,57.25,57.77,56.11,57.59,55755687
2010-04-04,59.3,59.69,58.65,59.06,176338779
2010-04-05,59.88,60.04,59.84,59.87,115478190
2010-04-06,60.79,60.99,59.65,60.75,135755790
2010-04-07,60.03,60.96,59.58,60.93,137475920
2010-04-08,62.51,62.61,61.89,62.45,138237710
2010-04-09,59.19,60.76,59.13,60.15,84404583
2010-04-10,60.68,61.21,60.1,60.53,134857882
2010-04-11,61.64,62.32,60.4,60.5,79185157
2010-04-12,59.33,60.26,59.12,59.18,100834143
2010-04-13,60.47,60.49,59.78,59.86,132366770
2010-04-14,59.62,61.51,59.24,59.35,64581400
2010-04-15,61.83,62.19,59.34,61.06,157023807
2010-04-16,58.4,58.73,57.73,58.73,146546546
2010-04-17,59.37,59.53,58.92,59.22,85465223
2010-04-18,59.86,59.97,58.41,58.83,95821040
2010-04-19,61.15,61.43,58.76,59.83,115823911
2010-04-20,60.76,61.49,59.43,61.11,175521306
2010-04-21,62.61,62.97,60.64,61.98,107187073
2010-04-22,61.48,62.39,60.64,61.93,97971539
2010-04-23,61.14,61.66,59.96,60.88,95694153
2010-04-24,61.61,61.89,61.03,61.66,94303697
2010-04-25,63.18,63.45,62.27,62.37,161388103
2010-04-26,62.29,63.1,61.04,62.44,137647065
2010-04-27,61.47,61.74,61.33,61.55,76899021
2010-04-28,65.27,66.0,62.19,63.44,134864542
2010-04-29,61.94,62.61,61.48,62.52,60664604
2010-04-30,62.06,62.12,61.42,61.94,147629445
2010-05-01,61.4,61.42,61.38,61.39,118661773
2010-05-02,60.04,60.58,59.84,59.96,105895557
2010-05-03,58.94,61.49,57.83,59.29,119739612
2010-05-04,58.28,58.93,57.65,58.79,143585572
2010-05-05,59.29,59.29,58.79,58.95,127525209
2010-05-06,58.58,59.29,58.51,59.23,94329470
2010-05-07,58.71,60.37,58.13,59.99,163853131
2010-05-08,61.37,61.83,61.3,61.66,95646399
2010-05-09,61.78,61.89,61.36,61.42,75253671
2010-05-10,62.13,63.41,61.05,62.55,171096749
2010-05-11,64.12,64.66,62.87,63.5,145858093
2010-05-12,64.21,66.24,63.12,64.65,165779519
2010-05-13,63.06,63.28,62.88,62.9,110788419
2010-05-14,62.23,63.21,61.16,62.0,72533802
2010-05-15,61.55,62.3,61.37,61.91,147650800
2010-05-16,63.14,63.44,62.95,63.17,164281507
2010-05-17,63.31,63.54,62.51,63.31,148684941
2010-05-18,62.04,62.47,61.2,62.35,74469810
2010-05-19,62.28,62.64,62.27,62.29,114043913
2010-05-20,61.43,62.29,61.19,61.32,86686614
2010-05-21,59.7,59.78,58.75,59.26,156758452
2010-05-22,60.27,60.49,59.21,59.46,141619299
2010-05-23,58.9,59.39,58.58,58.7,57807235
2010-05-24,57.98,58.49,57.89,58.35,142335899
2010-05-25,58.36,59.36,57.69,58.34,83943700
2010-05-26,56.18,56.51,55.89,55.9,163053915
2010-05-27,57.58,57.68,57.3,57.53,112057478
2010-05-28,56.41,56.68,56.33,56.67,148326152
2010-05-29,55.19,55.44,54.94,55.42,181314379
2010-05-30,55.48,55.59,54.74,55.35,57333345
2010-05-31,56.51,57.57,56.09,56.59,152041554
2010-06-01,57.14,57.24,56.83,56.84,128975345
2010-06-02,55.39,56.4,55.01,55.77,152462391
2010-06-03,54.75,57.68,54.42,56.56,125840163
2010-06-04,54.39,57.27,54.13,56.02,153990202
2010-06-05,55.64,56.17,55.47,55.77,148281383
2010-06-06,55.15,56.1,54.55,55.31,114970822
2010-06-07,54.76,55.23,54.65,55.16,87904216
2010-06-08,55.67,56.05,54.59,55.29,152357429
2010-06-09,54.3,55.55,53.63,54.78,160917658
2010-06-10,55.75,57.0,53.89,56.55,168024782
2010-06-11,57.05,57.32,56.96,57.17,132729896
2010-06-12,57.19,57.91,56.63,57.84,130309407
2010-06-13,58.33,58.38,55.41,56.89,166835627
2010-06-14,59.28,60.1,59.08,59.1,77599228
2010-06-15,60.78,60.87,60.76,60.83,143934195
2010-06-16,60.76,60.92,59.9,60.44,123220453
2010-06-17,60.27,61.71,59.98,61.35,112135113
2010-06-18,61.69,61.87,61.54,61.86,79469307
2010-06-19,63.2,63.4,62.99,63.0,66168485
2010-06-20,61.04,61.1,60.5,60.89,99889234
2010-06-21,61.02,61.43,60.94,61.2,146155242
2010-06-22,60.76,62.64,60.61,61.47,135698134
2010-06-23,60.5,60.62,58.52,59.82,171451624
2010-06-24,60.46,61.81,59.64,60.14,78539767
2010-06-25,59.64,60.93,59.41,60.53,143581580
2010-06-26,59.97,61.77,58.51,59.43,127561497
2010-06-27,59.39,59.75,58.2,59.33,54518005
2010-06-28,60.37,61.17,58.96,59.17,78016531
2010-06-29,57.57,57.99,57.07,57.96,118880514
2010-06-30,57.18,57.29,56.41,56.85,162123175
2010-07-01,57.74,57.88,55.54,56.99,151644769
2010-07-02,58.36,58.96,57.44,58.08,102047945
2010-07-03,58.9,59.19,58.41,59.07,71015201
2010-07-04,59.8,60.87,59.5,60.36,102568284
2010-07-05,60.23,60.56,59.23,59.79,87837324
2010-07-06,59.7,60.09,59.56,59.59,86332375
2010-07-07,59.57,60.52,59.2,60.18,157662438
2010-07-08,59.17,59.65,59.1,59.19,111598000
2010-07-09,60.16,60.44,59.04,59.66,124770378
2010-07-10,58.88,59.01,58.41,58.8,90913871
2010-07-11,58.97,59.86,57.4,59.28,63231564
2010-07-12,59.53,59.84,58.62,59.82,91513306
2010-07-13,61.84,61.92,60.88,61.72,73105651
2010-07-14,61.0,61.2,60.15,61.17,75206024
2010-07-15,61.56,61.9,61.4,61.62,135771792
2010-07-16,61.3,62.62,60.59,61.51,101291750
2010-07-17,60.74,62.09,60.63,61.44,91655944
2010-07-18,62.81,62.85,61.66,62.11,74435705
2010-07-19,61.95,62.57,60.75,61.33,106689433
2010-07-20,62.16,62.9,61.36,62.16,62258682
2010-07-21,59.69,60.02,59.65,59.86,80202151
2010-07-22,60.89,61.3,59.07,60.28,135772863
2010-07-23,59.4,61.06,57.95,59.86,81383641
2010-07-24,61.18,61.25,60.48,60.98,167479324
2010-07-25,62.93,63.06,61.26,61.64,62532394
2010-07-26,61.69,62.48,60.48,62.37,121403857
2010-07-27,62.09,62.83,61.77,62.26,130442614
2010-07-28,59.19,59.86,59.13,59.43,147613517
2010-07-29,58.39,60.33,58.37,59.15,156521050
2010-07-30,60.95,61.09,59.08,59.5,82697721
2010-07-31,58.64,58.66,57.77,58.51,75314876
2010-08-01,60.93,61.47,58.42,59.72,142170625
2010-08-02,59.41,60.1,57.84,58.78,121563149
2010-08-03,58.93,58.97,56.57,58.41,108897469
2010-08-04,59.02,59.41,57.91,58.91,92687608
2010-08-05,58.06,58.69,57.95,58.14,70480981
2010-08-06,57.98,58.24,56.1,58.15,111242691
2010-08-07,58.12,58.17,57.53,57.81,148824679
2010-08-08,59.5,59.84,58.56,59.32,187892732
2010-08-09,59.6,60.04,58.14,58.94,83898279
2010-08-10,56.69,57.35,56.48,56.98,125233907
2010-08-11,57.62,58.54,57.09,57.49,136813253
2010-08-12,58.65,58.69,57.84,57.84,72846213
2010-08-13,56.48,57.25,54.63,56.6,127980986
2010-08-14,56.58,57.11,55.76,55.82,165349079
2010-08-15,56.72,56.77,55.0,56.16,151731316
2010-08-16,56.11,56.16,55.9,56.0,116167527
2010-08-17,55.78,56.53,55.33,55.92,56818166
2010-08-18,55.74,56.54,53.81,55.73,92300433
2010-08-19,55.05,55.11,54.3,54.88,170445449
2010-08-20,56.35,56.61,55.57,56.18,179426241
2010-08-21,55.86,57.14,54.27,56.13,83634218
2010-08-22,56.92,57.01,56.34,56.49,99571985
2010-08-23,56.02,56.31,56.01,56.3,154738386
2010-08-24,56.44,57.11,56.27,57.06,59944565
2010-08-25,58.96,59.12,57.98,58.72,75636884
2010-08-26,57.31,61.32,57.22,59.38,157398629
2010-08-27,60.02,60.29,57.93,58.92,66056723
2010-08-28,59.47,59.74,59.28,59.37,151166784
2010-08-29,57.02,57.18,56.8,57.15,99538133
2010-08-30,56.91,57.02,56.71,56.73,114821314
2010-08-31,56.96,57.51,56.63,57.41,112983076
2010-09-01,56.74,59.49,56.62,57.38,115113024
2010-09-02,57.53,58.94,56.36,58.2,116215287
2010-09-03,58.37,58.67,57.62,58.25,146205990
2010-09-04,57.74,58.06,57.3,57.99,153859888
2010-09-05,57.01,57.41,56.43,56.6,176232170
2010-09-06,56.4,56.89,56.24,56.4,83363095
2010-09-07,55.39,57.01,54.06,55.89,100563417
2010-09-08,56.01,56.44,55.81,55.97,129755918
2010-09-09,55.13,57.49,53.91,56.02,85072625
2010-09-10,56.63,58.32,55.72,56.73,64826533
2010-09-11,56.85,57.22,56.24,57.1,97832483
2010-09-12,57.99,58.52,57.4,57.52,108073952
2010-09-13,58.86,59.25,58.57,58.77,110209592
2010-09-14,60.07,60.43,60.03,60.31,112728981
2010-09-15,59.19,59.85,59.17,59.77,116604763
2010-09-16,60.71,60.93,60.12,60.29,111971860
2010-09-17,59.69,60.23,59.54,60.14,117295434
2010-09-18,60.57,60.61,58.86,60.42,120360466
2010-09-19,61.25,61.46,59.23,61.18,109138311
2010-09-20,63.01,63.17,62.1,62.39,68176104
2010-09-21,62.68,62.94,61.61,61.82,139872960
2010-09-22,60.35,61.75,60.04,61.73,115688985
2010-09-23,60.13,61.32,60.12,60.21,122781131
2010-09-24,58.8,60.45,58.24,60.38,147413107
2010-09-25,59.79,60.04,59.72,59.82,123104006
2010-09-26,59.11,60.13,59.09,59.78,115262527
2010-09-27,59.45,60.25,59.39,59.79,144171656
2010-09-28,59.57,59.97,59.25,59.4,143339089
2010-09-29,59.28,59.57,58.07,59.29,149244061
2010-09-30,61.11,61.87,61.1,61.47,127688052
2010-10-01,60.83,61.38,60.82,61.01,53954336
2010-10-02,61.97,63.28,60.87,62.21,155192889
2010-10-03,63.79,63.96,62.75,62.88,67613788
2010-10-04,63.02,64.08,60.44,62.59,102579348
2010-10-05,61.99,62.2,61.67,61.86,83659526
2010-10-06,60.53,60.92,60.36,60.83,91479142
2010-10-07,62.26,63.11,60.52,61.37,94588696
2010-10-08,60.4,61.81,59.78,60.26,175642579
2010-10-09,59.84,60.33,58.73,59.36,74706535
2010-10-10,59.11,59.35,59.02,59.19,116606095
2010-10-11,58.17,58.6,57.67,58.52,159160861
2010-10-12,59.77,60.26,59.7,59.8,119471636
2010-10-13,59.75,60.69,59.5,59.88,120770736
2010-10-14,59.63,60.38,59.48,60.32,95937751
2010-10-15,59.62,60.19,58.49,60.06,105801596
2010-10-16,61.93,63.04,60.92,61.03,153791546
2010-10-17,59.94,60.74,59.9,60.73,76435115
2010-10-18,60.03,60.23,59.98,60.03,146062053
2010-10-19,60.89,62.15,60.13,60.76,119265382
2010-10-20,61.94,62.15,61.23,62.0,137102483
2010-10-21,63.91,63.92,63.69,63.74,120659930
2010-10-22,62.83,63.83,62.37,63.18,154313834
2010-10-23,64.14,64.67,63.08,63.84,83003143
2010-10-24,62.41,63.55,62.38,62.52,60777276
2010-10-25,62.11,63.23,60.31,62.17,99185925
2010-10-26,61.74,63.67,61.4,62.2,147878306
2010-10-27,63.92,64.84,63.85,64.53,111583386
2010-10-28,64.27,65.67,63.87,64.32,139210244
2010-10-29,63.36,64.43,62.87,64.01,53675073
2010-10-30,65.16,67.02,62.97,64.42,130449404
2010-10-31,63.73,67.0,63.7,65.63,150403976
2010-11-01,64.99,65.43,62.82,64.93,157894719
2010-11-02,64.6,64.96,64.29,64.71,135767325
2010-11-03,65.2,65.43,64.54,64.54,135673731
2010-11-04,64.69,66.79,62.51,63.39,72100065
2010-11-05,61.62,62.46,61.08,62.01,112358244
2010-11-06,63.46,64.11,62.17,62.76,140602457
2010-11-07,63.32,63.83,62.99,63.29,93303368
2010-11-08,64.82,65.82,63.15,64.75,133239334
2010-11-09,65.25,65.3,64.43,64.92,120410234
2010-11-10,63.13,65.04,62.75,64.56,143802968
2010-11-11,66.24,66.31,65.01,65.29,97833527
2010-11-12,65.61,66.26,65.16,65.73,100429346
2010-11-13,65.19,65.86,63.77,64.96,126461661
2010-11-14,64.94,65.52,64.75,65.16,149442939
2010-11-15,66.67,68.1,66.49,67.13,108333943
2010-11-16,68.79,69.47,68.2,68.67,103798624
2010-11-17,67.25,67.72,67.18,67.7,149379478
2010-11-18,67.41,67.42,66.41,67.07,144317866
2010-11-19,67.79,68.57,67.29,68.2,96746816
2010-11-20,68.05,68.26,67.0,67.59,85551758
2010-11-21,67.95,68.29,67.11,67.81,146160477
2010-11-22,68.28,69.65,67.47,68.94,159773023
2010-11-23,68.21,68.35,68.09,68.1,72305832
2010-11-24,67.92,68.36,67.43,67.7,72010468
2010-11-25,67.33,67.91,67.31,67.52,140770961
2010-11-26,67.9,67.96,67.89,67.94,94860800
2010-11-27,67.45,67.46,66.06,66.81,131380279
2010-11-28,65.4,67.2,65.08,65.65,118948430
2010-11-29,65.94,66.39,65.71,65.82,93732654
2010-11-30,65.71,65.92,64.7,64.89,126701933
2010-12-01,64.16,64.94,63.55,64.48,97691861
2010-12-02,66.17,66.93,66.07,66.42,152765894
2010-12-03,66.09,66.27,65.43,65.71,95519970
2010-12-04,64.81,65.27,62.67,64.13,93106439
2010-12-05,62.8,62.86,62.56,62.72,146070216
2010-12-06,60.98,61.42,60.68,61.18,159503862
2010-12-07,61.52,62.02,60.22,60.3,71810952
2010-12-08,59.37,61.1,59.16,59.98,69875260
2010-12-09,61.31,61.98,60.72,61.41,99768760
2010-12-10,61.17,61.53,61.0,61.07,77141156
2010-12-11,61.0,61.26,60.38,60.81,73183577
2010-12-12,62.39,62.98,62.13,62.88,100296383
2010-12-13,62.37,62.58,61.68,62.46,141775079
2010-12-14,63.43,63.69,62.55,63.08,119613408
2010-12-15,61.03,62.06,60.82,61.56,98454383
2010-12-16,62.43,62.72,61.33,61.82,135831727
2010-12-17,62.52,62.54,59.62,61.35,56406450
2010-12-18,61.66,61.67,60.0,60.81,83614751
2010-12-19,61.18,63.2,61.02,62.09,100778139
2010-12-20,61.07,61.61,60.99,61.49,158071644
2010-12-21,61.35,61.53,60.7,61.02,143296749
2010-12-22,61.67,61.89,57.67,60.78,103241826
2010-12-23,58.96,58.99,58.11,58.72,165479848
2010-12-24,58.94,60.33,58.23,58.72,98262299
2010-12-25,57.27,57.51,56.73,57.24,77719421
2010-12-26,57.08,57.25,56.3,57.02,128913826
2010-12-27,56.99,57.7,56.72,56.99,88123434
2010-12-28,57.43,57.82,56.68,56.93,139454408
2010-12-29,57.49,57.57,57.11,57.33,122558316
2010-12-30,56.07,56.98,55.11,56.06,97036116
2010-12-31,56.0,56.91,55.85,56.82,96466887
2011-01-01,57.41,57.52,57.07,57.14,120307342
2011-01-02,58.8,58.86,56.92,57.07,120267422
2011-01-03,55.96,56.59,55.62,55.9,136899390
2011-01-04,55.83,56.02,55.13,56.0,119686796
2011-01-05,58.07,58.33,56.67,57.13,163296818
2011-01-06,53.33,57.43,53.1,55.36,88066863
2011-01-07,54.49,54.54,54.42,54.52,128105446
2011-01-08,56.78,58.39,56.13,56.99,193806951
2011-01-09,57.3,57.71,55.88,57.66,99487302
2011-01-10,58.31,58.44,57.89,58.1,112922578
2011-01-11,58.6,58.72,58.18,58.53,72750669
2011-01-12,57.2,58.3,56.89,56.98,173804411
2011-01-13,55.5,57.92,55.27,57.14,146620324
2011-01-14,57.05,57.63,57.04,57.35,110488670
2011-01-15,56.61,57.1,56.4,56.85,128457613
2011-01-16,54.23,56.77,54.09,55.91,125658845
2011-01-17,54.26,54.62,54.14,54.28,136396125
2011-01-18,55.74,55.83,54.85,55.01,72667125
2011-01-19,54.44,54.84,53.87,54.7,100845118
2011-01-20,54.38,54.44,53.88,53.98,93829101
2011-01-21,53.96,54.09,53.29,53.43,134670304
2011-01-22,52.97,52.99,52.56,52.8,60025410
2011-01-23,53.16,53.39,51.61,52.67,77386906
2011-01-24,51.04,51.73,50.64,51.72,169775358
2011-01-25,52.01,52.16,51.96,51.99,142299013
2011-01-26,53.17,54.82,50.93,51.7,71507946
2011-01-27,52.26,53.09,50.39,51.36,81197930
2011-01-28,51.93,52.19,50.46,51.92,80433049
2011-01-29,51.44,51.44,51.16,51.31,97352857
2011-01-30,51.31,51.4,50.77,51.15,54216767
2011-01-31,52.92,54.61,52.68,52.78,119660794
2011-02-01,53.48,53.79,53.2,53.23,108122955
2011-02-02,52.44,53.67,52.3,53.15,122332815
2011-02-03,53.38,53.5,53.26,53.48,139622346
2011-02-04,54.19,54.92,52.88,53.18,66813734
2011-02-05,53.76,55.51,53.11,54.21,103932764
2011-02-06,53.61,53.97,53.06,53.92,106728723
2011-02-07,53.29,53.93,53.05,53.48,137723285
2011-02-08,54.47,54.59,53.98,54.47,141334218
2011-02-09,55.55,57.77,55.32,55.84,174234572
2011-02-10,56.72,57.41,56.59,57.35,127774641
2011-02-11,57.47,57.65,56.81,57.03,118974598
2011-02-12,57.27,57.61,56.61,57.1,116291644
2011-02-13,56.88,57.91,56.0,57.33,136102607
2011-02-14,56.43,58.44,55.69,57.03,133947445
2011-02-15,58.18,58.91,58.1,58.47,96046083
2011-02-16,58.53,59.19,58.38,58.72,54884103
2011-02-17,59.68,59.88,57.38,58.75,130875134
2011-02-18,58.87,60.06,58.23,59.51,115793613
2011-02-19,60.88,61.76,60.85,61.29,114922663
2011-02-20,62.45,64.28,62.0,62.31,141888386
2011-02-21,63.15,63.67,63.11,63.49,69993217
2011-02-22,63.95,64.76,63.54,64.62,66060623
2011-02-23,64.0,64.6,63.58,64.57,143807658
2011-02-24,66.63,66.82,64.34,65.93,127762358
2011-02-25,66.7,66.71,65.37,66.07,86194919
2011-02-26,68.53,69.4,66.73,67.62,97650941
2011-02-27,67.02,69.14,66.96,68.16,139928081
2011-02-28,71.5,71.63,70.07,70.84,140402921
2011-03-01,70.85,72.01,68.8,70.04,160388950
2011-03-02,71.26,71.36,69.15,69.85,133231527
2011-03-03,69.06,71.66,68.68,71.03,145673041
2011-03-04,71.17,73.88,70.96,72.0,156194963
2011-03-05,72.66,73.65,71.99,72.91,156271359
2011-03-06,71.94,73.07,71.65,72.56,155410962
2011-03-07,72.65,72.98,72.37,72.69,95847622
2011-03-08,73.49,75.01,73.04,73.54,90065009
2011-03-09,73.0,73.64,72.24,72.82,55731753
2011-03-10,72.31,72.53,72.02,72.33,59941739
2011-03-11,72.6,73.35,72.51,72.67,138121336
2011-03-12,70.63,72.44,70.39,72.03,136577625
2011-03-13,71.88,72.05,69.72,70.68,75075075
2011-03-14,72.05,72.73,69.93,71.4,96812002
2011-03-15,73.12,74.62,72.78,73.44,173291070
2011-03-16,74.73,74.76,74.5,74.61,173264338
2011-03-17,74.86,75.01,74.33,74.4,149009251
2011-03-18,73.5,73.72,73.32,73.37,136486179
2011-03-19,72.42,75.54,71.49,73.61,74875159
2011-03-20,73.35,74.27,72.45,72.79,121298291
2011-03-21,75.23,75.36,74.44,74.5,77463036
2011-03-22,73.24,73.95,72.47,72.51,74032124
2011-03-23,72.84,73.06,72.57,72.82,144554873
2011-03-24,74.24,75.56,73.61,74.31,169288983
2011-03-25,74.29,75.0,73.27,74.2,62888108
2011-03-26,75.87,76.5,75.31,76.15,122029525
2011-03-27,74.96,75.46,74.16,75.11,131070616
2011-03-28,75.15,75.7,74.7,74.71,111680480
2011-03-29,77.93,78.41,75.49,76.39,122608671
2011-03-30,77.28,78.99,76.65,76.65,88394579
2011-03-31,74.78,77.03,73.55,75.6,144156352
2011-04-01,73.84,75.27,73.66,74.33,124943802
2011-04-02,71.92,72.18,71.63,72.12,136886384
2011-04-03,71.54,73.23,71.43,72.89,135314525
2011-04-04,74.4,74.44,72.04,72.75,54846424
2011-04-05,73.74,74.05,71.33,72.03,113901864
2011-04-06,70.46,70.64,70.12,70.63,147901154
2011-04-07,70.3,70.43,70.22,70.31,98158713
2011-04-08,70.81,71.07,69.97,70.46,82753490
2011-04-09,71.05,73.43,70.98,71.89,141189928
2011-04-10,71.11,71.9,69.97,71.58,86855974
2011-04-11,69.36,69.87,69.35,69.71,170360447
2011-04-12,70.13,71.15,69.79,70.43,83215302
2011-04-13,69.71,69.98,68.72,69.96,102670246
2011-04-14,71.43,71.44,70.08,70.42,114068061
2011-04-15,73.3,74.22,71.55,71.68,121238713
2011-04-16,71.62,72.39,71.34,71.96,87265059
2011-04-17,70.88,71.62,70.49,71.08,58107108
2011-04-18,72.37,73.86,70.74,71.96,105116908
2011-04-19,71.67,72.27,71.42,71.45,84431535
2011-04-20,72.15,72.45,69.83,71.38,127581175
2011-04-21,71.28,71.46,70.93,71.27,151686913
2011-04-22,71.61,72.32,71.28,72.06,129819521
2011-04-23,71.75,72.36,70.28,71.57,110286915
2011-04-24,71.35,71.37,69.38,70.61,119816561
2011-04-25,67.54,68.64,67.34,68.42,132232440
2011-04-26,70.72,70.75,70.26,70.6,132176655
2011-04-27,71.22,74.1,69.79,71.56,163234441
2011-04-28,73.04,73.5,72.04,73.37,177441145
2011-04-29,73.29,73.31,72.03,72.26,114677544
2011-04-30,71.68,72.0,71.35,71.51,96270131
2011-05-01,71.0,71.45,68.75,69.99,98596766
2011-05-02,69.37,70.09,68.19,69.43,77206413
2011-05-03,69.23,69.64,68.9,69.48,128384538
2011-05-04,69.46,70.45,69.04,70.03,152136625
2011-05-05,69.59,70.39,69.28,70.16,143254761
2011-05-06,70.18,71.17,69.59,70.11,94544425
2011-05-07,71.65,72.76,71.11,72.18,139888242
2011-05-08,71.07,71.11,70.53,70.92,74805891
2011-05-09,73.64,74.03,73.51,73.54,134787135
2011-05-10,72.89,73.27,72.64,73.01,99389684
2011-05-11,73.2,73.63,72.87,73.02,120526723
2011-05-12,73.13,73.73,71.73,72.61,121832915
2011-05-13,73.16,73.77,73.14,73.14,90959745
2011-05-14,71.36,71.7,70.41,70.52,107532344
2011-05-15,71.6,72.61,71.57,72.44,84630289
2011-05-16,73.85,73.95,71.09,71.92,55698427
2011-05-17,72.5,72.94,71.37,72.15,69658299
2011-05-18,72.33,72.35,71.49,71.95,147317691
2011-05-19,72.96,73.64,70.54,71.88,121720045
2011-05-20,71.46,72.26,69.93,71.59,91285730
2011-05-21,67.7,70.69,67.62,69.85,63427578
2011-05-22,69.27,70.08,68.91,69.62,94740019
2011-05-23,68.87,70.65,68.23,70.34,115150254
2011-05-24,70.13,70.16,69.22,69.6,115384094
2011-05-25,69.29,69.75,67.81,69.35,94956244
2011-05-26,69.67,70.21,69.21,69.74,86267603
2011-05-27,71.34,71.97,70.85,71.73,144559485
2011-05-28,71.9,72.27,71.49,72.07,73156308
2011-05-29,74.41,75.58,73.41,74.01,131261456
2011-05-30,73.31,75.26,72.4,73.91,133348932
2011-05-31,73.07,73.22,72.51,72.88,63494391
2011-06-01,74.81,75.26,73.07,74.8,66418720
2011-06-02,77.85,77.96,77.73,77.92,204958850
2011-06-03,77.05,79.35,75.33,76.1,182665627
2011-06-04,75.74,76.72,75.69,76.46,77270956
2011-06-05,76.99,77.42,75.56,77.27,162291113
2011-06-06,77.84,79.44,75.77,76.33,102231006
2011-06-07,75.81,77.02,75.35,76.11,76060245
2011-06-08,75.76,75.9,75.15,75.63,147147681
2011-06-09,74.48,75.42,72.85,75.41,132478410
2011-06-10,75.6,76.58,73.96,75.84,111316729
2011-06-11,76.05,76.08,75.08,75.96,150000753
2011-06-12,71.66,74.69,71.63,73.72,106657320
2011-06-13,73.15,73.7,73.12,73.23,118641612
2011-06-14,74.18,74.46,74.0,74.36,149513958
2011-06-15,75.0,75.36,74.51,75.23,132138413
2011-06-16,77.5,77.98,77.04,77.66,172401963
2011-06-17,77.24,77.82,76.85,76.98,157531957
2011-06-18,77.23,78.28,75.56,76.23,67364015
2011-06-19,75.39,75.46,74.6,74.9,84002765
2011-06-20,72.41,74.59,72.16,74.01,77168961
2011-06-21,72.38,73.13,72.12,72.79,158223195
2011-06-22,72.95,73.38,70.84,71.99,57073601
2011-06-23,69.64,72.76,68.27,71.29,121059910
2011-06-24,70.77,70.9,69.64,70.48,123084711
2011-06-25,70.74,70.93,69.95,70.3,83516656
2011-06-26,70.09,70.83,67.61,69.44,139351112
2011-06-27,69.45,69.77,68.74,69.62,94079853
2011-06-28,69.78,69.89,69.77,69.85,68353103
2011-06-29,69.18,71.14,68.2,69.68,126645283
2011-06-30,69.72,70.05,68.65,69.72,136164130
2011-07-01,68.06,68.07,67.58,67.93,145990537
2011-07-02,68.98,69.33,67.28,68.04,118922066
2011-07-03,66.84,68.65,66.5,68.08,67806748
2011-07-04,68.02,68.47,67.34,67.54,121635316
2011-07-05,67.88,68.54,67.35,68.04,129695907
2011-07-06,66.25,66.83,65.08,66.76,129745820
2011-07-07,66.55,67.61,66.52,66.57,71808523
2011-07-08,65.94,67.31,65.27,66.25,67598841
2011-07-09,66.89,67.55,65.13,65.4,145218305
2011-07-10,65.16,65.93,64.31,65.49,117534418
2011-07-11,65.87,65.94,64.39,65.11,146261855
2011-07-12,65.84,66.11,64.99,65.95,123984091
2011-07-13,67.01,67.96,65.57,66.44,153859428
2011-07-14,65.88,67.5,65.38,66.07,58957901
2011-07-15,66.76,66.98,66.67,66.7,132365176
2011-07-16,66.04,66.86,65.86,65.92,124954605
2011-07-17,67.11,67.52,66.81,67.18,151828982
2011-07-18,66.6,66.92,66.42,66.76,126497221
2011-07-19,66.28,66.35,66.16,66.2,67553113
2011-07-20,65.63,66.72,64.4,66.18,95268570
2011-07-21,65.22,65.85,64.5,64.97,122639656
2011-07-22,65.23,65.58,64.59,64.78,66508214
2011-07-23,63.04,67.0,61.16,65.43,111315992
2011-07-24,65.2,67.32,63.31,65.07,130765864
2011-07-25,65.85,66.08,64.24,65.4,154270911
2011-07-26,64.5,64.86,63.81,63.84,105091760
2011-07-27,64.02,64.26,63.48,64.02,136719538
2011-07-28,64.4,64.93,64.25,64.51,153778609
2011-07-29,64.55,64.82,62.86,63.92,150099326
2011-07-30,65.13,66.26,65.02,65.03,102260704
2011-07-31,65.01,66.1,64.45,64.7,142104949
2011-08-01,65.44,66.26,64.92,65.3,104841123
2011-08-02,66.04,66.94,65.7,65.87,79778271
2011-08-03,63.89,64.96,63.84,64.88,124155910
2011-08-04,63.23,64.31,63.06,63.96,100493003
2011-08-05,66.91,67.08,64.82,65.14,148641477
2011-08-06,64.5,64.68,62.9,63.53,153536056
2011-08-07,62.41,62.48,60.62,62.22,120097152
2011-08-08,62.63,63.48,61.71,62.56,132291082
2011-08-09,62.05,62.41,61.65,61.98,151136199
2011-08-10,62.7,62.73,61.88,62.68,64970765
2011-08-11,64.73,65.31,62.72,63.14,65548885
2011-08-12,63.15,63.85,63.1,63.4,138405858
2011-08-13,63.74,63.86,62.31,62.96,127847151
2011-08-14,61.17,61.96,61.1,61.28,160874531
2011-08-15,58.93,60.04,58.92,59.89,176509888
2011-08-16,59.57,61.05,59.55,59.85,95140657
2011-08-17,60.29,60.59,60.26,60.31,96512713
2011-08-18,60.93,61.3,59.76,59.83,160509640
2011-08-19,63.13,64.11,60.9,61.84,99847164
2011-08-20,62.74,62.87,61.77,61.95,106016931
2011-08-21,61.26,61.35,59.4,60.02,82216811
2011-08-22,60.57,60.78,58.17,59.73,155925881
2011-08-23,59.0,59.87,58.79,59.29,113867898
2011-08-24,58.26,58.95,57.12,58.46,161780549
2011-08-25,60.61,60.86,58.7,59.61,137433634
2011-08-26,60.74,60.8,60.58,60.67,171854176
2011-08-27,60.94,61.59,60.05,60.12,59051892
2011-08-28,59.29,61.11,59.07,60.7,69396538
2011-08-29,58.78,59.86,57.9,59.84,97391088
2011-08-30,63.47,63.84,60.32,61.09,107292647
2011-08-31,60.37,61.62,60.3,60.89,99717124
2011-09-01,60.12,60.99,59.51,60.36,92116474
2011-09-02,58.18,59.08,58.11,58.99,161904831
2011-09-03,60.5,60.88,59.63,59.63,78386257
2011-09-04,56.89,57.39,56.86,57.07,91830909
2011-09-05,57.65,58.57,56.92,57.45,125893354
2011-09-06,56.91,57.15,56.75,57.12,67051441
2011-09-07,58.92,60.32,57.01,57.99,86379997
2011-09-08,57.64,58.46,57.11,58.26,78290940
2011-09-09,60.95,61.27,57.51,59.25,130583388
2011-09-10,59.68,59.79,59.61,59.62,133902472
2011-09-11,58.83,59.03,57.91,58.64,169618780
2011-09-12,59.48,59.97,57.84,58.44,128888610
2011-09-13,57.28,59.43,56.1,58.5,65964401
2011-09-14,58.75,58.82,58.13,58.76,126416482
2011-09-15,59.5,59.61,59.34,59.59,114278671
2011-09-16,56.31,56.89,55.83,56.59,181512267
2011-09-17,57.83,58.02,56.63,57.17,79924030
2011-09-18,57.43,58.74,56.62,57.17,135551822
2011-09-19,57.18,57.86,56.94,57.31,68956850
2011-09-20,58.18,58.26,57.96,58.18,166136997
2011-09-21,59.93,60.5,59.93,59.96,110324666
2011-09-22,59.97,60.59,59.58,59.71,86317167
2011-09-23,59.79,61.59,59.54,60.56,105887234
2011-09-24,60.72,61.78,58.86,61.39,88002879
2011-09-25,60.88,62.18,60.35,60.59,94954959
2011-09-26,57.47,60.42,56.77,59.1,153466904
2011-09-27,56.96,58.39,56.57,58.28,80468835
2011-09-28,56.8,58.53,56.8,58.07,85219365
2011-09-29,58.75,59.65,57.29,57.89,92814515
2011-09-30,57.05,58.22,56.89,58.06,100991042
2011-10-01,57.81,58.87,57.62,58.31,144847449
2011-10-02,55.65,57.54,55.57,56.98,143907032
2011-10-03,58.33,58.42,57.05,57.52,65901721
2011-10-04,58.67,60.03,58.1,59.12,113157073
2011-10-05,58.75,58.94,58.62,58.9,79216438
2011-10-06,57.08,58.99,56.53,58.74,63992734
2011-10-07,57.15,58.07,55.01,56.99,113759354
2011-10-08,55.72,56.33,55.62,55.74,130241580
2011-10-09,55.05,55.52,54.61,55.34,75908497
2011-10-10,55.47,55.82,54.41,55.48,147792991
2011-10-11,55.71,56.07,55.44,56.0,66203470
2011-10-12,56.09,56.31,55.64,55.71,156527914
2011-10-13,55.48,56.81,55.39,55.93,60276323
2011-10-14,55.6,57.01,54.17,55.12,113523884
2011-10-15,55.36,55.99,54.59,55.54,155103250
2011-10-16,54.72,55.36,54.43,54.57,143070586
2011-10-17,55.08,55.31,53.07,54.31,128865119
2011-10-18,54.37,54.89,53.07,54.2,119453875
2011-10-19,52.16,52.18,51.86,52.09,168751488
2011-10-20,52.4,53.76,51.64,53.06,116250844
2011-10-21,52.27,52.65,51.89,52.41,113830586
2011-10-22,51.9,52.18,51.76,51.92,141927265
2011-10-23,52.3,52.94,51.86,52.07,83134942
2011-10-24,52.09,52.54,51.56,52.29,75729672
2011-10-25,53.05,53.12,52.72,52.8,131599514
2011-10-26,51.99,52.01,51.87,51.92,62118618
2011-10-27,52.69,53.88,51.47,52.87,142739120
2011-10-28,53.76,54.27,53.4,53.72,168831569
2011-10-29,53.62,54.53,52.64,53.78,145711694
2011-10-30,53.61,54.18,53.55,53.67,151955275
2011-10-31,55.81,55.88,53.84,54.8,142460205
2011-11-01,53.93,55.21,53.44,54.98,53691395
2011-11-02,55.08,55.71,54.69,55.05,65222113
2011-11-03,54.6,55.04,54.45,54.88,73974737
2011-11-04,54.78,55.79,54.68,55.26,144900565
2011-11-05,54.76,55.45,53.9,55.16,62716891
2011-11-06,54.81,55.87,54.54,55.67,76617559
2011-11-07,58.25,59.05,57.51,58.0,100796755
2011-11-08,56.44,57.17,55.87,56.25,192633349
2011-11-09,56.09,56.23,55.65,55.85,152550589
2011-11-10,55.32,55.49,54.76,54.76,140287733
2011-11-11,53.1,54.01,52.35,53.81,143509372
2011-11-12,54.67,54.93,54.65,54.7,159905584
2011-11-13,56.82,57.08,55.92,56.33,150050352
2011-11-14,56.73,56.98,56.24,56.51,111645472
2011-11-15,55.62,57.47,55.6,55.75,82826747
2011-11-16,55.15,55.18,54.58,54.82,123100873
2011-11-17,54.88,54.95,54.48,54.7,132929399
2011-11-18,56.52,56.61,55.29,56.35,191755049
2011-11-19,55.38,56.16,54.95,55.57,122892245
2011-11-20,55.75,56.19,54.74,55.88,100278740
2011-11-21,55.04,55.65,54.63,54.87,125241024
2011-11-22,55.29,56.65,54.21,55.89,155409368
2011-11-23,55.06,56.01,54.82,55.73,55730317
2011-11-24,54.98,55.0,54.71,54.93,99073409
2011-11-25,55.22,55.63,53.53,54.52,106731495
2011-11-26,53.88,54.03,53.52,53.78,137557543
2011-11-27,54.18,54.67,53.98,53.99,79428480
2011-11-28,54.42,55.03,54.39,55.0,62348894
2011-11-29,56.65,57.18,55.31,55.39,102886144
2011-11-30,56.51,56.73,56.1,56.18,77095844
2011-12-01,57.06,57.31,56.87,57.18,158655156
2011-12-02,56.95,58.23,56.64,57.53,134694519
2011-12-03,55.19,55.46,55.16,55.27,184216024
2011-12-04,54.42,55.24,53.14,54.21,72139219
2011-12-05,53.64,54.21,53.41,53.47,144631909
2011-12-06,53.6,53.75,53.57,53.75,130995466
2011-12-07,51.68,53.79,50.44,52.1,117278453
2011-12-08,51.69,51.81,51.31,51.59,58594349
2011-12-09,51.28,52.05,51.15,52.03,89680233
2011-12-10,51.67,51.81,51.6,51.77,60940610
2011-12-11,52.28,52.37,51.58,52.31,148172510
2011-12-12,52.45,52.7,50.58,52.14,109086729
2011-12-13,51.86,53.22,51.57,51.94,99237325
2011-12-14,50.93,51.49,50.03,51.19,94198289
2011-12-15,50.43,51.58,50.2,50.46,120308769
2011-12-16,51.95,52.21,50.52,52.06,81287050
2011-12-17,51.2,51.42,50.25,50.96,122205969
2011-12-18,51.88,52.29,50.58,51.54,69630759
2011-12-19,53.14,53.26,51.94,52.03,94447806
2011-12-20,53.08,53.26,52.61,52.86,88137886
2011-12-21,51.32,51.5,49.9,51.46,153511088
2011-12-22,51.57,51.95,51.56,51.75,53201335
2011-12-23,49.99,50.93,49.93,50.46,98299005
2011-12-24,52.28,52.33,50.55,50.66,135569039
2011-12-25,50.68,51.17,48.98,49.85,90300164
2011-12-26,49.1,50.4,49.09,49.79,70358691
2011-12-27,50.13,50.48,49.09,49.21,111611358
2011-12-28,48.55,48.88,47.92,48.46,157168018
2011-12-29,47.71,48.37,47.38,47.87,67522661
2011-12-30,47.03,47.39,46.21,46.74,163173139
2011-12-31,45.72,45.74,45.7,45.72,123495789
2012-01-01,45.92,46.12,45.41,45.64,93070677
2012-01-02,46.02,47.46,45.05,46.14,70735057
2012-01-03,46.05,47.05,45.01,46.32,86626682
2012-01-04,46.96,47.07,45.84,46.84,57805360
2012-01-05,46.15,46.24,45.14,45.95,62279042
2012-01-06,46.62,46.79,46.09,46.32,128104263
2012-01-07,46.13,46.18,45.27,45.73,93046974
2012-01-08,44.79,45.18,44.67,45.03,143926226
2012-01-09,44.22,45.36,43.06,44.79,111670678
2012-01-10,43.93,44.23,43.54,43.91,91390968
2012-01-11,44.01,44.64,43.96,44.4,138369485
2012-01-12,43.35,43.88,42.94,43.69,104687366
2012-01-13,43.36,43.96,43.22,43.3,136518945
2012-01-14,44.7,45.68,44.26,44.4,103589805
2012-01-15,43.46,44.53,43.05,43.52,137741674
2012-01-16,43.13,44.14,42.06,42.84,119587210
2012-01-17,42.62,43.94,42.5,42.62,100446242
2012-01-18,42.91,43.31,42.44,43.0,60063285
2012-01-19,41.87,42.2,41.8,41.92,92920026
2012-01-20,42.38,43.02,41.58,42.42,111978906
2012-01-21,41.45,43.0,41.09,42.71,119790948
2012-01-22,42.41,42.84,41.56,42.04,131540404
2012-01-23,41.7,42.39,41.69,41.81,116191969
2012-01-24,41.92,42.1,40.31,41.54,96202837
2012-01-25,40.81,41.58,40.02,40.95,59590115
2012-01-26,41.59,42.58,40.33,41.73,79117202
2012-01-27,41.79,42.55,41.47,41.87,66348945
2012-01-28,43.37,43.39,42.82,42.86,113273437
2012-01-29,43.28,43.5,42.77,43.14,146524601
2012-01-30,42.96,43.3,42.45,42.77,74723416
2012-01-31,43.45,43.47,42.73,43.39,119161213
2012-02-01,42.81,43.75,42.75,43.45,60267517
2012-02-02,43.44,43.89,43.15,43.24,96065760
2012-02-03,43.32,43.42,42.95,43.23,62841943
2012-02-04,43.58,44.1,43.29,43.39,134600605
2012-02-05,44.93,44.95,43.64,44.29,121342954
2012-02-06,44.45,44.47,44.15,44.24,94862546
2012-02-07,44.43,44.67,44.35,44.56,81725188
2012-02-08,44.52,45.25,44.14,44.28,99210659
2012-02-09,45.06,45.12,42.92,44.04,63664798
2012-02-10,44.63,45.02,43.51,44.41,94533629
2012-02-11,45.41,45.94,45.01,45.38,106775949
2012-02-12,45.95,47.73,45.69,46.48,143731295
2012-02-13,46.18,46.38,45.8,46.23,77555384
2012-02-14,46.33,46.8,45.73,46.08,95992953
2012-02-15,46.1,46.87,45.96,46.48,149315152
2012-02-16,47.62,47.67,47.09,47.37,162396392
2012-02-17,47.89,48.18,47.87,47.94,103307388
2012-02-18,47.92,48.97,47.77,48.57,121486251
2012-02-19,49.72,50.11,49.29,49.72,98926818
2012-02-20,50.32,50.65,49.55,50.41,59015976
2012-02-21,50.87,51.02,50.21,50.39,54860638
2012-02-22,50.45,50.7,50.12,50.33,148834921
2012-02-23,50.12,50.37,49.94,50.34,96985957
2012-02-24,49.58,51.12,49.36,50.13,76984396
2012-02-25,50.41,50.6,50.2,50.54,55321058
2012-02-26,50.6,50.85,50.38,50.68,147252767
2012-02-27,50.23,50.62,49.84,50.51,132083837
2012-02-28,49.79,49.86,49.49,49.68,79522753
2012-02-29,49.05,49.48,48.84,49.05,99237903
2012-03-01,49.3,51.44,49.06,50.0,139425114
2012-03-02,50.05,50.18,49.66,49.71,113216727
2012-03-03,48.4,48.93,47.86,48.25,126139420
2012-03-04,48.81,49.3,47.99,48.53,124350609
2012-03-05,47.99,48.31,47.49,48.1,113528637
2012-03-06,48.42,48.84,47.88,48.34,120921412
2012-03-07,47.88,47.99,47.71,47.81,96135083
2012-03-08,48.06,48.34,48.02,48.14,143838070
2012-03-09,47.32,48.69,47.27,47.57,56420416
2012-03-10,46.32,46.83,45.88,46.44,170075250
2012-03-11,45.09,46.06,44.65,45.5,168061013
2012-03-12,44.49,44.98,44.01,44.88,133052823
2012-03-13,44.8,45.25,44.64,45.16,154663919
2012-03-14,45.65,46.13,45.41,45.63,75405958
2012-03-15,44.18,44.37,44.07,44.11,165948760
2012-03-16,45.84,46.11,45.56,45.71,141165322
2012-03-17,45.51,46.34,43.99,44.82,128602734
2012-03-18,44.09,44.75,44.06,44.54,101011258
2012-03-19,44.51,44.9,44.32,44.56,126465380
2012-03-20,46.75,47.64,44.69,46.04,79110640
2012-03-21,46.3,46.35,45.86,46.27,147169365
2012-03-22,45.08,46.01,43.7,45.7,133850841
2012-03-23,44.56,46.66,44.5,45.49,98444866
2012-03-24,45.23,45.82,44.39,45.36,100528660
2012-03-25,45.55,46.43,44.43,45.11,132454218
2012-03-26,45.08,46.23,44.65,45.35,58578559
2012-03-27,46.33,46.69,45.87,45.94,134592077
2012-03-28,46.69,46.98,46.56,46.67,107344707
2012-03-29,47.58,47.99,46.61,47.14,141069384
2012-03-30,46.44,47.02,46.42,46.77,97717359
2012-03-31,47.98,48.11,46.19,47.38,147747273
2012-04-01,46.62,46.68,46.31,46.62,169029837
2012-04-02,47.92,48.13,46.87,47.73,179956610
2012-04-03,48.5,51.93,47.44,48.92,157151630
2012-04-04,47.77,48.73,47.63,48.66,100505694
2012-04-05,47.89,48.31,47.56,47.73,162166594
2012-04-06,48.47,48.98,48.38,48.59,134957012
2012-04-07,47.92,47.95,47.78,47.92,80343199
2012-04-08,47.12,47.42,46.48,46.82,127340191
2012-04-09,47.66,48.24,47.6,47.75,104010228
2012-04-10,47.35,47.71,46.29,47.2,115654147
2012-04-11,46.8,48.18,45.9,46.66,62174152
2012-04-12,45.88,46.16,45.4,45.98,68901089
2012-04-13,45.28,46.55,44.91,45.62,59247524
2012-04-14,44.87,45.59,44.53,45.35,64260561
2012-04-15,45.14,45.34,43.73,44.56,167920200
2012-04-16,44.46,45.22,43.79,44.0,137326660
2012-04-17,43.88,44.64,43.8,43.93,89305965
2012-04-18,42.94,43.12,42.72,42.92,82074909
2012-04-19,44.01,44.29,43.78,43.86,149058366
2012-04-20,43.39,44.38,43.05,43.37,66808983
2012-04-21,43.79,43.94,43.15,43.59,142689506
2012-04-22,44.0,44.69,43.18,43.44,141986171
2012-04-23,43.31,43.51,43.03,43.19,81579606
2012-04-24,43.42,43.62,42.73,43.15,55642200
2012-04-25,43.2,43.24,42.71,42.78,78527419
2012-04-26,43.96,44.14,43.11,43.4,132286190
2012-04-27,43.76,44.68,43.32,43.75,132573220
2012-04-28,43.12,43.36,42.39,42.8,89061172
2012-04-29,42.84,42.92,42.77,42.82,77331340
2012-04-30,42.44,43.97,42.22,43.14,124310546
2012-05-01,43.73,44.15,43.57,43.99,147866473
2012-05-02,44.03,44.06,43.91,44.02,70548579
2012-05-03,44.41,44.87,44.4,44.78,151475589
2012-05-04,44.73,45.03,44.56,44.8,140986677
2012-05-05,46.2,46.25,44.82,45.3,156125159
2012-05-06,45.11,45.59,44.81,45.1,153057142
2012-05-07,44.54,45.84,44.41,45.04,57395465
2012-05-08,45.21,46.17,44.68,45.58,124674632
2012-05-09,45.57,46.13,45.15,45.37,135376861
2012-05-10,44.96,45.04,44.81,44.94,133296054
2012-05-11,44.41,45.17,44.22,44.68,63055616
2012-05-12,44.06,44.61,42.85,43.74,160069430
2012-05-13,42.67,43.37,42.08,43.31,103650915
2012-05-14,43.69,44.05,42.88,43.89,134825765
2012-05-15,44.83,45.14,44.63,44.88,119822445
2012-05-16,44.54,45.62,44.33,45.01,110478461
2012-05-17,46.44,46.48,46.29,46.34,144885051
2012-05-18,46.47,47.15,45.78,46.98,91368494
2012-05-19,47.59,47.93,46.75,47.4,95037458
2012-05-20,47.06,47.47,46.28,47.34,139700109
2012-05-21,46.58,46.9,46.51,46.57,83781135
2012-05-22,46.42,46.86,44.76,46.14,137212626
2012-05-23,46.33,47.16,45.78,46.78,79169317
2012-05-24,46.74,46.89,46.5,46.72,116434012
2012-05-25,47.5,48.78,46.55,46.57,137184538
2012-05-26,45.68,45.75,45.46,45.62,170481771
2012-05-27,46.35,46.75,45.87,46.03,161746462
2012-05-28,46.2,46.36,45.5,46.08,117910177
2012-05-29,47.2,47.36,47.17,47.26,164228563
2012-05-30,47.88,48.24,47.5,47.51,58807524
2012-05-31,49.52,49.52,47.63,48.96,97954386
2012-06-01,50.39,51.17,50.36,50.71,136661101
2012-06-02,50.96,51.11,50.21,50.44,125293008
2012-06-03,50.42,50.55,49.83,50.01,151060775
2012-06-04,50.45,51.66,49.94,50.74,132709402
2012-06-05,51.52,51.58,50.73,51.21,157912673
2012-06-06,51.36,52.51,50.54,51.41,135855884
2012-06-07,49.69,49.98,49.29,49.9,112843700
2012-06-08,48.58,50.84,47.04,49.34,77756817
2012-06-09,50.81,51.37,50.24,50.69,86385077
2012-06-10,49.66,50.99,49.41,50.86,56702747
2012-06-11,52.03,52.34,51.86,52.02,70033152
2012-06-12,51.98,52.0,51.28,51.4,70068236
2012-06-13,51.82,52.79,49.69,50.81,143437489
2012-06-14,50.83,51.22,50.67,51.18,68961697
2012-06-15,50.48,51.03,50.37,50.92,80062136
2012-06-16,52.15,52.16,51.75,52.01,156912287
2012-06-17,52.92,54.33,52.68,52.8,121967860
2012-06-18,52.8,53.17,52.63,52.97,121386450
2012-06-19,53.19,54.06,52.26,52.94,54745068
2012-06-20,52.46,52.9,52.21,52.59,105835833
2012-06-21,53.8,53.92,52.78,53.0,120299366
2012-06-22,53.93,55.1,52.13,53.5,87987859
2012-06-23,54.15,54.33,53.6,54.04,72896471
2012-06-24,52.17,52.5,52.1,52.41,77867048
2012-06-25,52.69,53.07,52.44,52.64,144401065
2012-06-26,52.09,52.9,52.06,52.4,63400254
2012-06-27,53.78,55.08,52.6,53.03,121968554
2012-06-28,53.65,54.47,53.25,54.2,98632985
2012-06-29,54.05,55.29,53.81,54.57,102664989
2012-06-30,54.13,54.15,53.72,53.97,114611161
2012-07-01,53.81,53.85,53.47,53.78,59560979
2012-07-02,52.98,53.77,52.49,52.82,79435251
2012-07-03,52.61,52.82,51.61,52.27,103560032
2012-07-04,52.06,52.81,52.02,52.05,141945065
2012-07-05,53.05,54.41,52.16,53.01,97622633
2012-07-06,52.93,53.23,52.89,53.0,114540521
2012-07-07,53.2,53.31,52.83,53.31,119566496
2012-07-08,53.25,53.82,52.75,53.22,125788176
2012-07-09,54.73,54.8,54.44,54.58,100327917
2012-07-10,54.0,54.1,53.93,54.01,164045419
2012-07-11,54.12,54.28,53.74,54.0,76705253
2012-07-12,53.95,54.48,53.95,54.42,75019389
2012-07-13,53.62,54.38,52.91,53.86,114510876
2012-07-14,53.51,53.98,53.23,53.43,114772827
2012-07-15,53.68,54.1,53.41,53.77,109421907
2012-07-16,53.32,53.94,53.18,53.76,96346165
2012-07-17,53.03,53.31,52.66,53.06,101704525
2012-07-18,53.49,54.08,52.8,53.59,62410470
2012-07-19,53.39,53.4,52.92,52.94,163287515
2012-07-20,55.01,55.65,53.75,55.11,199008293
2012-07-21,57.52,58.6,56.59,56.77,105281285
2012-07-22,55.14,58.35,55.05,57.19,99795023
2012-07-23,53.91,54.62,53.65,54.02,177798779
2012-07-24,53.34,54.03,52.33,52.81,107895081
2012-07-25,53.4,53.76,52.33,53.09,77769398
2012-07-26,54.32,54.53,54.1,54.19,160795477
2012-07-27,51.75,52.92,50.63,52.46,195955481
2012-07-28,51.97,52.45,51.67,52.0,101545871
2012-07-29,52.45,52.52,52.1,52.37,89894626
2012-07-30,51.96,52.09,51.53,51.84,110067953
2012-07-31,50.68,51.71,49.68,51.43,158343834
2012-08-01,52.53,52.93,52.05,52.06,88227600
2012-08-02,51.59,51.6,50.98,51.03,93989206
2012-08-03,52.0,52.37,51.19,51.83,170649738
2012-08-04,53.73,53.87,50.84,52.21,135411550
2012-08-05,51.63,51.73,50.53,51.55,96809549
2012-08-06,52.75,53.0,52.04,52.16,58773342
2012-08-07,51.77,52.2,51.69,51.84,105935555
2012-08-08,50.48,50.91,49.55,50.22,140561621
2012-08-09,50.54,52.16,49.54,50.13,69251733
2012-08-10,50.45,50.64,50.16,50.47,126362754
2012-08-11,51.05,51.14,50.96,51.04,113811734
2012-08-12,50.46,50.95,49.36,50.01,151574236
2012-08-13,49.85,51.25,49.05,50.6,76593795
2012-08-14,49.52,53.6,49.15,50.34,83862196
2012-08-15,50.53,50.69,49.97,50.5,118786761
2012-08-16,49.74,50.65,49.74,50.56,129955310
2012-08-17,49.92,50.71,49.42,50.43,88837079
2012-08-18,50.23,52.2,50.08,51.08,114743527
2012-08-19,51.8,52.73,51.64,52.32,140894593
2012-08-20,53.45,53.79,52.49,52.79,141215577
2012-08-21,51.44,52.67,51.36,52.16,159733171
2012-08-22,53.24,53.34,52.21,52.64,102275002
2012-08-23,51.45,52.82,51.39,52.27,150753591
2012-08-24,51.42,51.59,51.09,51.34,94342603
2012-08-25,52.23,53.26,51.45,51.53,93560660
2012-08-26,49.89,50.55,49.34,50.03,128927378
2012-08-27,49.86,50.88,49.71,49.84,74316416
2012-08-28,49.48,49.51,49.13,49.44,144097825
2012-08-29,48.97,49.43,48.8,49.18,156096530
2012-08-30,48.28,50.05,48.19,48.45,61589036
2012-08-31,48.21,48.31,47.7,48.0,64404831
2012-09-01,48.5,48.89,48.19,48.43,102311548
2012-09-02,49.6,49.67,48.69,49.43,142559079
2012-09-03,50.26,50.29,50.1,50.23,88075156
2012-09-04,50.28,50.5,50.18,50.25,102496074
2012-09-05,51.61,51.91,51.47,51.64,158443399
2012-09-06,52.5,53.08,51.46,52.64,116430803
2012-09-07,53.5,54.06,52.22,52.95,105339607
2012-09-08,53.36,53.39,52.44,52.92,117069431
2012-09-09,52.01,52.27,51.99,52.21,148887848
2012-09-10,52.86,53.52,52.76,53.16,126328683
2012-09-11,53.11,53.2,53.05,53.18,98095046
2012-09-12,53.57,54.32,51.05,51.71,153480708
2012-09-13,51.15,51.64,50.44,50.63,78042282
2012-09-14,50.43,51.12,50.4,50.89,103392201
2012-09-15,50.07,50.36,49.1,49.96,131852495
2012-09-16,50.48,51.0,50.2,50.5,147570204
2012-09-17,51.2,51.71,49.1,50.65,108024972
2012-09-18,50.48,51.02,50.39,50.51,94175649
2012-09-19,51.11,51.72,50.83,51.06,109856619
2012-09-20,50.34,51.64,50.02,50.55,57329622
2012-09-21,49.07,49.63,48.99,49.5,132643819
2012-09-22,50.23,50.81,48.93,49.32,135867232
2012-09-23,48.83,50.89,47.73,48.4,61119699
2012-09-24,48.68,49.56,48.39,48.96,82960475
2012-09-25,48.57,48.67,48.02,48.53,138629010
2012-09-26,47.94,49.65,47.9,49.17,165654066
2012-09-27,49.03,49.17,48.53,48.93,67402200
2012-09-28,49.6,49.61,49.29,49.39,134798513
2012-09-29,49.53,51.41,48.64,49.68,143244053
2012-09-30,49.03,49.34,48.7,49.13,149502186
2012-10-01,48.29,48.91,47.98,48.13,157673330
2012-10-02,49.08,49.31,47.44,48.48,133220643
2012-10-03,47.81,48.63,47.69,48.26,150411829
2012-10-04,48.01,48.39,47.77,47.84,83880825
2012-10-05,47.11,47.66,45.97,47.55,56475520
2012-10-06,47.85,47.91,45.11,47.54,51385593
2012-10-07,47.24,48.11,47.11,47.76,97353845
2012-10-08,49.14,50.51,48.1,48.25,134837622
2012-10-09,48.77,48.87,48.2,48.29,91614263
2012-10-10,48.88,49.48,48.79,48.94,148899560
2012-10-11,49.89,50.0,49.06,49.42,61314968
2012-10-12,48.9,49.9,48.52,48.76,118138339
2012-10-13,47.28,47.33,46.16,46.77,120968550
2012-10-14,48.34,48.44,47.54,47.9,101981758
2012-10-15,46.56,48.3,46.19,48.12,95382034
2012-10-16,48.2,48.63,47.1,48.17,117578484
2012-10-17,47.2,49.94,46.87,47.41,73153314
2012-10-18,49.13,49.32,48.6,48.9,125955109
2012-10-19,48.58,49.9,48.2,49.07,135098845
2012-10-20,50.05,50.07,49.84,49.88,103150288
2012-10-21,50.5,50.53,50.28,50.33,83339494
2012-10-22,51.24,52.53,49.94,51.1,141795438
2012-10-23,51.95,52.05,51.34,51.77,103708429
2012-10-24,52.38,52.38,52.32,52.36,97869355
2012-10-25,53.89,54.01,53.32,53.51,98270376
2012-10-26,53.84,54.96,52.18,54.15,165508134
2012-10-27,55.52,55.62,53.63,55.0,81253308
2012-10-28,55.07,55.75,54.56,55.74,168169873
2012-10-29,56.26,56.51,56.03,56.09,58839982
2012-10-30,56.43,56.52,55.98,56.02,86575967
2012-10-31,57.42,57.55,55.66,56.41,110040695
2012-11-01,56.1,56.63,55.17,55.83,108126093
2012-11-02,55.33,55.5,54.62,55.07,94899848
2012-11-03,55.02,57.99,54.53,56.39,151094776
2012-11-04,58.1,58.1,57.9,58.07,146188049
2012-11-05,57.45,57.89,57.24,57.59,106256917
2012-11-06,57.31,58.64,56.82,56.92,111914132
2012-11-07,57.81,58.65,57.61,58.24,144692823
2012-11-08,57.71,57.91,56.98,57.66,127390095
2012-11-09,56.43,56.49,56.4,56.44,115606214
2012-11-10,57.06,57.78,57.01,57.55,125718134
2012-11-11,57.39,57.5,56.93,57.27,107043122
2012-11-12,56.11,56.12,55.86,56.01,168683016
2012-11-13,56.7,56.78,56.66,56.67,159870386
2012-11-14,56.6,57.08,55.47,56.82,109942404
2012-11-15,56.61,57.45,56.43,56.64,124220804
2012-11-16,57.67,58.09,56.56,56.85,97641431
2012-11-17,54.78,57.02,54.04,55.59,77174320
2012-11-18,54.29,55.17,53.17,54.18,161771011
2012-11-19,54.24,55.18,53.76,54.28,51376290
2012-11-20,54.39,56.04,53.94,54.56,90222062
2012-11-21,54.09,54.51,53.62,53.92,142869830
2012-11-22,54.29,54.46,54.14,54.33,61982060
2012-11-23,55.53,55.7,54.36,54.81,94797463
2012-11-24,55.28,55.33,54.58,54.9,113808765
2012-11-25,53.83,55.08,53.43,54.62,76545014
2012-11-26,55.12,56.39,54.94,55.3,121438120
2012-11-27,54.63,55.13,53.69,54.86,161302889
2012-11-28,54.91,55.34,54.6,54.81,104551855
2012-11-29,56.58,57.35,55.41,55.56,157480702
2012-11-30,55.97,57.14,55.93,56.36,150875179
2012-12-01,54.91,56.83,54.76,56.48,120548587
2012-12-02,56.46,56.54,56.44,56.5,145883239
2012-12-03,55.62,56.97,55.1,56.2,103651450
2012-12-04,56.45,56.62,56.1,56.6,97394816
2012-12-05,56.08,56.53,55.76,55.99,126498264
2012-12-06,54.66,55.12,54.02,54.14,95784929
2012-12-07,53.79,54.27,53.71,53.91,118719486
2012-12-08,53.43,53.92,52.01,53.25,59515530
2012-12-09,52.53,53.46,51.63,52.97,100864305
2012-12-10,52.79,53.31,51.88,52.45,150619731
2012-12-11,53.27,53.73,51.87,52.71,122464383
2012-12-12,52.47,52.66,52.21,52.34,66194992
2012-12-13,52.25,52.29,52.06,52.11,83009017
2012-12-14,52.26,52.3,51.45,51.64,142110266
2012-12-15,50.72,51.52,50.71,50.91,160518747
2012-12-16,51.17,51.43,50.69,51.09,62583675
2012-12-17,51.82,51.88,51.75,51.76,97739821
2012-12-18,51.75,52.94,50.85,52.11,106784305
2012-12-19,51.5,52.09,50.01,51.72,68558014
2012-12-20,53.93,54.19,52.0,53.32,159539395
2012-12-21,52.09,52.26,51.83,52.24,68591375
2012-12-22,51.73,52.68,50.74,52.22,140501313
2012-12-23,51.57,51.63,51.27,51.31,145839104
2012-12-24,52.0,52.02,51.74,51.81,128887814
2012-12-25,52.04,52.32,50.57,51.28,129904892
2012-12-26,50.87,51.18,50.85,50.94,113926498
2012-12-27,50.93,50.97,48.84,50.64,85026343
2012-12-28,51.34,51.67,50.82,51.63,149413617
2012-12-29,52.05,52.3,51.52,52.15,87796914
2012-12-30,50.84,52.82,50.39,51.28,136003873
2012-12-31,51.33,52.27,50.33,50.43,85863021
2013-01-01,51.46,52.17,50.26,51.55,63495629
2013-01-02,50.67,51.68,48.84,50.71,121849534
2013-01-03,51.69,51.75,51.28,51.65,159255860
2013-01-04,51.12,51.95,51.07,51.23,132597315
2013-01-05,51.68,52.6,50.55,50.96,79770328
2013-01-06,50.88,51.19,50.68,50.74,133854253
2013-01-07,52.11,52.36,51.64,51.64,102280386
2013-01-08,51.68,52.21,51.15,52.15,141035631
2013-01-09,53.41,53.59,51.99,52.81,60995680
2013-01-10,50.31,52.14,49.77,51.55,180570100
2013-01-11,52.0,52.15,51.37,51.86,57420404
2013-01-12,51.72,52.29,51.66,51.94,113855727
2013-01-13,53.39,54.2,53.29,53.91,76809948
2013-01-14,53.78,53.98,53.74,53.75,128807934
2013-01-15,54.12,54.51,53.63,54.03,96128417
2013-01-16,53.66,53.69,53.13,53.67,141340076
2013-01-17,55.01,55.14,54.51,54.9,62521464
2013-01-18,54.49,54.88,54.1,54.64,142243594
2013-01-19,55.39,56.11,55.0,55.56,80556741
2013-01-20,56.3,56.45,54.91,56.12,100004279
2013-01-21,56.77,56.9,56.45,56.5,78669219
2013-01-22,55.39,55.39,54.92,54.99,136831607
2013-01-23,54.16,54.51,52.53,54.08,147934224
2013-01-24,53.71,54.69,52.54,54.04,123445275
2013-01-25,53.46,54.38,52.81,54.28,63735785
2013-01-26,56.34,56.56,55.29,55.4,177025326
2013-01-27,54.24,55.06,53.01,54.76,160993526
2013-01-28,57.03,57.14,56.01,56.39,102889145
2013-01-29,57.23,57.56,55.52,56.85,56244762
2013-01-30,56.91,57.85,56.19,57.28,141251711
2013-01-31,57.52,57.78,56.73,57.19,128746533
2013-02-01,56.67,57.16,56.24,56.93,99011014
2013-02-02,58.11,58.57,56.31,56.42,157419195
2013-02-03,57.51,57.61,56.6,57.2,63132457
2013-02-04,57.64,58.06,57.3,57.31,136992233
2013-02-05,57.68,57.74,56.04,56.68,88709431
2013-02-06,59.19,59.38,57.04,57.78,156378335
2013-02-07,56.91,57.39,56.45,56.89,154146035
2013-02-08,56.11,57.73,55.25,57.01,90421331
2013-02-09,57.41,57.91,56.54,56.83,55267630
2013-02-10,57.19,57.24,56.83,57.18,106550132
2013-02-11,56.67,56.69,56.14,56.15,152754121
2013-02-12,55.88,56.99,54.42,55.66,152524391
2013-02-13,55.14,55.31,55.14,55.15,74185165
2013-02-14,56.53,56.83,53.95,55.57,66463204
2013-02-15,55.6,55.98,55.55,55.86,150427320
2013-02-16,56.05,56.09,55.81,55.99,135412225
2013-02-17,60.04,60.34,58.76,59.19,224061928
2013-02-18,59.32,59.38,59.04,59.08,59148375
2013-02-19,59.57,59.81,59.24,59.41,100968243
2013-02-20,60.5,60.79,59.6,59.63,64498907
2013-02-21,60.46,61.49,59.76,60.24,81356154
2013-02-22,61.14,61.17,59.33,60.44,149298135
2013-02-23,59.21,59.44,58.75,59.28,106956778
2013-02-24,60.12,60.28,59.83,59.87,152758846
2013-02-25,61.51,61.59,60.8,60.88,133010223
2013-02-26,60.69,61.13,60.22,60.6,128254025
2013-02-27,59.52,61.94,59.11,60.0,61177289
2013-02-28,61.76,62.46,60.8,61.19,123406235
2013-03-01,61.97,63.09,61.63,62.13,138539649
2013-03-02,60.88,61.31,60.52,61.18,59545596
2013-03-03,61.82,62.17,60.16,61.22,92182345
2013-03-04,62.5,62.7,61.97,62.06,75379537
2013-03-05,64.09,64.51,62.0,63.18,85182664
2013-03-06,63.64,63.72,63.44,63.67,156243177
2013-03-07,64.55,65.02,64.13,64.44,86651051
2013-03-08,66.66,66.66,65.14,65.23,78730476
2013-03-09,63.98,65.37,62.23,65.29,93453278
2013-03-10,66.25,66.45,66.1,66.39,146076809
2013-03-11,67.13,67.19,66.28,66.31,137096432
2013-03-12,65.7,66.05,65.06,65.81,143581606
2013-03-13,66.57,66.69,65.66,66.67,168609961
2013-03-14,67.93,68.15,66.43,66.63,127635936
2013-03-15,68.22,68.55,67.63,68.09,79919833
2013-03-16,68.78,70.04,66.93,68.11,104524723
2013-03-17,66.98,70.6,65.84,67.85,153956444
2013-03-18,66.2,68.25,65.06,66.46,171440521
2013-03-19,67.21,67.56,65.95,66.82,61295322
2013-03-20,68.31,68.7,66.78,67.5,68806270
2013-03-21,68.77,69.98,67.03,68.75,125943013
2013-03-22,70.77,71.22,70.71,70.95,182427873
2013-03-23,71.41,73.92,70.92,71.94,79597182
2013-03-24,71.4,71.77,71.37,71.45,145133700
2013-03-25,71.77,72.0,70.42,71.8,141560014
2013-03-26,72.07,72.48,71.89,71.93,91365176
2013-03-27,73.38,73.41,71.34,73.06,92224066
2013-03-28,75.27,75.52,73.1,74.72,140550759
2013-03-29,73.49,73.82,72.81,73.14,174826977
2013-03-30,73.18,73.96,73.15,73.48,156364973
2013-03-31,73.65,73.85,71.46,72.61,165795366
2013-04-01,72.34,72.47,71.88,72.24,157473435
2013-04-02,74.64,76.96,73.01,74.7,186390321
2013-04-03,75.0,75.44,74.59,75.21,150505521
2013-04-04,78.21,78.91,76.7,76.9,153951143
2013-04-05,79.15,79.2,76.82,78.08,124316432
2013-04-06,80.8,81.09,77.24,79.78,63405124
2013-04-07,79.39,80.63,78.13,79.86,57601957
2013-04-08,80.04,80.29,79.68,80.25,95581480
2013-04-09,81.82,82.39,80.23,81.75,70244824
2013-04-10,83.04,84.61,82.54,82.63,114428900
2013-04-11,83.24,83.42,81.97,83.39,110621647
2013-04-12,83.98,84.99,83.69,84.17,90381459
2013-04-13,84.63,86.97,83.34,84.79,59793063
2013-04-14,85.73,85.84,84.3,84.58,54729227
2013-04-15,85.74,86.29,83.85,84.4,115175404
2013-04-16,81.46,83.89,80.63,82.69,85790920
2013-04-17,81.89,82.02,80.21,81.13,116736760
2013-04-18,81.87,82.16,81.47,81.71,76808651
2013-04-19,81.54,82.09,80.98,81.43,110305078
2013-04-20,83.18,84.26,81.82,83.54,162330119
2013-04-21,82.11,82.12,81.59,81.88,144859980
2013-04-22,81.54,83.6,81.44,82.0,55024463
2013-04-23,81.81,82.33,79.45,81.68,152941355
2013-04-24,82.61,84.99,82.48,84.48,84428728
2013-04-25,82.57,84.82,82.53,83.49,161563969
2013-04-26,82.12,84.01,81.04,81.92,83110308
2013-04-27,85.02,85.66,84.24,84.72,77071863
2013-04-28,85.6,86.2,83.57,84.81,120674058
2013-04-29,84.48,85.84,84.26,85.23,84314644
2013-04-30,84.48,86.94,83.36,85.75,92728979
2013-05-01,85.22,85.58,83.21,84.59,127532025
2013-05-02,84.43,84.83,84.17,84.26,81613466
2013-05-03,84.5,87.23,84.0,84.89,102003339
2013-05-04,84.37,85.4,84.11,84.75,115168908
2013-05-05,84.49,85.57,83.67,84.24,143164409
2013-05-06,83.94,86.14,82.23,84.15,85828781
2013-05-07,83.51,84.24,83.46,83.53,129258416
2013-05-08,83.47,85.99,83.24,85.01,109645993
2013-05-09,85.23,86.32,84.6,85.58,71631953
2013-05-10,83.71,87.3,83.38,85.59,128041202
2013-05-11,85.29,86.5,83.45,84.56,110501352
2013-05-12,85.31,86.51,84.8,86.07,144311051
2013-05-13,86.74,86.83,85.94,86.48,57608741
2013-05-14,84.81,84.99,84.35,84.71,75184749
2013-05-15,86.06,87.15,85.82,86.42,148123577
2013-05-16,85.99,86.04,85.56,85.76,82066098
2013-05-17,88.22,89.62,88.11,88.81,69108705
2013-05-18,87.87,90.07,87.66,88.63,54289696
2013-05-19,90.0,90.49,89.66,89.8,81732291
2013-05-20,88.9,90.24,86.63,89.54,95856773
2013-05-21,89.27,89.68,88.44,89.48,149043291
2013-05-22,91.01,92.42,88.89,90.51,142004965
2013-05-23,90.13,90.46,89.01,90.4,99769966
2013-05-24,89.3,89.83,88.46,89.22,102076022
2013-05-25,88.1,89.87,88.06,89.5,120982328
2013-05-26,89.79,90.15,89.04,89.64,136160114
2013-05-27,88.33,88.5,88.1,88.39,92290346
2013-05-28,92.38,92.45,90.96,91.49,137978367
2013-05-29,93.06,93.56,90.91,91.4,75887754
2013-05-30,90.05,92.65,89.82,91.13,124680200
2013-05-31,89.5,90.11,88.56,89.1,166506130
2013-06-01,86.79,88.41,86.72,88.34,144580771
2013-06-02,87.79,89.88,87.54,88.59,102130583
2013-06-03,89.41,89.96,88.76,89.9,136378801
2013-06-04,91.34,92.56,89.11,89.41,74977696
2013-06-05,90.38,91.66,89.96,90.3,144568646
2013-06-06,92.29,94.13,91.09,92.14,71469039
2013-06-07,89.09,90.55,87.76,90.42,66504476
2013-06-08,89.14,89.23,88.4,88.42,85616263
2013-06-09,91.86,92.71,89.92,90.97,81508755
2013-06-10,88.67,90.69,88.04,88.3,138503674
2013-06-11,89.31,90.31,88.48,88.54,57985891
2013-06-12,85.43,85.58,85.1,85.48,202130563
2013-06-13,83.63,84.54,83.5,83.65,133219422
2013-06-14,85.17,85.83,84.1,84.72,139572797
2013-06-15,83.93,84.7,82.69,84.11,92969917
2013-06-16,86.22,86.84,82.82,83.36,73838022
2013-06-17,84.59,85.28,83.03,83.66,131410263
2013-06-18,83.94,84.03,83.72,83.81,53925075
2013-06-19,83.84,84.5,81.76,82.02,98721439
2013-06-20,80.62,81.53,78.92,80.4,107260298
2013-06-21,81.85,82.01,81.26,81.74,71747848
2013-06-22,81.55,82.3,79.71,80.57,145972456
2013-06-23,81.15,81.28,79.79,80.82,80824037
2013-06-24,81.16,81.99,81.11,81.12,154002293
2013-06-25,80.61,81.49,79.25,81.08,125494241
2013-06-26,81.73,85.23,81.24,82.34,171498998
2013-06-27,84.29,84.67,81.88,83.38,84928162
2013-06-28,84.29,86.22,79.97,83.26,60308992
2013-06-29,81.43,85.03,80.71,82.78,125809747
2013-06-30,79.78,81.64,79.69,80.44,164683167
2013-07-01,78.39,80.42,77.97,79.66,129492509
2013-07-02,80.35,80.55,80.08,80.53,83086883
2013-07-03,78.35,78.62,78.15,78.26,131590752
2013-07-04,78.07,79.17,77.69,78.75,77134001
2013-07-05,77.92,78.11,77.03,77.63,167832382
2013-07-06,77.9,79.08,77.76,78.25,90210113
2013-07-07,76.52,80.49,76.0,76.77,62807897
2013-07-08,78.62,79.12,76.17,76.73,106185735
2013-07-09,75.27,76.81,74.61,75.77,68414148
2013-07-10,76.13,76.8,74.4,75.34,137524847
2013-07-11,73.12,73.9,72.44,73.45,171564170
2013-07-12,75.46,76.63,75.45,76.35,125496804
2013-07-13,75.86,77.66,75.27,77.26,141069541
2013-07-14,74.68,75.1,74.35,74.97,97443544
2013-07-15,74.57,74.75,74.31,74.37,155833601
2013-07-16,77.8,77.85,76.13,76.75,161863605
2013-07-17,77.39,77.95,76.74,77.7,95373560
2013-07-18,77.96,78.64,76.73,78.39,93936559
2013-07-19,77.18,77.92,77.1,77.88,152037810
2013-07-20,79.73,81.36,79.65,80.28,150887008
2013-07-21,79.23,79.26,78.65,79.08,66649984
2013-07-22,81.34,81.41,80.05,81.04,94614506
2013-07-23,76.27,81.61,75.88,79.45,152384658
2013-07-24,79.15,79.35,78.46,78.81,99734015
2013-07-25,79.01,79.47,78.15,78.67,122289210
2013-07-26,79.33,80.2,78.7,79.18,110344728
2013-07-27,79.24,79.62,77.93,79.61,73209687
2013-07-28,82.26,84.47,78.65,79.72,142889877
2013-07-29,79.38,79.49,78.46,78.56,114731212
2013-07-30,76.8,77.81,76.29,77.12,150884389
2013-07-31,77.11,78.3,76.64,76.99,91001999
2013-08-01,79.18,80.09,77.67,78.1,133865666
2013-08-02,79.03,79.27,78.25,78.41,155627184
2013-08-03,77.07,77.07,76.16,77.06,92071231
2013-08-04,79.28,79.38,77.37,79.3,189418576
2013-08-05,80.58,80.64,79.15,79.64,133068749
2013-08-06,82.28,82.55,81.19,81.3,178239616
2013-08-07,79.83,80.7,79.44,80.54,116331221
2013-08-08,80.06,80.13,79.75,79.81,85954868
2013-08-09,81.48,82.36,79.68,79.9,92146399
2013-08-10,78.69,79.0,78.36,78.53,74561095
2013-08-11,81.55,82.83,78.02,80.62,148658893
2013-08-12,81.89,83.39,78.69,81.15,54212017
2013-08-13,81.33,82.24,79.28,80.74,61147461
2013-08-14,81.24,81.25,81.19,81.21,93227504
2013-08-15,80.48,81.12,79.58,79.92,79393093
2013-08-16,79.35,80.83,78.41,79.18,89801822
2013-08-17,80.31,81.74,77.45,79.35,150133673
2013-08-18,76.98,79.41,76.73,77.4,149633322
2013-08-19,75.58,77.19,75.03,75.44,148222071
2013-08-20,75.47,75.76,75.45,75.45,112889678
2013-08-21,75.89,76.52,75.47,75.97,124840580
2013-08-22,78.23,78.37,77.15,78.18,127087948
2013-08-23,74.14,78.01,73.74,76.88,165605511
2013-08-24,78.13,78.53,77.53,78.45,80914741
2013-08-25,79.43,80.04,78.81,79.4,59937230
2013-08-26,82.73,83.76,80.88,81.54,148107096
2013-08-27,83.15,83.18,81.44,81.45,147351598
2013-08-28,81.5,82.53,80.41,81.75,85887242
2013-08-29,84.17,86.25,84.04,84.35,131285274
2013-08-30,84.9,85.3,83.19,83.83,115877596
2013-08-31,85.56,86.74,83.88,86.29,189858216
2013-09-01,86.09,88.63,85.48,86.6,83906526
2013-09-02,87.11,88.29,86.46,87.55,164149311
2013-09-03,87.09,87.59,86.9,87.02,72106035
2013-09-04,85.17,86.27,84.96,85.57,74319334
2013-09-05,83.52,89.68,82.27,86.02,94751276
2013-09-06,84.87,85.16,84.24,84.9,59931978
2013-09-07,85.04,86.15,84.27,84.42,140718444
2013-09-08,85.49,87.06,84.44,84.7,143118417
2013-09-09,84.32,86.77,84.27,85.54,83844886
2013-09-10,85.79,86.02,85.62,85.79,136686891
2013-09-11,85.16,85.44,83.89,85.4,65249184
2013-09-12,84.91,85.46,83.88,84.54,97228961
2013-09-13,84.33,84.61,84.05,84.43,60720893
2013-09-14,83.28,84.45,82.61,83.92,137525976
2013-09-15,84.48,84.55,83.58,83.85,105590647
2013-09-16,85.72,85.88,84.14,85.16,99120315
2013-09-17,87.87,88.57,84.94,86.74,81179744
2013-09-18,86.48,86.87,85.59,86.09,127282482
2013-09-19,86.42,86.66,86.27,86.47,114545600
2013-09-20,88.07,88.15,86.93,87.54,105775695
2013-09-21,87.31,87.43,85.21,86.9,83799169
2013-09-22,89.53,90.5,89.16,89.56,77391993
2013-09-23,91.97,92.88,90.77,91.05,65735411
2013-09-24,90.49,92.32,89.75,91.77,140000259
2013-09-25,92.14,92.44,87.96,91.74,137743194
2013-09-26,92.1,96.31,90.05,92.92,102824483
2013-09-27,94.74,97.26,94.68,96.39,156566330
2013-09-28,99.78,100.04,97.03,97.93,139808644
2013-09-29,96.57,97.24,95.95,97.1,140645478
2013-09-30,98.62,98.86,97.55,97.76,129540347
2013-10-01,97.6,99.65,96.94,98.28,150718759
2013-10-02,98.81,99.43,97.94,98.17,144302234
2013-10-03,96.8,97.9,95.44,97.06,154340911
2013-10-04,98.72,98.83,97.11,97.25,113712031
2013-10-05,96.43,96.82,95.28,95.81,159159686
2013-10-06,98.04,98.05,94.37,97.46,115780141
2013-10-07,104.23,105.04,99.77,101.36,126608147
2013-10-08,102.09,102.95,101.57,101.97,55966876
2013-10-09,102.33,103.93,101.42,102.75,64556818
2013-10-10,101.31,101.69,100.67,100.9,120679509
2013-10-11,100.84,101.48,98.08,100.52,134278747
2013-10-12,99.21,100.13,97.82,98.5,71608184
2013-10-13,98.63,99.99,97.95,98.99,109641268
2013-10-14,98.84,100.06,94.83,98.22,161427387
2013-10-15,96.5,98.7,95.87,98.05,135848552
2013-10-16,95.38,97.42,94.94,95.29,180981323
2013-10-17,98.16,98.8,96.95,97.51,175631463
2013-10-18,98.62,99.61,97.66,98.63,94840194
2013-10-19,100.09,101.06,98.22,99.52,140538765
2013-10-20,98.36,99.16,97.23,98.15,107711653
2013-10-21,96.88,99.07,96.14,98.18,139451049
2013-10-22,98.48,99.36,97.92,97.97,141309830
2013-10-23,95.73,95.78,95.27,95.37,141752342
2013-10-24,94.49,96.11,93.52,95.31,110538925
2013-10-25,93.43,95.36,92.82,93.27,67379039
2013-10-26,93.99,94.49,93.49,94.39,63005466
2013-10-27,96.0,96.34,90.59,94.05,81705095
2013-10-28,93.28,94.25,92.68,93.06,91811286
2013-10-29,91.95,92.67,89.86,92.0,134967745
2013-10-30,87.13,90.21,86.92,90.11,131248406
2013-10-31,91.38,91.57,91.04,91.41,76916862
2013-11-01,91.95,92.59,91.51,91.71,148858072
2013-11-02,91.17,92.48,91.11,91.25,78478979
2013-11-03,94.28,96.37,93.21,93.6,145377166
2013-11-04,92.24,95.05,91.37,93.15,54678690
2013-11-05,95.21,96.1,91.86,93.57,84161166
2013-11-06,93.51,93.72,92.93,93.49,63497429
2013-11-07,95.36,96.17,93.17,95.54,165875955
2013-11-08,95.87,96.43,94.56,96.34,123779350
2013-11-09,95.14,95.74,94.58,95.73,128887828
2013-11-10,96.52,98.47,96.35,97.42,165656243
2013-11-11,98.17,100.73,95.8,97.56,139248575
2013-11-12,98.8,99.08,97.29,97.86,57913767
2013-11-13,97.22,97.57,96.69,97.35,115986850
2013-11-14,98.28,100.58,97.94,99.06,121841569
2013-11-15,99.78,102.28,99.64,100.17,84146367
2013-11-16,100.72,101.09,100.71,100.79,149520717
2013-11-17,103.05,103.98,102.13,103.85,78596516
2013-11-18,105.92,108.7,103.82,105.5,156256283
2013-11-19,102.9,108.56,102.7,104.84,99153750
2013-11-20,106.58,107.93,103.27,104.88,133900514
2013-11-21,105.36,105.93,104.57,104.78,132311650
2013-11-22,107.3,108.79,105.58,106.45,126119343
2013-11-23,107.26,108.13,107.18,107.6,88519503
2013-11-24,104.39,107.02,103.33,105.84,117413386
2013-11-25,107.61,110.41,107.52,108.42,85250560
2013-11-26,106.74,108.38,105.8,107.53,125045349
2013-11-27,106.77,107.55,101.7,105.98,62325895
2013-11-28,109.18,111.67,106.99,109.05,82305540
2013-11-29,109.32,111.56,108.56,109.77,131518573
2013-11-30,109.6,110.74,109.44,110.04,116428135
2013-12-01,109.22,110.99,109.14,110.87,76832393
2013-12-02,111.4,112.35,111.21,111.58,107203137
2013-12-03,112.02,112.88,111.34,112.44,91557257
2013-12-04,112.39,114.67,110.52,111.86,75373044
2013-12-05,108.9,110.67,108.85,110.18,86110646
2013-12-06,109.96,110.83,106.74,110.62,113846389
2013-12-07,110.54,111.42,109.0,110.32,55200527
2013-12-08,108.99,109.35,108.82,109.13,71810071
2013-12-09,106.51,109.4,104.53,106.51,100796792
2013-12-10,103.57,106.62,101.79,106.62,74221866
2013-12-11,107.94,108.69,106.3,107.51,66490124
2013-12-12,103.69,107.41,102.18,107.13,107268314
2013-12-13,107.83,109.32,102.34,105.4,168045126
2013-12-14,105.47,106.51,104.79,105.51,51511155
2013-12-15,105.4,108.46,104.47,105.52,54722435
2013-12-16,104.2,105.67,104.13,105.06,143014318
2013-12-17,105.64,107.18,104.65,105.3,124522341
2013-12-18,108.72,111.18,105.39,107.83,141356078
2013-12-19,108.35,108.61,107.59,108.19,99213952
2013-12-20,111.18,111.74,110.85,111.01,141505072
2013-12-21,115.73,115.89,112.5,113.65,67339735
2013-12-22,115.93,119.02,110.68,113.9,71785279
2013-12-23,120.22,121.39,114.1,117.25,167742512
2013-12-24,118.21,120.11,116.16,117.26,139396424
2013-12-25,117.44,117.89,114.02,114.65,84314161
2013-12-26,116.48,116.9,116.04,116.35,68603872
2013-12-27,115.94,117.65,115.56,115.66,86338219
2013-12-28,119.45,121.86,117.32,118.37,134414861
2013-12-29,121.86,122.33,120.46,121.33,181788168
2013-12-30,124.47,125.91,122.24,123.15,89096438
2013-12-31,122.4,124.29,122.38,123.79,104546168
2014-01-01,125.62,127.71,125.07,125.4,79812184
2014-01-02,130.12,130.85,125.21,127.5,139055494
2014-01-03,129.2,129.77,126.94,128.2,82875115
2014-01-04,131.89,132.98,130.01,130.65,157314330
2014-01-05,128.36,131.68,126.71,130.16,127134784
2014-01-06,127.03,132.95,126.6,129.47,117536563
2014-01-07,125.07,125.19,124.28,124.39,115335114
2014-01-08,124.99,126.58,124.58,125.82,68445712
2014-01-09,129.11,129.77,128.19,128.39,93792790
2014-01-10,127.57,128.16,124.32,125.74,108642831
2014-01-11,122.15,125.07,119.73,122.64,67684441
2014-01-12,122.05,123.85,120.0,122.41,103527120
2014-01-13,122.2,123.84,121.98,122.85,84914026
2014-01-14,118.92,120.49,118.89,119.75,186549730
2014-01-15,124.32,124.7,121.51,123.28,152043360
2014-01-16,122.57,124.47,121.86,123.74,80208099
2014-01-17,119.62,121.52,119.11,119.38,96154773
2014-01-18,116.27,119.94,116.1,117.34,108072298
2014-01-19,120.45,123.63,116.78,117.13,67782993
2014-01-20,115.13,116.4,114.06,116.16,132177124
2014-01-21,116.1,116.57,115.23,115.56,137874994
2014-01-22,117.65,118.06,117.57,117.97,81271268
2014-01-23,114.43,116.41,114.29,116.28,168335998
2014-01-24,114.85,114.99,114.78,114.8,79289926
2014-01-25,117.56,118.28,112.21,116.67,109619504
2014-01-26,114.16,115.54,113.09,114.8,69307358
2014-01-27,114.75,114.97,111.84,114.95,108369258
2014-01-28,116.61,116.81,115.9,115.94,153889463
2014-01-29,114.61,116.36,113.93,114.46,77900529
2014-01-30,114.72,115.33,114.23,115.28,54349867
2014-01-31,115.69,116.12,113.53,115.09,99278500
2014-02-01,111.45,115.56,111.39,114.5,136421946
2014-02-02,113.66,115.44,110.51,112.61,77700320
2014-02-03,112.12,115.44,111.91,112.63,84344309
2014-02-04,112.61,114.23,112.39,112.81,105856297
2014-02-05,117.4,117.61,116.29,117.08,173835223
2014-02-06,120.42,120.97,118.72,119.79,103070346
2014-02-07,117.8,117.97,117.34,117.81,143805704
2014-02-08,115.75,116.61,115.65,116.47,150286521
2014-02-09,117.08,119.53,115.58,116.25,104329589
2014-02-10,119.04,119.42,112.67,116.48,144560471
2014-02-11,115.75,115.92,113.95,114.08,60477646
2014-02-12,111.93,112.91,110.97,112.76,95436296
2014-02-13,113.57,113.75,110.92,113.23,54827368
2014-02-14,110.63,110.96,109.6,110.87,153536707
2014-02-15,111.36,111.77,109.53,111.03,140724212
2014-02-16,110.32,111.58,109.99,110.19,155454035
2014-02-17,109.74,110.47,105.62,109.57,76360077
2014-02-18,109.89,110.61,108.85,109.42,55594102
2014-02-19,110.01,111.06,108.33,109.57,90172248
2014-02-20,111.06,112.43,109.96,112.03,90576548
2014-02-21,108.62,113.71,107.9,113.19,156879955
2014-02-22,114.76,116.15,111.91,113.18,110501269
2014-02-23,111.89,112.85,110.42,111.63,81152971
2014-02-24,110.71,112.06,110.49,110.9,58691295
2014-02-25,112.49,112.7,110.33,111.56,128555643
2014-02-26,115.15,115.59,114.06,114.08,160603089
2014-02-27,116.15,116.5,115.08,116.12,159498995
2014-02-28,114.49,115.04,113.76,114.9,136266988
2014-03-01,116.05,116.17,115.38,115.83,83801232
2014-03-02,118.55,119.55,117.53,118.6,119124931
2014-03-03,116.33,120.99,112.43,116.45,167947365
2014-03-04,117.83,118.56,117.83,118.54,65128457
2014-03-05,118.64,122.9,118.18,121.61,157144571
2014-03-06,117.17,122.0,117.14,120.28,122247727
2014-03-07,120.67,121.01,118.56,120.24,62158263
2014-03-08,119.52,121.84,118.05,119.41,104267141
2014-03-09,116.34,118.35,116.29,117.99,99552053
2014-03-10,116.18,117.74,115.04,117.03,106086798
2014-03-11,116.73,118.12,116.44,117.18,82652692
2014-03-12,118.6,118.63,116.19,117.68,60828299
2014-03-13,117.44,117.48,116.43,117.39,63887080
2014-03-14,119.43,119.53,118.69,118.92,136297570
2014-03-15,119.87,120.68,119.86,120.23,139173710
2014-03-16,122.88,124.13,121.41,121.95,156814217
2014-03-17,124.32,126.4,122.67,123.76,102924567
2014-03-18,126.93,128.57,122.63,126.83,144893467
2014-03-19,124.15,126.51,123.95,125.96,98041247
2014-03-20,125.01,128.05,121.26,123.44,170700206
2014-03-21,121.22,122.21,121.13,121.79,158422225
2014-03-22,124.13,125.44,123.39,125.34,171569423
2014-03-23,130.52,132.38,129.36,130.33,77031417
2014-03-24,134.46,135.1,132.3,134.14,122370156
2014-03-25,136.57,138.52,135.18,136.72,81878263
2014-03-26,135.06,135.51,134.89,134.94,94904311
2014-03-27,134.38,136.58,133.91,135.52,109673261
2014-03-28,134.23,135.64,133.93,135.35,132220933
2014-03-29,132.69,140.28,132.5,136.87,74211762
2014-03-30,136.27,136.45,135.68,136.22,94422153
2014-03-31,134.23,136.23,134.02,135.34,123267601
2014-04-01,134.48,135.78,133.26,135.16,114329646
2014-04-02,134.52,136.14,134.13,134.28,159066628
2014-04-03,134.22,137.41,132.32,134.59,140528660
2014-04-04,134.67,134.78,131.69,133.12,138142180
2014-04-05,131.26,132.74,130.74,132.18,154466815
2014-04-06,133.1,133.34,132.35,133.33,115372655
2014-04-07,132.33,133.62,131.3,132.79,80743849
2014-04-08,132.03,133.05,131.87,132.65,73501283
2014-04-09,135.65,135.87,134.24,134.81,158371374
2014-04-10,132.36,138.09,130.18,135.12,151863334
2014-04-11,132.97,134.48,132.35,132.79,111535515
2014-04-12,129.97,130.96,129.66,130.84,121949494
2014-04-13,132.36,133.05,131.85,132.46,88562647
2014-04-14,132.11,133.82,131.65,132.23,133387235
2014-04-15,128.87,130.6,127.43,130.18,63883818
2014-04-16,130.28,131.16,129.33,130.26,50433472
2014-04-17,129.05,129.28,123.63,128.28,73502235
2014-04-18,125.48,128.46,125.01,126.5,87797115
2014-04-19,130.6,130.67,127.51,128.57,69828222
2014-04-20,128.59,129.01,128.13,128.87,94054270
2014-04-21,127.85,130.3,126.35,128.39,120980475
2014-04-22,126.72,127.96,124.07,126.98,89449706
2014-04-23,125.9,126.45,123.92,125.43,113342423
2014-04-24,123.35,128.22,123.27,125.91,93963289
2014-04-25,122.79,124.18,121.48,123.67,77664827
2014-04-26,125.51,125.86,121.58,123.27,124872875
2014-04-27,127.05,128.16,126.53,128.05,101304242
2014-04-28,123.53,126.7,122.18,125.86,146136411
2014-04-29,125.2,125.26,124.82,125.08,124589979
2014-04-30,122.83,125.3,122.67,123.7,165238727
2014-05-01,127.11,130.18,121.47,126.08,70348427
2014-05-02,128.26,129.85,127.73,128.74,75136904
2014-05-03,129.1,133.86,127.11,131.85,158610559
2014-05-04,131.42,131.62,130.09,130.38,138946921
2014-05-05,134.18,134.29,131.49,133.55,96161740
2014-05-06,128.1,128.52,125.5,127.99,126630558
2014-05-07,126.14,126.85,120.27,124.43,104327494
2014-05-08,123.79,124.3,122.69,124.14,63374556
2014-05-09,124.44,125.87,123.63,125.11,100388379
2014-05-10,121.85,126.03,120.3,123.72,62206191
2014-05-11,122.03,123.58,121.44,122.1,127662393
2014-05-12,125.84,126.31,125.8,125.8,116304945
2014-05-13,130.06,130.81,129.62,129.69,179026534
2014-05-14,132.71,138.47,129.97,132.67,128238369
2014-05-15,133.68,134.03,132.71,133.51,79212806
2014-05-16,134.54,134.9,133.54,133.54,136449374
2014-05-17,138.1,139.03,134.41,134.93,158844380
2014-05-18,139.19,140.73,138.59,140.12,180962595
2014-05-19,143.48,143.57,142.3,142.46,89753773
2014-05-20,150.39,150.64,145.94,146.02,95979519
2014-05-21,152.36,153.16,150.24,150.25,76761841
2014-05-22,154.42,154.9,150.16,151.62,158761923
2014-05-23,152.91,154.39,150.46,152.36,146091382
2014-05-24,148.12,150.48,144.66,148.84,160821251
2014-05-25,152.58,153.02,147.27,149.96,90810639
2014-05-26,154.05,155.34,147.17,150.0,141261165
2014-05-27,150.93,152.5,148.98,149.27,91756645
2014-05-28,150.87,153.33,146.35,151.71,88479163
2014-05-29,153.54,154.48,152.8,153.05,123322194
2014-05-30,153.12,154.75,147.74,151.03,70703160
2014-05-31,150.38,152.11,149.45,151.59,110955147
2014-06-01,153.33,153.43,152.39,152.77,117864809
2014-06-02,155.51,155.83,155.21,155.77,86820703
2014-06-03,153.66,153.88,153.62,153.63,120561583
2014-06-04,151.75,155.4,151.56,152.91,98314445
2014-06-05,151.33,153.22,151.32,153.02,58687823
2014-06-06,153.31,154.8,151.34,152.33,107849554
2014-06-07,148.79,154.24,147.78,151.68,112694243
2014-06-08,154.22,155.73,153.12,154.85,170314120
2014-06-09,152.43,153.64,151.32,152.97,134749121
2014-06-10,155.26,156.05,155.06,155.44,102213009
2014-06-11,151.3,154.58,151.16,154.31,120579112
2014-06-12,149.92,156.24,145.12,153.38,144156884
2014-06-13,153.51,157.16,153.09,154.29,106524180
2014-06-14,156.28,156.94,152.56,155.01,99694665
2014-06-15,156.75,157.5,154.32,157.38,95407413
2014-06-16,157.27,158.2,156.77,157.08,89282564
2014-06-17,156.95,157.03,150.65,154.91,76787201
2014-06-18,158.81,159.08,154.12,156.54,92418309
2014-06-19,152.53,153.15,151.71,152.11,119240861
2014-06-20,152.78,152.97,152.17,152.23,107811941
2014-06-21,153.65,155.09,151.06,153.2,96575670
2014-06-22,154.78,156.84,153.35,154.04,80325062
2014-06-23,154.54,154.89,151.62,153.56,69266798
2014-06-24,151.13,152.23,149.44,150.31,162102687
2014-06-25,147.73,148.16,147.06,147.47,158096710
2014-06-26,148.43,149.23,143.9,147.29,60227711
2014-06-27,146.95,147.16,144.99,146.43,127038440
2014-06-28,145.55,147.15,145.18,146.81,89114020
2014-06-29,149.19,149.58,148.1,149.44,68919780
2014-06-30,152.82,153.26,151.89,152.33,96979133
2014-07-01,154.1,155.33,153.41,153.68,128064371
2014-07-02,153.91,156.8,152.53,156.2,60754491
2014-07-03,155.45,157.05,154.29,155.71,108542603
2014-07-04,159.73,160.7,153.48,158.08,138905963
2014-07-05,154.02,155.92,153.88,155.13,83673943
2014-07-06,152.79,153.88,152.26,153.26,84448966
2014-07-07,154.48,155.76,154.29,154.71,149736050
2014-07-08,155.53,155.97,153.86,153.97,116141968
2014-07-09,152.73,153.6,151.54,153.24,146453831
2014-07-10,150.9,152.37,149.54,150.02,137640699
2014-07-11,150.89,151.38,149.83,150.2,134260054
2014-07-12,147.59,150.0,147.29,149.78,88150650
2014-07-13,152.57,155.75,152.21,152.44,84383598
2014-07-14,151.46,151.82,151.42,151.5,68003515
2014-07-15,154.82,156.49,150.3,154.0,161224664
2014-07-16,152.29,154.58,150.72,153.3,68202343
2014-07-17,153.53,153.63,152.13,153.63,79941924
2014-07-18,153.45,154.4,150.36,151.87,144081010
2014-07-19,157.55,160.65,154.06,154.31,122829344
2014-07-20,153.49,155.39,152.52,153.45,112959528
2014-07-21,154.32,156.44,152.21,152.35,125698038
2014-07-22,150.17,152.3,149.72,151.83,127081086
2014-07-23,150.88,151.95,149.81,151.86,76950417
2014-07-24,156.5,157.53,148.43,154.36,172596913
2014-07-25,157.94,159.24,157.67,158.81,92809118
2014-07-26,156.28,157.92,154.73,157.87,103938088
2014-07-27,156.17,156.31,154.07,154.8,104313079
2014-07-28,149.53,150.01,147.11,149.46,134273522
2014-07-29,155.21,155.45,152.25,152.61,170112996
2014-07-30,152.4,154.51,151.89,151.99,139962297
2014-07-31,149.92,152.08,148.53,151.21,128050725
2014-08-01,154.01,156.94,152.75,156.79,162874387
2014-08-02,157.24,159.59,154.33,155.72,114268588
2014-08-03,155.34,157.8,155.28,155.89,146671465
2014-08-04,152.84,155.98,150.76,153.51,97346886
2014-08-05,157.31,157.35,153.99,155.07,98514857
2014-08-06,156.01,157.18,155.11,155.4,83568684
2014-08-07,158.48,158.68,153.93,155.39,79910823
2014-08-08,161.4,163.11,153.43,156.98,163026157
2014-08-09,153.03,153.43,151.68,152.02,144233554
2014-08-10,152.84,159.07,149.44,152.4,136523127
2014-08-11,154.28,154.35,151.6,152.49,89642162
2014-08-12,148.41,151.42,148.38,150.61,104812438
2014-08-13,150.85,152.76,146.75,148.62,79000686
2014-08-14,144.52,148.7,142.42,146.37,61540166
2014-08-15,142.5,145.45,139.93,142.39,146313876
2014-08-16,143.18,144.18,142.43,142.67,67562952
2014-08-17,143.73,144.67,138.45,142.27,104773565
2014-08-18,141.97,143.4,139.8,142.13,50621241
2014-08-19,139.54,139.72,138.21,139.3,123204496
2014-08-20,135.81,137.92,134.24,137.49,94436606
2014-08-21,136.72,137.76,134.41,136.35,109404879
2014-08-22,133.17,138.27,132.57,136.36,60530205
2014-08-23,136.76,140.9,133.26,137.61,105608213
2014-08-24,137.66,137.7,136.8,137.54,144444243
2014-08-25,134.39,136.34,132.84,136.01,63779951
2014-08-26,136.98,137.84,136.75,137.38,157026502
2014-08-27,141.28,142.62,136.43,140.71,156844413
2014-08-28,143.14,143.32,143.08,143.2,171937633
2014-08-29,140.86,143.25,140.45,141.91,94462810
2014-08-30,140.41,141.04,140.2,140.44,113510466
2014-08-31,144.41,144.48,143.66,144.08,172930556
2014-09-01,145.38,150.01,144.74,147.82,163417327
2014-09-02,148.55,149.23,147.7,149.05,156636766
2014-09-03,142.15,146.4,141.53,143.72,99029257
2014-09-04,145.41,146.13,140.3,143.26,72435711
2014-09-05,146.06,146.14,143.4,144.0,129328031
2014-09-06,143.44,144.77,138.98,141.26,124307803
2014-09-07,138.73,139.97,138.03,139.21,138788055
2014-09-08,139.73,141.55,138.26,139.82,105183835
2014-09-09,137.66,140.65,137.53,139.62,68227566
2014-09-10,140.58,142.97,139.96,140.32,110586977
2014-09-11,137.41,142.26,134.42,138.76,158098597
2014-09-12,137.5,139.06,137.08,137.67,118935209
2014-09-13,139.08,142.25,138.88,139.7,90730542
2014-09-14,143.24,143.25,142.31,142.7,117463132
2014-09-15,141.24,142.02,140.28,141.37,108925517
2014-09-16,144.74,145.07,143.82,143.99,95208538
2014-09-17,149.34,149.81,144.44,148.45,75166559
2014-09-18,144.15,148.29,141.96,147.8,134984304
2014-09-19,149.87,150.32,143.59,147.34,120571110
2014-09-20,148.32,149.72,145.29,146.0,158007094
2014-09-21,148.35,149.06,148.15,148.33,159610819
2014-09-22,149.78,150.3,143.58,148.72,120045420
2014-09-23,147.67,150.5,143.44,149.14,149021028
2014-09-24,151.0,153.54,150.32,150.8,101889872
2014-09-25,153.79,156.8,149.83,153.86,126939512
2014-09-26,155.58,156.4,153.14,153.51,124840647
2014-09-27,150.12,152.99,148.36,150.32,88272439
2014-09-28,156.17,157.59,153.8,155.89,77611265
2014-09-29,155.74,156.23,149.98,152.89,89017059
2014-09-30,154.26,155.56,153.35,154.52,105334439
2014-10-01,155.56,155.83,155.23,155.53,74902057
2014-10-02,158.41,159.84,156.82,156.9,58868707
2014-10-03,155.28,156.44,155.06,156.06,145039574
2014-10-04,159.61,162.54,157.97,159.11,163620495
2014-10-05,161.47,165.53,159.83,160.35,108658006
2014-10-06,162.59,162.83,159.66,160.43,75835160
2014-10-07,159.12,164.17,158.47,163.51,163786892
2014-10-08,162.06,165.34,160.42,160.95,166670639
2014-10-09,164.16,168.74,164.15,165.51,112652152
2014-10-10,159.79,165.39,158.41,162.54,147270479
2014-10-11,164.6,172.25,162.39,166.36,78089737
2014-10-12,169.04,169.35,166.17,168.01,79697325
2014-10-13,169.48,169.58,168.06,169.39,130331455
2014-10-14,171.3,172.19,169.99,170.75,136182612
2014-10-15,174.57,176.85,172.9,175.12,73638882
2014-10-16,179.69,180.58,178.45,178.52,61181941
2014-10-17,178.81,185.59,176.95,183.12,169748008
2014-10-18,181.7,185.96,179.34,182.41,96379471
2014-10-19,180.76,182.92,180.7,182.19,97612194
2014-10-20,185.48,186.58,182.75,184.13,162716699
2014-10-21,179.81,182.2,176.75,181.53,142074184
2014-10-22,187.67,188.0,180.06,183.75,101199774
2014-10-23,183.56,183.66,183.42,183.45,147683626
2014-10-24,189.14,189.37,186.09,187.72,69585483
2014-10-25,183.36,183.5,182.88,183.44,89452177
2014-10-26,186.66,188.39,182.87,183.4,140439606
2014-10-27,184.99,187.59,183.81,184.12,148579687
2014-10-28,180.62,183.97,177.12,183.78,55995545
2014-10-29,183.67,183.95,183.13,183.21,146762910
2014-10-30,183.15,186.94,178.35,182.74,57567320
2014-10-31,186.44,188.83,184.05,185.07,109814836
2014-11-01,183.13,183.82,181.73,183.58,73581160
2014-11-02,184.05,186.06,182.85,183.58,60492859
2014-11-03,182.9,185.06,182.26,183.19,117433447
2014-11-04,185.93,188.6,184.18,185.86,164809413
2014-11-05,185.72,190.41,183.04,187.4,143238602
2014-11-06,191.66,194.64,191.3,191.3,110854489
2014-11-07,189.66,191.58,188.21,190.18,94153085
2014-11-08,197.27,197.75,192.07,195.14,147852196
2014-11-09,193.35,195.51,192.57,193.32,96570184
2014-11-10,194.96,195.27,192.74,193.59,77875215
2014-11-11,194.72,202.7,193.46,194.62,144852454
2014-11-12,189.59,190.71,189.36,189.73,91848914
2014-11-13,192.02,195.63,190.5,194.89,184990868
2014-11-14,196.07,197.23,195.92,195.99,137933230
2014-11-15,197.0,198.97,192.54,197.7,70722256
2014-11-16,193.82,199.31,190.58,196.76,140340538
2014-11-17,193.4,193.62,189.5,190.79,144311758
2014-11-18,190.65,192.78,188.64,188.78,56367740
2014-11-19,185.36,185.74,185.27,185.4,168040298
2014-11-20,179.69,183.51,178.27,182.3,92244418
2014-11-21,183.47,183.97,178.01,181.4,127843496
2014-11-22,186.03,186.18,185.35,185.41,122688637
2014-11-23,184.21,186.18,183.33,183.71,120534740
2014-11-24,183.04,190.1,181.56,185.73,80977470
2014-11-25,193.47,193.71,191.41,191.82,133719112
2014-11-26,187.56,190.0,184.9,186.78,145416887
2014-11-27,189.84,190.73,183.02,186.57,82981265
2014-11-28,184.11,184.92,180.41,183.58,105898894
2014-11-29,182.52,184.39,182.37,182.51,56621273
2014-11-30,180.3,180.9,179.88,180.11,107172166
2014-12-01,177.0,177.93,175.84,176.31,75101292
2014-12-02,172.81,177.34,172.78,174.31,131259369
2014-12-03,179.41,179.54,178.12,178.61,78495463
2014-12-04,177.5,179.47,173.15,178.15,79288719
2014-12-05,180.31,185.06,178.93,181.9,91930217
2014-12-06,179.7,186.95,178.54,182.47,64264047
2014-12-07,176.78,184.69,176.48,180.99,81511254
2014-12-08,181.6,184.61,180.49,182.03,91399023
2014-12-09,184.89,186.13,183.17,183.93,70877295
2014-12-10,185.08,185.2,184.52,184.74,104438093
2014-12-11,188.33,188.88,187.57,188.63,173007087
2014-12-12,185.57,189.41,183.61,186.78,159560574
2014-12-13,188.39,191.73,184.12,188.26,107871177
2014-12-14,187.28,187.73,186.89,187.17,97029751
2014-12-15,188.7,190.11,188.22,189.95,67048693
2014-12-16,190.73,194.28,189.37,191.14,128313868
2014-12-17,195.18,199.85,191.95,193.83,137691710
2014-12-18,198.73,206.16,191.37,197.41,160620427
2014-12-19,200.84,200.95,194.82,198.7,95624179
2014-12-20,199.8,200.93,198.26,199.09,78952641
2014-12-21,195.41,198.02,195.27,196.28,59567000
2014-12-22,197.38,202.29,195.25,200.92,98177003
2014-12-23,205.57,210.1,199.68,204.09,125432858
2014-12-24,200.36,204.0,199.01,203.63,52278805
2014-12-25,198.39,199.05,197.55,198.48,131867140
2014-12-26,200.04,204.57,197.11,198.7,114017937
2014-12-27,195.8,198.19,195.27,196.21,111558570
2014-12-28,194.88,195.09,188.65,193.99,138195872
2014-12-29,194.6,195.42,194.08,194.19,65021316
2014-12-30,195.19,195.61,193.99,194.17,149637853
2014-12-31,191.59,193.5,191.53,193.02,68890681
2015-01-01,188.67,188.78,188.19,188.4,106147513
2015-01-02,189.8,193.01,187.71,190.98,116802032
2015-01-03,192.18,193.75,190.45,191.09,77082288
2015-01-04,198.01,199.23,193.92,196.03,119934975
2015-01-05,194.79,195.27,192.64,194.44,121157550
2015-01-06,191.32,193.24,190.95,192.3,150849495
2015-01-07,194.59,195.44,187.16,192.08,64408255
2015-01-08,191.61,192.84,189.45,192.61,69623653
2015-01-09,191.42,192.08,190.07,190.22,97847962
2015-01-10,189.0,190.82,188.56,189.78,93545874
2015-01-11,187.61,193.6,187.01,193.17,124287513
2015-01-12,196.51,198.89,192.85,194.95,127452718
2015-01-13,196.92,197.64,196.11,197.45,122724820
2015-01-14,194.39,198.2,193.45,195.35,103394599
2015-01-15,196.8,197.27,192.28,193.22,103276956
2015-01-16,192.47,195.06,191.12,192.76,96955969
2015-01-17,191.95,194.32,190.53,193.61,109360092
2015-01-18,191.5,192.32,191.09,191.85,130864483
2015-01-19,195.8,199.21,192.43,195.05,89137279
2015-01-20,194.09,194.39,190.16,193.41,161886962
2015-01-21,193.23,200.46,185.42,194.55,126545098
2015-01-22,196.06,198.78,195.96,196.36,68039003
2015-01-23,191.76,193.95,191.44,193.26,110436943
2015-01-24,195.74,195.77,190.56,191.24,136927102
2015-01-25,191.13,192.25,190.28,191.31,70153235
2015-01-26,186.72,192.72,185.71,189.57,110523295
2015-01-27,193.63,193.9,190.97,193.86,146389344
2015-01-28,189.15,191.34,187.09,190.61,162062230
2015-01-29,180.85,183.36,180.81,181.89,108932854
2015-01-30,182.14,184.28,181.17,182.88,151921823
2015-01-31,182.59,182.79,180.98,182.59,97479163
2015-02-01,184.97,185.72,183.83,184.81,165667305
2015-02-02,181.98,183.82,181.29,183.46,68204775
2015-02-03,185.74,186.08,181.97,182.97,136351241
2015-02-04,186.62,187.97,184.71,185.45,88978654
2015-02-05,183.19,183.91,182.25,183.28,118074178
2015-02-06,179.79,184.2,178.92,181.96,89816276
2015-02-07,178.84,189.02,177.81,183.64,142228755
2015-02-08,180.49,180.76,179.55,179.94,156897632
2015-02-09,178.73,178.81,178.46,178.57,110532450
2015-02-10,184.58,184.74,183.24,183.64,163285175
2015-02-11,181.09,182.76,181.09,182.53,112962507
2015-02-12,179.77,181.38,177.53,179.54,149171960
2015-02-13,178.98,180.82,176.68,179.66,56207732
2015-02-14,180.89,184.79,175.77,178.91,91087660
2015-02-15,183.88,184.78,183.22,184.45,147746180
2015-02-16,184.14,189.76,183.47,185.99,147691684
2015-02-17,185.36,185.86,184.55,185.04,85133854
2015-02-18,180.5,180.68,178.37,179.84,72866700
2015-02-19,180.19,183.13,178.73,180.4,85618371
2015-02-20,179.66,181.96,177.38,181.49,88235708
2015-02-21,181.95,184.01,176.29,178.83,151248394
2015-02-22,178.06,180.87,176.24,180.54,88789789
2015-02-23,175.93,179.37,174.55,176.85,63971337
2015-02-24,173.81,176.08,173.34,175.99,103983915
2015-02-25,175.41,176.25,174.0,176.16,69353344
2015-02-26,174.52,175.7,174.26,175.66,111539008
2015-02-27,171.19,174.29,170.64,173.93,139314152
2015-02-28,172.98,173.69,171.8,172.68,157493097
2015-03-01,173.35,173.93,173.15,173.6,103633191
2015-03-02,173.39,174.3,173.09,173.62,94313957
2015-03-03,169.91,173.29,168.73,173.09,101863945
2015-03-04,174.93,176.9,174.92,175.51,127072598
2015-03-05,178.11,179.9,177.91,178.22,97436234
2015-03-06,176.63,178.1,175.46,176.22,142160777
2015-03-07,180.09,181.29,177.88,179.93,89234309
2015-03-08,178.09,178.46,170.71,177.3,101513797
2015-03-09,175.12,176.36,172.18,174.91,90845818
2015-03-10,170.46,173.85,169.92,170.94,90617999
2015-03-11,173.95,174.84,173.24,174.39,130876957
2015-03-12,172.39,177.9,166.84,170.49,80768182
2015-03-13,170.29,172.33,170.08,170.76,110737634
2015-03-14,171.01,172.91,170.67,170.93,113814071
2015-03-15,171.89,173.86,170.64,173.58,172372828
2015-03-16,176.32,177.09,175.89,176.5,101009748
2015-03-17,178.86,180.43,174.88,176.77,94104121
2015-03-18,176.27,180.26,171.04,177.25,134903975
2015-03-19,173.04,173.94,172.23,173.91,99038406
2015-03-20,171.0,173.13,167.62,172.46,64715386
2015-03-21,172.99,173.89,171.58,171.94,101110229
2015-03-22,174.16,174.84,173.89,174.51,70356994
2015-03-23,178.3,179.56,175.08,176.85,60628425
2015-03-24,174.53,175.72,174.12,175.28,110682117
2015-03-25,173.12,174.8,170.9,173.59,146555369
2015-03-26,171.97,172.85,170.84,172.44,149282866
2015-03-27,176.55,176.96,176.39,176.76,64850160
2015-03-28,182.26,182.43,172.17,177.95,144348565
2015-03-29,181.32,184.29,180.26,182.83,104973871
2015-03-30,181.14,186.43,181.12,182.27,105099268
2015-03-31,179.8,182.71,177.58,182.63,140241611
2015-04-01,186.11,186.69,185.93,186.03,153851302
2015-04-02,186.38,186.55,186.01,186.27,94627690
2015-04-03,186.98,188.53,185.8,188.45,154998634
2015-04-04,191.67,194.02,190.09,190.53,83320882
2015-04-05,187.01,189.98,185.94,187.61,115836646
2015-04-06,181.73,190.72,181.63,186.49,138516556
2015-04-07,185.39,185.4,184.8,184.82,65665573
2015-04-08,179.86,187.55,177.79,183.12,107576178
2015-04-09,177.69,180.21,171.88,177.9,137847539
2015-04-10,187.43,187.59,184.73,187.17,95487379
2015-04-11,184.81,188.14,183.71,186.36,55217674
2015-04-12,189.27,190.48,185.18,187.93,91991545
2015-04-13,190.4,191.42,187.33,188.43,106423881
2015-04-14,189.17,191.43,187.73,188.71,124745776
2015-04-15,183.98,186.1,183.69,184.8,99228221
2015-04-16,179.7,180.35,179.42,180.18,176999575
2015-04-17,173.38,177.27,173.38,173.75,115535482
2015-04-18,170.33,176.8,166.99,171.66,126523126
2015-04-19,172.13,173.07,168.51,169.73,88865229
2015-04-20,172.39,176.18,161.8,171.05,84193866
2015-04-21,170.3,172.76,169.24,169.49,92389395
2015-04-22,173.93,174.6,172.65,173.23,134549259
2015-04-23,175.22,177.51,174.75,175.84,82933750
2015-04-24,175.74,176.43,168.95,174.36,140770778
2015-04-25,180.65,182.94,173.27,179.14,95101582
2015-04-26,175.89,180.0,174.1,178.22,89042430
2015-04-27,178.76,179.38,175.4,178.79,61373345
2015-04-28,178.15,178.77,177.89,178.5,75173563
2015-04-29,178.28,180.72,177.67,178.0,112333714
2015-04-30,183.03,184.11,181.8,182.47,165766756
2015-05-01,184.36,184.66,183.67,183.79,113973492
2015-05-02,181.13,184.54,175.21,182.96,76521985
2015-05-03,182.31,183.73,179.54,182.73,63485229
2015-05-04,177.68,182.87,176.03,181.74,69494693
2015-05-05,181.0,181.99,180.25,180.82,128153882
2015-05-06,172.2,173.57,172.16,172.65,208089745
2015-05-07,173.59,175.79,173.13,174.41,85787938
2015-05-08,171.77,179.6,171.23,173.99,51936930
2015-05-09,173.12,173.99,168.9,173.74,55056281
2015-05-10,172.9,173.8,171.7,172.93,111357883
2015-05-11,174.88,178.7,172.93,175.27,95159233
2015-05-12,173.81,174.23,169.71,173.87,100841898
2015-05-13,168.45,169.06,167.96,168.54,157311351
2015-05-14,167.88,169.78,166.19,169.58,65876986
2015-05-15,168.89,169.28,168.85,168.94,83868012
2015-05-16,174.83,175.42,171.33,171.58,152641860
2015-05-17,170.02,173.5,167.52,168.56,128153795
2015-05-18,171.22,171.76,170.32,170.65,141397507
2015-05-19,173.99,178.76,171.73,176.15,67100401
2015-05-20,175.33,176.47,173.99,175.67,148566543
2015-05-21,176.73,181.28,174.62,177.67,121325012
2015-05-22,180.91,182.3,176.94,177.69,116505199
2015-05-23,174.93,177.81,173.0,177.12,93247189
2015-05-24,176.08,179.09,175.89,176.63,100240867
2015-05-25,177.46,179.0,177.4,178.39,80945139
2015-05-26,181.14,181.72,179.44,181.2,167579213
2015-05-27,186.2,186.37,182.88,184.26,168501123
2015-05-28,182.96,185.06,181.06,182.93,149323159
2015-05-29,184.62,185.28,184.22,184.77,162725412
2015-05-30,183.67,185.51,182.34,183.09,55638715
2015-05-31,182.32,183.2,181.89,183.15,94797190
2015-06-01,181.22,182.42,180.31,181.9,104865582
2015-06-02,183.98,184.89,181.43,183.66,76535651
2015-06-03,184.69,184.77,183.25,183.57,139384495
2015-06-04,183.0,183.45,178.13,183.2,126531145
2015-06-05,184.33,184.52,184.07,184.33,79418132
2015-06-06,184.81,188.5,180.76,185.18,80418594
2015-06-07,179.85,181.84,178.18,181.51,121288328
2015-06-08,178.99,182.69,174.79,179.48,94710104
2015-06-09,181.47,183.66,180.63,181.63,56488034
2015-06-10,181.81,183.09,180.57,182.18,116460555
2015-06-11,182.64,183.33,181.42,182.03,116937045
2015-06-12,181.32,183.0,181.16,181.32,130755758
2015-06-13,177.45,178.44,176.61,178.22,143435111
2015-06-14,184.0,188.19,182.57,183.13,176811029
2015-06-15,182.93,186.74,182.3,184.09,77162595
2015-06-16,188.05,191.01,183.12,189.69,83280414
2015-06-17,188.69,192.08,185.43,189.98,139154264
2015-06-18,188.92,189.45,186.79,187.66,118456750
2015-06-19,188.85,192.46,188.21,191.49,169550459
2015-06-20,199.79,200.35,185.1,191.8,124380831
2015-06-21,190.33,191.1,190.1,190.41,79471436
2015-06-22,192.53,193.44,188.96,190.64,145183317
2015-06-23,188.46,188.97,187.91,188.73,102945686
2015-06-24,186.45,192.41,186.37,190.73,88715485
2015-06-25,191.33,193.58,190.4,192.13,122685398
2015-06-26,192.92,193.06,192.59,192.6,80336937
2015-06-27,187.01,189.99,185.02,188.37,154803055
2015-06-28,189.24,189.44,186.56,186.62,98315100
2015-06-29,188.82,190.34,188.5,189.33,168382210
2015-06-30,190.16,193.84,189.58,192.58,169384302
2015-07-01,188.57,189.47,186.15,188.6,126053770
2015-07-02,191.38,191.89,188.63,190.52,69133878
2015-07-03,185.77,189.51,185.72,187.98,60341752
2015-07-04,192.93,193.01,190.45,191.0,89824062
2015-07-05,184.36,189.69,183.2,188.9,78942623
2015-07-06,189.06,189.6,181.25,188.52,126131557
2015-07-07,189.19,191.42,188.75,188.83,116096607
2015-07-08,188.31,190.86,187.84,189.4,103638137
2015-07-09,188.36,191.9,188.12,191.26,154877441
2015-07-10,193.88,194.46,190.63,191.6,86011125
2015-07-11,187.03,187.89,186.56,187.64,79744265
2015-07-12,190.02,190.27,188.32,189.08,108321499
2015-07-13,194.44,195.79,191.03,192.91,153301137
2015-07-14,191.86,192.05,188.04,189.72,161084454
2015-07-15,189.04,189.93,188.0,189.73,120426803
2015-07-16,192.02,195.4,189.64,192.39,99724210
2015-07-17,189.34,191.93,188.78,190.69,123566768
2015-07-18,192.3,194.16,190.73,193.03,158662672
2015-07-19,194.91,198.73,189.36,192.61,110123508
2015-07-20,191.1,192.91,188.93,191.12,102980602
2015-07-21,189.89,192.92,189.18,192.81,116692251
2015-07-22,194.26,195.29,190.36,191.88,57569221
2015-07-23,188.66,190.81,187.09,188.85,82242905
2015-07-24,188.9,190.81,188.55,189.48,108355435
2015-07-25,189.15,192.87,189.04,189.82,108123683
2015-07-26,190.68,191.34,189.14,191.24,107058000
2015-07-27,189.18,193.43,189.16,191.17,130353063
2015-07-28,191.69,192.53,189.36,190.36,88265084
2015-07-29,190.54,198.28,188.8,190.84,51317024
2015-07-30,190.25,191.91,187.97,190.29,107837780
2015-07-31,190.58,196.01,188.53,192.49,103727324
2015-08-01,188.54,193.39,187.42,190.79,72940611
2015-08-02,188.57,191.31,185.99,186.71,115604437
2015-08-03,187.25,187.56,186.93,187.34,74175984
2015-08-04,192.94,194.72,190.51,191.82,78489257
2015-08-05,197.02,198.7,196.72,198.03,127045137
2015-08-06,199.79,201.57,198.99,199.08,145771867
2015-08-07,196.59,196.89,195.72,196.78,109677664
2015-08-08,196.21,196.47,193.32,194.23,105257276
2015-08-09,190.09,192.74,189.51,190.72,148542885
2015-08-10,188.78,190.35,186.25,186.55,174832028
2015-08-11,191.49,192.47,188.9,189.76,78603018
2015-08-12,194.7,195.02,189.56,190.96,56123396
2015-08-13,191.8,192.24,188.75,191.71,128224809
2015-08-14,194.31,196.89,193.89,196.29,162539532
2015-08-15,192.15,195.33,191.4,192.42,129697768
2015-08-16,194.31,196.93,192.06,194.4,73560940
2015-08-17,188.52,188.9,187.24,188.65,152393989
2015-08-18,188.6,190.68,185.28,188.91,73633447
2015-08-19,188.26,189.47,187.99,188.31,87168080
2015-08-20,187.02,190.28,184.34,190.17,114341950
2015-08-21,188.61,189.94,187.19,187.88,163126995
2015-08-22,189.48,194.11,188.04,191.54,160641137
2015-08-23,201.36,203.55,192.35,197.23,65871044
2015-08-24,192.52,201.47,191.47,198.04,113908783
2015-08-25,195.12,195.15,192.66,194.4,124356926
2015-08-26,186.29,192.25,185.94,189.2,140952192
2015-08-27,190.6,191.05,190.19,190.25,58207769
2015-08-28,194.58,195.97,191.36,192.81,161036052
2015-08-29,199.91,202.18,197.14,198.32,80758991
2015-08-30,195.93,197.71,195.39,196.8,134728785
2015-08-31,195.94,199.09,195.67,195.85,105192781
2015-09-01,200.47,200.54,194.07,195.02,122118040
2015-09-02,186.32,192.58,185.88,190.56,165792657
2015-09-03,193.38,193.99,191.45,192.96,94245232
2015-09-04,186.3,195.12,185.01,192.06,138559428
2015-09-05,191.61,194.47,187.72,193.92,139776093
2015-09-06,193.07,193.52,191.43,192.29,71792827
2015-09-07,196.99,197.43,194.91,196.13,79004018
2015-09-08,194.29,199.13,192.81,198.15,141010272
2015-09-09,198.53,200.62,197.67,199.99,62046345
2015-09-10,196.99,197.97,193.64,196.98,69576302
2015-09-11,196.73,199.95,196.57,197.43,125568707
2015-09-12,194.28,201.45,190.26,194.8,99594230
2015-09-13,193.81,194.39,192.04,192.19,84362591
2015-09-14,195.78,196.28,194.66,195.15,85820485
2015-09-15,194.34,196.0,194.16,195.96,96380777
2015-09-16,191.59,194.47,190.93,192.75,146947060
2015-09-17,195.37,202.51,189.09,193.44,141787771
2015-09-18,189.45,190.2,188.78,189.62,98174932
2015-09-19,179.82,185.94,178.71,183.7,150281878
2015-09-20,187.23,188.74,185.45,186.42,110261311
2015-09-21,183.38,184.39,182.91,183.21,121942655
2015-09-22,183.59,184.49,180.18,182.62,144091448
2015-09-23,182.28,183.22,181.69,181.84,148654622
2015-09-24,179.97,180.15,177.67,178.94,60574618
2015-09-25,182.01,182.94,181.05,181.6,171667414
2015-09-26,179.74,183.03,179.03,182.27,89356012
2015-09-27,185.67,186.36,179.19,183.09,93918782
2015-09-28,185.79,186.43,184.36,185.34,69750246
2015-09-29,181.36,182.63,180.67,181.5,166558083
2015-09-30,184.77,186.15,183.34,185.87,91400747
2015-10-01,194.4,196.84,189.94,191.89,70358071
2015-10-02,194.97,195.72,194.63,195.4,167123184
2015-10-03,198.75,201.17,197.55,198.16,141326480
2015-10-04,195.24,201.01,192.51,198.97,125892579
2015-10-05,202.21,203.89,199.22,200.88,141339470
2015-10-06,201.69,201.91,199.64,201.9,57060558
2015-10-07,200.46,202.64,198.29,200.85,65286756
2015-10-08,197.48,197.66,189.96,196.7,63107479
2015-10-09,200.54,203.44,198.25,202.0,116086075
2015-10-10,202.09,202.41,201.42,201.51,68081170
2015-10-11,205.04,210.58,197.21,198.06,87699402
2015-10-12,196.5,202.62,194.06,198.71,59564588
2015-10-13,186.61,197.42,185.86,194.73,116763367
2015-10-14,197.01,202.58,196.14,199.23,117024921
2015-10-15,197.01,201.19,195.13,200.6,100896035
2015-10-16,200.21,203.53,199.82,203.42,167005726
2015-10-17,204.42,213.02,194.6,199.79,134775605
2015-10-18,197.88,200.69,197.8,199.38,85705372
2015-10-19,202.13,202.43,194.35,199.77,64792384
2015-10-20,203.55,204.39,191.65,200.26,82946840
2015-10-21,200.16,204.09,199.57,201.64,95356323
2015-10-22,201.61,203.6,198.89,201.38,148904431
2015-10-23,202.25,203.05,199.9,202.89,130603293
2015-10-24,199.25,206.85,197.14,199.97,158705224
2015-10-25,202.5,204.0,198.93,201.83,155958094
2015-10-26,205.33,206.62,203.89,205.63,155820170
2015-10-27,208.77,211.76,208.34,209.22,87553476
2015-10-28,205.54,211.56,204.7,207.16,122082659
2015-10-29,212.4,213.16,209.91,210.6,99314484
2015-10-30,208.79,209.76,208.28,209.47,70297024
2015-10-31,213.13,213.77,212.69,213.19,155747056
2015-11-01,205.83,208.7,203.31,206.43,136957132
2015-11-02,201.06,213.81,197.44,207.61,101193754
2015-11-03,207.15,212.06,207.09,211.33,78279355
2015-11-04,208.27,213.48,206.66,213.36,59366362
2015-11-05,208.33,211.73,205.03,209.44,169561283
2015-11-06,211.21,217.32,211.01,213.66,61669466
2015-11-07,217.73,217.94,214.6,216.38,137657195
2015-11-08,214.11,217.93,212.17,213.92,67951413
2015-11-09,219.1,219.99,212.96,218.46,153048241
2015-11-10,218.76,219.47,215.42,217.96,116453333
2015-11-11,212.62,213.04,212.12,212.2,156380809
2015-11-12,209.98,212.01,209.57,210.05,155495816
2015-11-13,210.19,210.73,209.22,210.37,110242605
2015-11-14,205.26,209.91,200.88,204.31,116543767
2015-11-15,201.15,202.85,198.89,201.37,100029838
2015-11-16,205.07,205.77,196.5,201.49,102039821
2015-11-17,201.61,203.05,200.06,202.2,91189246
2015-11-18,205.47,206.84,203.02,203.23,99040490
2015-11-19,203.55,203.78,200.04,202.33,127983268
2015-11-20,199.03,203.29,197.81,202.01,130209911
2015-11-21,201.57,204.13,198.7,200.94,95629222
2015-11-22,198.0,200.23,196.36,199.77,97773354
2015-11-23,197.76,198.04,192.44,196.87,84337101
2015-11-24,200.03,200.84,195.37,198.48,118479375
2015-11-25,194.82,196.21,193.72,195.54,70906296
2015-11-26,197.12,197.18,194.3,197.04,117915607
2015-11-27,200.84,202.0,196.21,197.04,125301068
2015-11-28,190.87,199.2,190.2,198.17,84366326
2015-11-29,197.84,199.41,197.78,198.43,88981439
2015-11-30,199.3,199.68,194.73,199.41,59512255
2015-12-01,195.01,206.52,189.93,199.59,107992308
2015-12-02,196.67,200.2,195.2,196.29,99811729
2015-12-03,206.21,208.73,203.04,205.02,150181547
2015-12-04,205.12,207.63,204.17,206.12,153900381
2015-12-05,202.44,205.09,202.26,203.36,115563888
2015-12-06,201.8,201.94,200.04,201.64,73152995
2015-12-07,199.13,199.25,197.63,199.25,153658108
2015-12-08,196.6,198.07,194.41,195.28,90971105
2015-12-09,200.11,202.89,197.72,198.17,80495990
2015-12-10,193.54,195.55,191.72,194.06,89496537
2015-12-11,191.86,192.18,191.06,192.08,77716274
2015-12-12,190.56,191.97,190.49,191.21,53431599
2015-12-13,193.69,193.82,185.19,190.89,147245192
2015-12-14,191.87,192.31,189.41,191.24,132598147
2015-12-15,189.39,192.34,186.45,191.7,105674092
2015-12-16,193.74,193.93,190.42,190.48,113295436
2015-12-17,195.12,197.37,192.98,195.2,137434171
2015-12-18,193.72,196.62,192.45,194.33,55227354
2015-12-19,194.89,195.06,193.13,194.89,150657891
2015-12-20,197.91,202.87,196.61,198.45,98188599
2015-12-21,202.4,203.98,201.21,202.42,75090173
2015-12-22,201.45,202.11,200.38,201.62,100817615
2015-12-23,195.4,195.88,195.11,195.6,65832507
2015-12-24,196.35,196.51,193.8,194.66,136066986
2015-12-25,194.84,198.37,190.79,195.68,114832309
2015-12-26,192.36,192.65,191.73,192.58,103536657
2015-12-27,187.72,191.38,187.1,188.88,133649724
2015-12-28,187.51,191.08,185.17,188.41,139492142
2015-12-29,189.82,190.27,180.38,187.76,94008073
2015-12-30,188.96,190.99,188.33,190.59,121253773
2015-12-31,193.49,195.05,189.62,192.86,100390009
2016-01-01,189.56,191.77,189.56,191.69,83445059
2016-01-02,187.33,190.57,186.72,189.79,55505778
2016-01-03,186.22,191.61,184.8,185.88,96566368
2016-01-04,179.96,186.24,179.18,186.02,88987019
2016-01-05,181.66,183.38,180.95,182.56,171762587
2016-01-06,182.07,184.61,181.64,183.9,57536383
2016-01-07,192.92,193.7,191.28,191.35,196157367
2016-01-08,194.84,196.49,192.46,195.17,150407624
2016-01-09,191.65,192.45,190.12,192.16,60082666
2016-01-10,195.44,196.62,193.03,196.4,131363035
2016-01-11,193.98,194.97,193.4,193.89,86342486
2016-01-12,190.34,193.42,182.82,186.88,169423372
2016-01-13,192.51,194.92,191.35,192.87,93021428
2016-01-14,195.34,198.59,193.08,193.76,114984891
2016-01-15,194.47,195.14,190.17,194.24,119359603
2016-01-16,188.26,193.05,188.2,191.56,158027882
2016-01-17,188.92,189.18,187.04,188.81,128623345
2016-01-18,186.74,187.49,186.61,186.87,62130901
2016-01-19,194.52,194.73,193.63,194.0,90798040
2016-01-20,192.15,194.56,191.23,192.89,146852313
2016-01-21,197.45,197.47,196.41,197.22,111540496
2016-01-22,193.79,197.38,193.79,196.3,59540408
2016-01-23,201.43,201.98,200.03,201.75,80461425
2016-01-24,205.42,211.43,203.94,206.24,108666487
2016-01-25,209.61,209.67,208.26,208.29,79952635
2016-01-26,212.18,216.53,211.5,211.99,90657904
2016-01-27,209.48,212.08,208.37,209.61,83843714
2016-01-28,208.18,208.98,207.26,208.93,127578622
2016-01-29,212.85,218.11,210.4,217.31,176830112
2016-01-30,214.43,215.91,212.63,215.07,122859087
2016-01-31,215.72,218.81,209.03,214.8,105141022
2016-02-01,208.36,211.89,208.17,211.23,108590221
2016-02-02,217.24,219.35,212.06,213.74,121752823
2016-02-03,212.31,213.17,211.73,212.77,70426614
2016-02-04,215.31,215.38,213.86,214.43,153210810
2016-02-05,208.63,209.27,206.69,208.05,153565324
2016-02-06,210.56,212.94,210.01,212.76,67779793
2016-02-07,216.84,218.06,215.53,216.32,123473140
2016-02-08,214.72,215.83,212.81,214.75,63517612
2016-02-09,214.63,215.06,211.61,213.58,56021588
2016-02-10,214.74,217.55,212.7,215.51,116525141
2016-02-11,218.53,219.61,216.77,216.95,111609057
2016-02-12,217.15,220.78,211.77,218.97,109977218
2016-02-13,221.62,222.36,220.01,220.92,62540708
2016-02-14,223.36,224.27,223.29,223.32,147781044
2016-02-15,225.52,225.67,223.98,225.41,92491335
2016-02-16,227.46,228.64,226.82,227.33,100818721
2016-02-17,227.14,227.65,222.76,226.59,71625052
2016-02-18,222.14,227.25,219.35,222.77,166040649
2016-02-19,227.61,229.28,226.52,226.85,108081310
2016-02-20,234.85,235.46,232.68,233.0,151114022
2016-02-21,225.78,235.18,223.19,231.58,114399953
2016-02-22,233.67,238.27,231.09,231.79,70912732
2016-02-23,235.55,236.57,234.68,235.01,127550654
2016-02-24,237.1,237.42,236.66,237.29,102982483
2016-02-25,241.23,243.13,235.75,236.78,143354409
2016-02-26,237.72,238.09,228.14,235.44,84647146
2016-02-27,237.8,241.05,236.82,238.56,88490178
2016-02-28,245.14,246.14,241.88,242.0,113692374
2016-02-29,238.53,240.51,235.15,238.3,79581426
2016-03-01,238.13,240.79,235.23,238.22,98233721
2016-03-02,240.33,242.91,238.85,242.37,67542553
2016-03-03,246.96,247.96,243.55,245.16,135653436
2016-03-04,240.73,241.43,239.16,241.11,161684299
2016-03-05,247.32,249.2,242.51,247.16,166471691
2016-03-06,250.01,253.38,249.91,251.31,86871177
2016-03-07,256.25,256.54,254.99,255.07,163623158
2016-03-08,251.29,251.66,250.7,250.73,93155536
2016-03-09,245.76,252.64,245.73,249.46,104754977
2016-03-10,250.25,251.55,244.04,249.24,85899699
2016-03-11,254.98,255.35,249.66,251.36,76200871
2016-03-12,250.33,251.54,242.5,250.76,141200605
2016-03-13,239.54,242.09,234.88,241.55,72947194
2016-03-14,241.83,243.17,235.35,240.57,129343287
2016-03-15,236.05,239.44,235.62,238.61,108037374
2016-03-16,247.52,248.16,245.33,247.79,123858620
2016-03-17,250.35,252.86,248.97,252.85,66061589
2016-03-18,252.38,255.36,250.26,251.58,67187374
2016-03-19,246.48,248.35,244.77,248.16,131533050
2016-03-20,252.69,252.94,251.63,252.24,144472772
2016-03-21,251.48,253.77,251.1,252.09,134635131
2016-03-22,251.04,252.82,249.02,249.71,109397383
2016-03-23,249.6,251.11,249.59,249.76,59786139
2016-03-24,252.86,254.98,249.78,252.67,146204928
2016-03-25,265.93,266.71,254.06,258.97,177413554
2016-03-26,258.1,260.28,257.0,259.95,97998462
2016-03-27,264.79,265.79,263.12,264.36,99693908
2016-03-28,254.64,261.21,253.81,257.32,140763181
2016-03-29,257.29,267.37,251.67,256.67,102097713
2016-03-30,261.42,261.63,255.0,259.41,144235183
2016-03-31,254.22,256.94,250.42,253.72,115425158
2016-04-01,250.19,253.25,249.72,250.1,111683134
2016-04-02,253.07,254.3,252.74,253.06,83102028
2016-04-03,267.15,272.97,261.61,263.14,167936975
2016-04-04,256.4,261.72,256.29,259.42,63082097
2016-04-05,261.41,269.17,254.25,259.27,84407108
2016-04-06,250.67,252.91,250.37,252.84,187029451
2016-04-07,246.54,252.07,244.56,251.61,90960334
2016-04-08,257.51,260.92,255.65,259.69,88204681
2016-04-09,257.34,261.93,252.21,257.01,59748099
2016-04-10,252.56,256.65,250.66,254.82,70819157
2016-04-11,258.56,260.72,253.2,254.82,86476653
2016-04-12,257.93,262.58,248.89,253.69,127142420
2016-04-13,257.11,261.03,252.27,255.54,129592127
2016-04-14,259.65,260.78,257.86,259.07,89465407
2016-04-15,260.84,263.45,257.43,259.55,54708480
2016-04-16,255.29,256.8,254.57,255.94,78361308
2016-04-17,253.14,253.5,247.79,249.87,163541367
2016-04-18,242.17,244.68,239.66,244.38,152012240
2016-04-19,244.3,248.81,243.95,246.87,88989315
2016-04-20,250.68,254.37,244.18,246.29,146635728
2016-04-21,246.02,250.33,243.6,245.02,66504107
2016-04-22,244.75,244.79,237.09,242.19,146375451
2016-04-23,241.75,242.35,240.46,242.23,81433472
2016-04-24,237.34,240.7,233.77,240.29,112011953
2016-04-25,242.4,244.56,242.34,243.91,100308581
2016-04-26,245.26,246.69,237.3,246.24,153509569
2016-04-27,248.3,248.64,242.03,246.07,62373798
2016-04-28,243.01,243.94,238.32,243.11,144648170
2016-04-29,239.82,241.44,237.72,241.18,114370869
2016-04-30,243.52,248.83,242.49,243.25,113257239
2016-05-01,248.91,255.85,243.93,246.01,97456146
2016-05-02,243.78,248.16,239.25,246.55,147923347
2016-05-03,250.29,250.62,246.57,249.39,157399001
2016-05-04,248.18,250.01,246.35,248.33,59192286
2016-05-05,250.45,254.56,248.58,249.99,101742028
2016-05-06,256.7,258.03,255.0,256.12,183716614
2016-05-07,258.16,258.46,258.04,258.09,151600464
2016-05-08,253.82,260.87,253.81,256.82,155331115
2016-05-09,257.6,258.67,256.6,257.64,114925623
2016-05-10,253.38,254.16,248.49,252.99,119585184
2016-05-11,258.78,261.73,252.09,255.73,60226398
2016-05-12,264.14,266.61,262.57,262.63,100291194
2016-05-13,261.28,262.96,260.98,261.1,73375370
2016-05-14,265.06,268.54,264.51,266.76,121880494
2016-05-15,261.74,261.78,259.91,260.69,128640024
2016-05-16,257.25,257.37,254.41,254.72,181111206
2016-05-17,257.08,257.87,256.14,256.25,94484557
2016-05-18,261.71,264.88,254.92,259.85,140339622
2016-05-19,265.41,267.3,258.93,264.62,98847864
2016-05-20,269.12,269.38,266.42,266.89,92393348
2016-05-21,268.5,269.4,259.99,268.76,85312983
2016-05-22,269.07,271.48,264.83,268.08,127571629
2016-05-23,271.41,275.25,271.11,273.97,134973385
2016-05-24,283.17,288.06,282.52,286.04,79113010
2016-05-25,278.66,286.42,278.25,283.57,112016551
2016-05-26,281.76,288.29,275.99,281.96,157343336
2016-05-27,285.47,291.05,282.54,283.94,142198130
2016-05-28,284.66,289.6,281.06,287.09,96000641
2016-05-29,276.95,288.1,270.37,281.76,124370060
2016-05-30,278.7,280.31,272.81,276.84,170711237
2016-05-31,274.44,276.94,268.48,269.14,133355078
2016-06-01,272.46,274.3,271.73,272.69,98629695
2016-06-02,276.73,282.77,272.83,276.03,84375191
2016-06-03,278.23,283.23,267.09,272.39,104984963
2016-06-04,283.09,285.39,274.87,276.59,60229417
2016-06-05,276.51,287.29,276.15,281.1,140120281
2016-06-06,283.59,283.79,279.55,281.05,119476435
2016-06-07,279.11,280.5,279.08,279.62,119690617
2016-06-08,275.36,278.65,274.01,276.3,157605350
2016-06-09,277.73,278.13,269.57,274.41,115884587
2016-06-10,285.1,288.1,283.03,284.36,125641933
2016-06-11,276.89,289.01,276.37,284.43,143349527
2016-06-12,279.59,284.18,277.97,281.78,134111274
2016-06-13,279.78,280.72,277.2,279.67,144192174
2016-06-14,278.81,281.92,276.77,280.08,96849196
2016-06-15,282.44,282.83,275.34,279.06,117868415
2016-06-16,274.59,280.51,273.68,276.54,101267638
2016-06-17,275.78,279.69,271.81,276.06,126795955
2016-06-18,274.77,277.97,272.75,275.61,70054054
2016-06-19,270.32,273.45,269.12,273.18,120944856
2016-06-20,272.64,273.64,270.43,271.26,147672054
2016-06-21,268.51,268.55,266.34,266.38,136809471
2016-06-22,265.41,269.87,261.24,266.27,95345884
2016-06-23,267.7,271.52,265.14,267.5,75104656
2016-06-24,266.73,268.26,266.31,266.69,108626134
2016-06-25,273.27,273.85,270.33,272.99,74689357
2016-06-26,281.36,286.36,275.81,278.01,98983851
2016-06-27,274.99,275.48,271.16,275.03,149097990
2016-06-28,269.05,269.58,268.89,268.94,84621402
2016-06-29,262.76,263.39,261.6,262.34,124773230
2016-06-30,267.02,267.14,265.52,267.06,175104536
2016-07-01,276.35,277.47,261.53,268.35,103477820
2016-07-02,264.98,267.61,261.36,265.8,85935307
2016-07-03,265.96,267.82,260.21,264.89,96794496
2016-07-04,264.32,264.62,257.33,261.98,119347508
2016-07-05,260.29,267.43,256.72,263.56,154243714
2016-07-06,267.57,269.33,265.53,267.26,86272665
2016-07-07,264.65,265.22,262.63,263.53,134345922
2016-07-08,258.98,260.02,256.7,258.84,170388613
2016-07-09,248.7,253.6,242.6,250.83,143762707
2016-07-10,249.04,249.67,248.95,249.35,89133096
2016-07-11,240.25,244.95,236.04,241.26,117756917
2016-07-12,238.45,242.59,237.55,239.56,145571180
2016-07-13,233.46,239.02,230.84,238.48,55889708
2016-07-14,250.27,251.3,246.1,246.1,73687664
2016-07-15,246.72,251.52,241.1,247.64,62460198
2016-07-16,245.71,246.55,244.65,245.42,95284202
2016-07-17,247.64,247.84,245.6,246.17,134323676
2016-07-18,246.66,249.71,246.22,247.36,97952552
2016-07-19,247.92,248.58,245.21,247.17,144138750
2016-07-20,247.16,248.47,245.35,246.62,83532328
2016-07-21,254.82,259.25,252.57,255.53,149660966
2016-07-22,250.29,253.59,246.99,248.56,189109006
2016-07-23,246.22,247.05,236.0,244.48,67020729
2016-07-24,237.49,247.06,229.46,243.15,121364882
2016-07-25,241.9,247.16,240.66,241.02,104076062
2016-07-26,255.31,258.72,251.16,251.57,212565125
2016-07-27,255.84,257.81,252.12,253.97,133401814
2016-07-28,258.06,258.31,256.41,257.3,65603932
2016-07-29,253.83,254.89,249.28,253.46,123718522
2016-07-30,250.66,253.98,248.85,252.06,72386840
2016-07-31,253.31,258.16,253.15,253.3,147875805
2016-08-01,254.73,257.13,252.4,255.88,116468090
2016-08-02,252.98,257.14,250.69,253.06,134338298
2016-08-03,248.11,249.48,245.08,245.84,188060592
2016-08-04,244.37,244.93,240.24,242.25,120808916
2016-08-05,239.68,242.34,233.58,237.45,129594493
2016-08-06,237.1,240.7,234.91,236.72,60257084
2016-08-07,234.43,235.65,232.8,235.03,115563370
2016-08-08,234.94,240.93,234.49,239.41,66809154
2016-08-09,241.73,245.0,231.03,236.48,127537561
2016-08-10,230.08,234.71,229.99,230.35,185720760
2016-08-11,237.0,238.01,233.59,234.66,67217023
2016-08-12,236.65,237.98,233.06,236.85,84104904
2016-08-13,231.86,236.16,230.03,235.35,61702987
2016-08-14,239.72,240.59,235.15,236.56,129267163
2016-08-15,235.46,238.57,234.82,234.82,124634864
2016-08-16,239.96,241.35,238.36,240.99,133292234
2016-08-17,246.69,247.42,242.75,243.97,97518026
2016-08-18,239.31,239.34,236.65,238.87,138823105
2016-08-19,239.84,240.59,238.82,240.58,124024857
2016-08-20,237.99,238.33,232.88,234.15,190144110
2016-08-21,236.6,237.07,233.71,235.4,68700521
2016-08-22,239.1,239.2,235.14,237.23,62545342
2016-08-23,234.53,240.59,233.1,236.79,53595124
2016-08-24,235.87,237.58,234.27,235.67,70556323
2016-08-25,236.79,238.52,231.89,234.79,113262187
2016-08-26,245.81,247.75,241.73,243.4,114437215
2016-08-27,247.4,247.57,245.48,246.97,99352408
2016-08-28,245.64,247.68,245.01,247.25,61314846
2016-08-29,250.86,253.24,250.65,251.96,128996599
2016-08-30,259.55,262.36,241.85,251.43,120127693
2016-08-31,258.25,258.46,257.49,258.27,95435769
2016-09-01,255.33,256.39,251.62,254.36,133296516
2016-09-02,255.25,255.44,254.3,254.87,123225999
2016-09-03,254.57,256.37,252.15,253.65,73792986
2016-09-04,257.78,258.25,252.7,256.02,123939774
2016-09-05,256.11,258.59,250.08,253.23,150736788
2016-09-06,251.11,256.42,246.05,255.57,147888072
2016-09-07,258.81,265.09,245.77,256.42,153972923
2016-09-08,261.06,264.02,252.22,256.96,56988449
2016-09-09,250.01,250.1,248.4,249.29,139604303
2016-09-10,249.77,256.61,249.76,253.6,105680560
2016-09-11,253.91,256.41,252.46,256.32,130470611
2016-09-12,258.84,262.55,254.37,260.45,136551726
2016-09-13,263.09,263.64,255.23,261.53,52675382
2016-09-14,257.71,260.3,255.39,259.62,160847507
2016-09-15,260.98,266.25,259.71,259.76,103899293
2016-09-16,255.61,257.74,255.46,256.96,95922496
2016-09-17,259.53,261.54,258.41,260.67,99734980
2016-09-18,254.28,260.91,253.3,257.5,98151390
2016-09-19,259.78,260.12,255.11,256.33,108875067
2016-09-20,256.45,257.34,256.0,256.69,101810042
2016-09-21,257.99,259.38,254.84,254.94,87258947
2016-09-22,256.2,258.42,254.46,255.43,74718381
2016-09-23,257.75,272.99,256.74,266.97,194177034
2016-09-24,268.2,268.4,266.29,268.31,69080736
2016-09-25,269.25,270.13,267.74,268.84,140109057
2016-09-26,261.34,266.19,257.58,265.32,126582606
2016-09-27,264.42,268.59,262.19,267.59,114990394
2016-09-28,270.0,271.49,269.32,270.29,80128037
2016-09-29,273.29,275.54,271.94,272.77,144610332
2016-09-30,273.31,275.94,266.48,275.07,93645451
2016-10-01,269.38,276.15,268.73,272.45,67264016
2016-10-02,280.39,283.53,267.63,280.65,135383609
2016-10-03,267.64,270.73,259.81,270.17,104849808
2016-10-04,271.79,273.51,271.48,271.68,155211637
2016-10-05,267.08,268.54,265.4,268.38,121883002
2016-10-06,272.47,272.82,265.74,269.08,59857081
2016-10-07,265.89,266.48,264.37,266.48,61948957
2016-10-08,265.26,268.98,263.39,268.36,90281038
2016-10-09,276.08,277.61,271.52,274.71,78900690
2016-10-10,275.68,277.85,275.1,276.3,105533319
2016-10-11,279.48,284.89,272.16,282.5,160816629
2016-10-12,293.28,299.71,280.61,287.49,117717359
2016-10-13,289.81,290.44,285.71,290.41,105321371
2016-10-14,288.71,290.99,286.39,287.95,105557540
2016-10-15,289.72,296.06,285.26,289.4,126898276
2016-10-16,285.29,291.99,284.25,285.44,68485485
2016-10-17,280.06,281.99,279.35,280.58,144359806
2016-10-18,278.74,278.86,272.2,276.59,115948940
2016-10-19,279.4,282.59,276.41,277.85,100631577
2016-10-20,280.11,280.43,275.03,278.83,151334525
2016-10-21,286.41,286.81,281.46,281.49,87834200
2016-10-22,288.23,288.68,272.96,288.14,142328230
2016-10-23,287.88,289.72,286.58,289.14,94699326
2016-10-24,290.84,291.27,290.06,291.01,137414811
2016-10-25,282.48,283.34,282.46,282.5,111126415
2016-10-26,275.16,282.35,274.55,278.78,143590793
2016-10-27,275.94,285.72,273.11,279.91,156034350
2016-10-28,281.05,281.25,278.47,280.58,61345103
2016-10-29,281.62,285.61,279.67,279.78,109833619
2016-10-30,291.63,292.66,283.1,285.69,92173982
2016-10-31,286.17,289.11,284.5,284.71,127389631
2016-11-01,292.87,293.28,290.68,290.7,111326655
2016-11-02,290.89,296.12,289.95,293.92,103372838
2016-11-03,297.46,301.05,297.05,297.28,84214225
2016-11-04,300.28,305.19,292.69,301.24,167420055
2016-11-05,297.15,298.09,293.61,297.9,116848271
2016-11-06,303.07,307.52,300.19,302.59,134899600
2016-11-07,302.97,307.56,301.13,303.46,144402913
2016-11-08,311.04,311.88,308.23,308.97,67165053
2016-11-09,311.86,316.28,301.95,307.68,81137648
2016-11-10,301.41,313.06,301.12,309.82,141972376
2016-11-11,299.55,306.77,299.2,304.32,123732720
2016-11-12,303.05,305.52,300.36,302.1,71083690
2016-11-13,309.81,312.74,308.71,308.82,136163210
2016-11-14,298.79,307.43,298.36,301.76,82407649
2016-11-15,303.15,310.22,302.74,304.7,113540822
2016-11-16,296.39,296.8,295.19,296.59,111260707
2016-11-17,292.6,292.64,291.59,291.78,93387961
2016-11-18,284.87,286.7,284.56,285.21,179876302
2016-11-19,281.76,284.93,276.57,280.81,146216613
2016-11-20,278.8,286.25,278.23,282.09,103015337
2016-11-21,281.17,281.84,277.47,281.62,131461650
2016-11-22,283.86,290.66,283.77,287.52,87273035
2016-11-23,287.9,288.57,280.39,283.92,64019429
2016-11-24,285.05,288.44,282.87,283.76,63246817
2016-11-25,281.95,287.54,279.98,282.07,88444684
2016-11-26,287.02,290.59,279.55,282.14,129977472
2016-11-27,278.19,281.75,277.89,278.31,158330200
2016-11-28,277.12,281.32,275.04,280.88,127793157
2016-11-29,288.22,289.18,281.56,284.25,159178458
2016-11-30,282.03,283.95,281.27,283.53,115091792
2016-12-01,283.75,284.15,277.66,282.59,69578260
2016-12-02,283.89,285.96,282.55,284.6,158137763
2016-12-03,290.01,296.74,289.47,291.66,142700374
2016-12-04,282.43,289.67,275.82,289.49,114813779
2016-12-05,295.67,295.97,292.65,293.29,132972661
2016-12-06,285.1,294.91,280.8,290.62,129663201
2016-12-07,294.81,298.89,290.68,291.94,146476173
2016-12-08,282.62,286.52,282.58,283.57,128390853
2016-12-09,279.84,281.29,279.68,280.12,168288767
2016-12-10,286.56,287.79,278.09,282.62,96625580
2016-12-11,279.13,283.73,274.94,276.25,150304110
2016-12-12,277.3,277.87,276.54,276.65,70910404
2016-12-13,280.33,281.23,277.64,280.24,100369000
2016-12-14,280.18,284.28,276.77,277.6,74719388
2016-12-15,274.95,276.83,274.46,275.4,90719629
2016-12-16,282.45,285.11,277.64,280.06,169911036
2016-12-17,266.35,275.86,265.82,272.89,98687583
2016-12-18,272.1,277.64,265.8,270.09,72590769
2016-12-19,270.28,270.42,269.03,269.89,117682345
2016-12-20,268.48,269.44,264.83,265.15,167926080
2016-12-21,262.85,268.64,262.44,263.69,149825891
2016-12-22,257.74,262.37,254.83,261.61,134391081
2016-12-23,254.64,255.33,253.55,254.25,141347708
2016-12-24,255.26,256.14,255.03,255.07,75442469
2016-12-25,257.42,257.43,251.72,254.33,139295926
2016-12-26,253.88,255.13,249.21,253.63,70326636
2016-12-27,248.63,259.06,248.42,255.29,64015662
2016-12-28,259.14,261.29,257.76,258.03,107599595
2016-12-29,262.54,262.65,259.49,260.23,88395254
2016-12-30,257.91,258.23,257.74,257.96,84896356
2016-12-31,256.88,260.75,256.2,259.02,82350403
2017-01-01,260.85,261.04,256.88,257.75,153669281
2017-01-02,258.31,260.01,256.89,257.66,98313299
2017-01-03,261.52,266.23,259.59,260.83,105979064
2017-01-04,261.4,262.53,259.1,261.52,68445473
2017-01-05,265.49,268.83,261.52,262.08,106538377
2017-01-06,254.5,255.7,254.08,255.31,138738730
2017-01-07,252.98,256.11,250.84,255.85,96080899
2017-01-08,251.21,251.73,250.53,250.73,110689727
2017-01-09,255.48,261.12,249.37,253.67,154496763
2017-01-10,255.17,260.67,246.02,250.61,83985557
2017-01-11,251.97,252.48,249.03,251.84,122357064
2017-01-12,252.46,252.51,247.08,251.41,143222523
2017-01-13,251.26,253.58,249.41,252.15,130674787
2017-01-14,243.52,255.89,242.5,250.95,154927877
2017-01-15,245.84,248.47,243.01,247.68,165404776
2017-01-16,254.69,255.8,248.2,250.77,56225899
2017-01-17,249.75,251.55,243.48,250.91,80390439
2017-01-18,248.42,248.89,246.94,247.33,112374903
2017-01-19,251.53,251.63,246.88,247.53,78036883
2017-01-20,243.68,246.26,242.46,242.93,139292733
2017-01-21,242.62,242.91,242.5,242.76,117271839
2017-01-22,247.6,248.74,239.53,245.72,145607401
2017-01-23,245.64,245.7,244.46,245.29,80699901
2017-01-24,242.9,245.52,242.13,243.46,136451436
2017-01-25,248.67,249.14,246.61,248.54,174522509
2017-01-26,249.94,253.16,248.34,248.36,123857950
2017-01-27,240.84,246.68,240.53,242.66,126161137
2017-01-28,238.37,239.87,232.85,239.81,104566277
2017-01-29,237.69,238.02,236.51,237.88,134232712
2017-01-30,238.18,243.22,234.08,240.28,127151596
2017-01-31,244.07,244.53,239.21,241.07,61693875
2017-02-01,241.32,244.45,235.38,240.26,93458913
2017-02-02,242.46,254.64,232.81,242.01,105515804
2017-02-03,237.74,245.87,232.3,239.29,99465652
2017-02-04,237.78,248.25,236.86,242.59,149286246
2017-02-05,243.21,245.47,241.73,243.45,106980041
2017-02-06,245.21,247.52,235.53,241.97,83120117
2017-02-07,243.87,246.77,243.01,246.47,175576755
2017-02-08,238.07,241.23,237.14,238.63,119484587
2017-02-09,246.12,247.01,237.2,239.74,154960842
2017-02-10,241.69,247.63,239.51,241.25,138838073
2017-02-11,236.54,238.93,234.51,238.29,165136577
2017-02-12,228.9,231.68,224.05,227.47,100423143
2017-02-13,215.97,223.98,213.43,223.16,121333739
2017-02-14,219.78,221.68,219.13,220.22,104865191
2017-02-15,223.71,225.05,221.19,221.98,88380746
2017-02-16,219.82,220.3,219.78,220.12,94878491
2017-02-17,223.88,224.91,223.42,223.6,108096990
2017-02-18,221.34,223.6,219.39,222.5,120297931
2017-02-19,227.84,232.71,217.79,225.84,136303541
2017-02-20,230.43,231.68,223.26,227.27,147575277
2017-02-21,225.15,229.63,225.04,228.1,54987667
2017-02-22,227.39,228.66,225.45,227.97,119183003
2017-02-23,227.8,227.89,223.3,227.83,96004553
2017-02-24,233.28,238.22,232.35,234.6,140537871
2017-02-25,238.17,238.36,231.73,233.25,154332845
2017-02-26,233.85,235.77,231.12,231.57,60568426
2017-02-27,233.27,238.47,232.26,236.18,97978776
2017-02-28,239.72,240.36,236.75,236.98,144250542
2017-03-01,241.33,242.76,237.72,240.64,100461868
2017-03-02,243.19,243.69,240.4,242.94,58732884
2017-03-03,251.7,252.28,248.94,252.15,122055404
2017-03-04,257.68,262.61,255.9,259.31,65058099
2017-03-05,257.48,258.92,252.08,257.58,107966088
2017-03-06,265.52,266.78,255.46,258.9,108169332
2017-03-07,260.87,262.28,255.29,261.07,77709646
2017-03-08,263.69,273.53,262.99,264.66,66686028
2017-03-09,260.62,263.69,259.24,263.42,127073956
2017-03-10,267.67,274.72,267.54,269.43,160135722
2017-03-11,270.67,271.21,267.74,269.34,103810107
2017-03-12,274.39,275.97,271.63,273.08,59313570
2017-03-13,267.15,273.12,265.72,271.79,78016811
2017-03-14,280.68,282.19,279.26,280.31,88532921
2017-03-15,272.4,287.59,267.31,281.06,147836849
2017-03-16,281.7,289.93,276.1,285.5,117776046
2017-03-17,284.52,288.14,282.04,283.43,152992868
2017-03-18,286.52,286.65,286.33,286.49,139213091
2017-03-19,285.39,287.98,283.57,284.07,135082648
2017-03-20,286.99,291.38,282.42,283.78,76532697
2017-03-21,285.06,286.71,278.82,282.14,105928033
2017-03-22,275.78,279.56,274.55,277.58,116905669
2017-03-23,288.43,293.78,282.33,284.97,133977559
2017-03-24,287.24,292.26,280.72,288.14,77836503
2017-03-25,297.64,297.77,285.7,292.79,168704695
2017-03-26,291.67,292.81,289.3,291.75,88866081
2017-03-27,286.69,290.66,282.66,287.01,168120610
2017-03-28,289.83,295.4,285.74,287.91,82275147
2017-03-29,292.34,293.22,291.88,292.26,67008446
2017-03-30,304.81,305.5,303.12,303.55,73887666
2017-03-31,305.3,310.57,297.74,306.55,92764252
2017-04-01,297.51,302.9,296.79,300.22,96649807
2017-04-02,297.03,298.45,296.85,297.79,126233235
2017-04-03,300.64,302.54,298.52,301.88,135492961
2017-04-04,298.07,305.76,294.85,302.17,51200225
2017-04-05,301.61,302.06,299.86,300.22,119452231
2017-04-06,306.07,310.84,303.09,307.93,67329937
2017-04-07,301.42,307.95,299.54,304.14,124076999
2017-04-08,311.58,316.38,309.08,313.0,81830621
2017-04-09,317.54,329.93,311.49,317.12,65745116
2017-04-10,304.55,313.37,303.97,306.07,153976875
2017-04-11,306.92,311.37,301.5,306.33,95615034
2017-04-12,310.63,315.31,308.95,309.86,100314575
2017-04-13,307.97,310.49,306.45,309.06,99989264
2017-04-14,317.4,321.81,316.99,319.82,96740598
2017-04-15,322.5,324.18,319.45,323.01,83679636
2017-04-16,333.13,333.7,324.2,324.97,139467499
2017-04-17,326.42,327.51,325.01,325.89,137463828
2017-04-18,322.83,328.09,322.27,327.31,105519111
2017-04-19,328.34,328.82,326.22,328.03,87788871
2017-04-20,328.93,334.24,318.67,333.49,74257520
2017-04-21,333.4,335.73,323.98,330.93,66167041
2017-04-22,328.88,329.56,324.49,327.18,75316690
2017-04-23,331.58,332.84,329.46,330.93,79537446
2017-04-24,330.03,336.18,319.36,331.41,66825661
2017-04-25,324.97,326.16,322.37,325.01,116091990
2017-04-26,327.72,333.6,325.92,326.77,95927479
2017-04-27,327.4,330.5,326.7,328.84,82420785
2017-04-28,336.42,338.08,327.16,327.33,53437834
2017-04-29,335.91,340.9,327.74,330.44,111170240
2017-04-30,330.73,332.56,327.59,332.22,119744719
2017-05-01,337.68,340.19,336.29,337.99,95145310
2017-05-02,336.1,338.67,327.51,328.65,161391228
2017-05-03,334.47,334.56,328.97,329.73,97676565
2017-05-04,333.5,334.12,332.59,333.65,141806704
2017-05-05,347.83,352.85,335.87,338.7,64585757
2017-05-06,335.47,337.95,329.41,333.83,98219844
2017-05-07,330.93,337.36,330.11,332.26,148752277
2017-05-08,332.28,337.03,331.74,335.83,56175010
2017-05-09,331.91,333.07,331.03,332.93,117795008
2017-05-10,338.81,341.56,331.33,336.21,128616916
2017-05-11,336.22,341.31,335.05,337.5,80628895
2017-05-12,346.15,347.58,344.1,344.21,91040258
2017-05-13,343.87,344.29,338.95,339.19,146100278
2017-05-14,343.4,348.38,333.83,342.16,116201165
2017-05-15,330.18,345.56,328.03,338.03,142340671
2017-05-16,340.26,342.53,339.63,340.57,134732832
2017-05-17,338.88,342.63,334.75,338.43,55442234
2017-05-18,345.66,346.31,343.53,343.53,92413800
2017-05-19,341.66,341.84,339.27,340.72,64638035
2017-05-20,352.79,354.21,342.0,342.68,70552698
2017-05-21,346.68,348.5,343.6,346.59,69056346
2017-05-22,346.98,347.52,335.13,341.95,120641441
2017-05-23,347.59,347.82,346.19,346.88,135489275
2017-05-24,341.56,346.45,339.69,343.94,82583060
2017-05-25,348.74,353.08,342.6,343.48,125523920
2017-05-26,341.29,350.99,337.7,343.27,77884428
2017-05-27,347.08,349.13,343.72,348.96,61251522
2017-05-28,343.07,347.03,337.3,340.46,116524749
2017-05-29,344.32,348.16,339.63,341.57,139149893
2017-05-30,353.9,356.9,346.97,348.78,176929436
2017-05-31,348.57,352.67,342.22,347.12,115645301
2017-06-01,354.24,355.19,343.73,346.24,125926171
2017-06-02,342.57,344.07,336.88,343.37,66395211
2017-06-03,362.02,366.08,338.99,351.3,147351808
2017-06-04,362.64,365.76,357.17,357.21,117577203
2017-06-05,350.26,352.79,349.16,349.2,164351083
2017-06-06,349.4,353.64,349.23,353.26,113897668
2017-06-07,341.83,344.84,334.06,338.09,160315440
2017-06-08,336.9,337.66,335.52,335.96,133988416
2017-06-09,340.54,343.06,340.31,341.2,170412667
2017-06-10,338.26,340.55,336.23,337.59,103303693
2017-06-11,334.97,341.4,334.07,339.43,80708914
2017-06-12,348.29,348.63,346.61,348.1,64430552
2017-06-13,344.39,352.47,341.6,346.75,80429624
2017-06-14,347.4,351.32,343.28,349.7,80274273
2017-06-15,341.86,345.6,341.19,343.24,170219101
2017-06-16,341.36,344.53,331.1,342.17,108268591
2017-06-17,338.62,341.64,337.87,341.21,95869059
2017-06-18,333.18,341.12,332.91,340.55,106793270
2017-06-19,349.62,350.18,346.58,347.72,107760991
2017-06-20,347.96,349.64,346.34,349.12,124444236
2017-06-21,345.35,358.51,338.58,350.28,116015573
2017-06-22,352.13,352.8,348.04,351.99,92302265
2017-06-23,351.73,357.19,347.96,354.14,132490605
2017-06-24,351.72,352.18,342.45,350.05,155899686
2017-06-25,351.93,355.61,343.28,348.77,110553248
2017-06-26,348.97,354.78,336.87,348.36,72338168
2017-06-27,351.23,352.95,346.36,351.13,63479765
2017-06-28,350.95,351.3,349.64,351.1,82480380
2017-06-29,349.47,351.23,349.47,350.97,53744329
2017-06-30,341.37,355.03,339.05,350.49,118759751
2017-07-01,363.7,366.28,354.63,357.16,137170890
2017-07-02,369.83,369.92,367.08,367.43,111140329
2017-07-03,369.29,379.74,361.49,368.81,83306345
2017-07-04,375.97,376.29,368.2,372.02,93944901
2017-07-05,379.75,382.54,375.68,376.2,76046285
2017-07-06,381.5,382.42,380.2,381.91,113413258
2017-07-07,382.39,384.34,373.36,376.65,122487693
2017-07-08,368.03,369.45,367.46,367.67,181829773
2017-07-09,371.82,378.82,371.44,373.03,161230495
2017-07-10,359.47,370.42,358.11,369.62,115657116
2017-07-11,369.03,374.37,364.89,372.11,114292003
2017-07-12,381.47,381.76,380.87,381.38,82773964
2017-07-13,388.59,392.21,384.99,386.8,106398476
2017-07-14,379.6,383.04,379.37,382.33,76317857
2017-07-15,382.83,383.66,381.63,381.87,140094793
2017-07-16,372.64,387.16,357.87,370.15,120841475
2017-07-17,368.43,371.45,365.3,366.3,65842015
2017-07-18,383.01,389.55,380.53,383.53,109424249
2017-07-19,394.66,395.38,388.47,391.06,129560453
2017-07-20,391.64,392.61,386.71,389.84,154449379
2017-07-21,390.02,391.38,382.98,387.08,150904003
2017-07-22,374.41,396.46,371.04,387.84,78124011
2017-07-23,378.92,387.76,377.56,382.78,169436444
2017-07-24,377.85,384.44,374.61,377.17,97855963
2017-07-25,376.91,380.23,375.31,379.85,106572612
2017-07-26,369.69,373.31,369.09,373.27,82896178
2017-07-27,375.96,378.11,371.89,374.95,68061609
2017-07-28,367.29,375.17,357.52,371.45,115088838
2017-07-29,367.56,368.2,361.38,364.51,177536875
2017-07-30,378.32,378.78,373.77,373.8,118129691
2017-07-31,364.91,372.56,361.07,371.19,84845910
2017-08-01,366.26,377.55,359.07,368.48,64848399
2017-08-02,360.54,369.18,359.82,362.82,71830520
2017-08-03,365.59,369.74,360.47,362.59,89177844
2017-08-04,370.29,371.93,361.5,362.66,76413605
2017-08-05,353.06,371.58,349.6,365.38,87584032
2017-08-06,373.36,376.98,370.25,373.24,90274141
2017-08-07,385.71,390.93,374.34,381.72,82192260
2017-08-08,378.28,387.34,375.87,382.4,126296328
2017-08-09,385.26,391.35,384.47,387.79,162145107
2017-08-10,386.18,393.19,381.56,387.84,123536838
2017-08-11,398.91,398.99,392.66,394.48,172224173
2017-08-12,405.29,405.95,402.36,402.73,73628960
2017-08-13,398.12,398.97,396.07,398.14,62496965
2017-08-14,389.89,403.42,387.39,398.13,72405587
2017-08-15,399.41,405.72,399.3,401.25,151065393
2017-08-16,397.84,397.91,390.92,397.12,151672882
2017-08-17,404.61,406.61,391.89,397.47,138824661
2017-08-18,402.09,405.57,396.03,400.59,124510948
2017-08-19,393.35,397.21,383.86,392.96,97709221
2017-08-20,401.83,404.46,395.81,397.94,105857190
2017-08-21,401.08,410.48,394.48,402.23,162217642
2017-08-22,396.45,401.06,386.9,394.01,130454031
2017-08-23,397.38,398.05,391.42,393.61,107084923
2017-08-24,398.38,399.0,396.95,398.18,113301145
2017-08-25,407.41,409.0,405.22,405.46,142650671
2017-08-26,419.89,421.96,415.8,418.55,154676485
2017-08-27,427.13,445.46,422.48,426.39,119536576
2017-08-28,446.04,452.36,423.39,439.41,139849150
2017-08-29,424.57,431.75,423.87,426.5,104492571
2017-08-30,411.08,415.01,400.25,406.4,92121326
2017-08-31,412.05,418.7,408.09,412.3,64610508
2017-09-01,406.17,410.52,405.33,410.47,67678385
2017-09-02,424.42,426.77,415.89,422.57,81004084
2017-09-03,430.47,432.5,415.5,421.53,108470168
2017-09-04,421.29,421.9,420.05,420.97,123743055
2017-09-05,413.02,422.64,410.2,417.5,68026115
2017-09-06,420.88,421.61,416.21,418.81,89954359
2017-09-07,414.52,419.53,406.38,414.41,115090846
2017-09-08,418.38,441.35,416.93,422.45,67396923
2017-09-09,434.03,436.86,423.79,428.58,168029686
2017-09-10,430.8,435.89,429.49,431.77,156969072
2017-09-11,434.19,437.82,427.13,429.92,116901808
2017-09-12,424.92,426.01,424.8,425.21,87396294
2017-09-13,448.77,449.56,433.69,443.21,102684530
2017-09-14,453.13,455.77,439.13,445.74,88686565
2017-09-15,438.86,448.53,431.8,448.03,66077754
2017-09-16,450.5,453.68,446.39,448.56,148448355
2017-09-17,446.31,450.19,439.52,448.26,132178803
2017-09-18,453.07,470.61,448.88,458.24,61405918
2017-09-19,467.1,469.11,459.59,463.74,155059162
2017-09-20,476.72,477.01,461.17,469.07,160346955
2017-09-21,479.67,481.75,474.19,477.83,139543344
2017-09-22,481.99,491.09,481.39,483.88,92780501
2017-09-23,467.68,476.97,467.34,474.71,97245490
2017-09-24,467.09,467.69,466.76,467.51,68408166
2017-09-25,454.37,459.8,450.48,456.22,106777203
2017-09-26,461.98,462.72,447.93,453.47,84166730
2017-09-27,446.79,460.29,446.68,457.74,80107676
2017-09-28,447.84,455.3,446.03,454.6,143923048
2017-09-29,453.75,456.91,452.65,453.74,83174042
2017-09-30,451.16,456.98,446.59,456.94,114057453
2017-10-01,461.31,472.1,453.22,459.97,77360032
2017-10-02,455.35,457.13,454.1,454.48,59810888
2017-10-03,447.29,461.1,444.4,452.91,131548698
2017-10-04,457.29,462.4,456.38,457.62,128739740
2017-10-05,461.21,466.79,459.21,462.75,65808094
2017-10-06,453.51,455.5,433.76,451.98,96459919
2017-10-07,440.52,458.28,436.4,449.62,120190463
2017-10-08,463.29,466.61,462.29,463.42,75533039
2017-10-09,459.1,468.2,457.09,461.31,137228271
2017-10-10,478.98,480.09,459.69,465.43,145683199
2017-10-11,457.78,461.19,448.17,459.21,117540529
2017-10-12,459.48,465.06,451.68,461.98,84001703
2017-10-13,476.17,476.85,469.12,474.74,74370508
2017-10-14,482.57,494.52,459.28,477.95,91779446
2017-10-15,475.23,479.76,468.76,472.5,111239912
2017-10-16,475.81,483.12,472.15,474.88,121096577
2017-10-17,475.29,476.13,468.5,471.29,158358518
2017-10-18,472.87,484.15,471.97,477.42,68385447
2017-10-19,471.66,474.32,470.72,470.84,99643781
2017-10-20,458.48,458.64,458.38,458.56,85828695
2017-10-21,471.34,474.32,459.77,469.02,176423398
2017-10-22,478.71,480.47,473.85,476.47,136333880
2017-10-23,472.86,473.45,463.48,467.11,160451275
2017-10-24,467.16,470.13,459.12,465.04,64912004
2017-10-25,464.18,467.45,460.25,462.87,156057123
2017-10-26,467.63,472.58,460.61,469.11,102567488
2017-10-27,463.61,465.7,451.56,461.14,83491890
2017-10-28,465.97,479.81,460.62,464.31,92485700
2017-10-29,477.5,479.02,469.43,469.5,98935669
2017-10-30,464.26,464.93,460.68,462.03,76770282
2017-10-31,468.38,468.95,460.71,464.32,86927510
2017-11-01,456.02,479.8,449.09,470.79,148110230
2017-11-02,446.01,458.68,441.23,457.94,164881493
2017-11-03,470.76,471.76,465.06,466.21,128820996
2017-11-04,461.36,464.12,459.59,460.85,95903372
2017-11-05,462.7,467.13,461.7,463.43,133354675
2017-11-06,472.28,472.47,468.66,471.95,89304427
2017-11-07,467.72,474.12,466.56,469.11,88464209
2017-11-08,474.97,475.16,472.56,473.23,139387741
2017-11-09,475.56,479.34,469.15,476.06,70316861
2017-11-10,475.18,488.12,474.82,483.14,88557700
2017-11-11,483.79,491.6,479.54,480.96,77348422
2017-11-12,477.81,495.1,476.68,489.6,112966871
2017-11-13,484.0,489.95,480.46,488.65,84105026
2017-11-14,479.13,485.0,476.61,484.01,136134366
2017-11-15,483.12,489.03,481.26,486.75,105048928
2017-11-16,502.04,503.75,490.64,491.87,124616262
2017-11-17,501.12,503.83,491.33,492.52,93604478
2017-11-18,491.76,497.83,483.75,490.34,71093202
2017-11-19,489.78,500.9,487.43,491.82,115207815
2017-11-20,495.47,496.66,477.53,491.83,121833440
2017-11-21,495.49,500.4,482.98,491.6,91575457
2017-11-22,491.49,493.23,483.07,487.76,72619413
2017-11-23,487.63,494.21,483.48,488.66,136269450
2017-11-24,502.48,505.72,492.44,500.84,180926328
2017-11-25,495.5,506.71,493.01,493.45,121635732
2017-11-26,492.57,497.6,484.34,493.3,123488412
2017-11-27,482.69,489.14,480.68,487.95,65078570
2017-11-28,490.49,504.72,489.07,491.97,74843677
2017-11-29,484.5,485.28,482.91,483.62,108028359
2017-11-30,493.44,493.56,482.56,482.68,115906226
2017-12-01,492.65,493.97,492.61,493.36,158225703
2017-12-02,502.77,507.45,495.18,500.12,134594221
2017-12-03,502.93,509.83,499.52,503.48,136212417
2017-12-04,507.34,508.06,506.16,506.17,56706944
2017-12-05,506.3,517.72,502.02,512.27,140623119
2017-12-06,504.57,506.38,503.25,504.86,128587647
2017-12-07,493.71,502.27,492.83,494.51,138872201
2017-12-08,499.0,503.09,495.69,499.71,123358850
2017-12-09,509.08,511.62,506.76,511.08,182688462
2017-12-10,519.21,522.02,515.11,518.77,122095067
2017-12-11,514.46,518.37,513.56,518.02,62104516
2017-12-12,506.64,515.56,506.39,514.41,118828629
2017-12-13,495.37,510.42,489.3,500.01,144682377
2017-12-14,506.92,510.16,500.98,507.87,125786738
2017-12-15,508.79,517.51,503.8,507.89,149907496
2017-12-16,510.86,517.24,506.59,509.36,100810398
2017-12-17,518.74,519.38,494.99,508.36,140838878
2017-12-18,498.57,502.34,498.2,500.31,142760891
2017-12-19,515.41,529.4,504.49,513.03,90201475
2017-12-20,498.32,513.02,490.86,504.06,126734038
2017-12-21,502.96,506.94,493.04,502.71,66955178
2017-12-22,505.34,508.75,498.3,506.98,135832143
2017-12-23,511.7,512.89,504.3,510.84,141127249
2017-12-24,505.88,515.54,505.68,511.59,120400772
2017-12-25,532.62,540.92,520.26,527.16,194605618
2017-12-26,534.39,542.56,533.38,533.83,158589078
2017-12-27,529.17,536.92,525.65,532.96,110471187
2017-12-28,537.77,546.18,535.84,538.82,65662866
2017-12-29,534.16,547.16,529.29,529.43,148139442
2017-12-30,540.91,543.11,530.9,531.14,69429992
2017-12-31,530.24,538.6,520.16,528.65,98659863
2018-01-01,532.55,536.86,525.92,531.36,62577092
2018-01-02,528.95,529.3,522.21,524.94,155360071
2018-01-03,513.9,519.16,508.98,514.05,125650071
2018-01-04,519.05,519.31,508.5,517.53,90880266
2018-01-05,499.27,503.38,492.02,499.77,81614553
2018-01-06,486.43,505.63,486.01,494.58,116129584
2018-01-07,486.17,488.43,483.11,488.2,77898043
2018-01-08,480.19,500.43,476.59,481.85,168017088
2018-01-09,487.76,489.08,485.54,486.83,139503674
2018-01-10,484.67,485.05,482.34,483.27,121574527
2018-01-11,506.42,512.57,501.22,502.46,177291029
2018-01-12,494.42,497.27,493.57,493.86,77841408
2018-01-13,499.67,502.08,490.72,494.16,79008014
2018-01-14,492.25,496.18,490.71,493.9,74619953
2018-01-15,505.23,513.13,504.87,506.81,161294127
2018-01-16,502.85,506.6,495.38,500.03,84315139
2018-01-17,512.38,514.22,500.82,505.08,71713108
2018-01-18,515.58,515.96,504.37,507.09,118026776
2018-01-19,526.45,527.63,526.25,526.4,136234323
2018-01-20,518.18,518.55,517.9,518.0,146993764
2018-01-21,504.6,514.41,496.25,503.65,65126477
2018-01-22,505.61,506.59,501.05,503.46,100525301
2018-01-23,500.5,500.78,498.04,498.12,62646115
2018-01-24,512.35,515.85,494.78,502.19,105705708
2018-01-25,507.47,516.21,506.49,506.61,142547349
2018-01-26,513.04,519.34,511.83,512.6,146837561
2018-01-27,502.45,506.82,499.83,503.72,133396080
2018-01-28,501.82,508.37,500.63,504.46,106881849
2018-01-29,495.54,499.76,488.92,494.25,169834092
2018-01-30,499.15,500.03,497.87,499.13,123161015
2018-01-31,508.88,513.47,504.59,504.91,76163208
2018-02-01,510.54,520.1,502.13,507.67,87898358
2018-02-02,519.89,523.85,517.66,518.79,166748130
2018-02-03,507.48,515.67,498.26,505.13,110624514
2018-02-04,515.48,523.62,511.69,516.41,123891335
2018-02-05,519.99,526.74,517.3,524.21,159987096
2018-02-06,515.81,521.54,512.58,515.38,95628900
2018-02-07,516.44,529.14,515.44,528.49,174688872
2018-02-08,529.93,535.0,527.4,533.04,77641029
2018-02-09,539.59,539.62,528.28,539.51,130280577
2018-02-10,532.66,551.27,530.8,548.12,60691381
2018-02-11,567.96,568.38,545.65,553.53,133918022
2018-02-12,548.92,552.4,546.74,548.94,141851020
2018-02-13,547.93,550.01,532.82,539.08,73897697
2018-02-14,546.97,548.0,540.4,544.51,144253921
2018-02-15,544.09,552.11,539.33,544.09,63881527
2018-02-16,549.04,550.71,531.79,546.37,93989987
2018-02-17,550.68,556.5,544.07,549.29,99853349
2018-02-18,532.82,536.5,524.19,535.91,135671869
2018-02-19,534.83,541.96,532.25,533.77,86626059
2018-02-20,534.52,535.69,528.44,532.57,102208338
2018-02-21,544.31,546.03,540.61,544.62,80193125
2018-02-22,542.7,547.18,535.49,546.53,54497599
2018-02-23,551.07,555.28,541.26,550.38,100876150
2018-02-24,555.13,556.77,554.39,555.95,142735437
2018-02-25,558.5,564.65,550.97,554.74,112538770
2018-02-26,554.6,556.42,553.49,553.86,130599247
2018-02-27,551.0,557.79,550.88,551.34,140991253
2018-02-28,557.82,562.27,526.25,552.48,149920394
2018-03-01,558.6,562.95,555.92,557.98,56944204
2018-03-02,544.66,550.67,531.01,540.43,185218027
2018-03-03,540.27,541.93,538.33,541.55,90991025
2018-03-04,536.37,544.29,530.01,540.54,126543815
2018-03-05,543.11,550.03,518.32,530.19,166125071
2018-03-06,533.59,543.72,529.94,538.1,69601399
2018-03-07,559.06,559.88,537.03,547.44,118795445
2018-03-08,553.26,562.96,534.89,543.53,77744205
2018-03-09,555.1,555.64,544.68,553.06,78076655
2018-03-10,547.2,561.32,532.23,545.82,132907008
2018-03-11,546.16,547.05,531.16,538.45,108868679
2018-03-12,534.66,536.75,528.98,530.01,163180072
2018-03-13,527.74,530.05,525.36,529.52,91682684
2018-03-14,537.72,548.27,517.4,533.02,101267068
2018-03-15,515.35,529.15,512.96,524.72,91474143
2018-03-16,534.1,542.37,533.46,542.36,123872302
2018-03-17,536.02,539.52,534.4,535.85,146273389
2018-03-18,530.77,531.82,523.09,524.19,139171526
2018-03-19,512.59,517.14,506.79,508.46,179023333
2018-03-20,515.36,515.81,505.56,510.01,102230537
2018-03-21,513.98,514.97,506.81,509.39,105751396
2018-03-22,497.56,515.96,496.98,503.52,94470333
2018-03-23,518.03,524.81,516.23,518.14,92347826
2018-03-24,536.93,540.96,535.7,538.14,134982158
2018-03-25,524.94,538.85,515.86,532.43,103723278
2018-03-26,532.86,536.23,530.72,533.21,118541258
2018-03-27,571.02,575.68,543.75,545.4,85188024
2018-03-28,544.8,546.5,534.12,542.82,83523850
2018-03-29,540.89,546.29,539.29,545.92,124486181
2018-03-30,537.8,548.91,528.38,542.83,129645112
2018-03-31,533.45,549.95,530.11,544.3,57935717
2018-04-01,560.47,563.53,549.83,553.97,93974471
2018-04-02,555.13,555.27,550.52,550.67,149348447
2018-04-03,556.13,558.74,541.22,548.07,147979832
2018-04-04,543.04,550.55,541.74,548.87,122686283
2018-04-05,548.66,552.58,521.61,541.59,110787244
2018-04-06,535.5,541.38,532.01,538.46,124658703
2018-04-07,539.5,549.13,518.18,533.27,98877157
2018-04-08,541.5,542.48,531.14,536.22,110007831
2018-04-09,529.56,533.29,529.05,530.53,153396836
2018-04-10,528.26,529.87,524.72,528.66,101209763
2018-04-11,536.85,539.77,527.83,527.87,103016935
2018-04-12,525.98,528.16,510.58,525.72,104405161
2018-04-13,521.51,524.28,521.28,522.23,78435315
2018-04-14,521.88,531.38,518.18,525.16,106831824
2018-04-15,524.29,528.09,515.88,519.3,63432738
2018-04-16,513.35,514.25,512.76,513.23,158108398
2018-04-17,520.17,524.88,515.9,517.05,55096621
2018-04-18,513.71,517.63,513.45,517.61,88669082
2018-04-19,519.12,519.49,504.2,511.06,146444711
2018-04-20,517.32,519.75,505.86,509.34,116230005
2018-04-21,519.12,520.6,517.68,518.55,89779909
2018-04-22,509.74,519.34,501.66,512.47,137083091
2018-04-23,508.24,508.86,508.1,508.57,56654066
2018-04-24,525.71,531.75,511.61,519.18,178883684
2018-04-25,517.74,518.43,514.79,517.36,83312245
2018-04-26,523.46,529.55,518.65,528.55,130859309
2018-04-27,519.69,532.37,513.78,526.61,129439674
2018-04-28,526.58,526.7,525.9,526.15,142221903
2018-04-29,521.77,525.51,508.27,518.99,167440827
2018-04-30,527.53,530.45,526.43,526.77,57866797
2018-05-01,525.23,528.79,521.96,524.88,58492148
2018-05-02,528.01,529.26,527.43,527.91,101143357
2018-05-03,528.61,529.79,522.25,527.51,115637701
2018-05-04,532.36,532.44,527.27,529.53,85345520
2018-05-05,517.01,518.12,511.2,512.88,185544318
2018-05-06,508.25,508.75,507.94,508.51,91070399
2018-05-07,508.76,512.95,508.49,510.95,78507787
2018-05-08,517.77,528.57,512.89,517.75,155017980
2018-05-09,521.64,526.95,519.97,520.86,110230533
2018-05-10,524.56,540.36,516.0,516.36,93974854
2018-05-11,515.59,516.27,508.19,508.26,97735807
2018-05-12,495.62,499.25,491.55,497.66,145239856
2018-05-13,516.83,520.71,509.93,510.69,184630069
2018-05-14,508.55,511.87,508.38,510.72,50447651
2018-05-15,527.31,529.02,516.8,519.44,165786182
2018-05-16,534.38,541.58,528.2,528.44,145766456
2018-05-17,526.92,546.94,525.52,538.78,98529622
2018-05-18,518.07,539.32,515.78,534.56,89842106
2018-05-19,529.37,529.52,510.98,526.92,151899608
2018-05-20,528.17,533.54,519.06,526.46,79188715
2018-05-21,506.52,515.75,499.78,512.85,90356586
2018-05-22,502.62,509.22,501.43,503.09,162249008
2018-05-23,496.9,503.77,482.98,498.72,118516283
2018-05-24,500.2,507.08,499.58,500.04,100029040
2018-05-25,489.48,507.2,487.2,500.96,87659057
2018-05-26,494.93,500.28,494.05,495.11,117467296
2018-05-27,494.47,500.33,489.56,495.8,147373636
2018-05-28,487.15,492.65,481.09,490.78,65279661
2018-05-29,495.24,507.97,490.18,490.44,129509534
2018-05-30,481.3,484.13,479.42,479.64,68443426
2018-05-31,467.66,470.66,463.07,465.06,109080313
2018-06-01,474.18,475.6,469.84,473.37,162498940
2018-06-02,463.68,466.5,462.62,463.91,69979126
2018-06-03,458.0,465.68,453.08,459.26,74253985
2018-06-04,460.3,467.38,449.2,457.99,54541232
2018-06-05,460.33,462.86,443.9,460.39,121763537
2018-06-06,452.54,456.7,446.6,454.48,161505873
2018-06-07,458.56,469.97,456.77,461.34,156624670
2018-06-08,446.44,464.85,443.05,448.77,126634011
2018-06-09,445.39,448.47,439.1,446.78,56071629
2018-06-10,442.18,446.96,431.61,441.64,91362736
2018-06-11,430.19,434.27,423.01,431.82,120477412
2018-06-12,422.93,428.8,422.8,425.96,161026738
2018-06-13,428.0,434.98,421.96,429.03,86188604
2018-06-14,430.6,433.81,429.89,431.72,67534030
2018-06-15,429.07,431.03,429.0,430.84,114006155
2018-06-16,427.51,434.1,422.46,426.13,136861193
2018-06-17,429.03,435.27,423.94,430.59,140263577
2018-06-18,437.31,440.58,433.14,435.9,149993716
2018-06-19,431.61,433.55,430.24,433.06,82012433
2018-06-20,427.13,433.01,422.77,422.87,110601509
2018-06-21,426.64,428.52,415.77,425.15,54450043
2018-06-22,438.75,440.2,435.51,435.98,77897249
2018-06-23,456.25,458.77,450.52,452.03,85594553
2018-06-24,455.02,455.09,438.86,448.56,98327049
2018-06-25,449.72,450.18,443.7,449.7,66113296
2018-06-26,460.23,463.42,443.7,452.72,103498444
2018-06-27,449.59,457.07,444.85,453.42,94792069
2018-06-28,457.93,460.59,443.83,450.47,152990607
2018-06-29,452.43,456.5,450.2,453.2,72803386
2018-06-30,463.78,477.26,452.75,457.22,79254188
2018-07-01,441.04,464.28,440.66,455.03,106821745
2018-07-02,465.06,469.67,464.12,464.63,92862520
2018-07-03,473.05,478.03,463.09,470.54,75050516
2018-07-04,477.26,480.6,472.03,477.44,73458614
2018-07-05,467.57,481.98,462.21,475.35,53921390
2018-07-06,488.61,491.52,469.92,477.52,102986849
2018-07-07,472.09,477.75,459.83,474.37,103297169
2018-07-08,480.09,486.49,462.53,475.78,122798909
2018-07-09,477.53,480.2,474.49,475.03,112806907
2018-07-10,473.17,473.83,465.92,471.59,137183076
2018-07-11,460.85,478.78,458.89,475.04,157561961
2018-07-12,474.47,489.32,458.76,477.0,89448721
2018-07-13,477.28,477.74,475.44,476.34,55544729
2018-07-14,481.41,483.4,480.19,480.86,157415174
2018-07-15,473.01,476.33,466.53,475.78,101600516
2018-07-16,484.73,489.56,478.73,481.62,123198886
2018-07-17,484.36,489.71,480.63,486.58,137217687
2018-07-18,482.74,489.17,476.82,488.13,65039899
2018-07-19,493.48,493.71,489.51,490.26,53837056
2018-07-20,492.86,506.16,485.63,489.32,66283388
2018-07-21,483.81,491.81,482.54,484.69,156389426
2018-07-22,491.98,494.17,491.09,492.7,81741580
2018-07-23,492.56,492.64,492.36,492.47,67588675
2018-07-24,473.5,498.87,472.67,486.49,90660962
2018-07-25,471.91,482.89,441.5,479.97,115487666
2018-07-26,486.03,493.13,482.72,492.91,179360602
2018-07-27,489.96,498.53,483.89,493.86,129481028
2018-07-28,502.22,503.19,488.42,495.76,141772305
2018-07-29,496.16,496.79,485.53,489.73,70732160
2018-07-30,490.9,496.51,488.52,492.12,86622574
2018-07-31,500.66,508.39,486.2,499.06,132627673
2018-08-01,486.67,494.88,486.42,494.01,82620758
2018-08-02,505.12,510.91,490.74,493.63,69769903
2018-08-03,504.7,506.71,499.3,501.6,90878978
2018-08-04,518.53,520.8,516.24,516.31,165583769
2018-08-05,518.39,519.21,500.62,514.59,99698884
2018-08-06,513.76,514.61,512.04,513.29,77523855
2018-08-07,509.17,509.45,504.6,505.52,170161473
2018-08-08,498.82,508.07,497.95,507.35,150074697
2018-08-09,507.01,509.12,504.12,508.91,75519473
2018-08-10,506.38,514.32,487.7,506.64,133377600
2018-08-11,506.38,511.88,504.67,507.81,139055623
2018-08-12,506.15,506.24,503.11,504.01,86760683
2018-08-13,508.21,512.37,506.11,508.38,112171476
2018-08-14,526.71,528.44,518.09,519.0,130517898
2018-08-15,529.65,538.34,528.89,530.56,168884869
2018-08-16,520.57,527.8,519.99,526.93,59871805
2018-08-17,529.43,550.69,526.78,533.2,136973344
2018-08-18,540.8,552.09,523.71,542.6,166186842
2018-08-19,554.71,555.85,541.02,543.27,149874720
2018-08-20,540.32,544.93,533.16,542.62,113586810
2018-08-21,559.58,563.49,551.72,551.99,132625870
2018-08-22,554.31,554.66,550.89,552.9,92509287
2018-08-23,544.37,544.92,530.98,543.22,98764002
2018-08-24,546.32,554.35,539.84,545.44,127300814
2018-08-25,550.89,560.3,536.3,553.79,62545256
2018-08-26,560.7,562.81,556.08,560.18,164969934
2018-08-27,570.79,571.25,566.62,566.67,116919413
2018-08-28,561.92,568.33,560.61,565.18,90581015
2018-08-29,563.24,571.35,554.58,560.24,126041301
2018-08-30,540.02,546.74,535.58,545.21,65752487
2018-08-31,548.6,554.64,548.32,551.92,162459832
2018-09-01,560.61,562.26,550.37,553.42,69666785
2018-09-02,553.57,555.66,548.46,549.68,71122544
2018-09-03,552.06,555.79,551.65,554.78,97106424
2018-09-04,559.61,559.94,558.49,559.9,117315869
2018-09-05,554.1,555.99,552.52,553.67,133327228
2018-09-06,552.43,558.99,549.43,549.47,113362590
2018-09-07,548.28,559.44,545.46,549.06,58339269
2018-09-08,546.19,549.51,545.87,547.2,132270010
2018-09-09,554.19,556.55,543.27,547.51,133266268
2018-09-10,569.11,575.86,559.02,562.44,83500727
2018-09-11,570.22,586.59,567.29,580.58,116914424
2018-09-12,589.21,592.13,576.54,580.5,64238868
2018-09-13,598.03,602.84,592.72,593.69,166777860
2018-09-14,582.03,595.55,572.57,584.99,128134968
2018-09-15,583.35,593.11,582.14,588.78,109991266
2018-09-16,601.07,602.35,590.56,596.34,150645521
2018-09-17,585.66,595.28,579.54,588.22,63930230
2018-09-18,581.2,584.47,576.25,583.79,99006026
2018-09-19,578.32,583.04,578.23,578.6,97182758
2018-09-20,566.21,567.38,563.79,566.13,165455724
2018-09-21,559.24,559.86,551.4,558.86,85682462
2018-09-22,545.8,554.45,545.21,547.86,91938795
2018-09-23,557.21,561.74,553.04,556.56,115767088
2018-09-24,559.74,561.05,556.18,559.01,125917071
2018-09-25,555.42,569.6,551.29,555.28,62806528
2018-09-26,547.39,552.87,532.07,543.61,170759095
2018-09-27,536.13,549.39,532.45,540.73,57505239
2018-09-28,542.99,545.91,539.85,543.43,73845941
2018-09-29,556.63,573.5,554.42,559.28,166983244
2018-09-30,556.76,557.36,551.12,556.25,61263008
2018-10-01,549.6,553.03,548.4,551.67,70917792
2018-10-02,580.25,589.06,572.1,574.68,74374193
2018-10-03,578.04,583.34,572.55,573.22,86585155
2018-10-04,583.15,586.05,564.41,582.02,128108873
2018-10-05,579.52,582.23,576.36,577.66,122995616
2018-10-06,599.55,601.4,590.78,596.31,82197077
2018-10-07,616.14,621.0,605.68,608.28,159179540
2018-10-08,596.79,613.8,595.15,605.96,68661158
2018-10-09,613.83,614.43,608.49,610.82,101986444
2018-10-10,604.86,610.96,599.99,607.42,92486993
2018-10-11,616.91,636.71,604.84,616.78,165858366
2018-10-12,628.21,633.52,613.65,616.19,137286381
2018-10-13,617.63,626.09,617.39,621.66,111772346
2018-10-14,621.55,623.13,620.29,620.98,112593532
2018-10-15,611.24,626.39,602.45,614.6,55438156
2018-10-16,612.77,615.22,606.92,610.71,99777651
2018-10-17,630.53,632.07,626.02,626.61,69528848
2018-10-18,623.98,629.07,614.3,624.76,138148833
2018-10-19,627.29,654.71,619.69,636.92,153124957
2018-10-20,641.96,644.82,634.41,637.8,117126302
2018-10-21,648.85,651.3,647.97,648.57,138984921
2018-10-22,644.59,646.91,644.35,646.72,145488963
2018-10-23,657.15,659.95,655.55,659.54,167353692
2018-10-24,676.36,677.56,666.35,675.67,135439709
2018-10-25,680.13,680.33,673.32,673.32,84648616
2018-10-26,688.07,690.64,685.1,688.13,82840386
2018-10-27,674.76,682.36,669.96,680.15,124922802
2018-10-28,665.19,683.68,638.93,677.69,108054443
2018-10-29,681.17,683.5,674.01,680.46,107899295
2018-10-30,685.87,687.71,661.68,680.84,95619254
2018-10-31,673.08,697.35,672.71,674.02,60762050
2018-11-01,693.33,697.04,674.35,692.12,93264422
2018-11-02,711.66,711.76,696.91,708.65,71107737
2018-11-03,725.61,726.59,716.37,719.04,127536520
2018-11-04,728.01,732.25,723.93,728.19,137575131
2018-11-05,727.83,730.41,717.94,724.53,120030968
2018-11-06,723.58,738.46,714.37,722.11,118510473
2018-11-07,711.46,714.39,706.9,710.87,126224783
2018-11-08,734.5,742.27,721.49,722.6,124991895
2018-11-09,724.31,725.13,706.25,707.67,94574699
2018-11-10,699.95,703.89,699.86,700.16,93808569
2018-11-11,704.33,712.73,704.02,711.23,72695224
2018-11-12,724.06,729.9,709.32,715.49,91752197
2018-11-13,741.39,743.46,732.3,733.95,168022778
2018-11-14,719.71,726.05,718.9,720.52,174633979
2018-11-15,711.99,739.29,710.6,712.84,115426678
2018-11-16,736.18,738.95,708.32,712.39,142440520
2018-11-17,711.61,713.09,707.49,708.97,72485930
2018-11-18,711.94,714.92,703.88,711.01,63616290
2018-11-19,704.28,705.99,697.63,704.92,80073358
2018-11-20,705.63,707.58,698.77,701.39,155758595
2018-11-21,704.55,711.24,703.44,703.67,115342547
2018-11-22,695.96,696.64,690.2,691.81,62487735
2018-11-23,696.37,699.52,690.49,694.51,145910832
2018-11-24,698.99,706.68,686.46,696.97,128506404
2018-11-25,697.54,700.04,694.77,699.16,116144039
2018-11-26,700.44,707.41,697.27,703.21,117625391
2018-11-27,695.05,714.24,684.73,700.28,70055572
2018-11-28,690.93,701.2,679.36,683.51,150848185
2018-11-29,687.51,695.94,674.72,680.19,88381271
2018-11-30,674.89,676.0,668.41,674.17,76260514
2018-12-01,694.27,703.07,673.46,684.83,165083756
2018-12-02,701.44,703.22,701.02,701.88,127507690
2018-12-03,707.26,711.99,697.28,708.96,73800999
2018-12-04,722.16,726.91,707.17,715.08,162739362
2018-12-05,740.87,749.46,727.02,739.15,192511245
2018-12-06,746.63,747.68,735.16,744.15,115157517
2018-12-07,733.84,737.98,728.8,731.95,72598963
2018-12-08,720.98,726.32,714.84,722.78,79557700
2018-12-09,713.07,716.7,700.25,715.51,132983486
2018-12-10,717.92,722.48,693.16,716.99,123038715
2018-12-11,688.63,733.96,682.91,711.39,139173743
2018-12-12,710.59,715.95,710.59,715.42,55233738
2018-12-13,711.05,712.01,687.91,706.13,108786210
2018-12-14,713.27,726.49,711.09,712.8,149571487
2018-12-15,687.34,692.4,684.62,689.71,97272400
2018-12-16,684.81,689.82,680.35,681.65,95945289
2018-12-17,682.97,685.63,678.38,684.33,126855264
2018-12-18,671.64,675.78,663.95,665.98,86509580
2018-12-19,661.85,671.3,660.71,662.61,127029584
2018-12-20,659.56,664.87,653.14,657.21,90122445
2018-12-21,665.84,666.71,660.47,662.74,71675963
2018-12-22,654.81,686.47,628.16,661.9,146032378
2018-12-23,655.01,657.11,653.02,656.51,87923485
2018-12-24,660.11,668.46,652.19,661.93,55320181
2018-12-25,660.14,661.86,657.87,658.14,66268894
2018-12-26,673.55,675.58,644.11,664.46,148721930
2018-12-27,671.78,683.98,662.1,676.5,88986261
2018-12-28,672.46,679.43,670.13,674.95,120750378
2018-12-29,689.89,693.9,675.73,684.92,78164391
2018-12-30,699.59,701.69,661.06,675.17,63404967
2018-12-31,667.86,679.62,638.87,657.28,115993579
2019-01-01,667.22,674.15,664.7,668.68,97055991
2019-01-02,688.12,708.5,671.19,690.22,169577774
2019-01-03,685.76,701.78,683.22,691.23,109225329
2019-01-04,686.66,694.47,680.54,684.98,79760834
2019-01-05,684.22,697.33,679.32,696.31,133622332
2019-01-06,711.43,719.86,691.13,711.78,62346392
2019-01-07,732.98,733.2,710.19,725.27,156189750
2019-01-08,717.15,723.26,716.97,719.31,82473082
2019-01-09,717.39,722.87,713.36,714.66,110776047
2019-01-10,738.05,740.1,732.72,733.1,121315080
2019-01-11,762.23,762.35,725.56,727.3,143932492
2019-01-12,726.53,734.01,723.03,725.9,148547401
2019-01-13,711.11,718.24,692.91,711.83,127343346
2019-01-14,702.44,703.59,701.59,703.02,155513364
2019-01-15,699.98,710.35,691.45,703.23,147316474
2019-01-16,679.54,696.24,675.01,692.98,84590401
2019-01-17,701.46,702.04,690.57,696.2,74046153
2019-01-18,715.3,717.98,707.41,715.52,86132756
2019-01-19,718.81,721.55,715.57,717.99,53351189
2019-01-20,726.69,728.56,719.62,725.03,122135686
2019-01-21,733.28,735.55,730.56,732.9,64395466
2019-01-22,728.38,729.34,706.49,722.93,158653645
2019-01-23,728.39,730.16,724.86,729.21,84663481
2019-01-24,736.22,741.47,687.23,724.82,109033442
2019-01-25,733.57,738.12,719.2,719.31,148302249
2019-01-26,727.78,729.89,721.73,726.78,85196550
2019-01-27,743.85,753.21,737.03,747.41,187940042
2019-01-28,758.49,762.09,750.0,751.74,79002944
2019-01-29,756.27,756.48,750.12,756.31,101019994
2019-01-30,765.59,768.43,749.15,758.98,147503373
2019-01-31,751.97,762.77,736.75,747.24,127425264
2019-02-01,740.14,743.06,729.07,740.6,146091380
2019-02-02,744.35,757.96,741.54,748.73,58240813
2019-02-03,758.63,771.12,754.03,763.15,173480819
2019-02-04,773.73,777.35,762.47,771.92,141867305
2019-02-05,776.59,805.16,764.13,788.84,103118634
2019-02-06,789.73,790.74,754.57,788.69,119599039
2019-02-07,776.72,783.14,768.36,782.57,144511197
2019-02-08,768.06,774.43,765.82,771.19,68483999
2019-02-09,768.88,769.1,764.85,766.5,57135922
2019-02-10,764.45,765.35,759.76,761.91,80509354
2019-02-11,752.08,766.05,735.85,754.03,165304193
2019-02-12,752.06,754.75,742.12,754.71,148168298
2019-02-13,753.5,772.46,749.14,756.34,91670790
2019-02-14,745.81,751.91,745.73,748.15,161274757
2019-02-15,744.61,745.35,732.86,738.7,120100866
2019-02-16,755.09,762.97,751.16,759.55,111717399
2019-02-17,789.17,789.56,785.45,787.66,134897136
2019-02-18,795.76,800.18,777.95,791.33,102030882
2019-02-19,788.15,797.92,784.77,788.08,82235861
2019-02-20,783.42,798.55,770.72,789.7,131626031
2019-02-21,794.36,807.56,788.77,792.85,95578229
2019-02-22,796.62,799.85,765.14,775.17,150008984
2019-02-23,774.53,780.74,771.11,778.4,95755967
2019-02-24,772.99,773.46,755.11,767.31,64525055
2019-02-25,775.04,782.82,770.52,774.83,133461393
2019-02-26,786.71,790.71,772.68,784.25,65419196
2019-02-27,779.94,797.65,779.32,789.43,103734025
2019-02-28,778.0,789.26,771.0,781.83,56600130
2019-03-01,782.75,784.03,777.56,780.76,108469887
2019-03-02,784.14,789.15,782.64,784.77,115599496
2019-03-03,781.61,786.14,781.41,784.07,112222317
2019-03-04,785.99,793.43,781.76,784.99,100746852
2019-03-05,766.02,782.97,764.61,772.44,156857770
2019-03-06,766.83,770.21,760.76,767.97,128962275
2019-03-07,770.19,774.0,765.17,765.48,84425918
2019-03-08,770.3,775.07,768.0,773.5,136348078
2019-03-09,770.75,775.8,769.52,774.04,106211744
2019-03-10,755.23,784.95,753.06,773.01,98934461
2019-03-11,788.16,805.24,780.45,785.35,159517540
2019-03-12,767.36,783.9,743.2,766.09,126256875
2019-03-13,764.45,768.55,763.46,764.08,106024184
2019-03-14,740.53,754.89,738.57,753.54,59045220
2019-03-15,776.41,776.84,759.72,765.35,89330767
2019-03-16,770.71,790.72,769.78,780.94,127134558
2019-03-17,774.99,780.06,764.56,766.87,151744178
2019-03-18,787.76,788.94,771.4,776.35,107124818
2019-03-19,767.41,767.53,755.15,766.73,139055806
2019-03-20,778.71,781.23,770.86,778.3,124662959
2019-03-21,759.46,759.7,750.0,757.73,163693889
2019-03-22,757.17,761.52,746.47,753.01,100918824
2019-03-23,776.93,777.65,747.47,755.79,96375630
2019-03-24,739.55,786.17,735.64,761.33,61676033
2019-03-25,752.39,754.4,743.36,747.92,167979195
2019-03-26,774.36,785.53,765.79,769.02,95930158
2019-03-27,751.51,766.16,742.74,753.12,137411599
2019-03-28,754.11,755.47,734.53,749.68,156257778
2019-03-29,764.1,770.51,751.94,760.42,151875727
2019-03-30,763.79,798.54,756.63,763.14,135748949
2019-03-31,768.42,770.01,766.37,767.92,90279599
2019-04-01,772.52,777.35,765.66,771.98,123754617
2019-04-02,760.28,762.83,752.09,759.45,134593709
2019-04-03,750.76,751.01,747.7,750.37,61194297
2019-04-04,759.71,774.88,754.74,765.52,155979151
2019-04-05,743.53,765.65,741.4,763.65,116266112
2019-04-06,763.14,772.66,758.98,759.59,137575077
2019-04-07,769.61,788.67,749.74,759.17,61785482
2019-04-08,743.79,755.34,733.31,750.36,148324580
2019-04-09,746.31,760.84,734.74,747.27,78035903
2019-04-10,730.09,730.53,718.39,729.71,157131375
2019-04-11,755.55,757.37,728.4,735.13,70700369
2019-04-12,747.88,762.7,742.12,755.3,168474149
2019-04-13,766.13,774.72,766.0,766.5,148139690
2019-04-14,751.01,755.64,750.16,750.91,69710932
2019-04-15,755.22,763.71,751.55,759.58,87668703
2019-04-16,766.52,780.07,753.78,761.71,145704970
2019-04-17,777.43,777.77,777.11,777.71,130476987
2019-04-18,787.89,803.33,787.2,791.67,149690070
2019-04-19,811.34,832.92,800.94,802.24,107892703
2019-04-20,824.3,827.56,819.5,823.31,105828805
2019-04-21,799.63,820.34,790.01,809.34,128534867
2019-04-22,795.76,796.41,794.38,794.48,156859273
2019-04-23,827.13,840.79,815.37,821.1,160013475
2019-04-24,815.98,845.37,803.15,804.31,120014785
2019-04-25,817.39,822.02,815.14,819.27,152345662
2019-04-26,815.3,825.93,804.09,813.03,81303860
2019-04-27,795.37,814.48,793.83,806.84,138264828
2019-04-28,811.01,815.71,792.77,807.95,129898822
2019-04-29,806.06,829.75,786.54,808.14,105981602
2019-04-30,775.33,828.75,768.91,786.33,86002507
2019-05-01,799.52,802.52,796.58,799.17,73554421
2019-05-02,807.95,808.37,804.14,804.98,58948761
2019-05-03,797.99,801.98,796.36,800.4,65915023
2019-05-04,836.64,836.82,827.23,831.6,204305622
2019-05-05,829.51,831.11,828.66,829.09,133201688
2019-05-06,835.83,859.27,779.56,817.4,91066390
2019-05-07,869.64,872.22,831.96,842.13,129542037
2019-05-08,829.17,830.26,818.73,820.42,156326623
2019-05-09,807.78,834.57,804.44,815.77,97295956
2019-05-10,804.49,807.24,789.65,793.49,118471593
2019-05-11,778.58,791.28,768.33,790.5,52801547
2019-05-12,808.03,823.01,806.94,811.96,122875288
2019-05-13,823.65,826.32,816.96,820.03,106582565
2019-05-14,832.69,843.51,828.58,835.0,60100652
2019-05-15,847.2,847.79,838.76,840.17,114858029
2019-05-16,816.16,826.05,801.56,817.77,72428723
2019-05-17,861.48,868.4,811.35,840.04,113933645
2019-05-18,844.66,849.8,843.45,849.17,55901038
2019-05-19,859.18,872.87,854.54,857.31,134829742
2019-05-20,867.59,885.77,865.51,869.65,113807606
2019-05-21,881.48,882.5,878.34,882.31,93225320
2019-05-22,875.56,879.2,865.22,879.19,130172702
2019-05-23,904.9,908.31,903.92,907.83,70485034
2019-05-24,940.35,942.4,927.61,931.51,93650831
2019-05-25,966.15,981.16,917.48,973.52,88566813
2019-05-26,960.97,963.23,949.73,952.33,72238757
2019-05-27,958.81,980.59,952.6,966.38,109359554
2019-05-28,948.89,952.5,945.4,951.81,83273146
2019-05-29,959.17,964.6,954.27,961.51,109931055
2019-05-30,970.65,972.45,960.22,967.87,80815924
2019-05-31,960.61,972.76,959.78,969.87,130980006
2019-06-01,983.78,995.9,983.16,988.49,104177399
2019-06-02,971.48,1000.09,954.1,978.72,157980501
2019-06-03,977.13,1009.91,974.37,989.09,150555743
2019-06-04,994.93,1007.67,986.09,988.49,109630843
2019-06-05,1003.94,1005.55,990.73,994.07,138714383
2019-06-06,967.96,979.76,955.93,975.38,139079318
2019-06-07,975.53,999.32,975.47,976.73,134012068
2019-06-08,998.8,1016.47,947.23,986.86,106669001
2019-06-09,984.67,995.33,978.69,993.92,101024790
2019-06-10,992.22,1004.07,981.12,991.1,110683534
2019-06-11,999.25,1014.68,993.17,997.58,128663601
2019-06-12,965.76,984.86,960.83,974.76,118051811
2019-06-13,1019.43,1021.79,962.3,985.95,59426555
2019-06-14,971.1,987.28,970.13,974.81,153841386
2019-06-15,977.99,988.2,977.08,984.39,76445837
2019-06-16,958.98,970.57,955.35,967.35,151134187
2019-06-17,975.03,978.42,952.93,956.38,76612802
2019-06-18,969.14,973.96,944.14,957.4,59746066
2019-06-19,1005.1,1005.59,988.07,988.57,116781056
2019-06-20,990.87,997.48,981.79,991.66,90846582
2019-06-21,1021.8,1028.64,985.68,1000.81,65140380
2019-06-22,1016.4,1016.51,1012.04,1013.81,141142813
2019-06-23,1000.76,1023.1,987.32,1018.09,54641706
2019-06-24,996.46,1000.76,951.44,996.28,153068076
2019-06-25,986.89,1005.19,981.15,1001.6,121926593
2019-06-26,985.93,1009.51,983.62,995.32,97152897
2019-06-27,970.3,998.29,970.04,981.38,161227133
2019-06-28,956.33,995.58,956.23,957.46,111858910
2019-06-29,971.87,979.41,970.35,971.01,163772262
2019-06-30,971.49,976.69,969.4,972.66,91171038
2019-07-01,994.59,995.15,981.8,992.81,103641958
2019-07-02,1013.12,1030.88,986.54,1017.25,142342931
2019-07-03,999.03,1019.33,980.0,1006.71,126923101
2019-07-04,1044.11,1050.51,1034.28,1034.97,98401725
2019-07-05,1033.24,1037.44,1022.57,1028.96,143070661
2019-07-06,1040.9,1045.0,1039.55,1042.56,124195664
2019-07-07,1064.84,1072.72,1039.94,1062.39,68311035
2019-07-08,1061.08,1066.53,1049.06,1062.22,52330192
2019-07-09,1077.56,1105.88,1074.58,1080.09,91837072
2019-07-10,1082.52,1090.7,1072.26,1081.51,59075574
2019-07-11,1102.48,1107.91,1080.49,1083.85,98116732
2019-07-12,1078.41,1096.05,1056.85,1086.25,54420494
2019-07-13,1081.7,1085.47,1077.84,1080.19,89095412
2019-07-14,1103.7,1109.16,1074.0,1090.49,111565345
2019-07-15,1091.13,1094.61,1080.25,1094.43,81552576
2019-07-16,1065.98,1092.49,1050.9,1081.58,139275195
2019-07-17,1133.91,1135.99,1114.35,1116.3,175316387
2019-07-18,1122.71,1128.15,1066.74,1117.11,116538280
2019-07-19,1142.5,1143.89,1117.22,1134.83,77004241
2019-07-20,1145.62,1165.93,1142.25,1157.6,159564925
2019-07-21,1199.2,1203.73,1181.56,1185.41,118500686
2019-07-22,1164.25,1187.12,1163.54,1171.17,88868144
2019-07-23,1179.81,1189.48,1166.73,1175.01,151423231
2019-07-24,1183.82,1192.17,1169.7,1175.24,98616387
2019-07-25,1183.89,1188.2,1124.73,1173.26,115357748
2019-07-26,1177.99,1189.16,1173.65,1175.54,66990151
2019-07-27,1191.26,1199.12,1189.94,1196.18,145155559
2019-07-28,1180.4,1221.17,1175.69,1189.63,109230027
2019-07-29,1142.23,1174.21,1088.63,1138.09,207317789
2019-07-30,1162.36,1177.58,1157.89,1162.8,74127095
2019-07-31,1148.91,1163.64,1123.66,1148.68,126540093
2019-08-01,1166.97,1169.18,1165.25,1165.6,159617528
2019-08-02,1142.24,1164.73,1140.61,1144.72,170386397
2019-08-03,1155.43,1163.71,1148.23,1151.08,66817090
2019-08-04,1140.78,1150.55,1137.5,1139.41,116115034
2019-08-05,1147.09,1148.43,1127.21,1147.92,138701562
2019-08-06,1134.81,1150.65,1120.61,1127.15,87977440
2019-08-07,1165.73,1169.13,1131.23,1131.82,70652151
2019-08-08,1113.93,1114.82,1094.03,1108.09,175583646
2019-08-09,1083.78,1098.74,1073.38,1078.43,84145557
2019-08-10,1092.13,1093.84,1051.65,1064.77,76631842
2019-08-11,1058.09,1066.86,1006.03,1056.36,156052979
2019-08-12,1008.57,1019.3,1003.88,1017.68,205318522
2019-08-13,1030.11,1049.53,1012.32,1042.71,105929055
2019-08-14,1051.79,1059.14,1049.83,1053.09,105332375
2019-08-15,1022.28,1025.7,1016.95,1018.28,71931562
2019-08-16,1036.34,1049.33,1032.53,1045.64,182923087
2019-08-17,1054.81,1065.96,1044.9,1054.69,87485895
2019-08-18,1050.28,1066.03,1045.33,1057.98,121140687
2019-08-19,1047.8,1058.51,1044.99,1050.58,99931536
2019-08-20,1047.75,1071.64,1033.85,1057.58,111184311
2019-08-21,1085.1,1086.26,1079.98,1080.61,111216491
2019-08-22,1101.24,1101.39,1089.03,1094.68,147473188
2019-08-23,1111.16,1122.64,1104.43,1104.76,152588733
2019-08-24,1103.36,1119.97,1093.59,1103.85,145086602
2019-08-25,1117.87,1127.99,1111.87,1111.9,58622700
2019-08-26,1103.71,1122.43,1092.23,1106.45,156114839
2019-08-27,1065.79,1085.56,1053.66,1078.43,153744054
2019-08-28,1067.55,1071.06,1065.02,1067.12,88397898
2019-08-29,1100.96,1102.52,1063.32,1082.02,136030855
2019-08-30,1102.38,1119.88,1091.56,1103.46,68786888
2019-08-31,1112.35,1120.32,1088.27,1111.8,158072693
2019-09-01,1110.48,1113.22,1098.35,1104.65,113975883
2019-09-02,1056.32,1090.95,1034.9,1073.56,191712291
2019-09-03,1051.84,1054.87,1040.86,1042.73,100072221
2019-09-04,1079.71,1096.52,1078.74,1089.64,105892284
2019-09-05,1102.48,1115.33,1096.74,1107.04,107226607
2019-09-06,1098.38,1105.03,1094.19,1102.35,90688261
2019-09-07,1095.63,1108.43,1084.47,1105.18,123035102
2019-09-08,1129.94,1164.76,1087.43,1119.17,161047625
2019-09-09,1118.96,1122.26,1111.36,1118.63,69205944
2019-09-10,1081.09,1085.56,1071.48,1083.76,74477606
2019-09-11,1078.05,1088.96,1037.91,1061.46,108800980
2019-09-12,1053.71,1057.71,1048.38,1054.6,150739995
2019-09-13,1070.72,1081.48,1061.2,1061.99,114932086
2019-09-14,1078.6,1083.55,1077.57,1078.46,169346405
2019-09-15,1091.54,1096.67,1089.72,1092.49,163136253
2019-09-16,1072.42,1096.69,1070.38,1090.47,125878277
2019-09-17,1090.5,1107.19,1089.25,1098.32,112858382
2019-09-18,1099.84,1119.59,1083.86,1105.61,93830622
2019-09-19,1103.66,1113.85,1099.06,1101.34,133041849
2019-09-20,1079.47,1089.77,1055.43,1077.81,171998278
2019-09-21,1100.69,1102.84,1035.68,1061.52,140953840
2019-09-22,1060.46,1063.66,1052.02,1055.07,122828368
2019-09-23,1070.97,1097.64,1066.6,1067.34,96030850
2019-09-24,1050.58,1072.54,1024.43,1051.16,132884700
2019-09-25,1070.05,1086.34,1050.51,1058.45,76436282
2019-09-26,1055.32,1062.9,1030.33,1053.63,116760099
2019-09-27,1065.2,1066.86,1060.14,1063.07,129825432
2019-09-28,1078.51,1078.96,1076.39,1077.13,136770629
2019-09-29,1076.76,1093.95,1075.38,1088.38,138524788
2019-09-30,1067.21,1080.87,1065.63,1066.94,149051646
2019-10-01,1072.93,1083.54,1071.17,1071.98,105110883
2019-10-02,1070.12,1105.48,1044.1,1085.28,61390902
2019-10-03,1073.47,1086.54,1069.3,1076.46,76972549
2019-10-04,1072.65,1077.01,1071.11,1073.66,130757697
2019-10-05,1059.18,1096.94,1030.27,1066.17,76502012
2019-10-06,1074.84,1086.52,1067.29,1074.93,147748196
2019-10-07,1053.78,1060.23,1053.24,1053.81,132412339
2019-10-08,1065.96,1082.73,1052.96,1068.09,154925075
2019-10-09,1077.58,1089.74,1058.62,1066.67,106409509
2019-10-10,1099.38,1108.11,1060.95,1075.84,64340512
2019-10-11,1034.57,1045.85,1026.67,1034.27,191059735
2019-10-12,1070.72,1074.22,1048.04,1056.9,104307170
2019-10-13,1100.3,1102.72,1044.4,1056.29,60127196
2019-10-14,1075.85,1084.59,1070.32,1072.81,95174655
2019-10-15,1092.1,1101.73,1082.89,1101.64,70535974
2019-10-16,1099.15,1125.25,1096.45,1112.1,161532146
2019-10-17,1127.07,1127.29,1110.49,1111.17,53846337
2019-10-18,1094.65,1107.17,1092.82,1093.37,97429765
2019-10-19,1012.22,1086.65,1010.11,1068.28,94430948
2019-10-20,1125.99,1137.44,1087.46,1100.73,90286389
2019-10-21,1055.77,1061.74,1055.66,1058.98,165610805
2019-10-22,1053.45,1062.97,1047.58,1050.06,63250134
2019-10-23,1046.92,1065.63,1039.97,1052.75,73468164
2019-10-24,1025.2,1029.0,1024.86,1027.53,89285566
2019-10-25,1022.85,1032.53,1021.99,1025.33,134400329
2019-10-26,1028.15,1030.56,986.94,1023.71,133329425
2019-10-27,1000.7,1017.92,998.02,1002.15,174984867
2019-10-28,985.78,1008.86,972.31,982.98,148442113
2019-10-29,1000.9,1013.99,994.63,999.09,68386304
2019-10-30,981.01,999.2,978.34,981.23,91051014
2019-10-31,1001.25,1003.0,962.36,986.43,58195473
2019-11-01,1004.66,1007.69,1004.04,1005.77,171494514
2019-11-02,990.35,998.26,976.73,991.13,82459983
2019-11-03,1006.74,1007.47,1001.88,1005.1,88515856
2019-11-04,993.99,1011.5,973.85,982.22,183299349
2019-11-05,995.24,1015.56,991.67,1000.91,165306336
2019-11-06,1012.52,1012.62,1008.86,1012.13,165248191
2019-11-07,985.23,1013.61,970.15,987.15,181320600
2019-11-08,1015.15,1039.26,984.14,1006.59,80248403
2019-11-09,1014.2,1019.32,991.18,997.23,144035674
2019-11-10,1013.97,1030.16,1007.2,1010.07,148556129
2019-11-11,1022.78,1025.06,995.83,1014.15,60979309
2019-11-12,1026.97,1028.68,1018.04,1020.6,136321122
2019-11-13,1029.55,1029.85,1022.31,1023.59,94246523
2019-11-14,993.18,1034.14,991.53,1009.14,107172219
2019-11-15,1028.29,1032.57,1016.89,1020.34,58787954
2019-11-16,1009.66,1018.64,998.78,1018.16,95412769
2019-11-17,1003.95,1042.89,991.43,1011.8,154364904
2019-11-18,1010.63,1038.68,988.62,1014.11,110661595
2019-11-19,1015.71,1028.63,1004.47,1012.9,98043778
2019-11-20,985.36,998.89,979.84,988.09,65182324
2019-11-21,977.36,1002.98,973.2,984.88,120418804
2019-11-22,992.97,993.84,992.13,992.36,116895823
2019-11-23,1016.73,1026.25,1008.64,1009.33,171487911
2019-11-24,1011.93,1016.66,1002.6,1008.17,97924174
2019-11-25,1014.09,1032.25,1013.83,1022.79,126633325
2019-11-26,1045.33,1048.28,1038.33,1040.49,102646113
2019-11-27,1010.25,1022.06,1007.97,1021.51,61985997
2019-11-28,1043.47,1057.75,1014.3,1029.25,103035161
2019-11-29,1061.37,1078.03,1034.02,1053.03,77661995
2019-11-30,1055.4,1069.23,1053.22,1060.44,114230781
2019-12-01,1059.04,1064.81,1055.18,1062.88,100053631
2019-12-02,1069.28,1083.13,1032.49,1045.09,144617480
2019-12-03,1034.28,1044.67,1020.19,1031.49,155793337
2019-12-04,1037.97,1040.75,1026.31,1040.19,78607067
2019-12-05,1075.8,1076.42,1068.74,1072.16,186118978
2019-12-06,1074.39,1082.16,1066.16,1069.18,142797843
2019-12-07,1076.08,1086.53,1059.8,1086.05,121742887
2019-12-08,1108.7,1134.5,1107.01,1117.66,144777198
2019-12-09,1123.8,1128.83,1122.86,1123.55,101004262
2019-12-10,1130.38,1139.1,1106.99,1127.35,86034251
2019-12-11,1098.76,1112.27,1098.64,1102.14,96435596
2019-12-12,1076.08,1106.64,1054.56,1062.59,146335582
2019-12-13,1050.71,1052.78,1039.34,1049.22,154678675
2019-12-14,1073.46,1103.22,1049.42,1069.38,171162688
2019-12-15,1070.21,1076.67,1057.8,1063.41,124530434
2019-12-16,1053.61,1080.91,1052.72,1064.92,125092270
2019-12-17,1042.51,1058.79,1036.37,1056.65,146637302
2019-12-18,1041.72,1042.14,1039.46,1041.87,158482450
2019-12-19,1044.7,1055.72,1044.25,1052.76,68408459
2019-12-20,1047.91,1061.52,1031.9,1040.24,64413284
2019-12-21,1058.83,1059.35,1049.43,1052.85,145062041
2019-12-22,1038.61,1071.01,1029.85,1067.31,163386997
2019-12-23,1036.06,1036.3,1020.97,1027.92,120351557
2019-12-24,1024.18,1046.3,1016.8,1035.89,123335647
2019-12-25,1066.17,1083.19,1026.23,1039.88,78670098
2019-12-26,1071.7,1072.1,1068.54,1070.34,156093334
2019-12-27,1116.0,1119.11,1065.26,1078.71,66589454
2019-12-28,1071.69,1110.25,1067.08,1071.29,93070181
2019-12-29,1093.91,1095.76,1050.06,1081.02,108025446
