Date,Open,High,Low,Close,Volume
2010-01-01,97.08,99.31,96.96,97.11,126622250
2010-01-02,92.69,96.23,92.38,93.28,137439768
2010-01-03,92.97,93.36,89.56,92.32,159656216
2010-01-04,92.18,95.26,90.04,93.02,104307482
2010-01-05,93.91,94.68,92.48,93.35,75405720
2010-01-06,92.71,94.62,92.0,93.05,89229645
2010-01-07,96.76,96.82,96.39,96.44,170492520
2010-01-08,97.41,98.32,96.74,97.36,100245858
2010-01-09,98.36,100.44,92.44,96.14,136200348
2010-01-10,102.45,103.15,98.64,101.25,201625910
2010-01-11,102.28,102.66,101.79,102.65,116753962
2010-01-12,104.02,104.12,102.45,104.0,76497828
2010-01-13,104.46,107.53,103.73,104.3,94806182
2010-01-14,101.87,103.59,101.44,103.09,99262642
2010-01-15,105.38,105.5,101.79,104.5,97462939
2010-01-16,107.91,108.79,104.29,107.83,92914709
2010-01-17,107.54,107.9,105.59,106.75,161021863
2010-01-18,106.35,106.92,104.43,106.85,134969181
2010-01-19,107.1,108.61,104.52,106.69,105957441
2010-01-20,106.38,107.95,105.35,106.08,91754591
2010-01-21,108.13,109.97,107.7,109.2,104738824
2010-01-22,105.32,107.91,104.74,105.66,132668756
2010-01-23,106.54,107.76,106.51,106.98,68899268
2010-01-24,109.38,109.73,106.79,107.38,125634219
2010-01-25,106.94,109.06,106.6,107.1,136966256
2010-01-26,103.07,106.51,102.45,104.84,68290431
2010-01-27,104.34,107.97,103.39,105.28,133899393
2010-01-28,107.88,108.27,106.92,107.5,87911133
2010-01-29,108.87,110.56,108.53,108.82,147087469
2010-01-30,105.89,110.19,104.32,109.14,112673520
2010-01-31,102.63,109.49,102.16,106.24,98991589
2010-02-01,107.12,111.85,104.66,107.11,102082127
2010-02-02,112.22,112.36,107.24,110.38,155428788
2010-02-03,112.91,116.28,112.31,113.9,105592729
2010-02-04,114.51,119.3,112.99,116.81,161090783
2010-02-05,120.12,120.44,116.8,117.75,158829999
2010-02-06,114.8,121.05,113.82,119.52,107293161
2010-02-07,114.85,117.48,113.63,116.5,161991888
2010-02-08,120.92,123.37,120.3,120.49,126162053
2010-02-09,120.35,122.27,119.61,119.86,129964179
2010-02-10,117.84,121.41,115.82,118.02,146673783
2010-02-11,119.03,121.94,117.79,119.27,125490236
2010-02-12,118.59,119.02,117.65,118.18,69088480
2010-02-13,115.28,115.98,111.5,113.36,99146744
2010-02-14,111.27,115.66,110.75,111.68,60979814
2010-02-15,111.77,112.44,109.11,109.86,87988683
2010-02-16,112.77,115.01,111.97,112.06,172199663
2010-02-17,114.69,115.02,114.4,114.47,93114674
2010-02-18,115.22,115.4,112.77,115.31,130695940
2010-02-19,114.44,114.88,114.2,114.42,126782913
2010-02-20,110.5,110.9,110.11,110.5,86840454
2010-02-21,104.69,105.83,104.03,105.0,212633402
2010-02-22,108.39,108.96,103.97,106.91,112332319
2010-02-23,102.61,105.09,101.91,104.13,145476502
2010-02-24,104.01,104.31,103.83,104.22,86535612
2010-02-25,105.72,109.26,103.49,106.96,113514484
2010-02-26,106.3,106.38,106.02,106.13,87219599
2010-02-27,108.72,110.2,105.32,107.86,172848153
2010-02-28,103.29,105.6,102.78,105.0,110034061
2010-03-01,99.53,101.98,99.51,101.12,173782791
2010-03-02,97.67,97.88,96.94,97.0,143834216
2010-03-03,94.49,94.91,92.65,94.01,83642066
2010-03-04,95.14,96.53,92.86,94.88,158334834
2010-03-05,95.8,99.58,92.1,97.5,108680101
2010-03-06,99.92,101.19,97.43,99.33,65037744
2010-03-07,96.84,97.42,96.51,97.05,141620103
2010-03-08,97.93,98.95,96.43,97.58,123437181
2010-03-09,95.93,96.13,95.12,95.44,149681692
2010-03-10,94.98,95.08,94.52,94.88,80188764
2010-03-11,92.53,96.14,87.66,92.36,124744320
2010-03-12,90.97,93.32,89.19,93.17,95229679
2010-03-13,92.27,92.44,91.66,91.97,124644221
2010-03-14,95.15,95.16,90.69,92.77,111495915
2010-03-15,88.43,93.1,87.58,92.32,145070552
2010-03-16,92.07,94.34,90.37,92.62,118509297
2010-03-17,92.6,92.77,92.03,92.33,94774797
2010-03-18,94.92,95.38,94.74,95.0,85678914
2010-03-19,93.76,94.58,92.9,93.41,149323238
2010-03-20,96.75,97.51,95.46,96.07,117843300
2010-03-21,96.96,97.63,96.35,96.57,100836628
2010-03-22,101.4,102.3,97.46,99.36,188872205
2010-03-23,96.96,98.62,96.07,97.4,154153696
2010-03-24,99.59,104.85,94.51,98.38,150767453
2010-03-25,101.15,101.24,100.75,100.92,113607469
2010-03-26,100.98,105.05,100.87,100.95,56477810
2010-03-27,99.82,100.93,99.55,100.7,126826446
2010-03-28,103.37,103.38,102.04,102.63,163355132
2010-03-29,105.72,106.19,102.58,103.99,145225956
2010-03-30,101.38,103.74,100.85,103.11,117961481
2010-03-31,103.34,108.17,103.22,103.26,120650523
2010-04-01,100.58,102.01,99.21,100.94,109122206
2010-04-02,97.03,98.45,96.2,98.35,177922977
2010-04-03,100.06,101.98,98.67,100.86,132747141
2010-04-04,103.1,104.71,102.82,103.39,133796218
2010-04-05,100.71,104.45,100.33,102.93,59126820
2010-04-06,105.48,106.66,104.82,105.47,108819904
2010-04-07,103.56,106.89,103.48,105.22,64356878
2010-04-08,101.87,102.9,101.79,102.76,69728483
2010-04-09,105.95,107.05,104.8,105.62,92999003
2010-04-10,103.57,103.94,102.46,103.28,123547079
2010-04-11,104.85,105.02,104.15,104.46,81769260
2010-04-12,108.37,110.75,107.26,107.33,135813446
2010-04-13,110.64,111.04,110.5,110.61,131597369
2010-04-14,109.58,109.91,105.27,107.86,175252619
2010-04-15,106.97,110.13,103.96,107.69,103973852
2010-04-16,102.73,105.68,102.53,103.79,92279316
2010-04-17,101.79,103.36,99.89,101.26,153983385
2010-04-18,101.26,102.98,99.52,102.72,144820625
2010-04-19,101.96,104.68,101.53,102.22,81258364
2010-04-20,106.17,107.39,104.79,106.25,196832184
2010-04-21,106.54,106.68,105.65,105.95,143906027
2010-04-22,105.78,110.64,103.53,105.87,95213056
2010-04-23,110.12,111.09,109.57,110.57,116135578
2010-04-24,113.47,113.51,108.64,110.1,143214063
2010-04-25,108.65,110.7,108.44,108.65,150771011
2010-04-26,104.89,105.85,104.2,104.35,153841068
2010-04-27,106.44,107.14,104.72,104.93,112819289
2010-04-28,110.42,111.73,106.89,107.88,82256998
2010-04-29,111.53,112.27,108.2,109.34,126875913
2010-04-30,109.57,112.34,109.23,110.48,151264866
2010-05-01,110.95,113.9,109.33,112.59,148243215
2010-05-02,110.83,113.11,109.38,110.46,117193267
2010-05-03,108.75,109.48,107.51,108.55,79902821
2010-05-04,113.25,114.57,111.54,111.94,127528395
2010-05-05,114.49,114.93,113.17,113.62,59628335
2010-05-06,109.95,112.24,109.92,110.3,114502669
2010-05-07,110.8,111.23,108.56,110.3,87867686
2010-05-08,114.12,114.47,112.94,113.01,126195180
2010-05-09,111.26,115.66,109.01,112.37,78270756
2010-05-10,113.38,114.27,112.32,113.66,134229147
2010-05-11,111.75,114.43,110.84,112.31,70453797
2010-05-12,115.17,117.93,112.31,113.64,147367358
2010-05-13,114.09,115.44,112.19,113.82,93434949
2010-05-14,112.15,113.5,111.8,111.97,122864493
2010-05-15,113.57,113.81,111.85,113.38,97322850
2010-05-16,115.15,115.37,114.93,115.28,167410343
2010-05-17,115.45,116.21,114.78,116.19,101703413
2010-05-18,114.18,115.97,111.46,113.94,154671094
2010-05-19,112.66,116.95,111.79,115.57,156717323
2010-05-20,120.33,120.42,114.16,115.94,97024294
2010-05-21,113.69,114.08,113.06,113.5,85689291
2010-05-22,114.93,116.64,108.82,112.54,153675971
2010-05-23,113.59,116.3,112.97,115.36,183313489
2010-05-24,112.66,115.07,110.98,114.23,116661093
2010-05-25,116.62,117.14,116.31,116.88,158093699
2010-05-26,117.76,120.47,113.48,117.24,133987897
2010-05-27,122.46,123.91,120.17,120.28,124951813
2010-05-28,117.41,117.51,116.98,117.0,103541736
2010-05-29,114.21,115.0,112.85,114.51,156241966
2010-05-30,111.1,114.88,109.38,113.22,66711287
2010-05-31,115.03,115.37,111.5,114.39,150171076
2010-06-01,114.96,115.56,112.07,112.66,137276099
2010-06-02,110.89,112.61,109.17,111.29,135686052
2010-06-03,110.94,116.49,109.27,112.59,72282605
2010-06-04,115.68,117.41,112.31,115.22,127751590
2010-06-05,114.25,114.28,111.78,112.81,170278813
2010-06-06,114.69,115.16,113.26,113.94,129889313
2010-06-07,113.78,118.13,111.78,115.02,104348457
2010-06-08,113.64,117.54,111.17,115.34,92545987
2010-06-09,119.12,119.44,116.11,118.13,96005246
2010-06-10,116.37,116.54,115.34,115.66,60574925
2010-06-11,114.23,114.29,113.98,114.23,91464074
2010-06-12,113.56,114.75,110.78,113.72,136281659
2010-06-13,117.57,119.34,116.45,116.69,151556820
2010-06-14,117.52,118.65,117.34,118.09,82034763
2010-06-15,120.52,120.77,120.29,120.63,80342150
2010-06-16,122.89,123.15,121.44,122.57,121215464
2010-06-17,122.37,122.44,122.21,122.43,80735572
2010-06-18,123.61,124.73,123.34,124.36,82540967
2010-06-19,124.8,124.86,122.61,123.71,62796554
2010-06-20,122.23,125.15,120.81,123.06,96928950
2010-06-21,123.51,125.18,122.58,122.73,142023750
2010-06-22,124.49,126.58,122.07,122.73,78298815
2010-06-23,119.26,120.52,119.01,120.18,145143439
2010-06-24,118.89,120.92,116.8,118.83,67900970
2010-06-25,119.35,121.33,117.47,117.53,164420656
2010-06-26,118.15,119.82,113.93,117.72,146332561
2010-06-27,113.48,116.68,113.44,116.47,162842366
2010-06-28,125.59,126.3,122.25,122.42,102934337
2010-06-29,122.7,123.53,118.9,121.64,107501944
2010-06-30,124.26,124.75,121.01,123.23,77855649
2010-07-01,123.67,125.55,122.36,124.28,139017986
2010-07-02,125.11,125.67,123.53,123.86,103726750
2010-07-03,122.75,124.14,119.59,123.07,102174145
2010-07-04,122.2,128.29,119.83,124.51,139294460
2010-07-05,120.97,122.44,116.01,120.73,138345463
2010-07-06,124.36,126.46,123.81,124.18,148411835
2010-07-07,119.63,121.32,119.14,121.16,72855185
2010-07-08,119.95,125.02,116.96,122.09,118881886
2010-07-09,122.84,122.84,121.07,122.6,128104161
2010-07-10,116.95,121.77,116.75,119.85,135808769
2010-07-11,123.96,128.55,120.47,123.91,171001587
2010-07-12,125.29,126.66,124.34,125.72,84865691
2010-07-13,124.35,125.23,124.27,124.96,109922953
2010-07-14,126.39,127.18,126.06,127.16,118859400
2010-07-15,132.93,133.56,127.07,129.08,157644809
2010-07-16,124.29,125.63,122.15,124.69,123359959
2010-07-17,124.69,124.76,124.03,124.21,57452999
2010-07-18,120.09,120.49,117.77,119.04,202167709
2010-07-19,116.02,118.8,114.76,115.96,167484666
2010-07-20,114.42,119.9,114.12,115.64,144983306
2010-07-21,116.48,118.69,115.38,116.75,112039839
2010-07-22,120.98,121.04,118.62,119.39,144555304
2010-07-23,123.98,125.12,122.97,123.88,127243642
2010-07-24,127.37,128.58,123.68,128.01,92881343
2010-07-25,126.65,131.16,125.04,127.14,70446465
2010-07-26,124.95,131.31,116.38,128.25,71351455
2010-07-27,125.53,130.26,124.24,129.69,67371861
2010-07-28,126.32,128.31,122.94,127.11,120346891
2010-07-29,129.64,131.22,124.8,129.08,144469909
2010-07-30,121.17,123.3,121.1,123.2,191324502
2010-07-31,126.28,129.11,124.97,128.3,181468015
2010-08-01,131.65,131.97,126.96,128.09,118550320
2010-08-02,130.46,134.65,130.02,130.64,123138499
2010-08-03,127.92,128.52,126.87,128.09,176850800
2010-08-04,131.02,131.45,129.85,130.02,94382841
2010-08-05,135.33,135.67,135.15,135.4,135070930
2010-08-06,137.34,139.02,135.18,137.7,61610161
2010-08-07,141.47,142.19,139.37,141.93,94517890
2010-08-08,134.13,137.09,133.97,136.25,109967638
2010-08-09,139.57,140.35,139.12,139.59,133023740
2010-08-10,139.63,143.96,136.32,141.59,117035731
2010-08-11,142.72,142.95,142.23,142.42,53085609
2010-08-12,144.7,147.23,142.27,143.75,110554645
2010-08-13,147.86,153.71,145.25,150.69,158792029
2010-08-14,147.34,147.45,146.04,147.38,134252350
2010-08-15,144.93,148.08,133.51,142.46,141146013
2010-08-16,143.88,147.37,140.28,140.56,155253144
2010-08-17,140.67,140.79,139.69,139.71,118039758
2010-08-18,144.12,145.79,141.71,143.12,144567793
2010-08-19,143.59,143.62,137.51,139.8,101230632
2010-08-20,136.97,137.57,133.86,137.34,147457547
2010-08-21,139.85,141.57,135.58,136.97,91686532
2010-08-22,137.59,140.41,136.69,136.84,110562096
2010-08-23,135.74,137.14,135.6,136.9,140173703
2010-08-24,139.23,139.57,137.33,139.2,153917106
2010-08-25,139.74,145.91,138.77,143.73,112269699
2010-08-26,146.88,148.98,145.85,148.77,84827867
2010-08-27,152.91,156.49,146.05,151.56,101065739
2010-08-28,150.29,150.75,148.07,149.46,73547267
2010-08-29,139.99,149.11,138.41,146.89,72790287
2010-08-30,148.56,149.02,145.61,147.3,127237076
2010-08-31,146.13,150.56,142.49,146.1,153267511
2010-09-01,152.12,152.36,148.05,151.39,122478302
2010-09-02,149.22,149.66,143.39,144.87,155011237
2010-09-03,141.8,142.77,140.73,142.67,136680147
2010-09-04,146.26,148.21,144.67,146.47,88218206
2010-09-05,144.66,148.63,143.16,146.19,51915146
2010-09-06,147.12,148.39,146.56,146.84,119585036
2010-09-07,147.94,149.92,143.42,146.86,116267273
2010-09-08,145.73,146.8,142.35,145.61,109547071
2010-09-09,148.65,151.51,147.3,147.91,152302601
2010-09-10,147.05,147.98,146.9,147.1,85996667
2010-09-11,154.41,154.68,150.78,152.77,126621159
2010-09-12,146.53,154.09,144.51,151.14,101612697
2010-09-13,149.78,153.51,148.98,151.32,125578171
2010-09-14,157.6,159.45,152.27,153.61,60258698
2010-09-15,157.43,159.39,155.04,155.14,156494764
2010-09-16,160.33,161.51,158.73,159.3,185328118
2010-09-17,158.09,160.55,154.05,158.2,128488764
2010-09-18,160.3,160.96,158.93,160.59,96911831
2010-09-19,161.21,162.13,158.13,161.41,102246890
2010-09-20,155.1,155.58,154.33,154.79,162708715
2010-09-21,154.84,166.01,153.39,159.73,140943409
2010-09-22,166.91,167.32,163.92,166.55,208646085
2010-09-23,173.8,174.2,167.7,169.24,113033130
2010-09-24,166.65,167.82,163.25,164.1,70095466
2010-09-25,169.45,170.8,166.69,168.96,88206324
2010-09-26,169.17,169.69,168.87,169.33,84379326
2010-09-27,166.44,170.55,166.27,169.63,83160804
2010-09-28,172.3,172.61,168.7,169.56,108357537
2010-09-29,169.09,169.41,169.02,169.09,139409175
2010-09-30,165.7,165.76,160.3,164.96,145127933
2010-10-01,169.28,171.14,168.8,170.47,185651494
2010-10-02,170.22,173.39,169.93,172.68,101835040
2010-10-03,180.82,181.29,169.08,178.36,151202975
2010-10-04,172.38,173.92,171.93,172.74,178682070
2010-10-05,179.24,180.71,175.81,176.46,120140445
2010-10-06,172.97,173.7,169.41,169.87,120810166
2010-10-07,167.72,171.25,165.62,168.75,150476826
2010-10-08,164.72,164.95,156.69,164.1,174881994
2010-10-09,165.63,166.12,159.5,163.15,156747661
2010-10-10,166.31,171.42,165.09,169.1,118135225
2010-10-11,171.54,172.01,163.51,167.5,127958183
2010-10-12,174.63,181.31,173.06,176.04,186316408
2010-10-13,179.18,180.18,178.74,179.19,73354544
2010-10-14,184.78,187.45,179.12,181.37,163809553
2010-10-15,185.05,186.03,176.21,181.97,122615509
2010-10-16,181.66,181.71,181.48,181.48,92241338
2010-10-17,181.06,182.47,179.18,181.71,95632518
2010-10-18,171.38,175.22,169.96,174.26,145650403
2010-10-19,177.66,180.38,176.65,178.22,79541981
2010-10-20,177.65,181.07,176.88,180.8,101107291
2010-10-21,178.6,191.07,174.71,179.85,135764002
2010-10-22,179.7,180.15,172.13,180.09,51909633
2010-10-23,189.84,191.2,186.05,188.28,120034825
2010-10-24,185.35,192.29,185.32,191.63,132815078
2010-10-25,197.36,198.51,194.53,198.29,168289537
2010-10-26,190.03,193.32,189.97,193.05,159245962
2010-10-27,188.03,192.02,186.73,188.02,141021956
2010-10-28,184.11,187.86,180.64,184.88,146051895
2010-10-29,180.22,182.69,179.7,179.79,124556237
2010-10-30,182.81,184.44,177.95,179.16,137214312
2010-10-31,176.47,176.65,176.16,176.6,100445705
2010-11-01,172.91,176.15,162.74,173.73,160764878
2010-11-02,179.57,183.68,178.25,179.58,183161794
2010-11-03,173.06,182.96,170.25,178.32,89251339
2010-11-04,181.12,182.18,178.65,179.3,103843824
2010-11-05,182.26,182.92,180.45,180.53,137020513
2010-11-06,181.64,185.41,181.52,184.4,63696630
2010-11-07,182.94,183.42,179.67,182.74,66444996
2010-11-08,182.6,184.65,181.42,182.79,97405155
2010-11-09,183.96,188.51,181.3,185.96,130985071
2010-11-10,178.37,178.72,178.0,178.02,185037231
2010-11-11,176.28,176.33,172.02,176.14,142195507
2010-11-12,177.98,182.09,171.98,177.06,58529762
2010-11-13,173.96,175.5,172.3,173.05,130103406
2010-11-14,173.9,176.38,171.33,172.67,136776296
2010-11-15,173.14,174.53,171.1,172.02,137423400
2010-11-16,173.74,181.72,168.69,174.01,133436712
2010-11-17,177.65,178.17,168.43,171.08,129993790
2010-11-18,163.94,167.23,163.72,166.09,83267346
2010-11-19,156.77,165.23,155.88,161.16,101374858
2010-11-20,161.54,166.12,159.71,160.39,79256208
2010-11-21,157.38,157.77,156.71,157.26,141995992
2010-11-22,156.97,158.49,156.96,157.35,56450940
2010-11-23,162.45,163.87,161.17,162.67,92512280
2010-11-24,164.85,167.89,158.7,160.43,71096141
2010-11-25,172.41,175.03,167.34,168.97,117912087
2010-11-26,164.82,171.02,161.31,167.61,115688205
2010-11-27,165.12,167.52,163.21,166.7,68806193
2010-11-28,173.17,173.42,167.93,168.5,85643100
2010-11-29,172.93,175.9,168.55,171.22,130989569
2010-11-30,176.01,176.15,173.15,173.84,80080221
2010-12-01,180.38,180.66,174.44,176.42,103383652
2010-12-02,181.1,181.86,179.2,179.72,175570174
2010-12-03,184.2,195.37,180.6,184.9,183984249
2010-12-04,180.83,183.68,180.74,183.28,159644051
2010-12-05,176.65,177.98,175.98,176.76,146263813
2010-12-06,177.75,182.07,176.96,178.99,97707802
2010-12-07,177.96,178.6,175.92,176.27,61406182
2010-12-08,173.24,179.71,170.82,179.15,111584236
2010-12-09,182.67,185.6,176.03,182.71,95306430
2010-12-10,192.15,199.98,184.78,192.01,174051973
2010-12-11,191.79,194.59,191.78,193.81,143563661
2010-12-12,198.12,206.09,191.5,197.83,169721435
2010-12-13,202.33,202.86,199.95,200.52,73709197
2010-12-14,195.6,195.73,194.66,195.08,149045310
2010-12-15,197.32,200.48,196.36,196.94,117760633
2010-12-16,198.14,199.66,187.11,197.02,87591542
2010-12-17,201.99,205.27,198.11,199.27,85403764
2010-12-18,199.18,200.76,196.8,198.2,96525499
2010-12-19,192.55,194.86,189.46,193.17,74498680
2010-12-20,195.18,196.08,195.01,195.46,62106530
2010-12-21,195.96,196.62,194.72,195.3,119372564
2010-12-22,195.79,199.04,192.95,197.42,57189202
2010-12-23,192.04,194.29,191.83,193.59,63683502
2010-12-24,199.0,200.83,198.64,200.11,188929022
2010-12-25,204.09,204.41,203.78,204.25,148597095
2010-12-26,197.09,199.38,192.98,197.62,79478634
2010-12-27,198.23,198.27,195.07,197.78,78195281
2010-12-28,198.23,200.35,190.51,196.09,60466660
2010-12-29,202.9,215.37,199.18,202.91,190087995
2010-12-30,199.96,204.18,198.27,203.07,124305338
2010-12-31,203.04,206.16,198.65,202.86,53217223
2011-01-01,202.51,203.86,200.04,203.74,138229449
2011-01-02,201.19,201.21,199.23,199.86,171070636
2011-01-03,200.83,202.33,190.76,197.8,89235071
2011-01-04,194.95,196.63,191.1,194.36,161882189
2011-01-05,195.48,196.06,189.02,193.26,92003154
2011-01-06,198.97,200.82,191.58,193.05,111206104
2011-01-07,193.03,195.04,192.97,194.1,140442431
2011-01-08,189.73,199.12,188.68,195.62,109870293
2011-01-09,197.45,197.59,189.24,194.9,123501243
2011-01-10,197.18,198.92,194.0,197.82,68909056
2011-01-11,202.36,203.31,195.42,195.79,129891051
2011-01-12,202.06,205.08,198.66,201.77,187828388
2011-01-13,195.98,198.74,192.2,196.76,107822632
2011-01-14,202.04,205.4,200.57,202.58,152627363
2011-01-15,210.89,214.0,206.57,209.17,117761541
2011-01-16,214.45,215.19,209.78,210.99,88134220
2011-01-17,215.41,215.81,210.69,213.55,63758731
2011-01-18,213.12,213.17,211.84,212.81,78021978
2011-01-19,207.14,209.04,204.77,207.44,110132279
2011-01-20,218.48,219.2,210.75,212.83,155750638
2011-01-21,216.89,221.59,216.38,219.36,172587088
2011-01-22,215.33,216.45,214.62,215.41,121077066
2011-01-23,218.08,224.33,214.09,216.06,99157826
2011-01-24,221.37,222.47,211.41,218.98,161511138
2011-01-25,214.25,216.17,208.32,212.81,147347110
2011-01-26,217.26,219.0,210.83,212.95,126785720
2011-01-27,215.05,217.98,211.62,214.26,117977773
2011-01-28,220.18,220.73,215.41,218.15,150379294
2011-01-29,213.16,216.34,212.11,213.53,66882120
2011-01-30,210.27,214.6,209.14,211.9,125987238
2011-01-31,215.83,215.83,214.94,215.48,87766099
2011-02-01,222.31,224.53,220.9,222.2,107764713
2011-02-02,213.77,215.64,210.98,211.19,114403890
2011-02-03,214.9,214.92,209.56,213.2,70638218
2011-02-04,220.15,231.07,210.95,215.68,163887790
2011-02-05,203.84,214.38,202.07,208.48,197307302
2011-02-06,213.46,213.99,211.99,213.78,66084507
2011-02-07,218.9,225.59,213.92,218.82,62828926
2011-02-08,222.91,230.11,221.36,227.07,71632905
2011-02-09,221.43,225.05,220.62,223.38,140056974
2011-02-10,225.96,228.41,219.05,223.78,73523907
2011-02-11,224.16,226.62,216.81,220.86,122844269
2011-02-12,218.15,219.89,218.06,219.83,104173697
2011-02-13,220.68,222.96,219.66,221.87,63422463
2011-02-14,217.96,221.82,213.28,221.43,51916653
2011-02-15,220.09,223.64,217.88,220.64,126874641
2011-02-16,221.23,228.06,214.93,224.54,123979559
2011-02-17,225.77,226.01,219.31,221.83,166025262
2011-02-18,211.81,216.32,210.96,214.87,100729481
2011-02-19,210.95,215.44,208.88,214.35,87718727
2011-02-20,219.75,224.04,213.93,218.03,165971618
2011-02-21,218.46,219.38,206.17,211.33,148605578
2011-02-22,207.95,212.95,205.36,211.11,81544231
2011-02-23,205.78,207.74,204.39,207.23,104716284
2011-02-24,204.67,207.16,198.64,202.87,95853692
2011-02-25,206.7,216.6,196.95,207.48,174099273
2011-02-26,208.14,211.34,204.57,210.1,161941418
2011-02-27,219.22,220.97,211.5,218.81,178248867
2011-02-28,224.23,225.59,214.61,219.45,140787763
2011-03-01,222.5,222.66,219.72,220.2,128203303
2011-03-02,220.93,222.65,217.02,220.88,106366968
2011-03-03,223.0,231.13,222.88,225.45,64097270
2011-03-04,217.99,220.57,216.46,219.86,79928519
2011-03-05,227.72,228.68,222.22,224.95,108227125
2011-03-06,220.65,233.87,216.05,224.11,92982471
2011-03-07,227.52,231.92,223.84,225.53,128681633
2011-03-08,221.71,224.15,218.92,222.7,76646650
2011-03-09,219.36,220.06,219.26,219.95,141356537
2011-03-10,227.87,228.29,211.97,218.82,123373843
2011-03-11,215.43,219.54,213.41,218.38,106944487
2011-03-12,218.02,219.05,216.74,218.93,114623309
2011-03-13,219.0,223.32,217.18,219.24,149329195
2011-03-14,219.43,220.25,217.79,219.51,83824390
2011-03-15,226.8,229.73,217.68,218.46,85354163
2011-03-16,217.26,218.87,201.11,213.55,163535714
2011-03-17,216.35,223.43,198.42,215.85,73410589
2011-03-18,214.6,217.89,213.07,216.58,123583087
2011-03-19,216.64,225.67,216.26,221.91,85777289
2011-03-20,219.33,225.64,216.63,224.51,109391541
2011-03-21,229.0,234.86,224.24,227.26,88554012
2011-03-22,232.48,232.93,225.48,228.2,102226919
2011-03-23,216.51,217.25,216.34,216.65,122591811
2011-03-24,209.36,211.85,209.34,210.12,79932028
2011-03-25,210.76,211.99,209.64,209.74,103824943
2011-03-26,205.05,208.18,203.55,205.22,150863347
2011-03-27,204.73,207.51,203.98,204.03,129190293
2011-03-28,202.56,204.81,202.11,203.03,133069812
2011-03-29,202.67,207.75,196.87,207.03,95206862
2011-03-30,203.76,203.89,200.57,202.53,95534683
2011-03-31,207.23,208.35,206.77,207.03,158888076
2011-04-01,204.15,206.68,203.23,205.45,90984626
2011-04-02,208.63,208.75,206.76,207.4,125961884
2011-04-03,212.82,215.6,210.2,211.25,75540595
2011-04-04,209.8,219.23,206.48,212.78,89300253
2011-04-05,201.89,205.37,200.42,205.26,201773553
2011-04-06,208.84,208.89,205.86,206.77,99402747
2011-04-07,216.57,220.81,208.89,212.09,74648574
2011-04-08,219.81,222.77,214.82,219.46,124351840
2011-04-09,221.26,221.48,219.74,220.46,55542165
2011-04-10,220.71,225.66,219.14,219.63,98630440
2011-04-11,215.37,219.72,214.85,216.45,148437733
2011-04-12,211.45,215.7,209.68,211.03,79442878
2011-04-13,211.64,220.3,208.0,209.35,99012388
2011-04-14,208.85,211.3,199.7,208.29,61266368
2011-04-15,205.78,211.27,203.86,207.31,103156095
2011-04-16,207.53,212.04,204.04,211.1,98733128
2011-04-17,203.49,204.37,203.12,204.22,164368170
2011-04-18,205.41,209.21,189.26,200.9,108455320
2011-04-19,201.92,205.08,193.92,201.75,66274154
2011-04-20,201.11,203.28,200.75,202.32,63284230
2011-04-21,201.43,209.77,200.75,205.45,170676760
2011-04-22,209.94,216.87,205.76,214.21,212089829
2011-04-23,211.94,212.91,205.2,211.02,143107541
2011-04-24,207.45,208.35,207.08,207.45,150117981
2011-04-25,203.73,204.44,203.54,204.08,99370799
2011-04-26,209.99,214.12,199.8,206.94,100318901
2011-04-27,211.96,212.69,211.35,212.31,147141031
2011-04-28,215.16,216.22,209.55,210.04,139114297
2011-04-29,204.46,218.99,204.16,207.75,165629196
2011-04-30,212.99,213.16,209.38,210.85,115188025
2011-05-01,208.91,209.02,208.08,208.97,84191942
2011-05-02,208.75,209.22,206.26,207.16,127929782
2011-05-03,204.62,208.27,201.07,205.82,146161588
2011-05-04,210.55,214.44,205.74,207.83,103977178
2011-05-05,205.38,206.17,205.34,206.03,126020666
2011-05-06,205.44,208.92,204.43,205.8,89463478
2011-05-07,207.89,207.97,203.46,204.62,124212202
2011-05-08,200.45,206.6,199.34,204.51,132514497
2011-05-09,203.38,205.59,202.68,204.49,75333435
2011-05-10,198.14,198.43,192.46,197.02,85287922
2011-05-11,194.77,202.37,193.67,196.99,127718986
2011-05-12,200.17,201.05,198.39,198.91,134399174
2011-05-13,201.77,202.84,191.42,198.81,105213092
2011-05-14,200.85,203.18,198.08,198.82,56729358
2011-05-15,204.32,204.76,199.52,203.28,93307147
2011-05-16,197.78,198.87,196.46,197.33,174874832
2011-05-17,193.97,196.45,193.89,195.0,164990231
2011-05-18,192.96,203.14,192.39,195.12,65384720
2011-05-19,197.89,199.16,188.12,195.56,75100732
2011-05-20,192.33,192.57,191.55,192.4,155418986
2011-05-21,186.01,186.04,185.36,185.91,181358759
2011-05-22,185.89,194.24,182.04,188.91,79074985
2011-05-23,189.87,190.32,185.15,188.88,118280570
2011-05-24,191.78,191.78,189.24,191.07,76062349
2011-05-25,189.98,192.71,187.76,192.65,105349600
2011-05-26,199.67,199.91,193.11,196.31,97018454
2011-05-27,194.8,203.03,194.51,198.67,153082726
2011-05-28,203.9,207.18,194.56,202.02,161627749
2011-05-29,192.03,197.64,189.34,197.38,108484270
2011-05-30,200.86,203.4,200.81,202.35,89427704
2011-05-31,217.24,217.33,215.8,216.0,177304117
2011-06-01,224.71,225.35,216.82,218.9,158826188
2011-06-02,221.8,225.39,220.31,221.28,156906799
2011-06-03,223.75,225.51,221.43,223.94,99600052
2011-06-04,219.8,221.04,217.39,217.95,158799293
2011-06-05,219.29,221.1,218.42,219.12,137402052
2011-06-06,209.53,219.17,209.22,217.34,121423010
2011-06-07,219.43,219.5,208.15,214.41,121162547
2011-06-08,213.58,214.41,207.65,210.86,64664001
2011-06-09,213.54,214.54,207.91,211.33,143537506
2011-06-10,208.11,213.53,207.39,213.49,59712867
2011-06-11,210.79,212.97,204.23,209.67,133898342
2011-06-12,211.98,214.34,203.4,209.89,54615665
2011-06-13,205.98,207.72,205.66,205.72,76309631
2011-06-14,210.07,212.35,199.31,204.88,77240661
2011-06-15,215.09,215.18,205.31,205.73,69471061
2011-06-16,201.39,203.32,194.89,201.01,177149639
2011-06-17,202.21,211.27,195.44,202.91,85595695
2011-06-18,196.58,196.66,192.92,194.33,105955548
2011-06-19,199.86,207.85,187.81,197.18,88738783
2011-06-20,194.75,196.19,190.94,192.83,136855054
2011-06-21,190.46,195.5,189.4,193.63,151749613
2011-06-22,193.72,195.12,190.21,192.0,135225724
2011-06-23,189.02,195.78,186.68,192.51,106269548
2011-06-24,193.93,194.95,190.41,191.44,136947249
2011-06-25,191.21,193.83,180.29,187.76,166575320
2011-06-26,178.01,181.35,176.7,180.99,137354035
2011-06-27,187.48,189.59,187.02,187.19,83461541
2011-06-28,187.89,188.25,185.89,186.53,146051650
2011-06-29,185.53,190.03,177.96,183.24,67258491
2011-06-30,185.67,187.0,172.79,184.08,132632946
2011-07-01,182.24,183.5,175.69,181.05,68765995
2011-07-02,178.3,184.76,178.27,179.01,151854228
2011-07-03,176.97,179.84,174.77,178.44,137136196
2011-07-04,179.94,183.08,176.16,179.9,76252674
2011-07-05,178.35,181.81,176.88,181.47,69933122
2011-07-06,183.58,186.63,183.56,184.94,146423422
2011-07-07,189.58,189.78,188.64,188.79,70147570
2011-07-08,188.41,193.64,186.73,187.59,54202057
2011-07-09,179.97,184.18,179.32,183.0,80327311
2011-07-10,178.91,182.12,178.58,180.82,116396597
2011-07-11,182.74,184.24,177.8,182.15,158338690
2011-07-12,181.79,183.22,179.29,182.89,63934855
2011-07-13,183.86,184.67,180.85,183.05,114859503
2011-07-14,180.07,183.54,175.09,177.2,132409766
2011-07-15,180.28,181.08,179.1,179.22,155592861
2011-07-16,187.92,188.54,183.76,187.63,73960882
2011-07-17,191.74,192.23,187.38,191.1,102296988
2011-07-18,197.41,197.59,195.09,197.16,173921555
2011-07-19,199.71,201.81,195.64,195.97,143646541
2011-07-20,196.71,200.82,194.47,197.13,99762859
2011-07-21,194.16,197.94,192.41,193.51,120463974
2011-07-22,199.98,200.09,199.43,199.92,133638784
2011-07-23,200.33,203.46,195.26,199.65,125517692
2011-07-24,203.28,207.12,201.45,203.62,122237828
2011-07-25,199.81,202.97,195.97,200.34,69598635
2011-07-26,200.62,201.65,197.59,199.17,132387830
2011-07-27,206.06,209.04,202.38,205.88,110928163
2011-07-28,205.37,216.65,198.09,206.08,86628251
2011-07-29,205.46,209.37,203.07,207.45,74471759
2011-07-30,208.58,215.14,206.66,211.85,74451566
2011-07-31,205.97,206.57,204.95,206.13,82731121
2011-08-01,199.9,206.1,198.92,204.44,74324929
2011-08-02,204.28,205.63,202.51,203.37,95426731
2011-08-03,194.67,199.43,193.05,198.2,185411754
2011-08-04,198.92,203.78,198.26,199.65,129020697
2011-08-05,201.96,205.94,200.08,205.08,88146727
2011-08-06,207.03,207.19,205.84,206.48,131547450
2011-08-07,197.66,202.69,196.42,200.3,68248323
2011-08-08,215.43,217.11,203.62,205.51,186896286
2011-08-09,202.88,205.75,202.82,203.32,92476624
2011-08-10,204.53,208.35,202.34,202.95,140970818
2011-08-11,211.49,212.91,208.06,208.37,120526216
2011-08-12,204.62,210.33,202.08,208.94,113902851
2011-08-13,213.57,213.9,209.02,210.49,129993968
2011-08-14,212.49,216.51,209.05,215.54,183103664
2011-08-15,216.32,216.34,216.05,216.32,103491436
2011-08-16,227.31,233.47,219.71,222.31,140547454
2011-08-17,219.18,230.38,218.73,222.45,117988341
2011-08-18,227.96,230.71,218.77,220.83,105183611
2011-08-19,224.27,224.92,224.06,224.06,155882281
2011-08-20,232.93,233.54,227.85,228.51,99333773
2011-08-21,227.17,231.66,226.51,228.68,78507946
2011-08-22,230.95,231.24,225.3,230.01,105852929
2011-08-23,233.01,238.78,230.12,235.89,98550230
2011-08-24,239.57,241.54,239.48,241.33,78534473
2011-08-25,242.16,243.44,236.68,239.28,152239837
2011-08-26,242.75,244.39,240.03,242.2,134513799
2011-08-27,242.12,243.82,237.67,241.33,107188505
2011-08-28,245.06,247.31,242.25,244.37,59216861
2011-08-29,249.97,254.58,248.13,251.55,192217645
2011-08-30,255.61,257.31,246.74,251.61,110322684
2011-08-31,255.03,264.92,254.41,260.26,199014150
2011-09-01,266.66,274.5,262.39,267.3,103101149
2011-09-02,276.92,281.48,273.37,280.17,120530433
2011-09-03,289.48,293.44,277.46,283.7,101687469
2011-09-04,290.64,291.46,277.54,278.31,117538993
2011-09-05,271.73,279.83,265.25,270.41,166834405
2011-09-06,274.35,276.19,273.06,274.91,83234378
2011-09-07,285.4,290.94,270.02,279.74,162974236
2011-09-08,278.69,279.71,277.69,279.01,73590847
2011-09-09,279.91,285.6,277.71,277.91,89683286
2011-09-10,271.96,272.49,271.18,271.35,123451593
2011-09-11,273.66,281.42,272.37,274.21,131151404
2011-09-12,264.63,274.07,260.73,272.49,121687648
2011-09-13,274.85,279.99,268.34,273.28,95248278
2011-09-14,272.88,274.34,248.98,271.37,119540871
2011-09-15,269.82,273.15,267.72,269.29,91533150
2011-09-16,270.78,271.0,260.03,266.54,85439987
2011-09-17,278.34,284.48,272.19,274.09,72736667
2011-09-18,275.72,278.73,269.94,276.23,116588787
2011-09-19,273.83,280.67,267.79,280.05,102569221
2011-09-20,285.89,287.3,280.21,282.21,103379695
2011-09-21,282.84,288.1,282.61,283.71,102084041
2011-09-22,274.5,283.66,274.47,278.32,62781822
2011-09-23,288.46,290.3,278.34,280.47,90042883
2011-09-24,279.27,287.72,277.66,284.92,149266951
2011-09-25,280.64,285.31,269.95,274.47,132342592
2011-09-26,280.65,285.68,276.94,279.21,89729526
2011-09-27,288.7,289.74,285.76,287.13,179595821
2011-09-28,295.87,296.08,287.29,292.12,174475204
2011-09-29,277.2,287.29,274.96,284.86,80203122
2011-09-30,286.98,287.96,285.35,287.8,107358310
2011-10-01,294.44,297.42,294.29,295.28,120020942
2011-10-02,296.79,306.6,294.47,301.58,162605178
2011-10-03,294.13,317.98,292.51,306.55,130554258
2011-10-04,309.7,318.1,302.72,311.86,150212112
2011-10-05,312.11,314.56,310.25,311.93,72040687
2011-10-06,316.73,317.18,308.33,316.78,155795103
2011-10-07,308.32,314.45,302.29,312.75,138033571
2011-10-08,311.61,319.92,306.98,315.92,123785130
2011-10-09,310.19,319.01,301.74,316.53,82392482
2011-10-10,311.53,314.62,308.24,310.65,103689829
2011-10-11,294.4,309.83,293.43,306.14,57383814
2011-10-12,305.94,309.13,304.72,306.15,110471919
2011-10-13,308.38,310.37,301.24,305.25,153717353
2011-10-14,295.77,306.77,291.94,305.71,105710562
2011-10-15,312.66,315.32,302.66,308.58,80032138
2011-10-16,299.89,301.6,292.88,299.85,137942947
2011-10-17,300.79,301.14,287.85,299.01,71301421
2011-10-18,301.18,303.32,299.2,300.56,145787612
2011-10-19,301.89,303.26,297.32,301.46,136750008
2011-10-20,308.39,311.09,298.96,303.72,126309437
2011-10-21,298.76,299.83,295.55,295.72,95130550
2011-10-22,301.52,310.91,297.9,301.8,98174684
2011-10-23,322.25,323.12,291.86,313.73,150906415
2011-10-24,302.44,308.15,301.38,306.97,144510174
2011-10-25,310.83,312.33,305.84,306.27,80891573
2011-10-26,317.71,328.66,306.5,314.52,97481163
2011-10-27,314.82,318.82,303.2,312.97,142309833
2011-10-28,314.17,326.83,313.4,318.83,173576709
2011-10-29,318.22,324.49,311.33,314.16,155482342
2011-10-30,301.42,311.68,297.2,309.02,103175361
2011-10-31,309.47,316.25,303.96,308.3,96150141
2011-11-01,308.58,308.85,307.58,308.04,108388251
2011-11-02,306.25,308.7,304.5,308.07,125921410
2011-11-03,314.7,319.03,311.99,316.46,125184482
2011-11-04,326.66,342.36,319.08,325.75,87268790
2011-11-05,337.36,339.59,331.44,333.44,113456552
2011-11-06,336.21,341.24,335.95,341.15,163601544
2011-11-07,342.29,347.33,337.41,339.39,54359984
2011-11-08,324.07,343.9,322.34,336.4,78801246
2011-11-09,345.92,352.86,344.8,345.57,100039142
2011-11-10,345.81,348.24,330.04,340.67,100630283
2011-11-11,346.26,349.96,345.9,346.87,100442448
2011-11-12,350.09,350.37,344.51,346.73,59325907
2011-11-13,348.47,350.6,346.33,348.05,143204717
2011-11-14,357.32,359.91,356.73,357.97,111320982
2011-11-15,346.38,348.77,344.82,345.97,104035381
2011-11-16,340.06,347.14,339.41,341.47,141370403
2011-11-17,341.35,347.7,336.68,344.64,66699295
2011-11-18,334.54,344.08,331.55,336.97,133040263
2011-11-19,333.96,335.7,329.44,334.38,144916924
2011-11-20,330.6,332.24,330.46,331.45,72760623
2011-11-21,325.24,327.0,325.04,327.0,117922717
2011-11-22,312.74,332.17,311.74,325.47,106199277
2011-11-23,324.85,327.7,321.52,323.76,157195604
2011-11-24,330.91,332.32,326.03,326.34,73258113
2011-11-25,316.91,330.31,316.62,318.16,124632273
2011-11-26,326.99,332.47,314.55,315.98,133352213
2011-11-27,320.37,321.89,316.95,317.1,103718340
2011-11-28,314.42,316.25,306.91,315.01,139988472
2011-11-29,314.83,333.63,314.68,321.39,106392912
2011-11-30,320.72,336.96,320.41,321.74,118912901
2011-12-01,312.91,319.75,310.14,313.96,67391887
2011-12-02,302.71,306.45,302.69,302.89,159988707
2011-12-03,305.87,312.57,299.62,307.38,164141591
2011-12-04,309.09,309.21,305.48,306.04,57072758
2011-12-05,300.47,314.55,294.16,306.49,122871305
2011-12-06,304.2,308.74,302.41,307.25,123532653
2011-12-07,306.52,313.88,300.56,306.35,114547505
2011-12-08,304.19,307.68,297.27,301.95,73144349
2011-12-09,319.49,320.02,314.29,315.8,117980987
2011-12-10,309.15,317.24,307.1,314.83,127867057
2011-12-11,312.16,314.54,301.3,309.98,171545144
2011-12-12,314.67,314.99,312.2,314.35,148048563
2011-12-13,300.63,306.36,294.65,301.64,131587837
2011-12-14,309.51,310.28,305.76,307.01,173467438
2011-12-15,311.13,312.24,309.62,310.3,105927763
2011-12-16,300.6,315.84,299.87,312.43,100343171
2011-12-17,309.0,311.03,299.71,303.48,94431395
2011-12-18,314.69,316.64,311.73,315.61,176223088
2011-12-19,310.33,313.72,304.96,308.82,81640974
2011-12-20,303.28,306.44,300.49,303.25,65614883
2011-12-21,308.27,316.48,306.18,308.18,109847980
2011-12-22,313.82,316.96,307.28,310.77,75265850
2011-12-23,323.14,326.99,320.29,322.04,113756258
2011-12-24,312.45,316.94,310.92,315.8,130052973
2011-12-25,297.34,308.06,290.43,303.82,127009975
2011-12-26,323.4,334.48,318.78,325.26,159296619
2011-12-27,332.87,337.02,320.41,330.97,124117753
2011-12-28,331.87,334.79,331.8,332.37,103138016
2011-12-29,326.41,326.69,326.17,326.25,60616077
2011-12-30,334.01,337.46,333.19,333.87,178468709
2011-12-31,346.55,349.68,341.16,344.14,124146677
2012-01-01,348.25,349.58,341.7,346.51,130258225
2012-01-02,348.94,350.05,341.24,342.48,63484946
2012-01-03,336.61,338.18,330.81,337.79,66045671
2012-01-04,335.68,348.3,327.7,343.61,119843475
2012-01-05,344.07,348.48,343.77,348.46,104697413
2012-01-06,341.46,347.16,338.94,342.55,92360355
2012-01-07,327.02,339.35,323.22,334.48,82574095
2012-01-08,337.05,345.71,329.41,335.56,101236579
2012-01-09,337.08,339.9,331.58,331.74,58157336
2012-01-10,351.44,357.3,341.38,344.6,127688063
2012-01-11,330.7,336.39,329.46,333.85,152528506
2012-01-12,336.04,341.81,329.24,338.14,156001593
2012-01-13,333.82,336.51,330.89,331.95,86641843
2012-01-14,334.05,335.91,331.05,331.72,119983994
2012-01-15,323.19,324.39,320.33,322.34,83858946
2012-01-16,328.05,340.29,322.22,331.74,166339014
2012-01-17,333.97,334.55,333.22,333.41,68323014
2012-01-18,322.44,333.28,320.86,327.89,134677291
2012-01-19,330.84,334.59,328.55,329.24,146327129
2012-01-20,323.84,335.35,322.82,326.08,91015554
2012-01-21,323.61,326.34,319.23,325.21,120943930
2012-01-22,331.7,332.25,324.83,331.36,176593817
2012-01-23,329.83,336.6,327.85,328.51,82095876
2012-01-24,335.28,336.92,329.05,334.43,169822364
2012-01-25,334.4,342.48,332.76,338.54,56565758
2012-01-26,366.11,366.4,351.11,354.46,217677228
2012-01-27,349.28,375.45,348.25,364.26,69350858
2012-01-28,366.72,373.65,360.81,362.88,97088955
2012-01-29,353.65,358.05,352.22,357.71,144437088
2012-01-30,357.4,365.03,352.6,363.14,103195104
2012-01-31,363.55,369.26,340.71,365.13,81278199
2012-02-01,371.58,372.3,363.25,365.38,128514003
2012-02-02,379.67,384.01,368.46,372.3,71369008
2012-02-03,371.06,380.87,365.67,367.51,85422957
2012-02-04,358.13,358.67,356.33,357.39,146958167
2012-02-05,354.05,354.95,352.92,353.66,95629445
2012-02-06,356.06,361.33,351.61,354.21,75416136
2012-02-07,348.19,351.65,347.28,349.19,127299460
2012-02-08,351.49,354.75,347.77,348.86,122033934
2012-02-09,341.24,342.86,335.04,336.22,152660076
2012-02-10,340.96,350.07,335.55,343.54,78109176
2012-02-11,341.06,343.38,335.43,342.67,116559942
2012-02-12,348.97,361.37,347.81,348.99,98850339
2012-02-13,360.42,364.95,356.21,357.26,86872528
2012-02-14,381.1,381.34,366.94,374.96,102944849
2012-02-15,364.97,373.41,363.51,370.84,103060327
2012-02-16,386.63,391.15,369.56,373.08,86612250
2012-02-17,364.7,369.19,360.98,366.5,130348058
2012-02-18,357.37,357.88,351.62,355.57,84788664
2012-02-19,361.37,362.56,353.56,358.29,103162842
2012-02-20,367.64,367.98,355.32,356.69,67499853
2012-02-21,351.04,375.1,347.89,369.14,86092074
2012-02-22,367.77,368.24,367.4,367.64,152875660
2012-02-23,367.15,373.58,355.35,364.63,160508633
2012-02-24,364.02,367.96,363.63,367.0,81995828
2012-02-25,359.07,364.2,341.36,353.4,145342334
2012-02-26,362.37,373.31,362.03,368.77,112448716
2012-02-27,367.39,367.96,367.19,367.85,115377612
2012-02-28,371.77,375.05,366.65,370.78,109299661
2012-02-29,366.17,370.62,360.98,368.9,121160575
2012-03-01,353.45,366.47,352.73,362.68,95948653
2012-03-02,381.73,389.75,380.77,381.37,80072695
2012-03-03,383.33,384.58,377.83,378.58,54093975
2012-03-04,376.92,381.48,375.41,379.25,118464928
2012-03-05,370.64,409.51,370.44,397.22,163372523
2012-03-06,391.11,399.85,390.78,396.2,67895038
2012-03-07,401.08,407.29,395.41,407.19,117328884
2012-03-08,426.25,429.21,410.94,415.47,134961287
2012-03-09,405.82,412.4,400.87,409.51,169857709
2012-03-10,397.51,399.68,386.35,394.41,87289879
2012-03-11,385.39,389.76,380.68,382.03,146391407
2012-03-12,381.65,382.92,379.26,381.97,75633821
2012-03-13,405.73,410.84,402.64,406.8,185628916
2012-03-14,391.79,391.94,387.64,390.29,71144890
2012-03-15,388.93,391.98,372.77,385.38,57383662
2012-03-16,385.28,393.01,379.5,383.47,146259640
2012-03-17,385.8,389.54,370.95,384.88,102777142
2012-03-18,370.28,371.51,366.24,370.09,160826269
2012-03-19,374.32,378.04,373.7,374.37,163357352
2012-03-20,381.74,395.42,375.02,381.69,95243384
2012-03-21,383.03,388.39,380.68,382.23,54374883
2012-03-22,386.87,388.92,384.63,387.17,107432737
2012-03-23,385.19,385.25,357.46,380.43,80508829
2012-03-24,374.15,388.6,367.22,377.54,57218795
2012-03-25,379.21,389.45,362.74,377.48,64093661
2012-03-26,379.02,381.95,370.8,380.32,150486235
2012-03-27,379.52,379.65,378.23,378.7,107830622
2012-03-28,368.84,390.1,366.39,381.89,153122899
2012-03-29,390.34,394.11,378.37,386.22,87800734
2012-03-30,397.43,401.58,392.67,399.57,192488556
2012-03-31,394.52,396.34,389.79,390.99,178388502
2012-04-01,383.59,393.51,375.48,392.48,120752755
2012-04-02,394.87,401.01,389.79,396.28,141561138
2012-04-03,391.94,396.6,389.04,392.84,86379310
2012-04-04,393.07,393.6,379.28,389.21,107356956
2012-04-05,389.53,398.08,385.99,388.16,66642617
2012-04-06,377.47,381.02,373.35,378.49,68779673
2012-04-07,370.48,385.62,366.33,379.29,146099216
2012-04-08,372.64,390.72,371.35,383.43,56875818
2012-04-09,394.76,397.83,394.15,396.99,89923572
2012-04-10,405.47,420.39,398.06,404.61,90304965
2012-04-11,410.57,413.18,404.91,409.84,136065035
2012-04-12,409.69,416.15,405.66,411.53,62144537
2012-04-13,415.07,416.9,413.89,415.71,104637100
2012-04-14,414.55,419.43,414.13,416.23,115106297
2012-04-15,427.72,431.64,416.86,422.32,90452073
2012-04-16,433.24,439.9,432.43,433.0,91762304
2012-04-17,435.49,467.18,420.6,436.93,97666427
2012-04-18,424.55,431.48,423.4,425.03,91165967
2012-04-19,450.88,451.63,437.91,439.58,87355888
2012-04-20,457.25,459.92,452.72,456.22,201634332
2012-04-21,452.88,454.45,449.34,452.52,91371460
2012-04-22,450.9,457.31,440.36,453.27,147630677
2012-04-23,454.04,464.36,453.9,454.92,79932986
2012-04-24,461.99,471.38,457.29,458.71,54173253
2012-04-25,462.51,467.01,458.54,461.17,106026340
2012-04-26,462.57,467.12,460.93,461.69,118329111
2012-04-27,446.18,451.55,444.02,450.64,98925598
2012-04-28,471.09,473.78,425.09,446.01,92971674
2012-04-29,457.93,458.83,454.23,456.32,119691827
2012-04-30,464.32,468.96,450.36,458.02,52058617
2012-05-01,474.7,484.24,466.25,469.72,89807957
2012-05-02,483.18,483.6,466.72,474.23,107418382
2012-05-03,493.24,501.45,488.39,488.93,116438909
2012-05-04,501.79,508.19,488.79,493.78,73266907
2012-05-05,479.53,480.95,475.66,478.37,95322004
2012-05-06,478.79,480.03,468.36,468.82,92249376
2012-05-07,465.61,471.84,462.22,469.17,90635711
2012-05-08,455.68,460.48,453.48,457.32,129528326
2012-05-09,456.97,463.28,441.49,456.61,85896855
2012-05-10,463.63,472.45,444.62,451.56,124357631
2012-05-11,458.69,462.72,458.1,458.79,84073475
2012-05-12,456.81,458.05,451.01,453.95,97217558
2012-05-13,447.43,448.49,439.85,443.36,172391445
2012-05-14,447.97,449.88,432.02,436.12,65858581
2012-05-15,430.07,435.14,427.8,429.81,62386541
2012-05-16,423.07,424.3,417.72,418.05,116367770
2012-05-17,412.99,423.89,407.03,420.17,114737117
2012-05-18,412.03,414.24,406.25,409.61,79078889
2012-05-19,412.65,416.64,399.0,411.4,135823259
2012-05-20,414.52,423.5,397.24,411.36,146970230
2012-05-21,411.14,416.91,411.08,412.31,102752833
2012-05-22,407.84,413.7,397.64,399.11,111229365
2012-05-23,404.82,405.54,398.74,400.51,137339904
2012-05-24,415.12,419.93,406.73,418.26,118052540
2012-05-25,418.13,418.88,417.05,417.14,136583184
2012-05-26,414.29,415.34,410.2,414.34,154811113
2012-05-27,415.84,416.56,412.03,413.96,59026505
2012-05-28,411.13,417.01,411.04,414.66,120318202
2012-05-29,417.36,424.35,416.37,417.62,62928654
2012-05-30,419.75,429.98,415.51,423.38,110744825
2012-05-31,417.75,434.92,413.84,431.65,79335710
2012-06-01,432.45,440.69,417.74,430.35,69220418
2012-06-02,435.99,442.74,435.18,438.01,147752654
2012-06-03,444.36,448.06,438.37,443.77,167739255
2012-06-04,434.81,436.08,432.45,433.7,160706194
2012-06-05,446.05,449.92,435.92,436.68,146645767
2012-06-06,440.67,443.98,418.35,438.2,78966939
2012-06-07,433.61,437.16,428.67,431.97,148034116
2012-06-08,445.43,452.19,428.74,435.78,112301206
2012-06-09,433.24,439.24,423.39,437.43,90116324
2012-06-10,431.38,431.59,430.1,430.92,84806339
2012-06-11,418.56,420.84,416.73,417.9,114715915
2012-06-12,426.49,429.84,421.31,421.71,86495730
2012-06-13,419.5,424.93,417.99,418.91,114585555
2012-06-14,421.62,438.64,419.75,427.64,101611795
2012-06-15,420.83,429.39,409.92,424.45,62377601
2012-06-16,428.56,430.39,418.55,429.0,103811667
2012-06-17,442.31,450.57,432.47,440.37,169386301
2012-06-18,434.58,437.2,433.55,433.65,115663798
2012-06-19,435.81,462.58,434.0,446.51,66657082
2012-06-20,463.05,470.64,450.22,459.48,87895550
2012-06-21,445.5,462.44,444.69,454.11,87988500
2012-06-22,463.33,464.24,437.65,442.05,63669421
2012-06-23,450.33,457.38,439.25,451.58,117438155
2012-06-24,438.14,439.0,436.15,437.14,108443164
2012-06-25,430.9,433.27,429.78,432.77,158022654
2012-06-26,419.61,440.45,416.9,427.02,97968992
2012-06-27,411.16,417.11,405.36,414.09,191515291
2012-06-28,419.88,419.88,417.99,418.54,145547252
2012-06-29,411.84,417.25,408.46,415.64,104322049
2012-06-30,419.55,422.65,417.48,420.97,92605291
2012-07-01,404.84,424.86,404.05,418.65,75525534
2012-07-02,412.79,417.1,408.86,415.24,104549941
2012-07-03,426.5,429.79,426.02,426.48,82498565
2012-07-04,420.37,433.0,419.36,432.05,59088354
2012-07-05,438.19,444.75,434.22,438.96,143783646
2012-07-06,430.35,432.48,422.55,425.25,154078013
2012-07-07,441.78,444.73,424.87,432.26,128750177
2012-07-08,428.92,431.44,423.82,427.98,73915752
2012-07-09,432.24,433.04,424.65,432.05,108114581
2012-07-10,420.24,427.61,412.68,422.16,111063035
2012-07-11,401.06,429.24,400.89,413.48,168716861
2012-07-12,428.02,432.48,419.24,420.01,86595584
2012-07-13,419.08,423.9,415.49,418.74,136479310
2012-07-14,425.72,427.55,423.35,423.56,99383820
2012-07-15,441.9,445.29,436.52,440.44,183579254
2012-07-16,436.51,447.04,431.33,440.12,65289284
2012-07-17,440.88,443.07,430.65,441.73,139806784
2012-07-18,442.02,443.67,435.17,439.25,149548325
2012-07-19,421.5,448.85,408.18,426.86,184749978
2012-07-20,427.46,431.41,419.84,430.58,159989278
2012-07-21,424.14,440.78,420.27,421.69,135514172
2012-07-22,433.39,441.04,433.17,433.94,147319535
2012-07-23,446.33,448.97,438.33,440.33,78177831
2012-07-24,445.88,447.54,441.02,444.36,77526016
2012-07-25,422.76,429.01,417.56,426.65,107050474
2012-07-26,428.69,433.0,419.12,421.82,133405669
2012-07-27,413.54,417.38,409.05,409.86,131819434
2012-07-28,410.72,413.49,404.73,408.94,127369834
2012-07-29,405.23,405.53,404.11,405.3,72035418
2012-07-30,402.6,411.99,398.01,407.25,107875183
2012-07-31,404.41,413.82,401.36,404.34,112179587
2012-08-01,404.95,414.6,401.92,410.06,95033180
2012-08-02,392.59,400.21,392.25,399.23,184870582
2012-08-03,404.62,408.97,401.44,402.8,107965801
2012-08-04,399.45,401.77,396.93,399.63,133823821
2012-08-05,422.69,423.15,407.5,414.57,154811619
2012-08-06,407.83,410.01,407.27,408.16,114324068
2012-08-07,402.71,417.75,398.66,403.9,70708567
2012-08-08,407.65,410.81,404.45,404.54,63028818
2012-08-09,399.67,403.48,399.56,402.15,67361234
2012-08-10,409.22,417.97,396.03,402.53,57170499
2012-08-11,405.3,406.52,395.06,402.99,87650938
2012-08-12,382.64,407.23,382.33,399.07,131100691
2012-08-13,402.56,402.92,401.31,402.13,119413545
2012-08-14,399.64,415.16,398.87,414.28,97410828
2012-08-15,416.24,416.33,408.07,412.82,54157644
2012-08-16,426.06,427.92,418.29,426.57,107179161
2012-08-17,423.24,425.31,417.87,422.65,114170187
2012-08-18,415.26,427.75,412.14,415.85,101415028
2012-08-19,390.53,415.6,390.34,396.52,157725681
2012-08-20,400.43,404.96,396.34,396.62,51684279
2012-08-21,397.98,407.74,396.88,400.83,157074205
2012-08-22,394.47,402.53,392.44,396.95,113688014
2012-08-23,402.7,404.97,391.59,404.58,132587664
2012-08-24,402.51,404.4,402.25,403.88,118973453
2012-08-25,398.61,403.05,397.96,401.52,86324572
2012-08-26,418.37,420.75,414.4,416.71,163346603
2012-08-27,418.51,422.49,414.12,416.62,129427674
2012-08-28,419.71,430.61,407.59,425.9,156911887
2012-08-29,420.36,422.27,418.38,419.04,141957595
2012-08-30,439.78,439.97,428.76,431.06,172653739
2012-08-31,424.43,427.23,419.72,422.36,117580032
2012-09-01,422.86,424.55,418.79,419.83,81228955
2012-09-02,404.24,410.28,386.54,405.98,178191301
2012-09-03,419.54,428.56,414.52,423.46,84661483
2012-09-04,435.6,437.96,432.66,433.71,108669443
2012-09-05,426.73,448.59,423.81,436.17,62375873
2012-09-06,452.89,456.59,437.8,444.46,143829514
2012-09-07,435.8,460.1,429.71,456.29,73827936
2012-09-08,467.23,472.63,458.37,469.09,182973062
2012-09-09,480.29,482.23,471.72,475.9,74207086
2012-09-10,471.36,480.41,468.75,478.06,52893131
2012-09-11,475.17,477.75,470.99,473.19,148403538
2012-09-12,476.76,479.64,465.55,472.39,124603830
2012-09-13,454.26,473.11,443.29,469.65,106186135
2012-09-14,468.07,486.31,464.57,471.66,73605812
2012-09-15,465.68,467.93,460.16,461.2,167324882
2012-09-16,445.93,461.48,445.25,453.12,157705258
2012-09-17,455.72,461.28,449.14,455.07,94131903
2012-09-18,451.57,456.24,451.35,455.71,81046974
2012-09-19,464.45,475.05,459.23,466.52,83687105
2012-09-20,445.34,452.38,444.31,445.72,172073907
2012-09-21,457.61,463.17,441.53,450.9,74060447
2012-09-22,437.25,444.33,435.61,441.7,171744431
2012-09-23,455.69,466.07,449.43,451.38,76365731
2012-09-24,444.22,463.81,441.4,455.72,66499661
2012-09-25,457.94,470.32,454.64,458.82,117598824
2012-09-26,465.39,466.78,452.49,454.27,72446786
2012-09-27,443.68,457.88,437.0,444.17,72490382
2012-09-28,436.72,443.35,434.9,443.05,90772558
2012-09-29,447.89,451.62,437.33,446.66,127422307
2012-09-30,457.81,464.18,449.21,453.19,131983502
2012-10-01,443.43,443.45,437.94,441.7,109818082
2012-10-02,459.29,465.47,446.0,453.87,123661248
2012-10-03,455.94,475.6,429.61,463.3,156588787
2012-10-04,447.04,468.74,446.42,448.2,182576917
2012-10-05,461.17,467.99,447.32,454.86,126955447
2012-10-06,453.69,453.84,450.17,453.36,53827322
2012-10-07,443.55,463.51,439.36,458.04,160588133
2012-10-08,470.43,470.74,461.06,468.52,153944579
2012-10-09,460.69,473.79,457.59,461.1,146340423
2012-10-10,455.5,457.88,450.96,454.27,139579939
2012-10-11,449.75,460.77,449.56,450.16,89833347
2012-10-12,425.05,435.61,417.23,434.31,162760285
2012-10-13,436.61,452.48,431.18,435.47,111953903
2012-10-14,425.34,430.63,423.55,429.48,159532440
2012-10-15,427.93,430.62,421.87,426.02,123637642
2012-10-16,419.01,421.1,414.52,414.72,128085911
2012-10-17,414.89,421.98,413.62,417.09,142714416
2012-10-18,415.18,429.05,412.38,420.85,85309962
2012-10-19,422.59,422.62,414.38,416.7,132324141
2012-10-20,421.72,422.02,419.1,419.8,65795202
2012-10-21,434.65,442.07,423.75,427.42,171285989
2012-10-22,434.18,439.62,421.08,436.82,119575671
2012-10-23,439.95,443.05,414.72,435.04,65934891
2012-10-24,424.09,425.21,415.9,419.52,114183557
2012-10-25,427.92,429.52,423.68,424.64,141359144
2012-10-26,430.12,434.5,423.26,423.92,110286797
2012-10-27,425.45,426.69,420.69,423.39,112762151
2012-10-28,406.76,410.43,402.72,406.72,145960626
2012-10-29,408.18,410.72,399.26,406.27,55583941
2012-10-30,412.49,426.76,408.43,422.8,159115237
2012-10-31,425.54,427.52,410.31,422.31,124920142
2012-11-01,432.06,432.82,416.08,422.5,55999231
2012-11-02,429.62,431.04,413.12,425.39,72997107
2012-11-03,439.72,440.55,430.32,434.8,90459432
2012-11-04,441.6,454.3,436.95,442.04,70782132
2012-11-05,431.87,435.38,425.39,434.43,84529626
2012-11-06,442.72,446.5,424.26,435.86,124878505
2012-11-07,437.97,440.71,434.64,438.57,147280136
2012-11-08,426.33,434.54,419.34,427.45,146904536
2012-11-09,432.36,436.27,427.41,430.94,122420431
2012-11-10,429.83,433.12,428.79,431.6,126816154
2012-11-11,450.63,456.77,445.72,448.52,79258594
2012-11-12,427.74,432.96,427.1,429.83,83604977
2012-11-13,419.75,420.03,412.15,415.76,103831593
2012-11-14,413.3,416.53,405.02,409.97,146100126
2012-11-15,390.73,401.3,383.16,395.3,122424777
2012-11-16,403.09,405.09,393.93,395.17,137476329
2012-11-17,388.32,394.87,385.89,389.95,115515445
2012-11-18,379.08,387.7,376.4,386.35,101221062
2012-11-19,384.58,384.82,378.04,381.55,70193027
2012-11-20,388.85,391.44,382.97,383.47,92868795
2012-11-21,389.09,397.96,387.68,392.49,162732158
2012-11-22,384.24,388.67,376.2,383.65,119297206
2012-11-23,386.62,395.4,374.23,379.03,160975229
2012-11-24,377.03,378.6,371.02,375.15,99633001
2012-11-25,389.1,394.19,383.38,390.06,142359861
2012-11-26,373.2,376.74,369.42,372.48,113353674
2012-11-27,377.08,381.04,371.04,380.86,92074027
2012-11-28,378.56,387.45,378.24,380.69,118154028
2012-11-29,380.5,388.83,374.13,382.19,112729927
2012-11-30,360.06,385.57,347.27,385.5,123508302
2012-12-01,377.97,392.12,374.98,377.2,77390487
2012-12-02,376.0,377.73,372.97,375.76,74226624
2012-12-03,382.36,392.46,363.23,382.71,132299927
2012-12-04,374.13,379.41,370.35,373.0,153836802
2012-12-05,383.78,385.68,372.7,375.45,112992392
2012-12-06,393.33,403.03,386.11,388.65,183569068
2012-12-07,385.3,390.27,379.85,383.28,128321300
2012-12-08,393.5,400.37,391.94,393.95,153308820
2012-12-09,381.71,385.1,367.02,383.23,128420220
2012-12-10,391.1,395.77,385.92,388.75,88681057
2012-12-11,383.5,388.53,374.0,381.42,78779255
2012-12-12,370.4,388.77,358.46,376.73,59193189
2012-12-13,396.89,398.39,364.66,376.55,63123844
2012-12-14,382.0,384.84,379.92,381.17,129062649
2012-12-15,377.0,377.12,376.63,376.96,91042164
2012-12-16,380.95,382.09,376.33,380.92,146626514
2012-12-17,368.44,374.08,359.92,369.19,189639338
2012-12-18,373.75,374.52,372.04,372.97,146175680
2012-12-19,356.03,369.58,355.41,366.2,65363192
2012-12-20,369.91,375.38,354.92,373.77,164123542
2012-12-21,370.63,370.72,370.49,370.54,92377628
2012-12-22,379.32,388.14,377.78,378.4,66303385
2012-12-23,355.44,372.96,354.22,368.33,182794772
2012-12-24,359.15,366.85,357.58,360.53,100324144
2012-12-25,374.96,382.6,364.21,367.62,84708002
2012-12-26,385.05,386.26,375.47,378.82,122858846
2012-12-27,380.61,383.25,374.25,382.34,79228575
2012-12-28,376.18,386.04,372.72,383.28,151637691
2012-12-29,382.96,387.58,380.86,387.35,91675183
2012-12-30,386.07,392.87,379.22,391.41,117866135
2012-12-31,394.39,397.97,384.6,387.79,56037425
2013-01-01,372.0,376.85,366.39,374.91,114612483
2013-01-02,385.72,385.9,382.84,382.86,63343515
2013-01-03,392.39,392.52,390.05,392.33,131605505
2013-01-04,384.05,398.86,367.68,381.35,92135531
2013-01-05,383.1,387.53,379.5,381.97,93394522
2013-01-06,400.56,405.65,397.63,399.44,89585995
2013-01-07,402.25,412.09,401.7,401.92,70221312
2013-01-08,403.23,406.28,398.14,398.49,93556893
2013-01-09,389.11,392.32,380.87,386.9,140546690
2013-01-10,384.11,392.26,383.31,385.66,100018712
2013-01-11,382.74,387.86,377.88,384.92,79974249
2013-01-12,376.61,388.34,375.74,383.94,107096907
2013-01-13,371.61,372.04,366.1,369.26,78278810
2013-01-14,369.07,378.02,363.98,368.77,97848597
2013-01-15,358.97,361.74,357.45,359.15,180846306
2013-01-16,347.31,375.07,347.22,357.53,95976424
2013-01-17,354.4,356.97,350.92,351.14,132497235
2013-01-18,359.9,360.36,344.28,349.5,88813114
2013-01-19,339.09,356.59,332.29,339.83,64976751
2013-01-20,349.66,350.71,343.46,346.79,156124176
2013-01-21,352.8,353.2,352.36,352.91,142953188
2013-01-22,361.63,369.88,360.74,364.13,66835520
2013-01-23,375.6,392.05,362.43,369.44,119553560
2013-01-24,364.8,377.11,353.55,371.2,90089773
2013-01-25,363.77,390.04,359.3,381.37,152774142
2013-01-26,394.61,399.13,370.26,397.65,73273046
2013-01-27,396.71,400.84,394.35,396.4,63880193
2013-01-28,404.86,407.82,403.61,404.06,81858868
2013-01-29,413.23,414.31,411.71,414.26,146327639
2013-01-30,408.13,416.54,403.23,409.44,79306701
2013-01-31,406.54,407.14,402.01,406.22,144907118
2013-02-01,397.83,404.87,388.61,402.26,98155007
2013-02-02,408.07,408.44,400.53,406.12,65475634
2013-02-03,413.91,419.79,413.85,419.32,90646019
2013-02-04,435.12,439.35,424.36,427.74,151462880
2013-02-05,417.91,421.6,408.11,408.44,126423381
2013-02-06,422.63,426.76,418.42,421.85,81993992
2013-02-07,420.18,425.68,417.05,421.39,57664656
2013-02-08,437.24,445.38,428.93,435.25,100756341
2013-02-09,439.29,445.64,437.96,440.44,108195227
2013-02-10,459.03,459.86,457.73,458.38,158687924
2013-02-11,478.98,483.51,469.17,478.49,156070317
2013-02-12,481.19,483.56,473.74,480.78,151500338
2013-02-13,460.45,466.27,451.27,463.77,154253091
2013-02-14,455.37,457.6,453.62,456.01,158243348
2013-02-15,468.02,488.21,456.82,458.68,63031774
2013-02-16,444.83,450.56,443.31,448.47,140536769
2013-02-17,444.27,445.27,433.58,441.8,62857651
2013-02-18,437.51,448.82,432.03,446.18,119969447
2013-02-19,468.31,482.38,446.89,452.64,59911387
2013-02-20,459.39,461.16,453.4,457.7,139260336
2013-02-21,450.62,454.23,449.25,451.39,142030108
2013-02-22,432.13,452.6,423.76,445.53,127399618
2013-02-23,448.79,453.91,446.67,449.97,120071334
2013-02-24,436.57,440.8,433.47,440.64,79019903
2013-02-25,438.18,438.62,428.09,437.1,125354549
2013-02-26,447.85,451.71,434.67,439.38,81933085
2013-02-27,432.53,436.81,432.23,436.1,120345999
2013-02-28,437.42,447.45,434.57,443.95,97102869
2013-03-01,429.9,455.55,424.81,435.89,89214279
2013-03-02,442.99,444.26,437.47,439.43,105298508
2013-03-03,439.21,446.2,436.49,437.59,62268461
2013-03-04,443.82,450.52,428.52,435.1,55587555
2013-03-05,428.94,430.69,425.0,427.88,112487323
2013-03-06,445.19,458.41,434.83,440.42,71795873
2013-03-07,438.02,443.28,436.59,437.92,85883287
2013-03-08,431.29,439.26,431.28,432.95,110610411
2013-03-09,446.2,449.25,437.74,443.06,62059075
2013-03-10,448.69,455.9,442.95,449.66,106191601
2013-03-11,454.93,466.72,438.5,448.28,144934735
2013-03-12,437.19,439.95,435.5,439.71,91529254
2013-03-13,450.64,454.47,438.51,445.82,146830438
2013-03-14,440.91,450.37,433.63,443.6,149536590
2013-03-15,440.5,443.1,440.46,441.84,98491090
2013-03-16,439.21,453.25,435.88,438.05,62983562
2013-03-17,447.56,452.85,429.33,439.12,142862740
2013-03-18,441.86,447.84,434.92,442.53,96534502
2013-03-19,448.04,459.38,410.19,433.29,133229487
2013-03-20,432.36,450.57,431.66,442.2,149955752
2013-03-21,441.0,445.89,430.04,438.02,131872437
2013-03-22,419.73,433.93,415.27,424.66,108359852
2013-03-23,412.33,421.13,407.04,420.51,114150176
2013-03-24,438.68,445.88,429.58,430.44,151990692
2013-03-25,427.91,429.82,415.82,422.96,127417265
2013-03-26,423.46,425.97,417.56,425.49,93748413
2013-03-27,409.67,421.77,406.89,418.34,107166516
2013-03-28,419.03,420.35,410.65,413.71,93111728
2013-03-29,391.45,394.92,390.92,393.23,185182385
2013-03-30,390.69,395.22,389.28,391.14,80379115
2013-03-31,388.01,390.89,387.88,387.95,150179456
2013-04-01,401.85,404.5,393.35,396.02,131218066
2013-04-02,396.15,396.49,388.69,391.18,85589846
2013-04-03,401.94,401.96,380.61,394.36,75516596
2013-04-04,385.07,393.36,384.45,391.42,142016315
2013-04-05,376.19,384.48,374.33,377.87,185146992
2013-04-06,375.93,382.17,364.57,371.89,73113154
2013-04-07,365.92,366.29,359.46,359.76,171371739
2013-04-08,365.16,366.03,359.25,361.94,139316617
2013-04-09,359.53,361.55,346.87,360.11,144990051
2013-04-10,355.48,365.62,342.63,361.5,149633288
2013-04-11,352.27,357.16,349.69,355.26,144027284
2013-04-12,362.57,367.68,346.96,353.9,82769503
2013-04-13,351.66,352.15,347.01,350.37,110614205
2013-04-14,355.24,357.47,349.8,354.0,135321557
2013-04-15,344.77,351.96,343.2,344.5,105361711
2013-04-16,348.91,358.63,345.22,354.69,124469971
2013-04-17,362.73,365.33,355.99,360.9,83540393
2013-04-18,366.05,367.33,346.14,351.24,172551479
2013-04-19,353.78,353.88,352.59,353.38,112908759
2013-04-20,364.14,366.92,358.37,359.43,101284649
2013-04-21,375.22,377.94,369.52,375.41,78907822
2013-04-22,368.86,375.47,366.62,373.28,75467547
2013-04-23,369.49,370.49,359.44,365.53,107341383
2013-04-24,367.25,375.11,367.03,372.05,158107021
2013-04-25,365.28,369.51,359.38,361.0,179544755
2013-04-26,369.3,375.39,368.55,373.6,128593081
2013-04-27,378.73,383.74,372.54,373.31,89695111
2013-04-28,368.91,373.65,362.93,370.58,106800204
2013-04-29,364.25,369.13,360.09,365.41,130017787
2013-04-30,373.92,376.34,360.3,361.61,110201212
2013-05-01,373.23,379.0,362.79,372.14,133036356
2013-05-02,374.13,374.66,360.47,368.64,106455534
2013-05-03,344.56,362.66,342.69,355.41,169535669
2013-05-04,349.13,357.51,349.06,356.21,117785467
2013-05-05,366.09,373.01,359.29,364.26,84829911
2013-05-06,372.15,381.22,352.28,370.44,61874920
2013-05-07,377.76,378.87,377.12,377.5,120871977
2013-05-08,381.98,382.47,372.46,381.68,61288409
2013-05-09,373.82,377.16,369.29,373.18,181686804
2013-05-10,381.88,387.38,371.82,376.89,156401068
2013-05-11,380.87,385.23,380.56,382.06,105562627
2013-05-12,369.09,370.13,366.79,370.01,101702958
2013-05-13,379.33,384.61,377.83,381.7,79473449
2013-05-14,385.33,396.78,364.87,383.7,125081321
2013-05-15,374.68,381.57,371.64,376.89,60913687
2013-05-16,376.89,378.12,372.17,376.07,135502893
2013-05-17,370.21,374.04,369.56,371.68,120627514
2013-05-18,370.04,383.85,368.49,378.55,156943038
2013-05-19,378.08,388.57,376.5,379.59,51390319
2013-05-20,380.84,385.1,373.35,378.57,152010945
2013-05-21,381.78,384.96,352.0,372.73,166090614
2013-05-22,368.48,370.93,367.3,370.35,156003019
2013-05-23,368.16,375.53,360.43,361.86,95810644
2013-05-24,358.66,360.66,351.94,355.98,161373210
2013-05-25,368.09,369.94,361.53,366.38,134856084
2013-05-26,368.35,371.44,364.22,369.7,137738100
2013-05-27,364.02,371.75,363.48,369.72,90132902
2013-05-28,397.24,398.11,390.25,392.12,81519896
2013-05-29,389.18,393.31,381.67,386.1,138740691
2013-05-30,369.62,373.96,353.29,371.46,143693908
2013-05-31,378.19,386.22,375.36,381.35,93523518
2013-06-01,405.83,407.25,382.63,391.74,137478003
2013-06-02,379.62,392.74,379.58,385.89,120205955
2013-06-03,374.76,376.14,373.76,374.12,78760805
2013-06-04,369.01,369.44,355.02,359.93,137184348
2013-06-05,374.43,375.26,367.65,372.44,142516396
2013-06-06,385.22,390.85,377.0,382.61,77322904
2013-06-07,374.43,375.14,372.3,373.11,87252481
2013-06-08,375.86,379.03,374.73,378.65,87192511
2013-06-09,377.1,379.95,376.04,377.72,138256866
2013-06-10,401.01,405.84,390.61,395.13,112716838
2013-06-11,418.87,420.83,394.94,405.4,174511891
2013-06-12,401.49,405.83,394.75,399.52,160346182
2013-06-13,408.14,418.13,403.96,412.88,171770394
2013-06-14,410.89,422.91,408.85,414.85,117728175
2013-06-15,424.66,430.8,421.53,426.39,136772383
2013-06-16,426.9,430.24,407.67,415.29,111384411
2013-06-17,436.43,439.42,425.86,431.28,128587507
2013-06-18,438.27,441.06,423.38,437.75,132386632
2013-06-19,455.6,478.23,441.11,451.86,84695953
2013-06-20,457.33,462.5,453.93,455.57,80123477
2013-06-21,440.62,454.01,439.92,450.87,63677094
2013-06-22,434.57,455.46,413.95,444.9,115720073
2013-06-23,453.69,457.25,435.06,445.68,73796850
2013-06-24,457.77,464.47,445.39,452.88,156397386
2013-06-25,462.34,463.98,459.48,459.61,120490998
2013-06-26,432.05,468.59,429.66,451.7,148276550
2013-06-27,460.78,465.88,444.46,456.96,136180464
2013-06-28,457.89,458.53,452.39,455.3,61971283
2013-06-29,467.31,467.94,458.19,459.11,118687850
2013-06-30,453.95,459.66,450.58,457.29,120959847
2013-07-01,426.87,441.49,423.89,433.98,110763036
2013-07-02,437.5,447.8,436.81,440.38,122963597
2013-07-03,440.64,452.62,440.32,445.84,80199113
2013-07-04,461.34,468.7,461.28,463.21,205268421
2013-07-05,451.9,469.04,450.91,457.97,92489722
2013-07-06,453.27,460.5,449.09,455.58,104972479
2013-07-07,469.65,474.06,464.16,465.4,125151661
2013-07-08,471.74,472.23,469.18,471.42,149538232
2013-07-09,470.33,496.81,461.46,473.45,144714919
2013-07-10,480.71,481.15,473.56,475.36,95334421
2013-07-11,462.52,468.57,459.81,464.96,131476714
2013-07-12,452.45,472.04,449.0,467.72,113342765
2013-07-13,484.14,485.86,480.42,482.08,179554201
2013-07-14,468.97,472.4,468.4,472.08,144943209
2013-07-15,458.2,468.87,456.08,465.41,152610561
2013-07-16,472.89,473.83,465.26,469.84,94445953
2013-07-17,472.48,473.55,468.84,471.04,56112567
2013-07-18,487.12,488.47,484.42,485.22,109550659
2013-07-19,481.46,482.15,473.16,478.01,153432989
2013-07-20,471.62,472.72,470.4,471.42,57501412
2013-07-21,472.08,473.46,463.68,472.78,78336422
2013-07-22,489.0,491.41,486.24,489.43,84462035
2013-07-23,461.71,466.0,456.09,460.76,166822865
2013-07-24,468.83,486.79,464.6,469.85,173924665
2013-07-25,465.3,467.27,455.7,457.75,101555154
2013-07-26,466.46,469.69,451.24,457.44,57216910
2013-07-27,453.33,461.73,449.7,453.45,138319451
2013-07-28,472.0,473.65,466.59,472.89,206048614
2013-07-29,476.3,481.46,455.96,475.88,57498374
2013-07-30,471.6,481.01,468.16,478.9,69030086
2013-07-31,477.44,483.61,474.26,481.96,146403507
2013-08-01,475.35,487.12,474.02,484.65,85642619
2013-08-02,497.63,498.98,480.42,493.12,100526760
2013-08-03,503.78,508.65,496.61,501.09,111113594
2013-08-04,495.73,495.79,489.66,495.09,154635345
2013-08-05,478.44,490.31,470.12,487.24,169323102
2013-08-06,496.85,499.97,495.04,495.39,98660338
2013-08-07,494.29,506.82,485.46,495.64,100518238
2013-08-08,495.3,497.65,492.23,495.21,129533333
2013-08-09,496.43,503.6,494.32,496.17,150596470
2013-08-10,496.74,500.69,495.34,496.3,147579816
2013-08-11,504.48,515.11,487.91,496.07,142649992
2013-08-12,496.65,499.08,496.47,498.52,63745657
2013-08-13,501.26,505.08,497.89,501.35,64379511
2013-08-14,496.39,499.64,480.11,493.4,59558013
2013-08-15,476.11,482.84,470.02,478.59,150140812
2013-08-16,485.55,514.22,461.39,487.38,176788350
2013-08-17,485.09,487.71,473.4,484.86,77717346
2013-08-18,473.68,482.58,473.11,475.55,152816962
2013-08-19,477.43,477.91,464.93,467.87,96239102
2013-08-20,445.69,469.0,442.75,448.52,166432427
2013-08-21,453.64,469.05,451.19,455.31,74486277
2013-08-22,444.2,460.4,443.37,444.95,176260324
2013-08-23,447.27,453.22,440.12,448.64,76809900
2013-08-24,462.06,465.39,452.93,456.21,87439109
2013-08-25,445.19,466.94,433.63,448.05,174669523
2013-08-26,458.4,467.35,448.49,457.07,167087364
2013-08-27,447.84,473.65,446.26,466.52,171844016
2013-08-28,475.84,477.44,473.7,475.9,172545749
2013-08-29,479.95,480.0,466.94,476.47,102878569
2013-08-30,488.8,499.6,480.04,480.61,119755821
2013-08-31,478.84,479.18,468.49,475.1,86046473
2013-09-01,453.4,454.21,452.1,454.04,93896294
2013-09-02,465.47,468.46,461.24,462.04,111225198
2013-09-03,454.89,471.82,452.19,458.31,54614606
2013-09-04,446.49,460.28,444.45,454.04,160638138
2013-09-05,461.74,469.37,439.35,444.64,159666702
2013-09-06,429.4,431.28,429.12,429.73,140648746
2013-09-07,420.0,442.53,418.75,427.02,55549276
2013-09-08,413.25,414.69,411.19,414.6,144067923
2013-09-09,398.37,402.54,386.12,399.22,181728422
2013-09-10,414.77,417.01,414.25,414.52,108603059
2013-09-11,422.38,422.97,420.96,422.12,132229575
2013-09-12,404.46,422.16,399.15,416.69,126484973
2013-09-13,414.63,424.79,413.54,419.29,145939341
2013-09-14,434.32,438.9,429.22,430.76,160156495
2013-09-15,440.17,466.9,438.98,449.89,178238221
2013-09-16,452.29,457.81,442.52,443.88,126580108
2013-09-17,451.71,457.98,446.84,450.87,144816126
2013-09-18,457.25,471.35,448.78,454.51,130218894
2013-09-19,452.72,459.68,451.06,457.84,143136210
2013-09-20,442.22,464.05,434.31,446.41,118507757
2013-09-21,452.97,456.27,446.64,454.64,112393447
2013-09-22,454.07,471.28,441.51,459.5,81771587
2013-09-23,471.99,481.38,455.69,467.61,82966462
2013-09-24,467.05,467.37,454.34,459.17,131525675
2013-09-25,466.61,476.94,460.51,466.63,155077084
2013-09-26,456.8,464.16,453.41,464.1,132996845
2013-09-27,451.96,465.1,442.66,456.23,79953665
2013-09-28,453.3,456.3,452.07,455.13,110623122
2013-09-29,453.97,467.34,448.66,454.82,103176961
2013-09-30,431.63,451.82,424.1,448.97,132899374
2013-10-01,432.62,441.57,423.45,436.32,178215586
2013-10-02,439.8,447.09,430.66,437.12,56527174
2013-10-03,439.91,446.34,435.14,440.64,111682607
2013-10-04,445.99,454.3,430.4,438.76,94800287
2013-10-05,414.05,429.86,404.05,425.79,166059330
2013-10-06,442.4,444.49,433.48,444.3,81191176
2013-10-07,468.42,476.55,446.45,457.96,163785449
2013-10-08,436.18,443.05,427.28,437.46,193514959
2013-10-09,447.79,460.98,436.47,449.61,95016715
2013-10-10,436.47,447.14,431.64,446.64,151700392
2013-10-11,451.43,464.82,444.93,451.23,78195400
2013-10-12,444.71,450.03,443.15,448.48,138038220
2013-10-13,429.16,459.55,427.88,448.3,137509555
2013-10-14,455.33,465.4,442.92,455.34,85548016
2013-10-15,473.87,475.52,463.44,466.31,147110509
2013-10-16,471.16,482.09,469.93,474.21,62821854
2013-10-17,464.97,465.34,448.66,462.26,129319719
2013-10-18,477.82,480.17,470.82,474.59,115246841
2013-10-19,473.08,475.53,471.09,474.25,61910391
2013-10-20,474.92,476.38,473.46,475.54,114341205
2013-10-21,479.62,491.53,478.04,487.04,112917986
2013-10-22,508.19,515.76,491.63,495.05,94228119
2013-10-23,500.19,534.05,497.83,498.01,62216833
2013-10-24,490.77,509.0,481.85,492.51,118795184
2013-10-25,499.77,512.55,494.22,495.11,100537523
2013-10-26,487.54,490.99,479.81,483.62,163625352
2013-10-27,479.49,488.72,478.37,485.39,148162106
2013-10-28,488.16,493.36,481.89,485.03,101697551
2013-10-29,486.18,487.54,478.09,483.94,98244525
2013-10-30,477.28,482.87,469.03,476.35,64323972
2013-10-31,479.76,481.37,473.09,476.99,65841771
2013-11-01,468.24,474.15,465.83,470.08,124271427
2013-11-02,466.57,470.65,464.77,467.02,57049782
2013-11-03,457.16,466.39,449.64,458.29,80560737
2013-11-04,460.57,471.82,460.01,463.59,140365300
2013-11-05,478.45,478.8,475.84,476.28,122244194
2013-11-06,475.67,482.14,462.7,472.27,118503307
2013-11-07,465.02,468.53,460.23,462.28,83648887
2013-11-08,481.56,482.35,477.28,478.99,69280563
2013-11-09,491.85,497.48,491.68,494.15,110334983
2013-11-10,480.63,495.37,477.19,488.81,139187718
2013-11-11,490.24,493.08,466.37,488.68,147826104
2013-11-12,492.03,492.41,487.59,488.83,106646224
2013-11-13,497.9,504.8,491.3,491.93,64164639
2013-11-14,488.66,495.83,460.13,485.63,122787394
2013-11-15,494.84,499.36,488.26,496.01,66385099
2013-11-16,507.25,525.79,504.83,506.29,152837962
2013-11-17,526.8,526.9,494.84,511.47,69273829
2013-11-18,517.29,524.6,513.61,517.05,160235214
2013-11-19,515.82,517.92,498.47,515.94,111370799
2013-11-20,505.98,507.88,502.19,507.29,171752769
2013-11-21,499.43,502.96,492.62,497.43,121579959
2013-11-22,525.44,533.05,520.08,521.82,182678914
2013-11-23,535.69,536.23,528.61,531.96,161574212
2013-11-24,562.0,562.33,547.99,556.64,124798895
2013-11-25,570.51,571.97,565.53,566.8,89999161
2013-11-26,604.39,625.27,594.49,595.47,185301389
2013-11-27,586.56,599.21,564.42,582.76,94312482
2013-11-28,570.87,578.81,570.59,574.59,57441176
2013-11-29,585.03,585.2,583.91,585.17,60430039
2013-11-30,577.82,591.8,574.92,585.08,57740070
2013-12-01,581.97,593.41,581.33,587.8,135370600
2013-12-02,593.47,601.31,588.78,596.64,119577936
2013-12-03,611.19,613.07,607.29,609.56,132106617
2013-12-04,585.56,585.7,576.83,582.53,204616450
2013-12-05,591.61,591.83,586.47,588.55,107746173
2013-12-06,609.06,609.23,596.7,599.93,98158768
2013-12-07,581.6,583.62,576.97,581.1,117967380
2013-12-08,572.52,572.69,560.18,570.73,141522729
2013-12-09,578.39,580.72,575.3,575.33,105423275
2013-12-10,560.08,567.42,535.08,553.2,176238885
2013-12-11,556.32,572.83,552.77,557.04,81674410
2013-12-12,536.27,577.0,536.23,552.12,88185282
2013-12-13,553.25,577.8,533.29,560.91,143104977
2013-12-14,595.33,599.53,595.12,597.24,122001318
2013-12-15,605.02,619.66,579.09,611.49,122059166
2013-12-16,623.2,642.24,622.19,632.3,198163958
2013-12-17,609.39,645.46,607.45,635.08,70018642
2013-12-18,666.02,676.59,650.49,660.58,204188919
2013-12-19,664.14,665.7,653.44,661.49,92016916
2013-12-20,682.79,692.13,666.54,686.41,92634937
2013-12-21,681.44,682.55,674.82,677.54,93887060
2013-12-22,666.93,674.93,637.48,654.2,104063657
2013-12-23,656.23,665.29,653.87,663.62,92576865
2013-12-24,648.62,675.51,630.52,656.8,71481975
2013-12-25,640.21,645.94,636.02,644.35,100957966
2013-12-26,638.67,639.87,633.19,634.98,115951006
2013-12-27,621.42,632.08,619.1,623.29,145933225
2013-12-28,625.28,637.01,618.19,635.49,107494118
2013-12-29,632.42,639.91,632.32,636.72,150781186
2013-12-30,638.3,649.19,636.99,646.07,87299758
2013-12-31,660.01,660.59,653.03,654.92,79654913
2014-01-01,675.8,683.38,645.78,649.47,124658849
2014-01-02,640.51,644.31,636.91,643.55,84457436
2014-01-03,666.47,672.29,648.19,649.01,109329854
2014-01-04,638.05,652.66,637.71,647.22,69857451
2014-01-05,664.08,667.35,635.1,649.15,97221090
2014-01-06,666.58,678.74,665.61,665.97,182098269
2014-01-07,663.43,664.19,652.68,663.17,91575127
2014-01-08,648.78,656.82,646.67,652.98,60644719
2014-01-09,654.04,659.85,638.42,654.59,105913134
2014-01-10,644.51,662.46,639.39,654.63,106844727
2014-01-11,645.85,663.96,639.42,643.89,140597248
2014-01-12,643.88,646.47,606.3,634.21,71368320
2014-01-13,641.4,642.08,630.02,633.61,98584867
2014-01-14,632.77,659.3,628.78,646.24,125568947
2014-01-15,649.31,661.63,631.97,652.47,94361051
2014-01-16,650.6,686.53,635.5,657.65,89704067
2014-01-17,680.74,696.01,654.4,663.58,135719465
2014-01-18,646.44,647.31,643.04,644.47,101647139
2014-01-19,629.44,645.94,608.97,635.83,78502152
2014-01-20,658.0,669.98,637.68,642.8,96704746
2014-01-21,655.94,657.6,650.92,656.55,133816058
2014-01-22,623.08,633.82,619.1,627.55,139788389
2014-01-23,644.02,647.68,629.4,632.65,86640850
2014-01-24,669.99,682.88,660.83,661.1,165310590
2014-01-25,664.41,665.82,660.38,664.44,129193637
2014-01-26,672.19,682.1,668.14,676.68,63482247
2014-01-27,661.27,672.3,656.58,669.75,143185502
2014-01-28,687.18,691.26,678.52,683.12,156848466
2014-01-29,696.7,712.4,695.63,698.71,100167557
2014-01-30,716.08,737.62,671.0,682.59,105613073
2014-01-31,693.24,694.7,692.4,693.32,170079423
2014-02-01,694.4,699.42,687.01,693.21,93352737
2014-02-02,694.25,697.23,681.78,688.39,121288987
2014-02-03,694.0,700.33,692.19,695.54,71041456
2014-02-04,698.96,707.51,661.42,679.7,93367476
2014-02-05,669.06,671.73,661.33,661.95,165576613
2014-02-06,666.01,681.97,654.34,657.59,86191279
2014-02-07,643.49,660.95,634.7,653.06,53970686
2014-02-08,662.58,664.39,659.02,662.57,160193529
2014-02-09,699.73,700.19,675.74,682.09,131162799
2014-02-10,691.02,702.94,684.98,692.77,120481496
2014-02-11,680.12,682.15,676.52,680.98,145024686
2014-02-12,689.77,694.3,683.71,688.8,67181544
2014-02-13,690.97,694.99,680.23,692.01,143116977
2014-02-14,673.83,733.06,672.15,699.8,150425510
2014-02-15,684.65,704.17,670.78,686.63,119105703
2014-02-16,691.11,695.68,680.39,683.63,115129532
2014-02-17,693.95,701.8,682.51,690.93,158288362
2014-02-18,714.85,725.03,705.16,710.77,149164018
2014-02-19,715.39,718.72,706.11,718.25,160314974
2014-02-20,702.98,705.39,697.22,704.61,174609791
2014-02-21,700.65,706.85,687.62,699.16,161137694
2014-02-22,714.27,716.35,689.19,704.88,115066308
2014-02-23,711.79,733.08,696.16,727.48,110784695
2014-02-24,765.1,765.11,730.53,752.57,115262152
2014-02-25,761.31,779.23,727.52,748.21,56595161
2014-02-26,729.86,767.93,715.95,748.24,90696321
2014-02-27,741.33,769.66,728.06,747.89,139723604
2014-02-28,728.28,729.26,721.22,726.18,189414117
2014-03-01,724.98,729.48,715.73,725.53,131935095
2014-03-02,709.89,736.15,694.61,707.67,66926277
2014-03-03,729.12,731.17,712.25,726.24,94024412
2014-03-04,729.23,735.27,704.2,729.25,112012203
2014-03-05,694.61,716.92,680.13,711.75,176943622
2014-03-06,726.44,727.5,700.32,712.28,105586232
2014-03-07,710.53,723.59,696.31,721.61,144368891
2014-03-08,750.36,766.22,741.21,757.5,98749794
2014-03-09,766.18,783.79,755.49,766.84,73854416
2014-03-10,761.7,762.11,749.61,755.11,143302952
2014-03-11,766.62,775.53,766.06,772.82,157690160
2014-03-12,758.2,783.36,744.35,758.32,60514769
2014-03-13,735.33,752.17,734.52,748.27,134674566
2014-03-14,753.78,765.51,747.77,755.77,156803398
2014-03-15,719.82,742.53,698.25,727.39,90347816
2014-03-16,727.1,735.23,712.16,726.39,129432535
2014-03-17,735.55,770.7,730.8,754.74,95186759
2014-03-18,792.9,806.35,786.78,795.07,85119916
2014-03-19,794.34,794.63,784.87,790.64,100162544
2014-03-20,777.88,780.94,772.99,774.33,172836014
2014-03-21,785.31,786.85,777.88,777.91,146959680
2014-03-22,756.96,784.74,754.08,774.87,73549075
2014-03-23,750.86,755.42,750.61,750.67,186023609
2014-03-24,726.81,733.72,724.6,732.84,126822050
2014-03-25,747.1,760.27,745.48,745.8,122538837
2014-03-26,772.16,776.46,743.89,757.14,163706368
2014-03-27,725.61,765.91,716.45,742.71,76729632
2014-03-28,745.05,760.34,704.6,738.15,60423670
2014-03-29,747.5,751.67,739.52,742.2,67564406
2014-03-30,754.57,773.43,728.79,748.23,143680637
2014-03-31,735.83,740.93,734.38,734.49,76728814
2014-04-01,742.31,742.49,718.41,724.7,70204838
2014-04-02,696.89,709.59,696.12,708.15,154359417
2014-04-03,708.15,722.03,702.18,715.8,57322970
2014-04-04,711.97,712.89,702.23,708.38,142392716
2014-04-05,715.48,720.52,700.97,712.05,127652052
2014-04-06,701.07,708.77,695.89,698.51,106799215
2014-04-07,707.55,710.32,696.0,706.57,142600750
2014-04-08,726.5,742.87,705.69,721.35,164031327
2014-04-09,716.68,729.93,708.76,719.69,72034876
2014-04-10,723.17,739.89,721.42,736.07,127789627
2014-04-11,725.22,758.79,716.19,748.35,60810021
2014-04-12,772.43,773.02,738.94,752.69,127419789
2014-04-13,756.1,769.12,740.84,761.02,111081876
2014-04-14,776.61,779.86,750.23,771.88,115770437
2014-04-15,802.22,810.04,775.22,790.6,103357411
2014-04-16,806.19,811.89,796.98,803.47,160485877
2014-04-17,805.88,806.39,801.39,801.82,127933853
2014-04-18,788.13,804.24,775.52,786.63,125044130
2014-04-19,752.78,782.96,752.65,774.26,65558283
2014-04-20,780.26,782.65,778.97,780.88,111446686
2014-04-21,784.58,784.83,776.42,784.21,148074356
2014-04-22,785.35,792.18,763.95,778.62,157721474
2014-04-23,799.94,802.25,797.72,800.51,186432072
2014-04-24,802.43,816.12,799.65,806.3,63897737
2014-04-25,825.92,830.34,805.35,813.61,143729059
2014-04-26,817.1,827.9,813.27,818.7,93581329
2014-04-27,806.45,815.87,801.11,814.87,110978845
2014-04-28,799.94,812.22,789.68,801.16,92241784
2014-04-29,793.73,803.8,774.55,802.61,84507366
2014-04-30,771.09,813.35,770.7,789.02,162766350
2014-05-01,787.74,806.02,765.17,788.53,74784305
2014-05-02,787.48,793.05,783.28,784.5,108783398
2014-05-03,797.13,798.27,777.05,788.85,62998263
2014-05-04,768.84,786.2,768.73,778.24,155243622
2014-05-05,774.45,785.59,762.44,768.57,158216746
2014-05-06,757.86,769.79,754.2,761.3,134721827
2014-05-07,758.75,780.26,757.77,768.15,129807254
2014-05-08,780.91,792.11,771.24,777.66,83876098
2014-05-09,811.27,817.74,808.94,814.75,161135282
2014-05-10,813.96,845.82,798.48,807.78,78821527
2014-05-11,801.67,804.65,784.22,797.69,78179656
2014-05-12,796.41,814.45,787.02,810.75,61249876
2014-05-13,797.03,832.72,793.95,802.84,118441392
2014-05-14,843.11,845.5,842.75,845.28,107569619
2014-05-15,825.71,838.2,821.15,825.2,147681629
2014-05-16,802.8,804.22,791.05,802.53,64910741
2014-05-17,791.42,800.66,790.77,791.4,110265308
2014-05-18,807.27,816.52,789.79,802.56,150553996
2014-05-19,791.83,817.9,788.98,798.72,53414413
2014-05-20,778.03,811.15,770.14,797.52,74846414
2014-05-21,800.43,806.56,789.18,793.92,82947163
2014-05-22,810.52,816.92,787.87,812.6,107394785
2014-05-23,778.76,809.69,774.93,787.77,103966385
2014-05-24,773.91,804.97,750.87,766.76,70753884
2014-05-25,781.37,788.42,755.79,766.41,67954113
2014-05-26,741.7,755.8,738.03,746.97,166341918
2014-05-27,733.63,754.24,732.47,746.49,80724907
2014-05-28,750.15,757.61,749.04,749.05,102809677
2014-05-29,725.63,734.75,715.06,727.68,102765658
2014-05-30,728.43,734.69,723.48,729.99,91470606
2014-05-31,722.41,725.03,717.84,721.46,86862029
2014-06-01,723.15,743.66,693.45,737.15,77675075
2014-06-02,713.19,726.36,704.22,720.31,144595821
2014-06-03,719.42,732.34,702.94,706.65,138064480
2014-06-04,730.83,733.84,729.14,733.25,132535929
2014-06-05,730.9,738.99,729.75,731.45,113699924
2014-06-06,735.79,736.56,725.09,732.34,126907724
2014-06-07,735.74,759.66,701.45,725.57,118648141
2014-06-08,740.23,753.95,738.66,741.54,148937198
2014-06-09,728.46,762.61,722.57,741.07,68026364
2014-06-10,723.75,757.67,714.07,722.14,77054896
2014-06-11,730.16,738.02,725.43,725.97,105398535
2014-06-12,729.94,737.39,729.68,734.16,104261640
2014-06-13,723.15,729.64,719.27,729.36,61350441
2014-06-14,727.15,730.8,723.88,729.64,78400714
2014-06-15,692.75,714.13,681.6,698.85,189603583
2014-06-16,688.38,696.91,674.24,682.36,149957090
2014-06-17,697.21,710.7,678.88,689.27,159456650
2014-06-18,697.05,697.99,687.34,690.92,110515136
2014-06-19,694.37,714.53,676.89,703.31,92656794
2014-06-20,691.21,699.03,683.66,685.55,160833935
2014-06-21,708.02,716.34,705.29,715.75,188089174
2014-06-22,745.33,754.61,728.21,748.16,176183042
2014-06-23,726.61,750.44,716.75,747.05,133754086
2014-06-24,725.82,767.63,711.24,714.25,157465673
2014-06-25,698.22,714.32,695.82,703.54,117065494
2014-06-26,726.53,729.45,714.85,717.58,61639940
2014-06-27,708.84,717.71,694.96,707.81,91143568
2014-06-28,692.05,699.92,684.68,686.73,127485474
2014-06-29,686.21,723.96,680.59,703.95,108333676
2014-06-30,707.9,712.18,702.18,705.44,112442555
2014-07-01,718.48,728.85,714.46,725.56,152430310
2014-07-02,699.01,700.41,696.26,698.71,160942127
2014-07-03,665.86,679.08,660.58,667.49,154568056
2014-07-04,660.37,675.72,658.29,672.46,121525272
2014-07-05,693.01,697.55,661.54,679.0,131155733
2014-07-06,685.69,689.68,679.09,686.6,153969792
2014-07-07,729.15,729.37,705.04,714.19,123473492
2014-07-08,698.34,731.19,678.43,709.82,63080923
2014-07-09,697.58,702.25,691.47,692.67,161035382
2014-07-10,697.66,705.47,692.08,700.1,134119802
2014-07-11,692.55,703.26,690.37,695.35,87448565
2014-07-12,731.6,738.26,703.26,711.9,150871922
2014-07-13,711.26,729.58,660.38,709.87,59249144
2014-07-14,700.03,721.27,692.64,713.56,149189595
2014-07-15,716.6,725.65,714.71,724.52,105546170
2014-07-16,727.91,733.42,718.89,721.34,146149629
2014-07-17,744.31,749.76,719.55,744.23,131452110
2014-07-18,782.51,785.03,744.34,768.8,162556383
2014-07-19,772.9,778.52,771.7,776.29,91557249
2014-07-20,794.11,815.07,788.37,796.36,177832760
2014-07-21,854.28,855.36,831.3,833.94,172637404
2014-07-22,802.47,813.05,791.48,809.02,133933092
2014-07-23,783.62,788.82,776.06,786.64,76951119
2014-07-24,797.22,818.91,796.69,814.5,137607668
2014-07-25,823.06,828.74,818.97,824.3,110720157
2014-07-26,816.77,826.77,791.01,811.49,108061359
2014-07-27,819.67,845.32,794.7,837.78,157999742
2014-07-28,828.3,859.28,822.89,847.77,141134682
2014-07-29,846.03,882.74,820.24,833.19,95309858
2014-07-30,782.68,846.0,770.65,816.21,120981185
2014-07-31,830.14,836.12,798.88,822.44,121173135
2014-08-01,819.0,845.72,815.5,840.25,114666750
2014-08-02,864.44,877.91,845.27,857.19,104116570
2014-08-03,847.46,860.53,847.41,859.96,120879467
2014-08-04,872.55,906.86,853.47,862.42,79843649
2014-08-05,857.41,867.18,854.82,862.28,83312262
2014-08-06,870.19,893.87,859.6,862.45,107560735
2014-08-07,874.46,885.3,860.67,861.48,148811193
2014-08-08,856.97,890.94,852.67,853.43,88031012
2014-08-09,845.21,891.84,834.21,852.89,132917009
2014-08-10,873.52,911.08,829.95,858.32,124820150
2014-08-11,841.93,853.12,838.42,840.66,138095979
2014-08-12,850.01,861.09,836.77,838.75,112336381
2014-08-13,871.11,889.29,840.85,851.41,118008952
2014-08-14,836.72,852.34,833.09,837.53,166747173
2014-08-15,822.66,823.59,814.48,823.15,93064173
2014-08-16,823.1,833.46,798.36,818.45,129715194
2014-08-17,790.58,806.76,786.47,804.82,146618795
2014-08-18,837.56,844.37,835.05,835.75,92501588
2014-08-19,819.14,821.81,781.19,820.72,59211086
2014-08-20,796.03,810.99,778.4,791.81,140492095
2014-08-21,793.4,800.09,782.4,797.58,143163591
2014-08-22,793.33,798.75,787.5,793.13,156413715
2014-08-23,791.78,796.37,790.42,794.5,82825175
2014-08-24,778.34,800.18,777.15,791.94,53721679
2014-08-25,790.39,806.02,763.01,784.61,90777990
2014-08-26,771.49,778.37,765.61,776.51,96236752
2014-08-27,779.07,781.99,773.84,774.41,91033781
2014-08-28,802.36,805.86,754.91,763.5,102877634
2014-08-29,764.34,768.96,757.74,760.15,104367577
2014-08-30,762.24,778.44,738.03,764.31,57415107
2014-08-31,720.04,728.6,715.46,724.24,178001317
2014-09-01,700.25,719.09,692.76,709.5,152219934
2014-09-02,699.16,719.57,697.5,707.39,69535838
2014-09-03,718.7,728.06,694.62,713.63,95974183
2014-09-04,687.89,702.53,676.92,699.46,159145712
2014-09-05,681.86,685.79,675.47,683.88,71765702
2014-09-06,697.58,701.62,679.73,691.69,67919857
2014-09-07,685.4,687.42,679.02,685.22,162238332
2014-09-08,719.03,726.32,683.57,705.03,65987492
2014-09-09,688.17,692.28,685.93,686.95,124299922
2014-09-10,683.89,697.63,664.83,683.79,137071169
2014-09-11,692.14,698.87,675.58,675.72,164466857
2014-09-12,682.18,716.88,681.11,707.59,195884435
2014-09-13,679.63,689.33,670.46,683.3,75727080
2014-09-14,658.95,690.98,651.37,674.81,142322102
2014-09-15,650.26,702.8,649.56,683.73,97404153
2014-09-16,660.87,670.13,655.33,669.89,179940996
2014-09-17,674.72,696.52,671.48,682.48,105561739
2014-09-18,674.18,674.57,651.09,657.67,102440235
2014-09-19,680.7,680.95,648.78,662.39,133775430
2014-09-20,666.9,669.15,659.44,663.56,56543496
2014-09-21,683.06,685.07,676.66,684.21,107169871
2014-09-22,715.34,718.8,685.81,714.49,181191131
2014-09-23,706.4,719.49,703.04,716.93,103919487
2014-09-24,741.51,748.13,736.94,738.57,154746306
2014-09-25,704.98,705.67,698.65,701.03,159479661
2014-09-26,726.6,730.51,711.25,718.38,68588186
2014-09-27,701.38,712.13,695.77,705.92,136427849
2014-09-28,696.13,719.45,684.37,696.41,158293340
2014-09-29,670.98,684.27,667.52,682.91,142489707
2014-09-30,690.73,693.62,688.41,691.54,117011420
2014-10-01,696.14,696.54,679.31,689.22,53772786
2014-10-02,714.86,720.75,688.25,695.59,146295799
2014-10-03,668.79,690.69,651.75,677.5,143439582
2014-10-04,663.69,687.04,655.05,675.4,79469007
2014-10-05,638.88,673.76,624.06,648.52,192183460
2014-10-06,649.05,657.85,646.67,648.68,129684541
2014-10-07,686.46,689.95,676.27,680.66,151910133
2014-10-08,672.78,675.29,667.47,674.11,111013585
2014-10-09,645.2,676.38,632.64,657.15,118284598
2014-10-10,678.96,686.27,666.93,669.06,133237631
2014-10-11,693.03,698.21,683.38,690.65,140767247
2014-10-12,713.07,732.64,709.37,719.11,87440365
2014-10-13,725.98,752.3,693.6,736.19,160434003
2014-10-14,751.5,760.14,740.74,750.73,119126741
2014-10-15,751.71,753.88,751.42,753.88,138675845
2014-10-16,714.0,716.14,689.38,712.57,157667656
2014-10-17,739.36,743.9,727.8,733.8,180946468
2014-10-18,723.71,735.23,721.14,725.44,92752498
2014-10-19,706.88,722.7,706.58,720.68,125161620
2014-10-20,710.34,725.79,709.49,712.68,90783543
2014-10-21,690.01,697.21,680.39,683.49,170128423
2014-10-22,688.22,700.31,676.19,690.39,117164431
2014-10-23,694.04,699.84,680.7,689.26,119493529
2014-10-24,689.11,701.44,684.86,688.53,68138432
2014-10-25,699.84,721.61,688.76,693.58,67831295
2014-10-26,696.02,699.22,684.66,689.18,78277271
2014-10-27,695.61,719.39,687.05,697.8,88185852
2014-10-28,697.34,719.28,689.28,709.6,118434662
2014-10-29,732.99,752.19,713.4,728.74,154052523
2014-10-30,731.08,737.68,708.05,734.89,144211302
2014-10-31,688.23,729.89,676.6,729.07,99004708
2014-11-01,719.44,721.26,699.97,708.83,171310217
2014-11-02,709.68,716.2,709.43,714.8,78028771
2014-11-03,757.42,761.19,727.7,737.8,89494678
2014-11-04,733.09,741.68,726.43,738.13,75674609
2014-11-05,735.8,751.52,734.23,746.57,87220098
2014-11-06,724.42,730.58,708.97,722.19,183439773
2014-11-07,719.26,722.36,717.27,719.73,112606736
2014-11-08,741.83,761.32,734.58,734.93,116266704
2014-11-09,750.2,753.59,743.23,749.83,77650963
2014-11-10,742.42,746.24,737.44,737.72,161483492
2014-11-11,759.23,779.94,748.08,754.01,179907094
2014-11-12,754.01,777.99,720.49,733.61,95231273
2014-11-13,716.5,720.92,714.75,717.91,163662979
2014-11-14,718.83,729.09,694.35,720.6,127036618
2014-11-15,656.25,709.02,654.13,708.11,89214942
2014-11-16,699.44,717.82,686.81,711.47,89265437
2014-11-17,717.8,718.45,708.37,718.34,142666164
2014-11-18,704.19,712.9,701.04,708.54,136636138
2014-11-19,723.05,724.84,722.62,722.76,144173405
2014-11-20,720.13,727.58,718.59,723.37,76890967
2014-11-21,721.87,732.0,720.55,728.58,80104693
2014-11-22,736.69,742.36,731.58,734.22,66968532
2014-11-23,740.47,741.1,734.86,737.16,104650876
2014-11-24,724.3,730.54,721.17,729.19,82792657
2014-11-25,723.37,735.57,719.09,734.58,152202387
2014-11-26,726.27,726.58,720.16,726.1,151664725
2014-11-27,728.28,756.26,696.98,735.78,151435635
2014-11-28,785.49,801.73,754.26,756.09,113638371
2014-11-29,753.37,767.03,732.02,756.85,74568725
2014-11-30,727.57,731.94,725.67,728.58,159909460
2014-12-01,693.68,734.39,693.16,723.08,138290458
2014-12-02,752.92,760.59,748.41,753.7,169682822
2014-12-03,716.97,722.1,704.56,716.48,132320809
2014-12-04,729.29,739.6,722.41,728.3,125871350
2014-12-05,697.02,707.7,692.8,699.6,88803560
2014-12-06,711.58,711.59,710.81,711.24,87869520
2014-12-07,719.45,724.87,710.49,714.63,140158812
2014-12-08,707.9,712.53,695.79,698.47,139296353
2014-12-09,710.8,715.79,698.08,714.49,169013993
2014-12-10,711.56,723.15,704.73,721.4,106403324
2014-12-11,728.82,738.27,719.08,721.07,127763972
2014-12-12,751.21,778.2,727.36,741.05,66641173
2014-12-13,728.73,731.74,695.0,729.34,85607496
2014-12-14,756.35,760.31,739.08,741.7,64997181
2014-12-15,727.02,742.2,722.27,739.32,86709374
2014-12-16,767.69,773.84,724.52,742.49,92073016
2014-12-17,759.8,768.84,745.13,747.62,71692254
2014-12-18,771.47,795.42,757.15,778.32,154514266
2014-12-19,750.43,768.88,747.29,761.99,111390910
2014-12-20,769.11,770.33,761.02,765.64,58234623
2014-12-21,767.8,773.07,757.67,768.34,137977942
2014-12-22,795.53,802.85,770.77,773.67,149385952
2014-12-23,779.94,789.55,741.02,763.82,137057123
2014-12-24,765.4,791.2,753.65,773.28,158474034
2014-12-25,771.32,784.27,760.93,771.0,79480720
2014-12-26,809.35,812.53,782.47,800.55,154419484
2014-12-27,817.9,819.79,806.3,817.91,151052823
2014-12-28,818.06,824.1,807.55,814.93,142309455
2014-12-29,825.33,840.11,808.18,827.92,65461503
2014-12-30,840.11,852.47,839.7,844.37,129075531
2014-12-31,829.54,830.54,786.49,818.29,156294166
2015-01-01,844.0,853.96,810.61,812.25,146480934
2015-01-02,811.73,836.06,808.34,816.69,99346816
2015-01-03,809.19,809.8,793.16,808.16,81645660
2015-01-04,797.39,803.58,789.85,794.25,88198613
2015-01-05,800.93,806.99,787.93,800.9,79712916
2015-01-06,844.05,875.49,825.9,837.21,162933483
2015-01-07,834.75,867.28,834.65,845.99,160191041
2015-01-08,871.85,881.72,848.58,854.7,127281171
2015-01-09,871.37,882.45,845.88,880.74,99869859
2015-01-10,935.88,956.28,848.51,906.16,190223970
2015-01-11,908.87,916.89,903.04,910.98,70106950
2015-01-12,894.19,912.23,889.42,903.94,58284240
2015-01-13,932.21,944.91,845.91,880.89,166651541
2015-01-14,846.47,864.91,809.02,846.89,186847275
2015-01-15,850.68,866.16,844.36,848.72,112828762
2015-01-16,861.42,864.91,856.39,863.74,120817562
2015-01-17,894.76,912.65,861.43,862.48,86221258
2015-01-18,873.39,905.66,833.91,868.98,158345827
2015-01-19,870.85,895.75,868.45,870.29,98075410
2015-01-20,871.18,885.18,869.31,879.0,149689297
2015-01-21,889.1,895.02,863.18,882.63,88070560
2015-01-22,869.93,880.46,846.02,877.99,59454501
2015-01-23,874.83,886.05,868.97,883.73,143909987
2015-01-24,868.07,884.33,860.61,874.28,143970642
2015-01-25,846.01,861.59,821.61,846.37,179467979
2015-01-26,839.45,848.77,832.38,841.68,157624442
2015-01-27,843.57,854.04,841.15,850.32,105175584
2015-01-28,843.54,844.85,841.85,844.78,133931771
2015-01-29,847.62,872.17,824.16,832.29,126061369
2015-01-30,821.55,833.93,817.09,829.89,73272012
2015-01-31,824.84,824.92,824.21,824.41,132262922
2015-02-01,828.26,833.5,804.15,825.51,67639474
2015-02-02,834.26,846.79,831.3,839.01,84797564
2015-02-03,851.62,853.47,842.54,843.56,79062705
2015-02-04,871.77,879.51,865.46,870.22,111284620
2015-02-05,892.7,901.48,868.08,881.27,134810349
2015-02-06,821.32,865.07,819.46,844.43,211548658
2015-02-07,875.53,888.59,838.25,862.45,62105831
2015-02-08,887.06,887.42,866.23,867.02,103584788
2015-02-09,872.63,873.01,871.8,872.32,140392264
2015-02-10,875.75,880.9,845.49,871.92,104599308
2015-02-11,875.17,892.91,839.14,855.19,174121869
2015-02-12,891.01,917.41,844.12,853.92,66636301
2015-02-13,871.47,872.72,836.35,853.89,116152083
2015-02-14,841.38,842.32,821.52,839.15,136993732
2015-02-15,835.34,836.62,823.04,825.78,116417443
2015-02-16,839.2,855.01,800.18,827.37,74883969
2015-02-17,824.23,841.62,821.53,834.13,58882211
2015-02-18,820.21,840.18,799.87,836.66,78070773
2015-02-19,790.45,837.86,790.39,827.34,116853935
2015-02-20,877.39,878.71,829.54,832.85,103898441
2015-02-21,815.54,835.91,809.24,826.8,55925099
2015-02-22,845.77,847.97,832.17,834.49,110639082
2015-02-23,807.29,811.49,802.41,806.39,113021693
2015-02-24,814.45,821.08,800.25,817.41,117788378
2015-02-25,808.77,810.63,790.15,793.77,118739712
2015-02-26,777.51,778.0,764.5,764.93,166437043
2015-02-27,765.28,775.0,733.9,763.59,64337355
2015-02-28,789.92,790.62,735.87,753.74,116075428
2015-03-01,790.7,793.47,751.44,761.06,58506081
2015-03-02,778.27,794.8,777.98,780.16,100720761
2015-03-03,740.29,770.39,732.98,754.56,198005219
2015-03-04,770.61,807.31,766.46,766.71,116638604
2015-03-05,770.69,778.17,769.67,773.81,124989103
2015-03-06,765.28,787.13,758.41,782.51,56942868
2015-03-07,772.27,780.75,768.26,772.67,165534008
2015-03-08,790.03,805.41,789.55,793.24,145914142
2015-03-09,827.98,834.0,809.41,810.83,108289431
2015-03-10,786.84,823.42,774.39,778.99,74541508
2015-03-11,775.79,787.62,773.22,786.09,156506595
2015-03-12,778.26,786.27,777.59,785.13,64770838
2015-03-13,783.12,795.0,772.08,790.18,103233398
2015-03-14,831.92,833.67,780.46,804.31,146918569
2015-03-15,799.13,801.14,780.7,798.53,117727983
2015-03-16,756.03,772.79,753.44,761.94,202068809
2015-03-17,733.7,743.85,729.98,734.06,163263786
2015-03-18,736.06,755.13,728.75,739.45,58771054
2015-03-19,747.87,752.24,733.62,749.01,93730799
2015-03-20,751.09,775.99,731.34,757.68,149064735
2015-03-21,750.02,752.91,737.63,751.78,130240687
2015-03-22,740.02,742.05,727.0,736.98,125872634
2015-03-23,734.08,739.5,729.73,734.63,83328215
2015-03-24,699.48,748.74,679.74,719.24,108215338
2015-03-25,737.51,757.62,712.73,738.61,106247206
2015-03-26,727.2,728.34,708.76,726.58,108594973
2015-03-27,713.88,726.8,713.32,718.39,91292120
2015-03-28,687.94,709.49,677.93,695.07,76279929
2015-03-29,685.19,700.94,666.77,692.15,133929423
2015-03-30,708.36,714.91,707.52,714.18,67081873
2015-03-31,699.98,719.53,669.84,716.32,139453185
2015-04-01,695.08,715.07,693.29,700.15,82141843
2015-04-02,712.77,713.52,679.97,697.08,113845220
2015-04-03,710.49,712.6,697.91,706.39,80395622
2015-04-04,707.58,709.0,703.68,708.95,63904811
2015-04-05,726.1,778.28,724.35,736.95,160836977
2015-04-06,754.28,754.76,708.76,747.29,122891120
2015-04-07,725.7,751.03,718.38,739.32,65508124
2015-04-08,742.99,754.71,729.86,745.45,76975267
2015-04-09,724.66,749.59,724.12,740.17,81290863
2015-04-10,726.77,731.62,693.22,728.99,62596120
2015-04-11,738.08,743.54,737.4,737.71,119163170
2015-04-12,741.28,756.57,739.49,743.95,105464469
2015-04-13,728.94,738.95,703.46,737.71,117910308
2015-04-14,774.21,775.72,749.11,757.29,133098674
2015-04-15,748.77,753.43,737.68,737.72,137934088
2015-04-16,751.61,772.98,740.36,758.91,127316261
2015-04-17,733.55,781.12,724.41,736.07,69719331
2015-04-18,767.36,772.86,748.03,751.22,78365308
2015-04-19,726.18,736.34,711.18,735.43,160516143
2015-04-20,732.43,736.38,721.17,736.28,71528815
2015-04-21,729.56,743.54,714.19,730.48,74996467
2015-04-22,732.76,733.14,713.41,726.96,98427621
2015-04-23,710.82,715.16,696.82,705.63,141006852
2015-04-24,699.19,710.55,667.79,697.89,105394433
2015-04-25,670.71,680.88,668.4,680.09,98741846
2015-04-26,665.7,670.38,665.65,668.99,131252563
2015-04-27,682.66,683.79,672.43,683.54,95743625
2015-04-28,662.75,680.79,634.98,667.16,159231738
2015-04-29,652.89,661.17,646.96,656.54,166474746
2015-04-30,636.08,647.43,628.66,635.02,132716472
2015-05-01,637.76,638.41,621.15,627.11,73525380
2015-05-02,656.31,667.71,651.21,654.97,102883929
2015-05-03,665.58,669.96,657.67,667.1,173171375
2015-05-04,678.69,693.42,672.23,683.37,81323582
2015-05-05,693.05,713.22,672.66,682.01,141338097
2015-05-06,687.85,694.83,665.29,683.34,148552970
2015-05-07,676.43,681.85,667.87,677.0,138711585
2015-05-08,702.02,704.38,700.77,701.99,69699212
2015-05-09,696.35,705.69,685.61,695.42,87819209
2015-05-10,713.87,716.01,701.95,703.02,163859984
2015-05-11,719.62,720.15,709.26,716.48,94434852
2015-05-12,718.31,735.54,708.57,725.23,139499007
2015-05-13,737.48,756.32,724.03,724.08,143539298
2015-05-14,713.96,731.65,707.66,720.42,70004948
2015-05-15,718.42,726.9,708.08,720.85,126699687
2015-05-16,718.3,720.83,708.75,712.43,157717964
2015-05-17,724.6,730.93,720.9,726.04,177569117
2015-05-18,712.95,744.72,711.7,741.21,140039583
2015-05-19,750.43,764.61,738.37,743.08,58498264
2015-05-20,746.16,772.96,740.07,754.41,161015639
2015-05-21,777.45,796.06,754.44,759.54,66161467
2015-05-22,778.42,783.15,751.08,775.01,174243158
2015-05-23,786.4,828.2,784.2,813.64,99617703
2015-05-24,792.04,852.62,786.53,810.67,127374499
2015-05-25,840.41,866.93,803.38,825.41,159941337
2015-05-26,784.37,786.7,743.94,780.68,103859648
2015-05-27,773.04,823.08,768.1,804.01,148705689
2015-05-28,808.15,825.61,805.77,811.38,129903495
2015-05-29,821.24,850.13,804.18,810.06,68380460
2015-05-30,836.65,841.61,817.16,831.39,93078230
2015-05-31,829.85,835.92,820.64,823.9,99773457
2015-06-01,835.22,878.56,809.34,870.53,133488497
2015-06-02,891.18,918.81,887.37,913.04,193329520
2015-06-03,900.63,966.1,879.67,914.26,83780049
2015-06-04,910.55,916.58,907.39,907.98,137399855
2015-06-05,921.4,929.65,916.64,922.3,144942351
2015-06-06,912.3,929.0,896.76,920.12,149588383
2015-06-07,927.12,950.88,926.97,950.77,177002965
2015-06-08,976.17,998.99,958.88,970.45,151753198
2015-06-09,961.91,967.09,958.48,960.62,124029268
2015-06-10,908.97,924.19,906.45,911.16,84890465
2015-06-11,910.95,912.45,896.99,906.41,103921457
2015-06-12,859.94,882.71,853.46,877.49,151865113
2015-06-13,896.27,901.98,890.3,891.56,72657485
2015-06-14,843.73,848.54,840.85,846.16,167473739
2015-06-15,831.35,842.26,829.51,835.64,87866681
2015-06-16,826.27,843.06,824.55,841.24,65577006
2015-06-17,851.28,861.07,850.9,854.18,91628960
2015-06-18,859.42,859.85,857.05,858.06,149252416
2015-06-19,845.08,866.98,830.64,845.12,161681928
2015-06-20,816.44,828.92,808.71,812.62,119511184
2015-06-21,821.17,839.78,814.76,829.25,71429784
2015-06-22,817.08,831.37,810.15,813.7,79767867
2015-06-23,814.33,828.02,812.44,825.5,116151591
2015-06-24,811.93,849.49,799.49,817.42,112678296
2015-06-25,793.65,811.22,788.6,802.53,144708388
2015-06-26,823.7,830.53,811.77,816.62,91756027
2015-06-27,812.98,827.68,790.12,802.2,96869795
2015-06-28,784.73,794.63,775.55,794.43,67428354
2015-06-29,832.62,839.46,822.93,833.12,214465840
2015-06-30,799.11,818.14,792.15,813.73,68410423
2015-07-01,805.99,813.64,797.35,807.0,88470648
2015-07-02,803.84,806.78,800.45,805.94,147647174
2015-07-03,818.48,878.57,793.58,834.7,79728097
2015-07-04,856.61,861.98,849.48,851.35,174720298
2015-07-05,859.28,862.31,853.78,858.35,136336944
2015-07-06,854.35,870.22,851.82,862.45,98902410
2015-07-07,900.5,900.7,866.38,899.73,86981620
2015-07-08,877.83,907.4,852.91,883.45,153613466
2015-07-09,893.94,905.53,893.85,898.0,60807228
2015-07-10,924.13,926.03,898.91,921.68,169599007
2015-07-11,920.14,940.57,884.55,926.26,75355513
2015-07-12,907.5,918.09,891.58,913.11,158254445
2015-07-13,922.86,945.02,910.98,927.46,163384257
2015-07-14,951.31,968.47,944.25,964.37,81912889
2015-07-15,1010.58,1016.19,967.77,996.16,146723388
2015-07-16,986.36,1003.17,971.91,990.62,97679745
2015-07-17,1034.84,1048.93,1020.24,1024.27,109649656
2015-07-18,1018.93,1054.01,965.87,1040.95,103895099
2015-07-19,1083.52,1101.28,1065.35,1067.13,74450419
2015-07-20,1053.42,1080.66,1042.19,1056.21,74586183
2015-07-21,1087.54,1095.48,1056.48,1073.49,104565670
2015-07-22,1048.41,1050.57,1044.81,1050.49,153858687
2015-07-23,1056.7,1067.6,1022.78,1054.18,83192350
2015-07-24,1047.13,1048.01,1043.68,1044.96,105533375
2015-07-25,1067.64,1071.95,1044.2,1056.56,85050947
2015-07-26,1019.48,1043.92,1009.35,1026.91,155961188
2015-07-27,1042.44,1059.71,1024.08,1052.74,144064508
2015-07-28,1054.64,1076.65,1038.95,1052.13,123726034
2015-07-29,1074.66,1089.15,1064.67,1075.1,160521061
2015-07-30,1093.2,1103.07,1083.05,1092.38,115567570
2015-07-31,1082.48,1088.29,1066.7,1067.4,89877707
2015-08-01,1105.64,1135.09,1093.84,1110.64,157566604
2015-08-02,1145.68,1165.26,1121.14,1144.35,148123781
2015-08-03,1151.28,1174.03,1118.21,1137.29,155559413
2015-08-04,1120.99,1128.51,1083.85,1102.84,146983565
2015-08-05,1082.29,1123.15,1081.92,1095.34,143727274
2015-08-06,1070.96,1114.01,1040.0,1104.27,57288503
2015-08-07,1068.73,1108.34,1064.15,1078.41,92120024
2015-08-08,1083.6,1087.44,1070.17,1070.24,94797787
2015-08-09,1088.53,1115.75,1063.62,1097.21,141986957
2015-08-10,1093.72,1095.24,1091.61,1092.87,94844693
2015-08-11,1064.68,1101.58,1063.35,1092.42,90725160
2015-08-12,1083.94,1086.34,1080.75,1082.96,159324309
2015-08-13,1083.89,1087.38,1074.96,1085.73,73580410
2015-08-14,1068.07,1072.65,1065.4,1069.44,153108328
2015-08-15,1111.25,1112.56,1072.28,1084.57,118245873
2015-08-16,1081.6,1129.47,1078.81,1106.18,179471621
2015-08-17,1114.16,1121.76,1105.82,1115.02,138301572
2015-08-18,1102.53,1112.82,1096.07,1110.26,83621016
2015-08-19,1127.21,1147.6,1100.22,1113.99,87450101
2015-08-20,1153.54,1154.3,1139.98,1150.17,152744825
2015-08-21,1125.32,1166.98,1091.7,1146.54,113194729
2015-08-22,1159.41,1161.09,1135.94,1152.42,70927309
2015-08-23,1196.86,1214.89,1188.6,1195.75,71680026
2015-08-24,1213.87,1235.47,1213.34,1232.51,168291064
2015-08-25,1250.54,1263.38,1245.06,1250.51,148929592
2015-08-26,1281.97,1296.57,1264.06,1267.53,147579045
2015-08-27,1264.18,1271.41,1242.6,1251.17,144022562
2015-08-28,1242.62,1286.89,1220.77,1263.94,78059101
2015-08-29,1247.0,1258.06,1239.82,1250.05,137305957
2015-08-30,1296.9,1298.47,1227.99,1255.87,90044315
2015-08-31,1244.77,1258.83,1239.59,1255.2,149983197
2015-09-01,1244.65,1268.88,1237.9,1249.17,113990490
2015-09-02,1233.39,1236.99,1211.95,1214.43,70400219
2015-09-03,1214.99,1226.54,1208.11,1220.93,119930224
2015-09-04,1181.91,1191.41,1169.12,1188.29,66434345
2015-09-05,1203.66,1203.99,1191.34,1202.98,146920912
2015-09-06,1231.92,1235.93,1207.84,1214.41,134178809
2015-09-07,1211.0,1253.35,1188.47,1206.89,84730866
2015-09-08,1172.05,1172.35,1161.3,1166.49,139850867
2015-09-09,1201.06,1212.22,1171.25,1196.59,118446440
2015-09-10,1190.05,1201.5,1185.61,1190.24,149238979
2015-09-11,1200.59,1286.2,1179.77,1208.4,90773787
2015-09-12,1227.9,1229.69,1179.13,1204.72,67876166
2015-09-13,1212.07,1237.31,1183.52,1229.45,159756752
2015-09-14,1253.06,1254.98,1241.97,1247.42,137444066
2015-09-15,1259.69,1284.97,1199.44,1247.48,77776672
2015-09-16,1206.48,1236.97,1191.24,1224.39,146975096
2015-09-17,1228.22,1249.67,1216.98,1226.27,74276930
2015-09-18,1266.51,1282.04,1233.12,1238.76,58198956
2015-09-19,1218.13,1218.66,1199.48,1208.28,69520122
2015-09-20,1226.42,1250.88,1196.29,1203.26,78078372
2015-09-21,1176.24,1262.57,1167.49,1207.38,90394135
2015-09-22,1175.7,1194.31,1174.27,1179.28,76217591
2015-09-23,1215.22,1224.94,1200.06,1213.99,147911450
2015-09-24,1197.61,1214.67,1196.17,1200.8,147596026
2015-09-25,1180.61,1188.66,1149.46,1178.76,85177846
2015-09-26,1177.15,1184.41,1158.72,1168.7,69371097
2015-09-27,1184.39,1189.27,1160.93,1171.46,104318265
2015-09-28,1207.95,1208.04,1136.93,1172.43,96556160
2015-09-29,1199.74,1202.42,1139.4,1146.74,79024598
2015-09-30,1118.14,1125.68,1085.48,1111.23,113827938
2015-10-01,1072.28,1078.73,1055.59,1077.36,107689724
2015-10-02,1119.32,1123.73,1086.18,1097.83,142111731
2015-10-03,1021.89,1045.99,1019.36,1020.58,231269881
2015-10-04,1029.73,1055.24,1017.58,1032.63,119069522
2015-10-05,1011.11,1015.75,1005.83,1007.34,68849869
2015-10-06,1032.45,1036.79,1031.94,1033.47,86502373
2015-10-07,1052.1,1063.52,1045.28,1047.77,133280669
2015-10-08,1032.91,1061.2,1025.45,1047.64,80732741
2015-10-09,1107.04,1117.74,1079.42,1083.22,86899476
2015-10-10,1078.89,1107.93,1066.31,1093.7,137954301
2015-10-11,1085.23,1089.16,1082.23,1088.2,79187239
2015-10-12,1102.19,1104.78,1085.82,1094.66,103201490
2015-10-13,1058.6,1084.02,1052.78,1075.82,78137079
2015-10-14,1074.5,1099.8,1050.58,1095.61,176593273
2015-10-15,1084.72,1092.37,1067.79,1076.18,123698673
2015-10-16,1061.18,1061.39,1026.17,1039.11,100098017
2015-10-17,1048.07,1058.67,1041.61,1041.69,105827476
2015-10-18,974.75,1016.65,974.41,1011.45,186301632
2015-10-19,1005.84,1026.84,1000.65,1024.07,162201541
2015-10-20,1058.68,1073.61,1036.89,1047.18,102821560
2015-10-21,1046.74,1049.05,1041.85,1042.24,91189581
2015-10-22,1014.97,1029.13,1001.72,1019.78,68031386
2015-10-23,1027.82,1040.56,1013.02,1033.03,165249700
2015-10-24,1023.14,1031.56,1022.82,1029.24,134198898
2015-10-25,1025.44,1067.22,1019.77,1055.09,130831251
2015-10-26,1053.94,1085.67,1038.34,1063.69,155780840
2015-10-27,1046.59,1068.91,1043.34,1062.16,133879977
2015-10-28,1052.22,1059.57,1014.56,1054.93,157254669
2015-10-29,1068.41,1101.9,1036.18,1061.42,105377427
2015-10-30,1037.48,1054.14,1030.82,1037.34,107668149
2015-10-31,1025.51,1031.41,1001.2,1021.95,64492444
2015-11-01,1034.39,1064.66,951.14,1024.16,79971711
2015-11-02,1057.23,1071.92,1039.28,1063.28,85634547
2015-11-03,1085.09,1118.93,1065.96,1102.73,101604315
2015-11-04,1090.4,1100.21,1077.24,1090.66,157330851
2015-11-05,1117.28,1126.89,1109.55,1124.59,66414006
2015-11-06,1105.22,1113.68,1077.16,1091.93,101014455
2015-11-07,1124.99,1136.29,1097.18,1098.39,57586698
2015-11-08,1096.94,1111.44,1054.53,1068.27,96243296
2015-11-09,1057.03,1069.99,1055.6,1067.51,138137277
2015-11-10,1093.03,1101.95,1089.16,1098.57,96278436
2015-11-11,1076.38,1090.71,1050.42,1083.64,163704845
2015-11-12,1075.86,1086.32,1013.04,1068.07,85148146
2015-11-13,1078.01,1104.87,1075.56,1089.57,155620796
2015-11-14,1134.97,1137.02,1116.55,1119.99,127123158
2015-11-15,1137.87,1144.05,1117.12,1126.27,146644464
2015-11-16,1123.38,1139.07,1120.34,1137.88,93575884
2015-11-17,1140.95,1169.73,1135.47,1161.83,60584300
2015-11-18,1138.64,1146.91,1128.91,1144.07,116221177
2015-11-19,1098.88,1132.27,1093.7,1120.94,62802009
2015-11-20,1106.08,1138.12,1070.52,1099.58,174944481
2015-11-21,1034.1,1036.44,1026.33,1034.7,95768651
2015-11-22,1041.5,1053.5,1037.34,1037.74,71657670
2015-11-23,1037.83,1052.43,1030.76,1045.1,109191196
2015-11-24,999.69,1004.39,990.54,992.69,158273930
2015-11-25,1015.07,1020.54,969.04,998.29,72617719
2015-11-26,1002.4,1009.23,966.68,978.48,149790525
2015-11-27,976.08,978.56,973.96,974.13,85409260
2015-11-28,954.15,959.98,948.34,958.32,119064141
2015-11-29,936.95,967.74,931.36,958.95,96703599
2015-11-30,941.02,951.49,914.16,929.21,165198819
2015-12-01,933.47,974.72,932.33,935.81,118333197
2015-12-02,960.56,963.7,933.38,944.94,57255870
2015-12-03,955.64,965.29,952.78,959.16,103220286
2015-12-04,964.91,975.97,941.14,959.07,146770502
2015-12-05,967.89,983.16,949.56,969.4,122533187
2015-12-06,990.78,1004.88,969.81,982.41,162340514
2015-12-07,996.64,999.38,994.96,998.08,158159168
2015-12-08,987.14,993.12,980.08,987.84,133799653
2015-12-09,962.87,992.68,945.67,974.71,92164893
2015-12-10,966.89,988.01,945.16,975.04,139206792
2015-12-11,969.25,1039.36,881.09,996.06,92572675
2015-12-12,1058.33,1062.14,1037.56,1049.53,182899984
2015-12-13,1054.89,1082.67,1048.97,1052.39,71740625
2015-12-14,1055.7,1064.77,1055.46,1059.55,55084170
2015-12-15,1070.9,1071.73,1045.33,1063.58,142141383
2015-12-16,1076.43,1097.84,1072.86,1081.25,106009703
2015-12-17,1058.04,1063.51,1053.87,1062.96,144125084
2015-12-18,1058.88,1080.53,1052.91,1074.97,96726232
2015-12-19,1109.3,1111.98,1072.51,1079.62,66745282
2015-12-20,1092.06,1101.94,1051.68,1065.72,140711947
2015-12-21,1090.82,1108.09,1074.45,1078.25,81226152
2015-12-22,1090.79,1096.39,1076.31,1086.48,131083741
2015-12-23,1014.76,1048.24,1010.35,1046.0,203817306
2015-12-24,1018.99,1024.32,1018.14,1022.36,117485430
2015-12-25,1036.5,1038.28,1031.74,1035.72,95801883
2015-12-26,1079.69,1084.84,1022.51,1053.71,130180602
2015-12-27,1056.78,1072.62,1025.17,1052.26,102387063
2015-12-28,1050.52,1051.78,1021.76,1038.5,82870964
2015-12-29,1028.12,1043.72,1028.05,1030.06,137185155
2015-12-30,983.89,988.28,973.82,979.62,158488887
2015-12-31,955.35,992.7,951.65,971.06,124320331
2016-01-01,982.34,994.49,972.95,976.89,56689843
2016-01-02,964.16,978.4,956.48,972.49,57232486
2016-01-03,963.18,985.7,951.08,967.24,74631347
2016-01-04,998.83,1022.17,980.39,995.14,144585214
2016-01-05,991.43,997.94,985.03,988.8,142593100
2016-01-06,993.28,1009.95,984.03,1008.27,175464480
2016-01-07,993.01,993.91,992.98,993.7,138988457
2016-01-08,977.69,978.31,975.26,978.21,155400647
2016-01-09,925.51,965.96,924.51,941.42,95044396
2016-01-10,897.48,943.63,880.39,921.06,164367311
2016-01-11,947.6,951.8,940.45,945.11,165997094
2016-01-12,948.29,950.17,919.77,949.24,146589745
2016-01-13,898.43,935.23,886.68,920.85,177373369
2016-01-14,931.78,983.29,920.74,933.26,166225183
2016-01-15,1026.13,1027.85,954.72,975.37,191064421
2016-01-16,986.5,995.8,960.37,966.6,136303513
2016-01-17,955.96,983.59,946.03,975.93,98678016
2016-01-18,935.04,943.23,914.84,942.27,103380591
2016-01-19,933.69,959.81,928.54,940.31,133906477
2016-01-20,918.16,972.73,898.59,939.31,62702474
2016-01-21,941.41,964.04,940.68,950.75,126719689
2016-01-22,964.75,967.39,960.36,961.11,94214947
2016-01-23,977.87,1014.13,976.01,994.22,188336734
2016-01-24,987.04,994.32,980.79,985.71,162115787
2016-01-25,1006.08,1012.96,995.67,1005.99,93162899
2016-01-26,1002.01,1017.47,998.27,998.29,89624808
2016-01-27,998.74,1001.22,985.52,991.24,137641973
2016-01-28,957.32,977.89,955.08,969.57,85261390
2016-01-29,966.25,977.03,953.87,957.87,101768005
2016-01-30,965.17,990.6,949.43,975.62,112257380
2016-01-31,972.78,973.52,966.32,971.43,91255880
2016-02-01,984.7,1003.36,972.89,979.96,74198506
2016-02-02,983.23,1010.2,956.11,973.73,87360125
2016-02-03,1011.96,1018.29,983.02,1009.16,186396002
2016-02-04,977.07,998.02,971.91,995.83,108338287
2016-02-05,1074.34,1080.93,1064.78,1071.48,144028088
2016-02-06,1051.09,1068.0,1018.79,1045.53,145347276
2016-02-07,1064.06,1076.96,1052.45,1060.26,152779475
2016-02-08,1063.97,1097.53,1023.87,1066.54,97344733
2016-02-09,1104.18,1110.5,1099.54,1101.3,88960778
2016-02-10,1157.7,1165.93,1128.65,1160.35,141164604
2016-02-11,1201.62,1206.7,1187.97,1198.26,76955743
2016-02-12,1159.92,1209.77,1145.38,1174.45,114726472
2016-02-13,1198.33,1198.95,1188.78,1194.23,134251415
2016-02-14,1156.14,1162.01,1144.72,1153.35,91106375
2016-02-15,1195.56,1196.86,1193.26,1193.67,118771513
2016-02-16,1261.02,1261.8,1239.24,1239.94,110854073
2016-02-17,1259.75,1272.38,1247.1,1262.71,74135242
2016-02-18,1330.86,1333.78,1253.63,1269.46,135020747
2016-02-19,1273.05,1278.44,1223.19,1251.95,142821283
2016-02-20,1271.4,1317.84,1247.91,1300.89,182106421
2016-02-21,1296.03,1328.24,1295.93,1316.49,155412114
2016-02-22,1343.47,1347.62,1303.16,1326.84,75130263
2016-02-23,1311.11,1358.93,1235.86,1281.59,91420388
2016-02-24,1275.22,1290.48,1265.02,1285.93,153495567
2016-02-25,1303.83,1305.56,1279.14,1284.44,123955363
2016-02-26,1304.54,1317.28,1282.83,1293.43,144992342
2016-02-27,1374.59,1376.97,1371.22,1373.64,224193475
2016-02-28,1325.96,1358.13,1320.47,1354.32,127548097
2016-02-29,1248.14,1367.28,1239.97,1360.85,139147077
2016-03-01,1301.69,1381.51,1281.93,1358.98,92892511
2016-03-02,1338.44,1373.16,1338.1,1340.89,114597287
2016-03-03,1371.88,1391.11,1336.86,1365.55,135258735
2016-03-04,1294.44,1366.06,1286.17,1314.81,142289649
2016-03-05,1348.75,1379.62,1311.98,1363.25,146244872
2016-03-06,1325.96,1340.93,1323.97,1337.0,162572842
2016-03-07,1332.43,1335.86,1305.68,1314.56,82928826
2016-03-08,1321.91,1395.12,1312.86,1334.15,62143746
2016-03-09,1406.98,1407.59,1391.39,1395.95,76146718
2016-03-10,1346.16,1455.11,1345.35,1413.42,138742148
2016-03-11,1395.38,1459.11,1359.83,1398.73,78629574
2016-03-12,1337.92,1367.29,1328.18,1351.63,184517084
2016-03-13,1373.64,1392.3,1373.59,1382.91,80354724
2016-03-14,1412.27,1420.46,1391.16,1397.39,149357668
2016-03-15,1403.7,1427.35,1382.8,1398.76,100505499
2016-03-16,1437.49,1440.12,1425.5,1429.43,106971452
2016-03-17,1407.52,1456.33,1396.46,1418.95,149433427
2016-03-18,1362.05,1382.31,1356.89,1378.37,149101350
2016-03-19,1409.47,1428.14,1341.67,1363.88,156270763
2016-03-20,1334.91,1380.58,1328.86,1378.41,112870505
2016-03-21,1365.95,1383.43,1349.65,1356.73,142888714
2016-03-22,1343.23,1365.74,1336.87,1363.05,118156347
2016-03-23,1347.59,1368.89,1342.09,1364.98,140602738
2016-03-24,1324.56,1354.56,1294.86,1319.06,80992105
2016-03-25,1344.3,1352.1,1294.2,1342.19,126403217
2016-03-26,1423.34,1457.24,1387.37,1393.68,182753698
2016-03-27,1384.97,1389.28,1345.64,1375.89,125685187
2016-03-28,1351.33,1361.97,1299.47,1328.17,93825758
2016-03-29,1360.8,1376.93,1319.46,1362.28,63264597
2016-03-30,1398.56,1430.07,1388.28,1410.5,117873748
2016-03-31,1483.67,1496.39,1425.68,1468.23,114834039
2016-04-01,1467.43,1509.53,1437.34,1464.5,105505311
2016-04-02,1507.98,1508.07,1491.54,1503.84,126824701
2016-04-03,1492.7,1498.22,1452.4,1479.8,101107252
2016-04-04,1490.49,1505.03,1478.13,1487.87,89519396
2016-04-05,1535.76,1605.22,1524.31,1544.1,170951447
2016-04-06,1524.77,1550.56,1513.31,1548.59,85930977
2016-04-07,1583.75,1605.48,1556.05,1558.36,84695754
2016-04-08,1562.19,1568.0,1539.02,1559.72,121924643
2016-04-09,1537.35,1539.2,1536.88,1537.92,93194018
2016-04-10,1560.37,1567.17,1515.14,1524.34,87124190
2016-04-11,1523.17,1561.09,1496.47,1541.77,112279451
2016-04-12,1533.09,1540.43,1476.4,1499.95,171664231
2016-04-13,1474.03,1497.79,1458.17,1487.7,121183131
2016-04-14,1492.37,1510.89,1485.21,1495.76,107348691
2016-04-15,1508.64,1521.11,1505.5,1514.29,88247451
2016-04-16,1503.38,1541.59,1502.81,1518.75,67690458
2016-04-17,1569.41,1570.95,1546.09,1546.37,168336065
2016-04-18,1541.43,1544.88,1527.23,1544.31,147563273
2016-04-19,1535.76,1584.2,1513.65,1553.71,86110537
2016-04-20,1458.16,1474.17,1457.02,1468.02,119416328
2016-04-21,1478.94,1480.88,1468.96,1478.97,128031423
2016-04-22,1511.16,1530.21,1426.6,1474.73,110781292
2016-04-23,1438.23,1445.45,1424.19,1434.36,156132972
2016-04-24,1472.24,1501.6,1444.65,1447.13,104431810
2016-04-25,1402.36,1453.27,1400.95,1411.66,79992883
2016-04-26,1392.72,1396.58,1382.91,1387.72,68888242
2016-04-27,1375.61,1380.24,1368.63,1371.51,98247400
2016-04-28,1322.32,1375.06,1312.0,1372.23,103918672
2016-04-29,1417.11,1466.69,1415.86,1433.38,85612351
2016-04-30,1428.37,1468.26,1416.28,1446.27,82169056
2016-05-01,1437.14,1454.85,1436.85,1450.2,85488085
2016-05-02,1445.68,1459.77,1414.43,1443.11,117725429
2016-05-03,1589.36,1618.74,1472.71,1523.69,226231943
2016-05-04,1548.99,1584.36,1541.15,1557.81,81787871
2016-05-05,1513.36,1557.75,1484.77,1537.46,57216181
2016-05-06,1568.85,1587.94,1548.3,1558.57,88804422
2016-05-07,1500.42,1509.68,1490.69,1503.43,104546433
2016-05-08,1557.48,1560.79,1522.64,1526.08,85809532
2016-05-09,1549.61,1576.69,1548.2,1557.01,158565357
2016-05-10,1561.92,1605.86,1559.62,1568.0,58554837
2016-05-11,1522.82,1531.41,1514.74,1524.85,143206930
2016-05-12,1510.84,1519.74,1505.53,1519.18,69594475
2016-05-13,1508.28,1527.13,1469.51,1492.73,123351105
2016-05-14,1511.62,1527.59,1506.18,1512.89,103117869
2016-05-15,1493.97,1520.84,1492.37,1508.36,53479019
2016-05-16,1543.24,1554.48,1519.95,1545.64,177102331
2016-05-17,1599.19,1642.89,1561.49,1593.56,69432088
2016-05-18,1580.52,1623.3,1559.31,1591.38,105190718
2016-05-19,1658.38,1660.51,1648.29,1649.72,90854300
2016-05-20,1659.5,1702.57,1659.44,1679.9,140037757
2016-05-21,1672.48,1677.96,1607.46,1652.77,68843452
2016-05-22,1688.98,1709.67,1677.61,1699.11,97896381
2016-05-23,1729.81,1732.9,1705.36,1711.46,143487903
2016-05-24,1667.5,1671.07,1635.97,1646.47,91533038
2016-05-25,1474.64,1601.57,1472.38,1586.0,161898123
2016-05-26,1563.94,1587.73,1530.57,1551.34,140216237
2016-05-27,1531.17,1556.28,1528.36,1547.79,125911238
2016-05-28,1514.47,1556.47,1501.16,1539.85,89264641
2016-05-29,1547.51,1581.31,1528.53,1540.15,95883298
2016-05-30,1555.5,1591.35,1552.69,1587.52,82467131
2016-05-31,1595.2,1641.44,1557.25,1594.83,156103591
2016-06-01,1564.16,1604.01,1564.06,1581.17,99826393
2016-06-02,1532.52,1555.57,1499.47,1546.98,95595513
2016-06-03,1521.83,1559.36,1513.71,1529.53,57125716
2016-06-04,1534.58,1548.16,1528.82,1538.26,149879627
2016-06-05,1561.73,1563.72,1528.68,1535.67,67685265
2016-06-06,1570.1,1571.89,1520.87,1551.56,144280827
2016-06-07,1534.47,1537.59,1511.96,1523.34,119050317
2016-06-08,1463.77,1466.78,1439.28,1454.67,139257337
2016-06-09,1390.26,1459.26,1381.73,1416.56,91469687
2016-06-10,1466.55,1477.86,1416.22,1465.9,159343306
2016-06-11,1491.05,1516.03,1469.69,1483.53,152313403
2016-06-12,1445.64,1455.48,1425.05,1453.7,149844500
2016-06-13,1467.39,1469.2,1429.94,1462.74,76501107
2016-06-14,1479.27,1488.53,1450.87,1456.59,82438339
2016-06-15,1497.26,1513.61,1433.98,1472.9,101369929
2016-06-16,1511.38,1512.96,1493.01,1503.56,177997578
2016-06-17,1528.64,1532.35,1507.53,1523.25,116007078
2016-06-18,1487.58,1528.53,1468.55,1500.09,65463893
2016-06-19,1500.08,1508.77,1490.9,1504.88,152425704
2016-06-20,1496.9,1500.29,1455.46,1491.09,121577079
2016-06-21,1470.85,1516.58,1456.86,1481.08,92003885
2016-06-22,1449.67,1527.81,1448.6,1470.21,101328377
2016-06-23,1484.56,1487.07,1476.09,1484.84,123251277
2016-06-24,1493.1,1528.93,1448.58,1511.85,92287388
2016-06-25,1527.97,1545.73,1483.47,1510.16,68731453
2016-06-26,1499.44,1519.62,1494.69,1495.55,113246599
2016-06-27,1483.6,1484.54,1471.58,1479.48,142785412
2016-06-28,1523.49,1542.87,1463.75,1486.44,147732828
2016-06-29,1569.15,1574.22,1484.25,1554.63,172300593
2016-06-30,1571.44,1622.19,1542.42,1567.48,105395377
2016-07-01,1545.37,1581.32,1533.37,1536.51,158287085
2016-07-02,1559.49,1601.98,1546.08,1562.23,70819979
2016-07-03,1577.24,1598.45,1549.23,1583.18,72715307
2016-07-04,1571.71,1576.57,1562.6,1568.09,71120286
2016-07-05,1544.11,1568.51,1523.53,1531.8,117022410
2016-07-06,1588.99,1627.07,1573.58,1597.89,144443635
2016-07-07,1617.55,1627.23,1599.35,1619.97,112747265
2016-07-08,1633.43,1637.14,1574.4,1624.02,86718679
2016-07-09,1596.61,1635.06,1580.69,1620.4,129972701
2016-07-10,1667.89,1687.69,1591.2,1648.51,94110075
2016-07-11,1632.98,1635.02,1617.16,1628.68,113712422
2016-07-12,1755.58,1775.43,1668.08,1700.35,188675154
2016-07-13,1773.98,1779.08,1667.89,1734.87,95331993
2016-07-14,1645.06,1678.66,1644.55,1673.08,180610049
2016-07-15,1655.45,1721.4,1651.0,1698.2,130140189
2016-07-16,1690.97,1697.02,1638.98,1658.98,141499080
2016-07-17,1660.17,1685.21,1633.57,1676.98,70821767
2016-07-18,1686.58,1708.43,1632.92,1665.43,62184339
2016-07-19,1726.69,1749.33,1707.57,1711.36,113488353
2016-07-20,1676.92,1685.56,1661.52,1681.91,168818218
2016-07-21,1685.57,1715.36,1665.46,1697.62,61282007
2016-07-22,1705.44,1723.3,1673.4,1697.76,108728002
2016-07-23,1706.4,1706.84,1654.49,1692.81,68161925
2016-07-24,1727.45,1728.67,1713.77,1720.16,148150221
2016-07-25,1708.63,1720.32,1684.92,1693.93,115217727
2016-07-26,1808.17,1814.07,1781.77,1797.38,235709912
2016-07-27,1827.43,1845.63,1823.49,1841.51,184020217
2016-07-28,1910.27,1921.79,1862.82,1883.39,66766583
2016-07-29,1833.74,1876.83,1829.33,1834.35,64855575
2016-07-30,1870.36,1968.95,1843.03,1904.05,97504777
2016-07-31,1926.08,1987.94,1921.28,1937.87,168745549
2016-08-01,1951.04,1981.64,1948.9,1968.1,66405701
2016-08-02,2007.53,2076.45,1976.97,2023.46,162154608
2016-08-03,2020.63,2053.98,2009.18,2029.09,153961418
2016-08-04,2045.57,2054.06,2012.18,2041.91,97021035
2016-08-05,2105.29,2173.18,2090.39,2130.16,78989794
2016-08-06,2166.46,2187.51,2125.17,2165.5,117123174
2016-08-07,2075.99,2213.62,2002.57,2110.38,126427801
2016-08-08,2194.61,2213.97,2157.06,2174.69,184391984
2016-08-09,2228.18,2238.17,2204.08,2211.46,92387644
2016-08-10,2318.53,2319.98,2182.23,2227.96,76685752
2016-08-11,2237.26,2295.64,2216.71,2272.73,78938592
2016-08-12,2302.31,2357.72,2287.11,2304.05,107632444
2016-08-13,2302.26,2341.35,2275.46,2287.3,105741053
2016-08-14,2256.47,2260.44,2200.58,2243.64,117510693
2016-08-15,2224.58,2233.47,2209.14,2226.53,94288726
2016-08-16,2215.03,2259.42,2204.43,2243.78,92055903
2016-08-17,2172.65,2371.95,2142.23,2223.8,101227414
2016-08-18,2102.11,2104.27,2077.09,2096.56,182309206
2016-08-19,2176.74,2197.46,2124.06,2164.19,195068664
2016-08-20,2195.06,2201.12,2125.85,2132.78,101117100
2016-08-21,2087.21,2184.52,2083.48,2096.75,96988291
2016-08-22,2100.73,2115.66,2061.04,2094.52,95638569
2016-08-23,2116.04,2157.37,2077.69,2115.42,113488801
2016-08-24,2090.08,2094.34,2017.74,2044.37,94144557
2016-08-25,2134.51,2150.34,2105.69,2109.84,114578950
2016-08-26,2238.51,2248.93,2199.63,2214.74,170543726
2016-08-27,2132.21,2238.12,2128.71,2227.98,137067107
2016-08-28,2190.8,2264.32,2174.24,2252.98,161242591
2016-08-29,2264.57,2363.13,2224.21,2304.59,81279416
2016-08-30,2364.18,2385.39,2314.47,2324.76,61297753
2016-08-31,2349.96,2421.39,2308.3,2347.47,158919135
2016-09-01,2305.36,2308.06,2302.44,2304.68,135525467
2016-09-02,2304.88,2366.96,2283.67,2324.65,121515203
2016-09-03,2364.01,2366.72,2314.39,2328.35,60458884
2016-09-04,2286.89,2293.62,2264.75,2282.02,174509569
2016-09-05,2303.6,2341.54,2283.13,2337.15,147072219
2016-09-06,2331.82,2465.78,2294.89,2419.13,136059627
2016-09-07,2453.85,2459.32,2425.99,2451.17,137002762
2016-09-08,2449.25,2500.18,2418.73,2428.4,70850085
2016-09-09,2481.37,2526.17,2373.88,2418.68,105611795
2016-09-10,2426.58,2472.89,2346.57,2442.62,141738280
2016-09-11,2405.9,2454.4,2405.52,2407.77,122111162
2016-09-12,2405.49,2424.0,2389.53,2420.87,82404549
2016-09-13,2433.21,2518.06,2345.19,2404.0,97010183
2016-09-14,2402.19,2428.37,2398.36,2399.05,56489920
2016-09-15,2385.38,2396.25,2379.94,2391.69,121101477
2016-09-16,2437.01,2446.44,2421.41,2442.31,138833497
2016-09-17,2489.78,2506.7,2438.74,2485.56,73666249
2016-09-18,2673.54,2701.18,2538.13,2599.87,161828412
2016-09-19,2583.12,2626.1,2501.57,2609.68,95920507
2016-09-20,2443.05,2521.03,2404.2,2502.69,74596253
2016-09-21,2582.7,2629.57,2567.12,2627.13,90265468
2016-09-22,2551.39,2617.69,2547.33,2553.8,108472099
2016-09-23,2662.87,2692.89,2595.34,2658.81,106319376
2016-09-24,2645.61,2742.2,2631.42,2722.01,167589182
2016-09-25,2761.91,2768.57,2758.44,2761.43,151932148
2016-09-26,2787.91,2846.73,2698.07,2790.4,114867538
2016-09-27,2929.22,2937.68,2753.9,2871.62,174383603
2016-09-28,2840.34,2866.82,2818.47,2843.82,57130661
2016-09-29,2718.89,2879.42,2710.84,2817.71,126403857
2016-09-30,2850.63,2870.9,2786.91,2862.0,170004212
2016-10-01,2796.87,2854.49,2760.75,2772.24,154278870
2016-10-02,2817.99,2820.83,2742.95,2801.88,161073038
2016-10-03,2778.66,2820.32,2774.43,2793.46,68421591
2016-10-04,2888.5,2896.97,2888.07,2888.66,100522375
2016-10-05,2878.93,3001.63,2846.94,2882.56,114681436
2016-10-06,2808.65,2851.3,2787.71,2851.19,119876697
2016-10-07,2836.73,2851.46,2829.66,2834.83,77679293
2016-10-08,2835.94,2859.66,2828.27,2846.63,115738027
2016-10-09,2944.89,2945.0,2898.65,2926.1,183098946
2016-10-10,2980.54,3035.4,2915.67,2975.46,161857353
2016-10-11,3052.1,3060.3,3043.95,3057.92,123470202
2016-10-12,3157.03,3182.07,3120.11,3177.72,113321065
2016-10-13,3155.52,3170.11,3145.42,3162.27,87393839
2016-10-14,3194.67,3216.46,3076.36,3184.46,100888507
2016-10-15,3275.65,3277.57,3241.12,3255.3,146292041
2016-10-16,3251.94,3299.82,3237.75,3298.11,65419012
2016-10-17,3261.1,3271.75,3192.01,3220.08,184596121
2016-10-18,3228.56,3248.24,3197.93,3224.35,128194413
2016-10-19,3293.34,3297.89,3045.43,3141.0,155511454
2016-10-20,3141.52,3169.29,3090.58,3157.18,129580459
2016-10-21,3191.19,3215.45,3178.81,3198.32,130733932
2016-10-22,3271.46,3309.05,3257.19,3304.53,197440611
2016-10-23,3252.57,3280.23,3236.07,3238.32,62951529
2016-10-24,3221.23,3244.69,3188.35,3224.7,126718494
2016-10-25,3289.84,3335.8,3195.05,3222.44,88028823
2016-10-26,3259.09,3288.68,3236.44,3238.25,60084773
2016-10-27,3132.52,3209.11,3058.76,3207.02,70103842
2016-10-28,3148.75,3164.3,3124.24,3126.54,103811509
2016-10-29,3180.68,3191.98,3168.73,3183.45,59670968
2016-10-30,3277.83,3290.14,3166.46,3248.76,132471984
2016-10-31,3252.89,3301.22,3249.05,3266.81,138188065
2016-11-01,3177.85,3225.49,3164.92,3222.28,155142480
2016-11-02,3107.35,3144.38,3105.08,3136.12,120728510
2016-11-03,3089.79,3106.1,3071.66,3104.97,164421634
2016-11-04,3209.16,3254.69,3114.47,3182.05,66733915
2016-11-05,3100.16,3305.21,3089.65,3221.7,119012686
2016-11-06,3227.45,3294.22,3096.09,3207.47,115506993
2016-11-07,3248.16,3254.56,3239.98,3252.54,130071812
2016-11-08,3314.99,3438.85,3273.3,3283.27,73947128
2016-11-09,3248.9,3310.47,3093.09,3287.19,68863484
2016-11-10,3393.09,3399.93,3367.35,3377.88,76222533
2016-11-11,3130.73,3322.59,3100.26,3230.46,144115283
2016-11-12,3215.07,3218.12,3109.77,3175.33,135353062
2016-11-13,3115.35,3206.49,3021.85,3132.27,109780834
2016-11-14,3246.09,3402.26,3167.41,3328.45,153876871
2016-11-15,3326.82,3426.46,3318.55,3410.29,135180281
2016-11-16,3403.29,3418.25,3317.38,3409.66,62602133
2016-11-17,3499.73,3519.2,3418.99,3423.41,96422565
2016-11-18,3414.81,3478.13,3399.18,3425.6,88862973
2016-11-19,3489.38,3564.26,3487.9,3518.42,160347220
2016-11-20,3583.17,3585.27,3422.01,3478.47,148577233
2016-11-21,3554.69,3627.44,3486.39,3616.67,171925429
2016-11-22,3626.38,3724.56,3604.31,3656.34,99537557
2016-11-23,3548.86,3586.03,3546.68,3561.39,70658723
2016-11-24,3738.6,3773.26,3582.25,3627.17,126210981
2016-11-25,3798.85,3804.47,3706.43,3721.75,123379409
2016-11-26,3689.21,3691.01,3479.79,3545.75,215203516
2016-11-27,3648.4,3663.64,3616.92,3633.99,94272910
2016-11-28,3572.35,3618.08,3561.23,3598.99,99537199
2016-11-29,3551.85,3649.07,3541.49,3594.08,85853725
2016-11-30,3592.41,3700.2,3564.63,3634.25,128719802
2016-12-01,3860.57,3909.27,3677.39,3789.22,182605481
2016-12-02,3788.78,3795.91,3783.6,3786.86,149369386
2016-12-03,3678.75,3782.27,3639.12,3659.57,197970076
2016-12-04,3577.82,3603.0,3566.63,3592.44,73914807
2016-12-05,3537.84,3563.22,3519.21,3529.47,93362047
2016-12-06,3548.16,3571.73,3522.83,3532.45,100367061
2016-12-07,3220.23,3276.58,3189.39,3275.24,229537141
2016-12-08,3360.91,3371.08,3268.4,3292.88,147511228
2016-12-09,3316.93,3317.27,3315.53,3315.79,62122095
2016-12-10,3546.31,3554.92,3358.24,3383.09,152401621
2016-12-11,3254.34,3294.31,3134.41,3232.55,188722262
2016-12-12,3221.3,3323.54,3216.88,3232.27,137285700
2016-12-13,3247.97,3280.26,3237.44,3268.04,120013260
2016-12-14,3305.28,3334.08,3294.73,3310.6,144241712
2016-12-15,3187.37,3262.4,3162.86,3238.8,95534043
2016-12-16,3279.42,3311.62,3254.95,3261.3,67407336
2016-12-17,3266.21,3343.16,3178.95,3265.35,131438791
2016-12-18,3206.38,3228.89,3164.93,3187.02,124889182
2016-12-19,3243.11,3275.75,3156.46,3162.85,78971030
2016-12-20,3203.64,3287.45,3126.57,3172.01,96481253
2016-12-21,3166.48,3239.37,3146.38,3231.46,120281744
2016-12-22,3277.15,3366.27,3226.13,3325.78,189021687
2016-12-23,3346.25,3399.98,3315.22,3375.11,159153006
2016-12-24,3527.16,3557.88,3443.38,3463.42,167761916
2016-12-25,3461.78,3493.11,3397.44,3449.75,67377092
2016-12-26,3473.93,3481.38,3408.94,3430.67,83811899
2016-12-27,3382.3,3430.99,3259.47,3368.78,74045473
2016-12-28,3348.32,3441.82,3343.13,3356.56,146917649
2016-12-29,3238.51,3241.04,3176.42,3198.04,155798723
2016-12-30,3104.9,3137.39,2984.62,3137.11,66437107
2016-12-31,3182.69,3255.56,3102.53,3177.82,73960062
2017-01-01,3172.1,3195.61,3101.79,3183.96,86873937
2017-01-02,3234.34,3273.06,3024.08,3115.75,110074484
2017-01-03,3022.79,3093.21,2996.19,3080.56,69263481
2017-01-04,3066.39,3076.74,3007.61,3023.0,130225650
2017-01-05,2945.08,3005.29,2892.94,2928.13,162730707
2017-01-06,3090.31,3112.25,3021.5,3046.51,96941849
2017-01-07,3029.71,3162.38,2995.5,3072.14,99110592
2017-01-08,3105.73,3128.9,3073.15,3094.56,58146993
2017-01-09,3093.3,3095.8,3069.13,3071.96,131863940
2017-01-10,3060.74,3070.58,3050.02,3056.39,125298161
2017-01-11,3186.91,3241.87,3154.78,3184.48,131710924
2017-01-12,3292.47,3326.3,3189.08,3247.72,173401580
2017-01-13,3182.57,3237.98,3175.55,3202.2,59346008
2017-01-14,3263.9,3304.39,3224.73,3242.44,61348022
2017-01-15,3220.59,3233.12,3137.85,3232.85,128905223
2017-01-16,3058.41,3113.32,3032.5,3049.08,152727410
2017-01-17,2958.52,2968.61,2822.08,2905.22,109184154
2017-01-18,2975.76,3021.38,2910.94,2967.44,145161814
2017-01-19,2929.66,2932.26,2858.44,2903.39,88001527
2017-01-20,2928.53,2949.5,2833.47,2883.97,74310241
2017-01-21,2837.36,2909.6,2746.64,2837.36,94117809
2017-01-22,2741.87,2797.51,2667.16,2772.02,181212686
2017-01-23,2895.17,2922.68,2834.92,2875.23,93857262
2017-01-24,3112.71,3129.2,3075.53,3078.85,223983313
2017-01-25,3131.44,3156.59,3051.75,3083.21,137212479
2017-01-26,3167.67,3320.92,3152.08,3252.23,190024070
2017-01-27,3195.37,3292.58,3187.02,3223.3,82419376
2017-01-28,3100.66,3284.76,3078.58,3225.7,90329878
2017-01-29,3234.73,3402.05,3174.55,3311.25,172281876
2017-01-30,3381.12,3407.51,3380.88,3385.19,96427011
2017-01-31,3384.41,3462.04,3381.41,3444.7,135953120
2017-02-01,3447.05,3569.7,3352.09,3534.98,173239737
2017-02-02,3590.83,3603.89,3463.1,3576.69,156729754
2017-02-03,3473.48,3511.68,3387.29,3457.85,185818519
2017-02-04,3464.85,3521.78,3442.99,3476.81,66265518
2017-02-05,3346.45,3412.67,3313.16,3352.88,86950400
2017-02-06,3406.14,3427.41,3374.89,3384.4,90618972
2017-02-07,3389.77,3397.39,3307.39,3364.08,55766715
2017-02-08,3370.74,3433.51,3367.02,3415.83,109033143
2017-02-09,3444.21,3446.07,3405.5,3427.14,143452255
2017-02-10,3542.64,3636.71,3206.87,3388.4,133742647
2017-02-11,3336.62,3393.03,3222.34,3314.56,149871026
2017-02-12,3458.45,3517.4,3434.62,3464.97,159926507
2017-02-13,3505.05,3505.99,3468.69,3493.16,158294722
2017-02-14,3547.29,3687.83,3480.59,3578.28,64583789
2017-02-15,3566.96,3578.21,3562.52,3571.89,98462631
2017-02-16,3599.47,3662.75,3562.2,3593.28,131911781
2017-02-17,3867.53,3876.78,3573.35,3759.59,104684286
2017-02-18,3987.21,4013.73,3800.59,3825.33,79679791
2017-02-19,3831.67,4020.32,3786.09,3948.12,139051946
2017-02-20,3996.2,4020.04,3991.84,4005.56,58055198
2017-02-21,4000.17,4008.32,3838.88,3949.16,68085197
2017-02-22,3922.94,3927.37,3897.08,3915.13,55206751
2017-02-23,3871.41,3983.87,3795.58,3891.05,86132272
2017-02-24,3927.74,4064.93,3796.69,3883.36,56635867
2017-02-25,3994.54,4027.58,3952.6,3971.06,97658868
2017-02-26,3916.66,4069.81,3828.24,3968.64,125041621
2017-02-27,3897.92,3973.33,3861.56,3910.5,162475634
2017-02-28,3831.43,3928.72,3810.91,3888.8,95392550
2017-03-01,4038.4,4055.99,4021.12,4055.07,151011469
2017-03-02,4135.11,4215.16,4127.46,4138.79,159551149
2017-03-03,4205.1,4297.12,4139.47,4241.68,164940938
2017-03-04,4248.82,4404.5,4225.91,4313.17,62061195
2017-03-05,4459.77,4490.33,4380.74,4482.38,70332339
2017-03-06,4347.06,4476.48,4298.51,4352.09,157707748
2017-03-07,4324.26,4375.14,4217.21,4317.69,56550697
2017-03-08,4250.9,4291.07,4179.12,4272.43,80455967
2017-03-09,4123.06,4123.6,4019.74,4047.09,108384703
2017-03-10,3943.27,4083.22,3874.02,4028.2,124737280
2017-03-11,3950.66,4009.66,3913.44,3917.57,76962235
2017-03-12,3920.26,4041.96,3882.11,3933.41,81852147
2017-03-13,3773.53,3843.6,3667.51,3802.52,181049108
2017-03-14,3840.34,3861.13,3789.97,3832.55,149507591
2017-03-15,3906.77,3963.85,3823.82,3915.88,112419951
2017-03-16,3781.45,4061.28,3772.21,3939.17,121257490
2017-03-17,3888.85,3937.4,3856.33,3867.69,150911773
2017-03-18,3729.43,3908.81,3721.33,3742.49,134445823
2017-03-19,3567.0,3597.67,3553.54,3594.87,109944678
2017-03-20,3600.37,3621.92,3587.96,3599.51,70898007
2017-03-21,3672.48,3860.26,3630.64,3694.8,187854530
2017-03-22,3800.33,3806.48,3758.43,3760.64,141017700
2017-03-23,3616.8,3620.21,3517.24,3599.69,94712255
2017-03-24,3618.16,3655.03,3541.2,3587.61,85619446
2017-03-25,3640.25,3713.47,3577.45,3615.85,68794603
2017-03-26,3745.25,3790.42,3606.35,3720.99,144124846
2017-03-27,3754.26,3767.08,3747.84,3755.55,115283086
2017-03-28,3792.54,3891.98,3648.78,3821.89,160566407
2017-03-29,3934.03,3978.27,3850.85,3853.15,90663637
2017-03-30,3957.28,3978.93,3932.97,3969.55,168010650
2017-03-31,3975.71,4048.74,3776.8,3976.14,148045694
2017-04-01,3940.78,4048.46,3921.66,3959.45,92615323
2017-04-02,3993.33,4082.0,3976.99,4050.98,157945575
2017-04-03,4061.35,4079.06,3820.82,4035.95,88613120
2017-04-04,4081.74,4248.08,4020.26,4054.17,73121078
2017-04-05,4110.67,4216.18,4074.17,4168.49,154020038
2017-04-06,4145.31,4197.02,4122.76,4195.0,147882973
2017-04-07,4241.36,4251.82,4218.19,4242.22,117441914
2017-04-08,4299.16,4330.95,4131.61,4248.97,64149106
2017-04-09,4106.52,4148.76,4070.95,4132.98,64200976
2017-04-10,4076.0,4175.4,4016.25,4125.63,105049326
2017-04-11,4158.34,4270.26,4080.48,4185.08,116766057
2017-04-12,4100.19,4228.57,4040.89,4147.97,58291393
2017-04-13,4167.19,4184.3,3933.09,4135.43,117186850
2017-04-14,4129.35,4138.25,4110.63,4123.08,122268594
2017-04-15,3995.63,4183.12,3980.52,4093.85,151857619
2017-04-16,3919.62,3951.66,3894.98,3951.4,142882207
2017-04-17,3860.29,3925.76,3844.83,3863.96,154088521
2017-04-18,3775.62,4001.92,3708.54,3860.53,99306516
2017-04-19,3931.48,3944.66,3910.14,3919.87,91234960
2017-04-20,3885.06,3939.45,3829.35,3872.99,143640214
2017-04-21,3861.6,3926.87,3835.41,3887.07,85404598
2017-04-22,3938.02,4020.08,3906.31,3986.25,185063351
2017-04-23,4009.42,4075.07,3948.06,4022.21,72460711
2017-04-24,4018.3,4026.1,3926.22,4002.89,143456826
2017-04-25,3937.04,4122.58,3912.85,3950.9,128104593
2017-04-26,3919.85,4074.6,3915.84,3933.68,66857798
2017-04-27,3922.04,3932.99,3868.81,3874.41,138172406
2017-04-28,3807.43,3835.06,3806.02,3808.64,79572289
2017-04-29,3832.65,3896.9,3812.09,3846.79,63462621
2017-04-30,3877.98,3887.65,3842.58,3853.97,80930748
2017-05-01,3713.56,3881.89,3663.95,3783.82,99344871
2017-05-02,3765.85,3780.1,3713.67,3778.53,120751214
2017-05-03,3658.54,3717.1,3494.48,3685.34,163428975
2017-05-04,3575.84,3924.15,3526.74,3661.16,82857979
2017-05-05,3688.61,3760.1,3652.97,3678.34,81727750
2017-05-06,3654.95,3664.36,3605.54,3612.45,145945447
2017-05-07,3573.7,3582.32,3565.28,3579.85,63399324
2017-05-08,3530.25,3580.67,3486.39,3540.55,81621083
2017-05-09,3566.14,3703.72,3548.46,3656.17,82551621
2017-05-10,3657.78,3661.93,3653.69,3659.77,114141171
2017-05-11,3594.87,3724.96,3571.13,3580.25,87782056
2017-05-12,3390.67,3589.69,3378.78,3510.25,89710225
2017-05-13,3615.94,3749.1,3525.0,3607.64,67735088
2017-05-14,3564.86,3637.7,3513.27,3550.2,151939862
2017-05-15,3579.09,3761.97,3578.21,3631.59,144067560
2017-05-16,3711.05,3758.29,3581.48,3745.87,165820353
2017-05-17,3838.47,3863.83,3638.47,3689.59,114323352
2017-05-18,3832.28,3849.34,3805.37,3817.92,67259061
2017-05-19,3799.54,3876.45,3772.36,3817.72,136041499
2017-05-20,3886.0,3973.8,3749.3,3821.76,124435568
2017-05-21,3896.87,3914.07,3857.55,3868.92,105691781
2017-05-22,4026.13,4165.38,3867.21,3949.9,147494526
2017-05-23,3965.39,4047.71,3939.62,3942.11,73125868
2017-05-24,3935.55,4048.44,3921.23,3958.53,133254502
2017-05-25,3948.27,4057.17,3945.33,4029.63,77532228
2017-05-26,3975.85,4016.07,3959.71,3994.32,109609511
2017-05-27,4136.84,4213.6,4123.38,4145.15,94559359
2017-05-28,4158.44,4201.38,4143.56,4199.71,150353681
2017-05-29,4206.8,4223.66,4125.73,4157.43,134137318
2017-05-30,4122.94,4267.9,4093.99,4228.25,119141462
2017-05-31,4140.95,4170.52,4103.24,4159.69,123295058
2017-06-01,4100.43,4140.42,4020.14,4125.97,95905877
2017-06-02,4087.73,4169.21,4069.13,4079.72,104050375
2017-06-03,4018.65,4019.72,4014.96,4018.33,158728916
2017-06-04,4005.27,4050.25,3941.46,3974.07,139193187
2017-06-05,4070.24,4118.29,4053.56,4114.03,111376676
2017-06-06,4182.29,4251.92,4167.94,4192.61,105775783
2017-06-07,4021.25,4147.99,3967.4,4064.92,81039446
2017-06-08,4014.7,4093.96,3946.65,3953.49,73846959
2017-06-09,3816.98,4018.88,3760.81,3989.58,134974067
2017-06-10,4024.72,4037.99,4003.24,4030.08,68572701
2017-06-11,4032.1,4144.4,3901.88,3982.95,89896867
2017-06-12,4104.0,4108.69,4095.77,4107.69,98540123
2017-06-13,4174.85,4212.38,4121.96,4169.61,153746403
2017-06-14,4312.51,4365.42,4221.42,4308.79,156605752
2017-06-15,4255.36,4311.75,4243.41,4259.51,96265428
2017-06-16,4261.23,4331.82,4247.82,4266.04,53432926
2017-06-17,4383.45,4542.81,4343.15,4400.7,99965973
2017-06-18,4304.62,4397.97,4291.3,4363.49,70097366
2017-06-19,4520.9,4634.34,4464.48,4488.07,158098932
2017-06-20,4425.55,4430.47,4395.4,4413.72,117488101
2017-06-21,4326.2,4473.46,4314.35,4381.53,156317339
2017-06-22,4319.94,4420.56,4286.84,4402.67,90676659
2017-06-23,4580.18,4581.55,4336.71,4407.86,77632075
2017-06-24,4463.29,4506.17,4438.85,4487.84,134954595
2017-06-25,4407.27,4557.76,4346.26,4492.72,103167415
2017-06-26,4304.47,4450.8,4299.5,4433.41,62503311
2017-06-27,4475.54,4479.16,4377.98,4463.76,142184541
2017-06-28,4307.55,4366.59,4301.22,4357.51,118395358
2017-06-29,4362.21,4399.76,4263.45,4357.97,147514162
2017-06-30,4343.18,4379.82,4307.01,4346.27,101142949
2017-07-01,4328.58,4362.79,4092.76,4352.49,105123019
2017-07-02,4494.03,4513.89,4440.31,4466.41,176852628
2017-07-03,4561.07,4580.87,4544.32,4568.75,63529060
2017-07-04,4686.48,4764.67,4551.36,4609.68,135214589
2017-07-05,4471.94,4507.76,4444.88,4470.99,186645829
2017-07-06,4551.05,4738.72,4408.74,4569.71,112536587
2017-07-07,4756.37,4785.4,4541.52,4657.49,74273117
2017-07-08,4443.09,4501.46,4335.15,4437.17,195251564
2017-07-09,4539.62,4601.13,4491.51,4509.06,151137963
2017-07-10,4614.71,4628.76,4599.35,4604.11,174505608
2017-07-11,4745.89,4814.66,4557.2,4729.73,153647210
2017-07-12,4853.9,4945.0,4800.44,4826.86,121636125
2017-07-13,4633.54,4841.92,4628.85,4736.91,93281023
2017-07-14,4725.79,4757.5,4659.08,4665.6,95709086
2017-07-15,4748.38,4823.63,4726.07,4783.11,138900849
2017-07-16,4910.98,4990.31,4797.59,4890.66,133583204
2017-07-17,4638.06,4821.05,4612.26,4795.8,170674841
2017-07-18,4858.24,4865.51,4821.55,4838.89,160943436
2017-07-19,5055.37,5173.7,5029.67,5049.59,100901140
2017-07-20,5161.54,5182.0,4945.24,5167.15,147175414
2017-07-21,5342.05,5342.6,5220.13,5273.86,78357619
2017-07-22,5357.77,5478.85,5239.53,5269.33,70922882
2017-07-23,5702.58,5703.99,5453.66,5505.07,168038652
2017-07-24,5660.48,5665.02,5537.66,5562.53,158070663
2017-07-25,5736.86,5973.03,5719.78,5806.37,191869217
2017-07-26,5724.77,5804.15,5681.01,5717.87,127626870
2017-07-27,5853.14,6065.64,5837.7,5981.82,161540614
2017-07-28,5960.29,6254.75,5932.0,6010.91,84833145
2017-07-29,6150.88,6222.67,5779.6,5845.06,156264513
2017-07-30,6078.15,6123.22,5974.16,6030.71,77753929
2017-07-31,5972.13,6148.7,5961.92,6088.3,115551975
2017-08-01,5970.95,5982.7,5917.91,5925.07,142857588
2017-08-02,6099.39,6115.97,6088.63,6108.28,92130828
2017-08-03,6223.75,6377.2,6102.21,6336.33,98911885
2017-08-04,6533.6,6597.81,6371.15,6508.47,87912886
2017-08-05,6401.88,6430.85,6371.69,6407.42,156630340
2017-08-06,6412.51,6427.72,6240.65,6277.77,107701051
2017-08-07,6273.04,6379.01,6230.92,6269.43,136502962
2017-08-08,6026.06,6361.98,6002.83,6270.22,88203191
2017-08-09,6152.01,6420.57,6136.43,6247.93,136521942
2017-08-10,6484.54,6532.66,6056.01,6203.16,148675787
2017-08-11,6298.46,6365.28,6208.49,6242.63,153616289
2017-08-12,6240.1,6377.73,6023.67,6237.93,142536624
2017-08-13,6274.38,6365.66,6268.57,6319.35,70891007
2017-08-14,6423.04,6530.64,6398.23,6418.02,77919700
2017-08-15,6389.21,6391.85,6308.58,6328.47,117776835
2017-08-16,6296.48,6382.72,6285.46,6318.34,132598698
2017-08-17,6420.71,6422.07,6377.3,6388.34,135792315
2017-08-18,6322.36,6343.2,6223.89,6297.33,162097412
2017-08-19,6363.21,6369.06,6335.67,6335.71,60408588
2017-08-20,6425.51,6488.32,6381.54,6461.23,62025372
2017-08-21,6477.64,6605.15,6217.42,6474.59,85987883
2017-08-22,6610.57,6622.79,6366.57,6532.15,150839449
2017-08-23,6505.65,6527.03,6432.1,6498.92,65083444
2017-08-24,6783.2,6901.95,6587.24,6593.29,139321557
2017-08-25,6601.79,6991.21,6505.53,6602.47,147866184
2017-08-26,6664.53,6685.58,6421.15,6540.66,140215177
2017-08-27,6545.52,6554.38,6257.74,6533.99,131465466
2017-08-28,6403.58,6671.75,6323.71,6623.64,87156882
2017-08-29,6592.88,6674.05,6535.54,6620.54,81192283
2017-08-30,6429.64,6561.47,6387.56,6472.15,79166620
2017-08-31,6434.62,6638.89,6327.05,6533.53,84372609
2017-09-01,6765.77,6852.01,6332.95,6460.36,138035467
2017-09-02,6713.86,6819.41,6323.48,6452.47,53229322
2017-09-03,6782.99,6824.19,6286.64,6457.3,71535735
2017-09-04,6400.66,6580.61,6380.21,6409.38,135126381
2017-09-05,6414.18,6426.33,6294.94,6407.36,122158346
2017-09-06,6438.88,6445.9,6359.54,6439.31,52955310
2017-09-07,6327.52,6363.16,6147.02,6311.37,102211562
2017-09-08,6388.91,6480.55,6303.78,6434.57,113904878
2017-09-09,6318.79,6368.96,6217.57,6315.16,171557562
2017-09-10,6233.97,6293.26,5916.69,6201.13,119306766
2017-09-11,5921.87,6124.83,5867.59,6080.91,119210097
2017-09-12,6282.36,6333.16,6134.21,6299.83,87884378
2017-09-13,6428.58,6454.55,6374.87,6424.82,139875663
2017-09-14,6653.98,6658.27,6568.85,6617.06,133556492
2017-09-15,6755.01,6778.24,6560.24,6566.17,126028732
2017-09-16,6975.08,7016.95,6778.2,6897.27,147755536
2017-09-17,6945.84,7004.53,6852.99,6945.72,139451988
2017-09-18,6790.89,7087.58,6784.83,6938.48,139650334
2017-09-19,6849.19,6960.92,6846.72,6905.6,75182111
2017-09-20,7000.78,7430.79,6830.47,6981.09,57671222
2017-09-21,6895.72,6917.45,6748.65,6829.55,165356739
2017-09-22,6958.92,6975.76,6894.52,6907.13,88448228
2017-09-23,6758.98,6819.79,6506.04,6620.08,109922534
2017-09-24,6647.74,6665.88,6619.31,6628.54,145678153
2017-09-25,6645.39,6772.88,6627.8,6701.12,107366108
2017-09-26,6635.81,6682.54,6567.58,6676.04,108920111
2017-09-27,6700.8,6722.14,6672.6,6676.6,130456828
2017-09-28,6774.44,6902.86,6446.72,6612.98,106663786
2017-09-29,6919.69,6921.43,6573.5,6808.69,139999648
2017-09-30,6742.38,6874.7,6714.64,6850.24,53989656
2017-10-01,6769.05,6782.74,6661.76,6753.47,167718870
2017-10-02,6741.14,6815.69,6722.52,6787.94,64785864
2017-10-03,6754.49,6820.1,6738.71,6816.73,122688740
2017-10-04,6796.01,6812.59,6771.76,6777.01,109604870
2017-10-05,6657.05,6733.36,6618.9,6643.15,82737513
2017-10-06,6918.13,6981.25,6829.36,6853.56,78788943
2017-10-07,6983.81,6986.64,6937.38,6957.67,134112934
2017-10-08,6805.39,6807.28,6690.45,6742.34,140050504
2017-10-09,6669.09,6768.56,6535.3,6713.16,153100932
2017-10-10,6676.61,6705.45,6669.31,6701.12,108511934
2017-10-11,6787.93,6886.77,6669.71,6749.14,57359699
2017-10-12,6930.68,6991.61,6817.75,6904.01,146671424
2017-10-13,6842.47,6849.84,6681.51,6841.41,144161055
2017-10-14,6880.53,7141.53,6715.15,6838.65,112331897
2017-10-15,6647.14,6836.03,6625.01,6748.26,161101351
2017-10-16,6807.79,6880.57,6575.35,6868.04,111478478
2017-10-17,6880.37,6964.79,6739.64,6802.55,151830856
2017-10-18,7071.19,7239.65,6963.76,6971.37,151286795
2017-10-19,6791.69,7414.07,6572.16,7084.7,106003126
2017-10-20,6607.27,6855.57,6591.62,6725.55,104009913
2017-10-21,6273.03,6518.47,6193.39,6384.61,192197750
2017-10-22,6282.36,6499.36,6237.54,6349.41,106482213
2017-10-23,6236.12,6330.36,6213.52,6306.89,129444931
2017-10-24,6318.15,6465.69,6139.77,6248.05,123339504
2017-10-25,6066.22,6277.2,6064.37,6153.99,81365731
2017-10-26,6556.26,6572.41,6380.49,6458.0,211346251
2017-10-27,6397.05,6740.68,6205.53,6522.91,101938174
2017-10-28,6531.02,6629.06,6450.39,6596.36,111473832
2017-10-29,6508.37,6650.3,6430.62,6474.64,152697640
2017-10-30,6296.1,6524.24,6282.9,6468.27,117208332
2017-10-31,6440.46,6545.72,6437.98,6498.14,100078980
2017-11-01,6601.7,6615.68,6269.69,6493.84,117687408
2017-11-02,6448.02,6485.78,6390.12,6466.25,105414701
2017-11-03,6521.42,6579.19,6466.4,6566.52,85187758
2017-11-04,6303.44,6388.11,6239.18,6329.41,151990887
2017-11-05,6251.99,6302.98,6112.25,6294.78,100032679
2017-11-06,6516.87,6645.72,6497.3,6550.44,121524809
2017-11-07,6673.42,7034.66,6381.29,6629.79,108460916
2017-11-08,6802.63,6823.64,6546.38,6737.64,73037479
2017-11-09,6670.86,6885.17,6667.36,6789.18,133464541
2017-11-10,6982.69,7183.49,6766.06,6918.07,124069757
2017-11-11,6824.33,6923.69,6823.19,6845.31,84774836
2017-11-12,6874.87,6937.27,6669.06,6893.6,160342397
2017-11-13,6810.85,7015.46,6744.58,6957.4,121601127
2017-11-14,6946.69,7182.39,6910.84,6975.28,150897736
2017-11-15,6982.45,7148.66,6980.48,7053.42,166029659
2017-11-16,7105.53,7264.23,6984.23,7029.29,153119197
2017-11-17,6849.81,7019.43,6801.04,6834.0,155758288
2017-11-18,6978.07,7039.79,6974.57,7007.97,150116693
2017-11-19,6849.45,6889.83,6842.72,6855.25,149184913
2017-11-20,6872.59,6970.43,6844.66,6902.71,57010482
2017-11-21,6986.97,7059.05,6833.39,6841.23,109920430
2017-11-22,6871.9,7130.79,6684.23,6821.44,60834089
2017-11-23,6684.01,6771.27,6566.44,6631.17,69795344
2017-11-24,6694.0,6723.85,6558.96,6663.35,88397567
2017-11-25,6421.1,6528.38,6370.94,6513.32,119848916
2017-11-26,6485.05,6551.3,6449.28,6489.14,93069498
2017-11-27,6350.53,6534.62,6262.83,6374.73,92315883
2017-11-28,6203.77,6342.07,6103.9,6173.15,129351709
2017-11-29,6094.61,6357.37,6048.01,6175.89,120635003
2017-11-30,5943.08,5973.14,5929.63,5939.3,171624015
2017-12-01,6019.4,6020.82,5847.23,5956.61,136993703
2017-12-02,5998.53,6409.33,5940.58,6074.52,116857507
2017-12-03,6242.62,6262.93,6196.83,6224.17,166460814
2017-12-04,6159.49,6275.33,6134.38,6234.69,138817366
2017-12-05,6402.17,6483.52,6094.48,6209.36,68212343
2017-12-06,6348.26,6351.35,6266.11,6277.6,76048451
2017-12-07,6191.28,6197.0,6068.43,6113.0,155371303
2017-12-08,6251.91,6421.26,6192.12,6198.02,87097289
2017-12-09,6611.12,6618.62,6478.41,6525.16,218299256
2017-12-10,6416.34,6647.83,6376.98,6522.45,98314198
2017-12-11,6484.95,6542.22,6393.85,6533.41,109300533
2017-12-12,6516.2,6627.96,6378.19,6580.92,66420531
2017-12-13,6235.55,6292.18,6049.05,6283.8,178539383
2017-12-14,6259.32,6381.74,6250.33,6337.39,75960420
2017-12-15,6194.02,6338.93,6161.12,6176.56,182061306
2017-12-16,6156.0,6397.72,5986.45,6209.86,117851393
2017-12-17,6276.08,6278.26,6163.21,6276.72,139077086
2017-12-18,6412.79,6461.9,6319.16,6320.33,138063858
2017-12-19,6334.55,6478.07,6171.22,6342.56,122275905
2017-12-20,6399.31,6477.95,6321.07,6337.04,76323152
2017-12-21,6454.35,6487.98,6407.53,6421.81,65388241
2017-12-22,6668.12,6701.08,6604.1,6633.93,85866426
2017-12-23,6533.31,6606.36,6489.84,6551.82,122286801
2017-12-24,6773.16,6932.84,6744.15,6757.76,88379354
2017-12-25,6872.45,6901.05,6795.52,6863.15,166703408
2017-12-26,6671.4,6682.02,6569.6,6628.6,111588873
2017-12-27,6677.53,6689.22,6448.73,6552.97,106259670
2017-12-28,6449.19,6648.42,6321.18,6547.1,62445513
2017-12-29,6702.72,6754.29,6543.38,6626.91,94251105
2017-12-30,6594.47,6607.19,6582.11,6592.31,142689928
2017-12-31,6573.52,6682.92,6474.09,6655.16,71869674
2018-01-01,6734.29,6808.85,6637.2,6689.7,114363414
2018-01-02,6598.07,6602.71,6554.32,6593.42,101486180
2018-01-03,6526.24,6632.87,6472.03,6525.29,142139650
2018-01-04,6588.27,6823.09,6416.8,6541.96,55263050
2018-01-05,6486.65,6610.21,6404.3,6502.21,90118276
2018-01-06,6694.73,6703.14,6543.93,6629.16,76209802
2018-01-07,6788.24,6865.5,6786.2,6818.94,187120419
2018-01-08,6658.63,6675.39,6625.51,6654.16,141691132
2018-01-09,6661.66,6697.69,6419.89,6592.2,137757909
2018-01-10,6568.05,6661.16,6500.05,6644.75,92817200
2018-01-11,7113.66,7118.9,6819.48,6915.44,92355924
2018-01-12,6761.07,6833.99,6698.86,6809.98,134645323
2018-01-13,7032.0,7151.11,6766.97,6927.09,108220183
2018-01-14,6491.73,6728.34,6488.47,6690.67,90042275
2018-01-15,6676.69,6689.78,6648.16,6689.38,95199369
2018-01-16,6696.91,6763.51,6594.74,6713.83,71114272
2018-01-17,6593.87,6634.11,6559.43,6595.64,93346394
2018-01-18,6621.88,6626.1,6463.38,6531.99,119993026
2018-01-19,6485.64,6544.93,6378.27,6486.26,106519228
2018-01-20,6524.92,6754.7,6398.18,6509.16,113831301
2018-01-21,6593.18,6622.79,6488.92,6605.09,133208194
2018-01-22,6476.15,6486.34,6414.9,6479.73,154815505
2018-01-23,6191.26,6425.52,6094.26,6264.22,115467818
2018-01-24,6134.18,6148.7,5980.24,6095.88,176066474
2018-01-25,6038.72,6209.91,5915.02,6068.14,82461321
2018-01-26,6063.89,6131.9,5888.7,5964.76,89451520
2018-01-27,5975.12,6122.77,5955.92,6037.03,109317906
2018-01-28,6183.32,6184.71,6044.63,6130.1,71238882
2018-01-29,6054.6,6177.36,5840.06,6090.66,105875348
2018-01-30,5959.53,6078.02,5894.2,6047.85,136566212
2018-01-31,6052.69,6097.84,6032.1,6085.09,87594009
2018-02-01,5792.74,5987.9,5741.12,5966.81,171569450
2018-02-02,6100.17,6146.67,6018.72,6090.92,107193656
2018-02-03,5894.43,6114.4,5832.55,5971.64,160992435
2018-02-04,6125.9,6165.21,6011.18,6099.06,72053390
2018-02-05,6188.57,6283.31,6089.95,6255.29,116322969
2018-02-06,6427.1,6445.71,6124.9,6199.88,76998343
2018-02-07,6381.95,6386.64,6300.31,6384.09,148240779
2018-02-08,6515.11,6529.28,6360.05,6377.09,124225466
2018-02-09,6306.45,6382.21,6262.49,6336.36,135022435
2018-02-10,6542.52,6589.45,6399.06,6490.65,142356724
2018-02-11,6614.68,6696.2,6194.13,6574.23,145491262
2018-02-12,6862.04,6865.76,6402.8,6582.27,113772796
2018-02-13,6468.49,6528.81,6375.29,6494.84,69544907
2018-02-14,6577.28,6656.63,6434.35,6536.73,148424962
2018-02-15,6560.57,6698.41,6445.66,6596.09,98688813
2018-02-16,6553.07,6625.25,6541.89,6565.83,136422315
2018-02-17,6533.84,6565.36,6353.22,6509.69,161865400
2018-02-18,6452.92,6521.8,6425.12,6479.19,154590670
2018-02-19,6268.74,6391.17,6245.08,6280.98,114413166
2018-02-20,6262.32,6276.09,6184.46,6234.58,77131499
2018-02-21,6066.67,6116.89,5961.73,6057.24,145619406
2018-02-22,6159.35,6171.49,6041.75,6161.41,69527714
2018-02-23,6275.96,6397.42,6181.3,6224.82,56192426
2018-02-24,6309.16,6571.08,6103.21,6233.55,84958258
2018-02-25,5875.73,6247.56,5722.52,6037.81,92630032
2018-02-26,5965.22,6129.44,5954.1,6019.91,151821627
2018-02-27,6321.07,6365.5,6110.32,6136.68,158596274
2018-02-28,6110.75,6131.05,5915.62,6014.55,60173797
2018-03-01,6195.73,6362.07,5894.11,6164.13,153650025
2018-03-02,6153.82,6302.03,6111.76,6139.7,108531631
2018-03-03,6134.88,6156.32,6030.84,6099.12,56610998
2018-03-04,6079.49,6147.98,5980.99,6037.82,62048932
2018-03-05,5930.75,6002.47,5924.76,5985.76,158158215
2018-03-06,5833.6,5853.24,5795.82,5829.17,103567630
2018-03-07,5787.25,5933.02,5635.91,5774.08,124314697
2018-03-08,5844.84,5864.11,5798.99,5837.79,99784013
2018-03-09,5509.92,5596.36,5300.07,5453.84,195868981
2018-03-10,5340.59,5376.3,5318.03,5340.77,77105098
2018-03-11,5409.6,5578.94,5376.42,5412.52,103179764
2018-03-12,5276.94,5376.47,5262.86,5336.18,125713757
2018-03-13,5428.61,5503.75,5417.29,5470.1,92309554
2018-03-14,5370.86,5374.57,5313.21,5327.07,104814297
2018-03-15,5153.6,5264.67,5095.55,5194.63,85039578
2018-03-16,5336.53,5361.65,5271.08,5354.07,75757464
2018-03-17,5406.6,5413.16,5302.38,5328.38,66606011
2018-03-18,5235.85,5268.61,5215.6,5220.53,118095578
2018-03-19,5260.09,5348.16,5253.94,5266.24,82516021
2018-03-20,4994.32,5142.19,4981.11,5118.95,149809156
2018-03-21,5160.1,5208.73,5122.99,5161.38,81936218
2018-03-22,5028.95,5169.94,5010.01,5138.55,99466061
2018-03-23,4985.74,5089.56,4878.71,5009.03,74867383
2018-03-24,4948.9,5081.28,4885.64,5049.42,119375148
2018-03-25,5164.64,5306.1,4730.43,5157.09,167283501
2018-03-26,5027.57,5053.33,4955.46,5006.54,73516341
2018-03-27,4928.3,4937.09,4915.35,4936.29,158584865
2018-03-28,4786.59,4934.43,4776.76,4845.54,79350825
2018-03-29,5059.79,5090.78,4989.71,4995.45,182860389
2018-03-30,5135.92,5146.09,5084.03,5123.17,169640831
2018-03-31,4946.77,5156.17,4921.24,5089.99,102528396
2018-04-01,5008.67,5076.68,4904.54,5023.75,127140282
2018-04-02,5077.64,5131.24,5020.66,5031.81,116165571
2018-04-03,5097.72,5204.11,4950.31,5147.62,139891592
2018-04-04,5036.05,5099.59,4982.92,5012.7,124974060
2018-04-05,4944.39,4992.19,4860.99,4868.52,183333711
2018-04-06,4718.8,4776.55,4672.15,4704.1,96522313
2018-04-07,4588.19,4595.46,4530.77,4572.33,136713988
2018-04-08,4522.3,4526.05,4495.3,4518.05,154006955
2018-04-09,4348.25,4569.49,4302.21,4452.88,113568986
2018-04-10,4290.77,4399.18,4205.0,4325.07,109034609
2018-04-11,4282.79,4317.16,4280.45,4284.44,141618588
2018-04-12,4284.25,4317.64,4276.56,4308.47,60332850
2018-04-13,4345.13,4368.42,4344.99,4353.06,69807725
2018-04-14,4338.93,4524.46,4336.65,4475.71,153859747
2018-04-15,4397.38,4410.12,4301.74,4409.87,106376475
2018-04-16,4372.07,4406.14,4333.25,4355.68,141082231
2018-04-17,4197.18,4256.77,4182.21,4230.54,85430508
2018-04-18,4246.37,4342.7,4170.82,4234.75,114421739
2018-04-19,4328.08,4346.98,4274.26,4274.29,147519686
2018-04-20,4315.91,4351.66,4063.76,4206.4,70889281
2018-04-21,4472.27,4547.68,4403.51,4428.59,192968547
2018-04-22,4624.2,4646.14,4238.55,4471.53,55465976
2018-04-23,4511.62,4587.74,4477.37,4509.26,133686034
2018-04-24,4476.39,4529.78,4426.42,4427.37,62422355
2018-04-25,4460.26,4503.58,4351.04,4499.18,92797902
2018-04-26,4607.51,4700.43,4526.91,4536.09,154968544
2018-04-27,4394.28,4474.55,4361.66,4466.67,125079013
2018-04-28,4358.07,4405.67,4350.69,4389.61,65408077
2018-04-29,4423.01,4526.15,4211.58,4377.76,53670801
2018-04-30,4373.14,4491.16,4239.31,4327.34,90040985
2018-05-01,4499.14,4521.4,4437.84,4448.14,93853365
2018-05-02,4442.85,4478.05,4410.47,4412.48,87663428
2018-05-03,4306.07,4308.23,4182.81,4288.77,123895763
2018-05-04,4289.13,4292.14,4252.57,4263.72,108781395
2018-05-05,4079.69,4128.55,4076.87,4116.12,137190709
2018-05-06,4093.33,4111.45,3825.88,4025.23,164358759
2018-05-07,4037.13,4137.12,3982.39,4118.77,102278486
2018-05-08,3913.02,4003.69,3891.51,4002.49,92891365
2018-05-09,3914.74,3991.92,3913.39,3969.36,154316002
2018-05-10,4013.57,4134.07,3880.03,4020.99,66871932
2018-05-11,3985.18,4047.22,3954.53,4013.14,85711814
2018-05-12,3749.49,3756.14,3678.43,3755.4,248248896
2018-05-13,3654.89,3671.53,3508.5,3634.54,90179812
2018-05-14,3617.58,3653.81,3602.56,3641.92,141695873
2018-05-15,3677.42,3749.4,3552.47,3657.96,92598207
2018-05-16,3561.86,3570.61,3545.46,3545.61,182761513
2018-05-17,3638.0,3681.84,3476.7,3614.31,141319476
2018-05-18,3614.92,3650.54,3531.11,3571.75,80865664
2018-05-19,3535.54,3552.43,3492.49,3530.87,102149686
2018-05-20,3622.3,3664.93,3526.63,3552.37,60395459
2018-05-21,3490.91,3514.11,3490.24,3500.93,139407117
2018-05-22,3634.12,3646.69,3606.16,3607.57,93876470
2018-05-23,3650.12,3652.73,3505.05,3536.99,101269519
2018-05-24,3520.0,3531.27,3478.86,3510.03,118365418
2018-05-25,3376.92,3425.98,3375.26,3387.66,155605718
2018-05-26,3406.33,3470.62,3320.2,3372.63,123397794
2018-05-27,3395.83,3500.63,3269.41,3354.47,126668803
2018-05-28,3222.0,3246.84,3216.33,3234.66,88022626
2018-05-29,3159.27,3207.7,3145.65,3194.0,124549764
2018-05-30,3199.8,3285.39,3138.92,3175.23,122614682
2018-05-31,3160.64,3180.89,3102.31,3112.15,142410392
2018-06-01,3059.48,3074.19,3043.49,3060.77,115548138
2018-06-02,3162.51,3195.35,3073.12,3122.11,83881742
2018-06-03,3205.49,3230.33,3065.73,3116.71,141597297
2018-06-04,3226.33,3280.9,3197.1,3214.52,75968334
2018-06-05,3092.78,3283.84,3027.59,3166.74,78653851
2018-06-06,3154.45,3166.26,3128.9,3158.86,120299350
2018-06-07,3131.81,3188.96,3103.94,3170.88,54827709
2018-06-08,3263.9,3275.61,3142.93,3216.68,75790036
2018-06-09,3290.74,3301.83,3280.56,3282.97,156114129
2018-06-10,3245.19,3300.04,3169.57,3266.54,57299188
2018-06-11,3186.03,3208.46,3168.78,3173.33,116454577
2018-06-12,3250.24,3339.74,3175.09,3239.85,68725922
2018-06-13,3166.87,3327.3,3154.75,3312.23,115678153
2018-06-14,3299.73,3369.7,3233.24,3280.97,86176057
2018-06-15,3274.41,3316.37,3238.11,3260.76,139488863
2018-06-16,3315.88,3329.51,3189.23,3251.95,67733605
2018-06-17,3365.69,3366.22,3181.68,3229.86,71715660
2018-06-18,3232.46,3306.27,3212.02,3284.72,140962116
2018-06-19,3309.75,3318.4,3240.21,3270.39,53590737
2018-06-20,3245.6,3246.39,3155.86,3204.71,126937258
2018-06-21,3217.75,3254.33,3213.33,3215.1,56694879
2018-06-22,3231.85,3328.66,3228.2,3281.07,107671975
2018-06-23,3363.33,3368.47,3329.88,3348.55,167830107
2018-06-24,3440.02,3446.55,3397.07,3432.96,82141788
2018-06-25,3408.03,3455.0,3354.13,3450.35,84133699
2018-06-26,3422.83,3784.21,3396.74,3481.52,160016196
2018-06-27,3418.58,3474.94,3403.48,3436.36,73356600
2018-06-28,3461.64,3517.68,3423.89,3501.21,136522813
2018-06-29,3469.63,3489.47,3466.33,3484.9,88741326
2018-06-30,3434.46,3503.93,3402.04,3471.4,79480172
2018-07-01,3692.18,3784.41,3557.63,3594.03,158496294
2018-07-02,3591.24,3617.34,3567.41,3616.22,94544022
2018-07-03,3562.45,3608.95,3561.95,3593.47,53165270
2018-07-04,3746.28,3918.6,3740.61,3797.43,83374344
2018-07-05,3680.97,3764.97,3636.42,3702.97,185049622
2018-07-06,3807.19,3826.61,3788.46,3801.49,64555411
2018-07-07,3850.59,3960.46,3846.79,3933.52,157539893
2018-07-08,3890.59,3970.04,3787.93,3952.24,124374707
2018-07-09,3834.04,3873.98,3763.78,3821.58,90419978
2018-07-10,3956.73,3960.5,3931.6,3939.62,102546469
2018-07-11,3960.84,4000.01,3882.61,3922.28,129771855
2018-07-12,3819.46,3908.17,3803.76,3834.27,156698813
2018-07-13,3884.99,3904.08,3884.92,3894.71,120443721
2018-07-14,3671.93,3912.91,3637.8,3896.96,85492409
2018-07-15,3797.98,3930.29,3795.67,3827.34,124862792
2018-07-16,3772.49,3800.52,3749.94,3782.56,164741714
2018-07-17,3802.91,3877.7,3756.6,3809.54,140789312
2018-07-18,3717.88,3823.07,3711.71,3774.49,102585167
2018-07-19,3970.39,4048.11,3792.51,3858.59,91583134
2018-07-20,3868.74,3981.44,3547.82,3665.06,116180258
2018-07-21,3671.17,3771.0,3663.76,3704.73,102917477
2018-07-22,3685.08,3688.2,3670.82,3685.06,137728203
2018-07-23,3722.2,3835.52,3650.13,3755.24,111417188
2018-07-24,3741.84,3808.61,3686.01,3714.91,64725131
2018-07-25,3821.32,3838.9,3666.47,3802.92,78478231
2018-07-26,3812.88,3822.2,3772.53,3794.06,70916918
2018-07-27,3898.01,3926.85,3756.91,3791.6,75342548
2018-07-28,3742.16,3765.1,3655.7,3729.17,116590848
2018-07-29,3740.89,3833.61,3699.49,3832.74,122674642
2018-07-30,3893.49,3951.45,3778.07,3865.46,132680073
2018-07-31,3799.4,3874.12,3692.82,3799.75,126149459
2018-08-01,3962.42,4032.25,3962.22,3980.59,175851526
2018-08-02,4000.29,4013.18,3921.46,4003.64,121024070
2018-08-03,4102.86,4113.69,3982.97,3992.31,138110863
2018-08-04,3892.18,4006.84,3886.85,3950.54,139123237
2018-08-05,4058.67,4153.26,3974.95,4093.25,95844936
2018-08-06,4113.5,4280.03,4099.81,4222.55,155976444
2018-08-07,4130.61,4166.63,4116.4,4153.64,63378036
2018-08-08,4144.77,4156.39,4133.2,4140.38,138784380
2018-08-09,3973.52,4108.95,3838.53,4095.87,67038252
2018-08-10,4103.01,4154.26,4057.03,4117.54,146171007
2018-08-11,4067.05,4123.78,4026.91,4075.96,66246152
2018-08-12,4042.31,4046.4,3915.77,3962.04,122245093
2018-08-13,3963.36,4016.65,3947.41,3999.08,72043015
2018-08-14,3807.87,4006.62,3779.5,3947.57,62952426
2018-08-15,3909.49,3985.29,3900.51,3917.62,110950034
2018-08-16,3847.85,3884.03,3842.42,3862.72,78782281
2018-08-17,3885.46,3914.84,3820.83,3889.14,141296162
2018-08-18,3976.03,4077.49,3930.25,3968.57,84104256
2018-08-19,4029.94,4052.92,3957.92,4028.22,99982014
2018-08-20,4023.49,4082.66,3969.18,4023.46,103453969
2018-08-21,4184.52,4196.45,4100.97,4118.36,98603340
2018-08-22,4054.95,4064.63,4039.31,4049.27,63866930
2018-08-23,4052.35,4113.59,3956.37,4043.59,135643469
2018-08-24,3972.03,4118.19,3940.29,3987.76,96866590
2018-08-25,4134.83,4168.51,4093.97,4143.05,192471227
2018-08-26,4187.26,4279.29,4162.5,4238.71,111277105
2018-08-27,4059.44,4163.9,4027.63,4050.62,126984684
2018-08-28,4084.18,4091.03,3993.73,4083.11,138479366
2018-08-29,4340.05,4388.33,4163.54,4247.41,114598217
2018-08-30,4346.81,4386.85,4229.06,4285.21,155680680
2018-08-31,4053.27,4284.07,4046.62,4221.79,104332764
2018-09-01,4322.78,4346.97,4289.35,4323.22,68021324
2018-09-02,4327.51,4377.95,4313.85,4338.43,118100881
2018-09-03,4210.52,4229.7,4190.43,4207.73,111403591
2018-09-04,4276.25,4286.02,4254.58,4255.18,98862155
2018-09-05,4237.03,4369.78,4211.78,4280.92,97663033
2018-09-06,4365.24,4443.37,4242.38,4312.18,85671065
2018-09-07,4308.96,4363.88,4201.29,4313.19,111993282
2018-09-08,4329.9,4338.26,4216.34,4254.47,144644089
2018-09-09,4263.38,4367.25,4251.68,4262.48,77213816
2018-09-10,4243.74,4262.76,4208.32,4242.82,104590244
2018-09-11,4254.0,4317.19,4184.51,4242.05,137768226
2018-09-12,4247.53,4271.0,4127.69,4222.25,63577377
2018-09-13,4315.65,4360.54,4110.79,4224.51,127104024
2018-09-14,4185.33,4362.65,4183.41,4295.62,134010591
2018-09-15,4124.47,4201.86,4097.95,4146.22,165597483
2018-09-16,4093.91,4140.36,4023.09,4083.59,141789485
2018-09-17,4120.49,4174.81,4095.75,4102.52,118696907
2018-09-18,4128.72,4199.86,4052.98,4064.81,86362806
2018-09-19,4235.28,4260.49,4220.66,4246.74,153361294
2018-09-20,4403.5,4440.41,4205.01,4389.96,176371069
2018-09-21,4356.06,4390.58,4316.58,4380.05,102732499
2018-09-22,4395.11,4482.69,4301.95,4424.18,56474510
2018-09-23,4464.18,4522.65,4360.31,4430.06,77088116
2018-09-24,4345.2,4377.2,4326.66,4335.11,120297251
2018-09-25,4256.2,4377.94,4161.65,4215.52,74267365
2018-09-26,3960.96,4080.54,3944.84,4002.26,122657905
2018-09-27,3923.8,4000.62,3881.77,3935.25,112651567
2018-09-28,4025.83,4049.45,3933.23,4042.47,135522781
2018-09-29,4006.58,4010.76,3964.99,4007.52,123244858
2018-09-30,3933.43,3946.38,3911.49,3914.6,82963805
2018-10-01,4078.24,4143.01,3859.48,3979.46,150101338
2018-10-02,3986.65,4068.56,3951.85,3967.55,125158773
2018-10-03,4146.9,4186.07,4086.2,4169.02,223328077
2018-10-04,4088.58,4190.53,4001.78,4126.25,148180116
2018-10-05,4328.4,4333.37,4169.93,4244.82,110780024
2018-10-06,4179.77,4226.23,4162.97,4202.59,138373258
2018-10-07,4331.95,4355.35,4217.76,4335.55,151021015
2018-10-08,4413.85,4438.75,4236.46,4346.51,152190339
2018-10-09,4400.14,4408.09,4323.95,4325.44,86099072
2018-10-10,4219.1,4294.18,4136.51,4177.28,133806491
2018-10-11,4101.71,4198.03,4053.61,4080.13,119386091
2018-10-12,4236.82,4238.69,4079.43,4086.66,82971194
2018-10-13,4136.62,4178.35,4118.72,4122.72,79520300
2018-10-14,4061.17,4167.18,3954.68,4027.93,111783933
2018-10-15,4015.18,4089.56,3969.47,3972.57,63131865
2018-10-16,4015.03,4036.33,3959.51,4014.41,101656630
2018-10-17,3987.99,4056.77,3945.88,4005.22,126745153
2018-10-18,4079.38,4158.7,3987.19,4094.25,91978930
2018-10-19,4113.56,4122.46,4067.59,4097.28,54694212
2018-10-20,4228.88,4356.32,4172.04,4203.52,97330767
2018-10-21,4287.55,4327.12,4156.45,4165.13,144627035
2018-10-22,4269.44,4274.24,4238.44,4241.41,83112750
2018-10-23,4133.73,4335.74,4116.66,4261.76,145302748
2018-10-24,4274.01,4353.86,4242.51,4293.41,70708227
2018-10-25,4276.98,4376.77,4258.36,4334.86,103096480
2018-10-26,4356.81,4384.63,4257.74,4342.61,148879275
2018-10-27,4324.03,4400.82,4282.68,4361.28,129712730
2018-10-28,4250.27,4433.77,4223.5,4328.29,96609438
2018-10-29,4326.62,4434.0,4314.0,4349.07,57820434
2018-10-30,4296.15,4303.85,4198.66,4294.76,156115188
2018-10-31,4302.78,4437.72,4259.53,4302.08,51950071
2018-11-01,4424.21,4445.47,4335.82,4396.66,177317306
2018-11-02,4365.73,4409.42,4318.77,4337.96,119978076
2018-11-03,4409.49,4441.53,4399.67,4399.92,162799260
2018-11-04,4417.35,4447.2,4270.77,4415.41,67306876
2018-11-05,4267.48,4326.57,4069.35,4279.08,194443049
2018-11-06,4338.18,4399.57,4286.32,4329.78,90348510
2018-11-07,4241.37,4268.91,4040.96,4184.56,196280073
2018-11-08,4049.07,4287.7,4018.22,4096.61,117234024
2018-11-09,4211.81,4273.57,4182.79,4254.06,157977146
2018-11-10,4362.3,4484.78,4199.68,4239.04,104879602
2018-11-11,4170.09,4215.19,4072.52,4143.16,71215810
2018-11-12,4127.66,4249.98,4062.16,4141.75,57797812
2018-11-13,4022.2,4098.93,4016.2,4051.69,72364538
2018-11-14,4025.32,4078.2,3969.14,4039.54,120512402
2018-11-15,4231.93,4345.17,4194.37,4237.7,215940050
2018-11-16,4295.12,4389.42,4285.73,4297.7,105000912
2018-11-17,4338.74,4378.42,4315.54,4373.59,146874096
2018-11-18,4338.54,4498.38,4265.31,4344.67,74791323
2018-11-19,4457.23,4460.04,4379.17,4437.73,180451667
2018-11-20,4332.51,4337.3,4325.07,4330.15,63836569
2018-11-21,4381.54,4472.84,4276.86,4348.01,94772038
2018-11-22,4252.13,4341.7,4234.45,4304.79,117809917
2018-11-23,4574.59,4728.91,4316.26,4478.78,79612486
2018-11-24,4501.18,4521.07,4409.1,4476.34,57067858
2018-11-25,4520.48,4611.88,4511.79,4530.28,106984320
2018-11-26,4611.31,4686.4,4527.05,4667.01,135043942
2018-11-27,4775.0,4863.56,4521.24,4638.04,106702191
2018-11-28,4502.03,4509.77,4453.07,4489.79,110547431
2018-11-29,4541.79,4545.21,4324.22,4506.38,106660578
2018-11-30,4617.69,4640.32,4539.17,4601.92,140329145
2018-12-01,4569.08,4739.1,4504.29,4686.63,155422146
2018-12-02,4662.43,4683.09,4636.52,4679.26,75100631
2018-12-03,4703.67,4718.98,4658.7,4718.12,89142741
2018-12-04,4708.3,4736.84,4659.84,4725.95,58269494
2018-12-05,4898.34,4912.79,4781.45,4853.14,183311809
2018-12-06,4663.28,4746.85,4648.85,4670.33,91853805
2018-12-07,4770.22,4790.8,4525.22,4709.82,153712326
2018-12-08,4800.87,4885.82,4713.07,4742.75,91705306
2018-12-09,4800.32,5008.01,4734.16,4797.18,88626695
2018-12-10,4767.02,4842.14,4576.73,4732.71,122895302
2018-12-11,4725.14,4731.01,4686.98,4712.86,96911461
2018-12-12,4781.89,4904.26,4730.36,4762.92,89533120
2018-12-13,4945.12,5003.3,4944.01,4969.63,209082734
2018-12-14,4786.28,4883.98,4761.31,4839.34,121971271
2018-12-15,4744.38,4757.44,4668.0,4675.6,90099591
2018-12-16,4653.63,4721.41,4422.94,4572.86,181897804
2018-12-17,4436.51,4537.53,4393.08,4477.79,62405044
2018-12-18,4587.93,4658.73,4509.51,4511.19,113465116
2018-12-19,4467.83,4662.66,4318.24,4625.42,153113939
2018-12-20,4754.18,4846.67,4621.2,4647.4,109764100
2018-12-21,4724.13,4830.67,4593.03,4757.8,94666276
2018-12-22,4808.92,4930.31,4693.49,4754.46,91848853
2018-12-23,4972.85,4998.61,4806.27,4908.79,192580921
2018-12-24,5013.13,5068.22,4909.37,5023.91,145994166
2018-12-25,5091.76,5238.86,4975.65,5089.35,81301716
2018-12-26,5041.91,5168.51,4947.59,5072.38,138191465
2018-12-27,4969.09,4998.47,4959.21,4998.18,162128746
2018-12-28,4994.79,5084.89,4992.76,5053.1,159195408
2018-12-29,4951.16,4961.34,4946.69,4961.23,108152276
2018-12-30,4944.72,4977.93,4928.15,4973.97,132714179
2018-12-31,4719.37,4751.02,4707.82,4725.15,126375439
2019-01-01,4640.04,4641.53,4635.09,4638.92,151357313
2019-01-02,4506.32,4542.87,4461.24,4471.63,145860166
2019-01-03,4619.61,4746.72,4547.87,4645.75,169706922
2019-01-04,4759.3,4801.46,4677.22,4774.56,122065964
2019-01-05,4612.28,4686.64,4601.66,4649.15,119031245
2019-01-06,4764.95,4820.68,4726.09,4790.65,155916588
2019-01-07,4765.53,4878.26,4673.62,4837.33,105813234
2019-01-08,5019.77,5086.09,4918.64,4920.89,116835234
2019-01-09,5122.7,5151.88,5024.07,5074.73,195147129
2019-01-10,5142.18,5235.95,5125.8,5153.47,170214342
2019-01-11,5091.12,5113.91,5000.12,5049.8,161392552
2019-01-12,5207.1,5219.1,5049.27,5097.05,113419437
2019-01-13,5170.74,5180.33,5073.83,5175.76,104694427
2019-01-14,5268.42,5358.48,5253.52,5312.47,100843845
2019-01-15,5239.52,5383.27,5182.89,5284.1,83612114
2019-01-16,5458.96,5495.48,5361.07,5395.72,75559617
2019-01-17,5262.71,5328.28,5172.18,5273.82,154370147
2019-01-18,5556.82,5743.36,5537.01,5568.29,177048003
2019-01-19,5599.64,5697.45,5365.34,5453.78,166328698
2019-01-20,5516.74,5520.89,5458.39,5482.1,134174865
2019-01-21,5300.75,5444.35,5267.01,5325.64,84327858
2019-01-22,5429.86,5459.44,5215.98,5292.1,109629325
2019-01-23,5247.93,5271.54,5172.19,5243.83,116389322
2019-01-24,5155.25,5185.47,5127.07,5179.16,89922618
2019-01-25,5228.22,5240.87,5124.0,5167.27,149811734
2019-01-26,5288.83,5324.47,5084.28,5292.83,184803907
2019-01-27,5161.06,5174.17,5119.51,5152.6,126474115
2019-01-28,5240.55,5296.02,5007.95,5144.21,152059809
2019-01-29,5141.52,5271.98,5125.82,5208.8,142474479
2019-01-30,5320.55,5397.72,5086.05,5213.23,62727325
2019-01-31,5319.16,5334.97,5319.08,5329.54,105701160
2019-02-01,5459.23,5502.32,5414.23,5424.65,109475128
2019-02-02,5595.62,5629.84,5532.12,5546.42,125644249
2019-02-03,5336.67,5388.71,5323.02,5367.74,126814913
2019-02-04,5435.09,5469.82,5338.46,5417.19,108581688
2019-02-05,5537.47,5548.87,5436.31,5449.98,124422987
2019-02-06,5337.39,5404.08,5327.37,5335.4,139438534
2019-02-07,5358.4,5358.94,5267.1,5329.03,92700522
2019-02-08,5213.25,5583.85,5130.45,5352.05,128712831
2019-02-09,5186.14,5257.77,5155.61,5218.95,180411809
2019-02-10,5194.9,5279.99,5050.27,5190.18,68265024
2019-02-11,5098.62,5122.97,4939.25,5015.95,91863352
2019-02-12,5171.12,5185.33,5080.19,5139.85,105077967
2019-02-13,5309.86,5579.92,5249.23,5250.0,151613359
2019-02-14,5365.23,5413.15,5290.87,5334.97,161231632
2019-02-15,5415.85,5492.19,5377.53,5451.82,160250533
2019-02-16,5484.37,5486.54,5461.55,5474.19,88098574
2019-02-17,5366.63,5558.21,5226.51,5437.16,82768924
2019-02-18,5416.58,5522.3,5408.99,5457.52,154369160
2019-02-19,5757.66,6086.76,5672.46,5764.62,231823077
2019-02-20,5659.91,5758.68,5588.81,5731.18,138931267
2019-02-21,5776.09,5797.56,5560.34,5663.78,61804998
2019-02-22,5611.92,5675.73,5572.57,5613.73,142461372
2019-02-23,5720.29,5784.7,5691.29,5702.93,131659865
2019-02-24,5582.61,5682.29,5473.92,5681.1,130448722
2019-02-25,5782.25,5847.62,5532.88,5592.91,134663820
2019-02-26,5790.29,5836.46,5781.09,5822.33,90161548
2019-02-27,5989.94,5994.83,5744.26,5746.49,167254259
2019-02-28,5724.69,5763.06,5586.22,5762.15,122127301
2019-03-01,5694.13,5815.28,5671.49,5705.27,143586688
2019-03-02,5755.48,5806.39,5720.12,5740.6,129375686
2019-03-03,5739.95,5896.45,5583.6,5846.32,121143776
2019-03-04,6033.84,6085.6,6028.56,6033.94,110477718
2019-03-05,5953.19,6080.38,5718.74,5997.69,59931482
2019-03-06,5825.36,5971.09,5814.79,5952.79,95593915
2019-03-07,5825.3,5947.98,5747.57,5756.23,185512362
2019-03-08,5723.85,5727.89,5567.38,5632.55,87489895
2019-03-09,5834.7,5864.15,5388.57,5603.07,114409005
2019-03-10,5585.76,5590.25,5453.53,5485.28,88872882
2019-03-11,5548.51,5627.51,5528.14,5557.09,140616054
2019-03-12,5440.71,5625.56,5183.85,5320.01,129069275
2019-03-13,5301.9,5309.63,5253.61,5285.22,63279964
2019-03-14,5580.91,5620.32,5441.13,5488.72,145546519
2019-03-15,5437.7,5591.18,5374.69,5421.69,59449172
2019-03-16,5458.54,5528.15,5457.4,5503.98,62927574
2019-03-17,5288.28,5463.06,5264.82,5433.28,143871008
2019-03-18,5324.88,5380.19,5271.66,5352.19,108332888
2019-03-19,5277.55,5408.92,5198.56,5371.46,89758259
2019-03-20,5376.05,5521.36,5308.35,5352.25,85225232
2019-03-21,5210.25,5243.76,5126.97,5239.15,74244770
2019-03-22,5303.28,5384.01,5257.21,5298.23,82978509
2019-03-23,5362.85,5422.95,5340.0,5366.4,90811593
2019-03-24,5556.31,5607.63,5495.58,5571.29,184701044
2019-03-25,5503.39,5571.89,5448.7,5528.4,86632557
2019-03-26,5502.92,5571.51,5499.11,5528.42,120121073
2019-03-27,5700.28,5728.2,5611.55,5643.14,162701960
2019-03-28,5631.15,5648.68,5561.11,5621.27,109398602
2019-03-29,5489.38,5695.09,5477.7,5565.0,68744643
2019-03-30,5837.01,5838.26,5652.09,5730.09,87965152
2019-03-31,5779.78,5860.63,5697.28,5701.32,132444152
2019-04-01,5848.06,5956.75,5844.15,5875.53,124068025
2019-04-02,5951.1,6328.64,5794.31,6054.83,74028835
2019-04-03,6094.04,6299.3,6065.53,6138.74,153273050
2019-04-04,6077.79,6177.14,6024.82,6066.85,78469040
2019-04-05,6159.21,6213.87,6019.17,6065.86,93995202
2019-04-06,6107.35,6149.13,6090.2,6119.86,99888537
2019-04-07,6034.57,6137.48,5746.24,6016.63,146439800
2019-04-08,5799.61,5949.32,5793.97,5859.22,139163177
2019-04-09,5522.46,5749.95,5487.88,5577.62,209126620
2019-04-10,5535.29,5773.1,5487.94,5552.64,54864899
2019-04-11,5492.46,5530.75,5351.31,5453.74,111564619
2019-04-12,5357.8,5517.25,5224.24,5398.39,147562120
2019-04-13,5569.96,5636.66,5549.81,5602.71,111985864
2019-04-14,5564.99,5721.51,5276.47,5521.93,157508454
2019-04-15,5454.3,5562.03,5276.38,5517.66,145189542
2019-04-16,5661.85,5806.05,5478.3,5599.65,171004840
2019-04-17,5647.24,5692.76,5575.77,5686.85,60518317
2019-04-18,5526.32,5559.58,5476.32,5521.35,124513143
2019-04-19,5841.27,5990.51,5676.53,5793.44,116774156
2019-04-20,5801.84,5864.07,5676.81,5730.56,112958100
2019-04-21,5588.75,5643.37,5524.9,5625.49,69262629
2019-04-22,5946.74,5976.79,5575.0,5799.53,104043102
2019-04-23,5824.02,5909.63,5699.3,5859.64,114091529
2019-04-24,5791.61,5870.41,5602.38,5693.65,107294056
2019-04-25,5570.67,5714.49,5430.97,5695.66,120349698
2019-04-26,5903.12,5959.68,5809.63,5826.37,178167054
2019-04-27,6005.39,6024.42,5933.89,5949.08,179872229
2019-04-28,5816.48,5937.57,5656.53,5852.94,97484999
2019-04-29,5778.13,5818.1,5770.91,5788.69,74676722
2019-04-30,5809.39,5809.45,5727.08,5774.51,74388029
2019-05-01,5570.23,5670.72,5569.99,5648.28,79804740
2019-05-02,5418.51,5659.74,5305.11,5567.73,111401748
2019-05-03,5877.49,5957.02,5597.89,5673.68,80318554
2019-05-04,5676.74,5796.98,5562.35,5649.72,122532718
2019-05-05,5491.95,5512.76,5409.87,5510.81,170261272
2019-05-06,5396.1,5434.79,5342.69,5382.42,142067564
2019-05-07,5224.05,5464.06,5091.57,5424.66,99191681
2019-05-08,5397.23,5398.69,5362.93,5369.26,61605572
2019-05-09,5419.97,5562.06,5279.38,5353.19,112812065
2019-05-10,5196.51,5282.18,5144.0,5206.52,72387337
2019-05-11,5444.3,5535.23,5393.35,5411.1,102291899
2019-05-12,5442.09,5575.32,5353.44,5468.17,125897677
2019-05-13,5484.66,5484.69,5371.34,5444.89,92085863
2019-05-14,5382.51,5507.8,5357.46,5475.73,67563521
2019-05-15,5670.3,5737.25,5277.32,5534.38,118726205
2019-05-16,5343.64,5462.72,5228.44,5382.41,68768732
2019-05-17,5536.2,5547.69,5531.88,5539.83,191621800
2019-05-18,5567.9,5643.4,5378.98,5497.23,123645656
2019-05-19,5460.86,5470.37,5342.99,5457.29,136203533
2019-05-20,5611.85,5817.28,5483.69,5542.33,60207051
2019-05-21,5715.79,5793.34,5524.9,5603.16,150461835
2019-05-22,5715.68,5942.57,5666.85,5690.98,136131501
2019-05-23,5648.06,5731.13,5640.71,5705.47,144117260
2019-05-24,5918.94,5923.12,5839.32,5893.61,170544215
2019-05-25,5728.04,5842.88,5714.88,5801.32,163790296
2019-05-26,5574.49,5792.32,5533.31,5726.89,151933575
2019-05-27,5782.24,5934.42,5636.87,5700.43,88591516
2019-05-28,5798.17,5855.43,5678.97,5724.24,93683651
2019-05-29,5650.93,5771.0,5507.08,5605.88,76981847
2019-05-30,5751.74,5756.88,5578.94,5648.87,79659377
2019-05-31,5616.1,5734.95,5417.93,5662.58,78464685
2019-06-01,5996.66,6096.38,5783.74,5868.67,189906068
2019-06-02,5992.64,6011.82,5918.56,5940.66,135177200
2019-06-03,5895.94,6009.07,5874.17,5990.46,117793098
2019-06-04,6046.04,6130.47,5943.76,5979.39,73177208
2019-06-05,6074.95,6095.68,6014.04,6079.15,80414545
2019-06-06,6247.65,6250.47,5922.33,6025.63,117217453
2019-06-07,6284.65,6396.63,6152.6,6192.97,127690412
2019-06-08,6213.9,6276.91,6142.09,6215.05,109300807
2019-06-09,5993.06,6042.52,5984.54,6022.92,77322491
2019-06-10,5869.35,5895.43,5550.22,5868.96,142586711
2019-06-11,6290.18,6403.7,5967.34,6004.04,64538019
2019-06-12,5828.33,5897.88,5711.38,5746.87,214998930
2019-06-13,5787.71,5816.76,5669.55,5752.65,63165183
2019-06-14,5649.15,5684.04,5637.02,5674.56,123432200
2019-06-15,5484.92,5497.09,5408.36,5459.86,194699717
2019-06-16,5427.87,5528.8,5387.47,5412.89,149783568
2019-06-17,5494.11,5500.56,5435.71,5447.47,60522579
2019-06-18,5439.7,5511.63,5428.25,5433.42,107693838
2019-06-19,5318.56,5320.98,5104.78,5301.27,110562609
2019-06-20,5351.29,5377.51,5169.52,5290.12,134766997
2019-06-21,5235.38,5338.64,5080.24,5273.26,72048352
2019-06-22,5217.99,5234.12,5154.26,5167.68,129992910
2019-06-23,5253.77,5369.94,5231.66,5256.8,125030319
2019-06-24,5029.84,5383.0,5028.86,5233.64,153298148
2019-06-25,5344.1,5380.7,5331.08,5338.99,87506611
2019-06-26,5071.34,5343.09,4917.01,5164.78,76307204
2019-06-27,5221.65,5241.04,5165.62,5212.35,159494308
2019-06-28,5276.31,5279.35,5191.06,5258.1,79217651
2019-06-29,5174.26,5215.95,5054.89,5185.5,62373329
2019-06-30,5361.9,5425.98,5284.93,5423.94,176133472
2019-07-01,5251.59,5379.61,5079.51,5162.48,139475183
2019-07-02,5141.56,5220.34,5104.98,5203.94,141552936
2019-07-03,5338.0,5344.76,5143.76,5189.02,147613760
2019-07-04,5098.34,5120.6,5075.85,5089.57,130917751
2019-07-05,5094.49,5164.82,5048.3,5071.46,99531280
2019-07-06,5209.68,5275.36,5169.89,5257.36,197675829
2019-07-07,5235.09,5281.72,5179.72,5210.05,96020584
2019-07-08,5131.21,5347.85,5123.31,5210.02,133588118
2019-07-09,5215.53,5237.77,5191.55,5223.2,111546392
2019-07-10,5209.61,5325.1,5207.76,5283.84,124607027
2019-07-11,5112.94,5333.35,4869.52,5289.1,108806112
2019-07-12,5410.38,5440.6,5241.14,5372.59,130310351
2019-07-13,5299.11,5365.33,5074.99,5276.79,136881951
2019-07-14,5221.34,5402.72,4987.93,5182.83,170890706
2019-07-15,5371.24,5422.46,5342.92,5378.59,132619202
2019-07-16,5337.6,5494.15,5153.52,5315.48,150057558
2019-07-17,5348.74,5353.82,5098.22,5273.11,104905805
2019-07-18,5242.42,5244.35,5206.49,5228.68,104094718
2019-07-19,5297.18,5365.43,5220.52,5298.14,104534339
2019-07-20,5378.36,5495.25,5341.03,5464.85,194444683
2019-07-21,5379.45,5404.26,5373.37,5379.86,159353454
2019-07-22,5721.18,5733.23,5448.99,5615.07,123122897
2019-07-23,5501.09,5826.19,5486.97,5666.62,70134475
2019-07-24,5724.78,5787.13,5624.72,5780.5,98105864
2019-07-25,5877.95,5910.5,5863.2,5871.52,152764416
2019-07-26,5738.79,5752.79,5734.5,5735.41,71510426
2019-07-27,5980.56,6075.37,5980.41,6061.87,226645857
2019-07-28,6042.86,6182.71,5930.49,6036.23,132537199
2019-07-29,6116.99,6147.42,6085.81,6147.16,145496433
2019-07-30,6162.62,6178.56,6121.52,6169.19,57397562
2019-07-31,6352.03,6403.37,6267.63,6336.64,152854793
2019-08-01,6262.95,6371.02,6230.49,6336.07,58249691
2019-08-02,6347.88,6462.71,6305.14,6385.59,137986987
2019-08-03,6084.13,6126.08,6023.07,6105.13,148347316
2019-08-04,6053.51,6067.4,6032.2,6065.35,155444169
2019-08-05,6028.21,6192.21,6021.77,6187.47,163874039
2019-08-06,5929.99,6019.96,5894.63,5989.03,113820885
2019-08-07,5599.55,5655.93,5583.25,5635.01,183748999
2019-08-08,5826.7,5830.61,5726.06,5785.47,127765105
2019-08-09,5531.39,5543.01,5508.68,5541.87,171539917
2019-08-10,5555.67,5604.01,5463.76,5484.76,126300011
2019-08-11,5667.2,5988.16,5517.6,5683.31,126756135
2019-08-12,5838.83,5862.35,5710.47,5790.03,135680216
2019-08-13,5889.42,5915.55,5871.65,5885.66,78762730
2019-08-14,5614.83,5622.87,5520.5,5560.71,188688334
2019-08-15,5548.98,5571.75,5529.1,5557.65,67317732
2019-08-16,5498.43,5583.18,5493.52,5547.69,88732593
2019-08-17,5423.16,5423.18,5418.14,5419.69,145945696
2019-08-18,5480.14,5520.19,5403.21,5434.66,70826429
2019-08-19,5452.89,5482.08,5193.67,5316.68,120097720
2019-08-20,5139.6,5197.81,5105.27,5195.44,120992227
2019-08-21,5482.57,5524.52,5350.26,5401.39,180610243
2019-08-22,5617.67,5647.73,5528.3,5607.34,135614186
2019-08-23,5560.72,5569.64,5550.06,5563.26,86340238
2019-08-24,5565.92,5577.05,5273.98,5561.25,81618017
2019-08-25,5311.42,5388.63,5307.02,5352.37,201611433
2019-08-26,5243.83,5251.16,5221.89,5241.74,140151228
2019-08-27,5412.2,5418.21,5259.69,5376.37,123779689
2019-08-28,5407.82,5446.63,5363.51,5442.04,88604343
2019-08-29,5426.1,5511.96,5367.2,5502.66,108681248
2019-08-30,5494.43,5533.33,5401.12,5457.99,55762024
2019-08-31,5553.42,5721.22,5530.9,5653.0,178579751
2019-09-01,5557.74,5689.18,5555.16,5614.12,123137010
2019-09-02,5392.36,5431.26,5389.67,5392.45,99431386
2019-09-03,5480.91,5519.94,5197.31,5421.97,126922409
2019-09-04,5702.3,5733.59,5571.41,5635.61,198939165
2019-09-05,5904.57,5936.71,5883.39,5902.66,145860385
2019-09-06,5755.04,5888.76,5672.31,5782.68,90087089
2019-09-07,5734.84,5791.99,5524.14,5686.1,141717994
2019-09-08,5793.86,5919.18,5751.31,5876.79,124934769
2019-09-09,6129.1,6197.52,6116.23,6154.29,142617357
2019-09-10,6122.97,6382.34,6008.59,6071.41,158235507
2019-09-11,6117.25,6147.6,6048.65,6109.56,58194841
2019-09-12,6322.27,6325.99,6318.12,6319.22,74190603
2019-09-13,6442.79,6622.3,6291.26,6353.97,125787789
2019-09-14,6488.77,6513.28,6244.4,6281.49,93328469
2019-09-15,6095.54,6317.54,6023.93,6203.68,151599526
2019-09-16,6249.05,6365.25,5979.07,6168.07,107676275
2019-09-17,6301.8,6400.78,6268.33,6348.65,182492273
2019-09-18,6468.2,6627.91,6368.76,6470.28,73640482
2019-09-19,6360.57,6455.55,6279.21,6321.12,129844840
2019-09-20,6229.3,6362.57,6211.5,6258.49,58370933
2019-09-21,6097.6,6100.45,6047.15,6081.8,117554891
2019-09-22,6195.55,6229.93,6138.2,6160.73,157920060
2019-09-23,6147.09,6218.51,5930.0,6075.65,66495468
2019-09-24,6220.23,6352.55,6203.67,6214.04,146660047
2019-09-25,6361.29,6422.55,6012.71,6212.42,109000004
2019-09-26,6095.46,6187.63,5867.81,6059.37,177480258
2019-09-27,6074.43,6151.66,5825.6,6041.28,132303129
2019-09-28,5991.16,6044.25,5977.8,6000.26,110129225
2019-09-29,6335.09,6417.37,6005.64,6128.21,66049517
2019-09-30,5550.83,5971.45,5538.94,5941.26,140717183
2019-10-01,5715.84,5986.49,5663.98,5939.0,59194236
2019-10-02,5990.07,6210.52,5919.9,5923.43,122791909
2019-10-03,5978.13,6047.94,5856.47,5913.35,129589947
2019-10-04,5934.7,5938.18,5930.86,5931.0,113033976
2019-10-05,5838.87,5849.08,5818.34,5848.2,64158256
2019-10-06,5893.93,5909.01,5865.3,5866.87,78747352
2019-10-07,5991.16,6015.55,5890.86,5898.01,67067193
2019-10-08,5912.34,5939.33,5835.67,5881.83,138807791
2019-10-09,6025.12,6190.1,6006.89,6016.86,91860153
2019-10-10,5880.37,5998.53,5828.89,5948.53,104938488
2019-10-11,5904.13,6066.45,5886.3,6009.43,78717699
2019-10-12,6149.47,6239.52,6133.68,6173.96,173955043
2019-10-13,6268.74,6444.78,6185.03,6304.42,174479705
2019-10-14,6096.16,6657.88,5981.44,6385.36,114920473
2019-10-15,6281.09,6447.7,6230.67,6428.4,95548874
2019-10-16,6352.28,6401.01,6212.12,6305.08,98477214
2019-10-17,6514.76,6538.79,6507.18,6523.6,121774208
2019-10-18,6330.29,6499.28,6288.32,6489.02,81460522
2019-10-19,6632.83,6782.78,6593.71,6595.07,100224026
2019-10-20,6426.1,6509.37,6321.76,6495.73,91225710
2019-10-21,6648.89,6705.15,6561.3,6637.33,108269246
2019-10-22,6659.49,6744.25,6638.78,6664.94,94034757
2019-10-23,6646.25,6663.02,6477.66,6590.12,72646764
2019-10-24,6618.9,6711.93,6377.05,6501.99,162831271
2019-10-25,6498.23,6571.22,6479.86,6524.19,82433408
2019-10-26,6505.03,6505.82,6463.73,6474.39,58849110
2019-10-27,6743.17,6850.14,6614.53,6671.87,118485658
2019-10-28,6556.24,6586.99,6375.67,6514.26,73057726
2019-10-29,6694.75,6749.14,6610.27,6629.41,173439688
2019-10-30,6548.24,6642.36,6503.99,6514.32,108243784
2019-10-31,6498.23,6510.37,6385.11,6478.28,138059543
2019-11-01,6500.53,6564.78,6469.03,6517.0,116167670
2019-11-02,6330.59,6458.34,6330.51,6371.35,148946742
2019-11-03,6391.33,6437.45,6334.42,6338.53,137460615
2019-11-04,6271.91,6377.7,6267.56,6304.82,105196604
2019-11-05,6215.95,6398.37,6198.53,6374.66,86729038
2019-11-06,6299.01,6610.4,6285.55,6286.1,72045392
2019-11-07,6430.23,6460.97,6419.88,6433.56,75402448
2019-11-08,6642.17,6662.32,6592.46,6642.97,129691435
2019-11-09,6606.74,6644.5,6596.69,6618.54,112123467
2019-11-10,6667.61,6687.48,6530.95,6639.25,117042549
2019-11-11,6587.54,6680.12,6543.32,6672.7,152668183
2019-11-12,6704.38,6896.26,6650.31,6696.33,130907786
2019-11-13,6376.16,6427.84,6281.64,6363.2,101958293
2019-11-14,6424.03,6498.86,6395.49,6488.68,74974520
2019-11-15,6548.49,6653.45,6481.35,6596.87,155657743
2019-11-16,6667.15,6749.72,6662.22,6737.41,175081388
2019-11-17,6651.18,7054.01,6429.52,6653.98,97668651
2019-11-18,6502.22,6960.23,6499.9,6836.12,161434660
2019-11-19,7008.42,7237.18,6698.27,7007.23,165451975
2019-11-20,6996.53,7037.15,6942.27,6991.39,95493290
2019-11-21,6988.64,6995.36,6956.74,6962.73,70433119
2019-11-22,6976.55,7119.54,6884.09,7034.36,101345487
2019-11-23,6948.26,7011.4,6714.75,6942.1,117534252
2019-11-24,6978.17,7314.36,6974.93,7098.08,166592666
2019-11-25,7246.95,7248.44,7186.01,7187.97,76017526
2019-11-26,7067.45,7162.74,7045.42,7090.56,59273330
2019-11-27,7003.63,7180.16,6951.56,7158.72,92115807
2019-11-28,7193.66,7260.09,7144.11,7176.36,152036099
2019-11-29,7294.92,7629.89,6945.24,7247.37,129604639
2019-11-30,7482.39,7699.68,7292.73,7592.12,88934123
2019-12-01,7767.44,7774.17,7553.17,7695.73,133296022
2019-12-02,7542.43,7582.5,7488.5,7523.06,85448991
2019-12-03,7501.38,7660.08,7403.81,7505.14,134967626
2019-12-04,7163.25,7430.25,7098.85,7325.86,142195165
2019-12-05,7384.21,7514.01,7308.87,7415.61,154939482
2019-12-06,7492.13,7736.57,7286.82,7417.93,56252169
2019-12-07,7562.87,7621.84,7454.57,7469.59,156204068
2019-12-08,7682.89,7895.92,7623.34,7656.72,136471916
2019-12-09,7861.73,8113.62,7843.85,7909.42,157177730
2019-12-10,7904.25,7968.22,7851.75,7952.24,83569302
2019-12-11,7874.69,8020.73,7858.76,7957.68,140852103
2019-12-12,7951.28,8133.82,7810.73,7997.68,58755598
2019-12-13,7881.3,8271.76,7798.39,8012.01,134692345
2019-12-14,8182.07,8282.37,8080.72,8151.26,114247601
2019-12-15,8434.25,8455.85,8271.6,8319.96,95993488
2019-12-16,8180.26,8182.05,8122.21,8141.72,172620559
2019-12-17,8059.39,8065.26,7914.93,7956.3,101575042
2019-12-18,7965.04,8025.42,7955.82,8005.46,136327136
2019-12-19,8031.5,8227.41,8019.24,8113.93,137591920
2019-12-20,8231.26,8440.9,8125.4,8342.87,165634864
2019-12-21,8348.74,8732.71,8297.07,8508.15,178160773
2019-12-22,8326.13,8682.43,8314.88,8492.01,101877172
2019-12-23,8386.48,8665.45,8295.28,8558.46,83334955
2019-12-24,8924.36,9070.42,8740.94,8815.27,104907073
2019-12-25,9031.48,9160.87,9027.18,9047.14,130044920
2019-12-26,8969.81,9237.05,8727.25,9112.37,88888869
2019-12-27,9006.57,9185.47,8936.34,9158.44,68823028
2019-12-28,9337.06,9811.17,9173.86,9297.1,93954907
2019-12-29,9027.81,9138.06,8994.76,9007.78,102555916
