Date,Open,High,Low,Close,Volume
2010-01-01,298.96,302.5,291.67,294.98,88758508
2010-01-02,306.85,307.98,300.93,303.0,98245408
2010-01-03,315.17,315.28,312.12,313.68,140994556
2010-01-04,319.61,327.25,314.21,314.81,146142679
2010-01-05,314.98,315.26,309.64,313.17,133481613
2010-01-06,316.17,317.29,312.29,313.34,54671888
2010-01-07,300.8,308.94,294.89,305.44,150316444
2010-01-08,308.34,311.22,308.09,310.74,173496680
2010-01-09,309.07,311.2,307.46,308.51,125743263
2010-01-10,311.11,311.58,309.05,309.14,152544480
2010-01-11,302.13,316.32,301.94,311.79,74223959
2010-01-12,311.45,314.74,309.91,313.05,113519332
2010-01-13,316.63,316.69,314.04,315.57,116675235
2010-01-14,316.64,319.09,312.1,317.54,93483386
2010-01-15,322.98,326.28,321.5,323.81,133171444
2010-01-16,330.05,333.5,326.07,327.21,87198051
2010-01-17,316.04,329.99,314.38,322.59,91608265
2010-01-18,321.3,321.57,317.08,319.5,136170317
2010-01-19,313.84,318.45,312.64,317.08,125305844
2010-01-20,319.76,326.1,319.76,325.04,134437816
2010-01-21,325.58,328.15,323.63,324.36,117756917
2010-01-22,333.37,334.02,333.0,333.44,78675079
2010-01-23,332.45,334.98,326.96,334.55,148880446
2010-01-24,335.61,335.74,334.5,334.71,99953455
2010-01-25,328.31,330.26,324.88,327.48,64853491
2010-01-26,326.24,330.28,322.53,327.95,136170909
2010-01-27,323.41,326.28,322.76,323.97,142256111
2010-01-28,331.31,333.44,323.24,325.46,137884828
2010-01-29,324.59,330.2,323.6,329.63,161272737
2010-01-30,332.43,332.52,330.74,331.82,158165370
2010-01-31,336.67,345.26,330.64,336.52,73629246
2010-02-01,337.25,338.82,333.0,336.82,94240293
2010-02-02,338.34,340.28,335.04,336.11,125104831
2010-02-03,330.72,335.1,330.64,331.63,168521120
2010-02-04,328.79,335.91,324.96,334.73,143328619
2010-02-05,334.97,339.06,334.89,338.92,118106232
2010-02-06,332.68,333.34,326.13,330.34,89365169
2010-02-07,326.7,329.91,325.91,328.85,107030748
2010-02-08,320.45,324.62,317.11,324.45,61938274
2010-02-09,333.74,335.44,326.71,327.63,75266279
2010-02-10,324.94,327.84,318.51,326.74,69341207
2010-02-11,318.89,321.64,315.47,316.82,72372495
2010-02-12,315.32,322.65,309.9,317.72,55346494
2010-02-13,316.94,319.59,315.01,319.4,129530323
2010-02-14,317.61,317.9,317.49,317.89,80985938
2010-02-15,311.36,311.58,310.91,310.96,170942528
2010-02-16,312.3,314.63,305.79,310.1,137634805
2010-02-17,308.77,310.88,308.27,309.37,112781808
2010-02-18,313.51,314.01,310.52,311.17,96980939
2010-02-19,306.27,315.08,302.58,309.72,145722431
2010-02-20,300.06,309.22,299.23,307.32,66338128
2010-02-21,307.9,309.65,307.12,308.16,129746186
2010-02-22,314.57,318.13,309.57,313.69,150046520
2010-02-23,314.1,316.7,313.75,314.32,142959714
2010-02-24,308.9,309.46,306.18,307.93,110653137
2010-02-25,307.81,311.39,298.84,304.55,87275307
2010-02-26,307.96,308.38,301.75,305.68,78491502
2010-02-27,308.54,318.01,303.8,311.44,147277867
2010-02-28,308.46,309.2,307.0,308.88,63398596
2010-03-01,309.11,322.23,299.26,307.57,57371820
2010-03-02,315.6,317.86,313.06,313.22,169637706
2010-03-03,321.67,321.79,313.15,316.06,150234569
2010-03-04,311.01,336.18,305.5,313.76,82212438
2010-03-05,317.06,324.05,311.51,313.35,95840340
2010-03-06,321.0,324.63,309.49,315.91,65904335
2010-03-07,321.06,323.86,318.6,318.6,100109465
2010-03-08,322.04,324.77,318.0,320.11,97728042
2010-03-09,318.07,325.14,316.65,319.31,110045028
2010-03-10,320.24,322.34,315.67,318.58,73919969
2010-03-11,315.88,324.84,306.11,314.04,150710251
2010-03-12,313.77,314.1,309.46,310.73,108319347
2010-03-13,312.99,316.65,310.52,311.09,74194569
2010-03-14,318.96,319.14,311.76,312.26,63507147
2010-03-15,320.54,328.91,312.91,317.65,77552537
2010-03-16,321.24,324.58,312.03,315.47,94437657
2010-03-17,312.44,319.19,309.73,314.61,108399014
2010-03-18,318.66,318.91,313.9,314.76,67251234
2010-03-19,310.29,311.53,310.27,311.07,92783994
2010-03-20,319.66,323.21,318.88,320.25,136315773
2010-03-21,324.04,324.99,321.31,323.67,106018951
2010-03-22,318.3,320.39,317.24,319.48,94257612
2010-03-23,315.66,316.97,310.69,316.72,132472385
2010-03-24,314.08,323.13,309.48,314.4,98367198
2010-03-25,316.54,320.65,315.61,317.48,124824911
2010-03-26,313.24,314.67,310.98,311.0,174923475
2010-03-27,315.54,316.39,315.33,316.33,91721437
2010-03-28,315.25,316.09,307.57,310.86,122818157
2010-03-29,316.96,317.63,310.25,314.42,94183854
2010-03-30,314.89,315.63,313.4,315.55,78241900
2010-03-31,321.55,323.55,317.31,319.82,98247026
2010-04-01,321.43,321.74,320.3,320.9,54137938
2010-04-02,326.5,328.1,323.28,323.92,158458182
2010-04-03,320.48,326.82,319.19,319.67,159143553
2010-04-04,321.39,323.17,321.32,322.28,119021254
2010-04-05,323.75,330.06,321.78,323.86,89213559
2010-04-06,315.47,324.67,314.93,319.92,163139719
2010-04-07,318.27,318.85,314.73,316.31,60883287
2010-04-08,319.83,325.6,317.47,319.69,81301150
2010-04-09,322.7,323.95,316.56,323.58,162642177
2010-04-10,331.39,337.03,328.96,331.97,186624534
2010-04-11,327.38,328.99,323.56,323.68,96528434
2010-04-12,322.79,325.84,316.81,325.5,93105641
2010-04-13,318.32,326.52,317.72,323.04,114242958
2010-04-14,319.78,323.36,312.28,317.32,72127263
2010-04-15,318.94,329.31,317.64,326.33,170821033
2010-04-16,321.41,322.38,318.93,321.05,71226589
2010-04-17,328.12,330.35,325.78,326.24,149010571
2010-04-18,328.24,332.92,317.33,326.13,86876506
2010-04-19,324.83,333.75,319.86,327.31,68619509
2010-04-20,322.88,328.5,322.82,324.73,69913685
2010-04-21,328.17,332.46,314.66,324.78,51918593
2010-04-22,318.31,331.27,312.03,324.01,68846505
2010-04-23,323.44,330.91,316.33,321.48,54926844
2010-04-24,316.51,318.25,315.8,317.68,132099945
2010-04-25,325.01,329.26,316.16,317.29,94696437
2010-04-26,319.36,322.41,318.05,318.69,142035454
2010-04-27,314.79,315.52,313.82,315.4,108248807
2010-04-28,315.1,316.19,314.59,315.3,130433472
2010-04-29,321.44,322.18,317.07,318.55,88228865
2010-04-30,325.79,336.56,323.94,327.38,136830065
2010-05-01,334.79,335.22,331.85,332.24,70277024
2010-05-02,336.78,338.31,331.48,334.81,79501303
2010-05-03,331.66,342.17,325.23,330.67,141114357
2010-05-04,337.66,338.08,329.28,331.82,70972123
2010-05-05,327.69,338.49,324.05,332.17,118922143
2010-05-06,331.62,355.12,329.17,336.85,124267062
2010-05-07,338.22,338.74,336.49,337.93,53226206
2010-05-08,345.64,345.88,343.08,343.19,83685908
2010-05-09,330.49,333.61,329.89,333.53,178364215
2010-05-10,330.28,336.4,328.8,329.45,151006784
2010-05-11,330.13,330.19,330.04,330.18,123263435
2010-05-12,327.74,332.05,321.89,329.45,65249966
2010-05-13,327.21,327.35,326.92,327.03,61333533
2010-05-14,323.06,334.78,320.26,328.53,82838055
2010-05-15,329.5,330.48,326.2,329.59,149008480
2010-05-16,325.19,326.1,319.33,322.51,86261645
2010-05-17,315.53,319.46,312.42,319.42,89908542
2010-05-18,317.55,320.12,316.1,316.11,145058536
2010-05-19,317.33,321.39,314.09,320.25,96112258
2010-05-20,319.62,325.93,312.21,318.64,117064966
2010-05-21,309.69,315.61,307.44,310.19,138734386
2010-05-22,308.99,312.73,308.02,309.96,150757139
2010-05-23,304.13,317.07,302.72,303.76,73540248
2010-05-24,305.02,306.7,303.41,306.3,92211310
2010-05-25,308.33,312.08,308.26,308.71,128239750
2010-05-26,305.79,305.84,304.26,305.24,136169365
2010-05-27,299.03,299.97,297.08,299.08,88264972
2010-05-28,303.89,304.66,296.11,301.83,146462549
2010-05-29,299.28,302.1,298.19,301.73,136607496
2010-05-30,295.28,295.75,292.91,295.4,149199340
2010-05-31,286.85,298.21,286.09,295.78,136879501
2010-06-01,295.39,297.59,291.42,296.79,145765861
2010-06-02,302.87,305.65,296.9,301.88,117323663
2010-06-03,296.92,301.71,296.73,297.07,147421103
2010-06-04,302.77,308.57,295.67,300.7,62737871
2010-06-05,297.48,299.14,297.11,297.68,150040588
2010-06-06,308.05,308.7,298.83,301.51,89430886
2010-06-07,299.76,306.38,294.32,301.61,97108808
2010-06-08,301.46,306.09,300.74,301.98,128002525
2010-06-09,310.29,311.09,302.5,303.98,132719649
2010-06-10,305.54,305.88,298.19,300.69,145641526
2010-06-11,294.5,298.73,287.42,292.62,124046370
2010-06-12,290.01,292.4,287.98,289.92,114890768
2010-06-13,295.97,296.7,294.01,295.1,117673905
2010-06-14,297.77,302.04,295.86,296.26,140007405
2010-06-15,297.77,298.76,297.3,298.68,116886976
2010-06-16,295.48,300.11,293.59,296.54,146433292
2010-06-17,299.99,300.82,293.44,297.97,97709732
2010-06-18,288.98,294.87,288.55,292.24,90627929
2010-06-19,289.82,293.46,287.91,289.54,138937323
2010-06-20,284.25,287.24,282.67,284.94,87803821
2010-06-21,277.25,280.01,274.02,274.34,124250769
2010-06-22,267.61,272.28,264.88,268.94,86276541
2010-06-23,257.76,262.32,252.39,257.44,149381192
2010-06-24,260.06,265.89,259.37,260.85,101787074
2010-06-25,261.97,263.93,259.56,262.47,157528399
2010-06-26,257.38,263.92,254.12,257.5,163052722
2010-06-27,249.12,255.03,248.86,254.64,162670878
2010-06-28,252.25,254.32,248.36,251.98,77508020
2010-06-29,245.92,251.75,241.87,247.59,91576733
2010-06-30,244.92,250.53,244.03,247.62,80993380
2010-07-01,255.1,256.12,253.21,253.44,114124988
2010-07-02,260.22,261.97,255.03,260.43,133946886
2010-07-03,263.09,265.5,259.74,260.27,99811258
2010-07-04,264.57,267.62,262.15,265.46,133825128
2010-07-05,259.64,261.81,259.62,260.48,65159603
2010-07-06,260.83,262.39,259.41,260.25,112117282
2010-07-07,261.08,263.19,257.78,260.76,135979294
2010-07-08,258.29,265.15,257.97,262.46,59165491
2010-07-09,260.26,260.35,259.12,260.23,150895791
2010-07-10,257.41,258.68,257.27,257.98,81084628
2010-07-11,263.16,263.6,257.9,259.67,158686903
2010-07-12,267.07,267.78,263.61,263.82,68973301
2010-07-13,264.88,266.52,263.53,264.41,54578828
2010-07-14,265.91,268.17,263.33,263.78,85761436
2010-07-15,264.68,268.26,263.08,264.05,112653056
2010-07-16,267.26,268.76,266.68,268.14,79697566
2010-07-17,266.95,267.97,262.92,267.12,108023810
2010-07-18,261.13,271.97,258.4,264.58,138549220
2010-07-19,264.73,273.1,263.06,265.11,107883881
2010-07-20,262.28,267.09,262.06,262.67,145891901
2010-07-21,266.19,272.5,265.35,270.11,148575382
2010-07-22,271.36,274.8,270.61,273.97,159907798
2010-07-23,273.51,274.48,272.98,273.75,127851139
2010-07-24,274.53,278.46,271.16,272.78,95375290
2010-07-25,277.8,277.81,277.2,277.43,84632871
2010-07-26,279.94,281.14,279.26,280.81,109488219
2010-07-27,285.0,293.68,280.11,284.27,88037248
2010-07-28,285.35,286.4,282.06,283.93,58532936
2010-07-29,281.79,288.48,271.2,280.11,152559143
2010-07-30,280.96,284.56,275.49,281.33,86865481
2010-07-31,282.15,282.31,280.21,280.56,83266614
2010-08-01,280.77,288.27,279.04,281.39,76349031
2010-08-02,287.13,290.08,282.4,285.27,147146253
2010-08-03,287.75,292.91,280.79,285.55,51484196
2010-08-04,282.85,284.52,282.57,283.77,104247992
2010-08-05,280.36,283.85,265.19,278.38,98774617
2010-08-06,277.29,283.64,275.77,277.38,127548097
2010-08-07,273.78,274.08,272.1,273.68,158177159
2010-08-08,274.38,275.81,271.39,274.96,69404876
2010-08-09,278.1,278.26,275.72,276.58,100000918
2010-08-10,279.07,280.58,274.21,277.62,80936219
2010-08-11,285.97,286.95,283.67,283.98,161184238
2010-08-12,282.53,290.57,282.11,283.47,138518011
2010-08-13,278.95,282.24,273.68,276.39,183855786
2010-08-14,271.05,276.42,270.39,272.9,148196608
2010-08-15,280.68,282.63,278.38,278.66,120410503
2010-08-16,274.7,275.86,271.96,274.54,104462355
2010-08-17,268.98,272.0,267.87,269.98,82402395
2010-08-18,268.57,269.85,265.84,268.02,62408603
2010-08-19,267.47,269.7,266.86,268.4,145642113
2010-08-20,260.94,262.2,260.85,262.07,125976904
2010-08-21,263.24,263.71,258.4,263.17,70301468
2010-08-22,255.58,258.44,255.32,257.46,151447703
2010-08-23,259.25,262.32,259.13,261.33,70045014
2010-08-24,266.61,268.54,261.1,261.42,75896779
2010-08-25,256.26,275.39,253.55,261.42,74368206
2010-08-26,267.52,269.99,262.81,264.83,82249571
2010-08-27,264.1,264.28,261.77,263.29,65636175
2010-08-28,262.24,268.29,258.69,263.86,106602325
2010-08-29,263.93,267.04,263.66,265.81,137420119
2010-08-30,263.07,264.37,258.26,261.99,102783283
2010-08-31,255.38,261.59,253.72,260.1,134773479
2010-09-01,257.76,264.22,257.58,261.63,142397806
2010-09-02,261.24,263.89,256.65,261.41,70594324
2010-09-03,262.6,266.84,256.67,263.5,139550565
2010-09-04,263.6,265.08,261.83,264.33,93583527
2010-09-05,262.84,265.2,261.67,264.55,107130960
2010-09-06,268.11,268.78,267.88,268.41,148529738
2010-09-07,267.99,268.66,266.28,267.04,97252516
2010-09-08,264.94,265.28,264.91,265.24,110838793
2010-09-09,262.88,263.25,262.35,263.23,109331820
2010-09-10,271.08,272.63,267.89,269.05,62681241
2010-09-11,264.57,264.58,260.44,262.92,174755411
2010-09-12,259.9,265.77,255.47,260.82,148431201
2010-09-13,259.28,260.21,258.61,259.7,126023619
2010-09-14,264.61,265.42,261.78,263.28,122376608
2010-09-15,261.56,261.62,260.1,261.36,119851144
2010-09-16,260.52,262.16,260.02,261.2,69172052
2010-09-17,268.0,272.35,258.08,262.51,91531371
2010-09-18,261.97,265.67,255.69,261.2,68019049
2010-09-19,264.92,270.85,262.01,264.78,80840051
2010-09-20,268.06,268.43,265.28,266.79,135664557
2010-09-21,265.97,267.36,261.51,266.62,59246666
2010-09-22,269.01,273.75,268.21,269.2,104392347
2010-09-23,266.37,272.61,265.51,269.25,122933908
2010-09-24,281.02,281.4,278.23,280.87,134420811
2010-09-25,280.24,286.12,278.25,278.71,74098513
2010-09-26,274.14,278.44,272.32,276.32,102768248
2010-09-27,270.03,279.42,268.73,278.22,64086548
2010-09-28,269.28,274.1,266.83,271.86,94805178
2010-09-29,274.67,277.75,273.77,274.24,102335881
2010-09-30,270.09,272.76,265.01,271.28,139913169
2010-10-01,264.08,269.44,262.7,268.15,157921608
2010-10-02,271.96,273.63,267.54,271.1,150466386
2010-10-03,275.95,277.83,274.85,276.64,103527505
2010-10-04,280.4,281.34,280.04,280.73,169034872
2010-10-05,282.21,283.64,279.96,281.16,106948792
2010-10-06,291.38,300.52,282.94,287.05,108426913
2010-10-07,287.4,289.31,280.13,287.4,103485094
2010-10-08,276.23,282.33,273.11,279.75,138292601
2010-10-09,278.02,290.53,272.64,279.33,148665185
2010-10-10,278.24,291.41,273.9,283.2,113895438
2010-10-11,278.05,280.69,272.09,279.49,68254067
2010-10-12,282.02,284.45,280.14,280.39,154503564
2010-10-13,274.86,279.48,271.93,277.58,151408160
2010-10-14,268.45,272.58,263.63,269.78,141406619
2010-10-15,272.82,273.51,268.68,271.27,65153123
2010-10-16,273.35,273.87,271.14,271.21,55503834
2010-10-17,269.67,271.61,268.3,269.75,127365806
2010-10-18,266.07,269.67,265.82,268.74,74982785
2010-10-19,264.23,269.47,263.98,268.66,68057580
2010-10-20,270.83,271.08,266.07,269.79,74146459
2010-10-21,261.05,265.57,260.05,264.08,75116899
2010-10-22,264.62,266.6,253.15,261.59,148518637
2010-10-23,257.83,262.07,257.76,261.34,128050822
2010-10-24,259.22,264.09,256.92,259.52,140156799
2010-10-25,262.47,264.55,262.08,263.21,72140309
2010-10-26,265.4,266.58,261.62,263.56,76548884
2010-10-27,256.93,263.62,256.32,262.79,77520677
2010-10-28,261.82,262.73,260.69,262.3,83662367
2010-10-29,264.73,265.2,257.0,265.04,99458485
2010-10-30,259.48,262.61,258.32,262.13,82990186
2010-10-31,262.13,265.43,258.91,260.4,84185702
2010-11-01,260.54,264.11,258.88,260.42,50356468
2010-11-02,258.32,266.44,256.23,264.31,120134865
2010-11-03,266.08,269.45,263.06,263.56,107529189
2010-11-04,263.69,264.34,263.56,263.72,120693912
2010-11-05,266.91,267.12,265.98,267.05,58826542
2010-11-06,268.24,271.21,267.21,267.82,124568257
2010-11-07,267.87,268.75,267.84,268.24,137116827
2010-11-08,253.75,257.94,253.48,257.65,103646114
2010-11-09,256.79,256.97,253.69,256.25,146701854
2010-11-10,257.01,258.81,256.29,257.32,63067067
2010-11-11,261.55,266.71,257.72,262.37,177169953
2010-11-12,260.22,265.92,258.13,261.47,100540578
2010-11-13,259.83,262.73,258.76,260.02,123915863
2010-11-14,262.87,263.56,261.26,262.28,72015573
2010-11-15,265.23,270.24,262.0,266.87,135483104
2010-11-16,267.13,268.5,265.43,267.02,95892177
2010-11-17,267.72,269.41,262.18,269.1,140094168
2010-11-18,269.05,270.48,268.39,269.1,142251367
2010-11-19,267.09,268.92,262.55,266.94,105435746
2010-11-20,267.82,271.23,261.74,265.54,87930069
2010-11-21,260.27,271.98,258.07,263.86,98462507
2010-11-22,266.72,271.63,266.71,268.7,121800418
2010-11-23,265.77,270.42,263.15,267.75,80177013
2010-11-24,262.62,270.15,261.35,269.59,116112382
2010-11-25,272.22,272.63,269.63,270.85,106799150
2010-11-26,281.62,283.11,261.32,275.07,83229640
2010-11-27,274.3,277.98,273.18,273.77,65133532
2010-11-28,277.06,277.23,267.9,269.62,99883365
2010-11-29,264.45,271.25,263.04,267.8,108775808
2010-11-30,262.4,266.65,261.57,263.77,67432865
2010-12-01,263.82,271.29,259.05,265.05,95842426
2010-12-02,258.85,266.82,257.68,266.01,96639743
2010-12-03,264.59,267.03,261.36,264.6,122740200
2010-12-04,266.67,269.85,266.38,267.79,66637323
2010-12-05,268.12,272.58,266.06,268.56,127906614
2010-12-06,257.85,260.58,257.56,257.73,205947478
2010-12-07,261.85,263.88,255.68,258.39,51752875
2010-12-08,258.75,260.95,258.53,259.52,85869677
2010-12-09,264.66,267.0,257.34,258.82,122855755
2010-12-10,256.33,259.44,256.05,257.13,142828593
2010-12-11,264.42,266.58,260.9,264.27,142833660
2010-12-12,266.47,270.53,261.23,265.48,59162905
2010-12-13,271.26,277.18,268.91,270.01,139950052
2010-12-14,274.48,275.7,270.4,273.41,60697281
2010-12-15,272.6,274.02,269.48,272.35,56245359
2010-12-16,266.62,268.61,264.53,265.45,83207364
2010-12-17,263.0,276.96,254.24,264.43,74087923
2010-12-18,264.79,265.29,259.25,262.49,67917191
2010-12-19,268.67,269.33,264.79,265.02,146086951
2010-12-20,271.63,274.62,269.98,270.84,131266624
2010-12-21,274.21,275.05,273.9,274.51,60398451
2010-12-22,276.86,277.23,276.69,277.02,92121911
2010-12-23,286.51,289.56,274.94,279.6,64623123
2010-12-24,276.31,281.17,274.88,279.66,89101566
2010-12-25,278.18,282.61,277.31,278.51,128213762
2010-12-26,276.92,278.03,274.15,277.1,104679638
2010-12-27,273.01,276.14,272.27,275.34,130838578
2010-12-28,276.52,283.76,274.1,275.9,80030740
2010-12-29,275.4,277.78,270.48,276.72,144479677
2010-12-30,274.39,275.23,272.18,273.99,153173931
2010-12-31,265.9,268.19,264.01,267.1,140814851
2011-01-01,269.72,270.16,266.55,269.78,72533837
2011-01-02,271.5,280.82,267.86,270.95,62601749
2011-01-03,270.07,270.1,269.7,269.77,156249437
2011-01-04,272.73,274.5,271.88,274.04,100622355
2011-01-05,274.17,277.07,270.57,276.44,55037980
2011-01-06,273.53,273.93,272.2,272.7,76471355
2011-01-07,266.45,273.44,262.71,272.66,138794048
2011-01-08,282.66,285.32,275.47,277.84,148808265
2011-01-09,279.99,281.47,277.74,277.81,122388487
2011-01-10,280.4,283.0,279.92,282.06,116428248
2011-01-11,288.3,288.82,286.35,286.99,111035703
2011-01-12,288.37,296.78,285.27,288.35,70946658
2011-01-13,286.88,289.23,285.92,286.79,134227658
2011-01-14,285.75,288.86,284.18,287.92,90420527
2011-01-15,292.69,297.46,289.32,296.67,154651031
2011-01-16,296.69,299.18,296.02,298.11,80704456
2011-01-17,306.26,311.0,300.75,306.85,171369952
2011-01-18,316.49,318.93,309.92,314.38,120125928
2011-01-19,312.11,317.92,306.48,311.84,158606108
2011-01-20,298.99,310.19,297.02,306.33,105832525
2011-01-21,309.14,310.67,306.97,308.58,154736203
2011-01-22,303.84,304.04,301.93,302.09,130490084
2011-01-23,309.99,312.32,308.58,311.56,168095455
2011-01-24,310.26,313.44,307.88,311.57,128265182
2011-01-25,303.48,311.02,303.21,307.47,130449988
2011-01-26,312.09,315.71,307.3,310.5,57425829
2011-01-27,306.38,306.99,303.91,306.72,135558322
2011-01-28,303.94,308.44,301.08,305.94,87512709
2011-01-29,303.04,305.43,300.94,302.38,93305019
2011-01-30,301.14,304.81,298.66,300.82,130889226
2011-01-31,300.52,301.25,300.18,300.77,100568198
2011-02-01,293.79,298.62,285.77,293.81,118795670
2011-02-02,289.62,290.49,287.61,288.06,61280042
2011-02-03,283.72,284.55,282.78,283.74,70747670
2011-02-04,286.34,290.26,286.26,286.71,124209365
2011-02-05,289.14,290.62,287.92,288.76,155516645
2011-02-06,301.73,302.37,285.54,292.93,96545080
2011-02-07,291.98,293.28,287.01,289.7,142152023
2011-02-08,279.04,289.09,272.4,281.5,192700224
2011-02-09,279.54,285.56,279.28,282.57,113486461
2011-02-10,284.44,287.48,281.67,283.31,118411750
2011-02-11,282.26,283.95,275.4,279.29,104692902
2011-02-12,276.35,282.31,273.39,281.89,144546904
2011-02-13,288.08,291.15,287.74,289.44,144966924
2011-02-14,284.06,288.26,281.54,285.73,93048213
2011-02-15,284.69,288.82,284.62,285.39,104312689
2011-02-16,300.48,300.51,282.31,284.24,55554831
2011-02-17,290.5,294.43,288.38,292.25,132755015
2011-02-18,295.04,296.9,293.11,293.26,67916966
2011-02-19,289.96,293.88,289.57,292.05,108920305
2011-02-20,282.78,286.68,282.06,283.73,186904584
2011-02-21,291.05,291.44,290.52,290.77,74977962
2011-02-22,286.23,291.33,286.07,289.85,61337526
2011-02-23,286.25,291.3,286.15,287.63,76821445
2011-02-24,286.51,286.82,280.75,285.55,153194375
2011-02-25,289.41,292.06,288.84,291.4,127275422
2011-02-26,284.78,287.57,284.31,284.84,164135282
2011-02-27,286.85,289.37,285.08,286.26,144739875
2011-02-28,287.86,292.63,279.13,289.01,84513914
2011-03-01,299.09,303.19,297.99,300.48,120385068
2011-03-02,306.52,306.72,301.05,303.34,59735522
2011-03-03,308.48,312.25,304.08,307.62,111233156
2011-03-04,298.82,305.51,296.74,302.36,170018780
2011-03-05,296.43,304.0,293.37,301.8,96094838
2011-03-06,297.9,303.64,294.29,300.62,123161410
2011-03-07,295.2,304.27,295.19,299.22,119339377
2011-03-08,297.24,297.38,296.12,297.29,122346338
2011-03-09,298.81,299.84,297.84,298.48,122371925
2011-03-10,298.4,300.16,293.91,297.54,84531587
2011-03-11,294.28,302.12,289.53,296.05,136104102
2011-03-12,286.54,300.59,286.51,291.13,144087293
2011-03-13,292.57,294.76,284.65,291.75,120447752
2011-03-14,291.15,292.33,288.02,288.65,122668760
2011-03-15,285.52,286.56,282.37,286.25,115421645
2011-03-16,287.24,290.74,272.18,285.39,121166360
2011-03-17,284.58,286.29,282.48,286.0,91320193
2011-03-18,290.99,292.73,288.83,289.57,118330848
2011-03-19,293.6,295.32,290.68,293.75,60881882
2011-03-20,296.58,296.63,293.37,293.93,105892402
2011-03-21,297.89,300.8,294.14,295.97,118830382
2011-03-22,300.05,300.05,299.38,299.48,124223099
2011-03-23,296.4,300.32,292.21,296.11,165175197
2011-03-24,293.85,293.92,293.7,293.71,130248854
2011-03-25,291.57,294.85,287.84,289.1,93604576
2011-03-26,290.1,290.62,288.89,289.17,132140307
2011-03-27,291.22,294.88,289.36,289.94,125836314
2011-03-28,292.01,292.35,289.5,289.98,58318868
2011-03-29,298.31,299.36,294.42,296.4,133288838
2011-03-30,299.94,300.59,295.05,298.63,138481077
2011-03-31,293.61,299.99,289.75,299.64,61574142
2011-04-01,302.06,303.41,293.01,297.79,140329169
2011-04-02,297.16,299.69,297.01,299.02,92150314
2011-04-03,295.36,299.28,293.03,298.66,148853390
2011-04-04,304.52,305.51,302.8,304.24,158739852
2011-04-05,309.52,312.65,307.35,308.95,149787102
2011-04-06,317.59,318.8,316.58,317.96,76727775
2011-04-07,314.83,320.17,311.11,315.68,69480376
2011-04-08,310.39,315.9,309.64,313.56,145532723
2011-04-09,310.77,311.62,308.0,308.69,83175640
2011-04-10,314.05,320.76,311.6,311.65,54810127
2011-04-11,316.74,316.94,314.56,316.93,153381549
2011-04-12,311.02,318.0,309.13,310.52,165636916
2011-04-13,312.47,314.4,305.36,311.29,153060634
2011-04-14,315.73,316.87,311.04,314.67,73884418
2011-04-15,315.39,318.43,306.54,310.89,103893468
2011-04-16,311.45,314.36,302.66,307.87,159319143
2011-04-17,310.08,310.46,304.52,306.91,88284917
2011-04-18,304.63,308.57,302.99,303.96,126893215
2011-04-19,311.37,312.22,310.38,311.25,68878710
2011-04-20,310.53,315.95,306.51,310.88,101440755
2011-04-21,310.48,312.85,310.46,311.51,124166419
2011-04-22,317.02,319.38,312.24,315.29,129222480
2011-04-23,313.68,316.87,306.3,310.85,64159724
2011-04-24,312.8,314.04,308.57,310.16,142888178
2011-04-25,315.97,320.48,312.22,315.24,98322939
2011-04-26,309.57,314.17,307.34,310.87,131107472
2011-04-27,320.35,320.81,312.94,314.88,168341625
2011-04-28,314.72,318.97,313.76,315.45,58177870
2011-04-29,311.38,315.7,301.38,310.66,172535560
2011-04-30,312.31,312.65,309.87,311.1,149207881
2011-05-01,313.17,320.43,311.41,318.6,177920475
2011-05-02,311.2,311.68,310.75,310.96,137967845
2011-05-03,312.68,314.12,299.25,306.83,140733646
2011-05-04,306.19,311.07,302.37,308.47,134629613
2011-05-05,297.08,302.02,294.36,298.0,146329802
2011-05-06,307.73,307.74,303.03,304.69,158828253
2011-05-07,303.9,308.27,299.14,302.32,103090756
2011-05-08,310.73,310.9,301.59,303.84,92334061
2011-05-09,299.25,303.02,291.72,296.22,113306582
2011-05-10,290.51,296.37,289.1,295.3,116046802
2011-05-11,305.32,308.63,299.37,303.37,186576181
2011-05-12,297.58,297.72,297.04,297.34,133608517
2011-05-13,298.95,305.15,298.78,301.96,133798829
2011-05-14,300.96,304.78,299.01,303.47,104720963
2011-05-15,300.39,302.52,296.7,297.42,76306330
2011-05-16,309.22,312.04,304.83,308.1,79826709
2011-05-17,304.07,306.05,302.47,303.98,133795514
2011-05-18,303.86,307.59,300.03,302.42,153031426
2011-05-19,302.05,302.93,297.8,298.61,117780125
2011-05-20,290.88,296.99,286.98,292.79,162570409
2011-05-21,292.35,293.59,287.41,290.39,135353673
2011-05-22,284.48,285.57,283.03,284.63,106885568
2011-05-23,285.12,287.09,279.96,284.97,131324946
2011-05-24,286.14,286.55,285.32,286.19,75574576
2011-05-25,287.89,297.19,283.43,284.84,115299584
2011-05-26,284.3,285.52,280.0,283.18,81912731
2011-05-27,276.13,284.43,275.55,276.93,140015992
2011-05-28,285.18,286.54,283.9,284.01,169800581
2011-05-29,287.74,290.05,281.62,283.94,84603160
2011-05-30,280.94,284.35,280.18,283.76,109004271
2011-05-31,290.64,290.66,277.85,288.72,102798500
2011-06-01,296.63,297.03,287.24,289.11,144772720
2011-06-02,292.63,293.36,291.74,292.76,78144295
2011-06-03,288.76,290.29,281.6,288.33,63181486
2011-06-04,292.78,293.07,291.47,292.4,129805481
2011-06-05,298.21,304.08,294.34,300.01,164904794
2011-06-06,304.72,316.52,287.89,305.46,92310838
2011-06-07,307.32,312.93,303.14,304.46,110121598
2011-06-08,300.94,305.52,300.19,301.92,94808754
2011-06-09,307.15,313.43,306.62,307.9,136050818
2011-06-10,310.26,312.69,309.13,310.74,153883623
2011-06-11,311.41,312.47,305.37,310.75,130468918
2011-06-12,312.92,313.0,311.17,312.07,152032322
2011-06-13,301.4,314.33,299.16,307.58,161972778
2011-06-14,310.37,319.86,303.07,306.85,58413238
2011-06-15,308.05,310.54,305.36,306.31,78586391
2011-06-16,302.32,306.74,300.94,303.97,74311411
2011-06-17,302.34,306.18,299.36,302.91,143062257
2011-06-18,298.92,301.01,298.56,300.46,125799383
2011-06-19,303.11,306.51,302.56,303.14,155447119
2011-06-20,302.15,304.78,299.67,301.22,156529157
2011-06-21,298.53,299.37,292.23,297.45,58570715
2011-06-22,297.95,301.07,292.46,295.5,139862123
2011-06-23,298.41,303.24,293.21,295.5,50367238
2011-06-24,295.33,298.64,290.78,294.29,133269260
2011-06-25,291.79,295.47,290.18,295.3,52086062
2011-06-26,284.86,294.49,283.97,292.84,126043513
2011-06-27,291.56,294.4,289.03,290.39,75220669
2011-06-28,285.07,291.86,278.84,285.55,62851400
2011-06-29,291.15,295.8,284.64,289.77,79378062
2011-06-30,291.57,291.84,289.0,290.52,72731891
2011-07-01,289.56,290.66,283.92,285.63,112416537
2011-07-02,280.05,289.55,279.53,283.01,124335448
2011-07-03,281.47,284.65,279.13,280.12,97800357
2011-07-04,274.51,277.39,271.92,275.29,142713801
2011-07-05,278.14,278.64,272.47,274.27,87240128
2011-07-06,267.37,271.47,266.66,268.81,171325902
2011-07-07,267.96,272.2,265.33,270.56,130177739
2011-07-08,265.37,272.8,262.33,272.47,112036326
2011-07-09,276.6,278.54,267.03,270.49,113166771
2011-07-10,275.62,281.38,269.15,271.77,52913065
2011-07-11,267.07,271.41,266.67,271.04,134045575
2011-07-12,265.88,268.94,264.78,266.28,160302157
2011-07-13,268.52,273.96,267.53,271.92,175160890
2011-07-14,279.7,283.2,274.92,276.7,143277632
2011-07-15,279.29,280.98,278.25,278.43,95535945
2011-07-16,278.12,279.18,277.92,278.13,97851707
2011-07-17,280.16,281.21,279.36,279.71,152829079
2011-07-18,286.51,287.41,285.41,286.95,169203868
2011-07-19,290.16,291.72,286.63,286.98,146641857
2011-07-20,290.49,292.93,289.19,292.84,79226951
2011-07-21,295.04,295.53,286.9,291.03,80974590
2011-07-22,293.0,293.46,284.5,289.18,137508433
2011-07-23,296.23,298.12,292.84,293.05,74124535
2011-07-24,294.83,295.73,291.32,293.96,82917590
2011-07-25,294.56,297.48,294.4,296.29,90139664
2011-07-26,296.87,299.28,293.95,299.24,161448181
2011-07-27,294.89,305.72,289.78,297.38,127526270
2011-07-28,303.38,304.19,297.28,300.84,86013490
2011-07-29,296.91,298.79,289.07,291.98,152168685
2011-07-30,298.52,300.74,296.15,297.97,121040289
2011-07-31,293.41,293.87,289.01,290.8,118828961
2011-08-01,287.57,293.9,284.66,287.63,60821481
2011-08-02,287.57,288.61,286.3,287.93,128214501
2011-08-03,290.34,292.03,285.52,289.1,99363303
2011-08-04,290.99,292.81,287.44,290.38,85318741
2011-08-05,294.55,296.1,293.39,294.75,67811663
2011-08-06,289.69,294.54,287.56,288.07,62685888
2011-08-07,289.46,297.03,285.22,286.29,157502000
2011-08-08,282.2,282.56,277.83,281.56,131829430
2011-08-09,290.85,296.94,283.18,286.41,69480987
2011-08-10,288.78,290.81,281.94,286.78,113949798
2011-08-11,289.43,291.26,286.08,288.22,95381956
2011-08-12,275.11,277.81,273.26,273.95,106229730
2011-08-13,276.65,279.4,275.81,276.61,104509777
2011-08-14,276.69,278.14,275.89,276.85,63344924
2011-08-15,263.38,275.03,262.75,269.87,87622864
2011-08-16,275.45,279.16,271.62,273.58,110718143
2011-08-17,272.37,272.84,270.81,272.7,52592861
2011-08-18,274.36,275.21,273.19,273.65,52209172
2011-08-19,277.67,279.57,272.38,274.35,131124133
2011-08-20,276.84,277.35,275.31,275.57,99148827
2011-08-21,277.46,280.12,273.21,277.54,60860210
2011-08-22,277.65,279.38,275.99,278.1,116157937
2011-08-23,275.73,277.1,275.44,276.41,74618739
2011-08-24,271.66,281.6,270.64,279.15,104146182
2011-08-25,280.67,285.72,278.65,281.17,131092633
2011-08-26,282.88,285.51,282.55,284.25,61273770
2011-08-27,289.53,298.28,284.41,287.26,134677308
2011-08-28,282.77,286.67,277.91,285.92,77359564
2011-08-29,286.38,291.81,282.1,288.58,157784817
2011-08-30,288.46,289.76,286.98,289.43,134185230
2011-08-31,284.3,284.85,281.26,283.29,60778370
2011-09-01,280.33,281.3,270.51,275.69,94348098
2011-09-02,276.22,276.75,270.61,274.11,66106362
2011-09-03,275.21,278.12,271.81,277.85,108668251
2011-09-04,280.87,281.97,274.74,276.55,131202887
2011-09-05,269.85,272.1,268.29,269.37,102456048
2011-09-06,268.56,270.68,268.23,270.22,150890343
2011-09-07,275.41,278.27,271.48,272.72,134406454
2011-09-08,268.21,270.86,267.09,268.5,62871111
2011-09-09,266.71,267.39,264.0,266.82,150599255
2011-09-10,276.13,277.0,272.61,275.32,146180945
2011-09-11,279.6,281.43,279.43,280.41,137682946
2011-09-12,293.39,294.26,289.88,290.73,90031731
2011-09-13,291.78,292.29,285.58,291.51,152577934
2011-09-14,290.46,295.41,285.45,294.9,119838926
2011-09-15,292.37,294.25,284.07,288.23,170244038
2011-09-16,288.53,291.29,285.55,286.12,77519364
2011-09-17,283.48,286.11,281.11,282.29,100138553
2011-09-18,284.25,284.39,282.68,283.32,148145778
2011-09-19,280.85,281.52,269.19,280.32,160497003
2011-09-20,281.56,283.32,280.29,282.07,80892071
2011-09-21,285.58,286.28,282.44,283.56,130017665
2011-09-22,274.78,276.28,270.36,275.24,81033045
2011-09-23,263.24,273.52,262.97,267.36,138487790
2011-09-24,266.39,268.68,263.97,266.73,54352326
2011-09-25,258.81,261.42,255.25,256.52,162548757
2011-09-26,261.27,264.87,261.13,264.04,114181080
2011-09-27,261.76,261.88,261.33,261.81,91756701
2011-09-28,264.29,266.2,260.07,263.79,62139692
2011-09-29,263.06,267.07,262.29,264.66,106925171
2011-09-30,257.44,267.17,255.44,259.21,67212675
2011-10-01,257.13,257.13,251.69,255.89,59491957
2011-10-02,258.26,258.94,251.21,253.34,124367980
2011-10-03,264.88,265.58,252.17,254.39,99967644
2011-10-04,251.31,252.29,251.17,251.4,144659422
2011-10-05,251.08,260.37,246.88,252.05,70423256
2011-10-06,249.75,253.8,247.6,248.56,68557251
2011-10-07,252.89,252.94,250.24,250.63,93750106
2011-10-08,248.51,248.59,243.6,246.79,153165552
2011-10-09,240.47,243.37,238.73,240.95,151497174
2011-10-10,243.31,243.45,232.07,241.08,124897105
2011-10-11,245.41,246.1,242.48,243.06,91034160
2011-10-12,239.77,242.13,238.09,242.01,76501791
2011-10-13,238.27,242.87,237.88,240.56,147613276
2011-10-14,243.74,249.08,243.07,244.54,61057636
2011-10-15,242.53,244.6,241.19,242.16,112441319
2011-10-16,242.94,247.82,242.16,247.1,88913158
2011-10-17,241.12,242.08,240.25,241.25,89802212
2011-10-18,247.42,248.12,243.12,243.37,59335662
2011-10-19,243.67,250.18,234.28,243.29,75781570
2011-10-20,246.93,249.55,246.42,246.73,85248822
2011-10-21,243.6,247.63,242.25,244.62,76796710
2011-10-22,240.82,241.83,240.18,241.5,98757836
2011-10-23,245.28,246.79,242.64,244.63,68186285
2011-10-24,240.45,242.39,238.9,239.98,168485835
2011-10-25,245.39,248.32,240.74,241.9,69133654
2011-10-26,241.18,241.3,240.42,240.5,131485026
2011-10-27,242.5,245.35,242.01,244.52,93788472
2011-10-28,242.14,243.66,236.78,241.11,122444247
2011-10-29,238.49,250.67,235.43,239.65,142740919
2011-10-30,242.77,243.92,231.89,240.13,102736192
2011-10-31,235.16,238.6,230.85,236.77,93885551
2011-11-01,240.42,242.4,239.95,241.07,155176436
2011-11-02,240.08,240.85,236.77,240.67,131327472
2011-11-03,240.48,244.92,238.46,242.81,127783615
2011-11-04,238.31,239.82,238.27,238.86,63970213
2011-11-05,240.69,241.71,236.36,238.12,97973192
2011-11-06,237.11,237.8,236.49,237.38,97347274
2011-11-07,235.93,239.23,232.89,238.77,142387463
2011-11-08,231.92,232.42,226.29,232.18,143119223
2011-11-09,239.19,241.55,237.55,241.07,190381543
2011-11-10,243.82,249.07,243.3,243.33,100993279
2011-11-11,237.87,251.97,234.44,242.46,66993671
2011-11-12,237.3,238.73,233.21,233.63,81416606
2011-11-13,239.75,239.77,228.81,229.91,136255709
2011-11-14,232.62,235.7,232.5,233.49,161091258
2011-11-15,229.56,231.48,229.14,230.99,55418989
2011-11-16,234.02,234.05,220.73,231.29,62422789
2011-11-17,232.69,233.92,232.12,233.87,111940129
2011-11-18,245.59,247.71,236.75,243.68,141169490
2011-11-19,240.38,241.33,239.14,239.31,135806956
2011-11-20,241.03,242.71,239.98,241.33,100549769
2011-11-21,245.67,247.62,244.18,246.03,98282453
2011-11-22,250.05,251.15,244.59,247.36,122637232
2011-11-23,247.33,250.79,247.32,249.33,94619528
2011-11-24,247.11,253.14,243.49,252.05,120269877
2011-11-25,259.63,260.87,254.82,256.73,129303124
2011-11-26,245.74,246.16,244.76,245.41,168389249
2011-11-27,239.93,248.08,234.71,243.21,105520073
2011-11-28,238.51,242.2,233.9,241.71,58389923
2011-11-29,241.33,243.24,240.42,241.48,64028036
2011-11-30,244.39,247.68,242.39,245.82,141593914
2011-12-01,242.49,245.92,241.51,244.12,114512532
2011-12-02,247.37,247.77,246.15,246.6,78571992
2011-12-03,248.78,249.57,242.09,248.79,84787057
2011-12-04,249.88,250.39,245.39,246.2,156944832
2011-12-05,247.01,248.43,246.95,248.12,114290819
2011-12-06,252.27,256.3,245.99,251.72,92624043
2011-12-07,243.91,251.81,242.82,250.18,153657904
2011-12-08,259.51,260.93,255.42,256.12,173192898
2011-12-09,258.42,258.7,256.51,257.21,78337244
2011-12-10,262.64,267.85,261.91,266.45,152483885
2011-12-11,271.25,274.49,266.94,269.08,99120996
2011-12-12,263.62,267.48,262.71,265.08,110679899
2011-12-13,266.2,266.28,263.93,265.93,124440862
2011-12-14,264.92,264.94,263.67,264.75,72778321
2011-12-15,262.77,263.48,258.1,260.75,145668984
2011-12-16,257.4,261.0,253.18,259.17,72653081
2011-12-17,262.19,266.38,253.53,263.19,125360597
2011-12-18,260.65,261.22,258.11,259.24,156068872
2011-12-19,261.24,266.17,258.37,260.01,63974963
2011-12-20,263.01,265.86,259.58,265.15,141559225
2011-12-21,267.81,271.95,266.29,269.11,61157113
2011-12-22,270.42,277.19,270.28,270.92,159373553
2011-12-23,272.33,272.4,268.97,272.15,122658417
2011-12-24,274.01,279.77,271.38,275.13,153497592
2011-12-25,281.18,282.23,272.69,273.28,119437308
2011-12-26,267.23,270.8,265.21,270.72,150252205
2011-12-27,275.43,276.44,274.29,275.16,172144767
2011-12-28,279.88,280.16,278.74,279.48,166357307
2011-12-29,285.34,286.19,283.51,283.96,71598974
2011-12-30,283.4,290.03,282.94,286.08,126565093
2011-12-31,285.55,288.12,283.66,286.5,106241166
2012-01-01,290.28,292.32,288.1,290.09,65981227
2012-01-02,288.73,290.06,285.75,287.36,116042192
2012-01-03,288.37,288.46,283.24,286.14,105034236
2012-01-04,282.12,283.13,279.35,282.91,105089930
2012-01-05,282.41,285.04,282.21,284.42,58137177
2012-01-06,284.83,287.38,272.55,281.25,103697450
2012-01-07,281.15,290.06,269.32,275.99,113817468
2012-01-08,279.19,280.53,278.31,280.44,123954755
2012-01-09,279.7,281.31,277.21,278.11,146864921
2012-01-10,284.41,285.73,280.47,280.48,135777870
2012-01-11,285.66,289.01,281.79,286.57,103256800
2012-01-12,284.22,285.82,282.16,285.01,81374449
2012-01-13,283.6,285.51,282.88,284.11,134563494
2012-01-14,288.45,289.99,286.88,288.68,61793132
2012-01-15,289.19,296.97,288.52,289.63,106740576
2012-01-16,295.11,303.43,291.83,298.12,65735545
2012-01-17,300.0,302.11,288.68,294.26,144773103
2012-01-18,288.5,299.16,279.13,295.82,54875677
2012-01-19,301.82,302.44,301.63,302.04,90941845
2012-01-20,303.28,303.54,302.87,303.47,85701769
2012-01-21,302.52,306.89,302.35,304.24,125499282
2012-01-22,311.32,311.83,307.75,310.93,80278942
2012-01-23,309.71,310.96,304.01,310.27,112647715
2012-01-24,311.31,315.15,309.42,314.25,144083526
2012-01-25,317.4,320.02,308.01,316.86,158041917
2012-01-26,309.42,309.52,303.47,305.25,111389456
2012-01-27,304.9,305.16,298.15,302.25,109755358
2012-01-28,310.92,318.24,305.62,305.86,106810507
2012-01-29,306.07,308.26,304.3,306.38,84638942
2012-01-30,306.65,307.96,302.72,303.08,121654760
2012-01-31,306.78,309.82,305.45,308.97,113918095
2012-02-01,314.53,315.5,313.05,313.72,114670906
2012-02-02,317.67,318.6,316.68,316.8,102183066
2012-02-03,321.13,323.21,310.76,316.78,124492075
2012-02-04,318.33,320.15,310.33,315.78,76632628
2012-02-05,309.93,329.86,309.71,322.46,148807134
2012-02-06,312.83,318.89,312.32,317.63,154197776
2012-02-07,319.69,323.85,309.0,316.79,125656213
2012-02-08,325.56,325.83,315.75,318.47,92660495
2012-02-09,324.29,325.2,320.15,322.85,105838164
2012-02-10,321.44,327.05,316.93,321.68,56620791
2012-02-11,323.96,324.0,320.88,321.94,126131986
2012-02-12,328.36,330.04,325.7,328.13,124970433
2012-02-13,331.09,331.42,326.54,327.78,107670472
2012-02-14,326.09,328.26,323.39,325.39,132653296
2012-02-15,322.18,322.34,320.0,321.68,101941131
2012-02-16,322.47,324.05,321.85,322.23,112570454
2012-02-17,320.58,321.11,320.54,320.82,73122524
2012-02-18,332.11,333.79,325.3,325.93,134072496
2012-02-19,327.74,335.48,322.01,328.95,126443566
2012-02-20,334.85,334.85,321.61,330.62,104451968
2012-02-21,324.77,326.86,323.41,325.02,144030712
2012-02-22,324.98,325.21,323.68,324.64,65084510
2012-02-23,320.75,322.4,320.41,321.87,106083469
2012-02-24,324.54,328.45,316.26,325.57,131726546
2012-02-25,324.14,325.74,321.54,323.77,64688833
2012-02-26,323.1,325.91,318.74,320.84,138864123
2012-02-27,320.34,325.3,318.28,324.25,99810339
2012-02-28,329.57,330.43,327.32,328.88,118088897
2012-02-29,323.9,325.18,321.88,324.51,84398160
2012-03-01,315.76,315.9,313.41,315.59,71475353
2012-03-02,316.03,324.26,314.92,318.74,77908543
2012-03-03,314.27,318.2,309.38,317.84,119748842
2012-03-04,316.3,317.58,312.03,317.52,116285775
2012-03-05,316.95,321.04,315.31,317.34,82268423
2012-03-06,315.3,317.18,313.87,315.51,64684918
2012-03-07,315.73,316.97,311.95,314.83,75731049
2012-03-08,313.03,313.59,302.42,309.89,170824621
2012-03-09,306.37,307.18,305.41,305.92,142427687
2012-03-10,307.29,310.73,304.2,310.0,63612635
2012-03-11,302.88,303.39,300.34,302.74,144179839
2012-03-12,310.16,310.58,304.98,305.17,159405116
2012-03-13,310.88,312.93,306.3,310.63,153304637
2012-03-14,313.4,315.19,312.44,315.09,125166011
2012-03-15,319.36,320.64,319.31,319.55,103179084
2012-03-16,331.8,332.64,325.92,326.16,79463099
2012-03-17,329.98,332.45,329.87,330.58,116306629
2012-03-18,330.3,332.76,328.34,331.67,55684385
2012-03-19,337.33,338.97,336.06,336.13,141946521
2012-03-20,336.0,337.81,335.92,337.3,135219874
2012-03-21,336.19,339.23,335.2,336.58,75631462
2012-03-22,344.82,346.52,341.23,342.97,62002928
2012-03-23,350.26,356.85,348.75,352.07,63291555
2012-03-24,350.55,353.57,349.11,351.35,63295712
2012-03-25,367.22,367.58,359.99,360.75,91572033
2012-03-26,361.23,362.3,351.96,360.5,56219764
2012-03-27,360.75,361.59,353.96,359.31,119164949
2012-03-28,364.22,365.04,363.67,364.09,140492650
2012-03-29,362.07,363.45,358.93,360.44,150087591
2012-03-30,370.61,372.76,369.23,370.78,136564944
2012-03-31,367.71,367.97,363.79,364.79,61072981
2012-04-01,357.1,364.81,356.46,360.79,75018578
2012-04-02,356.99,357.97,355.54,356.19,108903705
2012-04-03,353.33,355.17,347.56,353.63,102437758
2012-04-04,350.5,351.26,349.8,350.61,154991055
2012-04-05,340.94,341.28,339.27,340.69,64384597
2012-04-06,342.9,347.97,337.67,344.19,116800457
2012-04-07,339.38,349.55,339.21,342.5,102928466
2012-04-08,340.85,342.87,338.5,339.4,70354946
2012-04-09,343.03,343.37,341.12,341.67,140021559
2012-04-10,339.56,339.69,334.53,336.08,90518326
2012-04-11,335.2,341.4,316.21,328.85,109253922
2012-04-12,327.57,328.38,327.54,327.7,83353977
2012-04-13,327.27,329.51,323.04,324.03,125484294
2012-04-14,331.11,332.66,309.32,324.23,53558396
2012-04-15,328.19,328.93,328.11,328.77,90079314
2012-04-16,328.66,330.96,317.7,325.85,55245192
2012-04-17,326.82,332.01,326.05,327.87,141067941
2012-04-18,328.72,329.74,316.32,327.46,103769209
2012-04-19,318.11,320.29,316.52,319.83,180859928
2012-04-20,320.17,323.85,319.53,320.75,130242971
2012-04-21,323.8,327.46,323.55,326.04,170361573
2012-04-22,326.01,328.81,322.84,325.05,86454297
2012-04-23,327.59,330.36,323.91,327.57,157123040
2012-04-24,328.24,328.89,325.34,327.85,127145983
2012-04-25,324.1,326.5,319.42,324.26,88054676
2012-04-26,324.69,324.93,314.49,318.71,139280556
2012-04-27,321.13,321.24,315.68,318.65,58891012
2012-04-28,325.83,328.66,323.82,323.97,145048446
2012-04-29,317.91,325.33,315.44,318.72,119135006
2012-04-30,329.14,332.72,325.59,326.87,134884239
2012-05-01,326.62,329.48,325.24,329.17,111560747
2012-05-02,317.75,323.12,314.59,322.64,77086946
2012-05-03,323.91,324.75,321.41,321.67,79083129
2012-05-04,322.35,329.07,316.89,326.21,81885877
2012-05-05,331.09,332.3,328.82,329.32,105636735
2012-05-06,323.92,326.15,322.6,325.55,68224081
2012-05-07,333.72,337.33,325.59,330.67,110684170
2012-05-08,331.39,333.68,319.15,328.33,108917035
2012-05-09,328.38,330.0,321.56,324.9,123709727
2012-05-10,328.36,329.89,326.87,326.97,79239092
2012-05-11,327.27,329.47,325.54,326.81,111342658
2012-05-12,323.22,329.13,322.0,323.78,153317276
2012-05-13,329.47,329.94,324.14,328.65,169535213
2012-05-14,333.19,335.94,320.0,326.96,100359249
2012-05-15,326.39,328.0,318.05,324.7,130485730
2012-05-16,328.3,330.25,327.53,329.55,103479461
2012-05-17,336.09,338.13,335.77,336.9,129949786
2012-05-18,336.21,337.08,328.72,333.45,65496206
2012-05-19,332.61,333.77,327.98,329.6,107675388
2012-05-20,314.31,319.02,306.71,318.2,81836278
2012-05-21,326.3,329.22,324.44,324.52,113833752
2012-05-22,330.53,332.51,326.84,332.44,87964253
2012-05-23,323.81,336.56,323.26,332.7,110127339
2012-05-24,333.04,336.97,327.74,334.14,64405517
2012-05-25,339.85,341.46,336.54,339.11,124306075
2012-05-26,332.23,333.23,323.75,331.02,140257580
2012-05-27,333.07,334.6,329.78,332.54,95476920
2012-05-28,332.96,338.5,329.73,330.77,148287536
2012-05-29,329.33,331.37,323.22,330.93,146889704
2012-05-30,330.64,333.26,327.53,327.81,103416938
2012-05-31,324.34,325.59,324.29,325.14,147107114
2012-06-01,335.38,336.76,333.18,333.55,135423083
2012-06-02,319.58,337.39,318.78,335.87,84426731
2012-06-03,335.24,339.12,331.61,334.35,146076163
2012-06-04,338.45,338.63,334.4,337.96,125563732
2012-06-05,338.82,338.88,335.34,335.92,74441471
2012-06-06,336.84,337.53,335.7,336.69,102083651
2012-06-07,343.49,343.67,340.14,340.78,155653058
2012-06-08,335.98,355.39,335.91,347.66,83091294
2012-06-09,347.5,362.69,345.62,355.79,140234098
2012-06-10,369.43,370.1,364.04,365.66,122545646
2012-06-11,368.45,372.87,360.79,366.07,92896670
2012-06-12,367.79,368.1,359.55,360.23,135056083
2012-06-13,367.53,372.55,354.67,356.19,159418119
2012-06-14,358.35,361.99,355.29,358.26,115810736
2012-06-15,346.92,354.0,346.07,353.06,61211991
2012-06-16,359.53,361.18,355.4,359.87,74320323
2012-06-17,364.95,372.57,361.83,363.32,110013273
2012-06-18,362.95,364.65,361.05,362.36,94698280
2012-06-19,353.7,361.5,352.73,359.65,157085484
2012-06-20,354.92,355.25,352.18,354.21,90840257
2012-06-21,354.78,359.06,351.2,353.72,95890597
2012-06-22,361.05,362.92,352.55,356.14,156345871
2012-06-23,347.4,355.67,347.07,352.27,66806348
2012-06-24,350.39,356.08,340.22,352.74,149970396
2012-06-25,357.1,363.86,357.07,361.14,127141817
2012-06-26,368.22,370.09,352.9,364.98,75326019
2012-06-27,376.81,379.48,370.55,372.31,118434304
2012-06-28,377.45,377.63,376.16,376.62,79902009
2012-06-29,375.46,383.92,373.47,377.33,110286022
2012-06-30,378.21,386.52,376.23,379.84,91114203
2012-07-01,378.23,380.31,376.22,377.64,142259074
2012-07-02,382.46,383.75,380.16,383.17,97977964
2012-07-03,390.29,390.36,373.88,386.43,105735239
2012-07-04,393.77,400.55,391.5,392.71,140845817
2012-07-05,387.36,389.85,385.45,387.76,138356634
2012-07-06,386.27,387.68,384.22,386.83,69189328
2012-07-07,391.28,393.94,389.06,391.11,163950151
2012-07-08,390.11,394.11,389.16,393.52,100078241
2012-07-09,401.4,403.44,401.34,402.84,74499912
2012-07-10,412.06,415.24,403.61,409.34,140818005
2012-07-11,409.43,411.79,406.61,406.62,137217162
2012-07-12,407.7,409.05,406.32,407.07,106680115
2012-07-13,413.59,416.08,407.02,411.35,71102844
2012-07-14,434.86,436.53,409.45,419.03,107570393
2012-07-15,419.42,424.97,413.67,414.37,89758404
2012-07-16,426.45,427.29,424.4,425.25,132375878
2012-07-17,423.95,424.54,423.55,423.87,70744781
2012-07-18,422.52,429.58,421.63,428.12,128309638
2012-07-19,436.1,436.52,413.06,418.73,112183191
2012-07-20,427.8,427.89,424.67,427.25,139986224
2012-07-21,434.07,434.87,430.68,430.87,126188531
2012-07-22,423.37,423.51,421.2,422.08,124582510
2012-07-23,423.96,426.39,420.53,423.33,93346921
2012-07-24,419.34,434.24,418.02,426.64,117147908
2012-07-25,429.18,436.83,412.98,423.65,83963080
2012-07-26,427.65,428.34,425.36,425.89,151750899
2012-07-27,418.06,424.15,415.64,421.18,127591817
2012-07-28,411.44,418.03,407.99,414.73,166930872
2012-07-29,415.95,418.5,406.54,414.66,141137791
2012-07-30,422.82,424.13,415.3,416.12,71990960
2012-07-31,426.34,428.12,418.96,424.0,128794701
2012-08-01,421.75,444.53,419.09,426.6,123456773
2012-08-02,429.83,436.47,426.75,435.22,106065960
2012-08-03,432.92,441.19,432.38,434.83,133496691
2012-08-04,442.85,443.55,438.28,439.2,107989099
2012-08-05,431.84,434.73,426.36,430.8,129699051
2012-08-06,438.38,441.64,436.62,436.64,145471160
2012-08-07,442.06,447.72,440.83,441.23,66693729
2012-08-08,444.28,446.58,436.84,440.17,120954814
2012-08-09,438.36,448.57,436.0,443.97,123701020
2012-08-10,454.01,458.61,449.97,451.88,82667232
2012-08-11,439.35,443.6,436.81,440.71,92302404
2012-08-12,433.02,445.31,431.9,440.32,148513561
2012-08-13,430.51,434.46,428.72,433.23,88401336
2012-08-14,433.42,434.97,430.35,431.05,133977175
2012-08-15,421.01,426.71,415.74,418.4,180443702
2012-08-16,420.53,426.82,418.76,420.66,119450781
2012-08-17,421.49,425.7,413.15,419.22,78380221
2012-08-18,415.81,418.54,404.81,406.94,141731595
2012-08-19,404.48,405.38,401.99,404.24,138133990
2012-08-20,403.98,405.6,396.73,399.83,62818753
2012-08-21,394.52,404.09,393.74,400.94,61663737
2012-08-22,398.6,400.74,392.28,395.24,136350469
2012-08-23,392.47,400.33,377.08,393.62,136619078
2012-08-24,387.12,391.33,386.14,391.31,101484171
2012-08-25,392.32,393.79,391.27,393.04,77444004
2012-08-26,384.81,390.82,383.97,386.19,140117746
2012-08-27,393.21,402.7,392.75,395.98,66362182
2012-08-28,400.52,401.38,397.51,399.51,137936202
2012-08-29,419.24,420.53,390.68,401.24,78806582
2012-08-30,400.47,412.22,399.42,400.78,137538744
2012-08-31,406.7,410.5,399.66,405.66,135756971
2012-09-01,401.95,409.41,401.37,406.97,111734965
2012-09-02,399.88,411.41,399.74,403.53,127344558
2012-09-03,405.21,409.82,395.1,403.08,94461359
2012-09-04,401.99,403.25,401.74,402.22,67596288
2012-09-05,410.65,418.2,407.24,409.37,175607092
2012-09-06,393.12,406.24,392.76,402.83,76138982
2012-09-07,407.87,409.49,403.53,405.21,124298664
2012-09-08,405.59,408.45,403.64,404.92,74488431
2012-09-09,406.23,411.05,398.77,405.46,100081031
2012-09-10,405.35,408.76,397.08,405.21,115524328
2012-09-11,394.02,402.56,393.02,400.96,163960190
2012-09-12,397.81,402.12,396.5,397.54,66558807
2012-09-13,393.46,395.13,379.07,394.21,109383019
2012-09-14,395.06,395.8,388.07,391.2,116677350
2012-09-15,386.82,396.17,386.33,389.55,142276742
2012-09-16,405.23,405.65,395.57,398.33,160119063
2012-09-17,403.36,404.09,402.07,402.69,99656199
2012-09-18,402.37,407.57,397.37,400.77,138217259
2012-09-19,397.4,407.74,396.88,401.18,136875559
2012-09-20,404.52,408.0,400.95,404.91,78829180
2012-09-21,406.72,411.47,404.82,409.47,64270421
2012-09-22,419.23,420.02,411.39,416.53,122894499
2012-09-23,416.56,418.27,415.7,416.78,87580880
2012-09-24,413.82,414.87,406.49,412.77,128177069
2012-09-25,408.31,413.54,405.67,409.45,100624198
2012-09-26,394.5,408.65,391.97,400.68,165443108
2012-09-27,384.24,393.44,382.26,389.1,120806052
2012-09-28,385.77,391.19,384.97,385.25,129210909
2012-09-29,374.03,380.73,364.55,372.66,114465273
2012-09-30,375.95,377.85,372.34,376.43,158478132
2012-10-01,366.25,375.18,364.03,371.48,112330093
2012-10-02,369.16,369.42,365.44,368.26,75801834
2012-10-03,375.64,376.14,373.33,375.9,174183078
2012-10-04,378.9,382.58,370.27,371.17,97540743
2012-10-05,368.99,375.41,366.85,372.22,113742536
2012-10-06,380.3,382.39,372.32,378.63,125775546
2012-10-07,377.84,379.15,377.59,377.79,105965354
2012-10-08,388.3,395.33,374.72,384.82,125237490
2012-10-09,384.59,397.83,377.77,388.19,102455036
2012-10-10,396.98,407.84,392.56,397.93,146586902
2012-10-11,408.57,409.42,398.19,401.96,74493078
2012-10-12,401.8,407.71,400.03,400.9,64928538
2012-10-13,407.65,410.42,403.96,405.18,108884119
2012-10-14,402.06,406.43,401.57,402.13,91283500
2012-10-15,395.66,398.61,394.93,397.14,88003349
2012-10-16,392.36,392.45,388.51,390.78,122605935
2012-10-17,379.14,387.46,378.12,384.19,97727321
2012-10-18,390.06,395.06,388.49,391.1,146367427
2012-10-19,399.31,400.38,396.0,400.13,156151231
2012-10-20,400.02,405.13,399.13,403.71,62768086
2012-10-21,407.01,408.84,395.97,399.75,90054724
2012-10-22,392.43,396.23,384.89,395.16,136082991
2012-10-23,398.07,404.69,396.48,399.95,76094983
2012-10-24,386.86,394.46,384.59,390.32,127438447
2012-10-25,405.5,406.68,400.09,400.89,157420426
2012-10-26,402.79,409.02,402.27,405.2,65502681
2012-10-27,414.45,415.75,409.29,410.48,118152690
2012-10-28,409.38,416.67,405.24,410.54,65519423
2012-10-29,414.15,429.66,412.25,412.74,91553109
2012-10-30,413.32,413.66,404.92,408.43,147045581
2012-10-31,409.43,412.63,407.06,410.81,61979221
2012-11-01,406.89,407.21,406.49,406.5,86556862
2012-11-02,406.23,416.58,399.66,413.24,111709292
2012-11-03,410.97,411.67,409.26,410.29,100917067
2012-11-04,416.98,418.96,416.8,417.51,170210532
2012-11-05,417.47,423.12,414.27,418.07,89888875
2012-11-06,408.96,409.48,408.45,408.77,120232841
2012-11-07,426.11,426.15,424.71,424.82,158464319
2012-11-08,423.26,424.71,418.03,419.21,154215117
2012-11-09,425.64,430.21,406.57,417.48,67296148
2012-11-10,418.05,421.7,412.04,418.49,142037917
2012-11-11,413.3,417.05,411.59,413.99,135949645
2012-11-12,412.35,423.57,411.94,415.22,64772240
2012-11-13,419.85,430.47,415.16,415.33,124673958
2012-11-14,420.0,429.17,404.94,409.48,151868927
2012-11-15,409.78,415.66,404.01,407.48,94570162
2012-11-16,410.48,414.19,409.72,410.05,61433816
2012-11-17,400.11,410.77,399.9,402.46,116320422
2012-11-18,406.29,409.56,398.32,407.08,149547876
2012-11-19,406.59,410.02,393.9,407.32,116313465
2012-11-20,408.93,415.82,405.98,410.32,71025999
2012-11-21,406.04,406.99,405.44,406.51,100468396
2012-11-22,411.19,415.78,409.9,414.2,62443480
2012-11-23,412.35,430.66,407.3,412.73,101402876
2012-11-24,417.0,418.02,414.71,415.02,101957304
2012-11-25,421.66,422.47,415.03,416.84,104652492
2012-11-26,401.37,404.27,400.78,403.92,79397156
2012-11-27,413.49,415.85,396.75,403.78,99314497
2012-11-28,394.1,396.95,393.73,395.35,118830739
2012-11-29,393.54,406.52,389.87,398.08,122764504
2012-11-30,390.8,399.92,386.76,394.54,112274562
2012-12-01,406.36,407.24,387.11,397.2,111880636
2012-12-02,404.0,406.23,403.1,405.21,119138058
2012-12-03,399.32,419.88,392.38,407.37,54359582
2012-12-04,401.53,404.74,401.19,404.7,119755329
2012-12-05,421.79,422.98,408.39,411.88,158842301
2012-12-06,412.7,413.55,396.05,401.91,182538807
2012-12-07,413.68,416.55,401.06,403.64,108695369
2012-12-08,407.18,407.36,397.04,405.45,120747151
2012-12-09,409.12,409.57,407.64,408.71,66741856
2012-12-10,405.49,417.79,402.41,412.5,102629855
2012-12-11,414.77,416.52,408.02,415.91,63205109
2012-12-12,415.1,415.57,411.74,414.57,82220914
2012-12-13,418.03,418.2,417.79,418.03,69157920
2012-12-14,423.24,423.75,422.09,423.24,93346950
2012-12-15,419.07,427.18,415.76,422.41,59619316
2012-12-16,423.35,427.34,418.28,423.04,58887911
2012-12-17,425.07,426.1,422.27,424.18,96031704
2012-12-18,426.63,428.75,418.45,419.6,139546887
2012-12-19,417.0,429.16,416.94,422.58,124231608
2012-12-20,435.89,440.05,422.14,437.95,152605203
2012-12-21,468.51,478.16,446.27,449.91,64896029
2012-12-22,455.58,455.94,455.34,455.82,165874491
2012-12-23,470.14,472.31,462.33,465.29,138715681
2012-12-24,463.46,473.13,462.52,468.19,64090643
2012-12-25,467.41,474.29,453.54,457.8,153933168
2012-12-26,472.2,475.22,454.26,465.79,171972050
2012-12-27,464.41,466.89,461.68,463.44,80611274
2012-12-28,456.93,467.85,456.92,459.82,72579559
2012-12-29,452.48,467.53,444.76,459.56,116455617
2012-12-30,471.89,473.5,460.46,463.32,75137466
2012-12-31,468.87,477.0,464.02,474.4,128687336
2013-01-01,479.88,485.54,476.56,482.3,126288316
2013-01-02,486.64,490.19,472.24,481.29,63574514
2013-01-03,475.81,485.76,473.97,483.91,100655884
2013-01-04,493.65,497.57,492.3,493.98,118391132
2013-01-05,499.18,501.61,481.29,487.16,59222030
2013-01-06,498.38,500.68,497.16,500.61,64689826
2013-01-07,509.15,509.16,506.47,506.58,124598055
2013-01-08,517.27,525.75,515.49,516.82,64831960
2013-01-09,514.97,523.93,514.76,521.7,129553702
2013-01-10,529.84,532.0,525.06,528.96,98352546
2013-01-11,550.03,554.11,518.7,537.64,161593388
2013-01-12,538.57,544.32,523.6,536.96,57942666
2013-01-13,538.95,542.97,534.11,539.12,151447590
2013-01-14,530.56,531.39,508.91,525.8,176114186
2013-01-15,529.5,530.98,529.0,530.86,119427609
2013-01-16,530.12,537.38,517.53,529.42,84051237
2013-01-17,534.49,536.52,521.38,529.99,63996746
2013-01-18,529.97,539.49,528.36,532.85,102469778
2013-01-19,536.95,540.83,519.49,530.09,92705146
2013-01-20,533.17,533.96,510.67,518.31,143351366
2013-01-21,516.85,521.43,511.37,519.63,122974968
2013-01-22,526.19,531.47,522.25,525.83,90331703
2013-01-23,514.54,514.89,511.07,513.4,123807261
2013-01-24,498.06,500.89,497.87,498.32,179981979
2013-01-25,503.25,504.01,491.67,502.75,62628551
2013-01-26,516.61,521.19,513.62,514.61,181293765
2013-01-27,517.44,517.79,514.37,517.19,53098566
2013-01-28,520.46,521.36,520.36,520.66,147212064
2013-01-29,513.64,519.7,510.45,518.85,78351318
2013-01-30,519.77,523.86,516.16,516.85,116101062
2013-01-31,525.92,529.48,516.88,524.97,113439670
2013-02-01,521.99,524.15,519.79,521.15,62139285
2013-02-02,531.94,539.75,515.72,521.36,146198652
2013-02-03,523.72,532.39,519.98,525.66,126264398
2013-02-04,525.95,531.87,522.84,528.18,57396984
2013-02-05,526.59,527.1,514.58,522.15,85119754
2013-02-06,503.58,512.91,503.01,511.59,65581146
2013-02-07,509.38,522.17,508.32,508.56,147588536
2013-02-08,507.44,521.48,503.5,512.66,92717951
2013-02-09,504.71,513.14,504.43,509.13,145588640
2013-02-10,513.4,513.75,506.55,512.7,85442233
2013-02-11,525.31,528.38,521.64,521.82,88452557
2013-02-12,525.87,527.93,517.9,521.35,51971666
2013-02-13,528.13,534.24,526.89,528.2,110128934
2013-02-14,518.42,532.58,508.35,524.19,126082907
2013-02-15,534.21,538.59,521.83,525.74,82407614
2013-02-16,520.53,533.08,519.17,526.81,119960628
2013-02-17,521.28,522.32,517.37,522.3,71814272
2013-02-18,533.74,539.7,529.25,535.98,99452544
2013-02-19,529.76,533.36,521.32,531.64,88293846
2013-02-20,524.81,526.45,520.87,523.57,132457888
2013-02-21,520.14,523.83,515.25,523.49,97686145
2013-02-22,521.23,527.01,516.0,519.07,91515008
2013-02-23,511.58,518.47,510.87,516.68,111656308
2013-02-24,500.69,512.28,494.7,506.45,114987207
2013-02-25,509.81,511.06,509.79,510.38,154143475
2013-02-26,497.47,507.02,496.26,506.39,153181167
2013-02-27,511.42,517.14,509.1,511.18,126265318
2013-02-28,518.48,522.22,512.15,518.59,110585744
2013-03-01,516.63,527.34,514.34,526.67,116141596
2013-03-02,531.21,534.78,528.8,532.31,65550674
2013-03-03,526.77,534.26,523.25,531.61,140890122
2013-03-04,532.03,533.66,504.96,519.55,98477352
2013-03-05,518.6,525.03,518.05,522.21,130972867
2013-03-06,525.44,531.02,519.29,529.72,82959901
2013-03-07,530.19,532.32,527.14,528.9,89927749
2013-03-08,547.77,552.32,517.65,544.52,86869924
2013-03-09,546.58,551.22,544.16,544.69,134119889
2013-03-10,531.01,534.9,528.08,533.67,62511626
2013-03-11,534.38,541.37,531.14,539.95,140861849
2013-03-12,534.43,548.37,530.76,542.58,138278410
2013-03-13,554.12,573.86,553.76,563.82,120464234
2013-03-14,553.35,576.85,545.33,557.9,139091696
2013-03-15,556.83,571.55,551.16,567.14,172542968
2013-03-16,554.13,558.27,553.03,558.12,136581930
2013-03-17,566.48,568.53,562.3,564.09,83532302
2013-03-18,557.78,571.37,555.82,570.47,141773977
2013-03-19,567.81,569.39,557.0,563.94,136304201
2013-03-20,559.17,563.95,555.33,560.63,155999657
2013-03-21,562.1,566.09,556.71,564.19,104612980
2013-03-22,562.81,567.49,552.27,553.04,152126255
2013-03-23,557.67,560.14,549.89,559.28,133039298
2013-03-24,560.81,565.56,554.0,562.27,156794511
2013-03-25,573.75,574.76,568.98,571.9,108444114
2013-03-26,567.4,568.58,558.86,566.9,151157069
2013-03-27,561.95,586.87,560.13,563.85,112534031
2013-03-28,560.77,563.7,549.03,556.51,85203502
2013-03-29,577.27,584.17,557.89,571.36,117497873
2013-03-30,568.31,571.93,566.9,568.84,110151339
2013-03-31,583.79,585.58,565.26,576.51,140571996
2013-04-01,556.41,564.11,552.12,555.67,176169583
2013-04-02,560.14,563.52,556.35,558.39,98279968
2013-04-03,557.8,558.28,557.66,558.07,84715493
2013-04-04,561.64,565.35,559.55,559.83,121075848
2013-04-05,550.49,554.98,549.93,552.9,162755943
2013-04-06,551.05,560.97,546.07,556.63,87742509
2013-04-07,542.05,551.48,539.02,550.9,157184097
2013-04-08,563.04,574.37,561.64,561.64,115312198
2013-04-09,561.11,562.79,557.06,559.81,95526327
2013-04-10,549.72,551.09,548.44,550.6,168766048
2013-04-11,553.14,555.22,546.47,551.07,141639087
2013-04-12,545.4,548.98,543.33,547.35,156733191
2013-04-13,561.9,565.41,560.1,563.51,92503101
2013-04-14,570.19,577.75,563.49,569.16,110991125
2013-04-15,568.34,576.92,563.15,565.49,113489416
2013-04-16,574.2,577.52,569.64,575.15,60770274
2013-04-17,576.54,584.78,566.2,569.52,113199270
2013-04-18,569.92,571.79,566.02,570.69,75048153
2013-04-19,571.96,592.53,570.61,575.07,77090490
2013-04-20,585.48,591.94,581.64,583.3,150231266
2013-04-21,584.91,593.92,579.45,582.87,54470556
2013-04-22,583.81,587.37,574.88,577.95,60457304
2013-04-23,586.27,589.79,582.77,585.54,63180717
2013-04-24,584.89,585.13,578.02,582.53,61687248
2013-04-25,608.76,609.71,599.33,603.57,130215139
2013-04-26,598.24,615.7,598.0,607.29,149968716
2013-04-27,612.56,619.42,611.3,614.74,86778683
2013-04-28,627.56,629.5,612.68,615.1,147655284
2013-04-29,617.59,624.3,611.21,620.48,114443228
2013-04-30,620.3,620.53,609.09,614.44,114341909
2013-05-01,612.55,616.33,609.45,613.35,140401161
2013-05-02,584.23,584.96,583.3,583.76,173499044
2013-05-03,591.74,595.21,586.88,588.49,152355064
2013-05-04,585.95,587.42,580.29,580.37,97106580
2013-05-05,576.2,578.22,573.82,574.73,103307182
2013-05-06,571.08,571.84,570.54,571.02,113684539
2013-05-07,567.2,576.37,566.69,574.41,68359956
2013-05-08,587.49,592.06,565.97,576.53,132419896
2013-05-09,572.49,572.84,570.35,570.55,104964240
2013-05-10,578.35,584.39,576.31,577.06,121413895
2013-05-11,571.27,582.88,570.54,574.75,60147353
2013-05-12,565.6,574.94,564.92,566.83,116760193
2013-05-13,567.01,569.83,563.95,568.71,135980522
2013-05-14,571.99,599.39,565.73,580.79,67605089
2013-05-15,585.6,585.78,583.71,583.86,156242850
2013-05-16,594.56,597.98,565.42,591.33,152946472
2013-05-17,596.04,603.91,595.67,600.91,146572712
2013-05-18,608.04,612.02,597.99,608.89,154524454
2013-05-19,601.16,605.17,598.63,603.39,146232772
2013-05-20,605.11,606.09,603.1,603.96,140524078
2013-05-21,600.25,611.95,598.28,605.44,80589004
2013-05-22,612.78,621.91,596.25,615.51,63593723
2013-05-23,625.81,631.29,622.68,628.8,81083770
2013-05-24,639.46,640.15,639.17,640.03,137200871
2013-05-25,644.56,654.14,615.17,647.82,108846956
2013-05-26,623.73,662.72,622.95,652.22,65276715
2013-05-27,651.44,663.53,647.26,652.79,106788296
2013-05-28,645.19,660.37,641.63,650.51,62948958
2013-05-29,645.52,669.23,637.41,651.02,67595210
2013-05-30,650.13,673.16,647.4,655.34,75783485
2013-05-31,659.45,665.15,652.59,657.13,109606960
2013-06-01,670.11,671.15,666.56,670.64,103953675
2013-06-02,685.55,686.66,671.72,683.0,165554583
2013-06-03,683.71,702.32,673.38,695.37,164250262
2013-06-04,692.03,703.95,673.68,698.16,75398181
2013-06-05,676.23,681.13,670.63,678.16,99570109
2013-06-06,675.35,679.06,652.74,667.61,94540272
2013-06-07,656.26,666.13,651.46,654.38,154042180
2013-06-08,656.51,660.25,655.68,657.74,128753001
2013-06-09,651.02,653.49,647.94,653.26,86789443
2013-06-10,663.03,670.04,659.72,661.94,88119592
2013-06-11,665.54,665.89,657.77,657.8,146701382
2013-06-12,666.46,681.18,642.79,662.89,103350491
2013-06-13,659.94,661.08,652.68,656.12,145916910
2013-06-14,663.14,674.0,661.01,661.77,157620007
2013-06-15,671.7,674.4,659.44,665.02,92259730
2013-06-16,682.24,682.92,682.11,682.6,96940005
2013-06-17,693.2,698.4,689.87,693.2,69781423
2013-06-18,683.54,684.51,680.05,680.12,148136867
2013-06-19,647.65,667.4,646.4,663.0,136083316
2013-06-20,668.44,670.19,657.32,665.22,93603428
2013-06-21,656.08,667.08,645.75,650.38,128496694
2013-06-22,652.02,657.76,634.91,652.18,73936274
2013-06-23,658.07,660.35,647.66,653.66,136356618
2013-06-24,659.89,677.97,658.41,666.66,142321119
2013-06-25,697.14,699.99,666.4,681.61,126373262
2013-06-26,697.19,698.79,679.85,690.8,67086335
2013-06-27,695.84,701.88,685.39,695.89,151828570
2013-06-28,686.68,694.88,684.57,691.15,129152072
2013-06-29,702.14,709.82,701.02,703.17,117899323
2013-06-30,694.77,710.1,693.1,707.22,56969254
2013-07-01,698.18,720.23,688.52,709.86,85778318
2013-07-02,705.45,716.73,689.69,698.91,89384912
2013-07-03,687.33,697.25,675.13,685.48,126921791
2013-07-04,690.28,731.88,671.04,696.49,130159824
2013-07-05,713.24,724.6,697.84,698.98,102813462
2013-07-06,676.95,680.8,676.01,679.65,114888630
2013-07-07,685.33,685.87,684.41,684.76,150968739
2013-07-08,676.95,692.0,675.69,687.39,52437326
2013-07-09,685.33,690.14,680.63,682.42,80051399
2013-07-10,667.64,673.33,667.56,668.53,101708393
2013-07-11,649.94,657.43,647.96,655.41,132926397
2013-07-12,650.93,667.9,635.97,650.91,116267652
2013-07-13,643.12,650.75,632.89,646.6,64112687
2013-07-14,658.66,662.98,643.34,653.87,122736303
2013-07-15,673.15,675.36,663.65,664.95,163454097
2013-07-16,669.07,678.83,668.5,678.8,153481100
2013-07-17,678.92,685.97,672.86,679.22,126471105
2013-07-18,694.55,702.32,691.51,695.33,138924226
2013-07-19,714.35,721.45,682.9,709.85,78322727
2013-07-20,715.09,733.09,711.27,712.33,101370323
2013-07-21,719.59,720.08,710.67,715.33,103469732
2013-07-22,721.72,732.52,712.5,717.36,57516753
2013-07-23,725.22,732.76,702.4,727.6,111185236
2013-07-24,722.53,723.07,721.7,722.98,134319196
2013-07-25,734.98,740.53,721.18,731.94,130431464
2013-07-26,733.31,737.83,732.05,732.28,148642261
2013-07-27,744.68,773.98,738.69,746.93,123067283
2013-07-28,746.78,750.77,740.2,743.89,58121744
2013-07-29,727.33,740.15,722.37,723.68,159418532
2013-07-30,707.29,719.12,707.17,718.85,141845860
2013-07-31,710.01,719.44,709.51,718.95,72153998
2013-08-01,710.75,713.82,699.74,703.47,76503713
2013-08-02,688.38,702.17,686.39,690.94,72920141
2013-08-03,706.88,709.61,699.45,701.68,128498384
2013-08-04,700.0,705.05,698.44,700.95,87700260
2013-08-05,712.62,716.66,687.35,705.24,95481707
2013-08-06,704.32,731.55,690.72,722.24,113441300
2013-08-07,715.24,731.38,709.69,711.0,128340369
2013-08-08,732.86,740.16,728.78,738.53,69142818
2013-08-09,717.8,749.14,712.35,743.35,136226883
2013-08-10,738.41,743.24,737.77,738.73,138354528
2013-08-11,736.42,750.23,734.17,743.02,121419694
2013-08-12,744.86,751.08,730.82,740.59,118746357
2013-08-13,747.36,750.3,742.54,746.4,101845943
2013-08-14,747.96,758.65,736.97,750.14,155045679
2013-08-15,747.66,751.92,744.18,748.21,146693430
2013-08-16,745.33,750.91,743.9,744.4,80886582
2013-08-17,741.09,741.26,733.69,738.73,85732252
2013-08-18,749.74,759.83,740.82,753.77,141480379
2013-08-19,743.27,747.19,721.98,730.53,186791980
2013-08-20,735.91,737.38,734.93,735.97,153283057
2013-08-21,711.46,735.37,704.21,734.91,96589023
2013-08-22,740.7,750.08,734.84,738.54,137023043
2013-08-23,732.03,741.48,718.34,727.51,86180342
2013-08-24,732.15,740.91,728.35,739.75,125273925
2013-08-25,755.33,758.83,743.54,743.68,70778070
2013-08-26,754.62,763.84,744.67,756.03,64548108
2013-08-27,779.86,792.94,772.43,778.09,154876054
2013-08-28,774.3,790.77,771.14,778.21,69777310
2013-08-29,774.72,786.72,767.52,773.84,95486656
2013-08-30,768.31,773.66,764.34,771.72,144000336
2013-08-31,784.56,790.15,765.67,775.21,89632290
2013-09-01,780.72,787.1,765.06,779.98,110324167
2013-09-02,800.09,802.54,792.25,795.48,127783468
2013-09-03,776.74,782.55,774.02,777.11,148720736
2013-09-04,775.35,790.64,774.99,778.11,55321804
2013-09-05,765.89,775.41,746.98,760.12,125639027
2013-09-06,746.86,755.94,736.33,753.47,144715616
2013-09-07,759.69,764.21,750.33,756.7,150020941
2013-09-08,772.99,778.77,757.72,768.58,111664846
2013-09-09,780.14,791.75,757.09,779.63,112417977
2013-09-10,779.71,784.05,775.71,776.21,111513667
2013-09-11,799.78,801.3,790.97,800.88,130339177
2013-09-12,770.42,784.76,764.0,781.77,138488515
2013-09-13,764.66,767.8,757.57,762.7,140414176
2013-09-14,763.75,782.48,761.54,772.27,118138892
2013-09-15,782.65,786.25,771.34,777.03,107337272
2013-09-16,788.27,820.85,773.83,806.83,111044648
2013-09-17,804.7,811.75,788.78,797.99,102772248
2013-09-18,809.88,810.43,801.78,806.32,81524981
2013-09-19,806.07,813.98,804.35,807.75,141742879
2013-09-20,815.5,815.64,807.34,809.72,79987892
2013-09-21,817.39,823.47,816.37,822.73,136620964
2013-09-22,837.56,839.17,825.0,835.07,117881835
2013-09-23,833.61,834.97,829.38,834.33,84337032
2013-09-24,820.17,832.42,817.95,823.17,140091992
2013-09-25,849.86,853.76,842.27,843.48,87614553
2013-09-26,859.81,863.63,851.13,856.41,149904544
2013-09-27,855.47,888.86,855.04,867.4,152124305
2013-09-28,878.75,901.16,870.0,888.05,106131620
2013-09-29,908.79,913.22,903.35,910.45,95673870
2013-09-30,922.17,923.3,911.9,921.55,83673413
2013-10-01,931.21,933.71,925.5,931.08,147387847
2013-10-02,973.3,983.12,932.58,953.54,64801595
2013-10-03,957.17,957.77,941.74,954.12,105065647
2013-10-04,960.38,961.72,949.67,959.58,54831960
2013-10-05,973.0,980.32,969.13,976.28,63915280
2013-10-06,958.28,967.64,955.75,961.3,117833080
2013-10-07,926.79,935.75,909.4,929.33,97018510
2013-10-08,933.05,937.83,921.21,924.42,82358088
2013-10-09,932.14,935.22,930.28,932.57,103893308
2013-10-10,916.64,917.97,915.23,917.24,156802218
2013-10-11,930.1,944.93,922.25,935.17,91061541
2013-10-12,925.61,939.59,923.21,923.41,86359073
2013-10-13,909.65,912.19,894.18,900.23,108112480
2013-10-14,880.49,889.16,877.21,886.88,111177723
2013-10-15,884.57,890.38,871.8,884.91,106425168
2013-10-16,868.02,901.24,865.73,891.04,62208545
2013-10-17,902.32,904.09,888.79,891.32,134414487
2013-10-18,891.69,904.7,882.12,887.66,138821501
2013-10-19,891.09,894.74,885.7,888.13,93834618
2013-10-20,899.77,903.62,898.99,902.28,89341768
2013-10-21,902.91,906.92,883.75,890.32,140294371
2013-10-22,891.92,913.96,882.78,896.09,98164332
2013-10-23,879.71,891.28,879.66,891.25,53597491
2013-10-24,898.82,907.86,889.2,896.48,133532727
2013-10-25,909.95,911.72,871.74,903.99,55717136
2013-10-26,896.69,906.08,893.69,896.21,70771233
2013-10-27,883.46,910.34,878.57,896.12,68986311
2013-10-28,882.84,921.54,882.6,897.66,94261368
2013-10-29,922.94,936.08,913.68,913.71,69305719
2013-10-30,938.54,939.29,929.28,931.42,79490806
2013-10-31,955.13,965.26,943.5,955.33,185711374
2013-11-01,959.13,984.96,953.53,972.16,69639860
2013-11-02,997.75,1003.35,980.34,990.75,153254844
2013-11-03,981.52,982.23,970.21,981.47,99854960
2013-11-04,975.2,985.1,970.24,981.18,94631651
2013-11-05,979.02,981.75,973.77,976.24,93963265
2013-11-06,985.28,996.87,967.99,978.2,55572263
2013-11-07,961.63,976.46,959.21,967.32,61509354
2013-11-08,976.6,980.8,973.67,979.05,64654840
2013-11-09,958.37,981.22,950.72,971.27,76192713
2013-11-10,986.12,986.31,979.63,979.67,96474179
2013-11-11,972.22,986.39,970.73,976.4,129596247
2013-11-12,966.4,977.9,966.3,969.68,159099691
2013-11-13,973.45,974.16,964.99,968.29,89173784
2013-11-14,974.65,985.1,946.41,964.0,101297718
2013-11-15,946.18,947.96,944.2,947.29,140694968
2013-11-16,933.28,938.93,928.13,937.09,75555680
2013-11-17,924.05,938.45,918.87,934.9,86019498
2013-11-18,980.26,980.84,967.03,978.19,191473175
2013-11-19,935.45,972.61,927.43,957.32,81519008
2013-11-20,933.69,960.15,932.27,944.98,68541447
2013-11-21,926.82,930.3,918.47,925.25,147084502
2013-11-22,919.48,927.7,903.75,919.91,107848484
2013-11-23,921.3,946.71,915.41,919.7,124570207
2013-11-24,934.43,939.48,908.29,915.55,94419872
2013-11-25,910.87,912.41,898.63,902.97,151521928
2013-11-26,921.81,927.72,902.51,925.27,81401211
2013-11-27,921.12,931.23,917.65,923.53,104148176
2013-11-28,917.53,949.05,909.61,918.7,130538921
2013-11-29,900.74,908.69,888.59,908.52,98844020
2013-11-30,912.48,929.75,903.49,909.94,103854572
2013-12-01,924.38,928.64,922.39,928.29,136603024
2013-12-02,926.76,930.3,920.95,926.54,96923414
2013-12-03,931.02,936.34,916.08,931.22,92779813
2013-12-04,928.39,932.1,916.85,924.41,126852700
2013-12-05,911.42,931.59,910.95,921.71,55628622
2013-12-06,913.29,918.42,883.03,906.38,68962741
2013-12-07,897.09,908.01,879.91,890.21,154908854
2013-12-08,892.79,902.41,867.46,891.46,54156061
2013-12-09,908.48,909.84,886.61,898.57,145105529
2013-12-10,875.15,882.22,874.85,880.79,174268173
2013-12-11,897.3,900.55,890.94,900.15,179089899
2013-12-12,899.75,907.65,896.46,904.85,116910124
2013-12-13,902.26,911.17,893.59,900.24,59638041
2013-12-14,883.16,915.08,882.73,914.61,133904685
2013-12-15,949.66,954.33,931.76,937.75,89472379
2013-12-16,950.66,953.32,949.6,949.76,154701019
2013-12-17,961.72,967.59,960.5,965.29,104934421
2013-12-18,993.54,994.89,982.31,989.15,162417946
2013-12-19,999.52,1014.65,988.61,1005.96,76103998
2013-12-20,1023.39,1025.31,990.38,1022.78,158452689
2013-12-21,1002.33,1002.91,1000.13,1001.21,148188945
2013-12-22,1005.06,1006.35,984.57,997.82,66101332
2013-12-23,994.07,1000.24,992.67,994.69,153996170
2013-12-24,1033.39,1034.57,1021.18,1021.6,77912866
2013-12-25,999.15,1022.42,997.71,998.2,146017770
2013-12-26,1004.69,1008.43,1003.09,1004.4,123070606
2013-12-27,984.72,1016.06,984.57,1008.6,128950786
2013-12-28,998.8,999.85,998.08,998.58,136518671
2013-12-29,1008.05,1009.09,987.76,997.61,102782531
2013-12-30,1013.76,1013.8,985.96,1001.19,96142216
2013-12-31,982.68,986.27,972.41,985.99,141717678
2014-01-01,975.38,977.95,958.32,962.27,114631156
2014-01-02,987.16,996.12,977.28,984.05,89028868
2014-01-03,989.38,997.24,971.24,991.94,63985431
2014-01-04,990.0,994.93,973.06,984.67,60613345
2014-01-05,984.58,985.22,974.89,982.65,102523085
2014-01-06,995.98,997.61,988.3,993.36,140631483
2014-01-07,985.25,989.34,972.87,985.46,110844369
2014-01-08,979.47,995.09,978.02,985.46,115375407
2014-01-09,988.91,1006.89,961.66,993.65,145539779
2014-01-10,974.28,986.71,961.93,981.4,162439631
2014-01-11,985.49,986.08,983.11,985.21,105441831
2014-01-12,967.36,972.32,964.26,971.13,164194433
2014-01-13,984.99,988.02,961.97,968.1,143265059
2014-01-14,929.69,974.44,922.43,961.57,70466919
2014-01-15,952.16,957.27,946.9,954.8,154700824
2014-01-16,955.16,955.99,944.66,951.33,90524661
2014-01-17,931.8,946.64,920.56,934.61,81798786
2014-01-18,969.8,969.95,948.01,965.99,197821741
2014-01-19,1006.91,1012.04,998.8,998.81,157661721
2014-01-20,1006.16,1016.75,987.3,1006.58,129074779
2014-01-21,1005.68,1014.39,1002.35,1004.84,68974819
2014-01-22,999.82,1010.39,989.78,1001.08,57050908
2014-01-23,1000.82,1014.55,997.54,1003.91,142289721
2014-01-24,1024.86,1043.37,1022.61,1029.47,128008475
2014-01-25,1058.38,1073.23,1052.15,1056.05,170698714
2014-01-26,1064.93,1084.96,1051.6,1053.6,60243633
2014-01-27,1050.06,1077.73,1047.65,1057.13,147268700
2014-01-28,1051.96,1085.62,1045.66,1071.29,63327627
2014-01-29,1085.73,1090.76,1080.37,1088.52,171497069
2014-01-30,1078.37,1095.99,1068.96,1074.2,93767911
2014-01-31,1063.32,1104.28,1060.49,1082.81,76912907
2014-02-01,1083.46,1103.47,1073.22,1083.18,53572887
2014-02-02,1061.55,1068.97,1057.22,1067.79,124107798
2014-02-03,1107.29,1114.39,1093.68,1111.11,110973540
2014-02-04,1106.78,1120.08,1105.38,1109.46,58778386
2014-02-05,1115.27,1117.71,1100.96,1103.26,117337477
2014-02-06,1095.99,1118.67,1090.62,1099.33,93598805
2014-02-07,1132.25,1142.2,1114.94,1121.21,126303365
2014-02-08,1138.6,1149.42,1114.6,1148.37,167014560
2014-02-09,1149.24,1166.89,1120.44,1143.33,125441467
2014-02-10,1175.8,1176.85,1136.71,1149.28,112242508
2014-02-11,1170.11,1185.17,1165.37,1168.79,133028974
2014-02-12,1153.15,1157.16,1152.83,1153.35,103650300
2014-02-13,1165.28,1165.68,1155.77,1156.51,106489459
2014-02-14,1154.74,1178.7,1154.24,1177.8,155177395
2014-02-15,1188.63,1191.77,1140.05,1171.43,79412202
2014-02-16,1179.99,1186.51,1165.77,1177.55,84124163
2014-02-17,1174.38,1174.46,1161.46,1164.56,100662272
2014-02-18,1169.41,1178.32,1160.58,1176.99,76718203
2014-02-19,1169.56,1187.93,1169.28,1187.9,124976363
2014-02-20,1176.06,1180.41,1174.16,1179.49,145729113
2014-02-21,1195.37,1197.74,1179.14,1183.75,127807194
2014-02-22,1177.64,1193.22,1169.13,1183.78,50021948
2014-02-23,1177.01,1197.01,1162.63,1188.03,53273577
2014-02-24,1199.4,1215.64,1186.59,1195.33,110903120
2014-02-25,1197.15,1198.4,1180.04,1186.49,139350281
2014-02-26,1177.29,1185.21,1176.97,1178.52,156820120
2014-02-27,1161.2,1162.19,1143.92,1158.88,129610074
2014-02-28,1148.94,1179.9,1138.92,1164.35,96796256
2014-03-01,1180.95,1184.02,1160.1,1164.67,88873928
2014-03-02,1162.45,1179.52,1156.92,1170.39,143077792
2014-03-03,1168.73,1170.64,1153.07,1169.74,98502047
2014-03-04,1186.68,1186.68,1181.77,1186.42,154329744
2014-03-05,1172.94,1187.82,1160.09,1177.14,131110452
2014-03-06,1181.99,1195.33,1156.06,1172.61,141657969
2014-03-07,1190.86,1230.03,1169.88,1181.52,70804951
2014-03-08,1198.41,1211.83,1188.34,1190.03,136657605
2014-03-09,1213.41,1216.38,1196.34,1206.02,103023845
2014-03-10,1199.98,1230.45,1191.55,1200.6,142364649
2014-03-11,1201.08,1201.81,1179.11,1185.66,58902402
2014-03-12,1204.39,1209.76,1183.36,1205.14,90951155
2014-03-13,1225.24,1231.09,1223.82,1228.38,108002522
2014-03-14,1249.3,1256.22,1204.03,1221.59,65521439
2014-03-15,1202.93,1216.19,1198.25,1215.24,102813681
2014-03-16,1184.72,1231.26,1165.12,1203.43,114374049
2014-03-17,1202.4,1214.89,1195.01,1196.69,99723655
2014-03-18,1195.12,1213.57,1182.94,1199.92,74859136
2014-03-19,1201.07,1208.07,1180.58,1206.64,72483629
2014-03-20,1207.39,1215.4,1198.96,1203.27,121437236
2014-03-21,1223.73,1226.58,1172.63,1193.91,141150878
2014-03-22,1198.08,1204.48,1193.49,1198.79,67740039
2014-03-23,1241.35,1246.48,1232.99,1242.1,197262600
2014-03-24,1225.79,1229.56,1216.9,1225.73,147825074
2014-03-25,1218.06,1236.37,1199.0,1231.17,90214129
2014-03-26,1230.23,1232.75,1225.2,1229.35,131233245
2014-03-27,1240.16,1244.25,1212.16,1241.13,65907868
2014-03-28,1259.71,1264.28,1258.04,1260.66,148394454
2014-03-29,1293.6,1294.14,1277.7,1286.92,168831759
2014-03-30,1303.37,1314.75,1299.96,1308.92,116489280
2014-03-31,1298.19,1338.58,1293.29,1303.38,75938139
2014-04-01,1283.97,1300.51,1260.36,1291.69,71909913
2014-04-02,1293.66,1295.37,1286.07,1294.01,108429865
2014-04-03,1306.82,1333.76,1298.62,1308.62,158786535
2014-04-04,1249.69,1261.71,1249.65,1255.24,85184192
2014-04-05,1239.27,1256.5,1235.2,1252.9,56035054
2014-04-06,1261.53,1270.6,1256.1,1264.04,108789577
2014-04-07,1208.95,1251.31,1206.96,1240.39,84869169
2014-04-08,1223.17,1290.58,1219.35,1247.34,77309877
2014-04-09,1206.61,1206.73,1173.82,1196.02,165017332
2014-04-10,1172.38,1173.01,1151.21,1165.61,145860517
2014-04-11,1182.33,1186.03,1174.88,1175.29,90391486
2014-04-12,1170.84,1210.36,1169.98,1199.46,139091817
2014-04-13,1189.16,1189.78,1188.82,1189.72,132968042
2014-04-14,1167.7,1173.19,1164.78,1168.69,157588316
2014-04-15,1189.8,1191.53,1151.74,1171.17,82228310
2014-04-16,1203.76,1219.72,1199.42,1208.75,170693270
2014-04-17,1179.12,1228.22,1124.53,1177.12,83031858
2014-04-18,1181.13,1202.19,1162.88,1174.12,148543053
2014-04-19,1113.23,1129.42,1110.02,1125.2,74645595
2014-04-20,1100.51,1120.06,1076.25,1097.26,91862864
2014-04-21,1072.76,1078.91,1051.97,1073.7,173150471
2014-04-22,1094.89,1103.76,1080.18,1084.8,76478409
2014-04-23,1080.11,1084.1,1078.03,1083.36,120283846
2014-04-24,1100.76,1110.75,1090.99,1097.53,65567056
2014-04-25,1096.14,1097.43,1073.95,1092.02,122442366
2014-04-26,1092.32,1092.51,1076.72,1090.23,101752963
2014-04-27,1081.29,1093.71,1068.13,1088.69,134629512
2014-04-28,1103.77,1106.86,1091.07,1102.37,112895617
2014-04-29,1134.41,1135.0,1122.13,1124.14,75708926
2014-04-30,1148.68,1154.77,1145.72,1151.43,172516247
2014-05-01,1174.72,1182.52,1167.35,1172.09,138741286
2014-05-02,1166.37,1171.39,1161.6,1163.19,142438036
2014-05-03,1147.08,1159.86,1143.85,1148.86,118247016
2014-05-04,1157.49,1159.43,1151.49,1155.43,54116582
2014-05-05,1155.78,1159.11,1146.52,1153.08,144533684
2014-05-06,1133.2,1156.97,1131.04,1147.77,86578320
2014-05-07,1147.42,1165.59,1144.75,1148.6,61734454
2014-05-08,1164.53,1173.64,1138.19,1147.45,58803314
2014-05-09,1174.21,1176.73,1173.63,1176.5,63211903
2014-05-10,1190.73,1239.14,1190.66,1201.11,96558241
2014-05-11,1209.06,1209.69,1182.81,1199.32,96391809
2014-05-12,1203.3,1207.15,1185.41,1191.1,155154453
2014-05-13,1171.37,1171.44,1168.71,1171.25,166464969
2014-05-14,1193.32,1198.16,1173.9,1184.43,150758694
2014-05-15,1184.02,1185.66,1165.28,1176.64,117939424
2014-05-16,1150.74,1164.7,1143.89,1153.29,171582240
2014-05-17,1115.75,1137.73,1105.2,1130.71,143832126
2014-05-18,1103.08,1115.38,1087.21,1113.31,124729330
2014-05-19,1108.01,1110.38,1101.13,1104.22,98189212
2014-05-20,1076.88,1098.67,1076.77,1089.42,98391374
2014-05-21,1128.61,1130.25,1100.35,1102.84,137160542
2014-05-22,1098.53,1106.2,1097.58,1104.75,116699181
2014-05-23,1097.17,1111.29,1095.19,1095.5,153056199
2014-05-24,1126.96,1138.42,1123.6,1127.69,144010793
2014-05-25,1133.25,1147.23,1129.69,1133.56,104642580
2014-05-26,1137.51,1144.39,1124.8,1141.4,117724021
2014-05-27,1138.55,1158.72,1100.59,1129.6,153244587
2014-05-28,1126.05,1136.83,1109.98,1123.1,124610048
2014-05-29,1136.12,1142.9,1122.63,1133.78,123099715
2014-05-30,1156.16,1156.58,1146.73,1152.17,101732336
2014-05-31,1144.25,1159.25,1128.44,1158.08,135077610
2014-06-01,1161.98,1165.88,1150.41,1151.89,62259593
2014-06-02,1184.11,1185.02,1161.19,1175.02,158873303
2014-06-03,1189.76,1228.66,1132.96,1178.63,118059439
2014-06-04,1195.56,1201.32,1186.71,1189.75,88557231
2014-06-05,1195.31,1195.88,1185.07,1186.35,105318779
2014-06-06,1184.88,1212.4,1181.56,1211.01,144027347
2014-06-07,1225.47,1225.48,1194.48,1202.99,109285537
2014-06-08,1190.07,1201.67,1171.4,1188.98,128350580
2014-06-09,1203.94,1205.05,1165.75,1186.59,128543417
2014-06-10,1155.0,1177.6,1148.61,1160.99,113020469
2014-06-11,1188.54,1189.03,1186.61,1188.23,132838100
2014-06-12,1167.85,1188.29,1163.91,1174.22,155383327
2014-06-13,1210.21,1228.48,1204.66,1210.93,144407796
2014-06-14,1228.14,1238.65,1225.42,1229.65,81115732
2014-06-15,1232.36,1268.71,1231.4,1244.56,146700511
2014-06-16,1240.02,1273.58,1222.65,1239.59,101090380
2014-06-17,1233.26,1234.71,1212.7,1224.21,77972603
2014-06-18,1228.72,1228.76,1196.97,1216.58,71915983
2014-06-19,1247.5,1249.1,1213.42,1214.96,98765161
2014-06-20,1229.81,1231.01,1203.81,1219.8,99478093
2014-06-21,1244.69,1251.45,1235.65,1236.7,108472319
2014-06-22,1224.46,1241.29,1209.09,1227.66,109187626
2014-06-23,1210.27,1228.05,1209.87,1210.67,130151088
2014-06-24,1209.48,1216.38,1187.46,1187.46,169343081
2014-06-25,1152.0,1190.34,1149.47,1177.86,80988128
2014-06-26,1179.34,1212.62,1153.42,1183.99,116941173
2014-06-27,1222.17,1242.97,1212.7,1219.9,98722997
2014-06-28,1224.42,1233.76,1222.36,1230.49,105379895
2014-06-29,1211.39,1215.92,1208.22,1214.76,155985264
2014-06-30,1219.84,1222.31,1211.31,1215.84,63988016
2014-07-01,1177.35,1198.58,1167.47,1185.55,68790858
2014-07-02,1207.67,1228.52,1181.69,1188.8,66008419
2014-07-03,1204.0,1206.74,1196.98,1204.16,157974105
2014-07-04,1214.41,1214.75,1176.53,1181.09,160413527
2014-07-05,1189.26,1202.13,1183.49,1189.02,129805001
2014-07-06,1216.32,1217.6,1213.43,1216.12,135084354
2014-07-07,1249.37,1250.47,1227.29,1236.23,69699144
2014-07-08,1248.17,1251.3,1234.68,1239.99,122275157
2014-07-09,1280.88,1285.13,1267.02,1268.14,61440652
2014-07-10,1287.33,1288.71,1266.52,1271.71,102057402
2014-07-11,1269.05,1283.2,1262.55,1277.51,101470551
2014-07-12,1299.6,1302.6,1243.88,1277.77,100423068
2014-07-13,1302.03,1313.06,1283.31,1291.93,150006929
2014-07-14,1314.42,1324.4,1302.53,1305.89,115869400
2014-07-15,1246.76,1285.95,1225.89,1260.18,104011378
2014-07-16,1290.86,1305.51,1267.29,1277.64,143514448
2014-07-17,1259.36,1273.42,1257.74,1269.72,117337728
2014-07-18,1267.92,1275.99,1261.94,1270.32,92991848
2014-07-19,1282.79,1288.84,1280.25,1280.42,76759021
2014-07-20,1282.67,1284.21,1269.29,1275.31,134679531
2014-07-21,1294.4,1329.89,1275.14,1295.15,135639567
2014-07-22,1316.63,1324.15,1311.16,1314.57,146337634
2014-07-23,1341.29,1342.61,1336.29,1338.85,155594562
2014-07-24,1301.53,1319.88,1295.97,1318.1,100096337
2014-07-25,1330.34,1334.83,1323.66,1323.86,142787209
2014-07-26,1329.98,1342.15,1329.11,1333.7,60376478
2014-07-27,1349.64,1394.08,1348.11,1370.62,106460355
2014-07-28,1343.51,1384.88,1339.59,1361.34,88076210
2014-07-29,1367.66,1374.68,1360.44,1362.13,81049298
2014-07-30,1326.93,1377.49,1298.77,1346.57,87127195
2014-07-31,1344.96,1345.23,1340.21,1341.97,93147924
2014-08-01,1352.91,1368.0,1326.14,1342.15,107194431
2014-08-02,1327.1,1329.92,1319.11,1329.5,163869198
2014-08-03,1340.82,1353.37,1325.99,1337.94,131476033
2014-08-04,1338.59,1344.44,1327.77,1332.06,124470526
2014-08-05,1310.72,1321.59,1285.87,1312.39,157387525
2014-08-06,1285.16,1320.28,1263.67,1297.63,143887445
2014-08-07,1266.8,1266.97,1264.74,1265.17,160172411
2014-08-08,1235.64,1282.11,1228.18,1253.53,143932649
2014-08-09,1237.99,1247.49,1233.79,1243.93,86586471
2014-08-10,1273.52,1282.8,1258.58,1268.96,147565989
2014-08-11,1273.9,1279.37,1269.15,1276.56,113601783
2014-08-12,1306.0,1307.78,1290.17,1299.94,172490101
2014-08-13,1289.73,1300.14,1276.26,1291.22,154575137
2014-08-14,1307.16,1325.11,1300.41,1307.62,100887734
2014-08-15,1375.43,1379.71,1335.86,1336.7,155751038
2014-08-16,1296.63,1333.74,1292.29,1318.82,162646415
2014-08-17,1288.32,1300.27,1284.02,1295.11,93615476
2014-08-18,1319.43,1325.39,1295.35,1307.02,111678014
2014-08-19,1279.97,1299.92,1273.72,1291.67,153480731
2014-08-20,1318.36,1343.27,1283.58,1295.57,64811353
2014-08-21,1334.16,1334.56,1294.57,1307.72,112509312
2014-08-22,1320.66,1325.81,1319.81,1321.09,107502032
2014-08-23,1275.58,1323.74,1248.57,1321.7,145142637
2014-08-24,1325.56,1328.44,1315.94,1326.48,97460320
2014-08-25,1338.8,1342.87,1329.4,1333.66,59848943
2014-08-26,1333.95,1339.02,1324.01,1324.9,121741736
2014-08-27,1298.77,1308.1,1290.43,1307.9,108395522
2014-08-28,1373.83,1374.55,1329.27,1334.06,165028506
2014-08-29,1328.84,1329.8,1316.44,1322.15,67459657
2014-08-30,1314.86,1318.81,1313.07,1317.59,97176647
2014-08-31,1332.65,1365.18,1314.52,1320.84,136480526
2014-09-01,1286.99,1304.0,1284.93,1300.66,85839030
2014-09-02,1288.57,1306.11,1283.5,1286.13,153385033
2014-09-03,1267.87,1268.25,1249.92,1256.87,92821065
2014-09-04,1209.56,1226.36,1201.55,1224.73,86521467
2014-09-05,1235.13,1246.47,1232.35,1241.66,125741025
2014-09-06,1255.36,1262.51,1232.44,1238.02,92555886
2014-09-07,1250.13,1250.36,1235.39,1238.73,55711925
2014-09-08,1227.03,1247.11,1213.25,1244.56,79832313
2014-09-09,1226.21,1233.98,1217.73,1228.31,149087534
2014-09-10,1201.08,1201.76,1188.36,1196.74,167744918
2014-09-11,1215.12,1217.47,1211.71,1214.21,85852646
2014-09-12,1259.07,1276.41,1233.02,1239.77,177647648
2014-09-13,1235.91,1246.29,1231.7,1243.15,121516088
2014-09-14,1241.94,1248.68,1241.17,1241.78,123171605
2014-09-15,1229.22,1238.78,1224.07,1228.38,117253821
2014-09-16,1223.63,1234.43,1219.45,1228.13,76799884
2014-09-17,1233.39,1249.7,1210.81,1241.77,92094275
2014-09-18,1243.61,1278.76,1209.08,1242.52,136864525
2014-09-19,1225.14,1230.18,1224.03,1225.77,145637398
2014-09-20,1228.79,1245.97,1204.12,1228.91,135689575
2014-09-21,1247.98,1263.97,1216.74,1241.53,72340380
2014-09-22,1243.0,1249.13,1217.18,1228.25,59454548
2014-09-23,1220.79,1222.6,1192.69,1215.25,108169901
2014-09-24,1240.46,1247.29,1219.15,1220.61,150998242
2014-09-25,1221.55,1224.95,1216.91,1223.58,56998364
2014-09-26,1250.08,1255.67,1236.12,1242.39,157161522
2014-09-27,1243.2,1254.8,1241.17,1244.88,78193402
2014-09-28,1287.97,1313.88,1258.85,1263.96,62759321
2014-09-29,1229.55,1245.94,1225.16,1243.92,97749980
2014-09-30,1226.5,1256.41,1211.87,1236.77,142332331
2014-10-01,1208.91,1213.03,1206.86,1209.82,81570776
2014-10-02,1198.93,1203.07,1198.09,1202.43,153617753
2014-10-03,1197.48,1203.4,1189.42,1195.16,114828415
2014-10-04,1182.48,1204.22,1178.36,1193.64,58637245
2014-10-05,1177.12,1204.66,1165.56,1175.85,130704699
2014-10-06,1166.07,1167.34,1164.86,1165.58,112751326
2014-10-07,1169.23,1179.24,1156.24,1158.95,125557447
2014-10-08,1148.34,1151.23,1139.31,1141.91,108206508
2014-10-09,1131.25,1144.26,1129.78,1141.45,128133038
2014-10-10,1159.93,1169.01,1146.1,1158.09,78737747
2014-10-11,1158.96,1180.1,1152.53,1158.67,135835025
2014-10-12,1137.45,1142.35,1123.88,1138.14,78963095
2014-10-13,1134.59,1135.0,1125.68,1127.64,106513729
2014-10-14,1132.87,1141.49,1114.5,1126.87,127483901
2014-10-15,1093.69,1105.24,1088.58,1102.19,168428649
2014-10-16,1084.45,1113.44,1079.33,1093.31,79846042
2014-10-17,1121.46,1121.86,1087.86,1093.58,122779160
2014-10-18,1087.29,1092.89,1078.13,1083.25,128058470
2014-10-19,1115.29,1119.74,1109.81,1113.55,190868123
2014-10-20,1128.82,1136.69,1126.09,1129.56,151072741
2014-10-21,1145.56,1148.99,1141.63,1142.43,164980425
2014-10-22,1104.69,1108.85,1100.37,1106.56,77795346
2014-10-23,1120.22,1126.94,1113.69,1115.34,108358910
2014-10-24,1112.53,1121.61,1101.17,1114.73,142254382
2014-10-25,1120.73,1131.2,1102.87,1112.7,113447518
2014-10-26,1125.42,1131.92,1121.43,1125.35,119419331
2014-10-27,1123.5,1143.26,1104.68,1124.7,110236604
2014-10-28,1121.18,1126.15,1116.49,1119.28,99973465
2014-10-29,1138.48,1164.09,1134.2,1141.39,90909803
2014-10-30,1122.14,1162.21,1101.41,1151.93,60637635
2014-10-31,1144.08,1145.45,1143.62,1143.72,118219859
2014-11-01,1152.83,1163.86,1151.53,1160.32,136619827
2014-11-02,1165.14,1166.41,1138.77,1162.99,107712002
2014-11-03,1137.23,1140.25,1134.91,1138.75,146775843
2014-11-04,1131.06,1143.06,1126.45,1136.44,149615386
2014-11-05,1156.95,1160.23,1143.78,1156.89,157989267
2014-11-06,1163.59,1171.88,1158.07,1165.13,119998235
2014-11-07,1174.79,1196.17,1143.53,1179.88,160455689
2014-11-08,1191.22,1192.07,1189.25,1189.7,74884639
2014-11-09,1205.82,1212.6,1190.12,1195.54,139161134
2014-11-10,1199.89,1211.25,1188.89,1203.94,78448077
2014-11-11,1197.89,1200.47,1180.56,1200.14,84704320
2014-11-12,1189.8,1191.07,1170.98,1175.62,94672920
2014-11-13,1218.09,1221.8,1208.19,1210.77,166279572
2014-11-14,1205.97,1211.35,1198.73,1205.76,131198501
2014-11-15,1192.13,1193.35,1191.8,1193.16,102394876
2014-11-16,1197.18,1203.13,1165.8,1196.06,140146633
2014-11-17,1213.95,1213.98,1196.28,1210.32,86930167
2014-11-18,1209.72,1211.31,1202.1,1202.66,56863453
2014-11-19,1191.97,1205.57,1175.64,1195.37,110764256
2014-11-20,1217.33,1229.83,1210.04,1212.41,89117783
2014-11-21,1224.09,1228.54,1188.57,1202.1,121721742
2014-11-22,1245.3,1246.45,1204.48,1228.72,150766081
2014-11-23,1224.28,1245.29,1219.51,1230.36,106960505
2014-11-24,1277.14,1279.0,1225.6,1234.98,154013175
2014-11-25,1244.45,1254.07,1222.18,1241.84,111777255
2014-11-26,1286.28,1288.94,1269.58,1273.13,130730366
2014-11-27,1220.26,1235.61,1219.89,1233.22,184538528
2014-11-28,1222.63,1232.08,1216.51,1225.76,85949672
2014-11-29,1244.24,1258.61,1226.8,1231.63,73226860
2014-11-30,1239.81,1243.89,1225.52,1239.12,117967252
2014-12-01,1232.62,1234.74,1232.54,1234.69,85246407
2014-12-02,1245.18,1253.44,1235.67,1236.53,67694166
2014-12-03,1218.1,1223.76,1213.49,1216.45,153573402
2014-12-04,1218.88,1257.5,1180.11,1213.03,79527031
2014-12-05,1204.06,1233.67,1186.11,1206.99,63840055
2014-12-06,1199.65,1232.24,1191.12,1215.33,139682368
2014-12-07,1223.52,1225.2,1214.55,1220.63,67467180
2014-12-08,1202.86,1209.44,1197.39,1209.39,128008986
2014-12-09,1201.83,1223.26,1193.6,1215.76,131390326
2014-12-10,1213.72,1220.35,1206.69,1210.96,129012903
2014-12-11,1187.22,1211.86,1182.73,1198.42,114358154
2014-12-12,1188.55,1219.66,1153.52,1195.71,109508514
2014-12-13,1205.39,1223.46,1204.63,1218.34,91401259
2014-12-14,1201.97,1241.11,1193.57,1204.38,117618247
2014-12-15,1203.31,1215.73,1177.32,1201.67,128410170
2014-12-16,1190.32,1197.8,1145.46,1184.52,71578165
2014-12-17,1207.09,1212.5,1181.09,1189.36,140088251
2014-12-18,1197.23,1198.58,1182.73,1185.47,93080144
2014-12-19,1159.48,1162.16,1138.81,1159.11,82336298
2014-12-20,1161.53,1164.81,1160.79,1163.85,125936812
2014-12-21,1198.83,1201.32,1163.63,1169.24,67750772
2014-12-22,1159.8,1170.87,1157.61,1169.05,135062979
2014-12-23,1158.9,1163.62,1149.64,1152.07,105415736
2014-12-24,1181.36,1192.7,1163.39,1165.0,120864841
2014-12-25,1171.02,1171.29,1164.94,1167.13,87208120
2014-12-26,1175.22,1181.68,1170.47,1177.37,80328321
2014-12-27,1199.45,1217.4,1183.86,1188.12,127739414
2014-12-28,1179.56,1184.82,1154.42,1156.3,143469139
2014-12-29,1171.87,1177.14,1148.41,1159.7,67394482
2014-12-30,1188.9,1210.12,1172.06,1198.44,196786083
2014-12-31,1192.77,1205.69,1187.04,1193.88,105342614
2015-01-01,1213.54,1213.66,1193.31,1196.99,105391189
2015-01-02,1229.95,1247.5,1204.73,1213.22,67797207
2015-01-03,1217.79,1233.73,1194.09,1201.68,69325557
2015-01-04,1227.71,1233.98,1187.92,1213.11,162442950
2015-01-05,1199.66,1202.43,1190.21,1198.96,133389739
2015-01-06,1180.95,1200.36,1167.04,1185.52,145259260
2015-01-07,1198.91,1200.87,1197.51,1199.92,167559458
2015-01-08,1209.62,1212.82,1209.47,1211.02,80403915
2015-01-09,1218.16,1229.56,1210.37,1218.04,137518610
2015-01-10,1194.49,1248.49,1193.97,1220.48,117204600
2015-01-11,1199.54,1251.55,1199.13,1226.18,138089744
2015-01-12,1216.32,1223.24,1213.63,1216.08,55637813
2015-01-13,1213.85,1214.42,1203.47,1211.65,85062166
2015-01-14,1234.94,1247.69,1218.68,1227.29,149653185
2015-01-15,1241.46,1256.69,1228.06,1241.72,85280211
2015-01-16,1234.09,1237.85,1199.59,1231.13,106217249
2015-01-17,1228.86,1256.39,1214.36,1233.72,122198541
2015-01-18,1263.74,1275.13,1248.25,1263.5,119614915
2015-01-19,1258.08,1274.8,1245.62,1248.58,104406721
2015-01-20,1282.61,1283.75,1225.93,1268.29,131757751
2015-01-21,1254.32,1273.48,1238.27,1264.71,122854368
2015-01-22,1267.49,1285.34,1255.45,1276.57,160774390
2015-01-23,1284.44,1300.59,1258.9,1277.16,103334508
2015-01-24,1281.48,1291.69,1247.67,1270.34,58183830
2015-01-25,1279.68,1298.23,1264.43,1291.97,171808443
2015-01-26,1305.28,1307.58,1285.74,1292.19,132120765
2015-01-27,1292.3,1321.62,1278.44,1279.52,136305165
2015-01-28,1301.72,1310.48,1296.14,1308.3,62938026
2015-01-29,1298.73,1311.33,1284.74,1294.97,164140425
2015-01-30,1287.03,1297.96,1280.02,1295.03,58167138
2015-01-31,1270.22,1272.54,1264.58,1268.49,180997959
2015-02-01,1276.52,1299.22,1263.98,1270.56,66776038
2015-02-02,1224.34,1259.25,1222.25,1233.4,170543092
2015-02-03,1228.39,1234.61,1228.0,1234.06,110342384
2015-02-04,1218.53,1221.88,1213.35,1217.02,113442343
2015-02-05,1237.12,1239.29,1209.76,1224.33,138587429
2015-02-06,1198.82,1222.81,1180.82,1204.82,165780434
2015-02-07,1221.69,1223.17,1209.37,1212.05,88457504
2015-02-08,1180.67,1208.05,1177.22,1191.31,62355378
2015-02-09,1205.83,1212.54,1204.25,1205.78,88709261
2015-02-10,1173.62,1176.67,1167.45,1175.94,177080967
2015-02-11,1182.34,1184.98,1165.66,1175.96,78669637
2015-02-12,1164.86,1184.16,1163.92,1177.77,119169268
2015-02-13,1210.76,1218.14,1208.25,1209.39,137697293
2015-02-14,1231.55,1263.68,1207.39,1226.13,89715904
2015-02-15,1217.52,1221.16,1215.65,1219.78,106449517
2015-02-16,1199.71,1203.81,1196.42,1197.58,87604652
2015-02-17,1184.44,1223.54,1180.39,1220.74,90520796
2015-02-18,1257.96,1277.53,1218.74,1234.08,165210102
2015-02-19,1231.67,1284.67,1218.61,1245.22,95126180
2015-02-20,1282.52,1285.82,1235.58,1269.4,160695987
2015-02-21,1266.23,1270.23,1261.92,1263.2,92266990
2015-02-22,1279.83,1291.9,1267.4,1269.15,139585905
2015-02-23,1279.55,1300.84,1268.18,1275.62,59860325
2015-02-24,1321.01,1330.78,1307.57,1320.17,115648067
2015-02-25,1289.44,1310.99,1284.43,1304.21,144693305
2015-02-26,1326.9,1342.69,1314.31,1322.14,138185472
2015-02-27,1349.24,1364.15,1313.41,1338.83,143150329
2015-02-28,1318.33,1321.66,1310.7,1319.7,155561035
2015-03-01,1323.63,1340.95,1300.57,1330.31,120797997
2015-03-02,1287.24,1322.72,1280.82,1286.68,192813847
2015-03-03,1307.0,1314.75,1302.11,1312.26,164567770
2015-03-04,1297.68,1322.02,1287.51,1311.42,138365182
2015-03-05,1309.18,1319.08,1299.58,1312.41,81576293
2015-03-06,1275.14,1303.73,1273.92,1298.82,121235068
2015-03-07,1274.45,1312.78,1235.29,1285.01,61585459
2015-03-08,1250.86,1266.85,1242.29,1263.91,172954393
2015-03-09,1254.82,1279.99,1232.44,1268.65,115482205
2015-03-10,1257.55,1268.34,1255.79,1259.03,58928702
2015-03-11,1262.49,1284.87,1254.61,1272.55,109985366
2015-03-12,1292.94,1302.15,1259.75,1290.42,160262975
2015-03-13,1287.56,1327.58,1270.61,1302.99,78236971
2015-03-14,1297.82,1314.51,1277.49,1312.04,131072474
2015-03-15,1295.03,1303.41,1287.94,1295.87,130256393
2015-03-16,1277.25,1277.55,1274.93,1275.76,150765268
2015-03-17,1314.85,1322.01,1263.51,1281.76,121216536
2015-03-18,1280.37,1296.7,1260.32,1278.29,66953600
2015-03-19,1288.6,1290.7,1287.34,1289.36,122658065
2015-03-20,1284.73,1290.6,1276.26,1283.39,59154769
2015-03-21,1267.09,1272.04,1259.01,1267.8,120174469
2015-03-22,1288.05,1311.48,1287.16,1301.86,77335863
2015-03-23,1312.46,1322.33,1299.38,1305.0,136429639
2015-03-24,1289.84,1302.13,1265.16,1281.41,144340774
2015-03-25,1298.99,1328.0,1289.16,1291.17,157199878
2015-03-26,1316.47,1318.13,1302.26,1306.28,102983915
2015-03-27,1313.09,1330.05,1305.95,1329.27,118115906
2015-03-28,1315.35,1330.89,1307.79,1324.12,111481424
2015-03-29,1276.98,1300.13,1271.55,1297.16,103915441
2015-03-30,1304.7,1337.49,1259.24,1332.92,162189017
2015-03-31,1318.6,1333.68,1310.13,1313.81,164479631
2015-04-01,1285.75,1320.61,1257.4,1284.26,75528487
2015-04-02,1256.65,1281.49,1249.58,1267.08,121837825
2015-04-03,1256.79,1272.71,1248.41,1265.88,115538135
2015-04-04,1276.18,1284.21,1275.52,1282.55,157731764
2015-04-05,1291.56,1314.88,1278.24,1290.35,56948548
2015-04-06,1264.55,1283.79,1260.9,1279.77,55063450
2015-04-07,1273.01,1300.29,1270.24,1298.26,61973582
2015-04-08,1325.07,1337.9,1308.24,1315.4,110045660
2015-04-09,1310.77,1315.89,1299.92,1315.07,140867772
2015-04-10,1325.51,1338.43,1315.49,1321.23,131709220
2015-04-11,1317.33,1326.7,1279.07,1297.45,164014020
2015-04-12,1309.58,1337.61,1304.4,1311.92,117396858
2015-04-13,1286.72,1298.61,1275.3,1288.41,61405136
2015-04-14,1321.59,1324.21,1292.67,1303.18,79877402
2015-04-15,1276.75,1281.76,1256.32,1268.68,82372403
2015-04-16,1260.55,1269.72,1246.38,1269.15,72614471
2015-04-17,1268.41,1273.12,1259.24,1265.73,149075816
2015-04-18,1229.53,1248.66,1227.8,1230.27,79829231
2015-04-19,1210.44,1212.63,1204.76,1207.0,75189833
2015-04-20,1208.56,1212.5,1183.32,1205.44,118492773
2015-04-21,1164.55,1205.13,1146.21,1189.34,148752647
2015-04-22,1156.81,1191.48,1138.64,1162.56,126131835
2015-04-23,1136.34,1145.63,1114.48,1142.66,120447199
2015-04-24,1111.69,1121.1,1102.85,1116.99,102713313
2015-04-25,1090.25,1093.44,1087.65,1089.93,163577341
2015-04-26,1081.6,1088.01,1070.57,1078.1,145687639
2015-04-27,1064.14,1070.29,1057.63,1063.01,83250411
2015-04-28,1062.93,1078.34,1055.75,1055.84,97001628
2015-04-29,1042.01,1052.83,1036.9,1038.88,102052778
2015-04-30,1052.38,1059.31,1032.11,1033.63,119615811
2015-05-01,1044.28,1064.23,1019.9,1022.41,73192374
2015-05-02,1012.15,1032.11,1011.69,1024.6,67883983
2015-05-03,1014.3,1014.38,1013.52,1014.29,94680610
2015-05-04,1019.6,1033.4,1011.15,1016.93,144965378
2015-05-05,1017.18,1035.35,1013.35,1021.05,77743834
2015-05-06,987.86,1004.18,954.29,993.98,187594245
2015-05-07,972.23,975.85,962.45,975.44,176423040
2015-05-08,980.25,994.16,973.58,984.37,122531770
2015-05-09,969.53,972.62,960.59,970.83,167228840
2015-05-10,964.21,971.9,940.8,947.98,158997037
2015-05-11,937.18,945.17,937.06,942.04,79852940
2015-05-12,948.93,953.06,948.72,951.04,147268046
2015-05-13,986.94,1011.59,969.97,978.52,92417198
2015-05-14,983.49,996.06,978.69,989.94,138289768
2015-05-15,991.66,997.87,984.79,993.71,128451392
2015-05-16,976.96,983.94,973.08,981.7,78160954
2015-05-17,966.83,1002.35,960.91,984.69,101830349
2015-05-18,1007.14,1017.42,994.77,996.13,90360403
2015-05-19,995.42,998.02,981.71,991.94,110588903
2015-05-20,1016.23,1033.09,1001.63,1011.44,89141292
2015-05-21,1005.54,1024.38,992.97,1013.07,60717439
2015-05-22,1003.79,1027.01,998.99,1007.1,117572596
2015-05-23,1002.95,1013.81,987.19,1011.63,89520264
2015-05-24,1056.59,1065.95,1013.16,1017.16,137451384
2015-05-25,1006.47,1013.31,995.88,1004.05,166033696
2015-05-26,985.4,994.22,956.22,988.39,164723777
2015-05-27,983.26,1000.89,963.89,978.77,161411228
2015-05-28,996.87,1000.44,995.33,996.61,133665019
2015-05-29,1002.22,1004.52,994.61,1000.94,133764357
2015-05-30,1024.93,1046.31,1015.41,1029.69,160960144
2015-05-31,1029.98,1055.44,1029.55,1046.65,72217901
2015-06-01,1059.48,1060.85,1023.84,1052.91,107091433
2015-06-02,1080.52,1093.61,1066.33,1066.96,78541439
2015-06-03,1083.66,1090.64,1081.48,1089.61,141405696
2015-06-04,1098.18,1102.1,1080.01,1090.96,145742174
2015-06-05,1092.89,1100.28,1083.35,1086.38,134961409
2015-06-06,1098.61,1102.95,1096.81,1099.74,154203451
2015-06-07,1111.18,1130.72,1102.82,1105.46,114809856
2015-06-08,1131.42,1142.69,1126.18,1127.93,112255701
2015-06-09,1152.17,1159.18,1141.49,1145.97,66180134
2015-06-10,1148.06,1149.55,1144.88,1144.92,107292840
2015-06-11,1166.06,1172.46,1144.1,1162.55,124509604
2015-06-12,1148.11,1159.86,1143.47,1144.65,91869541
2015-06-13,1133.15,1143.43,1129.29,1130.61,71747804
2015-06-14,1130.73,1144.32,1130.41,1140.42,54498074
2015-06-15,1117.77,1120.99,1112.0,1116.49,87023332
2015-06-16,1110.96,1115.24,1107.87,1112.99,54323903
2015-06-17,1056.18,1061.03,1048.58,1057.19,147399039
2015-06-18,1037.54,1049.17,1036.36,1044.21,140826869
2015-06-19,1054.59,1054.82,1034.98,1049.57,62082827
2015-06-20,1069.62,1076.0,1061.34,1066.14,114576423
2015-06-21,1058.3,1090.1,1052.81,1075.47,77764385
2015-06-22,1047.57,1053.63,1046.2,1053.43,98033821
2015-06-23,1046.54,1053.06,1034.24,1052.11,97976589
2015-06-24,1058.99,1071.21,1058.8,1063.57,86389602
2015-06-25,1065.75,1066.47,1044.97,1047.29,137138802
2015-06-26,1043.49,1070.43,1043.19,1063.06,102805856
2015-06-27,1075.13,1080.06,1059.83,1060.12,136891507
2015-06-28,1051.13,1051.57,1049.13,1051.33,154278777
2015-06-29,1077.35,1087.93,1051.63,1081.75,91790514
2015-06-30,1082.91,1099.14,1073.99,1089.99,55925510
2015-07-01,1071.26,1108.17,1070.0,1084.5,64346531
2015-07-02,1081.66,1094.4,1068.16,1087.2,77492765
2015-07-03,1123.46,1123.57,1097.34,1106.81,67223980
2015-07-04,1129.33,1138.13,1119.6,1127.38,96838288
2015-07-05,1114.0,1121.34,1101.32,1116.92,134273133
2015-07-06,1134.66,1148.7,1081.17,1128.93,111893720
2015-07-07,1123.65,1129.84,1109.88,1121.11,114655964
2015-07-08,1121.85,1132.17,1096.78,1129.52,73044627
2015-07-09,1139.64,1182.91,1132.21,1147.46,74151712
2015-07-10,1123.56,1127.33,1121.48,1126.78,142986083
2015-07-11,1133.64,1134.71,1124.99,1133.43,77935571
2015-07-12,1130.23,1134.0,1127.91,1133.98,58177630
2015-07-13,1118.83,1125.21,1118.08,1124.52,119861274
2015-07-14,1102.24,1141.94,1097.79,1126.3,75336201
2015-07-15,1102.93,1118.13,1087.69,1111.48,145270424
2015-07-16,1127.54,1135.83,1104.17,1121.87,159070962
2015-07-17,1103.01,1123.94,1097.17,1119.32,82254987
2015-07-18,1148.23,1148.58,1136.65,1137.57,81371281
2015-07-19,1143.72,1177.28,1124.1,1142.07,143779068
2015-07-20,1168.53,1178.42,1163.64,1172.48,103760442
2015-07-21,1163.15,1186.94,1156.39,1177.13,132603293
2015-07-22,1205.77,1209.58,1200.99,1206.44,117321306
2015-07-23,1202.21,1206.47,1201.44,1204.25,74877593
2015-07-24,1183.48,1241.39,1168.59,1210.61,151743288
2015-07-25,1193.7,1218.22,1192.6,1204.7,62552341
2015-07-26,1252.66,1265.03,1236.93,1248.73,192658730
2015-07-27,1221.27,1245.54,1214.88,1220.99,125421601
2015-07-28,1228.37,1240.52,1210.41,1230.92,83314899
2015-07-29,1221.29,1240.95,1214.19,1235.09,66614812
2015-07-30,1220.41,1238.1,1219.62,1231.12,110494602
2015-07-31,1215.72,1228.96,1200.11,1223.97,87101533
2015-08-01,1251.91,1262.3,1227.67,1240.69,111353137
2015-08-02,1241.91,1256.06,1218.77,1246.86,86327820
2015-08-03,1261.79,1279.79,1255.23,1264.82,123734943
2015-08-04,1279.47,1312.31,1274.8,1303.93,75779544
2015-08-05,1301.0,1308.33,1296.25,1296.33,142366757
2015-08-06,1281.8,1295.71,1277.4,1293.68,113905137
2015-08-07,1276.02,1279.76,1271.73,1277.26,125339637
2015-08-08,1244.81,1295.06,1243.79,1274.22,101128365
2015-08-09,1266.1,1280.87,1263.92,1273.38,103052213
2015-08-10,1231.81,1247.95,1231.39,1245.05,82559576
2015-08-11,1234.77,1239.82,1226.19,1235.61,63731856
2015-08-12,1225.93,1246.77,1215.52,1234.85,58568076
2015-08-13,1202.48,1207.73,1194.24,1199.04,75490608
2015-08-14,1226.2,1230.44,1216.54,1221.31,90080861
2015-08-15,1218.47,1232.63,1212.01,1216.22,65266276
2015-08-16,1241.06,1255.01,1240.89,1248.9,87338027
2015-08-17,1252.1,1253.61,1239.07,1243.73,138282609
2015-08-18,1218.19,1229.58,1216.44,1219.59,128575298
2015-08-19,1204.59,1221.67,1201.73,1219.15,86512482
2015-08-20,1241.16,1249.97,1235.06,1243.61,127593661
2015-08-21,1198.59,1269.09,1198.03,1233.54,55735194
2015-08-22,1252.52,1287.74,1209.77,1263.38,86656844
2015-08-23,1220.21,1237.65,1201.2,1229.13,109188336
2015-08-24,1265.59,1286.9,1229.36,1242.3,161794816
2015-08-25,1187.3,1200.17,1183.66,1188.34,123211078
2015-08-26,1195.98,1203.6,1191.55,1194.55,58542574
2015-08-27,1191.01,1215.52,1182.59,1184.76,153873405
2015-08-28,1176.63,1199.38,1175.95,1183.05,102186582
2015-08-29,1188.33,1195.47,1183.79,1184.74,78075018
2015-08-30,1197.75,1211.3,1182.63,1190.48,146863302
2015-08-31,1159.46,1164.23,1159.04,1163.2,109123335
2015-09-01,1144.75,1158.31,1130.31,1152.56,88015622
2015-09-02,1166.19,1182.38,1155.24,1165.38,163663766
2015-09-03,1161.47,1187.38,1146.77,1157.29,55313384
2015-09-04,1140.68,1182.65,1134.53,1147.8,96268795
2015-09-05,1147.79,1153.63,1124.87,1147.14,102744929
2015-09-06,1134.6,1154.37,1133.82,1145.65,148201686
2015-09-07,1160.11,1162.38,1147.09,1153.91,76960581
2015-09-08,1205.29,1208.68,1156.43,1186.33,80578139
2015-09-09,1188.79,1201.15,1181.33,1189.32,143905827
2015-09-10,1185.35,1189.34,1164.78,1183.21,127105427
2015-09-11,1187.88,1188.9,1174.88,1188.0,63887116
2015-09-12,1194.13,1201.87,1188.49,1198.18,127880588
2015-09-13,1190.57,1209.59,1171.83,1186.29,137442237
2015-09-14,1214.44,1236.12,1185.66,1208.77,69619858
2015-09-15,1230.9,1243.91,1220.07,1228.57,132331973
2015-09-16,1232.9,1234.75,1208.19,1231.56,54143521
2015-09-17,1239.19,1240.15,1217.17,1229.39,117391783
2015-09-18,1225.3,1234.09,1209.62,1223.76,156470006
2015-09-19,1254.11,1267.04,1231.23,1243.19,94188159
2015-09-20,1240.96,1245.4,1204.69,1228.89,144630626
2015-09-21,1226.43,1250.77,1224.47,1240.01,117917168
2015-09-22,1221.56,1236.61,1203.81,1221.66,59473330
2015-09-23,1232.32,1254.94,1223.03,1227.83,83341514
2015-09-24,1203.03,1204.86,1185.5,1199.32,122120051
2015-09-25,1184.87,1204.19,1182.24,1202.44,89321458
2015-09-26,1177.07,1194.93,1176.99,1190.52,130776980
2015-09-27,1220.87,1239.64,1192.55,1208.8,85937725
2015-09-28,1234.42,1242.46,1226.92,1230.89,81660457
2015-09-29,1209.54,1261.26,1192.76,1233.12,60109122
2015-09-30,1253.93,1256.04,1249.17,1250.87,149952412
2015-10-01,1269.87,1279.76,1266.45,1279.27,110675664
2015-10-02,1279.89,1286.48,1279.83,1282.38,130437099
2015-10-03,1262.36,1270.48,1252.93,1255.52,103282052
2015-10-04,1242.31,1245.46,1228.99,1235.2,63940456
2015-10-05,1263.04,1277.06,1210.12,1233.96,116124326
2015-10-06,1210.84,1249.08,1202.16,1235.13,128856380
2015-10-07,1219.65,1228.61,1218.55,1221.99,122113303
2015-10-08,1175.89,1226.64,1165.29,1189.77,101966829
2015-10-09,1176.74,1179.83,1155.6,1168.5,154504000
2015-10-10,1174.11,1177.86,1162.44,1163.29,148139516
2015-10-11,1196.07,1200.18,1146.6,1159.18,61155273
2015-10-12,1142.38,1145.64,1137.03,1140.86,72849919
2015-10-13,1150.65,1173.35,1130.51,1147.95,101890115
2015-10-14,1171.5,1186.66,1159.6,1174.69,61841721
2015-10-15,1190.65,1198.67,1148.42,1176.9,135895916
2015-10-16,1182.4,1195.77,1173.75,1189.1,155491497
2015-10-17,1159.53,1161.79,1145.32,1159.99,107946060
2015-10-18,1144.69,1157.71,1139.56,1147.15,156580528
2015-10-19,1147.62,1169.54,1131.72,1145.94,121838817
2015-10-20,1123.86,1145.06,1113.01,1127.21,160778475
2015-10-21,1147.14,1153.65,1118.02,1130.46,122789491
2015-10-22,1152.37,1159.69,1147.85,1152.0,175785567
2015-10-23,1125.2,1134.94,1115.88,1125.77,161874287
2015-10-24,1122.2,1130.51,1103.23,1127.08,117876589
2015-10-25,1133.29,1144.99,1133.25,1134.28,156405339
2015-10-26,1122.74,1152.62,1113.0,1119.86,143129175
2015-10-27,1097.28,1123.81,1096.1,1109.6,133245101
2015-10-28,1124.27,1128.02,1119.91,1123.95,145537930
2015-10-29,1098.69,1132.22,1060.97,1105.28,158032556
2015-10-30,1108.4,1114.54,1059.5,1108.11,108190305
2015-10-31,1111.12,1122.1,1090.01,1096.06,77775239
2015-11-01,1092.44,1098.85,1080.11,1092.35,140469532
2015-11-02,1107.18,1111.29,1106.26,1106.68,138230413
2015-11-03,1137.62,1139.59,1137.24,1138.58,171517369
2015-11-04,1153.99,1162.93,1128.48,1145.65,53245456
2015-11-05,1131.14,1132.45,1121.83,1130.75,162602844
2015-11-06,1105.07,1112.16,1076.91,1109.18,171609809
2015-11-07,1111.62,1115.53,1110.5,1113.55,143399723
2015-11-08,1092.03,1113.53,1090.36,1096.97,141010328
2015-11-09,1119.55,1123.08,1085.81,1104.95,86402041
2015-11-10,1111.66,1123.86,1110.13,1110.97,53551962
2015-11-11,1085.32,1091.42,1076.31,1087.02,109594420
2015-11-12,1129.43,1132.45,1101.15,1106.98,127529180
2015-11-13,1126.01,1134.95,1107.45,1125.09,165332806
2015-11-14,1153.62,1187.58,1142.01,1145.2,130645340
2015-11-15,1149.24,1155.72,1142.66,1148.01,134993845
2015-11-16,1151.55,1152.86,1147.29,1152.41,121578847
2015-11-17,1144.95,1146.68,1137.23,1138.88,73921386
2015-11-18,1158.94,1189.59,1101.15,1152.64,65741929
2015-11-19,1171.5,1179.79,1161.62,1167.71,66880191
2015-11-20,1156.6,1158.16,1119.41,1148.67,105102532
2015-11-21,1150.34,1151.36,1146.36,1147.96,59959862
2015-11-22,1154.54,1167.43,1146.46,1147.52,66274625
2015-11-23,1157.04,1166.13,1130.21,1150.47,131107719
2015-11-24,1163.53,1170.9,1147.41,1165.54,148085747
2015-11-25,1173.81,1180.25,1157.45,1172.08,77574922
2015-11-26,1185.82,1194.76,1185.55,1187.05,147626363
2015-11-27,1196.87,1207.59,1178.82,1188.69,119465585
2015-11-28,1206.43,1219.64,1194.97,1199.11,123335410
2015-11-29,1172.75,1180.61,1166.33,1180.07,139325569
2015-11-30,1141.92,1145.21,1138.33,1141.75,84370229
2015-12-01,1141.61,1157.8,1137.67,1144.35,135943613
2015-12-02,1183.73,1183.73,1137.46,1158.72,85502614
2015-12-03,1186.8,1216.9,1140.57,1172.62,83268993
2015-12-04,1198.58,1203.96,1198.18,1199.73,77865280
2015-12-05,1214.23,1225.67,1209.43,1224.91,148089610
2015-12-06,1192.38,1248.02,1182.42,1214.03,126547355
2015-12-07,1240.07,1252.12,1231.96,1236.59,59551803
2015-12-08,1229.3,1229.61,1219.62,1227.92,76772569
2015-12-09,1260.65,1265.15,1253.06,1255.77,119200426
2015-12-10,1230.84,1258.65,1182.55,1244.26,81936283
2015-12-11,1231.3,1262.21,1218.59,1235.27,137966150
2015-12-12,1204.41,1209.25,1194.28,1204.94,136084844
2015-12-13,1185.81,1193.85,1176.59,1182.44,175027113
2015-12-14,1179.28,1189.64,1168.42,1180.37,98816072
2015-12-15,1193.08,1194.06,1179.03,1188.49,95075760
2015-12-16,1190.45,1206.67,1184.89,1196.64,144696685
2015-12-17,1205.78,1242.89,1202.07,1214.96,107885150
2015-12-18,1197.71,1206.44,1192.68,1198.76,104817556
2015-12-19,1199.19,1199.73,1193.67,1199.05,117607719
2015-12-20,1198.34,1215.16,1165.96,1183.32,64530294
2015-12-21,1233.34,1233.73,1221.57,1223.51,79827854
2015-12-22,1209.22,1213.28,1207.18,1212.84,153724432
2015-12-23,1210.22,1213.78,1177.54,1197.07,114577944
2015-12-24,1184.89,1190.35,1152.24,1177.46,162812254
2015-12-25,1185.43,1205.69,1121.44,1168.01,118067638
2015-12-26,1174.32,1220.07,1157.25,1190.53,75305681
2015-12-27,1211.8,1224.24,1191.37,1193.76,145236021
2015-12-28,1186.11,1214.24,1160.02,1184.49,84009492
2015-12-29,1178.51,1180.22,1176.65,1176.95,155349728
2015-12-30,1193.66,1194.1,1173.6,1193.11,116294132
2015-12-31,1207.52,1212.3,1194.36,1195.7,133672585
2016-01-01,1193.07,1198.51,1167.61,1187.67,62915041
2016-01-02,1223.32,1224.12,1208.15,1216.35,109697338
2016-01-03,1214.58,1226.21,1200.48,1218.69,140074259
2016-01-04,1196.92,1206.08,1188.52,1200.97,85727037
2016-01-05,1221.15,1225.9,1199.86,1212.53,156314969
2016-01-06,1209.01,1262.08,1195.72,1215.97,136612260
2016-01-07,1242.37,1250.36,1228.55,1230.96,56310446
2016-01-08,1249.19,1261.29,1246.85,1248.41,110656085
2016-01-09,1259.9,1261.85,1244.01,1253.23,81814940
2016-01-10,1244.74,1246.09,1238.81,1241.62,83710171
2016-01-11,1260.4,1266.71,1239.83,1245.54,65516818
2016-01-12,1274.46,1286.46,1270.28,1278.15,174687463
2016-01-13,1278.31,1279.05,1256.08,1260.56,103518470
2016-01-14,1278.29,1293.08,1268.43,1274.67,113590887
2016-01-15,1286.55,1294.24,1271.75,1283.92,67262813
2016-01-16,1261.81,1276.65,1246.44,1274.63,118319919
2016-01-17,1261.79,1261.91,1256.48,1258.24,106638552
2016-01-18,1249.23,1265.32,1221.58,1237.4,79478831
2016-01-19,1191.6,1252.85,1174.69,1241.97,107534374
2016-01-20,1212.88,1225.52,1184.67,1224.88,103106028
2016-01-21,1205.54,1220.34,1184.44,1206.56,160389758
2016-01-22,1239.21,1241.75,1208.73,1216.23,92884724
2016-01-23,1229.87,1232.7,1225.12,1229.41,67672346
2016-01-24,1233.72,1260.71,1231.11,1236.29,80065049
2016-01-25,1228.47,1229.19,1209.72,1222.54,86076990
2016-01-26,1276.61,1288.0,1261.39,1275.41,138289465
2016-01-27,1270.42,1275.59,1268.19,1268.58,145312256
2016-01-28,1284.54,1300.2,1270.4,1286.23,135525079
2016-01-29,1318.6,1320.01,1314.7,1315.01,133541060
2016-01-30,1339.63,1345.23,1280.44,1304.96,110246443
2016-01-31,1315.62,1331.1,1295.91,1314.66,92810290
2016-02-01,1290.3,1300.8,1287.8,1290.83,102652952
2016-02-02,1296.17,1309.23,1281.31,1298.11,90374137
2016-02-03,1315.22,1367.49,1270.99,1311.3,83685268
2016-02-04,1315.12,1322.55,1301.45,1304.18,58289920
2016-02-05,1294.62,1300.07,1267.36,1283.87,107287351
2016-02-06,1310.85,1343.46,1292.11,1319.44,137999945
2016-02-07,1327.32,1329.6,1325.74,1328.06,57961547
2016-02-08,1328.67,1352.15,1294.39,1334.64,104463880
2016-02-09,1327.08,1364.08,1267.98,1309.46,113256921
2016-02-10,1285.13,1291.45,1269.55,1286.69,127894703
2016-02-11,1288.52,1300.94,1269.37,1293.48,145853301
2016-02-12,1315.86,1325.96,1286.3,1309.42,106154643
2016-02-13,1284.77,1299.49,1282.03,1294.67,118321934
2016-02-14,1289.3,1300.7,1285.14,1289.53,83224905
2016-02-15,1307.57,1313.79,1288.86,1300.34,132578239
2016-02-16,1282.65,1299.36,1282.13,1287.46,159750654
2016-02-17,1304.03,1318.74,1303.26,1314.53,61230071
2016-02-18,1310.6,1339.25,1302.45,1310.35,89099335
2016-02-19,1324.49,1329.89,1322.76,1323.47,134474485
2016-02-20,1307.43,1308.82,1283.93,1299.7,64847855
2016-02-21,1279.19,1289.36,1277.99,1283.68,127182277
2016-02-22,1308.71,1311.34,1303.99,1304.56,168378704
2016-02-23,1253.16,1327.84,1253.01,1278.21,150716399
2016-02-24,1282.82,1298.25,1276.75,1291.15,143720304
2016-02-25,1337.69,1340.47,1332.66,1339.59,104452990
2016-02-26,1311.18,1352.81,1307.87,1336.51,101362444
2016-02-27,1332.86,1339.54,1326.97,1337.52,139579403
2016-02-28,1321.57,1380.6,1320.8,1350.07,110485922
2016-02-29,1369.96,1371.81,1364.74,1371.77,107968874
2016-03-01,1389.54,1402.08,1372.8,1378.88,114701247
2016-03-02,1361.53,1367.12,1360.75,1361.26,128466747
2016-03-03,1349.35,1364.14,1341.39,1346.66,129572963
2016-03-04,1375.95,1383.35,1335.47,1354.58,115116934
2016-03-05,1346.98,1353.38,1343.96,1349.96,115398770
2016-03-06,1344.96,1382.73,1336.29,1359.08,80836865
2016-03-07,1380.65,1411.93,1369.77,1387.13,109612653
2016-03-08,1369.36,1379.76,1361.07,1361.69,80661797
2016-03-09,1340.09,1375.74,1335.07,1361.3,57192248
2016-03-10,1333.18,1374.86,1327.11,1353.03,158248680
2016-03-11,1339.97,1381.35,1325.62,1361.15,91683116
2016-03-12,1387.61,1395.56,1385.11,1389.41,172978046
2016-03-13,1416.02,1431.51,1373.36,1395.35,52679025
2016-03-14,1363.67,1371.97,1316.2,1359.19,81968475
2016-03-15,1333.69,1353.49,1315.14,1348.03,108718317
2016-03-16,1390.05,1391.25,1366.14,1369.76,78266364
2016-03-17,1378.95,1385.84,1366.41,1380.07,71762761
2016-03-18,1355.48,1369.45,1335.49,1343.25,127325660
2016-03-19,1312.02,1329.48,1309.17,1327.02,125091870
2016-03-20,1334.45,1341.68,1301.96,1334.78,65187061
2016-03-21,1320.26,1327.87,1301.75,1317.35,155541623
2016-03-22,1357.7,1358.08,1308.36,1348.49,92069701
2016-03-23,1342.96,1344.29,1339.18,1339.33,88503867
2016-03-24,1358.08,1360.4,1351.61,1353.8,133215926
2016-03-25,1362.04,1364.04,1308.88,1352.28,55160946
2016-03-26,1356.1,1428.58,1328.96,1374.92,114789780
2016-03-27,1367.35,1369.5,1353.99,1364.79,115518988
2016-03-28,1379.64,1397.46,1367.14,1372.84,80024126
2016-03-29,1428.95,1446.63,1420.42,1441.95,129704591
2016-03-30,1429.65,1450.59,1417.22,1445.42,65303895
2016-03-31,1491.08,1524.43,1466.9,1470.78,119382781
2016-04-01,1502.33,1507.19,1485.16,1489.78,152560444
2016-04-02,1502.4,1503.57,1497.63,1502.47,141170391
2016-04-03,1494.51,1502.04,1460.51,1474.92,95837728
2016-04-04,1487.66,1516.63,1482.15,1505.51,127927246
2016-04-05,1504.84,1515.53,1469.45,1509.83,64849274
2016-04-06,1495.9,1499.3,1493.92,1494.89,85990919
2016-04-07,1463.4,1471.24,1460.29,1460.73,102274495
2016-04-08,1499.48,1525.92,1456.91,1494.98,83565089
2016-04-09,1492.07,1511.03,1486.6,1504.01,126628178
2016-04-10,1485.16,1491.0,1475.1,1477.78,127224315
2016-04-11,1535.19,1537.86,1522.14,1527.86,172852063
2016-04-12,1540.66,1540.88,1510.41,1533.59,109703752
2016-04-13,1554.44,1560.7,1528.56,1546.01,155508256
2016-04-14,1558.81,1565.62,1518.16,1536.44,116776011
2016-04-15,1592.68,1602.05,1552.04,1561.55,90891939
2016-04-16,1492.4,1519.92,1489.75,1511.47,155754192
2016-04-17,1529.34,1549.33,1525.45,1544.43,101669033
2016-04-18,1552.68,1573.38,1519.05,1546.35,150818038
2016-04-19,1527.17,1558.81,1527.13,1549.67,56876433
2016-04-20,1542.52,1582.09,1535.25,1556.67,53822167
2016-04-21,1607.01,1638.23,1587.9,1594.45,145470330
2016-04-22,1574.39,1642.77,1569.7,1630.96,123111364
2016-04-23,1635.36,1642.14,1616.36,1626.61,148349589
2016-04-24,1621.31,1659.32,1620.43,1634.2,72296053
2016-04-25,1679.82,1690.39,1621.72,1645.77,108448190
2016-04-26,1597.34,1635.83,1559.27,1635.31,111575864
2016-04-27,1656.79,1671.28,1605.43,1649.02,143893839
2016-04-28,1667.21,1674.81,1642.55,1666.5,154217034
2016-04-29,1666.5,1684.68,1642.24,1661.96,87163330
2016-04-30,1617.25,1664.43,1616.57,1623.61,67090859
2016-05-01,1606.51,1614.96,1559.11,1610.79,117890602
2016-05-02,1623.59,1634.4,1612.11,1617.51,138160890
2016-05-03,1638.3,1639.87,1625.77,1627.91,154898270
2016-05-04,1660.92,1697.72,1650.75,1661.23,140983989
2016-05-05,1683.7,1717.54,1669.97,1692.11,136818461
2016-05-06,1738.64,1765.86,1727.73,1731.81,125130519
2016-05-07,1707.83,1720.35,1697.21,1711.93,101783745
2016-05-08,1675.42,1728.6,1665.94,1713.24,84084683
2016-05-09,1645.9,1663.7,1641.32,1650.27,171239077
2016-05-10,1609.6,1619.32,1606.54,1614.05,138389258
2016-05-11,1674.72,1695.79,1613.31,1645.68,171899922
2016-05-12,1630.26,1630.39,1622.62,1629.9,95680730
2016-05-13,1612.37,1621.05,1588.46,1604.41,89649351
2016-05-14,1616.64,1623.69,1558.58,1591.57,89476709
2016-05-15,1585.41,1592.12,1578.35,1581.83,157173917
2016-05-16,1587.56,1587.9,1563.33,1581.93,137955316
2016-05-17,1589.86,1617.29,1585.98,1599.85,68327415
2016-05-18,1640.94,1643.81,1556.04,1612.83,144322029
2016-05-19,1596.18,1619.09,1575.11,1586.27,159217832
2016-05-20,1563.53,1589.8,1550.87,1574.99,107104500
2016-05-21,1543.7,1566.84,1541.2,1564.42,57084104
2016-05-22,1534.46,1560.1,1521.46,1548.26,153363309
2016-05-23,1536.38,1552.7,1517.43,1525.82,97138903
2016-05-24,1547.19,1558.83,1512.38,1530.18,95611955
2016-05-25,1514.23,1516.45,1512.44,1513.72,100945724
2016-05-26,1512.76,1518.19,1512.7,1515.88,72876296
2016-05-27,1554.16,1556.68,1540.59,1553.0,171233582
2016-05-28,1548.46,1553.06,1534.49,1548.04,52259778
2016-05-29,1516.91,1583.96,1493.24,1550.83,91338617
2016-05-30,1550.26,1559.87,1544.12,1553.37,52891431
2016-05-31,1535.94,1548.33,1526.07,1539.82,140347926
2016-06-01,1564.6,1573.4,1561.1,1565.66,64994525
2016-06-02,1621.93,1627.01,1586.99,1607.39,186564266
2016-06-03,1593.06,1596.32,1584.19,1590.24,144794622
2016-06-04,1603.29,1609.78,1582.11,1584.5,108428981
2016-06-05,1568.08,1645.45,1555.7,1608.12,62536317
2016-06-06,1656.8,1668.92,1635.28,1644.66,160308475
2016-06-07,1606.7,1650.52,1605.98,1648.77,61519451
2016-06-08,1650.19,1710.87,1648.66,1649.86,98569076
2016-06-09,1662.66,1664.35,1613.57,1626.45,63276070
2016-06-10,1708.44,1708.84,1665.93,1671.05,168245920
2016-06-11,1686.65,1692.21,1642.35,1657.9,151766870
2016-06-12,1627.7,1644.03,1605.49,1619.27,121148158
2016-06-13,1567.14,1567.18,1551.34,1561.62,132686598
2016-06-14,1530.46,1546.21,1511.78,1542.76,150143193
2016-06-15,1557.64,1572.31,1553.93,1558.16,119543530
2016-06-16,1608.2,1642.0,1601.84,1613.52,166262622
2016-06-17,1621.13,1639.89,1615.43,1631.21,127410908
2016-06-18,1621.56,1643.69,1614.87,1633.73,80783039
2016-06-19,1636.14,1640.5,1633.74,1636.29,148929175
2016-06-20,1630.42,1660.14,1616.96,1626.47,136696192
2016-06-21,1606.27,1608.81,1579.11,1604.46,98149112
2016-06-22,1584.58,1634.43,1581.42,1607.8,112812310
2016-06-23,1613.11,1617.18,1553.23,1575.83,168901562
2016-06-24,1572.37,1583.16,1560.8,1566.86,133703882
2016-06-25,1625.0,1641.62,1557.11,1589.17,69551583
2016-06-26,1572.02,1577.67,1558.41,1573.52,154832472
2016-06-27,1641.49,1642.79,1586.8,1610.52,118331601
2016-06-28,1610.02,1655.55,1584.56,1642.04,145733666
2016-06-29,1636.94,1638.88,1623.95,1634.18,103970715
2016-06-30,1625.14,1625.69,1618.33,1625.49,69414002
2016-07-01,1651.42,1659.02,1650.41,1652.3,70755579
2016-07-02,1613.66,1652.12,1598.56,1651.38,97550937
2016-07-03,1668.59,1676.25,1665.49,1673.9,81048331
2016-07-04,1718.13,1719.42,1671.14,1701.56,90667618
2016-07-05,1665.45,1681.01,1662.95,1666.75,105986336
2016-07-06,1690.39,1704.02,1675.34,1699.53,66575720
2016-07-07,1703.03,1703.46,1637.69,1693.73,88474373
2016-07-08,1671.64,1694.36,1669.11,1684.27,120046297
2016-07-09,1690.12,1711.81,1675.3,1681.1,52716528
2016-07-10,1702.15,1706.95,1701.59,1702.43,70261882
2016-07-11,1740.27,1782.22,1677.76,1736.91,125617816
2016-07-12,1711.13,1719.55,1692.62,1717.55,131734583
2016-07-13,1713.03,1727.55,1646.15,1690.94,89896854
2016-07-14,1650.14,1657.78,1619.34,1652.05,71958126
2016-07-15,1690.14,1692.9,1660.98,1662.46,146544904
2016-07-16,1681.82,1688.21,1661.5,1663.68,73825275
2016-07-17,1710.01,1730.89,1685.79,1718.32,185722707
2016-07-18,1761.08,1763.75,1739.98,1752.3,72163047
2016-07-19,1743.06,1760.05,1716.1,1749.64,121587070
2016-07-20,1751.9,1783.99,1736.2,1748.87,140616296
2016-07-21,1745.42,1782.34,1725.77,1741.28,113069591
2016-07-22,1722.12,1732.17,1716.75,1721.2,82044944
2016-07-23,1698.85,1703.8,1683.56,1693.82,72053012
2016-07-24,1700.18,1726.17,1696.72,1721.79,94114473
2016-07-25,1719.58,1720.65,1690.97,1707.38,144662581
2016-07-26,1682.85,1693.14,1670.51,1684.39,59394102
2016-07-27,1668.41,1698.61,1664.18,1664.55,144441061
2016-07-28,1759.64,1776.06,1625.17,1689.08,89840726
2016-07-29,1734.07,1740.09,1670.68,1706.32,82168289
2016-07-30,1705.16,1722.45,1698.4,1715.85,143658174
2016-07-31,1782.53,1793.69,1769.32,1772.21,171285423
2016-08-01,1709.99,1727.19,1709.58,1714.7,75479512
2016-08-02,1741.4,1754.81,1741.15,1742.43,115498952
2016-08-03,1773.14,1776.07,1756.65,1772.21,145943609
2016-08-04,1771.15,1782.49,1745.24,1760.38,84205805
2016-08-05,1787.27,1787.64,1781.66,1785.52,123170733
2016-08-06,1768.95,1787.22,1760.3,1783.91,143386831
2016-08-07,1801.09,1862.63,1769.35,1789.31,63060625
2016-08-08,1801.33,1808.51,1752.61,1785.74,51885279
2016-08-09,1797.66,1803.71,1759.08,1783.23,62454927
2016-08-10,1788.6,1791.33,1786.01,1787.17,64472975
2016-08-11,1775.74,1783.72,1746.79,1767.66,59480415
2016-08-12,1794.17,1833.7,1773.02,1782.88,123393441
2016-08-13,1769.41,1798.35,1765.55,1796.5,83358238
2016-08-14,1790.32,1799.14,1783.08,1797.03,89905339
2016-08-15,1762.96,1767.58,1738.62,1762.78,146530706
2016-08-16,1809.63,1857.63,1784.67,1822.02,72619727
2016-08-17,1803.64,1811.26,1803.12,1810.78,90650609
2016-08-18,1839.41,1864.29,1793.77,1831.53,127905928
2016-08-19,1801.26,1826.74,1799.58,1808.7,126670825
2016-08-20,1785.72,1810.43,1784.64,1792.37,150254864
2016-08-21,1746.53,1758.53,1743.35,1753.63,115544161
2016-08-22,1715.89,1716.16,1715.44,1715.47,101926429
2016-08-23,1736.49,1737.47,1734.04,1735.39,70829639
2016-08-24,1798.91,1799.62,1765.56,1771.75,132572347
2016-08-25,1745.06,1758.96,1729.3,1751.91,93965694
2016-08-26,1762.98,1764.86,1703.68,1744.92,105917369
2016-08-27,1715.88,1727.52,1706.83,1722.54,132304306
2016-08-28,1735.49,1759.71,1731.4,1747.56,146663246
2016-08-29,1735.55,1739.9,1695.46,1735.45,85061882
2016-08-30,1762.82,1764.89,1733.05,1759.72,67968985
2016-08-31,1756.13,1760.89,1740.6,1753.09,91152416
2016-09-01,1766.6,1776.57,1736.5,1766.85,152144882
2016-09-02,1740.1,1749.91,1725.84,1739.7,79805960
2016-09-03,1728.7,1767.72,1715.11,1747.78,106652849
2016-09-04,1756.12,1761.17,1738.15,1761.04,107714791
2016-09-05,1813.25,1815.16,1767.65,1774.4,149211194
2016-09-06,1733.57,1776.32,1694.28,1768.51,98932448
2016-09-07,1754.58,1774.15,1751.72,1756.85,131321467
2016-09-08,1694.97,1805.32,1685.53,1723.94,68751191
2016-09-09,1785.27,1788.13,1751.85,1755.19,127398249
2016-09-10,1751.17,1753.33,1749.84,1752.88,104710665
2016-09-11,1723.5,1767.93,1718.54,1745.88,52581005
2016-09-12,1770.79,1781.29,1742.36,1762.12,149971801
2016-09-13,1775.35,1811.47,1775.27,1785.2,101585959
2016-09-14,1767.63,1787.45,1767.37,1784.85,137453178
2016-09-15,1847.1,1851.64,1835.81,1840.56,164986987
2016-09-16,1894.57,1897.46,1879.68,1883.16,130062904
2016-09-17,1888.7,1903.0,1864.11,1892.15,108907357
2016-09-18,1858.05,1906.45,1846.32,1879.4,59902929
2016-09-19,1918.73,1921.08,1911.24,1916.32,164105811
2016-09-20,1936.95,1941.42,1935.44,1938.82,124756820
2016-09-21,1990.1,1998.79,1897.79,1941.51,72889583
2016-09-22,1909.15,1933.21,1904.8,1920.32,63190567
2016-09-23,1939.44,1939.86,1937.95,1938.81,61403292
2016-09-24,1924.38,1962.96,1923.66,1929.47,95402810
2016-09-25,1949.09,1951.26,1944.43,1944.81,87337866
2016-09-26,1920.69,1969.05,1886.6,1944.12,88336256
2016-09-27,1927.14,1953.63,1893.01,1925.58,155026022
2016-09-28,1893.29,1978.5,1856.35,1930.04,68762496
2016-09-29,1985.38,1998.73,1968.01,1975.53,108613054
2016-09-30,1973.32,1976.53,1919.08,1975.83,133162858
2016-10-01,2006.58,2009.46,1957.04,1982.91,72766455
2016-10-02,1992.35,2004.98,1946.53,1972.34,80287256
2016-10-03,1971.74,1977.57,1938.36,1963.16,94687885
2016-10-04,1904.41,1910.59,1880.09,1902.65,114681524
2016-10-05,1864.91,1870.38,1821.81,1853.13,167952181
2016-10-06,1854.69,1861.39,1785.84,1819.42,128238901
2016-10-07,1850.45,1853.28,1830.06,1849.84,131956874
2016-10-08,1798.17,1875.53,1744.29,1857.42,107099025
2016-10-09,1858.8,1866.09,1849.59,1865.23,94569395
2016-10-10,1847.93,1862.42,1827.91,1829.23,153270891
2016-10-11,1797.92,1817.28,1787.25,1812.01,74235945
2016-10-12,1825.73,1841.48,1803.94,1803.97,121934434
2016-10-13,1778.55,1813.62,1778.53,1798.91,124500009
2016-10-14,1746.17,1778.78,1743.77,1761.16,80734028
2016-10-15,1774.52,1777.43,1754.67,1768.91,102519210
2016-10-16,1755.81,1764.01,1754.13,1757.82,107119479
2016-10-17,1733.63,1744.03,1728.56,1739.12,153982473
2016-10-18,1773.56,1778.98,1754.12,1757.46,91904954
2016-10-19,1824.76,1825.33,1759.27,1768.33,73482710
2016-10-20,1778.32,1796.56,1749.34,1770.47,66758243
2016-10-21,1735.21,1744.98,1714.37,1742.18,173039416
2016-10-22,1777.18,1787.27,1764.25,1769.64,156761957
2016-10-23,1758.4,1778.68,1747.5,1762.99,104797047
2016-10-24,1757.09,1786.78,1749.5,1784.03,126474163
2016-10-25,1803.43,1819.35,1767.77,1798.28,153351415
2016-10-26,1796.72,1826.51,1782.76,1794.18,81045816
2016-10-27,1827.13,1870.41,1772.81,1786.06,97847802
2016-10-28,1816.92,1820.24,1774.48,1776.53,118103129
2016-10-29,1760.96,1781.5,1756.31,1775.68,58331368
2016-10-30,1774.8,1782.99,1724.14,1749.33,89691498
2016-10-31,1728.52,1730.37,1689.14,1722.31,93913626
2016-11-01,1722.5,1767.29,1719.51,1736.77,92194324
2016-11-02,1752.59,1755.85,1750.03,1750.09,124992684
2016-11-03,1746.95,1774.39,1729.6,1746.76,114368275
2016-11-04,1769.22,1790.65,1762.56,1777.86,62549889
2016-11-05,1724.59,1747.2,1717.8,1732.8,107054123
2016-11-06,1742.96,1744.75,1730.43,1731.69,61576487
2016-11-07,1723.52,1750.15,1718.67,1749.45,138135088
2016-11-08,1742.32,1767.01,1715.39,1743.62,117919476
2016-11-09,1737.41,1742.75,1713.76,1733.47,114292220
2016-11-10,1690.7,1708.03,1664.76,1695.27,95868547
2016-11-11,1678.4,1703.56,1638.59,1695.0,135255268
2016-11-12,1682.03,1708.75,1678.47,1699.05,100778389
2016-11-13,1735.96,1738.7,1709.32,1717.56,72790033
2016-11-14,1719.97,1724.63,1715.97,1716.21,136872661
2016-11-15,1741.7,1745.23,1739.6,1741.34,139711031
2016-11-16,1726.82,1729.71,1719.27,1727.48,138948149
2016-11-17,1692.57,1698.63,1686.04,1692.94,152040983
2016-11-18,1689.11,1690.98,1680.32,1680.41,156412434
2016-11-19,1668.96,1674.61,1656.98,1661.61,81675675
2016-11-20,1687.73,1697.87,1653.19,1671.64,108766330
2016-11-21,1666.59,1676.64,1647.73,1666.05,74215044
2016-11-22,1711.68,1721.02,1674.13,1680.0,160513044
2016-11-23,1696.39,1700.5,1683.6,1686.75,127614451
2016-11-24,1708.48,1725.97,1657.19,1683.82,120182101
2016-11-25,1666.36,1695.6,1636.3,1667.03,57270173
2016-11-26,1697.61,1700.12,1681.83,1692.78,138403937
2016-11-27,1678.89,1750.11,1660.34,1663.39,160318237
2016-11-28,1624.32,1685.42,1613.95,1624.75,121858664
2016-11-29,1609.64,1633.81,1609.56,1625.04,132062411
2016-11-30,1586.57,1638.32,1586.48,1636.87,75406857
2016-12-01,1645.75,1711.86,1623.34,1672.55,129341707
2016-12-02,1637.68,1668.4,1621.11,1664.17,120808752
2016-12-03,1683.91,1686.98,1640.57,1641.25,118239458
2016-12-04,1612.05,1624.08,1608.06,1617.73,139467079
2016-12-05,1636.7,1658.03,1604.89,1615.3,88252188
2016-12-06,1598.17,1598.77,1585.91,1594.86,90637732
2016-12-07,1574.97,1580.67,1563.59,1567.26,128141200
2016-12-08,1607.48,1613.58,1516.9,1566.52,72118770
2016-12-09,1582.16,1594.24,1577.45,1578.16,127061921
2016-12-10,1597.63,1630.74,1590.22,1616.5,103361522
2016-12-11,1589.79,1616.65,1587.49,1604.64,101131753
2016-12-12,1584.61,1606.99,1582.25,1601.18,150076646
2016-12-13,1576.99,1591.99,1541.18,1553.98,180458547
2016-12-14,1558.64,1559.41,1555.92,1556.96,118823256
2016-12-15,1584.83,1593.43,1583.39,1590.44,164571336
2016-12-16,1642.01,1657.41,1628.96,1636.96,80604550
2016-12-17,1579.65,1605.95,1571.12,1601.65,153793734
2016-12-18,1609.81,1612.89,1605.72,1607.65,150351083
2016-12-19,1583.47,1589.87,1569.59,1589.55,71919347
2016-12-20,1561.02,1582.89,1560.93,1581.56,117663788
2016-12-21,1546.59,1586.41,1546.36,1562.51,85202633
2016-12-22,1549.62,1558.66,1546.54,1558.41,85623928
2016-12-23,1581.86,1585.18,1569.68,1570.36,69908887
2016-12-24,1585.02,1606.6,1573.47,1594.51,151701328
2016-12-25,1613.8,1614.66,1612.78,1613.39,138543969
2016-12-26,1627.05,1628.26,1609.6,1618.3,128220047
2016-12-27,1626.82,1641.7,1625.55,1631.65,148956185
2016-12-28,1673.33,1686.06,1619.96,1643.57,78865189
2016-12-29,1604.71,1609.96,1564.25,1602.09,106766094
2016-12-30,1626.93,1644.68,1577.35,1610.75,108382584
2016-12-31,1568.04,1598.57,1544.6,1574.16,142306509
2017-01-01,1562.16,1581.18,1557.69,1572.1,53351522
2017-01-02,1577.93,1587.73,1577.69,1585.98,143514785
2017-01-03,1611.39,1612.27,1575.04,1593.37,96150614
2017-01-04,1593.73,1601.25,1592.75,1596.02,67135740
2017-01-05,1614.13,1623.67,1600.92,1610.93,156269705
2017-01-06,1561.2,1567.64,1532.82,1565.07,86809042
2017-01-07,1599.43,1601.0,1543.59,1579.1,153380369
2017-01-08,1601.78,1605.79,1591.15,1602.53,116603765
2017-01-09,1588.48,1630.61,1575.29,1605.68,80664909
2017-01-10,1611.02,1635.42,1484.92,1603.15,106246675
2017-01-11,1584.71,1586.22,1574.53,1580.86,118620144
2017-01-12,1583.26,1594.29,1563.93,1572.26,92258999
2017-01-13,1598.7,1620.0,1588.69,1600.99,120938151
2017-01-14,1613.55,1619.42,1602.09,1616.74,81410758
2017-01-15,1588.74,1594.36,1580.93,1594.14,84378481
2017-01-16,1546.97,1598.52,1540.57,1585.58,119106371
2017-01-17,1590.85,1602.07,1583.33,1598.45,63663450
2017-01-18,1650.95,1653.48,1623.35,1626.97,80953159
2017-01-19,1621.01,1626.51,1619.86,1626.1,100976114
2017-01-20,1672.7,1731.77,1634.39,1636.15,137053385
2017-01-21,1617.83,1622.09,1606.79,1617.06,135953700
2017-01-22,1637.08,1696.34,1603.94,1630.61,70140709
2017-01-23,1625.05,1625.84,1612.17,1619.57,54078125
2017-01-24,1622.61,1636.21,1603.66,1633.04,127266256
2017-01-25,1609.11,1645.2,1593.08,1627.63,91760134
2017-01-26,1640.3,1656.9,1631.79,1644.37,158682210
2017-01-27,1629.47,1637.69,1610.04,1623.45,112861376
2017-01-28,1623.66,1649.29,1613.4,1625.54,151126162
2017-01-29,1572.3,1667.48,1567.09,1612.97,62097485
2017-01-30,1598.36,1640.8,1593.67,1639.32,151521222
2017-01-31,1654.22,1667.05,1630.11,1658.11,121742598
2017-02-01,1644.96,1653.67,1637.99,1639.6,60094857
2017-02-02,1668.49,1677.8,1646.83,1670.01,161797894
2017-02-03,1669.33,1680.75,1620.45,1666.74,113191399
2017-02-04,1695.01,1695.81,1666.73,1688.76,119268242
2017-02-05,1733.25,1734.08,1711.99,1722.64,92200736
2017-02-06,1682.44,1694.68,1664.14,1689.07,101424797
2017-02-07,1711.31,1718.32,1695.3,1702.13,75242264
2017-02-08,1700.03,1734.12,1693.85,1704.48,91925769
2017-02-09,1716.28,1725.73,1711.1,1722.26,68458208
2017-02-10,1736.42,1741.67,1725.71,1730.99,116779812
2017-02-11,1697.89,1699.17,1675.44,1693.92,116784275
2017-02-12,1697.61,1698.43,1695.69,1698.42,79937916
2017-02-13,1711.02,1740.48,1642.53,1687.13,153884140
2017-02-14,1663.12,1681.03,1658.63,1659.65,151681109
2017-02-15,1665.18,1675.37,1663.68,1666.44,140214839
2017-02-16,1632.58,1636.69,1612.5,1615.57,135718829
2017-02-17,1613.93,1619.18,1602.77,1611.34,62580179
2017-02-18,1582.68,1617.37,1569.78,1596.01,141416407
2017-02-19,1603.24,1626.94,1596.62,1611.53,60781576
2017-02-20,1648.06,1653.52,1601.39,1615.76,81800801
2017-02-21,1568.4,1573.02,1568.18,1572.3,189004190
2017-02-22,1605.67,1614.7,1597.93,1599.59,138916476
2017-02-23,1609.32,1617.6,1608.22,1614.42,57700085
2017-02-24,1602.49,1608.29,1567.28,1600.46,61974761
2017-02-25,1577.1,1650.56,1569.66,1601.09,132082933
2017-02-26,1645.38,1645.87,1619.26,1619.45,108028688
2017-02-27,1610.07,1612.23,1608.65,1610.67,138269911
2017-02-28,1610.12,1618.35,1602.17,1603.11,152520977
2017-03-01,1624.58,1627.82,1596.55,1607.97,131937825
2017-03-02,1636.21,1641.34,1590.63,1614.32,149695213
2017-03-03,1666.36,1666.76,1658.14,1665.12,92678936
2017-03-04,1616.35,1641.33,1573.98,1629.56,67754035
2017-03-05,1588.8,1599.29,1581.06,1590.0,75585186
2017-03-06,1645.67,1648.68,1629.58,1643.51,83860664
2017-03-07,1679.96,1701.85,1646.89,1655.22,124797944
2017-03-08,1677.09,1678.88,1675.37,1676.2,151319060
2017-03-09,1691.97,1701.4,1684.72,1696.54,119384680
2017-03-10,1737.15,1747.27,1686.83,1698.17,78599026
2017-03-11,1747.71,1766.1,1711.45,1740.68,158831962
2017-03-12,1723.63,1757.04,1698.43,1723.99,104316142
2017-03-13,1749.69,1753.81,1731.07,1735.55,143247864
2017-03-14,1728.8,1738.72,1712.97,1735.16,138051965
2017-03-15,1735.97,1793.21,1708.21,1756.29,62154449
2017-03-16,1729.25,1768.09,1708.34,1737.5,154528180
2017-03-17,1698.12,1740.38,1694.22,1701.14,105878222
2017-03-18,1711.1,1776.33,1633.27,1700.51,121717467
2017-03-19,1703.96,1716.19,1659.72,1708.64,102503462
2017-03-20,1666.26,1669.13,1663.28,1666.29,150431897
2017-03-21,1699.18,1714.26,1675.0,1681.07,111854869
2017-03-22,1682.46,1716.18,1669.43,1696.76,108514366
2017-03-23,1678.66,1679.38,1664.77,1678.41,78951203
2017-03-24,1701.04,1734.54,1697.14,1722.97,156636851
2017-03-25,1741.84,1749.58,1718.15,1736.68,102457047
2017-03-26,1726.34,1736.15,1722.76,1729.45,62385936
2017-03-27,1746.22,1762.83,1725.24,1755.66,84770857
2017-03-28,1760.23,1763.42,1717.74,1745.32,111876451
2017-03-29,1733.04,1733.88,1719.41,1726.4,58539876
2017-03-30,1696.9,1722.09,1674.18,1700.02,85065215
2017-03-31,1670.26,1688.43,1658.99,1687.86,99446854
2017-04-01,1722.18,1726.53,1684.04,1686.86,141553253
2017-04-02,1711.9,1730.76,1682.69,1721.46,168572603
2017-04-03,1747.88,1765.79,1716.8,1718.23,116453964
2017-04-04,1671.53,1695.92,1659.99,1688.19,130619531
2017-04-05,1664.57,1691.54,1661.23,1685.51,137452701
2017-04-06,1660.6,1688.34,1660.02,1685.41,112119723
2017-04-07,1722.02,1722.47,1715.72,1719.88,151178153
2017-04-08,1733.95,1756.69,1727.01,1742.68,137704450
2017-04-09,1799.57,1807.87,1750.85,1791.13,185125781
2017-04-10,1768.65,1771.57,1741.66,1764.11,145643204
2017-04-11,1773.11,1794.68,1765.39,1767.89,61731134
2017-04-12,1843.37,1857.57,1769.09,1810.55,138906353
2017-04-13,1848.52,1874.26,1847.75,1855.83,175184336
2017-04-14,1854.73,1899.41,1828.71,1878.4,97852736
2017-04-15,1872.59,1902.07,1866.22,1885.82,85900355
2017-04-16,1890.12,1892.72,1886.42,1892.12,70227586
2017-04-17,1879.17,1933.18,1873.62,1884.51,110212988
2017-04-18,1862.39,1888.77,1832.09,1879.18,90617107
2017-04-19,1901.46,1922.54,1900.61,1902.7,146493504
2017-04-20,1862.0,1866.07,1853.43,1865.54,86089588
2017-04-21,1803.71,1869.85,1788.61,1837.42,114746856
2017-04-22,1884.3,1888.05,1870.23,1870.69,103827983
2017-04-23,1858.87,1908.44,1856.22,1882.34,62408632
2017-04-24,1889.45,1892.41,1880.09,1885.19,118725701
2017-04-25,1870.04,1874.0,1846.8,1872.04,116239800
2017-04-26,1850.9,1858.48,1839.37,1852.34,57260258
2017-04-27,1880.02,1908.42,1785.01,1840.62,105975156
2017-04-28,1777.33,1834.48,1770.81,1820.19,139000000
2017-04-29,1844.83,1846.86,1827.24,1838.91,118967779
2017-04-30,1808.95,1833.76,1808.71,1822.71,163055090
2017-05-01,1846.29,1855.25,1827.84,1833.51,134883369
2017-05-02,1824.52,1830.36,1819.07,1825.24,137371127
2017-05-03,1847.59,1863.65,1827.27,1863.18,103473299
2017-05-04,1806.97,1860.41,1804.03,1840.34,58877703
2017-05-05,1844.3,1852.73,1841.57,1845.81,92548590
2017-05-06,1804.34,1806.86,1793.34,1802.5,157504797
2017-05-07,1806.36,1813.86,1800.15,1803.8,70485035
2017-05-08,1811.92,1841.2,1802.96,1809.7,149821809
2017-05-09,1808.95,1856.11,1743.44,1824.29,95618639
2017-05-10,1831.22,1835.3,1830.14,1834.85,132499033
2017-05-11,1815.38,1844.83,1804.98,1822.09,97572916
2017-05-12,1833.32,1844.6,1814.33,1825.75,64916829
2017-05-13,1801.69,1852.27,1781.67,1807.86,123183175
2017-05-14,1802.22,1858.16,1770.68,1782.52,91329175
2017-05-15,1802.24,1811.15,1735.65,1763.54,59288981
2017-05-16,1711.86,1723.17,1709.0,1721.47,105059522
2017-05-17,1675.91,1777.58,1649.68,1699.62,119671265
2017-05-18,1750.81,1760.12,1742.62,1758.7,186363871
2017-05-19,1796.98,1813.81,1753.84,1769.96,73605218
2017-05-20,1763.91,1772.45,1719.9,1766.55,52802318
2017-05-21,1772.5,1781.98,1743.67,1763.34,78039280
2017-05-22,1775.98,1799.8,1748.52,1779.56,77838544
2017-05-23,1776.04,1788.04,1774.1,1775.95,83681740
2017-05-24,1814.71,1832.97,1813.52,1819.66,120047898
2017-05-25,1779.47,1790.23,1739.76,1789.3,73222760
2017-05-26,1766.14,1805.42,1756.67,1796.23,122828897
2017-05-27,1787.16,1802.78,1785.92,1789.21,105363539
2017-05-28,1779.54,1821.55,1771.81,1778.18,155192566
2017-05-29,1803.88,1805.26,1798.83,1802.09,161941682
2017-05-30,1794.24,1797.04,1776.04,1790.88,61358460
2017-05-31,1746.08,1751.95,1726.22,1738.14,77188934
2017-06-01,1783.68,1786.72,1760.96,1775.98,63385067
2017-06-02,1854.8,1878.43,1818.82,1827.33,166517189
2017-06-03,1798.95,1820.23,1788.65,1819.61,90882500
2017-06-04,1831.87,1837.66,1796.21,1836.49,68072395
2017-06-05,1840.22,1853.18,1837.17,1847.46,144177886
2017-06-06,1803.45,1850.68,1783.24,1805.0,158314244
2017-06-07,1816.47,1827.97,1810.2,1824.75,107528495
2017-06-08,1812.9,1836.43,1780.09,1823.25,88235362
2017-06-09,1852.41,1883.68,1829.93,1847.6,115249137
2017-06-10,1817.99,1830.43,1793.22,1816.32,72874081
2017-06-11,1890.21,1893.81,1872.09,1881.24,189413090
2017-06-12,1922.58,1931.07,1878.69,1885.51,100834736
2017-06-13,1924.19,1924.51,1879.59,1892.43,101408862
2017-06-14,1856.9,1871.01,1840.53,1862.44,77322391
2017-06-15,1855.58,1872.5,1808.1,1846.53,77680213
2017-06-16,1836.32,1853.11,1828.87,1842.85,58193587
2017-06-17,1861.06,1875.65,1860.08,1873.66,112620387
2017-06-18,1900.38,1942.2,1864.05,1885.66,74151789
2017-06-19,1861.77,1894.81,1859.59,1881.73,130905733
2017-06-20,1937.88,1945.89,1881.56,1913.99,85292742
2017-06-21,1890.92,1925.16,1887.71,1909.32,65232542
2017-06-22,1904.95,1939.23,1901.89,1912.83,115761078
2017-06-23,1959.93,1960.29,1936.91,1949.15,85329889
2017-06-24,1925.96,1928.52,1882.75,1924.6,166957261
2017-06-25,1886.55,1913.94,1856.56,1901.21,155816710
2017-06-26,1985.31,1992.42,1974.97,1975.36,190293623
2017-06-27,1906.73,1923.33,1888.36,1919.32,76697598
2017-06-28,1905.57,1910.97,1879.44,1902.1,81110711
2017-06-29,1944.29,1947.25,1915.78,1940.19,152205417
2017-06-30,1945.82,1960.85,1945.37,1949.35,79682524
2017-07-01,1995.03,2004.82,1950.61,1978.7,62376071
2017-07-02,1955.0,1961.5,1935.63,1942.12,144081397
2017-07-03,1925.56,1932.77,1915.22,1929.12,97106590
2017-07-04,1909.09,1933.96,1906.13,1926.35,58468822
2017-07-05,1911.3,1916.99,1909.22,1912.44,119299265
2017-07-06,1947.1,1948.19,1915.43,1925.51,129215526
2017-07-07,1924.34,1931.84,1908.26,1913.96,88368017
2017-07-08,1903.07,1916.98,1883.15,1899.17,124488859
2017-07-09,1898.3,1927.4,1893.5,1907.46,140039894
2017-07-10,1952.7,1982.27,1914.36,1923.9,153298570
2017-07-11,1895.89,1910.12,1884.36,1903.16,125940115
2017-07-12,1921.8,1928.48,1920.98,1926.97,124383907
2017-07-13,1926.21,1946.12,1910.38,1944.63,73224313
2017-07-14,1948.93,1968.44,1931.29,1956.91,90145791
2017-07-15,1897.94,1905.5,1894.85,1900.58,127180869
2017-07-16,1848.66,1886.68,1840.99,1881.13,69101695
2017-07-17,1894.16,1898.18,1863.65,1883.73,122534282
2017-07-18,1917.59,1938.09,1905.22,1915.76,172182749
2017-07-19,1908.11,1911.83,1868.52,1896.07,86756660
2017-07-20,1920.21,1954.23,1855.44,1894.3,64241610
2017-07-21,1915.84,1915.85,1884.8,1891.32,97168108
2017-07-22,1890.09,1891.11,1876.59,1890.75,145277461
2017-07-23,1870.66,1916.94,1865.79,1875.42,93204739
2017-07-24,1844.0,1848.73,1842.87,1846.03,99111597
2017-07-25,1879.11,1921.63,1860.92,1882.34,90212747
2017-07-26,1922.62,1930.56,1894.87,1907.72,120836300
2017-07-27,1947.63,1997.14,1945.99,1948.1,156346453
2017-07-28,1964.07,1972.11,1949.99,1960.78,135706252
2017-07-29,1950.66,2004.24,1936.24,1965.34,119620835
2017-07-30,1970.45,1982.81,1931.54,1960.0,72465810
2017-07-31,1960.22,2007.63,1925.35,1976.95,78292208
2017-08-01,2018.1,2028.5,2002.0,2007.71,154398471
2017-08-02,1945.99,1980.05,1941.05,1952.14,93432896
2017-08-03,1985.98,2052.51,1975.44,1997.64,116274607
2017-08-04,1985.56,1996.62,1974.33,1995.63,102470409
2017-08-05,2040.69,2060.7,1991.48,2011.37,144194765
2017-08-06,1983.11,1993.51,1954.35,1983.77,57612960
2017-08-07,1983.33,2024.9,1974.1,2012.47,157678670
2017-08-08,1966.59,1978.38,1959.33,1970.72,174286133
2017-08-09,1982.39,2005.14,1966.91,1991.12,158163991
2017-08-10,1985.62,1986.1,1984.19,1984.83,99550970
2017-08-11,1964.73,1980.29,1924.6,1945.9,101641821
2017-08-12,1943.4,1947.78,1906.44,1941.92,152351140
2017-08-13,1974.55,1978.67,1957.86,1974.63,72654607
2017-08-14,1904.72,1962.32,1899.17,1911.09,113281359
2017-08-15,1984.83,2011.31,1939.67,1964.06,130741832
2017-08-16,1946.63,1960.49,1915.76,1938.94,136036645
2017-08-17,1935.22,1950.72,1928.78,1938.82,117765107
2017-08-18,1941.0,1959.77,1922.39,1951.08,130152554
2017-08-19,1977.44,1985.55,1955.22,1977.08,124883127
2017-08-20,1965.52,1967.31,1920.73,1940.18,61613165
2017-08-21,1894.35,1901.39,1884.99,1893.78,88495530
2017-08-22,1880.96,1905.12,1853.03,1888.53,95339732
2017-08-23,1912.26,1921.67,1876.93,1905.94,60135669
2017-08-24,1868.94,1897.9,1839.48,1877.34,130321637
2017-08-25,1875.36,1880.1,1846.43,1872.1,114883766
2017-08-26,1834.92,1843.41,1825.47,1842.04,166713217
2017-08-27,1883.08,1883.18,1864.75,1868.49,157265398
2017-08-28,1958.05,1962.7,1947.55,1956.45,143393262
2017-08-29,1939.14,1956.04,1931.88,1954.97,78750340
2017-08-30,2002.64,2014.16,1975.17,1981.41,77761292
2017-08-31,1957.07,1980.21,1926.72,1975.4,117442494
2017-09-01,2042.58,2062.3,1976.55,2009.79,105033996
2017-09-02,2007.36,2072.96,1966.5,2033.22,142030178
2017-09-03,2065.85,2073.28,2054.85,2058.94,60175549
2017-09-04,2093.16,2096.47,2031.34,2032.91,139767450
2017-09-05,2019.66,2037.4,2013.78,2030.7,58147137
2017-09-06,2036.5,2055.02,2034.84,2035.2,140201369
2017-09-07,2064.89,2142.84,1987.84,2062.57,142133159
2017-09-08,2074.93,2076.36,2062.22,2074.81,79384117
2017-09-09,2031.94,2089.61,2024.66,2064.24,145770961
2017-09-10,2058.93,2068.64,2057.44,2059.75,82578639
2017-09-11,1982.22,1985.71,1975.05,1984.21,80786812
2017-09-12,1959.12,1990.01,1953.46,1977.52,104253444
2017-09-13,2014.89,2020.05,1990.7,1997.82,155883003
2017-09-14,1973.47,1989.01,1969.55,1978.47,132448135
2017-09-15,2005.54,2024.34,1986.52,2000.77,96146631
2017-09-16,1956.89,1962.14,1934.63,1945.59,71859110
2017-09-17,1931.93,1937.34,1915.3,1930.0,60481883
2017-09-18,1990.58,1996.16,1952.65,1976.55,109685690
2017-09-19,1951.39,1976.39,1941.84,1944.34,131513204
2017-09-20,1922.15,1947.71,1916.67,1938.87,145282671
2017-09-21,2006.48,2057.38,1996.46,2034.75,161954115
2017-09-22,2005.42,2012.67,1999.42,2001.76,161059315
2017-09-23,2059.77,2081.18,2006.31,2063.46,160625650
2017-09-24,2054.99,2056.63,2008.77,2032.98,130379159
2017-09-25,2036.03,2037.75,2017.44,2022.59,117966547
2017-09-26,1981.42,2021.45,1974.99,2000.33,75796834
2017-09-27,2047.48,2065.17,2022.92,2039.83,178637522
2017-09-28,1987.38,2020.79,1954.32,2011.5,123198460
2017-09-29,2014.0,2037.12,1974.59,2026.61,111497101
2017-09-30,2023.2,2065.85,2015.95,2044.21,140627595
2017-10-01,2059.77,2089.94,2042.2,2064.38,113667500
2017-10-02,2017.99,2077.05,2011.81,2069.05,83812700
2017-10-03,2037.66,2074.12,2029.3,2039.56,152398186
2017-10-04,2003.26,2013.77,1994.92,2003.19,161963223
2017-10-05,2014.75,2059.77,1935.46,2006.46,99566308
2017-10-06,1983.61,1995.91,1982.61,1984.68,56095877
2017-10-07,1965.02,1967.61,1962.86,1964.07,151173254
2017-10-08,2027.55,2029.15,2007.44,2009.51,113547207
2017-10-09,1999.21,2006.48,1988.6,2004.03,92567655
2017-10-10,2057.71,2073.82,2018.46,2018.7,96084166
2017-10-11,2060.69,2068.47,2049.9,2061.35,67685015
2017-10-12,2044.03,2056.93,1987.2,2031.59,154647710
2017-10-13,1995.53,2048.49,1984.25,2021.98,88371683
2017-10-14,2075.48,2103.93,2067.28,2087.19,189482154
2017-10-15,2068.5,2075.13,2039.14,2056.94,115122104
2017-10-16,2117.59,2123.56,2093.7,2118.26,133030096
2017-10-17,2201.37,2226.82,2171.13,2194.16,168675131
2017-10-18,2177.42,2235.25,2174.54,2202.42,152902304
2017-10-19,2204.08,2239.39,2203.52,2223.64,92526891
2017-10-20,2232.76,2250.36,2193.19,2231.69,134124786
2017-10-21,2171.2,2197.15,2153.05,2172.46,68812325
2017-10-22,2216.61,2221.52,2162.24,2208.83,68212023
2017-10-23,2179.78,2221.22,2168.74,2178.89,93158294
2017-10-24,2214.87,2219.9,2212.27,2217.39,100935663
2017-10-25,2196.5,2219.72,2179.73,2191.96,137467267
2017-10-26,2216.06,2263.7,2197.78,2223.0,123219244
2017-10-27,2205.4,2269.33,2203.3,2250.38,120949778
2017-10-28,2233.44,2269.58,2224.81,2256.66,53573014
2017-10-29,2306.95,2308.9,2280.49,2286.38,107818056
2017-10-30,2304.98,2306.19,2271.33,2283.68,79291396
2017-10-31,2299.57,2311.57,2271.51,2282.11,100364658
2017-11-01,2238.91,2286.95,2232.91,2251.15,58082503
2017-11-02,2260.82,2290.98,2243.46,2275.35,60448353
2017-11-03,2306.61,2308.64,2290.76,2301.88,117953215
2017-11-04,2282.87,2335.32,2223.16,2278.4,59924320
2017-11-05,2240.68,2254.32,2228.8,2247.58,116140823
2017-11-06,2264.43,2288.88,2253.42,2278.92,164174204
2017-11-07,2253.27,2314.78,2250.34,2274.69,76447492
2017-11-08,2307.61,2316.69,2286.53,2308.45,97593996
2017-11-09,2260.83,2280.15,2220.48,2267.3,68196006
2017-11-10,2256.15,2295.24,2243.47,2263.13,102329139
2017-11-11,2236.68,2244.02,2201.06,2238.74,108377964
2017-11-12,2276.78,2278.43,2244.51,2254.36,160027782
2017-11-13,2196.57,2209.12,2133.79,2196.52,80575003
2017-11-14,2189.69,2216.76,2173.89,2212.82,56243097
2017-11-15,2187.94,2201.87,2180.9,2193.99,126734566
2017-11-16,2191.25,2206.0,2176.25,2193.95,85459861
2017-11-17,2162.31,2178.08,2160.69,2161.2,119444627
2017-11-18,2117.68,2131.66,2103.97,2131.08,138474266
2017-11-19,2112.64,2112.9,2100.25,2102.53,72520702
2017-11-20,2043.23,2074.15,2033.89,2064.2,79607577
2017-11-21,2075.36,2105.81,2073.99,2096.57,169871509
2017-11-22,2113.09,2122.28,2062.69,2082.78,116577611
2017-11-23,2065.38,2089.61,2058.96,2071.37,71514161
2017-11-24,2118.55,2154.23,2100.75,2152.3,122099147
2017-11-25,2135.96,2176.06,2108.52,2163.91,124312726
2017-11-26,2136.86,2152.36,2114.7,2148.41,130798435
2017-11-27,2148.81,2153.99,2108.48,2127.93,112418411
2017-11-28,2134.17,2177.54,2101.48,2124.15,102987178
2017-11-29,2092.09,2137.75,2079.88,2125.15,126386800
2017-11-30,2103.61,2109.81,2087.93,2108.97,77574994
2017-12-01,2120.06,2126.84,2105.0,2113.05,136953171
2017-12-02,2191.2,2195.41,2106.03,2127.69,58580060
2017-12-03,2130.05,2133.04,2086.32,2119.21,109994864
2017-12-04,2125.09,2135.22,2122.58,2125.71,63072757
2017-12-05,2185.16,2201.44,2124.92,2179.97,165593644
2017-12-06,2196.31,2202.95,2183.48,2188.47,75172448
2017-12-07,2180.93,2224.67,2141.34,2185.32,65978168
2017-12-08,2176.58,2190.52,2160.91,2178.87,80507969
2017-12-09,2179.04,2230.02,2134.09,2191.98,98943765
2017-12-10,2205.28,2220.58,2174.88,2214.43,89048844
2017-12-11,2151.55,2156.49,2139.34,2147.75,170825569
2017-12-12,2103.73,2166.7,2103.2,2113.57,65508075
2017-12-13,2148.18,2177.44,2137.08,2139.13,58041911
2017-12-14,2216.0,2222.8,2194.21,2214.73,134271085
2017-12-15,2224.6,2243.92,2171.82,2196.71,57345257
2017-12-16,2140.24,2235.98,2123.0,2200.56,71037471
2017-12-17,2083.15,2143.74,2081.33,2119.82,133401352
2017-12-18,2091.19,2113.36,2080.99,2087.39,59062276
2017-12-19,2076.42,2082.2,2071.08,2074.48,131378561
2017-12-20,2076.48,2097.95,2050.59,2063.99,62750087
2017-12-21,2039.1,2063.81,2009.73,2057.11,119149536
2017-12-22,2080.3,2090.18,2057.46,2064.94,134469167
2017-12-23,1995.07,2051.67,1994.16,2041.63,101660374
2017-12-24,2042.15,2054.71,2031.21,2031.38,97388156
2017-12-25,2069.98,2070.17,2044.0,2062.39,141253775
2017-12-26,2053.54,2122.03,2039.58,2085.82,120698375
2017-12-27,2086.89,2091.97,2043.78,2091.62,76639881
2017-12-28,2067.67,2069.45,2046.06,2051.79,152470545
2017-12-29,2030.37,2072.65,2017.42,2072.06,142808670
2017-12-30,2076.96,2133.06,2064.48,2097.09,124643682
2017-12-31,2088.39,2113.86,2065.21,2098.74,112963924
2018-01-01,2108.96,2173.29,2059.69,2114.45,71565364
2018-01-02,2092.73,2154.14,2064.31,2105.8,60388482
2018-01-03,2100.86,2106.04,2084.93,2104.38,54988195
2018-01-04,2111.27,2119.77,2109.73,2118.25,123031406
2018-01-05,2172.52,2174.15,2166.79,2168.33,176118770
2018-01-06,2146.5,2158.6,2145.75,2154.23,111136162
2018-01-07,2126.5,2166.42,2094.11,2125.96,149942566
2018-01-08,2071.84,2074.14,2032.98,2062.05,101542199
2018-01-09,2079.96,2086.15,2041.81,2063.56,76485654
2018-01-10,2103.85,2122.08,2057.19,2061.86,52187591
2018-01-11,2090.94,2099.12,2046.66,2070.27,129748085
2018-01-12,2043.57,2057.24,2016.72,2044.7,116781745
2018-01-13,2102.78,2107.14,2069.12,2074.98,123182299
2018-01-14,2090.18,2107.48,2058.43,2069.84,70991743
2018-01-15,2080.31,2086.0,2077.61,2082.0,130000089
2018-01-16,2062.75,2130.37,2054.71,2056.6,89490258
2018-01-17,2090.54,2119.45,2020.18,2079.5,104503803
2018-01-18,2096.38,2113.41,2059.67,2067.24,143534977
2018-01-19,2054.85,2058.87,2045.91,2049.31,97879525
2018-01-20,2030.42,2036.84,2023.6,2031.2,98104907
2018-01-21,2042.47,2042.61,2025.15,2033.6,68100864
2018-01-22,2060.2,2082.01,2041.55,2075.14,151177177
2018-01-23,2062.31,2110.28,2046.8,2103.51,98474317
2018-01-24,2045.67,2061.27,2023.94,2028.59,188745117
2018-01-25,1985.95,2060.78,1984.64,2035.34,154912985
2018-01-26,2090.54,2100.09,2053.45,2087.22,96867605
2018-01-27,2100.29,2111.87,2030.83,2080.22,104134932
2018-01-28,2070.22,2075.17,2053.4,2059.47,61215743
2018-01-29,2032.17,2035.21,2027.92,2031.55,113931043
2018-01-30,2010.61,2026.51,1995.03,2007.88,162766078
2018-01-31,2011.56,2034.05,1960.13,1981.48,104197520
2018-02-01,2023.23,2035.36,2022.86,2033.99,157362658
2018-02-02,2008.15,2071.07,2003.64,2027.94,63617601
2018-02-03,2020.15,2040.39,2003.11,2023.95,127553262
2018-02-04,2037.12,2089.74,2029.96,2043.52,161107941
2018-02-05,2098.39,2123.84,2075.86,2104.35,97654658
2018-02-06,2130.14,2134.54,2094.9,2108.85,79065575
2018-02-07,2012.41,2054.45,2006.18,2048.7,100095832
2018-02-08,2094.65,2104.22,2048.78,2087.46,134943808
2018-02-09,2093.57,2099.2,2051.95,2097.88,125027197
2018-02-10,2079.15,2124.37,2076.67,2110.67,116615907
2018-02-11,2148.49,2186.87,2124.0,2152.71,83761093
2018-02-12,2146.76,2197.66,2140.76,2170.96,104841329
2018-02-13,2106.71,2123.31,2049.27,2118.13,92350420
2018-02-14,2113.82,2126.02,2056.8,2107.28,140622806
2018-02-15,2153.27,2175.0,2094.69,2133.24,125665158
2018-02-16,2119.37,2189.7,2112.97,2120.53,154692752
2018-02-17,2159.46,2183.64,2141.38,2162.15,148686549
2018-02-18,2121.33,2213.05,2120.44,2182.07,141121333
2018-02-19,2208.27,2216.7,2206.44,2216.7,113262760
2018-02-20,2246.77,2248.96,2200.94,2204.23,74376923
2018-02-21,2195.89,2207.38,2187.74,2192.71,155483469
2018-02-22,2228.64,2251.62,2218.55,2237.32,100844645
2018-02-23,2221.66,2224.89,2218.7,2220.35,137605158
2018-02-24,2221.79,2234.99,2195.41,2212.47,113456664
2018-02-25,2162.91,2227.32,2136.05,2195.44,134599989
2018-02-26,2196.05,2205.48,2172.01,2178.5,83303451
2018-02-27,2165.66,2182.69,2152.16,2173.3,62029024
2018-02-28,2205.64,2211.04,2181.2,2208.48,58643046
2018-03-01,2279.78,2293.61,2221.35,2232.14,141223616
2018-03-02,2257.2,2285.48,2222.83,2244.58,142976487
2018-03-03,2250.86,2256.02,2214.57,2253.92,69607072
2018-03-04,2165.73,2267.03,2163.22,2221.45,108312814
2018-03-05,2246.65,2252.2,2188.25,2210.61,150230085
2018-03-06,2187.8,2248.06,2180.25,2204.43,113423227
2018-03-07,2151.72,2163.9,2144.64,2159.32,178034174
2018-03-08,2180.39,2229.84,2154.17,2159.53,83306687
2018-03-09,2123.23,2225.7,2098.75,2172.04,113621048
2018-03-10,2172.95,2182.51,2163.43,2181.23,89719328
2018-03-11,2191.16,2196.76,2183.41,2183.86,66136697
2018-03-12,2166.41,2211.44,2147.74,2182.03,106438117
2018-03-13,2230.57,2239.14,2194.2,2212.76,88178008
2018-03-14,2151.78,2167.92,2129.52,2167.22,99342238
2018-03-15,2123.19,2139.71,2117.12,2122.6,127571565
2018-03-16,2071.38,2090.02,2046.61,2064.98,67943485
2018-03-17,2109.62,2117.01,2095.11,2096.68,65460097
2018-03-18,2089.06,2110.7,2082.55,2093.72,78327039
2018-03-19,2087.09,2087.57,2074.37,2085.73,148298670
2018-03-20,2081.05,2163.97,2078.19,2087.93,88955587
2018-03-21,2152.11,2152.76,2093.89,2114.47,140350063
2018-03-22,2133.82,2137.82,2124.31,2132.94,90118327
2018-03-23,2158.75,2178.16,2131.7,2135.89,150841172
2018-03-24,2103.9,2106.48,2099.57,2103.17,88314295
2018-03-25,2164.49,2164.58,2037.35,2105.1,149895981
2018-03-26,2053.69,2122.12,2052.43,2114.46,70629611
2018-03-27,2163.86,2202.04,2149.41,2187.46,171897653
2018-03-28,2214.85,2217.74,2182.86,2184.07,147168061
2018-03-29,2216.81,2226.77,2205.9,2212.15,74154976
2018-03-30,2243.79,2273.69,2234.2,2252.53,112119737
2018-03-31,2191.67,2226.99,2177.71,2205.73,80298812
2018-04-01,2226.11,2240.3,2216.94,2237.48,132671625
2018-04-02,2245.28,2264.5,2234.79,2243.06,90786612
2018-04-03,2232.37,2244.54,2189.03,2227.87,107784894
2018-04-04,2209.1,2222.78,2173.98,2214.86,97089825
2018-04-05,2227.49,2229.47,2182.57,2191.22,142688245
2018-04-06,2207.72,2207.74,2164.59,2187.5,101916052
2018-04-07,2211.4,2276.24,2163.06,2211.83,148278580
2018-04-08,2166.43,2167.23,2144.38,2147.08,146487166
2018-04-09,2076.87,2089.85,2060.03,2087.51,78499280
2018-04-10,2070.0,2081.39,2005.21,2062.7,91621215
2018-04-11,2018.84,2069.87,2014.89,2031.58,94471968
2018-04-12,1986.46,2047.27,1976.56,2024.35,104326998
2018-04-13,1975.72,1976.76,1934.58,1968.33,130475672
2018-04-14,1988.39,1994.91,1956.42,1969.2,89033894
2018-04-15,1902.2,1953.99,1898.09,1934.88,146912879
2018-04-16,1967.11,1988.44,1947.45,1960.88,132211396
2018-04-17,1970.68,1983.69,1958.31,1970.68,77495941
2018-04-18,1947.92,1964.81,1926.81,1944.35,169758718
2018-04-19,1934.08,1934.47,1922.07,1932.79,148666822
2018-04-20,1920.94,1995.42,1919.78,1970.1,178617701
2018-04-21,1978.53,1987.01,1948.54,1973.05,97052709
2018-04-22,1965.72,1988.52,1929.23,1951.87,94880994
2018-04-23,1957.37,1981.71,1917.88,1971.16,122736950
2018-04-24,2020.75,2032.6,1973.87,1983.95,151883338
2018-04-25,1971.17,1975.68,1966.43,1971.52,68622025
2018-04-26,2010.28,2012.13,1996.0,2000.97,140352984
2018-04-27,1954.72,1971.18,1912.91,1941.99,128160577
2018-04-28,1949.83,1969.2,1938.43,1959.38,125475683
2018-04-29,1957.32,1959.61,1925.61,1943.95,81308569
2018-04-30,1938.6,1950.34,1924.94,1946.75,144172691
2018-05-01,1842.99,1882.11,1839.31,1872.78,74917953
2018-05-02,1893.47,1911.48,1878.56,1905.43,124670486
2018-05-03,1871.43,1955.52,1866.3,1929.02,148591015
2018-05-04,1944.63,1956.55,1924.31,1942.83,66961692
2018-05-05,1959.01,1981.96,1949.43,1968.4,75229222
2018-05-06,1918.23,1918.53,1908.45,1918.42,136101562
2018-05-07,1965.63,1969.44,1893.5,1939.0,111427671
2018-05-08,2003.4,2013.92,1895.09,1923.71,77821457
2018-05-09,1947.08,1975.75,1929.19,1962.12,151000841
2018-05-10,1884.18,1952.25,1883.12,1933.88,120725691
2018-05-11,1988.05,1990.57,1952.75,1968.01,96227375
2018-05-12,1979.9,2001.98,1942.68,1983.41,72815006
2018-05-13,1965.46,1970.4,1950.28,1957.29,104781835
2018-05-14,1929.08,1943.0,1900.1,1923.67,164937196
2018-05-15,1985.11,1999.25,1963.27,1975.57,125008027
2018-05-16,1951.06,2032.16,1947.68,1990.57,159259463
2018-05-17,1975.25,1977.57,1969.66,1977.52,116558834
2018-05-18,2023.07,2033.27,2016.92,2032.61,168209945
2018-05-19,2008.03,2011.95,1957.43,1974.54,110325797
2018-05-20,2004.27,2019.42,1979.72,1980.97,117043805
2018-05-21,1983.92,2000.03,1974.93,1992.13,146801930
2018-05-22,1967.63,1978.42,1966.42,1967.47,81550315
2018-05-23,1937.11,1946.92,1926.62,1942.36,163669070
2018-05-24,2011.51,2036.33,1987.14,1992.17,76325575
2018-05-25,2045.57,2078.89,2004.96,2040.04,131637630
2018-05-26,2017.15,2017.88,1995.91,2004.06,136036083
2018-05-27,1979.67,1985.89,1964.08,1980.2,151579645
2018-05-28,1995.36,2022.16,1962.26,2000.73,105916742
2018-05-29,2031.65,2038.78,2014.68,2033.94,85685001
2018-05-30,2008.92,2014.54,1986.51,2005.67,146578257
2018-05-31,1947.44,2003.99,1942.19,1996.2,109052217
2018-06-01,1990.86,1997.49,1963.27,1995.99,106378762
2018-06-02,2018.85,2035.97,2012.55,2033.1,77244981
2018-06-03,2058.46,2064.93,2053.55,2058.83,65576515
2018-06-04,2051.79,2101.88,1997.19,2030.08,150262391
2018-06-05,1994.9,2005.88,1968.72,1978.44,68774484
2018-06-06,1988.2,2026.4,1954.21,1958.75,63934819
2018-06-07,1962.57,1987.97,1898.81,1957.38,133050293
2018-06-08,1963.3,1977.8,1945.72,1957.07,63451965
2018-06-09,1943.13,1960.13,1941.42,1943.28,120555910
2018-06-10,1966.83,1998.81,1957.86,1965.27,68895867
2018-06-11,1957.92,1977.73,1945.24,1949.49,142528066
2018-06-12,1938.96,2005.52,1929.68,1960.97,91131110
2018-06-13,1906.8,1944.42,1898.03,1930.79,135663422
2018-06-14,1888.98,1922.77,1867.92,1884.8,79670302
2018-06-15,1961.25,1961.62,1912.4,1957.32,179374983
2018-06-16,1972.74,1985.25,1958.4,1958.81,118726558
2018-06-17,1942.63,2009.95,1942.42,1979.66,60518467
2018-06-18,2016.77,2039.42,1963.81,1977.8,120161594
2018-06-19,1999.93,2016.84,1946.23,1979.2,123232595
2018-06-20,1962.46,2015.71,1950.77,1973.08,139551058
2018-06-21,2025.69,2048.09,2006.76,2015.46,138579476
2018-06-22,1990.91,1997.41,1969.08,1972.5,96453583
2018-06-23,1931.23,1960.32,1927.37,1952.52,84117406
2018-06-24,1987.99,1993.71,1957.41,1969.34,68578449
2018-06-25,1947.93,1964.17,1919.64,1942.52,152172149
2018-06-26,1968.14,1978.62,1962.59,1967.32,72017182
2018-06-27,1993.31,2023.3,1973.34,1987.84,116691743
2018-06-28,1963.76,2014.72,1953.67,1977.38,150823405
2018-06-29,2012.69,2018.28,1980.53,1981.79,89694153
2018-06-30,1967.02,1974.68,1955.71,1971.04,97960890
2018-07-01,1955.35,2037.97,1949.98,1958.71,72067482
2018-07-02,1909.34,1930.43,1905.27,1921.17,157787537
2018-07-03,1949.43,1963.92,1930.68,1954.59,142042419
2018-07-04,1971.25,1986.32,1962.24,1976.99,65757871
2018-07-05,1975.31,2007.06,1966.8,2004.92,74972607
2018-07-06,1990.24,1993.26,1989.97,1990.51,137107801
2018-07-07,2015.71,2051.3,2004.73,2023.25,159696507
2018-07-08,2012.62,2032.93,1984.48,2008.91,88708348
2018-07-09,2004.58,2023.93,1978.04,2014.57,135755370
2018-07-10,1986.88,2001.81,1954.88,2000.93,66968829
2018-07-11,1962.71,2019.43,1962.49,2012.32,140168590
2018-07-12,2149.17,2160.24,2053.59,2085.84,77290539
2018-07-13,2061.39,2080.36,2047.55,2077.33,107543169
2018-07-14,2124.43,2127.73,2090.83,2091.57,85900563
2018-07-15,2104.0,2117.69,2101.82,2116.42,140117465
2018-07-16,2111.63,2125.43,2086.43,2111.24,114637729
2018-07-17,2134.33,2140.23,2118.25,2138.56,90097214
2018-07-18,2192.65,2203.82,2155.63,2195.57,97303725
2018-07-19,2222.57,2223.16,2216.22,2220.85,128053011
2018-07-20,2225.9,2237.0,2223.73,2235.28,142969715
2018-07-21,2243.43,2263.08,2201.56,2216.54,73176143
2018-07-22,2366.28,2370.27,2326.88,2328.37,91424068
2018-07-23,2335.69,2346.19,2321.66,2335.14,53202404
2018-07-24,2389.45,2445.75,2379.81,2392.38,94309304
2018-07-25,2332.79,2381.35,2320.73,2366.55,93418986
2018-07-26,2327.26,2333.81,2318.55,2319.39,153852484
2018-07-27,2417.61,2426.82,2344.48,2370.02,117728424
2018-07-28,2325.23,2373.58,2250.91,2299.96,103367430
2018-07-29,2305.93,2340.11,2280.65,2332.87,124333640
2018-07-30,2310.14,2314.75,2300.55,2314.44,150653600
2018-07-31,2273.35,2322.26,2268.67,2283.27,108565984
2018-08-01,2284.7,2335.12,2243.49,2283.09,118241946
2018-08-02,2277.76,2298.74,2271.56,2272.02,107052212
2018-08-03,2276.97,2299.1,2276.05,2282.88,96457198
2018-08-04,2305.33,2312.51,2281.4,2296.97,156428723
2018-08-05,2322.91,2324.33,2283.22,2303.82,75058411
2018-08-06,2316.61,2327.58,2286.41,2325.73,105748992
2018-08-07,2351.69,2353.54,2348.9,2349.82,73418681
2018-08-08,2322.99,2339.42,2311.79,2322.12,82733384
2018-08-09,2295.66,2315.58,2287.75,2295.06,135239258
2018-08-10,2339.88,2405.38,2313.29,2330.91,100806334
2018-08-11,2338.58,2340.19,2270.4,2337.6,103606562
2018-08-12,2349.91,2361.25,2331.91,2337.21,94104235
2018-08-13,2356.64,2369.92,2341.52,2360.01,124003993
2018-08-14,2356.68,2358.74,2347.16,2356.17,118375946
2018-08-15,2385.98,2413.27,2374.38,2384.97,103329732
2018-08-16,2374.3,2401.89,2333.15,2358.85,137381508
2018-08-17,2321.05,2367.08,2319.3,2328.0,136417738
2018-08-18,2221.26,2264.22,2179.72,2254.26,168967912
2018-08-19,2224.74,2261.23,2147.99,2218.86,120603977
2018-08-20,2242.93,2278.41,2217.16,2275.09,155166189
2018-08-21,2360.74,2371.69,2355.18,2367.44,201998713
2018-08-22,2394.76,2420.22,2326.82,2363.71,141187403
2018-08-23,2345.08,2351.22,2286.86,2318.46,74354459
2018-08-24,2276.63,2351.48,2216.6,2270.13,163974675
2018-08-25,2301.87,2312.16,2300.96,2307.36,65448248
2018-08-26,2377.21,2383.51,2374.63,2376.58,101600902
2018-08-27,2334.15,2344.61,2313.44,2332.63,81347974
2018-08-28,2364.21,2367.59,2357.02,2361.49,120170468
2018-08-29,2351.09,2353.15,2350.38,2351.65,107400678
2018-08-30,2228.45,2333.46,2224.44,2317.84,122054210
2018-08-31,2331.27,2337.57,2255.02,2316.49,58386066
2018-09-01,2350.58,2361.62,2324.92,2328.52,80079203
2018-09-02,2346.62,2358.51,2319.48,2320.36,83321483
2018-09-03,2267.97,2346.33,2214.43,2289.54,168262679
2018-09-04,2298.2,2332.96,2247.63,2274.91,62750194
2018-09-05,2254.28,2304.55,2251.84,2294.93,160455126
2018-09-06,2333.98,2338.27,2320.64,2335.3,165957022
2018-09-07,2359.74,2419.79,2346.98,2363.07,73201521
2018-09-08,2375.76,2392.83,2361.87,2364.59,102200060
2018-09-09,2337.9,2362.2,2322.41,2341.36,163013284
2018-09-10,2413.45,2418.18,2381.07,2392.82,161774237
2018-09-11,2397.28,2435.05,2369.06,2410.42,57245471
2018-09-12,2543.91,2549.79,2481.79,2492.89,83821465
2018-09-13,2501.86,2511.21,2453.3,2486.66,84521116
2018-09-14,2504.89,2514.46,2490.8,2497.83,60965449
2018-09-15,2536.13,2550.92,2526.84,2537.02,127283731
2018-09-16,2495.4,2510.71,2490.89,2502.65,128219013
2018-09-17,2544.64,2596.63,2531.33,2544.6,167419808
2018-09-18,2571.59,2581.98,2495.26,2529.84,108630822
2018-09-19,2524.27,2527.23,2511.48,2523.31,64215334
2018-09-20,2532.32,2538.96,2477.45,2527.97,122174090
2018-09-21,2481.43,2548.91,2448.07,2516.65,139027321
2018-09-22,2451.21,2531.64,2414.14,2470.3,124761015
2018-09-23,2512.7,2513.52,2481.96,2502.75,77814323
2018-09-24,2512.48,2528.87,2477.05,2501.39,127500449
2018-09-25,2493.01,2523.84,2480.05,2504.84,74620516
2018-09-26,2513.47,2526.22,2454.12,2495.13,145594606
2018-09-27,2442.01,2470.86,2422.92,2436.24,121500350
2018-09-28,2425.06,2452.96,2420.07,2421.65,82277715
2018-09-29,2426.18,2442.76,2402.21,2424.72,117214714
2018-09-30,2451.19,2474.88,2424.83,2455.11,128392795
2018-10-01,2525.92,2529.47,2428.89,2487.44,129201598
2018-10-02,2493.15,2511.08,2486.68,2504.36,66600721
2018-10-03,2580.13,2594.03,2526.39,2552.02,97587186
2018-10-04,2571.6,2591.42,2562.24,2583.96,145376206
2018-10-05,2579.24,2641.05,2550.5,2584.49,50607007
2018-10-06,2580.99,2648.35,2530.43,2576.55,139832697
2018-10-07,2564.04,2566.93,2558.85,2566.34,145873933
2018-10-08,2474.74,2508.32,2462.92,2494.4,173205966
2018-10-09,2408.47,2489.78,2406.06,2441.57,143980877
2018-10-10,2454.33,2458.85,2403.05,2442.31,99765495
2018-10-11,2422.61,2423.09,2419.31,2420.81,87042786
2018-10-12,2382.51,2392.66,2347.36,2355.05,99187630
2018-10-13,2370.68,2372.39,2327.18,2344.97,125591202
2018-10-14,2292.37,2361.18,2280.5,2359.59,72282231
2018-10-15,2334.04,2343.36,2302.59,2325.18,100749789
2018-10-16,2303.34,2378.81,2288.13,2324.86,87574958
2018-10-17,2393.35,2419.75,2334.61,2345.2,116116211
2018-10-18,2327.08,2331.93,2322.48,2326.01,91794132
2018-10-19,2258.02,2354.05,2228.23,2266.58,184743524
2018-10-20,2278.83,2280.58,2268.05,2271.43,99102373
2018-10-21,2319.31,2332.33,2308.03,2309.92,163836337
2018-10-22,2347.63,2359.19,2315.73,2321.06,64181273
2018-10-23,2335.67,2365.43,2246.86,2287.91,162383829
2018-10-24,2270.9,2280.59,2259.62,2273.48,60609334
2018-10-25,2281.51,2300.59,2279.42,2289.56,149420368
2018-10-26,2262.6,2272.39,2223.05,2239.35,71442316
2018-10-27,2224.83,2270.35,2203.42,2241.58,76869981
2018-10-28,2290.91,2312.74,2290.58,2296.06,140911215
2018-10-29,2312.18,2376.21,2263.2,2285.99,74262293
2018-10-30,2302.22,2349.92,2300.65,2340.34,165957334
2018-10-31,2368.48,2420.53,2310.73,2352.86,77726099
2018-11-01,2348.5,2383.12,2323.02,2339.27,135203112
2018-11-02,2300.3,2346.38,2273.41,2301.86,126240432
2018-11-03,2257.31,2326.28,2191.4,2237.16,125064268
2018-11-04,2208.03,2218.7,2206.5,2218.59,84277187
2018-11-05,2215.95,2310.7,2208.74,2265.84,152675438
2018-11-06,2239.75,2267.56,2224.62,2239.53,117172668
2018-11-07,2216.4,2221.73,2196.47,2202.37,121852173
2018-11-08,2163.75,2266.45,2152.7,2187.78,114143190
2018-11-09,2201.46,2212.34,2178.86,2185.83,111848267
2018-11-10,2157.02,2192.93,2153.51,2180.09,74485523
2018-11-11,2183.66,2206.87,2179.05,2180.1,144367929
2018-11-12,2212.61,2257.81,2192.09,2192.39,122117643
2018-11-13,2181.72,2245.31,2172.94,2197.26,149629467
2018-11-14,2162.87,2174.15,2156.73,2167.49,146688021
2018-11-15,2152.35,2166.92,2113.3,2164.77,130122939
2018-11-16,2262.0,2273.74,2223.1,2236.21,161452518
2018-11-17,2270.3,2272.19,2222.57,2238.78,57368840
2018-11-18,2225.26,2262.62,2213.22,2230.56,118925469
2018-11-19,2190.31,2202.38,2180.46,2196.67,136283036
2018-11-20,2119.52,2182.22,2083.71,2156.54,172106504
2018-11-21,2195.67,2206.8,2166.47,2180.14,81568862
2018-11-22,2222.07,2245.9,2173.41,2225.04,63948887
2018-11-23,2276.5,2290.46,2271.71,2290.14,75605205
2018-11-24,2300.59,2341.96,2279.41,2290.91,135025955
2018-11-25,2322.06,2349.79,2295.87,2302.28,68372550
2018-11-26,2346.66,2347.19,2339.84,2341.97,71418300
2018-11-27,2353.47,2365.71,2346.07,2365.61,96068396
2018-11-28,2423.78,2440.63,2391.85,2397.23,168363145
2018-11-29,2406.27,2430.15,2388.41,2399.32,86141338
2018-11-30,2476.11,2512.44,2340.17,2427.92,158427955
2018-12-01,2403.72,2404.32,2397.9,2403.52,78171054
2018-12-02,2326.05,2347.39,2318.12,2339.36,166930581
2018-12-03,2261.23,2318.72,2260.77,2298.32,168039517
2018-12-04,2288.44,2321.87,2257.52,2288.3,145628921
2018-12-05,2289.19,2307.72,2286.21,2290.8,148526380
2018-12-06,2350.83,2360.89,2321.99,2323.58,61697748
2018-12-07,2342.72,2368.05,2305.96,2321.16,113510575
2018-12-08,2271.87,2313.15,2261.71,2279.76,65864280
2018-12-09,2227.96,2232.33,2227.67,2231.26,81021544
2018-12-10,2259.52,2275.86,2146.13,2207.57,97580162
2018-12-11,2256.99,2273.26,2218.23,2248.17,175207865
2018-12-12,2279.54,2287.51,2269.32,2272.34,152151362
2018-12-13,2204.5,2221.98,2195.32,2205.97,126418192
2018-12-14,2229.62,2244.78,2222.87,2222.91,123878254
2018-12-15,2210.42,2272.56,2202.07,2214.68,149327641
2018-12-16,2190.58,2231.03,2185.54,2197.92,115344320
2018-12-17,2151.88,2198.95,2135.32,2180.81,135965358
2018-12-18,2172.06,2186.14,2118.96,2181.28,100992348
2018-12-19,2151.71,2160.58,2102.27,2156.15,137406103
2018-12-20,2160.96,2183.17,2144.72,2171.6,114000332
2018-12-21,2186.39,2186.63,2152.16,2177.76,131011329
2018-12-22,2186.61,2201.47,2141.08,2146.5,91797329
2018-12-23,2149.57,2155.68,2137.74,2154.98,104533336
2018-12-24,2173.99,2182.0,2173.7,2175.03,159084469
2018-12-25,2196.81,2204.86,2188.7,2201.01,124831102
2018-12-26,2199.59,2247.12,2197.41,2217.45,147173484
2018-12-27,2261.4,2266.0,2165.46,2199.86,93132099
2018-12-28,2194.74,2203.33,2172.34,2190.65,90626833
2018-12-29,2150.79,2165.84,2095.1,2161.82,153696276
2018-12-30,2145.96,2173.32,2129.19,2145.96,145543208
2018-12-31,2175.98,2177.2,2161.09,2163.63,58823866
2019-01-01,2124.31,2184.91,2106.34,2144.96,150945138
2019-01-02,2137.43,2161.52,2099.63,2125.52,89774884
2019-01-03,2153.8,2155.46,2149.72,2153.67,67472984
2019-01-04,2094.89,2152.97,2091.69,2127.0,146514913
2019-01-05,2165.01,2177.2,2162.48,2168.43,84389464
2019-01-06,2111.78,2125.91,2080.01,2098.34,177146910
2019-01-07,2107.0,2134.52,2057.73,2100.31,110125299
2019-01-08,2062.24,2144.59,2047.83,2067.25,70186295
2019-01-09,2095.95,2113.24,2049.67,2086.33,82625335
2019-01-10,2054.64,2132.66,2039.77,2075.98,126976148
2019-01-11,2004.36,2017.19,1955.77,2000.98,202072401
2019-01-12,1968.17,1975.11,1960.03,1974.61,129233409
2019-01-13,1959.23,1968.58,1953.49,1959.03,97010657
2019-01-14,1957.79,1991.66,1909.82,1961.02,85926872
2019-01-15,1902.72,1969.22,1895.4,1950.21,55135118
2019-01-16,1995.54,1996.7,1955.7,1960.36,68676582
2019-01-17,1992.77,2024.6,1989.36,2019.71,84635474
2019-01-18,1980.61,2009.48,1974.9,2008.88,124724088
2019-01-19,1952.04,1972.1,1952.02,1961.92,150330348
2019-01-20,1973.0,1985.98,1957.56,1968.05,139647957
2019-01-21,1991.61,1994.25,1988.46,1989.63,64410814
2019-01-22,1983.9,2013.88,1974.85,2003.29,140672269
2019-01-23,1996.01,2008.43,1961.66,1995.44,72946412
2019-01-24,1998.73,2001.5,1984.03,1997.81,110655723
2019-01-25,1975.94,1988.14,1965.09,1973.66,64097513
2019-01-26,1989.86,2028.48,1978.72,2008.35,99691440
2019-01-27,2076.37,2094.34,2045.2,2091.42,189336771
2019-01-28,2112.4,2123.85,2081.72,2113.68,90138009
2019-01-29,2100.41,2117.72,2093.71,2111.01,63978936
2019-01-30,2138.44,2179.77,2133.79,2142.14,151316846
2019-01-31,2199.32,2243.94,2171.04,2216.44,135465734
2019-02-01,2223.44,2269.93,2198.25,2198.84,121959533
2019-02-02,2266.81,2274.98,2243.17,2261.02,135870222
2019-02-03,2219.21,2277.85,2211.7,2250.0,95936827
2019-02-04,2213.09,2256.85,2174.11,2220.88,158980337
2019-02-05,2194.21,2210.62,2171.43,2199.59,64708367
2019-02-06,2205.03,2231.03,2202.4,2212.61,85326538
2019-02-07,2209.94,2213.71,2201.55,2206.51,129052036
2019-02-08,2205.68,2219.6,2195.34,2218.53,155632019
2019-02-09,2192.39,2244.28,2191.35,2210.77,114497857
2019-02-10,2202.52,2231.96,2193.73,2213.03,55039422
2019-02-11,2219.23,2219.83,2218.15,2219.63,66228566
2019-02-12,2208.43,2213.24,2201.29,2211.41,129826256
2019-02-13,2205.33,2218.65,2197.05,2206.3,127572665
2019-02-14,2172.48,2201.01,2165.93,2186.53,130153557
2019-02-15,2180.62,2182.19,2150.97,2162.54,125730365
2019-02-16,2117.88,2121.43,2094.78,2113.1,122685146
2019-02-17,2155.05,2155.38,2132.08,2134.48,68218731
2019-02-18,2216.87,2217.56,2179.78,2181.77,100588313
2019-02-19,2157.71,2167.76,2144.83,2148.65,81372924
2019-02-20,2180.67,2183.4,2152.79,2170.48,140095694
2019-02-21,2166.59,2191.78,2138.38,2189.61,60884766
2019-02-22,2162.69,2177.58,2153.68,2173.31,56088225
2019-02-23,2267.45,2278.07,2189.41,2213.55,104244054
2019-02-24,2189.87,2220.66,2179.74,2191.49,99211355
2019-02-25,2206.36,2229.31,2172.88,2186.95,125484448
2019-02-26,2122.84,2229.89,2121.64,2181.73,136958861
2019-02-27,2187.41,2229.29,2136.9,2197.18,111633832
2019-02-28,2203.17,2267.98,2202.48,2236.17,121915087
2019-03-01,2193.14,2222.39,2160.2,2204.71,93103459
2019-03-02,2202.43,2222.46,2172.9,2177.96,65401733
2019-03-03,2142.35,2156.31,2107.56,2149.1,83374464
2019-03-04,2090.53,2096.96,2078.31,2094.82,141263994
2019-03-05,2089.42,2114.25,2060.88,2086.15,74927399
2019-03-06,2123.94,2168.0,2114.8,2128.76,124186681
2019-03-07,2217.11,2274.16,2180.06,2192.79,181184945
2019-03-08,2232.39,2251.99,2216.41,2229.94,134695400
2019-03-09,2190.07,2257.71,2179.43,2222.41,80864662
2019-03-10,2236.89,2270.65,2174.63,2224.99,67452055
2019-03-11,2213.53,2225.07,2191.55,2211.79,79529217
2019-03-12,2225.39,2245.89,2169.09,2176.07,157244625
2019-03-13,2157.04,2166.44,2151.18,2153.82,78307776
2019-03-14,2207.96,2213.04,2198.38,2204.96,146346588
2019-03-15,2248.76,2254.15,2229.22,2235.87,78618113
2019-03-16,2265.53,2303.71,2244.53,2255.08,132431561
2019-03-17,2221.08,2320.09,2205.97,2253.14,137883094
2019-03-18,2258.07,2280.92,2256.12,2263.92,133074343
2019-03-19,2287.22,2313.84,2277.77,2301.17,111391254
2019-03-20,2214.94,2330.8,2195.84,2257.87,163989123
2019-03-21,2350.49,2386.41,2237.7,2302.5,97001160
2019-03-22,2356.2,2409.56,2326.8,2335.23,163998048
2019-03-23,2310.2,2314.27,2284.51,2310.19,160513591
2019-03-24,2336.91,2414.84,2284.74,2373.22,168737260
2019-03-25,2380.1,2385.12,2345.0,2364.34,95164717
2019-03-26,2306.69,2329.48,2302.04,2320.41,76377234
2019-03-27,2315.56,2372.24,2289.91,2296.5,78122342
2019-03-28,2267.08,2299.02,2259.21,2281.04,90238159
2019-03-29,2202.82,2272.62,2181.97,2272.45,57335737
2019-03-30,2271.37,2287.72,2198.63,2275.89,143047264
2019-03-31,2279.38,2296.67,2261.24,2277.48,123598046
2019-04-01,2281.37,2314.92,2242.78,2285.67,122289420
2019-04-02,2290.8,2298.95,2282.28,2282.38,85073818
2019-04-03,2294.53,2327.1,2257.1,2288.93,77046519
2019-04-04,2334.41,2335.18,2314.07,2328.63,83736580
2019-04-05,2287.24,2331.65,2276.24,2297.07,164683724
2019-04-06,2244.61,2260.88,2243.91,2250.89,143267123
2019-04-07,2265.2,2271.06,2254.88,2265.32,133665543
2019-04-08,2250.66,2257.55,2228.72,2255.32,112195561
2019-04-09,2307.5,2329.14,2217.59,2230.84,121971422
2019-04-10,2247.91,2279.73,2235.89,2257.95,81742628
2019-04-11,2267.97,2295.18,2263.81,2283.25,62555971
2019-04-12,2288.39,2317.9,2286.58,2311.05,105488340
2019-04-13,2301.41,2316.34,2297.74,2313.48,91684953
2019-04-14,2309.97,2315.0,2297.8,2313.25,78776738
2019-04-15,2356.95,2404.94,2347.93,2351.14,73333262
2019-04-16,2358.73,2361.99,2340.98,2357.36,72101589
2019-04-17,2334.33,2380.86,2326.62,2373.48,94322580
2019-04-18,2296.8,2359.46,2290.04,2351.25,61291655
2019-04-19,2433.84,2445.83,2396.79,2421.77,84281473
2019-04-20,2467.97,2476.13,2425.18,2443.78,101995845
2019-04-21,2442.52,2466.77,2387.48,2444.19,72345256
2019-04-22,2480.27,2500.75,2470.2,2483.25,159351484
2019-04-23,2467.13,2467.97,2461.6,2464.88,94079062
2019-04-24,2461.85,2522.11,2415.13,2465.04,131260232
2019-04-25,2476.19,2509.27,2430.37,2452.79,67926105
2019-04-26,2469.7,2480.92,2450.27,2470.43,72577134
2019-04-27,2450.96,2496.33,2393.87,2468.68,137644464
2019-04-28,2442.11,2452.12,2430.55,2445.58,133876124
2019-04-29,2446.48,2450.56,2410.49,2430.74,143286219
2019-04-30,2516.27,2577.89,2482.5,2529.21,111419899
2019-05-01,2528.86,2549.69,2497.19,2533.05,115541961
2019-05-02,2511.68,2572.94,2469.9,2557.34,155023467
2019-05-03,2571.08,2581.05,2547.71,2567.82,76855837
2019-05-04,2537.9,2584.16,2536.17,2568.87,124852559
2019-05-05,2505.49,2513.72,2456.74,2487.64,117915916
2019-05-06,2429.97,2467.81,2420.77,2432.35,112501697
2019-05-07,2431.77,2455.85,2422.04,2440.46,125267045
2019-05-08,2466.75,2477.14,2430.27,2437.16,92269044
2019-05-09,2415.2,2416.11,2405.33,2416.02,154074301
2019-05-10,2410.46,2440.65,2402.21,2403.24,112602450
2019-05-11,2392.9,2417.35,2360.18,2379.68,76628801
2019-05-12,2399.09,2470.19,2378.18,2442.54,82651420
2019-05-13,2464.66,2479.15,2398.58,2441.84,92425904
2019-05-14,2513.42,2527.64,2468.47,2503.17,75009336
2019-05-15,2477.05,2527.9,2437.14,2484.09,147038235
2019-05-16,2486.73,2503.81,2482.65,2491.34,111075820
2019-05-17,2546.14,2565.15,2497.36,2506.21,115570152
2019-05-18,2546.14,2564.37,2536.52,2542.41,109783808
2019-05-19,2538.25,2545.16,2537.85,2542.16,144304759
2019-05-20,2465.19,2513.48,2462.59,2509.59,158801215
2019-05-21,2475.89,2499.44,2464.29,2468.37,84887356
2019-05-22,2409.62,2425.69,2407.0,2415.37,85392718
2019-05-23,2403.1,2454.61,2398.31,2437.0,132103506
2019-05-24,2391.47,2401.27,2387.09,2396.9,156288388
2019-05-25,2417.19,2432.59,2397.35,2408.14,82003488
2019-05-26,2405.0,2407.44,2399.88,2404.36,88989314
2019-05-27,2465.77,2476.97,2363.0,2436.19,62692989
2019-05-28,2462.16,2479.36,2440.87,2440.94,53159087
2019-05-29,2485.18,2504.72,2483.92,2490.72,99648284
2019-05-30,2478.11,2481.39,2411.73,2472.08,121567330
2019-05-31,2527.69,2544.4,2414.49,2477.23,75960470
2019-06-01,2504.08,2515.02,2495.17,2510.26,76305784
2019-06-02,2477.16,2516.29,2434.96,2488.3,115022414
2019-06-03,2484.7,2492.65,2447.58,2463.31,139952915
2019-06-04,2411.45,2458.73,2393.2,2420.47,173815389
2019-06-05,2413.35,2444.53,2389.79,2436.03,108503457
2019-06-06,2433.41,2462.35,2394.15,2452.27,99873189
2019-06-07,2472.94,2514.26,2449.93,2513.95,119669904
2019-06-08,2574.21,2603.33,2507.86,2540.83,117835360
2019-06-09,2528.07,2569.42,2521.35,2547.84,81690896
2019-06-10,2544.45,2552.1,2539.52,2542.58,99984418
2019-06-11,2595.52,2611.22,2552.45,2555.04,130998250
2019-06-12,2438.67,2579.17,2433.45,2509.87,78448656
2019-06-13,2511.91,2525.91,2454.46,2481.62,158941714
2019-06-14,2445.97,2505.37,2444.3,2446.69,108587744
2019-06-15,2438.05,2469.68,2434.63,2468.94,66455965
2019-06-16,2431.57,2476.88,2417.57,2461.99,147741465
2019-06-17,2521.4,2545.05,2418.94,2491.01,113651711
2019-06-18,2460.09,2505.27,2441.69,2472.55,114554321
2019-06-19,2471.53,2476.58,2419.49,2466.33,98760461
2019-06-20,2431.48,2484.55,2392.22,2460.56,112305499
2019-06-21,2438.36,2463.63,2431.76,2447.82,143057161
2019-06-22,2430.58,2436.63,2368.65,2391.25,66665446
2019-06-23,2409.42,2433.02,2407.91,2420.47,65957309
2019-06-24,2384.42,2410.74,2348.34,2402.7,103182983
2019-06-25,2418.31,2427.66,2407.21,2409.85,92710042
2019-06-26,2402.97,2428.74,2381.12,2412.77,63653605
2019-06-27,2410.55,2434.54,2362.69,2393.7,156861670
2019-06-28,2430.22,2443.24,2412.74,2427.44,88740518
2019-06-29,2395.83,2411.39,2390.81,2411.05,66179360
2019-06-30,2377.43,2474.85,2322.13,2415.67,71564552
2019-07-01,2426.23,2446.54,2399.91,2433.49,93654448
2019-07-02,2421.16,2457.19,2357.25,2428.65,98108524
2019-07-03,2444.97,2464.17,2417.97,2441.49,111224395
2019-07-04,2440.75,2446.81,2424.55,2433.71,145915542
2019-07-05,2398.15,2467.91,2389.36,2415.37,140411830
2019-07-06,2432.41,2519.67,2414.45,2484.36,157973410
2019-07-07,2535.34,2556.87,2527.86,2533.75,175501286
2019-07-08,2527.71,2556.03,2491.2,2505.67,143683537
2019-07-09,2602.31,2615.1,2445.18,2520.74,95153695
2019-07-10,2457.46,2532.38,2448.38,2492.87,127949064
2019-07-11,2552.4,2566.34,2519.95,2535.4,160409052
2019-07-12,2546.85,2548.36,2542.47,2547.51,60221444
2019-07-13,2622.63,2645.62,2619.95,2620.45,72974060
2019-07-14,2615.53,2634.22,2577.48,2609.22,95348008
2019-07-15,2671.82,2687.14,2605.62,2620.11,62241262
2019-07-16,2577.46,2618.81,2566.94,2608.2,79772497
2019-07-17,2599.02,2656.4,2573.74,2613.24,82933874
2019-07-18,2592.27,2624.01,2585.76,2591.42,71542645
2019-07-19,2505.57,2631.95,2484.9,2598.46,107133870
2019-07-20,2645.0,2692.56,2611.32,2631.5,145374882
2019-07-21,2657.0,2669.42,2635.75,2660.02,62572211
2019-07-22,2652.3,2686.31,2629.84,2642.03,116579022
2019-07-23,2683.1,2735.6,2609.2,2662.98,71604456
2019-07-24,2700.39,2744.28,2698.44,2730.88,85219848
2019-07-25,2766.83,2771.2,2764.85,2766.43,124704570
2019-07-26,2806.54,2833.95,2788.55,2806.28,115818404
2019-07-27,2828.23,2869.99,2823.72,2855.5,150365348
2019-07-28,2814.62,2861.96,2804.9,2838.0,63167232
2019-07-29,2816.19,2901.76,2755.66,2866.52,134994845
2019-07-30,2961.46,2989.91,2923.61,2974.53,77092962
2019-07-31,2925.41,2927.6,2871.51,2907.93,64402749
2019-08-01,2920.94,2953.18,2902.64,2913.13,137970335
2019-08-02,2902.2,2918.74,2872.57,2915.29,139061815
2019-08-03,2873.85,2904.69,2872.99,2886.36,135942784
2019-08-04,2894.05,2936.03,2857.13,2911.86,147458303
2019-08-05,2830.08,2899.82,2825.59,2840.83,91704369
2019-08-06,2816.92,2845.38,2792.92,2817.5,59857631
2019-08-07,2844.1,2856.41,2840.28,2851.27,82443768
2019-08-08,2853.4,2858.72,2797.95,2851.59,133513497
2019-08-09,2848.19,2895.47,2826.45,2872.81,80917717
2019-08-10,2911.4,2965.93,2907.9,2925.89,100956888
2019-08-11,2938.62,2977.92,2886.17,2949.09,89568123
2019-08-12,3013.11,3030.41,2995.93,3003.95,158544329
2019-08-13,2877.49,2940.95,2875.35,2928.74,159612777
2019-08-14,2955.94,2967.64,2953.65,2965.66,88573529
2019-08-15,2877.41,2899.19,2868.29,2891.63,98874431
2019-08-16,2834.09,2943.92,2820.98,2896.78,55912516
2019-08-17,2904.94,2935.03,2888.97,2901.13,54572707
2019-08-18,2788.25,2793.39,2771.77,2784.97,128498800
2019-08-19,2777.9,2783.77,2714.83,2766.74,85996338
2019-08-20,2794.87,2826.27,2790.28,2809.9,72306682
2019-08-21,2809.73,2869.42,2756.82,2774.87,133168033
2019-08-22,2742.82,2759.98,2707.95,2745.86,57149414
2019-08-23,2682.64,2703.98,2620.24,2689.81,73182135
2019-08-24,2624.9,2670.93,2604.51,2653.94,80618761
2019-08-25,2767.55,2778.36,2711.36,2715.79,79466927
2019-08-26,2732.3,2751.39,2697.71,2733.33,95952041
2019-08-27,2708.91,2739.2,2696.07,2730.95,150529141
2019-08-28,2776.74,2839.03,2748.18,2769.82,66562133
2019-08-29,2682.72,2774.76,2679.45,2740.58,148132187
2019-08-30,2727.27,2756.13,2695.93,2709.44,101491319
2019-08-31,2694.03,2742.85,2656.3,2689.67,84704968
2019-09-01,2675.74,2717.79,2659.99,2667.91,143346443
2019-09-02,2663.41,2697.67,2660.11,2696.72,158863589
2019-09-03,2699.47,2732.4,2629.79,2703.7,78712789
2019-09-04,2674.73,2732.7,2635.45,2706.62,124214990
2019-09-05,2740.5,2747.63,2735.64,2738.95,62646681
2019-09-06,2812.09,2823.98,2784.42,2815.44,185566067
2019-09-07,2804.43,2822.87,2778.57,2812.76,71494287
2019-09-08,2929.9,2946.08,2737.26,2820.6,152572457
2019-09-09,2810.6,2831.46,2800.72,2817.28,70488327
2019-09-10,2856.64,2862.1,2849.57,2859.71,98478341
2019-09-11,2883.6,2895.11,2866.59,2888.08,148974823
2019-09-12,2949.26,2959.7,2912.92,2928.47,62474501
2019-09-13,2831.87,2846.44,2824.4,2839.19,104558678
2019-09-14,2868.47,2886.99,2809.49,2884.97,169236229
2019-09-15,2881.97,2905.0,2881.04,2883.51,101390995
2019-09-16,2915.78,2999.37,2909.07,2956.09,120063375
2019-09-17,3054.02,3090.27,2980.04,3011.5,82527494
2019-09-18,2968.71,2977.67,2870.17,2958.47,84183856
2019-09-19,2905.11,2968.4,2900.58,2940.36,130301230
2019-09-20,3030.66,3082.22,3002.3,3044.98,173256257
2019-09-21,3168.81,3173.49,3125.43,3143.65,85258002
2019-09-22,3014.59,3055.16,3007.44,3041.68,183343893
2019-09-23,2974.88,3095.87,2948.29,3040.46,67098740
2019-09-24,2961.01,2968.34,2924.47,2956.55,175466836
2019-09-25,3020.66,3041.07,3009.03,3027.22,111136591
2019-09-26,3021.76,3028.07,3009.84,3016.98,98494174
2019-09-27,2995.78,3028.83,2978.63,2997.21,59010373
2019-09-28,3013.97,3014.96,2984.79,3011.49,66951846
2019-09-29,2937.68,2990.76,2919.23,2978.71,149652060
2019-09-30,2996.44,3045.33,2989.1,3017.12,138841253
2019-10-01,3033.37,3047.32,2995.96,3015.76,78262805
2019-10-02,2904.15,2908.44,2903.72,2905.65,197449214
2019-10-03,2853.81,2894.55,2842.87,2875.09,164155781
2019-10-04,2849.16,2913.19,2842.43,2866.17,92261692
2019-10-05,2887.16,2938.39,2820.15,2899.25,142726505
2019-10-06,2909.04,2936.64,2882.09,2909.48,150878197
2019-10-07,2961.91,2990.01,2939.96,2964.56,94329203
2019-10-08,2962.01,2992.7,2925.51,2946.88,154785074
2019-10-09,2899.82,2908.65,2892.68,2904.27,151125859
2019-10-10,2926.42,2945.55,2906.91,2921.47,66199274
2019-10-11,2917.29,2924.36,2909.21,2911.91,127217660
2019-10-12,3053.46,3060.44,2970.88,2976.74,132404134
2019-10-13,2827.19,2891.08,2801.36,2882.66,98835015
2019-10-14,2826.75,2878.11,2812.86,2875.49,106704092
2019-10-15,3004.95,3007.17,2937.44,2952.58,113513701
2019-10-16,2873.27,2975.89,2859.42,2946.89,106408430
2019-10-17,2964.04,2990.43,2941.63,2984.59,125384039
2019-10-18,2939.53,2952.55,2939.0,2952.22,143439584
2019-10-19,2945.93,3090.11,2944.22,3033.65,173163769
2019-10-20,3016.28,3085.15,3007.58,3035.23,144781358
2019-10-21,3144.41,3150.62,3002.78,3026.77,91370903
2019-10-22,3123.28,3155.44,3046.91,3104.32,94859623
2019-10-23,3183.82,3185.73,3155.73,3164.58,138782237
2019-10-24,3140.61,3146.95,3121.44,3137.08,160220447
2019-10-25,3154.82,3162.0,3127.32,3128.47,142521752
2019-10-26,3177.02,3284.16,3135.16,3176.83,112709490
2019-10-27,3137.67,3141.13,3129.59,3129.81,109878130
2019-10-28,3090.28,3169.71,3067.43,3084.81,72338033
2019-10-29,3133.53,3139.96,3082.79,3098.79,53021240
2019-10-30,3083.12,3100.58,3071.3,3094.21,110400629
2019-10-31,3073.42,3082.48,3038.58,3054.42,105489915
2019-11-01,3141.44,3157.82,3085.9,3109.72,68610497
2019-11-02,3183.17,3195.69,3121.43,3127.29,154685394
2019-11-03,3129.19,3137.29,3046.64,3082.33,60000975
2019-11-04,2957.8,2985.97,2954.21,2981.15,82801970
2019-11-05,2913.11,3078.83,2839.05,2946.76,65957036
2019-11-06,3045.12,3067.0,3014.26,3021.58,167276426
2019-11-07,2956.88,3003.39,2929.84,2989.02,155575862
2019-11-08,3058.27,3088.08,3039.85,3060.69,126214801
2019-11-09,3045.85,3067.74,3022.24,3042.69,110204868
2019-11-10,3049.07,3063.18,2984.61,3009.33,150814465
2019-11-11,3005.35,3010.29,3003.7,3009.86,116139928
2019-11-12,3057.03,3096.26,3022.31,3054.5,62875891
2019-11-13,2953.9,3080.57,2938.06,3012.48,164950428
2019-11-14,3021.51,3115.13,3010.27,3084.95,81396017
2019-11-15,3054.7,3070.46,3023.31,3067.91,148797399
2019-11-16,2970.31,2975.74,2951.23,2957.4,170102211
2019-11-17,2995.29,3008.22,2984.77,2991.85,114735631
2019-11-18,2990.68,3027.87,2971.79,2972.65,74683063
2019-11-19,2928.41,2929.14,2864.0,2922.42,76496623
2019-11-20,3001.64,3026.27,2809.46,2950.25,145873987
2019-11-21,2841.77,2869.06,2805.98,2849.46,103374433
2019-11-22,2876.52,2901.4,2826.64,2881.85,99260785
2019-11-23,2895.74,2903.01,2892.86,2902.32,76851361
2019-11-24,3029.41,3044.88,3009.13,3022.01,94005309
2019-11-25,2926.79,3058.03,2901.34,3033.01,86932302
2019-11-26,2994.29,3008.95,2970.15,2982.46,145526649
2019-11-27,3091.79,3117.98,3001.93,3019.75,148126394
2019-11-28,2976.34,2992.39,2972.72,2988.7,150741409
2019-11-29,2910.83,2955.99,2894.88,2929.34,127385894
2019-11-30,2949.45,2956.22,2946.59,2948.96,86362159
2019-12-01,2916.16,2925.18,2905.05,2921.32,160949649
2019-12-02,2918.86,2961.76,2912.49,2945.91,76390400
2019-12-03,2954.1,2974.54,2926.54,2950.84,81652911
2019-12-04,2949.79,2973.11,2926.71,2971.36,129670774
2019-12-05,2917.78,2935.83,2894.2,2930.49,106341114
2019-12-06,2968.41,2986.23,2953.01,2982.36,100550456
2019-12-07,2940.37,2969.58,2883.1,2924.42,95781412
2019-12-08,2889.08,2918.73,2884.02,2895.1,119823300
2019-12-09,2809.76,2873.4,2800.17,2801.72,137518486
2019-12-10,2668.42,2815.18,2654.97,2746.85,87703758
2019-12-11,2695.76,2735.31,2661.82,2731.85,117545471
2019-12-12,2784.14,2810.64,2733.5,2795.11,79658535
2019-12-13,2793.74,2812.05,2762.68,2790.19,116792969
2019-12-14,2807.93,2814.88,2752.5,2799.75,143502429
2019-12-15,2887.44,2953.53,2822.83,2833.31,67158015
2019-12-16,2785.91,2857.76,2781.37,2804.16,122564152
2019-12-17,2728.91,2793.49,2722.31,2771.6,75393563
2019-12-18,2744.85,2762.71,2720.7,2751.07,126317751
2019-12-19,2721.31,2736.74,2715.38,2727.76,140988709
2019-12-20,2707.29,2721.37,2685.37,2717.42,64015960
2019-12-21,2774.87,2816.41,2756.31,2764.86,88007009
2019-12-22,2764.94,2764.97,2743.2,2748.53,64610256
2019-12-23,2718.25,2720.27,2698.93,2709.84,97098545
2019-12-24,2648.03,2649.7,2627.52,2648.76,153892265
2019-12-25,2628.12,2670.75,2618.67,2665.19,63661150
2019-12-26,2626.54,2665.64,2619.38,2662.25,102001292
2019-12-27,2606.15,2687.96,2585.59,2618.76,167515560
2019-12-28,2629.57,2652.91,2542.48,2613.73,98473553
2019-12-29,2685.33,2688.01,2605.88,2622.28,86674116
