Date,Open,High,Low,Close,Volume
2010-01-01,40.4,40.66,40.1,40.24,158769389
2010-01-02,40.25,40.53,39.29,39.88,149360874
2010-01-03,39.81,39.84,39.72,39.72,73317454
2010-01-04,39.99,40.24,38.8,39.87,85164148
2010-01-05,39.45,39.48,39.32,39.4,157170246
2010-01-06,39.84,40.21,39.36,39.45,74832508
2010-01-07,39.01,39.04,38.73,38.88,67419405
2010-01-08,39.21,39.3,39.08,39.17,158330800
2010-01-09,38.3,38.71,37.89,38.64,60806811
2010-01-10,38.92,39.5,38.6,38.76,129970000
2010-01-11,38.9,39.01,38.72,38.83,81579031
2010-01-12,38.32,38.73,38.27,38.56,110343700
2010-01-13,38.89,39.04,38.38,38.85,147577869
2010-01-14,38.27,39.0,38.16,38.24,114598426
2010-01-15,38.64,38.77,38.55,38.71,120047034
2010-01-16,38.9,39.09,38.62,38.72,54568216
2010-01-17,38.96,38.97,38.23,38.74,141016640
2010-01-18,38.49,38.62,38.17,38.48,134962736
2010-01-19,38.13,38.49,38.01,38.18,118948655
2010-01-20,38.08,38.14,37.86,38.02,52600890
2010-01-21,38.11,38.31,38.05,38.07,125766931
2010-01-22,37.62,38.09,37.54,37.85,146863884
2010-01-23,38.93,39.19,38.67,38.68,76009796
2010-01-24,38.73,38.81,38.36,38.57,52745552
2010-01-25,38.3,38.74,38.08,38.59,144160105
2010-01-26,38.53,38.55,38.5,38.52,82298390
2010-01-27,38.71,38.72,37.74,38.47,91071034
2010-01-28,39.37,39.48,39.22,39.32,158405962
2010-01-29,39.54,39.84,39.24,39.83,106923528
2010-01-30,39.73,39.91,39.3,39.42,57740552
2010-01-31,37.53,39.86,37.41,39.48,70814773
2010-02-01,39.54,39.97,39.46,39.47,76540978
2010-02-02,39.58,39.92,39.57,39.67,146387609
2010-02-03,39.41,39.52,39.27,39.52,79803575
2010-02-04,39.42,39.89,38.67,39.12,106357244
2010-02-05,38.98,39.01,38.37,38.67,63077227
2010-02-06,38.89,38.9,38.21,38.71,94327944
2010-02-07,38.04,38.35,37.93,38.33,63562916
2010-02-08,38.94,39.03,38.69,38.84,163916342
2010-02-09,39.09,39.09,38.85,38.85,81527690
2010-02-10,40.35,40.92,39.88,39.97,90403530
2010-02-11,40.46,40.58,38.88,39.71,79842350
2010-02-12,39.37,40.73,39.09,39.48,147562713
2010-02-13,39.12,39.16,38.61,39.12,113428621
2010-02-14,39.14,39.73,39.13,39.2,70484787
2010-02-15,39.97,40.01,39.33,39.4,66835821
2010-02-16,40.02,40.19,39.72,39.95,160742419
2010-02-17,39.98,40.37,39.61,40.05,144228494
2010-02-18,39.82,40.21,39.78,39.86,68141757
2010-02-19,40.28,40.64,40.08,40.18,142009597
2010-02-20,39.58,39.96,39.3,39.83,62993550
2010-02-21,40.16,40.47,40.12,40.14,98921691
2010-02-22,39.57,40.19,39.45,39.93,59169827
2010-02-23,39.56,40.4,39.51,40.06,118187832
2010-02-24,39.91,40.03,39.65,39.85,99205358
2010-02-25,41.19,41.52,40.08,40.31,63200452
2010-02-26,39.9,40.26,39.83,39.94,94375795
2010-02-27,41.05,41.21,39.64,40.1,55412198
2010-02-28,39.74,40.04,39.51,39.54,133798430
2010-03-01,39.3,39.66,39.12,39.2,149553148
2010-03-02,38.62,38.71,38.43,38.61,140267568
2010-03-03,38.79,39.12,38.77,38.88,67275652
2010-03-04,39.33,39.5,39.2,39.23,153003266
2010-03-05,39.06,39.15,39.01,39.11,56448122
2010-03-06,39.11,39.14,38.95,38.95,108687232
2010-03-07,39.13,39.89,38.95,39.25,120642906
2010-03-08,39.21,39.88,38.85,39.25,109692245
2010-03-09,39.4,39.66,39.25,39.35,60204074
2010-03-10,38.78,40.28,38.77,39.43,103819997
2010-03-11,39.25,39.33,38.93,39.28,92382286
2010-03-12,38.75,39.14,38.62,38.84,113077299
2010-03-13,38.8,39.18,38.79,38.85,84314354
2010-03-14,38.92,39.01,38.6,38.77,125607989
2010-03-15,39.31,39.82,38.39,38.78,104677727
2010-03-16,39.59,39.76,39.01,39.4,166734007
2010-03-17,39.55,41.15,39.5,39.73,146751486
2010-03-18,39.46,39.49,39.35,39.47,149795064
2010-03-19,39.81,40.53,39.35,40.05,167648607
2010-03-20,40.28,40.31,40.03,40.29,147900493
2010-03-21,40.1,40.76,39.61,40.35,145387558
2010-03-22,40.3,40.5,40.04,40.36,109203062
2010-03-23,40.53,41.33,40.04,40.91,108594939
2010-03-24,40.96,41.04,40.84,40.94,100444239
2010-03-25,39.74,41.12,39.63,40.36,78014372
2010-03-26,39.9,40.08,39.88,39.92,100500651
2010-03-27,39.54,40.44,39.12,40.04,136991888
2010-03-28,39.59,39.77,39.42,39.71,149478737
2010-03-29,39.85,39.89,39.39,39.44,156790393
2010-03-30,39.24,39.81,39.23,39.62,129631539
2010-03-31,39.76,39.99,39.3,39.61,147214778
2010-04-01,39.78,39.85,39.34,39.52,112091042
2010-04-02,39.72,40.11,39.41,39.78,121478727
2010-04-03,40.32,40.37,40.1,40.27,133436160
2010-04-04,40.26,40.51,39.7,39.74,114032225
2010-04-05,39.79,40.36,39.69,39.8,146127206
2010-04-06,39.74,39.75,39.57,39.64,82503877
2010-04-07,39.19,39.41,39.01,39.16,162030427
2010-04-08,39.59,39.98,39.55,39.56,57440166
2010-04-09,39.57,40.27,39.39,39.89,127642759
2010-04-10,39.89,39.96,39.61,39.9,115949540
2010-04-11,41.22,41.84,40.79,40.88,80980248
2010-04-12,40.06,40.16,40.05,40.12,91224776
2010-04-13,40.18,40.23,39.81,40.07,58038942
2010-04-14,40.39,40.48,39.92,40.29,153889971
2010-04-15,41.29,41.48,40.45,41.05,95728827
2010-04-16,40.38,41.56,40.33,40.6,143871995
2010-04-17,40.89,41.09,40.36,41.09,71365100
2010-04-18,40.39,40.87,40.37,40.76,127204491
2010-04-19,40.8,40.97,40.48,40.96,128248972
2010-04-20,41.09,41.49,40.92,41.22,78205958
2010-04-21,42.57,42.6,41.17,42.05,140149768
2010-04-22,41.8,42.56,40.87,41.9,118078231
2010-04-23,41.55,41.81,40.97,41.77,93979865
2010-04-24,41.67,41.88,41.54,41.67,102827582
2010-04-25,41.19,41.48,40.46,41.37,159527579
2010-04-26,41.58,41.61,40.94,41.26,67202353
2010-04-27,40.58,40.69,40.57,40.65,123377271
2010-04-28,40.56,40.89,40.43,40.52,153856296
2010-04-29,41.17,41.19,41.13,41.17,144096467
2010-04-30,41.21,41.23,40.91,41.11,87909982
2010-05-01,41.52,41.77,41.17,41.37,134411191
2010-05-02,41.02,41.42,40.68,41.35,56262997
2010-05-03,41.54,41.82,41.49,41.75,131929506
2010-05-04,42.09,42.22,41.81,41.82,58078958
2010-05-05,42.05,42.44,41.82,42.03,137765349
2010-05-06,42.93,43.08,42.67,42.96,117023467
2010-05-07,42.71,43.0,42.3,42.74,149537842
2010-05-08,42.64,42.7,42.64,42.67,124173023
2010-05-09,44.03,44.04,42.93,43.22,56780703
2010-05-10,42.08,42.63,41.97,42.61,92552519
2010-05-11,42.71,42.87,42.35,42.77,67104376
2010-05-12,42.55,43.11,42.42,42.76,113237106
2010-05-13,43.23,43.26,43.06,43.23,76107061
2010-05-14,43.27,43.55,43.18,43.55,148245033
2010-05-15,44.06,44.15,43.61,44.02,121320715
2010-05-16,44.05,44.3,43.96,43.96,136221015
2010-05-17,43.91,44.03,43.8,43.88,81654375
2010-05-18,43.68,43.77,43.47,43.72,66076202
2010-05-19,44.14,44.29,43.33,43.94,62088628
2010-05-20,43.65,43.99,43.41,43.98,142459072
2010-05-21,44.11,44.39,43.93,44.31,63751103
2010-05-22,44.53,44.89,44.22,44.68,95840188
2010-05-23,44.61,44.82,44.5,44.73,92161242
2010-05-24,45.47,45.68,45.15,45.19,119717136
2010-05-25,45.67,45.83,44.61,45.31,134386686
2010-05-26,46.46,46.85,45.76,45.91,82433399
2010-05-27,45.84,45.89,45.6,45.63,109148661
2010-05-28,45.56,45.81,44.81,45.39,71994240
2010-05-29,44.21,45.87,43.96,45.18,111176696
2010-05-30,44.82,45.14,44.1,45.12,147905680
2010-05-31,45.93,45.99,45.54,45.67,121600745
2010-06-01,44.74,45.0,44.31,44.83,105815053
2010-06-02,44.31,44.93,44.24,44.53,131118613
2010-06-03,44.88,45.12,44.45,44.68,123891554
2010-06-04,44.51,44.82,44.39,44.52,137891503
2010-06-05,44.55,44.85,44.44,44.59,53274502
2010-06-06,45.65,45.7,44.46,44.99,150802292
2010-06-07,44.17,44.6,43.51,44.27,96936237
2010-06-08,44.89,44.93,44.49,44.69,79564941
2010-06-09,44.9,44.93,44.44,44.71,72735628
2010-06-10,44.6,44.85,44.03,44.4,78343033
2010-06-11,44.12,45.39,43.56,44.43,99008674
2010-06-12,43.6,43.95,43.21,43.74,148219835
2010-06-13,44.19,44.42,44.17,44.39,106563347
2010-06-14,43.77,44.06,43.76,43.78,154958544
2010-06-15,43.73,43.77,43.52,43.64,85687736
2010-06-16,43.32,43.39,42.95,43.22,78787275
2010-06-17,43.46,43.54,43.21,43.45,115088363
2010-06-18,44.19,44.22,42.83,43.89,161917455
2010-06-19,43.72,43.97,43.27,43.83,50809454
2010-06-20,44.2,45.38,43.3,44.49,73718949
2010-06-21,44.3,45.09,44.0,44.28,60224186
2010-06-22,44.18,44.22,44.13,44.17,71034154
2010-06-23,43.38,43.67,42.89,43.27,169869549
2010-06-24,42.77,42.84,42.66,42.66,102540849
2010-06-25,42.47,43.0,42.11,42.96,100977572
2010-06-26,42.64,42.82,42.58,42.82,58602749
2010-06-27,42.2,43.3,42.2,42.45,56484138
2010-06-28,42.3,42.53,42.09,42.09,83950232
2010-06-29,41.7,42.1,41.69,41.72,114826991
2010-06-30,41.89,42.48,41.51,41.87,86807201
2010-07-01,42.22,42.52,42.03,42.07,122764486
2010-07-02,42.88,43.08,42.78,42.87,108754167
2010-07-03,42.84,42.99,42.68,42.72,142883855
2010-07-04,42.93,42.95,42.89,42.91,98832419
2010-07-05,42.87,43.34,42.86,42.9,143749138
2010-07-06,42.94,42.98,42.76,42.84,116889882
2010-07-07,42.7,42.89,42.17,42.7,100478077
2010-07-08,42.26,43.8,42.21,43.24,74808166
2010-07-09,43.19,43.36,43.1,43.27,78347375
2010-07-10,44.11,44.66,43.97,44.09,67685392
2010-07-11,44.0,44.65,43.65,44.24,99632814
2010-07-12,44.42,44.44,44.27,44.36,91566787
2010-07-13,44.01,44.41,43.6,43.81,124379871
2010-07-14,43.97,44.08,43.86,43.91,84942891
2010-07-15,44.66,45.12,44.15,44.32,103961149
2010-07-16,43.58,44.73,43.18,44.09,127087444
2010-07-17,44.93,45.36,44.37,44.58,126956223
2010-07-18,44.34,44.99,44.14,44.67,76821268
2010-07-19,44.46,44.49,44.4,44.42,99821455
2010-07-20,45.14,45.42,45.09,45.18,142076308
2010-07-21,44.39,45.0,43.86,44.76,152500981
2010-07-22,45.46,45.77,45.03,45.07,133238029
2010-07-23,45.58,45.72,44.83,45.39,100662625
2010-07-24,46.34,46.36,46.02,46.09,117780995
2010-07-25,45.49,45.64,45.27,45.59,123770634
2010-07-26,45.59,45.77,44.41,44.97,152796945
2010-07-27,46.29,46.42,45.67,45.98,66938870
2010-07-28,45.97,46.04,44.85,45.48,112943968
2010-07-29,45.07,45.65,44.54,45.47,64234416
2010-07-30,45.79,45.94,45.28,45.86,118877791
2010-07-31,45.86,45.86,44.86,45.18,130579042
2010-08-01,44.91,45.44,44.02,44.54,71404003
2010-08-02,44.39,44.6,44.01,44.26,134898233
2010-08-03,45.15,45.16,44.28,44.91,60716610
2010-08-04,46.29,46.31,44.66,45.16,115260619
2010-08-05,45.19,45.33,44.04,44.91,55417715
2010-08-06,45.07,45.08,45.07,45.08,77236578
2010-08-07,44.59,45.05,44.49,44.97,144384205
2010-08-08,44.12,44.3,43.53,44.02,179571190
2010-08-09,44.0,44.13,43.97,44.06,89614711
2010-08-10,44.0,44.34,44.0,44.02,103164378
2010-08-11,44.51,44.58,44.17,44.36,154401787
2010-08-12,43.73,44.12,43.25,43.86,86936359
2010-08-13,44.02,44.12,43.28,43.98,70798587
2010-08-14,43.89,44.11,43.61,43.8,106527833
2010-08-15,44.03,44.19,43.68,43.94,81829740
2010-08-16,44.78,44.81,43.94,44.11,135244513
2010-08-17,44.04,44.75,43.94,44.44,110775707
2010-08-18,43.93,44.26,43.5,43.84,168891222
2010-08-19,43.03,43.73,43.03,43.24,152173120
2010-08-20,44.31,44.44,43.83,44.14,79491638
2010-08-21,44.18,44.44,43.56,44.1,97019431
2010-08-22,44.56,45.59,44.28,44.43,143847944
2010-08-23,44.38,44.42,44.04,44.14,115304621
2010-08-24,44.31,45.31,44.26,44.93,170673208
2010-08-25,45.52,45.6,45.17,45.47,155676844
2010-08-26,45.84,46.06,45.68,45.79,92144251
2010-08-27,45.61,46.2,45.55,45.95,101097041
2010-08-28,46.54,46.6,46.35,46.48,67739251
2010-08-29,45.93,45.98,45.8,45.98,138131641
2010-08-30,46.13,46.39,46.03,46.24,148739477
2010-08-31,46.83,47.26,45.68,46.37,91134677
2010-09-01,46.7,47.24,46.5,46.9,73610390
2010-09-02,47.54,48.27,47.42,47.46,152173350
2010-09-03,46.45,46.55,45.86,46.22,93902765
2010-09-04,46.32,46.93,46.21,46.47,111930771
2010-09-05,46.81,47.0,46.57,46.69,60150249
2010-09-06,47.39,47.58,46.67,47.45,93281352
2010-09-07,46.96,47.45,46.92,47.22,100778380
2010-09-08,47.48,47.84,46.94,47.32,61498839
2010-09-09,47.85,48.51,47.57,47.59,109163310
2010-09-10,48.45,48.6,47.67,48.09,64770286
2010-09-11,47.43,48.78,46.46,47.92,128016217
2010-09-12,47.9,48.24,47.41,47.84,150373107
2010-09-13,47.53,47.79,46.04,47.13,111960902
2010-09-14,47.35,47.83,47.1,47.45,156110873
2010-09-15,47.89,47.93,47.51,47.85,62987110
2010-09-16,47.59,49.4,47.26,48.18,119013109
2010-09-17,48.18,48.74,47.72,48.63,95328664
2010-09-18,48.54,48.63,47.91,48.23,160218067
2010-09-19,49.31,49.32,48.14,48.72,101604407
2010-09-20,48.46,49.55,48.46,49.02,65290565
2010-09-21,49.5,50.17,49.41,49.47,141805394
2010-09-22,49.54,49.68,49.4,49.57,114289545
2010-09-23,49.42,49.98,49.13,49.66,102882905
2010-09-24,49.43,50.23,49.11,49.3,152432681
2010-09-25,50.34,50.56,49.94,50.36,75601689
2010-09-26,51.07,51.36,50.24,50.56,130242304
2010-09-27,50.27,50.76,49.96,50.12,148618059
2010-09-28,49.88,50.42,49.81,50.3,60450445
2010-09-29,50.64,50.7,50.46,50.63,85385756
2010-09-30,50.58,51.0,50.11,50.75,88394598
2010-10-01,50.38,50.99,50.09,50.83,75609817
2010-10-02,52.11,52.2,51.15,51.52,73350376
2010-10-03,50.94,51.64,50.88,51.04,141981288
2010-10-04,51.95,52.15,51.46,51.77,141415948
2010-10-05,50.31,50.67,50.13,50.55,142737201
2010-10-06,49.9,50.36,49.19,49.32,125657823
2010-10-07,49.07,49.72,48.87,49.24,55779147
2010-10-08,49.74,50.44,49.33,49.45,78914194
2010-10-09,49.61,49.65,49.46,49.57,151928413
2010-10-10,50.29,50.74,49.82,50.26,81152101
2010-10-11,49.96,50.22,49.56,49.96,68956260
2010-10-12,50.31,50.41,50.3,50.32,158573758
2010-10-13,50.83,51.15,50.38,50.71,144954467
2010-10-14,50.92,51.16,50.75,51.1,116065965
2010-10-15,50.64,50.93,50.5,50.54,138363713
2010-10-16,49.67,50.16,49.14,49.87,73387345
2010-10-17,49.11,49.88,48.88,49.47,63375992
2010-10-18,49.78,49.83,49.63,49.74,127400975
2010-10-19,49.31,49.48,49.14,49.23,69942108
2010-10-20,49.64,49.94,49.4,49.44,105184946
2010-10-21,49.72,49.77,49.26,49.49,70313737
2010-10-22,49.42,49.57,49.31,49.47,126235644
2010-10-23,49.47,49.49,48.8,49.41,109656252
2010-10-24,49.26,49.51,48.92,49.35,136363351
2010-10-25,49.57,49.57,49.45,49.47,110451464
2010-10-26,50.01,50.04,48.95,49.74,103162620
2010-10-27,50.19,50.61,49.54,50.07,140888170
2010-10-28,49.24,49.48,49.09,49.26,137502031
2010-10-29,49.94,50.14,49.34,49.76,148087620
2010-10-30,49.36,49.51,49.26,49.36,99759759
2010-10-31,49.41,50.54,48.37,49.14,58170737
2010-11-01,49.55,49.92,49.23,49.4,63884612
2010-11-02,49.36,49.56,48.58,49.11,105307162
2010-11-03,48.01,48.46,48.01,48.06,83985573
2010-11-04,48.36,48.97,48.28,48.54,64172339
2010-11-05,49.33,49.34,48.79,49.09,97364787
2010-11-06,49.3,49.51,49.12,49.32,61801094
2010-11-07,49.84,50.1,49.81,49.91,100342608
2010-11-08,50.43,50.43,50.16,50.43,119073412
2010-11-09,49.66,49.67,49.41,49.67,150256094
2010-11-10,49.34,49.89,48.94,49.6,129933606
2010-11-11,49.28,49.9,49.19,49.39,87921967
2010-11-12,49.73,50.04,49.34,49.52,64767145
2010-11-13,50.57,50.75,50.44,50.6,119351423
2010-11-14,49.99,50.42,49.82,50.2,86794486
2010-11-15,49.33,49.61,49.31,49.49,61438442
2010-11-16,50.41,50.79,49.77,50.1,73203244
2010-11-17,51.13,51.22,50.44,50.96,81183484
2010-11-18,51.77,51.93,50.02,50.95,136862234
2010-11-19,50.0,51.09,49.89,50.44,59811575
2010-11-20,50.52,51.23,49.95,50.38,58119072
2010-11-21,49.78,49.99,49.69,49.85,125515755
2010-11-22,48.25,48.36,48.08,48.21,196762921
2010-11-23,47.68,48.42,47.57,48.07,84442725
2010-11-24,48.23,48.47,47.98,48.35,66026986
2010-11-25,48.96,49.06,48.62,48.96,87597174
2010-11-26,49.12,49.23,48.81,48.91,51709843
2010-11-27,49.19,50.06,48.93,49.36,90018340
2010-11-28,49.33,50.55,49.24,49.4,89398333
2010-11-29,48.98,50.04,48.91,49.88,76287192
2010-11-30,50.45,50.75,49.85,50.12,65589906
2010-12-01,49.72,49.8,49.56,49.59,82687828
2010-12-02,50.12,50.19,49.23,49.68,82383024
2010-12-03,50.17,50.37,50.07,50.15,131090723
2010-12-04,50.8,52.06,50.35,50.8,67148731
2010-12-05,50.83,51.02,50.53,50.82,104503043
2010-12-06,51.57,51.68,51.09,51.34,58731180
2010-12-07,50.75,51.01,50.68,50.8,73842593
2010-12-08,50.62,51.38,49.89,50.53,157018340
2010-12-09,50.21,50.79,50.15,50.47,63190531
2010-12-10,50.45,50.69,49.94,50.4,82356366
2010-12-11,49.63,49.98,49.56,49.61,165777324
2010-12-12,49.01,49.06,48.99,49.02,59310463
2010-12-13,49.63,50.25,49.27,49.4,71469063
2010-12-14,49.56,50.02,49.31,49.94,80599632
2010-12-15,49.6,49.67,49.13,49.62,129049875
2010-12-16,50.26,50.37,49.45,49.96,111619234
2010-12-17,50.19,50.7,49.3,50.34,73381057
2010-12-18,50.22,50.24,49.62,50.18,116429994
2010-12-19,50.1,50.39,49.76,50.16,71061774
2010-12-20,49.41,50.1,49.06,49.85,150130145
2010-12-21,50.49,50.63,49.71,50.01,126082637
2010-12-22,49.69,50.0,49.46,49.95,119367394
2010-12-23,49.75,49.75,49.23,49.51,63035887
2010-12-24,49.37,49.89,48.53,49.77,99651917
2010-12-25,49.59,49.78,49.23,49.7,116143759
2010-12-26,50.46,50.64,49.44,49.64,78195639
2010-12-27,50.2,50.9,49.94,50.3,101872081
2010-12-28,50.53,50.75,49.75,50.37,143890066
2010-12-29,51.0,51.37,49.59,49.85,72374883
2010-12-30,50.55,50.6,49.82,50.02,80895994
2010-12-31,49.35,49.98,49.09,49.09,92991035
2011-01-01,49.58,50.38,49.34,49.79,127911204
2011-01-02,50.25,50.47,49.58,49.79,139610330
2011-01-03,49.84,50.16,49.67,50.08,145956796
2011-01-04,51.32,51.32,50.9,51.07,74353841
2011-01-05,50.95,51.54,50.04,51.46,159195669
2011-01-06,51.89,51.96,51.21,51.79,114444910
2011-01-07,50.89,51.46,50.7,50.79,64380199
2011-01-08,51.35,51.37,51.31,51.36,93308349
2011-01-09,52.83,52.92,51.04,51.8,124024384
2011-01-10,51.95,52.07,51.62,51.76,59199848
2011-01-11,52.09,52.39,50.59,51.59,136840949
2011-01-12,52.15,52.47,51.64,51.76,92243190
2011-01-13,51.0,51.12,50.66,50.71,62847298
2011-01-14,50.57,51.3,50.07,51.17,147275026
2011-01-15,49.42,51.28,49.32,50.51,81312725
2011-01-16,49.86,50.54,49.14,49.84,95994633
2011-01-17,50.27,51.19,50.08,50.83,149814398
2011-01-18,50.88,51.35,50.74,50.91,104909815
2011-01-19,51.48,51.79,51.25,51.42,87126166
2011-01-20,52.17,52.45,51.58,51.65,71225871
2011-01-21,52.45,52.87,52.2,52.49,145263000
2011-01-22,52.82,53.63,51.45,52.67,154864486
2011-01-23,53.22,53.46,52.38,52.74,129754839
2011-01-24,52.61,53.1,52.5,52.82,62003997
2011-01-25,53.19,53.63,52.76,53.1,145352831
2011-01-26,53.29,53.37,52.86,52.9,64653093
2011-01-27,52.62,53.17,52.34,52.62,118252647
2011-01-28,52.82,53.14,52.43,52.83,75982916
2011-01-29,52.77,52.91,52.13,52.81,111143033
2011-01-30,51.23,51.52,51.15,51.21,122631317
2011-01-31,50.75,51.05,50.38,50.63,140569140
2011-02-01,51.64,51.97,51.28,51.39,122309889
2011-02-02,50.32,50.44,50.22,50.35,83126329
2011-02-03,51.02,51.41,50.84,51.29,87266246
2011-02-04,51.24,53.43,50.41,52.5,138357413
2011-02-05,52.33,53.12,51.57,52.25,127921101
2011-02-06,52.23,52.31,51.72,52.15,74932274
2011-02-07,52.05,52.25,52.04,52.19,125509971
2011-02-08,52.55,52.97,52.43,52.44,66404946
2011-02-09,53.85,54.15,53.07,53.35,74464157
2011-02-10,52.43,54.01,52.07,52.89,127726277
2011-02-11,53.05,53.12,52.7,52.94,116921944
2011-02-12,52.51,53.42,52.42,53.28,73166589
2011-02-13,54.05,54.83,53.49,53.86,164217699
2011-02-14,54.02,54.72,53.87,54.23,59348488
2011-02-15,53.93,54.34,53.8,53.94,55730463
2011-02-16,53.62,54.31,53.28,54.04,138653977
2011-02-17,53.2,53.31,52.18,53.25,121109219
2011-02-18,51.43,53.81,51.14,52.52,84456222
2011-02-19,52.1,52.33,51.8,52.23,98757358
2011-02-20,52.3,53.27,51.95,52.9,58475210
2011-02-21,52.32,52.83,52.04,52.78,120889410
2011-02-22,51.91,52.74,51.68,52.25,78245630
2011-02-23,51.35,52.7,51.33,51.74,58639637
2011-02-24,51.5,51.74,51.33,51.51,128663651
2011-02-25,51.4,52.92,51.05,51.51,54643094
2011-02-26,51.3,51.95,50.79,51.46,128268008
2011-02-27,49.95,51.54,49.71,51.17,97425747
2011-02-28,49.36,50.13,48.79,49.82,112065702
2011-03-01,49.78,49.9,49.5,49.54,153907911
2011-03-02,49.98,50.97,49.92,50.09,93221558
2011-03-03,49.78,50.08,49.53,49.97,96152568
2011-03-04,50.43,50.71,50.06,50.43,124388264
2011-03-05,50.79,53.44,50.73,51.49,156612564
2011-03-06,51.83,51.98,51.25,51.71,106258377
2011-03-07,52.17,52.18,51.99,52.12,74295490
2011-03-08,52.69,52.76,52.58,52.64,80461918
2011-03-09,52.5,52.82,52.3,52.37,105526965
2011-03-10,52.42,52.52,51.44,52.09,58873860
2011-03-11,52.23,52.33,51.8,51.99,91288603
2011-03-12,52.13,52.14,51.31,51.76,105407687
2011-03-13,51.39,52.06,51.35,51.59,76062065
2011-03-14,51.38,51.52,50.99,51.39,124225631
2011-03-15,52.66,53.18,52.11,52.7,163418725
2011-03-16,52.58,52.64,52.18,52.44,64854711
2011-03-17,52.25,52.5,51.55,52.16,66299781
2011-03-18,51.9,52.31,51.77,52.11,126451344
2011-03-19,51.74,52.9,51.67,52.14,130225667
2011-03-20,51.64,52.79,51.44,52.1,123634209
2011-03-21,52.53,52.97,52.48,52.56,69596203
2011-03-22,52.24,53.34,51.84,52.15,95030353
2011-03-23,50.66,51.02,50.4,50.63,174078069
2011-03-24,49.97,50.92,49.4,49.96,63347038
2011-03-25,49.4,49.86,49.16,49.67,125513013
2011-03-26,48.82,49.57,48.35,48.7,132927759
2011-03-27,48.59,48.86,48.22,48.55,78971113
2011-03-28,48.75,48.99,48.65,48.72,97416450
2011-03-29,48.97,49.08,47.81,49.03,64897240
2011-03-30,49.5,50.33,49.05,49.6,145051310
2011-03-31,49.87,49.9,49.78,49.86,121013119
2011-04-01,48.85,49.69,48.82,49.49,126243064
2011-04-02,49.95,50.83,49.55,50.13,122405800
2011-04-03,50.38,50.52,50.12,50.45,158031080
2011-04-04,50.49,51.33,50.4,50.65,75608453
2011-04-05,50.6,50.92,50.08,50.43,110744390
2011-04-06,51.21,51.64,50.27,50.36,94311582
2011-04-07,49.88,50.71,49.67,49.93,126739798
2011-04-08,49.78,50.35,49.48,49.79,66222297
2011-04-09,50.23,50.44,50.2,50.25,77584860
2011-04-10,49.96,50.43,49.51,50.27,67002419
2011-04-11,49.53,50.15,49.48,49.92,124644218
2011-04-12,49.42,49.51,49.32,49.47,157138473
2011-04-13,49.68,49.91,48.98,49.49,103638107
2011-04-14,50.12,50.12,49.62,49.67,101661535
2011-04-15,49.21,49.37,48.79,49.0,169817433
2011-04-16,49.05,50.84,48.87,49.48,79097670
2011-04-17,49.96,50.72,49.79,50.21,58326825
2011-04-18,50.45,50.67,50.44,50.61,81348003
2011-04-19,49.69,49.83,49.46,49.63,162531435
2011-04-20,50.06,51.14,49.24,50.25,156766710
2011-04-21,50.42,51.76,50.24,50.89,77157580
2011-04-22,51.44,51.49,50.68,50.7,147092686
2011-04-23,50.72,50.73,50.66,50.73,86206314
2011-04-24,51.22,51.4,49.52,50.58,65471800
2011-04-25,50.93,51.16,50.32,51.0,120886480
2011-04-26,51.2,51.23,51.18,51.22,52727979
2011-04-27,50.88,51.83,50.55,51.08,64236607
2011-04-28,50.67,51.27,50.27,50.88,142286247
2011-04-29,51.14,51.22,51.01,51.02,91020643
2011-04-30,50.65,50.85,50.59,50.63,104773410
2011-05-01,50.68,50.84,50.05,50.49,117646554
2011-05-02,50.7,50.86,50.43,50.78,58762619
2011-05-03,50.46,51.42,50.28,50.32,109441077
2011-05-04,50.47,50.68,50.23,50.29,96318130
2011-05-05,49.23,50.63,48.91,49.59,139325697
2011-05-06,49.84,51.48,49.25,50.09,148361992
2011-05-07,50.13,51.2,49.54,50.75,79616364
2011-05-08,50.42,50.94,49.99,50.61,127524652
2011-05-09,49.51,50.19,49.3,49.74,65434009
2011-05-10,51.11,51.76,50.64,51.32,174730232
2011-05-11,50.16,50.59,49.86,50.17,183904092
2011-05-12,50.42,50.72,50.17,50.53,103932700
2011-05-13,50.12,50.16,49.94,50.01,106804797
2011-05-14,50.09,50.55,49.62,50.01,59959453
2011-05-15,49.05,50.29,49.0,49.48,64501582
2011-05-16,49.55,49.72,49.25,49.33,141349864
2011-05-17,49.0,50.0,48.01,48.73,153079909
2011-05-18,49.52,49.65,49.16,49.34,161629886
2011-05-19,50.22,50.48,49.79,49.99,161631381
2011-05-20,49.87,50.14,49.46,49.89,112917278
2011-05-21,49.18,49.92,49.06,49.68,100555251
2011-05-22,50.36,50.52,49.96,50.06,126631894
2011-05-23,49.87,50.54,49.32,49.94,73994577
2011-05-24,49.69,49.84,49.61,49.65,123536580
2011-05-25,50.01,50.12,49.98,49.99,110097453
2011-05-26,50.87,50.87,50.67,50.8,153968729
2011-05-27,49.38,50.03,49.09,49.65,145327179
2011-05-28,49.71,50.22,49.06,49.99,106761071
2011-05-29,50.73,52.09,50.36,50.82,133009100
2011-05-30,50.79,50.83,50.53,50.76,64362941
2011-05-31,51.15,51.34,50.99,51.09,121828871
2011-06-01,51.69,52.19,51.56,51.97,108167936
2011-06-02,52.53,52.65,52.2,52.32,56793486
2011-06-03,51.96,52.14,51.03,51.89,72358845
2011-06-04,52.73,53.0,52.56,52.77,112441018
2011-06-05,52.67,52.93,52.36,52.91,101984504
2011-06-06,53.21,53.22,52.26,52.89,89285084
2011-06-07,53.32,53.72,52.84,53.67,66903212
2011-06-08,53.14,53.94,53.12,53.84,98600155
2011-06-09,53.55,53.96,53.5,53.67,54221273
2011-06-10,54.41,54.49,53.57,53.7,119690074
2011-06-11,54.39,54.51,54.15,54.44,153762452
2011-06-12,54.37,55.0,54.23,54.61,64832189
2011-06-13,54.72,54.89,54.05,54.24,91360021
2011-06-14,54.16,54.62,53.87,54.13,94612257
2011-06-15,54.65,54.86,54.28,54.3,80700277
2011-06-16,54.53,54.74,54.4,54.51,85443271
2011-06-17,54.01,54.73,53.55,54.01,146234015
2011-06-18,54.23,54.64,53.97,54.28,61908292
2011-06-19,54.6,54.6,54.33,54.45,77324401
2011-06-20,54.26,54.44,54.17,54.22,131762426
2011-06-21,54.9,55.4,54.21,54.65,87099489
2011-06-22,54.23,54.29,54.09,54.21,82586936
2011-06-23,54.25,54.52,54.15,54.33,93709375
2011-06-24,54.04,54.07,53.61,53.82,156953023
2011-06-25,53.65,53.71,52.96,53.52,100951350
2011-06-26,54.79,54.86,54.14,54.57,69528056
2011-06-27,54.8,55.34,54.55,55.03,91447782
2011-06-28,55.96,56.36,55.71,55.79,99612449
2011-06-29,55.59,55.62,54.54,54.64,79215712
2011-06-30,53.97,54.98,53.75,54.22,113695661
2011-07-01,54.62,55.3,54.15,54.61,142457381
2011-07-02,54.87,54.88,54.56,54.56,65020797
2011-07-03,53.9,55.38,53.43,54.22,134085021
2011-07-04,54.77,55.14,54.32,54.57,90595963
2011-07-05,54.08,54.65,54.0,54.47,55260088
2011-07-06,53.56,53.89,53.5,53.76,103429132
2011-07-07,55.36,55.39,54.63,54.91,83691596
2011-07-08,54.35,54.82,53.7,53.85,93284111
2011-07-09,53.71,54.42,53.7,53.88,65631109
2011-07-10,53.06,53.27,52.47,52.94,78135210
2011-07-11,53.39,53.64,53.29,53.33,70089797
2011-07-12,53.13,53.21,52.69,52.91,144003998
2011-07-13,52.78,53.21,52.48,53.0,126532606
2011-07-14,54.22,54.28,53.5,53.61,143656910
2011-07-15,53.05,53.17,52.95,53.13,134960719
2011-07-16,53.32,53.43,52.56,52.91,93252436
2011-07-17,54.28,54.61,53.3,53.43,92273078
2011-07-18,52.97,53.21,52.65,52.82,137087882
2011-07-19,52.55,52.88,52.15,52.77,124245298
2011-07-20,52.93,53.06,52.82,52.85,102161411
2011-07-21,52.37,52.38,52.18,52.25,152368979
2011-07-22,52.49,52.53,51.87,52.41,143897582
2011-07-23,52.51,53.27,52.15,52.18,137334234
2011-07-24,52.22,52.65,51.79,51.97,53324700
2011-07-25,52.24,52.83,50.84,52.27,121106858
2011-07-26,51.41,53.07,51.29,52.53,136799682
2011-07-27,53.3,53.31,52.84,53.06,66411181
2011-07-28,52.89,53.24,52.45,52.95,123163113
2011-07-29,53.17,53.2,52.9,52.93,131528597
2011-07-30,52.65,52.72,51.74,52.44,107095718
2011-07-31,50.84,51.18,50.41,50.85,120748356
2011-08-01,51.16,51.41,50.88,51.25,98097824
2011-08-02,50.22,50.24,49.91,50.12,67445477
2011-08-03,50.62,50.86,49.52,50.18,94868900
2011-08-04,49.74,50.2,49.59,49.76,156895590
2011-08-05,49.98,50.91,49.83,50.21,66465756
2011-08-06,51.34,51.4,50.37,50.62,114771244
2011-08-07,50.7,51.27,50.57,51.21,110969645
2011-08-08,50.55,51.56,50.35,50.87,160112929
2011-08-09,51.12,51.38,50.64,51.03,123708143
2011-08-10,50.88,51.0,50.54,50.83,90802740
2011-08-11,50.41,51.16,50.01,50.64,149621723
2011-08-12,50.27,50.28,49.86,50.1,141037430
2011-08-13,50.63,50.89,49.77,49.91,122435582
2011-08-14,50.13,50.87,49.95,50.61,84288328
2011-08-15,51.67,51.72,51.27,51.45,126659348
2011-08-16,51.96,52.16,51.45,51.47,84585822
2011-08-17,51.68,52.04,50.63,51.39,95018976
2011-08-18,51.39,51.49,50.5,51.11,57864279
2011-08-19,51.66,51.68,50.87,51.59,71412698
2011-08-20,51.39,51.96,51.23,51.75,142258480
2011-08-21,52.22,52.3,51.67,51.74,89421484
2011-08-22,53.31,53.36,51.12,52.41,167744888
2011-08-23,53.65,53.82,52.19,52.85,108405974
2011-08-24,51.8,51.94,51.51,51.67,124268142
2011-08-25,51.49,51.98,51.02,51.76,99496093
2011-08-26,50.88,51.56,50.72,51.29,162956885
2011-08-27,51.26,51.37,51.22,51.23,145138855
2011-08-28,50.82,51.3,50.46,50.84,80278193
2011-08-29,50.74,51.11,50.72,50.91,139376171
2011-08-30,50.97,51.19,50.25,51.18,129210013
2011-08-31,52.47,52.73,50.71,51.84,87395606
2011-09-01,50.62,52.35,50.56,51.78,61846029
2011-09-02,52.87,52.94,52.39,52.63,135398784
2011-09-03,52.72,52.75,52.33,52.68,52556822
2011-09-04,52.28,52.54,51.88,52.39,127984535
2011-09-05,52.99,53.02,52.7,52.81,67910580
2011-09-06,52.4,53.34,51.91,52.96,90929177
2011-09-07,51.4,53.09,51.29,52.24,61700959
2011-09-08,53.62,54.03,52.62,53.26,127852552
2011-09-09,53.51,53.71,52.86,52.96,140507672
2011-09-10,53.03,53.16,52.43,52.79,52960549
2011-09-11,52.03,52.76,51.56,52.4,121748861
2011-09-12,53.06,54.87,52.88,54.15,124802035
2011-09-13,54.93,55.06,54.77,54.81,156447233
2011-09-14,55.1,55.27,54.11,54.55,66983689
2011-09-15,54.23,54.35,53.98,54.02,111999842
2011-09-16,53.64,53.77,53.63,53.73,64461430
2011-09-17,55.66,56.01,54.28,54.38,78878815
2011-09-18,54.21,54.77,54.16,54.27,99245113
2011-09-19,53.5,54.49,53.49,53.96,88369297
2011-09-20,53.94,54.42,53.86,54.12,84772093
2011-09-21,53.56,54.19,53.19,54.06,71568460
2011-09-22,54.18,54.34,54.17,54.33,73490067
2011-09-23,54.17,54.38,53.57,54.25,146162848
2011-09-24,53.57,53.74,52.59,53.18,144703567
2011-09-25,53.4,53.81,53.07,53.6,117958106
2011-09-26,53.16,53.25,53.13,53.18,64253370
2011-09-27,53.08,53.28,53.06,53.24,145014158
2011-09-28,53.83,53.83,53.57,53.7,69435854
2011-09-29,53.45,53.69,52.83,53.18,83370648
2011-09-30,53.0,53.53,52.98,53.13,99614398
2011-10-01,53.93,54.58,53.58,53.78,123925976
2011-10-02,54.0,54.04,53.51,53.69,79569694
2011-10-03,54.26,54.53,54.13,54.43,154018982
2011-10-04,54.53,55.02,54.3,54.66,100910359
2011-10-05,53.65,53.89,53.52,53.71,75256436
2011-10-06,54.31,54.56,54.03,54.48,107743295
2011-10-07,53.65,54.43,53.37,54.04,118469421
2011-10-08,53.78,54.23,53.69,53.81,59370080
2011-10-09,53.55,53.66,53.51,53.66,123075620
2011-10-10,53.5,54.55,53.24,53.81,77382798
2011-10-11,52.57,53.0,52.49,52.76,109483101
2011-10-12,52.4,53.8,52.3,53.22,80710630
2011-10-13,53.2,53.28,52.87,53.13,83423769
2011-10-14,52.88,53.52,51.7,53.06,87319678
2011-10-15,52.69,53.38,52.35,52.89,96537081
2011-10-16,53.02,53.03,52.27,52.39,114738064
2011-10-17,51.85,52.18,51.59,52.04,55229603
2011-10-18,51.5,52.21,51.4,52.12,69149642
2011-10-19,51.95,51.96,50.67,51.91,131980131
2011-10-20,52.3,52.65,52.28,52.53,148186722
2011-10-21,52.66,52.66,52.32,52.5,60126956
2011-10-22,53.38,53.43,52.13,52.95,116118370
2011-10-23,52.9,53.88,52.68,53.02,82374860
2011-10-24,52.49,53.11,52.34,52.86,153937896
2011-10-25,53.39,53.68,50.78,52.98,87396908
2011-10-26,54.19,54.5,53.69,54.22,135954603
2011-10-27,53.29,53.98,53.1,53.9,56358387
2011-10-28,53.69,54.45,53.41,54.14,89237026
2011-10-29,54.16,55.31,53.78,54.57,158142945
2011-10-30,54.93,55.97,54.73,54.84,116126270
2011-10-31,55.2,55.54,54.27,54.96,128629107
2011-11-01,54.53,55.2,53.54,54.84,52847115
2011-11-02,53.57,54.25,52.52,54.14,116074108
2011-11-03,55.05,55.07,55.04,55.05,134376667
2011-11-04,55.04,55.54,55.01,55.31,123756232
2011-11-05,56.43,56.49,55.6,55.91,156451150
2011-11-06,55.13,55.98,54.93,55.72,81774528
2011-11-07,56.62,56.65,55.7,55.76,111641507
2011-11-08,56.07,56.28,56.03,56.03,134989498
2011-11-09,56.51,56.98,56.18,56.52,85061219
2011-11-10,56.67,57.03,55.81,56.49,139489152
2011-11-11,56.43,56.43,55.77,56.29,66734651
2011-11-12,55.26,55.84,54.83,55.58,101966467
2011-11-13,55.57,56.09,54.78,55.06,117673732
2011-11-14,55.23,55.49,54.83,55.17,104913872
2011-11-15,55.66,56.08,55.2,55.89,95244682
2011-11-16,56.45,58.0,55.74,56.99,149387245
2011-11-17,57.22,57.65,57.04,57.52,78323280
2011-11-18,57.05,57.32,57.05,57.23,138356691
2011-11-19,59.31,59.38,57.94,58.29,162685692
2011-11-20,57.16,57.46,56.95,57.03,174426261
2011-11-21,56.51,56.69,55.79,55.83,161902999
2011-11-22,54.85,55.18,54.83,54.93,115039566
2011-11-23,54.31,54.57,53.69,54.1,149740958
2011-11-24,53.0,53.79,52.95,53.69,97505747
2011-11-25,53.4,53.89,53.2,53.65,141575518
2011-11-26,54.26,55.38,53.99,54.06,61478112
2011-11-27,54.64,54.81,54.6,54.63,63224104
2011-11-28,54.8,54.96,54.68,54.8,121140156
2011-11-29,54.6,54.77,54.45,54.58,151973760
2011-11-30,54.37,54.76,53.35,54.3,157418095
2011-12-01,53.99,54.05,53.87,53.98,138823617
2011-12-02,54.19,54.37,54.05,54.25,65118780
2011-12-03,53.53,54.31,53.01,53.85,106445166
2011-12-04,54.19,54.41,53.79,54.11,118043663
2011-12-05,54.71,54.78,52.72,53.94,115539769
2011-12-06,53.81,53.96,53.71,53.77,135261212
2011-12-07,53.72,54.29,53.43,54.0,82199269
2011-12-08,53.38,53.74,53.17,53.51,126814296
2011-12-09,52.75,53.2,52.41,53.17,110847413
2011-12-10,52.74,52.99,52.16,52.7,115232372
2011-12-11,51.74,52.19,51.69,51.78,169423573
2011-12-12,52.2,52.59,51.4,51.58,98527631
2011-12-13,52.47,52.81,52.18,52.54,72047697
2011-12-14,52.84,52.97,52.65,52.71,117469844
2011-12-15,53.84,54.19,53.06,53.29,121403948
2011-12-16,52.89,53.75,52.72,53.26,58958660
2011-12-17,53.65,54.01,52.83,52.99,124818978
2011-12-18,53.01,53.21,52.99,53.12,137695899
2011-12-19,52.84,54.16,52.78,53.54,93239632
2011-12-20,53.58,53.96,52.87,53.32,74505959
2011-12-21,53.11,53.58,52.85,53.03,82302575
2011-12-22,52.0,54.2,51.71,53.17,97698143
2011-12-23,54.1,54.54,53.84,54.16,91684981
2011-12-24,53.92,54.73,52.91,53.89,125739937
2011-12-25,54.44,54.97,54.29,54.55,128618479
2011-12-26,53.98,54.85,53.86,54.33,102758413
2011-12-27,54.75,55.26,54.19,54.42,71313056
2011-12-28,54.74,54.96,53.31,53.97,152916959
2011-12-29,53.48,53.58,53.16,53.18,147256008
2011-12-30,53.05,54.02,52.89,53.72,127169082
2011-12-31,55.19,55.25,55.09,55.23,81132300
2012-01-01,55.76,55.79,55.2,55.67,97040710
2012-01-02,54.5,54.93,54.12,54.89,158077882
2012-01-03,55.53,55.68,55.37,55.65,103853280
2012-01-04,56.7,57.32,55.7,56.27,133303926
2012-01-05,58.05,58.76,57.86,58.24,180998142
2012-01-06,58.6,58.89,58.53,58.56,70488296
2012-01-07,58.35,58.75,57.31,58.29,142423682
2012-01-08,58.69,58.98,58.08,58.89,161461379
2012-01-09,58.96,59.1,58.22,58.49,115081250
2012-01-10,59.23,59.75,59.22,59.35,95047845
2012-01-11,58.2,58.23,58.13,58.16,147118648
2012-01-12,57.93,59.37,57.72,58.39,115345459
2012-01-13,59.28,59.91,57.76,58.63,111792272
2012-01-14,60.86,60.97,60.5,60.74,187095122
2012-01-15,61.22,61.63,61.1,61.17,145084523
2012-01-16,61.91,62.31,61.59,61.91,58376485
2012-01-17,61.77,63.21,61.23,61.25,70729034
2012-01-18,60.6,60.87,60.56,60.81,159372082
2012-01-19,60.33,60.63,60.05,60.41,151136540
2012-01-20,60.28,60.89,60.25,60.57,145069426
2012-01-21,61.16,61.36,59.95,60.18,125959594
2012-01-22,60.61,60.79,59.76,59.94,84469709
2012-01-23,58.83,60.05,58.8,59.87,122038413
2012-01-24,60.1,60.25,59.94,60.02,128947209
2012-01-25,60.05,61.16,59.96,60.35,94457104
2012-01-26,60.13,62.2,59.22,60.52,67572891
2012-01-27,61.07,61.51,60.62,60.8,151294957
2012-01-28,61.53,61.9,60.84,61.49,152870295
2012-01-29,61.34,61.42,60.42,61.03,58202049
2012-01-30,61.87,62.3,60.82,61.75,140775770
2012-01-31,60.96,61.09,60.76,60.83,161147636
2012-02-01,61.04,61.4,60.96,61.3,136737645
2012-02-02,61.12,61.78,60.35,60.86,112113755
2012-02-03,60.8,60.93,60.44,60.59,127288146
2012-02-04,60.4,60.71,59.99,60.33,106708801
2012-02-05,60.26,61.04,59.75,60.55,106132364
2012-02-06,61.84,61.87,60.85,61.07,56931678
2012-02-07,61.74,62.55,61.08,61.12,124247072
2012-02-08,60.96,61.54,60.93,61.32,132517821
2012-02-09,61.01,61.17,60.64,61.04,99905129
2012-02-10,60.96,61.27,60.69,60.97,120156698
2012-02-11,60.74,61.93,60.57,61.03,110568278
2012-02-12,59.93,61.61,59.24,60.57,74626995
2012-02-13,61.18,61.59,59.75,60.98,82193683
2012-02-14,60.19,60.9,59.81,60.46,62099561
2012-02-15,60.83,61.08,60.51,60.53,132820652
2012-02-16,59.04,59.47,58.86,59.42,98472976
2012-02-17,59.03,59.25,58.52,58.54,167721910
2012-02-18,58.94,59.15,58.5,58.64,63720301
2012-02-19,58.93,59.28,58.79,59.05,60672721
2012-02-20,58.75,59.09,58.58,58.93,117286593
2012-02-21,58.65,59.13,57.55,58.07,65302222
2012-02-22,58.39,58.58,58.29,58.52,129642319
2012-02-23,58.11,58.19,57.98,58.0,69856897
2012-02-24,57.32,57.92,56.81,57.54,128958445
2012-02-25,58.8,59.45,58.77,58.83,83400202
2012-02-26,59.02,59.11,58.26,58.66,109671105
2012-02-27,59.0,59.56,58.79,58.89,98101579
2012-02-28,57.97,59.49,57.88,58.45,139741927
2012-02-29,59.72,60.0,58.82,59.2,98878546
2012-03-01,58.46,58.6,58.43,58.48,122580322
2012-03-02,58.45,60.27,57.53,59.13,98064846
2012-03-03,59.58,60.39,59.19,59.57,81394959
2012-03-04,59.01,59.18,58.24,59.1,120947126
2012-03-05,59.65,59.71,59.42,59.55,54554043
2012-03-06,59.32,61.5,59.16,60.18,136147587
2012-03-07,60.55,61.1,59.92,60.6,101190712
2012-03-08,60.84,61.06,60.26,60.79,104131411
2012-03-09,61.25,61.69,60.04,60.78,79181752
2012-03-10,59.87,60.27,59.3,59.98,68405948
2012-03-11,59.13,59.81,59.0,59.45,101424515
2012-03-12,58.75,59.27,58.56,59.12,138969691
2012-03-13,58.57,59.03,57.81,58.4,93833537
2012-03-14,58.56,58.63,58.08,58.44,63036560
2012-03-15,58.58,58.91,58.53,58.56,87111831
2012-03-16,59.13,59.27,58.98,58.99,63934689
2012-03-17,59.3,59.94,58.99,59.61,64978939
2012-03-18,59.67,60.71,59.05,60.5,146647022
2012-03-19,59.6,60.99,59.22,60.32,141138387
2012-03-20,61.32,61.61,60.96,61.09,97025014
2012-03-21,58.43,59.5,58.22,59.22,146946365
2012-03-22,58.82,59.58,58.8,59.05,121458594
2012-03-23,58.86,59.53,58.26,58.46,72541867
2012-03-24,59.49,59.69,59.39,59.6,137692177
2012-03-25,60.89,61.37,60.55,60.92,85087255
2012-03-26,61.24,61.58,60.87,60.99,104656160
2012-03-27,63.09,63.16,62.3,62.51,89491887
2012-03-28,62.07,62.23,61.79,61.93,96402445
2012-03-29,60.71,60.77,59.97,60.6,145422614
2012-03-30,60.68,60.78,60.11,60.28,101647032
2012-03-31,60.03,60.26,59.61,60.02,114176078
2012-04-01,59.87,59.91,59.81,59.88,98270770
2012-04-02,59.37,60.47,59.35,59.87,77497225
2012-04-03,60.24,61.06,59.77,60.02,125285000
2012-04-04,59.08,59.6,58.77,59.54,105349951
2012-04-05,58.78,59.79,58.24,59.41,147623318
2012-04-06,59.36,59.69,58.86,58.94,146337541
2012-04-07,57.71,60.23,57.57,58.86,133769856
2012-04-08,58.82,59.37,58.67,59.12,130224675
2012-04-09,59.12,59.15,58.31,58.71,146149121
2012-04-10,60.49,61.2,60.26,60.41,168018944
2012-04-11,59.82,60.88,59.79,60.5,72896653
2012-04-12,61.74,62.02,61.52,61.55,114656699
2012-04-13,60.73,61.08,60.19,60.97,81249403
2012-04-14,61.72,62.2,61.39,61.53,93086129
2012-04-15,60.73,61.71,59.79,61.42,87833659
2012-04-16,61.02,61.23,60.98,61.02,67687231
2012-04-17,59.13,60.85,58.57,60.29,58437658
2012-04-18,61.26,61.62,61.14,61.17,104860910
2012-04-19,61.89,62.02,61.08,61.25,143682997
2012-04-20,61.21,62.34,61.08,62.29,109039476
2012-04-21,63.66,64.2,62.61,63.48,129267353
2012-04-22,63.89,64.72,63.15,63.27,51707036
2012-04-23,63.37,63.45,62.81,63.24,143724400
2012-04-24,62.94,63.56,62.91,63.2,117048070
2012-04-25,62.89,63.08,62.86,62.95,115675909
2012-04-26,64.32,64.67,62.96,63.5,110995550
2012-04-27,62.88,63.27,62.67,63.13,101090888
2012-04-28,63.33,63.5,63.11,63.38,96155222
2012-04-29,63.14,63.16,62.59,62.97,146969430
2012-04-30,62.35,63.18,61.74,62.83,91954156
2012-05-01,64.23,64.26,61.92,62.8,144194689
2012-05-02,62.53,62.69,61.96,62.17,135911488
2012-05-03,61.41,61.83,61.16,61.52,122651358
2012-05-04,62.14,62.39,61.99,62.18,91609844
2012-05-05,63.49,63.6,62.65,62.86,108020684
2012-05-06,62.95,64.92,62.53,64.03,89290826
2012-05-07,64.26,64.68,63.78,64.18,98148328
2012-05-08,65.64,65.73,65.63,65.68,101173667
2012-05-09,66.49,66.53,65.39,65.72,80299785
2012-05-10,65.01,65.18,64.57,64.74,145222362
2012-05-11,63.64,63.65,63.31,63.39,82999954
2012-05-12,63.41,63.78,62.92,63.53,57726403
2012-05-13,63.7,63.82,63.62,63.78,105928449
2012-05-14,64.54,64.81,63.85,64.4,103451538
2012-05-15,64.38,64.43,64.21,64.4,60187665
2012-05-16,64.89,65.69,64.63,64.91,145456150
2012-05-17,65.05,65.63,64.97,64.99,125779287
2012-05-18,65.55,66.25,65.27,65.71,132090538
2012-05-19,65.64,66.15,65.05,65.52,135753823
2012-05-20,65.87,66.04,65.73,65.78,98557648
2012-05-21,65.95,66.19,65.13,65.86,54942764
2012-05-22,65.93,66.4,64.78,65.94,58041991
2012-05-23,65.47,66.84,64.78,65.92,139185680
2012-05-24,66.78,66.78,65.95,66.28,148994302
2012-05-25,63.52,65.05,63.51,64.81,89866635
2012-05-26,64.09,65.41,63.33,64.33,128842032
2012-05-27,64.72,66.49,64.37,65.21,93627657
2012-05-28,64.87,65.81,64.75,65.02,143892169
2012-05-29,65.09,65.13,65.0,65.04,99074532
2012-05-30,65.39,65.87,65.24,65.45,128237160
2012-05-31,64.22,64.55,63.86,64.12,84255856
2012-06-01,64.58,65.0,64.4,64.9,63209337
2012-06-02,63.9,66.02,63.63,64.28,153136101
2012-06-03,65.35,65.56,64.49,64.62,83805814
2012-06-04,65.15,65.44,64.93,65.0,143049543
2012-06-05,65.5,65.63,65.2,65.45,155677195
2012-06-06,64.74,65.07,64.6,64.66,137850719
2012-06-07,65.29,65.58,65.21,65.27,111821904
2012-06-08,64.35,65.04,63.89,64.73,83327218
2012-06-09,65.48,65.56,65.08,65.16,105782129
2012-06-10,64.18,64.63,64.0,64.42,97786660
2012-06-11,65.8,66.12,65.48,66.12,180765193
2012-06-12,65.42,66.63,65.26,66.15,132965079
2012-06-13,65.92,66.13,65.41,65.85,96339455
2012-06-14,65.6,65.76,65.24,65.49,72636758
2012-06-15,65.85,65.97,64.99,65.95,127145292
2012-06-16,66.83,66.83,66.26,66.53,89005641
2012-06-17,65.84,65.87,64.93,65.81,121415084
2012-06-18,65.88,66.44,65.73,66.29,55311827
2012-06-19,66.79,66.89,66.66,66.72,136503115
2012-06-20,65.95,66.42,65.87,66.2,114577725
2012-06-21,66.98,67.18,66.79,67.04,79069688
2012-06-22,67.46,68.35,66.75,67.67,134682125
2012-06-23,66.77,67.34,66.69,66.95,159389142
2012-06-24,66.8,67.4,65.68,66.38,154395311
2012-06-25,68.89,69.43,67.57,68.21,157558053
2012-06-26,68.11,68.16,68.07,68.07,65517569
2012-06-27,67.7,68.19,67.48,68.18,143145319
2012-06-28,67.87,68.06,67.7,67.99,61586314
2012-06-29,68.06,68.63,67.94,67.96,60093970
2012-06-30,67.74,68.44,67.57,67.9,147547219
2012-07-01,69.04,69.05,68.32,68.5,102556056
2012-07-02,68.28,69.49,68.17,69.21,88685505
2012-07-03,69.07,69.17,68.0,68.66,92271035
2012-07-04,69.61,70.03,69.24,69.69,98981637
2012-07-05,69.46,70.74,69.44,69.69,64427824
2012-07-06,70.44,70.86,70.21,70.57,81064905
2012-07-07,70.12,70.48,69.48,70.29,59797611
2012-07-08,70.47,71.47,70.13,71.11,96112198
2012-07-09,71.7,71.88,71.38,71.85,131677418
2012-07-10,73.12,73.5,73.0,73.2,138583547
2012-07-11,72.9,73.73,72.42,72.62,136468570
2012-07-12,72.16,72.99,71.71,72.39,115604537
2012-07-13,73.36,73.61,73.14,73.33,103586124
2012-07-14,74.65,74.76,71.02,73.03,78412383
2012-07-15,73.11,73.2,72.27,72.45,79263225
2012-07-16,71.92,72.8,71.71,71.99,57099393
2012-07-17,71.2,71.9,70.66,71.38,127542125
2012-07-18,70.87,71.72,70.86,71.35,95597338
2012-07-19,72.13,72.58,71.85,72.28,150457851
2012-07-20,72.2,74.31,71.64,72.67,126158223
2012-07-21,71.52,72.23,71.28,71.89,72637661
2012-07-22,70.81,71.63,70.67,70.99,106185566
2012-07-23,70.53,70.89,68.62,70.11,57135236
2012-07-24,70.54,70.79,69.53,69.91,132846096
2012-07-25,70.27,70.34,68.65,69.41,126150979
2012-07-26,68.84,69.4,68.79,68.95,147840788
2012-07-27,69.26,69.55,69.04,69.28,118178317
2012-07-28,68.33,71.28,68.08,69.86,115651524
2012-07-29,69.77,70.33,69.67,70.3,115780000
2012-07-30,71.2,71.57,71.11,71.36,153810413
2012-07-31,70.85,71.16,70.27,70.55,84666328
2012-08-01,70.03,70.4,70.0,70.29,123323434
2012-08-02,71.71,72.28,70.41,71.57,162839301
2012-08-03,72.73,73.0,72.11,72.24,62487102
2012-08-04,73.35,73.46,71.59,72.8,130820781
2012-08-05,71.74,72.52,71.3,72.07,133697467
2012-08-06,71.49,72.41,71.32,72.05,77193938
2012-08-07,72.03,72.12,71.59,71.97,91694589
2012-08-08,69.78,71.51,69.7,70.41,164093368
2012-08-09,70.76,71.0,70.28,70.47,55844732
2012-08-10,69.99,70.88,69.95,69.97,113647119
2012-08-11,70.03,70.99,68.63,70.06,138420473
2012-08-12,69.44,70.28,69.17,69.66,92958969
2012-08-13,69.16,70.32,67.77,68.39,93969452
2012-08-14,68.4,69.29,67.39,67.9,141338100
2012-08-15,67.53,68.64,67.5,68.4,147656970
2012-08-16,69.88,70.15,69.71,69.8,135502174
2012-08-17,69.35,69.88,69.09,69.85,115485284
2012-08-18,70.25,70.52,68.87,69.85,85742099
2012-08-19,69.85,69.86,69.41,69.66,143172468
2012-08-20,71.74,71.77,70.96,71.13,175118322
2012-08-21,70.9,71.01,70.86,70.96,151511910
2012-08-22,71.54,71.91,71.16,71.45,96784519
2012-08-23,69.87,70.73,69.75,70.42,111413819
2012-08-24,71.45,72.85,68.63,70.36,56092814
2012-08-25,70.95,71.55,70.92,71.26,108766484
2012-08-26,70.83,71.62,70.58,71.4,85336092
2012-08-27,71.74,71.79,70.48,71.47,88059692
2012-08-28,72.12,72.31,71.9,72.24,128629381
2012-08-29,73.3,73.58,71.56,72.18,56716178
2012-08-30,72.15,72.41,70.71,71.54,75428689
2012-08-31,71.61,71.83,70.9,71.5,50381368
2012-09-01,71.21,71.71,70.4,70.61,141374069
2012-09-02,70.99,71.41,70.31,71.0,125939958
2012-09-03,69.97,70.71,69.72,70.48,139435298
2012-09-04,71.26,71.81,70.09,70.28,149239629
2012-09-05,68.39,71.15,68.23,70.04,104248968
2012-09-06,70.18,70.81,69.62,70.47,111163740
2012-09-07,69.99,70.7,69.0,69.63,87420027
2012-09-08,72.57,72.63,71.59,71.83,65965257
2012-09-09,70.95,71.05,70.28,70.3,78893937
2012-09-10,69.88,70.54,69.25,70.3,146171910
2012-09-11,69.83,70.76,69.58,70.45,145158567
2012-09-12,70.56,70.79,69.72,70.59,105584497
2012-09-13,69.18,69.38,69.07,69.3,156620860
2012-09-14,71.31,71.5,70.42,70.9,120827708
2012-09-15,70.89,72.07,70.03,72.03,97689090
2012-09-16,71.06,72.09,71.02,71.61,108736023
2012-09-17,71.89,72.29,71.22,71.66,96216567
2012-09-18,71.49,72.49,71.28,71.46,74726191
2012-09-19,69.67,70.27,69.54,69.96,134332050
2012-09-20,70.67,71.56,70.07,71.03,68811554
2012-09-21,70.96,71.02,70.68,70.96,70513357
2012-09-22,70.27,71.35,70.22,70.47,65316418
2012-09-23,70.83,71.86,70.5,70.6,120822650
2012-09-24,70.53,70.9,70.03,70.57,55331010
2012-09-25,69.91,71.53,69.15,70.59,115109838
2012-09-26,70.28,70.29,69.71,69.81,56630740
2012-09-27,70.34,70.44,70.09,70.29,111124464
2012-09-28,69.38,70.4,69.34,70.11,58542496
2012-09-29,69.67,69.91,69.07,69.52,123628170
2012-09-30,70.89,71.28,69.24,70.19,105255468
2012-10-01,70.4,70.98,70.31,70.65,157883520
2012-10-02,69.69,71.01,69.69,70.02,151443088
2012-10-03,70.88,71.8,70.02,70.55,75697521
2012-10-04,71.2,71.49,70.17,70.59,143169791
2012-10-05,72.03,72.26,70.66,70.99,120749311
2012-10-06,71.03,71.17,70.27,70.46,120577597
2012-10-07,69.91,70.61,69.71,69.79,140055371
2012-10-08,72.74,73.84,70.87,70.95,77862466
2012-10-09,71.22,71.45,70.88,70.94,122181528
2012-10-10,70.55,70.58,70.32,70.53,143292047
2012-10-11,70.88,71.69,70.57,70.98,127208280
2012-10-12,71.15,71.31,70.3,70.45,127815842
2012-10-13,70.54,70.65,69.25,70.34,86999857
2012-10-14,68.01,69.21,67.68,69.15,167845612
2012-10-15,67.86,69.72,67.63,68.63,75117801
2012-10-16,68.1,69.12,68.09,69.11,79030253
2012-10-17,70.13,70.29,68.94,69.74,129526017
2012-10-18,69.43,69.65,69.42,69.44,84382963
2012-10-19,69.51,69.87,68.54,69.7,54694791
2012-10-20,68.95,70.02,68.41,69.75,51758952
2012-10-21,68.59,70.4,68.57,68.84,154567408
2012-10-22,68.77,69.02,68.69,68.72,54132252
2012-10-23,68.24,69.29,68.04,68.5,152550507
2012-10-24,67.04,67.08,66.62,66.95,178327585
2012-10-25,68.06,68.34,67.19,67.9,164979136
2012-10-26,68.96,69.13,68.49,68.94,99013566
2012-10-27,67.58,68.16,67.46,67.91,93585651
2012-10-28,70.0,70.11,65.88,67.85,52465370
2012-10-29,66.96,67.95,66.84,67.25,154354830
2012-10-30,67.35,67.91,66.84,67.35,59117687
2012-10-31,65.5,67.15,64.97,66.09,136543359
2012-11-01,65.55,66.26,64.81,65.89,91323350
2012-11-02,67.56,67.63,67.12,67.43,139058099
2012-11-03,67.7,67.7,67.46,67.58,60105572
2012-11-04,67.56,67.86,67.05,67.32,67385212
2012-11-05,67.64,68.1,67.15,67.31,71168913
2012-11-06,68.28,68.77,68.02,68.26,60762907
2012-11-07,67.27,68.3,67.12,67.56,55901302
2012-11-08,68.34,68.88,67.23,68.19,153254697
2012-11-09,67.6,67.92,66.99,67.86,126488054
2012-11-10,68.4,69.77,67.16,67.87,131645637
2012-11-11,69.31,69.52,68.27,68.56,118362554
2012-11-12,69.08,69.15,68.41,68.83,75300920
2012-11-13,69.01,69.44,68.65,69.16,153009739
2012-11-14,68.78,69.34,68.31,68.58,68443225
2012-11-15,69.22,69.91,68.99,69.23,124985900
2012-11-16,69.14,69.22,68.82,68.93,99169519
2012-11-17,70.04,70.59,69.27,69.33,157889998
2012-11-18,70.46,70.66,69.66,69.83,104649099
2012-11-19,69.91,70.16,69.18,69.93,143433600
2012-11-20,69.58,69.74,69.36,69.47,127854610
2012-11-21,69.32,69.69,69.11,69.37,52369822
2012-11-22,68.08,68.54,67.59,68.26,68935621
2012-11-23,69.35,70.1,68.73,68.94,133814376
2012-11-24,70.09,70.86,68.91,69.54,94678773
2012-11-25,69.26,69.32,68.71,69.08,149618945
2012-11-26,69.51,70.49,68.71,69.72,152815018
2012-11-27,69.86,71.05,68.96,70.57,84144038
2012-11-28,70.44,70.51,69.86,70.16,101073391
2012-11-29,69.25,69.29,67.81,68.95,125339226
2012-11-30,69.19,69.63,68.42,68.75,64967446
2012-12-01,68.11,68.42,67.53,67.85,166421009
2012-12-02,66.68,67.31,65.65,66.65,102599005
2012-12-03,66.3,67.26,65.73,67.05,58501145
2012-12-04,66.21,66.21,66.18,66.2,146712624
2012-12-05,65.55,65.73,64.68,65.34,86068653
2012-12-06,66.46,67.05,66.29,66.87,169802238
2012-12-07,67.52,68.48,67.17,67.72,167490453
2012-12-08,68.26,68.29,67.51,68.08,89426044
2012-12-09,67.08,68.34,66.74,67.66,138401074
2012-12-10,66.56,67.59,65.29,66.88,131934501
2012-12-11,65.97,66.29,65.65,65.95,155701385
2012-12-12,66.93,67.07,65.16,66.1,87262763
2012-12-13,66.54,66.62,66.04,66.52,90380476
2012-12-14,65.93,67.31,65.93,66.59,115522723
2012-12-15,65.46,66.66,65.03,66.27,141126819
2012-12-16,66.58,67.37,66.18,66.78,137155557
2012-12-17,67.34,67.42,65.59,66.75,147541867
2012-12-18,67.06,67.27,66.29,67.11,135579217
2012-12-19,67.25,68.25,65.98,67.17,87437819
2012-12-20,67.23,67.37,67.17,67.23,119989545
2012-12-21,67.05,67.64,66.6,67.13,133087666
2012-12-22,66.19,66.62,65.98,65.98,113851884
2012-12-23,65.58,66.21,64.92,65.98,137816978
2012-12-24,66.45,66.48,65.5,66.06,101247723
2012-12-25,65.68,66.07,64.97,66.06,73870262
2012-12-26,65.47,65.56,64.86,65.33,65088696
2012-12-27,65.62,66.03,64.25,64.56,81298740
2012-12-28,63.87,63.88,63.43,63.83,109657838
2012-12-29,65.25,65.37,64.67,65.14,148272284
2012-12-30,65.62,66.66,65.14,65.56,123828001
2012-12-31,65.63,66.69,65.63,66.34,74631353
2013-01-01,66.42,66.54,65.07,66.12,111736749
2013-01-02,66.71,66.81,66.05,66.43,88654093
2013-01-03,66.53,66.76,66.32,66.71,75625422
2013-01-04,66.74,67.29,66.57,67.2,119408283
2013-01-05,67.67,67.99,65.31,67.01,90398176
2013-01-06,67.54,67.64,66.56,67.47,61352847
2013-01-07,67.44,68.32,66.52,68.01,87705615
2013-01-08,68.41,68.52,68.09,68.37,103108064
2013-01-09,69.32,69.41,68.71,68.78,152050258
2013-01-10,67.48,69.1,67.28,67.99,84882995
2013-01-11,67.94,68.66,67.66,67.76,102309912
2013-01-12,67.68,67.7,67.58,67.66,132676188
2013-01-13,66.68,67.72,65.11,67.4,130131133
2013-01-14,67.52,68.07,67.51,67.96,93437595
2013-01-15,68.14,71.42,67.68,69.19,119840945
2013-01-16,69.53,69.8,69.32,69.44,86504649
2013-01-17,69.0,71.24,68.36,70.21,64379164
2013-01-18,68.68,70.17,68.23,69.98,146408929
2013-01-19,70.67,71.21,70.57,70.8,68658612
2013-01-20,70.81,70.81,70.35,70.46,145852075
2013-01-21,71.81,71.82,69.55,70.82,55366318
2013-01-22,69.11,69.82,68.53,69.33,154586818
2013-01-23,68.19,69.13,66.67,68.24,63091185
2013-01-24,68.13,68.78,67.71,67.73,122228503
2013-01-25,66.95,67.49,65.78,66.7,130163978
2013-01-26,65.73,66.74,65.7,65.86,69863122
2013-01-27,65.49,65.88,65.29,65.88,62953727
2013-01-28,66.25,66.31,65.98,66.13,118125876
2013-01-29,66.85,67.33,66.17,66.58,72325018
2013-01-30,67.6,68.16,66.81,67.39,101913509
2013-01-31,67.39,67.77,66.14,66.58,133603628
2013-02-01,66.87,66.95,66.85,66.87,83912879
2013-02-02,66.3,66.5,66.18,66.27,120036102
2013-02-03,66.65,66.74,65.15,66.08,97528427
2013-02-04,65.66,67.32,64.36,66.14,68068870
2013-02-05,66.18,66.2,65.2,65.88,119453578
2013-02-06,65.57,65.78,64.9,65.2,66927747
2013-02-07,63.85,64.59,63.75,64.42,141815293
2013-02-08,65.87,65.98,63.9,64.2,99299395
2013-02-09,64.39,64.46,64.3,64.42,114686491
2013-02-10,64.76,64.82,64.49,64.7,83372377
2013-02-11,65.35,65.41,64.65,65.02,82519178
2013-02-12,64.53,65.16,63.54,64.66,138189198
2013-02-13,63.51,65.89,63.12,64.97,103018506
2013-02-14,65.76,66.48,65.65,65.98,118968544
2013-02-15,65.36,65.49,65.12,65.26,129776924
2013-02-16,65.23,66.81,64.11,65.68,84881313
2013-02-17,66.99,67.87,64.9,66.03,133246333
2013-02-18,64.83,65.73,64.78,65.6,111733474
2013-02-19,64.95,65.31,64.93,65.27,94736989
2013-02-20,66.27,66.54,66.04,66.28,63049213
2013-02-21,66.96,67.02,66.12,66.56,57402453
2013-02-22,66.58,66.96,66.25,66.41,122858349
2013-02-23,65.41,65.93,65.29,65.8,158551606
2013-02-24,65.56,66.05,65.5,65.96,129056278
2013-02-25,67.5,67.66,66.41,67.0,142692783
2013-02-26,67.5,68.41,67.33,67.47,101067436
2013-02-27,66.97,67.92,66.79,67.66,142155163
2013-02-28,69.63,69.63,68.42,69.22,126669052
2013-03-01,68.07,68.58,66.92,68.53,146489553
2013-03-02,67.62,67.94,67.55,67.78,138067100
2013-03-03,67.15,68.43,66.82,67.64,151705903
2013-03-04,66.59,67.82,66.47,66.78,97539916
2013-03-05,65.78,66.46,65.76,66.15,149674002
2013-03-06,64.77,64.77,64.63,64.71,103109834
2013-03-07,64.33,65.76,63.0,64.9,78079476
2013-03-08,63.48,65.02,63.45,63.69,91171745
2013-03-09,62.77,64.37,62.41,63.17,124933778
2013-03-10,63.74,63.8,63.2,63.27,92813645
2013-03-11,63.75,64.26,63.31,64.0,140883346
2013-03-12,65.04,65.45,64.54,64.95,164626775
2013-03-13,63.38,63.99,62.98,63.9,137032594
2013-03-14,63.6,63.62,63.05,63.1,102275387
2013-03-15,62.56,62.61,62.55,62.61,72489864
2013-03-16,62.99,63.51,62.51,62.89,143611866
2013-03-17,63.33,63.66,63.04,63.21,154913170
2013-03-18,64.24,64.85,63.49,64.32,122091383
2013-03-19,64.11,64.3,63.26,63.84,118332522
2013-03-20,62.93,62.96,62.87,62.88,167962653
2013-03-21,63.65,63.69,63.52,63.55,90410962
2013-03-22,63.0,63.21,62.69,62.94,64276026
2013-03-23,62.81,63.24,62.24,62.87,128687803
2013-03-24,63.33,63.52,62.63,62.98,66363542
2013-03-25,62.24,63.3,62.1,62.57,55983925
2013-03-26,63.02,63.41,62.34,62.95,111135442
2013-03-27,63.73,63.99,63.25,63.41,108278308
2013-03-28,62.55,64.16,62.48,63.17,130450251
2013-03-29,63.83,64.07,62.68,63.71,91886665
2013-03-30,63.13,63.89,63.06,63.24,134432221
2013-03-31,62.28,64.52,62.2,63.48,143059711
2013-04-01,62.14,62.72,62.01,62.25,99942140
2013-04-02,63.09,63.25,61.88,62.64,133264637
2013-04-03,62.84,62.87,62.71,62.83,153590343
2013-04-04,63.17,63.7,62.6,63.58,166355588
2013-04-05,63.9,64.35,63.8,63.84,58619624
2013-04-06,64.56,65.7,64.04,64.99,155782061
2013-04-07,64.32,64.36,63.4,64.33,132151632
2013-04-08,65.44,66.3,63.92,64.71,156563968
2013-04-09,63.93,64.37,62.87,63.44,173397493
2013-04-10,63.41,64.16,62.81,63.29,124161491
2013-04-11,62.79,62.86,62.55,62.76,72009956
2013-04-12,61.81,61.92,61.23,61.88,120192646
2013-04-13,63.07,63.17,61.69,61.98,105065939
2013-04-14,61.32,62.24,61.16,61.83,84984240
2013-04-15,61.43,61.66,61.02,61.56,124015739
2013-04-16,61.62,61.78,61.62,61.69,90470009
2013-04-17,60.43,61.57,59.89,61.26,121921046
2013-04-18,61.31,61.76,60.9,61.09,92144023
2013-04-19,60.3,60.56,59.98,60.3,67969951
2013-04-20,60.6,60.66,60.44,60.48,105027853
2013-04-21,60.61,61.27,60.17,61.11,132705361
2013-04-22,60.04,60.85,58.05,59.62,121602633
2013-04-23,59.8,59.92,59.6,59.6,80597632
2013-04-24,60.69,61.87,59.45,60.49,131855179
2013-04-25,61.01,61.47,59.85,60.98,72366027
2013-04-26,63.24,63.26,60.7,61.33,70473692
2013-04-27,61.01,61.49,60.46,60.9,132410099
2013-04-28,61.23,61.24,60.78,61.0,55654628
2013-04-29,61.43,62.5,59.83,60.96,102331056
2013-04-30,61.42,61.59,61.17,61.33,129460802
2013-05-01,61.62,62.67,61.14,62.34,157963293
2013-05-02,61.93,62.07,61.39,61.81,70222131
2013-05-03,62.45,63.01,62.44,62.48,112906620
2013-05-04,62.65,63.0,62.12,62.47,129672732
2013-05-05,62.11,63.47,61.91,62.82,146179649
2013-05-06,62.43,62.64,62.15,62.62,90795742
2013-05-07,63.74,64.71,63.72,64.07,86424459
2013-05-08,63.94,64.53,63.82,64.31,155052946
2013-05-09,65.51,65.73,64.51,64.89,123879772
2013-05-10,63.86,64.34,63.67,63.95,106202117
2013-05-11,64.64,64.66,63.78,64.3,91863318
2013-05-12,62.48,63.48,62.46,62.95,114849773
2013-05-13,62.28,64.43,61.66,63.3,119889439
2013-05-14,62.39,62.63,62.28,62.6,122120500
2013-05-15,64.73,65.05,63.11,63.19,96516437
2013-05-16,63.36,63.9,62.29,63.19,101950183
2013-05-17,62.67,62.97,61.36,62.75,79270353
2013-05-18,62.44,63.18,61.78,62.63,77028924
2013-05-19,62.64,62.67,62.36,62.47,64120849
2013-05-20,62.95,63.01,62.09,62.32,55872291
2013-05-21,60.76,62.28,60.71,62.1,141482105
2013-05-22,63.51,63.8,63.03,63.22,139528085
2013-05-23,64.21,64.75,63.6,63.6,62455602
2013-05-24,63.51,64.42,63.21,63.88,111628148
2013-05-25,65.13,65.91,64.16,64.66,65174778
2013-05-26,63.83,64.57,63.77,64.18,102741285
2013-05-27,65.1,65.25,64.6,64.82,155027852
2013-05-28,65.2,65.26,65.2,65.25,55195768
2013-05-29,66.26,66.61,65.83,66.24,147011744
2013-05-30,66.3,66.63,66.05,66.1,145158391
2013-05-31,65.83,66.12,65.54,65.67,88960138
2013-06-01,65.48,65.82,65.41,65.67,52451272
2013-06-02,66.59,66.63,65.22,65.72,138243700
2013-06-03,65.02,65.31,63.49,64.68,67450328
2013-06-04,65.2,65.2,64.88,65.07,154181958
2013-06-05,66.25,67.03,65.74,65.82,160622693
2013-06-06,65.28,65.74,64.65,65.53,139064879
2013-06-07,64.56,65.86,63.42,65.14,80086002
2013-06-08,64.79,64.86,64.25,64.53,156934641
2013-06-09,64.59,65.54,64.32,65.15,151426711
2013-06-10,66.06,66.7,65.04,65.61,88713430
2013-06-11,65.57,66.12,65.27,65.79,111426688
2013-06-12,64.97,65.2,64.9,65.12,126017546
2013-06-13,65.13,67.52,65.02,65.76,139635071
2013-06-14,66.35,66.37,66.35,66.36,71758293
2013-06-15,66.56,67.44,66.4,66.9,57015643
2013-06-16,67.39,68.11,67.1,67.21,90193385
2013-06-17,68.44,68.95,68.36,68.41,122336328
2013-06-18,66.86,67.95,66.58,67.29,165500177
2013-06-19,66.22,66.81,65.56,66.8,102487928
2013-06-20,68.25,69.13,66.72,67.42,68995938
2013-06-21,68.38,68.46,67.01,67.19,65704821
2013-06-22,66.85,68.38,66.3,67.29,62469169
2013-06-23,67.31,67.41,66.81,67.25,116611193
2013-06-24,67.89,68.37,67.81,68.0,71784737
2013-06-25,69.14,70.61,68.31,69.24,99436725
2013-06-26,69.15,69.61,68.62,68.74,141132508
2013-06-27,68.83,69.07,68.3,68.63,68613136
2013-06-28,68.58,69.08,67.85,68.68,149541016
2013-06-29,69.37,69.59,68.89,69.08,119782821
2013-06-30,68.71,69.82,68.25,69.1,87490351
2013-07-01,69.61,70.23,69.6,69.92,127671619
2013-07-02,69.79,69.84,69.07,69.66,86896191
2013-07-03,69.99,71.68,68.46,69.41,110743968
2013-07-04,69.26,69.6,69.19,69.34,55101608
2013-07-05,70.37,71.34,69.6,69.71,67943658
2013-07-06,69.24,69.4,68.51,69.19,100952915
2013-07-07,71.03,72.06,69.07,69.52,63467808
2013-07-08,69.79,70.06,69.5,69.78,77401677
2013-07-09,69.05,70.16,68.91,69.55,126681050
2013-07-10,69.83,69.96,69.3,69.48,148534880
2013-07-11,70.72,71.56,69.24,70.17,142612445
2013-07-12,69.85,70.29,69.82,70.09,67159545
2013-07-13,69.7,69.71,69.69,69.7,151822209
2013-07-14,70.88,72.1,70.55,71.33,178179344
2013-07-15,72.55,72.72,72.5,72.71,104589182
2013-07-16,73.03,73.57,72.94,73.21,90060707
2013-07-17,74.35,75.25,73.64,74.3,84467959
2013-07-18,74.15,74.51,73.95,74.29,93761933
2013-07-19,74.03,74.62,73.15,74.25,70981885
2013-07-20,73.25,73.94,73.07,73.31,105526883
2013-07-21,71.77,73.18,71.06,72.11,163875121
2013-07-22,72.25,72.45,71.7,72.26,126745383
2013-07-23,73.31,74.05,73.11,73.37,122686507
2013-07-24,72.86,73.04,72.17,72.74,83216007
2013-07-25,73.47,74.55,72.78,73.84,123025672
2013-07-26,73.1,73.35,72.22,73.01,165288324
2013-07-27,72.0,72.19,71.81,71.99,97194214
2013-07-28,72.03,72.45,71.12,72.14,127580132
2013-07-29,72.43,72.51,71.98,72.13,145821469
2013-07-30,72.05,72.94,71.85,72.87,134994051
2013-07-31,73.76,73.86,73.41,73.72,79462530
2013-08-01,74.17,74.78,72.95,73.79,53381625
2013-08-02,73.25,73.74,72.87,73.22,123034842
2013-08-03,72.99,73.02,72.06,72.78,72735574
2013-08-04,72.64,73.13,72.51,72.84,143489412
2013-08-05,73.47,73.93,73.16,73.54,142964356
2013-08-06,72.49,72.78,72.17,72.51,72638148
2013-08-07,72.65,73.68,70.79,71.53,122058868
2013-08-08,73.2,73.27,72.9,73.05,154115305
2013-08-09,72.68,73.05,72.57,72.75,96336442
2013-08-10,73.41,73.7,71.24,73.38,133382971
2013-08-11,74.19,74.7,70.15,72.65,86024100
2013-08-12,72.85,73.02,72.67,72.82,134049254
2013-08-13,73.07,74.31,72.31,73.57,94060470
2013-08-14,74.9,74.96,74.66,74.75,105603327
2013-08-15,75.39,75.69,74.02,75.11,92319549
2013-08-16,73.3,76.16,73.08,74.51,71649176
2013-08-17,75.04,75.04,74.82,74.85,125070538
2013-08-18,73.64,74.18,73.52,73.7,86739266
2013-08-19,74.32,74.47,74.17,74.34,121609782
2013-08-20,74.28,74.63,73.96,74.14,79807687
2013-08-21,73.9,74.53,73.87,74.13,81557241
2013-08-22,74.69,74.93,74.26,74.55,75062584
2013-08-23,75.11,75.38,74.95,75.12,88552407
2013-08-24,75.01,75.27,74.57,74.63,58204278
2013-08-25,74.23,74.46,74.17,74.44,150235250
2013-08-26,74.05,74.92,73.49,74.43,144703280
2013-08-27,74.46,74.58,74.22,74.48,90411072
2013-08-28,75.34,75.69,75.17,75.27,89492005
2013-08-29,75.69,77.66,75.12,75.46,106927633
2013-08-30,73.87,76.39,73.87,75.1,80430246
2013-08-31,75.46,75.55,74.59,75.51,151064353
2013-09-01,74.55,75.1,74.22,74.98,101484638
2013-09-02,73.84,74.3,73.74,73.82,60015387
2013-09-03,73.75,74.64,73.74,74.07,128754569
2013-09-04,75.75,76.8,74.85,75.14,94162675
2013-09-05,75.1,75.28,74.21,74.96,94090352
2013-09-06,74.46,74.72,74.21,74.57,156179941
2013-09-07,74.15,74.93,73.11,73.83,129448399
2013-09-08,74.26,75.46,73.78,75.44,130353284
2013-09-09,75.43,76.13,75.32,75.66,126364552
2013-09-10,74.77,75.25,74.71,74.98,116927141
2013-09-11,74.92,75.68,74.65,75.02,110548360
2013-09-12,75.55,75.65,74.53,75.57,108496623
2013-09-13,75.02,75.54,74.7,75.49,55283269
2013-09-14,74.78,75.44,73.63,74.54,68127360
2013-09-15,74.81,74.98,74.81,74.81,136577496
2013-09-16,74.87,76.04,74.58,75.55,104062820
2013-09-17,75.0,77.44,74.78,75.71,54096594
2013-09-18,76.98,77.25,76.81,77.0,174980738
2013-09-19,76.28,77.78,76.16,76.81,71167197
2013-09-20,77.23,77.35,76.41,77.16,147678167
2013-09-21,78.71,78.81,77.43,78.08,163003815
2013-09-22,78.7,78.78,76.39,77.59,63324080
2013-09-23,78.49,78.91,78.29,78.57,160653130
2013-09-24,78.58,79.58,78.17,78.27,90112790
2013-09-25,80.53,80.74,80.07,80.14,127671914
2013-09-26,79.03,82.27,78.68,79.84,121124523
2013-09-27,81.48,82.06,80.13,80.39,126280693
2013-09-28,80.9,81.3,79.31,80.72,81349795
2013-09-29,82.39,83.29,81.34,82.32,133197860
2013-09-30,82.51,82.62,82.29,82.48,57422362
2013-10-01,82.63,82.98,82.24,82.51,116572358
2013-10-02,82.91,83.55,82.75,82.86,137623440
2013-10-03,81.18,81.41,81.08,81.12,77996644
2013-10-04,81.28,82.01,80.05,81.52,123654925
2013-10-05,82.41,83.66,80.73,81.84,113256403
2013-10-06,81.65,81.91,81.09,81.33,135409146
2013-10-07,82.57,83.02,82.2,82.41,150542605
2013-10-08,82.95,84.33,81.77,82.49,124105905
2013-10-09,82.93,83.22,82.47,82.89,148667415
2013-10-10,82.09,84.23,82.08,82.46,138811808
2013-10-11,82.86,84.29,82.51,83.01,97936579
2013-10-12,85.28,85.39,83.82,83.82,117885341
2013-10-13,82.54,82.88,82.53,82.65,122994514
2013-10-14,80.94,82.39,80.91,81.66,146431112
2013-10-15,82.39,82.7,81.27,82.2,65973431
2013-10-16,84.23,84.24,82.18,82.68,107202202
2013-10-17,83.8,84.85,83.28,83.55,112572048
2013-10-18,82.51,82.78,81.3,82.77,120909681
2013-10-19,83.96,83.96,83.57,83.8,155808615
2013-10-20,82.49,84.25,82.3,83.49,107487455
2013-10-21,83.23,84.45,82.8,83.65,114844685
2013-10-22,84.46,84.54,83.8,84.15,124013961
2013-10-23,85.25,85.61,83.86,84.48,145413991
2013-10-24,86.31,86.5,84.84,85.01,118217053
2013-10-25,84.32,84.46,83.1,84.42,103538449
2013-10-26,86.1,86.81,84.52,85.22,157646720
2013-10-27,84.18,85.1,83.49,84.48,138419852
2013-10-28,84.84,85.26,84.79,84.97,137985670
2013-10-29,85.32,85.6,83.09,85.35,139419489
2013-10-30,85.75,86.24,84.14,85.51,141528618
2013-10-31,86.41,86.45,85.74,85.85,146732164
2013-11-01,85.14,85.49,84.26,85.2,63471126
2013-11-02,85.3,85.84,84.69,85.0,63722187
2013-11-03,85.12,85.92,85.03,85.05,123086309
2013-11-04,84.93,85.62,83.68,85.13,52964559
2013-11-05,86.11,86.74,85.98,86.11,165252849
2013-11-06,86.43,86.54,84.37,86.02,98326458
2013-11-07,87.28,88.04,85.95,87.53,113078528
2013-11-08,87.7,90.81,87.54,88.27,110465041
2013-11-09,89.7,89.83,87.89,88.63,120697709
2013-11-10,89.62,89.88,85.29,88.46,152392107
2013-11-11,88.44,88.49,88.07,88.1,140727383
2013-11-12,90.23,90.24,87.37,87.84,101427999
2013-11-13,88.45,88.66,86.93,86.97,112433397
2013-11-14,86.72,87.17,85.92,86.33,106276423
2013-11-15,88.49,89.19,88.02,88.22,152733843
2013-11-16,87.07,87.5,86.61,87.21,117210409
2013-11-17,87.17,88.1,86.53,87.49,60911128
2013-11-18,86.38,87.13,85.76,86.65,101362655
2013-11-19,87.49,88.31,87.48,87.71,118438621
2013-11-20,86.67,86.71,86.63,86.68,117599474
2013-11-21,87.61,89.16,86.06,86.09,113715078
2013-11-22,87.86,88.15,86.12,87.18,67436548
2013-11-23,86.92,87.1,86.57,86.76,80025781
2013-11-24,86.77,87.11,85.47,86.08,137625722
2013-11-25,86.73,87.43,86.34,86.61,68595268
2013-11-26,85.71,87.59,84.83,86.27,90319124
2013-11-27,86.98,87.29,86.45,87.14,127335577
2013-11-28,86.47,86.8,86.08,86.11,160986028
2013-11-29,85.46,86.21,84.97,85.64,115764106
2013-11-30,85.26,85.45,85.11,85.22,83064425
2013-12-01,84.83,85.27,84.79,84.95,106163809
2013-12-02,84.34,84.6,83.85,84.38,129779538
2013-12-03,84.93,85.24,84.73,85.23,131722531
2013-12-04,84.97,85.1,84.29,84.61,156873396
2013-12-05,84.46,84.84,84.39,84.47,134280823
2013-12-06,87.13,87.58,86.38,86.49,185340374
2013-12-07,84.57,86.87,84.56,86.22,134304625
2013-12-08,86.77,87.39,86.02,86.86,150938618
2013-12-09,86.29,86.35,85.17,85.55,61162477
2013-12-10,84.95,86.17,84.16,84.99,138009266
2013-12-11,85.73,85.78,85.12,85.46,132859172
2013-12-12,85.79,85.82,85.6,85.75,74660838
2013-12-13,87.14,88.66,87.11,87.71,156036168
2013-12-14,87.73,87.82,87.62,87.69,113535835
2013-12-15,87.59,87.85,87.39,87.57,107917044
2013-12-16,88.59,89.68,85.93,87.11,63750179
2013-12-17,86.7,87.05,85.46,86.07,113982141
2013-12-18,86.57,87.09,85.27,85.72,129598164
2013-12-19,86.55,86.92,86.12,86.4,157316599
2013-12-20,86.46,86.86,86.09,86.22,54559199
2013-12-21,86.5,87.45,86.38,86.71,157449405
2013-12-22,85.84,86.84,85.57,86.78,118612874
2013-12-23,87.51,87.7,86.51,86.7,71370037
2013-12-24,86.22,86.28,85.96,86.11,96102450
2013-12-25,86.29,86.35,86.27,86.28,98016128
2013-12-26,86.99,89.15,86.24,87.57,165136226
2013-12-27,86.67,87.0,86.43,86.55,146424337
2013-12-28,85.23,86.22,85.03,85.95,121475865
2013-12-29,84.77,84.94,84.68,84.75,139279091
2013-12-30,85.45,85.55,85.04,85.08,70664987
2013-12-31,85.11,85.37,83.43,84.06,69824776
2014-01-01,82.87,87.08,82.04,84.0,84122487
2014-01-02,83.33,83.57,82.79,83.55,64643842
2014-01-03,84.59,86.25,83.94,84.7,63541203
2014-01-04,84.57,84.82,84.56,84.61,110794534
2014-01-05,85.06,85.52,84.95,85.08,128893596
2014-01-06,84.54,84.66,83.58,84.45,153459730
2014-01-07,83.27,84.3,82.59,82.63,86424012
2014-01-08,85.04,85.95,84.38,85.4,145002202
2014-01-09,84.87,85.79,83.81,84.6,139623177
2014-01-10,85.13,85.48,85.01,85.31,130466797
2014-01-11,86.93,87.06,85.8,85.84,85770818
2014-01-12,85.75,86.96,84.09,85.91,110533319
2014-01-13,85.4,86.44,85.35,86.1,64795525
2014-01-14,85.66,86.84,84.39,86.68,107696879
2014-01-15,87.99,88.81,87.69,87.85,167711254
2014-01-16,87.06,87.82,86.3,87.68,64672916
2014-01-17,87.81,88.15,86.7,87.63,106505103
2014-01-18,87.59,88.96,87.52,87.7,73081040
2014-01-19,86.68,86.71,85.59,86.05,92195310
2014-01-20,85.07,87.23,84.77,85.92,131916348
2014-01-21,85.46,86.5,85.3,85.97,105343694
2014-01-22,86.89,87.71,86.39,87.02,76854396
2014-01-23,86.54,87.22,86.44,87.0,139682213
2014-01-24,86.86,86.93,85.52,86.22,156248514
2014-01-25,85.88,87.18,85.74,85.96,150239251
2014-01-26,85.96,86.39,84.97,86.37,53782542
2014-01-27,86.25,86.32,85.8,86.27,147434173
2014-01-28,85.17,86.42,85.01,86.28,89466438
2014-01-29,86.84,87.69,86.53,87.59,127473063
2014-01-30,88.23,88.44,86.52,87.62,135624824
2014-01-31,89.29,89.57,88.62,89.12,155257794
2014-02-01,87.76,87.87,87.62,87.85,134614833
2014-02-02,89.11,89.39,88.66,89.29,161109565
2014-02-03,90.83,91.1,90.07,90.52,92511755
2014-02-04,90.44,91.26,89.26,90.01,139657369
2014-02-05,89.51,90.5,89.42,90.47,141830118
2014-02-06,89.37,89.42,89.36,89.38,117284415
2014-02-07,90.94,92.59,90.27,90.97,155752377
2014-02-08,89.23,90.57,89.06,89.98,58993088
2014-02-09,91.35,91.66,89.87,90.96,134146154
2014-02-10,93.59,94.44,92.81,93.31,69712596
2014-02-11,93.76,93.81,91.77,92.69,65235355
2014-02-12,92.51,92.78,92.32,92.35,96726034
2014-02-13,94.34,94.51,94.04,94.44,149203690
2014-02-14,95.07,96.46,94.72,95.7,162804154
2014-02-15,97.5,97.51,97.36,97.45,136773392
2014-02-16,97.94,98.45,97.77,97.85,74097482
2014-02-17,95.98,97.64,95.47,97.09,149311451
2014-02-18,99.22,99.45,98.56,98.83,65929107
2014-02-19,97.14,98.56,97.0,98.47,98854087
2014-02-20,100.33,100.5,99.47,99.79,109122104
2014-02-21,100.33,100.54,99.25,100.12,128087583
2014-02-22,100.25,100.58,99.99,100.21,132527169
2014-02-23,100.57,100.82,100.12,100.72,115267820
2014-02-24,100.27,101.68,99.58,100.95,88740170
2014-02-25,100.39,101.32,97.73,100.31,63166768
2014-02-26,102.72,103.31,101.72,102.3,93041925
2014-02-27,101.47,101.97,100.52,101.75,89967910
2014-02-28,101.67,102.54,101.18,102.21,106298020
2014-03-01,102.22,102.52,102.15,102.27,122181473
2014-03-02,103.63,103.83,103.17,103.6,105683354
2014-03-03,101.82,103.17,101.36,101.84,138701839
2014-03-04,103.24,103.54,102.35,102.51,84418090
2014-03-05,101.73,102.73,100.91,102.58,108397683
2014-03-06,100.23,102.37,99.03,100.94,75970567
2014-03-07,101.44,101.47,100.28,100.62,116091314
2014-03-08,99.6,100.89,99.49,100.44,55976901
2014-03-09,103.33,103.52,101.54,102.02,155640132
2014-03-10,102.42,102.76,102.04,102.06,75913880
2014-03-11,101.76,102.36,101.39,102.07,55977861
2014-03-12,100.82,102.29,99.86,101.14,128283206
2014-03-13,101.87,102.47,101.25,101.51,137246368
2014-03-14,100.94,101.52,100.75,101.42,137734979
2014-03-15,101.33,102.58,101.14,102.3,129224003
2014-03-16,103.21,103.71,102.71,103.38,83747583
2014-03-17,104.27,104.55,104.26,104.41,108620151
2014-03-18,103.98,105.07,103.85,104.55,66792880
2014-03-19,104.57,104.88,104.52,104.62,65357785
2014-03-20,107.76,107.83,106.51,106.99,98906758
2014-03-21,107.61,107.9,107.16,107.27,54111192
2014-03-22,107.48,108.03,106.66,107.44,81642487
2014-03-23,109.31,110.22,109.29,109.33,130833172
2014-03-24,110.91,111.47,110.89,111.11,136327761
2014-03-25,110.04,113.11,109.26,112.17,117116813
2014-03-26,110.43,111.48,110.42,111.26,150362967
2014-03-27,111.61,111.89,110.59,110.67,87240573
2014-03-28,109.52,109.86,109.35,109.49,70816389
2014-03-29,109.79,109.81,108.88,109.21,131705672
2014-03-30,107.83,109.44,107.58,108.46,142801601
2014-03-31,107.89,110.02,107.3,109.44,69195110
2014-04-01,110.66,110.87,110.63,110.8,157777947
2014-04-02,111.49,111.99,111.0,111.69,109677438
2014-04-03,110.09,112.85,109.71,111.59,149197031
2014-04-04,113.45,113.47,112.72,113.31,148199206
2014-04-05,114.08,115.06,112.98,114.62,126692941
2014-04-06,116.33,116.64,114.29,115.84,105171946
2014-04-07,119.09,119.35,117.4,117.5,121254845
2014-04-08,115.77,117.96,114.89,115.61,98587108
2014-04-09,115.1,115.84,114.67,115.32,73035465
2014-04-10,113.94,115.43,113.46,113.65,134844435
2014-04-11,112.19,113.03,110.91,112.22,111329835
2014-04-12,112.29,112.38,112.28,112.34,139290348
2014-04-13,112.44,113.33,111.56,112.76,131184819
2014-04-14,115.94,116.05,114.25,114.67,94995910
2014-04-15,116.46,116.49,114.67,115.68,95472900
2014-04-16,116.23,116.47,114.6,115.47,137951236
2014-04-17,116.69,117.57,116.29,116.35,146940587
2014-04-18,116.48,117.57,116.45,116.65,99700636
2014-04-19,115.61,117.24,115.21,115.76,86979302
2014-04-20,115.84,117.16,115.65,117.12,126667133
2014-04-21,120.78,121.7,118.41,119.57,140118948
2014-04-22,118.79,118.9,118.32,118.49,98404075
2014-04-23,118.06,118.13,116.7,118.04,96899823
2014-04-24,119.14,121.06,118.29,120.54,146079582
2014-04-25,119.67,120.9,118.69,119.29,151672647
2014-04-26,120.4,121.59,120.17,120.79,104947664
2014-04-27,119.4,121.04,119.39,120.0,118241975
2014-04-28,120.84,121.24,119.52,120.72,76065848
2014-04-29,120.75,121.08,116.93,119.15,119940178
2014-04-30,120.55,120.88,119.99,120.29,144045564
2014-05-01,120.61,121.4,120.13,120.56,52343443
2014-05-02,120.44,120.85,120.27,120.37,138808081
2014-05-03,120.55,121.0,118.89,119.48,67263725
2014-05-04,116.85,117.82,116.67,117.71,149930253
2014-05-05,115.54,118.27,115.33,117.73,140788493
2014-05-06,120.57,120.95,118.19,119.49,124060265
2014-05-07,121.37,121.86,120.21,120.31,104253426
2014-05-08,120.85,121.54,117.78,118.65,85989494
2014-05-09,119.42,120.49,119.01,120.12,109515369
2014-05-10,118.53,119.78,117.68,118.78,130256461
2014-05-11,119.28,119.75,119.26,119.3,120525043
2014-05-12,118.59,119.1,118.44,118.74,139996471
2014-05-13,117.83,119.03,117.03,118.35,85847284
2014-05-14,118.63,118.88,118.02,118.19,122726049
2014-05-15,119.34,119.42,118.59,118.87,74764994
2014-05-16,116.86,117.74,115.93,117.34,129107453
2014-05-17,116.18,116.6,115.4,115.64,171202601
2014-05-18,117.57,118.15,116.67,117.36,162478065
2014-05-19,118.09,119.07,118.05,118.92,160968314
2014-05-20,120.37,120.97,120.36,120.57,60646985
2014-05-21,121.54,122.14,119.33,119.81,146415420
2014-05-22,117.63,117.69,115.62,117.68,172021246
2014-05-23,119.07,119.55,118.72,119.25,127394992
2014-05-24,119.21,120.01,119.08,119.65,85324675
2014-05-25,120.08,123.39,119.51,120.14,54817319
2014-05-26,122.45,124.66,120.1,121.27,69124715
2014-05-27,120.69,120.87,119.98,120.57,61067271
2014-05-28,120.41,121.06,118.98,119.97,92632380
2014-05-29,120.64,121.16,120.05,120.49,146724236
2014-05-30,120.79,121.36,119.08,119.21,71653607
2014-05-31,120.91,121.33,119.39,119.58,153486844
2014-06-01,119.21,119.52,119.01,119.47,102303186
2014-06-02,119.82,121.06,119.76,120.93,61088452
2014-06-03,120.71,123.51,120.48,121.32,61592303
2014-06-04,121.2,121.24,120.09,120.97,89776798
2014-06-05,118.61,121.95,117.5,119.83,134308082
2014-06-06,120.12,120.43,119.99,120.14,60613460
2014-06-07,120.46,121.05,117.0,120.41,134958814
2014-06-08,119.96,120.95,118.42,119.4,93244486
2014-06-09,119.87,120.25,119.86,119.93,133232686
2014-06-10,119.4,120.16,119.39,120.05,61470371
2014-06-11,121.01,122.89,119.69,120.07,117092655
2014-06-12,117.42,121.31,116.54,121.07,145964322
2014-06-13,119.49,119.74,118.54,118.81,152008305
2014-06-14,117.84,118.65,116.89,117.44,67960572
2014-06-15,118.54,118.57,118.38,118.47,55051692
2014-06-16,118.97,121.6,118.16,120.0,81141196
2014-06-17,120.55,120.63,119.46,119.52,52737113
2014-06-18,119.96,120.98,119.76,119.91,104371218
2014-06-19,120.73,123.78,118.08,119.9,133830392
2014-06-20,118.95,120.09,118.7,119.61,129355986
2014-06-21,120.19,120.23,116.94,119.49,81989766
2014-06-22,121.39,121.67,121.31,121.33,116515642
2014-06-23,117.84,118.28,117.57,118.27,147119211
2014-06-24,120.33,122.76,117.88,118.89,91302973
2014-06-25,118.49,119.72,118.23,118.61,105627001
2014-06-26,120.35,121.27,118.72,119.28,129814767
2014-06-27,118.38,119.36,116.97,118.71,139571569
2014-06-28,121.56,123.04,120.22,120.76,103516768
2014-06-29,119.27,119.33,119.09,119.19,161498751
2014-06-30,119.32,119.44,117.74,119.15,116223645
2014-07-01,119.84,122.01,119.54,120.35,121996422
2014-07-02,118.15,118.88,118.13,118.57,91311828
2014-07-03,119.08,119.54,118.07,118.81,148020128
2014-07-04,117.93,120.7,117.79,119.16,134291088
2014-07-05,118.77,119.48,118.48,119.16,71776405
2014-07-06,118.43,119.07,118.33,118.91,112997289
2014-07-07,116.34,118.5,115.49,118.48,79415675
2014-07-08,119.82,120.47,118.51,119.08,131872513
2014-07-09,119.82,119.83,118.79,119.17,113604985
2014-07-10,119.52,121.76,118.59,119.97,80681043
2014-07-11,119.16,122.05,118.74,120.09,72559192
2014-07-12,119.62,119.76,115.81,119.62,72679661
2014-07-13,116.79,119.47,116.0,119.06,108473767
2014-07-14,118.85,119.71,117.18,118.45,74855822
2014-07-15,118.02,118.54,117.85,118.33,141224328
2014-07-16,116.24,116.55,115.5,115.94,79935589
2014-07-17,118.3,118.43,116.03,116.45,83045396
2014-07-18,114.9,114.94,114.16,114.92,113822548
2014-07-19,115.12,115.21,114.35,115.1,128121147
2014-07-20,118.37,119.67,116.8,117.61,76832479
2014-07-21,116.08,117.94,115.14,116.03,126260857
2014-07-22,116.63,119.21,115.94,116.3,88562936
2014-07-23,118.84,121.05,115.43,118.43,66917921
2014-07-24,118.42,118.62,118.15,118.21,109110501
2014-07-25,115.01,115.76,114.33,115.73,167069206
2014-07-26,118.06,118.78,117.08,117.97,105039027
2014-07-27,119.81,120.88,118.69,118.79,71116999
2014-07-28,116.95,120.24,115.87,117.4,78242106
2014-07-29,116.7,118.27,115.74,117.0,124590451
2014-07-30,117.83,117.94,117.79,117.94,148539425
2014-07-31,116.33,117.7,115.78,117.46,151354148
2014-08-01,117.45,118.03,117.1,117.95,84502442
2014-08-02,118.1,118.12,115.52,116.52,106341872
2014-08-03,115.01,115.92,114.26,114.69,90635556
2014-08-04,115.93,116.63,114.89,115.96,83831216
2014-08-05,115.77,116.59,113.41,115.07,110508935
2014-08-06,116.0,116.28,114.98,115.04,85228478
2014-08-07,114.31,115.36,114.05,114.69,82260717
2014-08-08,113.63,113.73,113.24,113.39,124239449
2014-08-09,111.47,112.14,109.66,111.29,75091987
2014-08-10,112.89,113.95,110.78,111.72,68189150
2014-08-11,112.56,115.57,111.87,112.75,65591623
2014-08-12,112.49,112.57,111.54,112.43,82367848
2014-08-13,113.77,113.91,112.72,113.77,58483547
2014-08-14,113.74,115.09,113.25,113.81,91851857
2014-08-15,112.93,114.46,112.34,112.55,75815253
2014-08-16,114.55,115.53,114.33,115.21,162889534
2014-08-17,112.82,116.87,112.29,115.93,89474363
2014-08-18,115.13,115.82,114.4,115.29,143014844
2014-08-19,116.24,119.07,115.1,116.45,128846312
2014-08-20,119.86,120.98,119.72,119.82,154327471
2014-08-21,118.13,119.65,117.86,118.98,70485896
2014-08-22,117.35,118.66,115.85,116.95,139180855
2014-08-23,116.89,118.94,115.86,116.85,56106872
2014-08-24,119.12,119.33,117.92,118.22,70429732
2014-08-25,120.09,120.44,117.53,118.57,63929686
2014-08-26,120.29,120.83,119.4,119.94,107300011
2014-08-27,120.66,121.27,118.58,120.26,117605927
2014-08-28,119.27,119.59,118.97,119.49,74431381
2014-08-29,120.39,120.89,118.95,119.96,134886170
2014-08-30,122.89,123.45,121.28,122.0,68469785
2014-08-31,121.44,121.47,120.83,121.18,142434187
2014-09-01,121.83,121.99,121.55,121.82,116130498
2014-09-02,120.52,121.47,120.34,121.05,83320271
2014-09-03,119.52,122.04,119.05,119.79,91296667
2014-09-04,118.38,119.19,115.72,118.14,154233564
2014-09-05,117.31,118.95,116.02,118.19,129315287
2014-09-06,120.07,120.62,118.74,119.54,155020527
2014-09-07,116.18,120.07,115.94,119.19,83014236
2014-09-08,121.94,122.15,119.33,120.63,128624728
2014-09-09,119.11,119.55,118.31,119.01,165141070
2014-09-10,120.79,120.82,118.65,119.78,70511103
2014-09-11,118.57,119.83,118.17,119.33,88029096
2014-09-12,120.15,120.62,120.02,120.55,151864299
2014-09-13,121.74,122.03,121.25,121.48,87502073
2014-09-14,122.06,122.7,121.07,122.08,113802613
2014-09-15,121.96,123.47,120.91,121.46,75951431
2014-09-16,121.75,121.8,121.05,121.62,69419328
2014-09-17,123.09,123.84,122.0,122.79,124237259
2014-09-18,124.46,124.51,123.67,123.93,77635136
2014-09-19,124.8,125.26,124.18,124.76,141080605
2014-09-20,125.54,126.3,125.33,125.95,103720228
2014-09-21,128.03,129.55,126.54,127.56,61585035
2014-09-22,127.71,129.45,126.32,127.16,100868986
2014-09-23,127.43,128.35,127.11,127.68,95289526
2014-09-24,127.49,127.57,126.99,127.26,93549439
2014-09-25,127.83,128.31,125.78,127.18,75041070
2014-09-26,128.05,128.56,127.2,127.57,152918456
2014-09-27,127.59,128.64,127.2,128.04,109334152
2014-09-28,131.49,132.22,131.14,131.38,64700897
2014-09-29,129.74,130.55,129.53,129.92,131088129
2014-09-30,131.39,132.38,130.38,131.08,124741613
2014-10-01,128.76,129.75,127.86,129.08,145087324
2014-10-02,129.63,130.05,127.59,127.99,78782783
2014-10-03,130.13,131.01,129.35,129.37,90969076
2014-10-04,132.73,132.85,128.6,131.45,94016154
2014-10-05,131.16,131.31,129.41,131.0,75750411
2014-10-06,133.99,135.65,131.12,134.23,82314932
2014-10-07,133.84,134.49,133.18,133.39,158637035
2014-10-08,133.73,134.19,133.16,134.11,75873225
2014-10-09,131.29,136.05,130.86,133.16,148196700
2014-10-10,135.55,135.68,134.93,135.4,169730128
2014-10-11,136.08,137.09,134.99,135.71,130308725
2014-10-12,133.95,136.47,133.21,135.35,89081447
2014-10-13,135.49,135.98,135.29,135.68,60240397
2014-10-14,133.79,134.78,133.51,134.69,132350093
2014-10-15,133.51,136.08,131.57,133.68,128652454
2014-10-16,135.83,136.72,133.3,134.57,67594664
2014-10-17,133.13,135.39,133.07,133.66,80890308
2014-10-18,132.91,132.93,131.85,132.89,97313359
2014-10-19,133.29,133.38,131.92,132.69,97312965
2014-10-20,132.76,133.06,132.08,132.69,112406861
2014-10-21,130.19,132.55,129.2,130.56,94235312
2014-10-22,129.07,130.19,127.95,128.73,133444384
2014-10-23,131.23,132.0,130.52,131.03,83250413
2014-10-24,132.59,133.1,131.41,131.75,137804200
2014-10-25,133.51,133.86,132.55,132.82,59904918
2014-10-26,131.55,132.58,129.23,130.08,111911240
2014-10-27,131.32,131.61,130.34,131.0,96328559
2014-10-28,132.67,133.64,131.98,132.3,101038597
2014-10-29,133.4,134.01,133.14,133.68,107827506
2014-10-30,133.27,134.65,133.21,133.87,127671439
2014-10-31,135.61,137.61,134.87,135.31,126523563
2014-11-01,138.45,138.82,138.38,138.53,110056678
2014-11-02,139.09,139.66,137.62,139.6,97239424
2014-11-03,138.75,139.04,136.54,137.78,88911214
2014-11-04,139.52,139.72,138.4,139.2,78613567
2014-11-05,137.57,139.7,137.26,138.41,87111660
2014-11-06,138.38,138.42,136.96,138.29,116766315
2014-11-07,138.77,139.22,138.4,138.52,51551614
2014-11-08,137.7,138.98,137.03,137.41,62287154
2014-11-09,138.61,139.51,137.88,137.92,73750648
2014-11-10,137.78,139.04,136.99,137.61,68769175
2014-11-11,137.64,137.76,136.88,137.24,98569147
2014-11-12,134.76,135.47,132.98,135.32,138042954
2014-11-13,137.61,138.39,137.56,137.92,129111380
2014-11-14,142.51,142.53,136.29,137.04,107167872
2014-11-15,136.09,137.29,135.16,136.5,133858814
2014-11-16,137.11,138.76,133.81,138.68,122617453
2014-11-17,136.91,138.89,136.45,138.08,81895416
2014-11-18,140.31,141.43,139.88,140.1,67935479
2014-11-19,143.31,144.27,139.84,142.6,79912889
2014-11-20,145.84,146.21,144.28,144.71,163908368
2014-11-21,142.35,144.14,142.05,143.27,70737793
2014-11-22,143.28,143.44,141.85,143.31,101500315
2014-11-23,143.82,144.21,143.1,143.41,130451015
2014-11-24,142.31,143.02,140.61,142.09,114826374
2014-11-25,142.62,145.42,141.81,143.35,90854708
2014-11-26,141.11,141.16,139.28,140.69,77175217
2014-11-27,139.21,141.16,137.0,139.71,112031111
2014-11-28,139.56,141.28,139.48,140.73,62806086
2014-11-29,139.28,140.64,137.76,139.58,144526120
2014-11-30,140.27,141.02,136.66,138.49,158021255
2014-12-01,138.37,139.12,137.83,138.15,63831252
2014-12-02,136.08,137.01,134.5,136.42,127639148
2014-12-03,136.9,138.95,134.75,137.49,104778376
2014-12-04,137.08,137.27,136.89,137.16,100995815
2014-12-05,136.24,138.08,135.4,137.63,85463119
2014-12-06,136.14,139.59,136.02,137.63,72262104
2014-12-07,138.51,139.04,138.31,138.35,115243160
2014-12-08,135.57,137.9,135.57,137.26,68375710
2014-12-09,135.61,139.22,135.0,136.23,141220839
2014-12-10,135.3,137.51,132.53,134.43,107744889
2014-12-11,132.9,134.22,132.66,133.35,64404352
2014-12-12,135.07,135.53,134.79,135.14,77656278
2014-12-13,136.01,138.16,133.83,134.2,79440603
2014-12-14,133.17,133.56,132.72,133.02,106149206
2014-12-15,132.33,132.61,132.22,132.38,124695035
2014-12-16,131.61,132.17,131.07,132.0,91785559
2014-12-17,131.15,131.84,129.76,130.78,154746637
2014-12-18,127.52,128.02,126.72,127.84,121521426
2014-12-19,127.94,129.65,127.59,128.65,157131772
2014-12-20,127.13,127.96,126.71,127.14,142322359
2014-12-21,127.26,130.06,127.21,127.73,72374551
2014-12-22,129.12,129.25,127.83,128.46,85353891
2014-12-23,126.5,126.68,125.88,125.95,68239807
2014-12-24,128.15,128.37,126.3,126.96,65276283
2014-12-25,127.69,128.43,126.95,127.13,58284326
2014-12-26,127.6,129.02,126.51,127.84,74299101
2014-12-27,129.05,129.16,128.2,128.44,110028335
2014-12-28,128.94,131.11,128.37,129.73,72438328
2014-12-29,129.54,129.54,129.16,129.51,52924315
2014-12-30,134.49,136.3,132.5,132.56,74203482
2014-12-31,134.42,135.64,133.29,133.67,112916140
2015-01-01,132.19,133.73,131.38,133.72,87468492
2015-01-02,134.58,134.97,131.7,132.19,56909918
2015-01-03,133.89,135.19,131.33,132.56,105187604
2015-01-04,129.41,129.85,129.34,129.72,122045090
2015-01-05,130.8,131.08,129.65,130.36,101008269
2015-01-06,131.1,131.63,130.83,131.07,56500313
2015-01-07,130.46,132.85,129.03,129.81,76861363
2015-01-08,127.57,128.71,127.24,127.61,105438993
2015-01-09,128.1,128.32,127.62,127.85,84449337
2015-01-10,126.86,127.82,125.93,127.63,152132573
2015-01-11,128.09,128.22,126.62,126.85,120162317
2015-01-12,126.44,127.02,125.2,125.98,121959480
2015-01-13,125.85,126.41,124.19,126.38,52773351
2015-01-14,128.64,129.75,126.23,127.71,112050380
2015-01-15,128.89,129.4,128.56,129.22,156526098
2015-01-16,130.69,131.05,129.55,130.85,136697585
2015-01-17,131.5,132.47,130.84,131.68,86873681
2015-01-18,130.23,130.49,128.91,130.29,163508512
2015-01-19,126.27,129.54,126.22,129.09,108317647
2015-01-20,130.62,131.16,129.69,130.01,55868576
2015-01-21,132.14,132.87,131.93,132.73,95488721
2015-01-22,133.48,134.39,131.0,131.17,107393395
2015-01-23,133.26,133.91,132.39,132.73,139286631
2015-01-24,129.86,130.78,129.68,130.49,132546175
2015-01-25,130.78,131.08,129.89,130.5,53082489
2015-01-26,128.12,129.5,128.09,129.26,159900606
2015-01-27,129.15,129.27,127.85,128.96,128458119
2015-01-28,131.36,132.34,128.14,129.17,86867457
2015-01-29,130.22,130.33,130.06,130.2,136253646
2015-01-30,129.98,130.81,129.82,130.18,126928124
2015-01-31,131.43,132.24,131.36,131.55,120166183
2015-02-01,133.91,135.71,132.77,132.77,115198002
2015-02-02,132.92,133.74,132.91,133.08,145368128
2015-02-03,133.77,134.64,132.09,134.47,62896352
2015-02-04,135.74,135.99,134.43,135.76,141559661
2015-02-05,136.43,136.44,136.05,136.17,151433941
2015-02-06,132.2,134.37,131.92,133.89,66717056
2015-02-07,130.75,132.05,130.02,131.14,85152890
2015-02-08,130.76,132.85,130.04,130.79,101279370
2015-02-09,129.99,130.07,129.98,130.02,61694959
2015-02-10,128.94,129.28,127.99,129.24,107762949
2015-02-11,128.56,128.69,127.34,128.35,131101704
2015-02-12,130.4,131.27,129.62,130.1,163966156
2015-02-13,126.86,129.67,125.4,128.77,108703099
2015-02-14,126.92,126.99,126.87,126.89,86995103
2015-02-15,124.63,125.49,122.88,124.2,68881590
2015-02-16,126.39,126.72,126.08,126.67,103648483
2015-02-17,129.01,129.56,126.97,127.91,124169932
2015-02-18,127.09,127.13,125.99,126.72,85075130
2015-02-19,124.94,125.81,124.88,125.46,141725471
2015-02-20,123.84,124.11,122.49,123.75,148703662
2015-02-21,123.96,124.65,122.39,123.52,82080289
2015-02-22,123.43,123.88,122.19,122.55,116923676
2015-02-23,126.23,126.3,125.84,125.97,64988995
2015-02-24,127.68,127.91,122.87,126.74,118690129
2015-02-25,127.73,128.02,127.36,127.47,117228098
2015-02-26,128.8,129.01,126.81,128.79,149810024
2015-02-27,128.82,130.02,128.73,129.57,79877502
2015-02-28,128.94,129.57,128.16,128.36,67581587
2015-03-01,127.02,127.12,126.21,127.07,64802782
2015-03-02,129.56,130.4,126.71,128.39,85505568
2015-03-03,128.09,128.18,126.63,128.15,143934447
2015-03-04,128.43,128.95,125.71,126.94,77167694
2015-03-05,124.13,124.25,123.57,124.18,168251064
2015-03-06,122.81,125.05,122.67,123.26,110198829
2015-03-07,123.93,124.21,122.96,123.42,87285126
2015-03-08,121.84,122.97,121.8,122.18,74364892
2015-03-09,122.67,123.04,122.58,122.6,111408740
2015-03-10,122.93,123.58,121.5,122.34,55420042
2015-03-11,122.23,122.69,118.19,121.63,115992844
2015-03-12,120.5,120.91,120.13,120.41,74284429
2015-03-13,120.33,122.68,119.79,121.22,101251855
2015-03-14,120.69,121.25,120.32,120.87,81747139
2015-03-15,121.35,121.55,121.35,121.43,56321006
2015-03-16,120.98,123.4,119.72,121.0,146582198
2015-03-17,120.45,121.99,120.32,121.19,78987920
2015-03-18,119.4,120.2,118.91,119.88,134683672
2015-03-19,121.98,122.43,120.55,120.67,144753051
2015-03-20,122.02,122.86,120.81,122.2,134139557
2015-03-21,122.29,122.39,121.88,122.0,95986714
2015-03-22,124.69,124.82,123.05,123.4,124529119
2015-03-23,122.21,122.76,121.63,122.53,140155599
2015-03-24,121.56,122.01,120.46,121.76,97833143
2015-03-25,118.15,118.34,117.3,118.08,124136530
2015-03-26,120.37,121.25,119.15,119.74,85543979
2015-03-27,122.11,122.63,121.48,121.81,109766834
2015-03-28,119.79,123.22,119.38,121.64,144733788
2015-03-29,120.54,120.56,120.05,120.56,118833182
2015-03-30,124.54,124.9,123.33,123.39,93967428
2015-03-31,122.27,122.36,119.26,122.04,95187775
2015-04-01,123.57,124.48,122.47,123.33,104910883
2015-04-02,124.4,124.67,124.12,124.44,107536982
2015-04-03,123.11,127.62,122.71,124.71,122762466
2015-04-04,125.47,125.51,125.36,125.41,76604265
2015-04-05,126.85,126.99,126.47,126.88,58091652
2015-04-06,127.98,128.3,124.93,125.23,89513006
2015-04-07,126.3,126.34,125.81,126.19,148938451
2015-04-08,126.8,127.19,125.67,126.65,140616345
2015-04-09,127.92,128.05,125.7,126.42,60723943
2015-04-10,126.78,126.9,126.78,126.88,92274227
2015-04-11,126.12,126.77,125.24,125.55,152635302
2015-04-12,121.44,122.16,120.25,121.58,127065330
2015-04-13,122.41,122.6,121.8,122.22,117287081
2015-04-14,121.26,123.67,120.8,123.18,97465350
2015-04-15,122.68,124.37,121.98,124.03,81522607
2015-04-16,124.94,125.37,123.5,123.8,107583524
2015-04-17,122.09,122.27,119.74,122.22,137223742
2015-04-18,122.13,123.27,121.88,122.53,90198301
2015-04-19,121.9,123.35,121.69,123.21,146245359
2015-04-20,123.45,125.51,122.7,124.2,82756659
2015-04-21,123.9,124.12,123.0,123.8,101585028
2015-04-22,123.8,125.86,121.79,123.96,143938808
2015-04-23,124.98,125.02,124.02,124.25,102613198
2015-04-24,122.77,123.96,121.79,123.43,70939512
2015-04-25,125.18,126.51,124.77,125.67,91804922
2015-04-26,128.57,129.0,127.47,128.23,124857373
2015-04-27,128.93,129.02,128.14,128.86,137888765
2015-04-28,130.54,131.21,128.43,128.64,84345218
2015-04-29,128.36,128.46,128.28,128.35,100249007
2015-04-30,129.89,131.23,128.27,129.91,97817063
2015-05-01,131.49,131.88,129.01,130.56,156909432
2015-05-02,130.36,130.38,129.43,130.25,71739575
2015-05-03,132.79,135.45,131.66,132.0,138955947
2015-05-04,130.9,131.34,128.5,129.97,166822505
2015-05-05,127.53,128.45,127.25,128.18,139959823
2015-05-06,128.45,131.46,127.39,128.41,141186748
2015-05-07,130.26,133.21,128.1,131.46,133292318
2015-05-08,130.71,131.64,130.49,130.72,126351273
2015-05-09,131.74,133.01,129.76,130.85,79641772
2015-05-10,127.32,130.93,126.06,129.75,153318179
2015-05-11,131.0,131.48,130.34,131.4,100598046
2015-05-12,133.18,134.04,132.72,133.3,135923359
2015-05-13,134.78,136.84,133.98,134.53,119884512
2015-05-14,131.35,131.45,127.97,131.14,173620566
2015-05-15,131.67,132.16,131.62,132.03,73189678
2015-05-16,135.67,135.76,134.01,134.57,114591590
2015-05-17,133.61,134.99,133.12,134.92,102183759
2015-05-18,136.23,137.89,135.24,135.51,86601664
2015-05-19,136.65,136.86,136.61,136.65,99602001
2015-05-20,135.63,136.59,134.96,136.39,150580631
2015-05-21,136.91,137.19,135.75,136.2,111788092
2015-05-22,136.88,136.9,135.96,136.17,78894512
2015-05-23,135.95,137.08,135.47,136.78,84481929
2015-05-24,135.7,135.96,134.69,135.0,90641715
2015-05-25,137.43,137.77,135.66,137.4,126122432
2015-05-26,133.41,138.75,133.28,137.88,78441660
2015-05-27,135.83,137.08,133.01,136.17,123484581
2015-05-28,136.14,136.43,135.49,135.96,98245416
2015-05-29,136.24,137.4,136.15,136.63,147578616
2015-05-30,134.78,135.11,134.52,134.65,105696090
2015-05-31,136.15,137.26,135.78,135.87,56713144
2015-06-01,137.85,138.43,137.59,138.14,85118677
2015-06-02,136.44,137.15,135.75,136.98,78953256
2015-06-03,137.41,137.72,136.67,136.88,102208968
2015-06-04,137.24,137.56,135.41,136.51,141136611
2015-06-05,136.15,136.95,135.62,136.07,63432173
2015-06-06,135.48,136.72,134.46,134.91,84555605
2015-06-07,133.29,136.52,131.47,133.77,109780653
2015-06-08,134.49,134.65,133.88,134.43,79727452
2015-06-09,132.56,137.36,132.54,133.21,146035172
2015-06-10,133.66,135.21,133.21,134.07,115326422
2015-06-11,134.23,134.35,132.95,134.31,147122636
2015-06-12,132.5,134.45,131.65,133.52,147755086
2015-06-13,134.01,134.28,132.36,133.84,114283272
2015-06-14,135.7,138.2,135.47,135.6,156800214
2015-06-15,136.47,136.9,134.67,135.48,81755338
2015-06-16,135.37,135.6,132.2,134.67,152233755
2015-06-17,136.2,136.78,134.92,136.56,145368873
2015-06-18,134.43,136.44,134.12,134.74,103018717
2015-06-19,133.92,134.21,133.48,133.54,138866294
2015-06-20,132.86,133.02,131.86,132.77,135747825
2015-06-21,131.93,133.55,131.5,131.93,92248501
2015-06-22,133.4,135.19,130.84,133.87,149824412
2015-06-23,133.07,133.84,131.98,132.87,65853291
2015-06-24,130.8,131.48,130.71,130.95,138545187
2015-06-25,133.05,133.41,132.96,133.33,121777343
2015-06-26,132.34,133.44,132.21,132.91,129366868
2015-06-27,130.15,133.5,129.59,132.23,147481578
2015-06-28,133.37,135.52,132.93,134.59,112395196
2015-06-29,134.3,134.52,134.05,134.25,59533469
2015-06-30,133.67,133.81,132.39,132.86,149154964
2015-07-01,135.56,136.1,135.38,136.08,66492206
2015-07-02,136.14,140.32,135.43,137.32,113401513
2015-07-03,141.37,143.02,140.39,140.69,128125085
2015-07-04,138.84,139.44,138.68,138.98,143652229
2015-07-05,139.5,139.86,138.85,139.24,102598841
2015-07-06,139.95,140.18,139.8,140.0,98387257
2015-07-07,139.98,140.3,139.97,140.12,99038046
2015-07-08,136.93,140.12,135.89,138.36,118472689
2015-07-09,139.72,140.2,138.91,139.77,159956201
2015-07-10,139.9,141.43,139.78,140.18,70334236
2015-07-11,139.43,142.55,139.27,140.6,121528245
2015-07-12,142.04,142.83,139.14,141.31,91279729
2015-07-13,142.8,142.97,141.72,142.43,110682343
2015-07-14,144.22,144.49,142.47,142.74,149272891
2015-07-15,142.25,143.65,142.03,143.39,106183447
2015-07-16,143.58,143.69,142.52,143.65,91879170
2015-07-17,145.53,146.02,143.46,143.83,81257611
2015-07-18,144.21,144.35,142.3,143.16,118739199
2015-07-19,144.49,144.76,142.89,143.62,68781615
2015-07-20,142.01,142.94,141.0,142.7,129455820
2015-07-21,145.55,146.26,144.38,144.52,62742552
2015-07-22,142.92,144.2,142.91,144.19,123849390
2015-07-23,141.67,144.02,141.2,142.82,110031906
2015-07-24,141.31,142.35,141.15,142.33,145658431
2015-07-25,141.24,141.49,140.95,141.35,62846257
2015-07-26,141.2,141.33,139.47,140.06,96020399
2015-07-27,140.23,141.16,139.22,140.29,121370341
2015-07-28,140.18,140.7,139.85,140.66,93727638
2015-07-29,141.74,142.78,139.86,140.66,71602713
2015-07-30,143.54,143.57,143.29,143.49,177751127
2015-07-31,143.05,144.83,139.87,142.95,91359799
2015-08-01,142.52,146.23,141.2,144.02,55858049
2015-08-02,145.53,146.7,144.56,145.38,124846170
2015-08-03,147.58,149.02,145.67,147.1,65284153
2015-08-04,145.0,145.4,142.68,145.38,163908095
2015-08-05,145.61,145.86,145.58,145.72,62150833
2015-08-06,147.46,147.5,143.53,144.55,71087616
2015-08-07,142.98,143.3,142.68,143.25,75216558
2015-08-08,143.47,144.09,142.57,143.07,74250854
2015-08-09,143.99,144.0,143.91,143.94,134167723
2015-08-10,144.28,144.8,143.78,144.6,73980817
2015-08-11,144.5,145.29,144.23,144.46,77080426
2015-08-12,145.67,146.5,145.1,145.54,96550343
2015-08-13,146.81,147.6,145.04,146.24,110540385
2015-08-14,147.31,147.36,146.37,146.59,74085027
2015-08-15,149.25,150.39,148.74,150.05,119536656
2015-08-16,148.26,152.1,145.24,147.5,121805255
2015-08-17,149.5,150.39,148.97,149.79,158402924
2015-08-18,148.09,150.7,148.05,149.04,110517821
2015-08-19,149.88,150.67,148.16,149.71,115240828
2015-08-20,149.87,150.72,147.49,150.09,71288746
2015-08-21,149.27,149.59,148.93,149.36,86985785
2015-08-22,152.4,152.79,148.96,150.7,83502978
2015-08-23,153.54,154.91,152.18,152.83,61726304
2015-08-24,153.15,153.77,152.65,153.09,145130519
2015-08-25,151.83,153.99,151.27,152.21,82825844
2015-08-26,149.73,153.09,149.31,151.32,107701075
2015-08-27,149.66,149.75,149.06,149.42,64453554
2015-08-28,150.73,151.13,150.44,150.8,148433248
2015-08-29,152.1,153.71,149.84,150.9,74105294
2015-08-30,150.88,151.23,150.31,151.05,78035811
2015-08-31,151.39,152.2,150.53,151.52,79258555
2015-09-01,151.68,152.0,151.43,151.95,87528279
2015-09-02,147.76,151.26,147.76,150.1,80195011
2015-09-03,148.49,150.81,146.87,150.31,136656380
2015-09-04,151.65,151.78,151.12,151.14,157969303
2015-09-05,148.02,149.76,147.58,148.52,71042647
2015-09-06,147.47,148.61,146.87,148.38,93559535
2015-09-07,151.33,151.82,151.2,151.79,86523031
2015-09-08,153.32,153.44,151.12,152.07,143362916
2015-09-09,154.37,155.43,153.8,154.95,142764005
2015-09-10,153.55,154.33,152.18,153.51,121347334
2015-09-11,152.74,152.74,152.19,152.34,128357964
2015-09-12,152.55,153.8,150.16,152.35,149751239
2015-09-13,154.6,154.66,152.52,153.04,142080216
2015-09-14,153.79,154.02,152.71,152.95,127318056
2015-09-15,151.03,153.72,150.75,152.66,123226734
2015-09-16,155.72,158.45,153.24,153.87,152281569
2015-09-17,155.17,158.51,155.1,156.46,121819342
2015-09-18,157.75,158.28,157.58,158.22,69466795
2015-09-19,156.92,160.47,155.33,159.43,81609186
2015-09-20,160.5,161.15,159.2,159.72,144312471
2015-09-21,163.05,163.84,161.57,161.64,64726467
2015-09-22,164.93,165.64,160.95,162.23,149824538
2015-09-23,160.64,161.73,159.12,160.37,71709866
2015-09-24,156.9,158.9,156.52,157.87,100183064
2015-09-25,156.38,156.45,156.01,156.18,61841533
2015-09-26,155.66,160.18,154.34,157.25,63719717
2015-09-27,157.58,158.06,157.2,157.73,132431772
2015-09-28,158.05,158.28,156.29,157.15,67395143
2015-09-29,158.97,159.19,155.61,157.38,149855891
2015-09-30,153.88,154.3,153.19,153.99,153123444
2015-10-01,155.13,156.94,154.19,155.39,143506830
2015-10-02,156.4,156.63,155.65,156.13,154148350
2015-10-03,158.5,158.55,152.57,154.01,123193615
2015-10-04,156.36,156.83,153.58,156.26,74964193
2015-10-05,156.11,157.22,155.89,156.21,118943876
2015-10-06,156.13,157.11,155.99,156.67,54683183
2015-10-07,152.36,154.51,152.19,154.38,116946096
2015-10-08,155.57,155.88,154.1,154.35,99798291
2015-10-09,153.53,154.27,153.15,153.59,96083647
2015-10-10,154.17,154.82,152.84,154.01,94412164
2015-10-11,153.01,155.54,151.83,154.13,52351719
2015-10-12,156.78,157.43,155.38,155.65,88974935
2015-10-13,153.7,155.72,152.25,153.93,77547682
2015-10-14,151.65,153.1,151.47,151.71,131953361
2015-10-15,148.5,150.24,147.16,149.73,110537074
2015-10-16,149.69,151.02,147.82,148.02,73631742
2015-10-17,151.1,151.15,149.98,150.94,67205051
2015-10-18,148.29,152.66,147.85,150.62,56230530
2015-10-19,150.46,150.75,149.2,150.39,118265122
2015-10-20,148.45,148.69,147.91,148.43,126876329
2015-10-21,153.11,153.66,151.09,151.74,156133343
2015-10-22,154.72,155.56,152.19,153.49,58957394
2015-10-23,155.14,156.13,154.98,155.29,93753395
2015-10-24,155.32,157.02,155.3,156.6,58970777
2015-10-25,158.67,159.15,158.63,158.98,154575016
2015-10-26,158.9,160.2,158.17,158.69,133837363
2015-10-27,157.0,157.1,156.18,156.96,56568159
2015-10-28,158.43,158.55,157.46,158.53,77135392
2015-10-29,159.56,162.31,158.71,160.49,140022572
2015-10-30,164.72,165.12,163.12,163.52,132482100
2015-10-31,163.81,164.45,160.2,162.96,151907839
2015-11-01,161.94,162.2,161.7,162.18,105387850
2015-11-02,160.93,161.16,160.41,160.89,87520696
2015-11-03,162.61,163.92,160.47,162.62,91077188
2015-11-04,165.4,165.62,162.79,164.01,137293539
2015-11-05,164.03,164.97,163.13,163.81,68032327
2015-11-06,165.38,168.99,164.5,165.13,97208698
2015-11-07,165.38,165.65,164.49,165.0,97906346
2015-11-08,165.54,165.91,163.38,163.67,141461429
2015-11-09,162.07,162.68,161.38,162.1,59273388
2015-11-10,162.9,163.08,161.48,162.46,106978441
2015-11-11,159.8,161.16,158.83,160.35,66567367
2015-11-12,158.84,160.53,157.72,158.55,94667911
2015-11-13,157.36,158.82,156.05,156.29,139420238
2015-11-14,161.94,162.96,155.35,157.51,66525454
2015-11-15,160.1,163.37,158.28,160.52,168992192
2015-11-16,158.62,159.51,158.31,159.36,91953786
2015-11-17,157.81,159.98,156.9,159.12,65159423
2015-11-18,162.14,162.64,160.4,160.98,81783675
2015-11-19,159.87,160.75,159.76,160.31,57402002
2015-11-20,158.57,160.52,158.26,160.46,60739514
2015-11-21,165.69,166.09,160.82,164.22,116636673
2015-11-22,165.88,166.06,165.19,165.68,111549549
2015-11-23,164.14,165.35,163.7,165.24,118270932
2015-11-24,166.05,166.08,165.75,165.85,89229589
2015-11-25,163.7,165.06,162.46,163.62,129865160
2015-11-26,163.54,165.68,163.09,163.8,142751118
2015-11-27,166.65,167.9,163.72,164.72,150489923
2015-11-28,161.71,163.53,161.34,161.78,86960486
2015-11-29,160.91,163.09,160.06,161.47,129172535
2015-11-30,160.1,161.76,156.66,160.2,106561332
2015-12-01,159.88,161.76,159.45,159.68,55357523
2015-12-02,154.26,156.08,153.95,154.21,69681479
2015-12-03,153.22,156.12,152.86,154.13,121395713
2015-12-04,153.02,153.73,151.76,153.32,139933889
2015-12-05,149.94,150.75,148.27,150.13,63039366
2015-12-06,151.65,153.76,150.33,152.65,164689742
2015-12-07,150.54,153.37,149.97,150.23,165585282
2015-12-08,147.95,148.61,147.15,148.43,60939966
2015-12-09,147.62,148.07,146.18,146.52,166840569
2015-12-10,147.54,147.97,147.35,147.62,83819358
2015-12-11,146.09,147.78,145.74,146.69,138311990
2015-12-12,147.56,147.68,144.79,145.97,130884541
2015-12-13,146.02,146.16,145.44,145.67,129760334
2015-12-14,143.52,144.16,142.58,143.28,126003783
2015-12-15,143.55,143.82,142.84,143.34,93490688
2015-12-16,144.52,145.41,142.37,144.02,110781307
2015-12-17,144.03,144.68,141.8,143.21,80119291
2015-12-18,142.78,143.2,142.12,142.49,128342760
2015-12-19,145.98,148.9,145.6,145.66,96493923
2015-12-20,144.53,148.43,142.53,145.67,53794291
2015-12-21,144.91,145.79,143.83,145.38,78561467
2015-12-22,144.82,145.31,142.55,144.72,78187171
2015-12-23,146.34,146.46,143.39,144.78,110450453
2015-12-24,146.59,149.16,146.55,147.34,161902402
2015-12-25,145.98,148.12,145.08,147.28,50570063
2015-12-26,148.3,149.27,146.73,147.93,69184484
2015-12-27,147.07,147.49,146.87,147.34,101526593
2015-12-28,145.56,146.21,143.92,144.66,110135101
2015-12-29,146.76,147.16,144.96,145.13,133257350
2015-12-30,151.16,151.44,147.62,148.7,64386351
2015-12-31,148.81,149.18,148.59,148.74,55547455
2016-01-01,151.07,152.79,147.78,150.33,137131965
2016-01-02,148.89,149.13,148.86,149.08,83712996
2016-01-03,147.67,147.82,147.52,147.65,80478231
2016-01-04,147.77,148.14,147.15,147.33,116650303
2016-01-05,146.44,147.0,145.64,146.16,141829469
2016-01-06,143.78,144.75,142.9,143.78,153389055
2016-01-07,142.96,143.12,141.83,143.03,73570656
2016-01-08,140.47,141.05,140.42,140.72,112640224
2016-01-09,145.1,145.16,142.23,142.81,159261435
2016-01-10,143.24,143.54,141.46,142.41,75265183
2016-01-11,140.0,142.14,139.38,141.75,71134052
2016-01-12,143.66,143.93,143.02,143.31,136081748
2016-01-13,141.58,142.05,140.64,140.98,87097533
2016-01-14,142.89,144.13,142.57,142.64,144284666
2016-01-15,139.9,142.94,137.72,140.84,85444671
2016-01-16,135.98,136.95,134.89,136.1,198266862
2016-01-17,134.81,135.88,134.78,135.19,93842952
2016-01-18,137.2,137.28,136.42,136.83,141422438
2016-01-19,136.4,136.54,135.24,136.51,60843482
2016-01-20,135.76,136.38,133.97,135.45,93407627
2016-01-21,137.1,137.87,136.11,136.76,142600023
2016-01-22,138.38,139.28,137.63,138.7,91684319
2016-01-23,137.7,138.18,137.28,137.4,159783173
2016-01-24,136.67,138.07,134.96,136.61,140849659
2016-01-25,136.35,137.46,135.64,137.35,128484854
2016-01-26,136.19,136.31,135.05,135.71,57710312
2016-01-27,135.38,135.49,134.37,135.45,149679598
2016-01-28,136.38,138.01,134.67,137.16,168395091
2016-01-29,136.2,137.05,135.75,136.47,115159446
2016-01-30,137.05,137.25,136.23,136.39,135082282
2016-01-31,135.92,136.97,135.56,136.35,139919656
2016-02-01,138.73,139.19,138.48,138.8,88020188
2016-02-02,140.56,141.61,140.22,140.27,58236340
2016-02-03,140.16,140.54,136.94,138.92,156894035
2016-02-04,139.18,139.19,138.0,139.12,141765644
2016-02-05,137.41,139.15,135.88,139.14,57612196
2016-02-06,139.91,140.17,138.27,139.01,52702105
2016-02-07,136.42,140.14,135.16,136.56,118706200
2016-02-08,133.6,137.92,133.56,135.8,138583210
2016-02-09,134.98,135.73,133.01,133.85,136432076
2016-02-10,135.11,136.66,131.96,134.5,55473760
2016-02-11,137.53,137.79,133.85,134.5,124206484
2016-02-12,136.87,137.35,136.17,136.53,141344933
2016-02-13,137.82,137.9,134.79,137.37,121166370
2016-02-14,136.1,137.32,134.71,136.12,124704884
2016-02-15,135.62,136.44,135.47,135.8,123142623
2016-02-16,135.39,135.57,134.31,134.32,159980740
2016-02-17,134.91,135.97,133.41,134.04,139578414
2016-02-18,133.33,133.43,132.14,132.91,101651729
2016-02-19,131.24,132.07,131.12,131.53,164468546
2016-02-20,134.03,136.33,133.65,133.81,150255930
2016-02-21,136.32,136.65,134.05,135.34,125162741
2016-02-22,136.17,136.26,133.76,135.73,132409103
2016-02-23,135.16,135.58,133.99,134.84,138066966
2016-02-24,135.37,135.71,132.23,134.64,64304414
2016-02-25,135.41,135.73,134.11,134.53,131566750
2016-02-26,134.43,134.78,133.79,134.26,140739204
2016-02-27,131.61,133.37,131.32,132.8,125587743
2016-02-28,133.01,133.89,130.66,132.6,64157486
2016-02-29,129.28,129.49,128.24,129.23,150343911
2016-03-01,130.3,130.43,129.13,130.01,88174516
2016-03-02,129.98,130.66,129.22,129.59,114385189
2016-03-03,130.97,131.22,129.7,130.33,88395703
2016-03-04,128.29,130.19,127.27,129.75,132384360
2016-03-05,132.94,133.16,130.5,131.89,151912583
2016-03-06,130.29,133.13,129.66,132.11,127276163
2016-03-07,133.57,134.17,133.45,133.64,74171994
2016-03-08,133.96,135.78,133.64,134.52,136408514
2016-03-09,133.73,134.18,133.27,133.37,151220174
2016-03-10,130.89,131.31,130.1,130.37,177942179
2016-03-11,130.01,131.37,129.43,130.2,98162918
2016-03-12,130.86,131.53,130.1,131.49,72912637
2016-03-13,134.93,135.18,133.26,133.81,67771375
2016-03-14,131.13,135.58,131.04,134.17,71465484
2016-03-15,135.48,136.06,134.98,135.34,72126861
2016-03-16,133.72,133.92,133.2,133.68,91656069
2016-03-17,135.08,135.72,131.09,132.09,114427228
2016-03-18,128.33,130.22,126.87,129.72,79556232
2016-03-19,129.63,130.83,129.28,130.66,154196686
2016-03-20,131.02,131.5,130.81,131.4,146153249
2016-03-21,132.16,132.81,131.76,132.55,93995430
2016-03-22,134.14,134.63,131.35,132.67,135491228
2016-03-23,132.38,132.42,130.35,132.07,137363365
2016-03-24,133.3,134.08,131.77,132.97,129181250
2016-03-25,131.83,132.5,130.47,131.97,99622237
2016-03-26,134.04,134.23,132.23,133.91,86695219
2016-03-27,133.53,134.96,132.03,133.79,100607124
2016-03-28,133.55,133.9,133.19,133.78,117670204
2016-03-29,135.88,136.42,135.56,135.97,111656867
2016-03-30,137.25,137.5,136.42,136.51,130404751
2016-03-31,136.0,136.68,135.05,135.9,59911808
2016-04-01,134.77,136.08,134.52,134.83,129820356
2016-04-02,134.54,134.91,133.88,134.16,73975822
2016-04-03,133.54,133.7,133.1,133.2,70238765
2016-04-04,134.05,135.58,133.63,133.78,153354259
2016-04-05,134.4,134.77,133.46,134.53,138136121
2016-04-06,135.16,135.51,134.69,135.44,84971401
2016-04-07,139.65,140.51,137.95,139.23,67444649
2016-04-08,138.81,144.89,137.88,140.06,70340728
2016-04-09,140.69,141.32,138.12,139.9,51986910
2016-04-10,141.1,141.83,138.1,140.45,113686335
2016-04-11,143.29,143.59,142.53,143.42,139630024
2016-04-12,143.86,144.17,141.57,142.91,152344143
2016-04-13,142.63,145.95,141.52,142.12,70743879
2016-04-14,140.46,143.33,138.95,141.18,142071530
2016-04-15,141.19,141.21,140.14,140.73,84263419
2016-04-16,138.75,140.1,138.37,139.58,89086380
2016-04-17,137.83,138.61,135.81,137.38,154899340
2016-04-18,136.8,141.33,136.53,137.09,133102153
2016-04-19,133.7,135.7,133.45,133.89,114226579
2016-04-20,133.44,133.51,132.97,133.11,157515318
2016-04-21,132.68,132.81,132.39,132.67,111596920
2016-04-22,130.59,130.86,129.57,130.61,80860762
2016-04-23,130.65,131.84,129.82,130.69,108224258
2016-04-24,128.78,128.84,128.45,128.53,129321176
2016-04-25,125.86,126.42,123.96,125.72,92179540
2016-04-26,125.65,125.68,124.22,125.54,67169144
2016-04-27,124.17,125.05,124.0,124.59,149908300
2016-04-28,125.83,127.21,125.05,126.1,157913614
2016-04-29,126.15,126.3,124.99,125.61,90063837
2016-04-30,126.04,126.09,125.46,125.55,91626840
2016-05-01,127.08,128.34,126.68,127.49,104969678
2016-05-02,127.51,127.7,126.98,127.46,113520830
2016-05-03,129.16,130.08,126.82,128.79,150864094
2016-05-04,128.55,129.64,128.32,128.4,62478969
2016-05-05,130.86,132.57,128.7,131.02,147895685
2016-05-06,131.89,132.4,131.34,131.52,134535618
2016-05-07,129.94,130.61,129.78,130.48,59866227
2016-05-08,130.49,130.77,130.4,130.72,132875023
2016-05-09,131.35,132.0,127.52,129.01,121839688
2016-05-10,130.69,130.99,130.12,130.86,128414398
2016-05-11,130.66,130.7,130.22,130.46,139684818
2016-05-12,130.25,130.66,129.82,130.02,108037172
2016-05-13,132.5,132.97,132.05,132.94,151169537
2016-05-14,132.63,132.98,132.46,132.93,116530176
2016-05-15,133.54,135.93,133.53,134.58,74508571
2016-05-16,137.06,137.63,134.81,136.65,134726092
2016-05-17,138.33,138.41,137.35,137.37,146460833
2016-05-18,139.44,139.91,138.1,138.12,68912976
2016-05-19,137.92,138.93,134.9,136.43,152517035
2016-05-20,137.37,138.45,137.31,137.93,90134006
2016-05-21,138.4,138.96,137.37,138.46,139240037
2016-05-22,140.05,140.56,139.01,139.12,97180669
2016-05-23,138.79,140.42,138.02,139.28,109936348
2016-05-24,139.65,140.66,139.4,140.57,146986358
2016-05-25,140.29,143.7,138.24,139.84,118320929
2016-05-26,141.5,142.07,139.53,140.57,63018342
2016-05-27,137.34,140.24,137.09,139.06,146834792
2016-05-28,143.03,143.74,142.68,143.64,79949386
2016-05-29,145.82,145.85,144.65,144.9,110377666
2016-05-30,145.2,145.55,143.93,144.69,87097911
2016-05-31,145.0,145.3,144.1,145.17,57347733
2016-06-01,144.05,144.39,143.75,144.37,137227981
2016-06-02,141.32,141.66,140.54,140.84,163865210
2016-06-03,140.91,142.37,138.76,140.84,103393589
2016-06-04,139.93,142.45,139.2,139.87,147860044
2016-06-05,140.08,141.14,139.5,139.79,55663824
2016-06-06,137.75,138.38,137.31,137.44,170567854
2016-06-07,137.13,137.16,136.87,137.09,140981367
2016-06-08,135.62,135.8,133.89,134.85,158986652
2016-06-09,135.26,136.32,132.47,134.64,132228483
2016-06-10,130.3,131.76,129.47,130.36,134733323
2016-06-11,130.6,131.47,129.21,131.07,55647313
2016-06-12,133.11,134.63,133.1,133.65,78722894
2016-06-13,133.78,134.94,133.18,134.34,120883779
2016-06-14,136.06,137.6,135.94,136.53,142297565
2016-06-15,134.99,136.14,134.68,135.75,128630294
2016-06-16,137.29,137.98,135.61,137.15,107793307
2016-06-17,134.47,137.1,134.14,135.82,111354840
2016-06-18,136.92,136.95,136.68,136.86,136991592
2016-06-19,137.75,140.21,137.26,137.35,54517816
2016-06-20,136.66,136.9,136.58,136.85,82096094
2016-06-21,138.84,139.65,137.97,139.02,142093544
2016-06-22,136.26,136.78,136.2,136.4,147011042
2016-06-23,138.17,138.54,137.28,137.59,148925743
2016-06-24,137.48,137.97,135.66,136.81,54940736
2016-06-25,136.58,137.39,135.41,136.64,72672084
2016-06-26,133.94,134.39,132.38,133.95,158201105
2016-06-27,133.91,135.1,132.1,133.68,87753705
2016-06-28,133.97,134.74,133.44,134.5,82485721
2016-06-29,136.15,137.86,132.36,134.72,108594208
2016-06-30,134.22,134.39,133.84,134.11,76732457
2016-07-01,134.46,134.56,133.9,134.05,127659400
2016-07-02,132.08,133.8,131.97,132.84,99326359
2016-07-03,133.61,135.57,131.01,133.89,112223060
2016-07-04,134.75,136.49,134.61,135.81,122508012
2016-07-05,136.02,136.44,135.62,135.74,86301066
2016-07-06,133.81,133.95,132.94,133.39,79806236
2016-07-07,133.03,133.57,132.83,133.0,79667394
2016-07-08,136.22,137.25,133.79,136.48,116128402
2016-07-09,137.84,138.32,134.42,135.35,86133351
2016-07-10,135.62,137.6,134.71,135.53,131740598
2016-07-11,136.33,136.68,134.72,134.78,136548027
2016-07-12,135.43,136.15,134.83,135.49,133447219
2016-07-13,137.7,138.1,134.14,135.2,152706398
2016-07-14,135.37,136.38,135.14,135.76,140947866
2016-07-15,135.19,135.86,134.28,135.32,66985813
2016-07-16,133.98,134.83,132.87,134.78,112304442
2016-07-17,135.89,137.77,134.43,136.32,84398386
2016-07-18,135.86,135.89,133.18,135.26,96585226
2016-07-19,132.96,133.76,132.73,133.11,117816779
2016-07-20,134.03,134.83,129.04,131.38,57221683
2016-07-21,132.43,132.85,131.39,132.04,102678942
2016-07-22,133.47,133.65,132.61,133.04,79975935
2016-07-23,132.78,135.03,132.26,133.17,139930075
2016-07-24,135.11,135.19,134.62,134.94,149352604
2016-07-25,134.75,135.87,133.3,135.71,123340857
2016-07-26,139.35,139.95,138.78,138.78,153514744
2016-07-27,138.69,139.06,138.28,139.05,81538848
2016-07-28,136.87,137.66,136.41,137.29,70840034
2016-07-29,135.23,135.23,135.05,135.09,158663305
2016-07-30,134.21,134.3,133.88,134.13,133569354
2016-07-31,133.29,135.72,132.22,133.78,63709102
2016-08-01,130.46,132.1,130.06,132.09,83952801
2016-08-02,130.02,130.24,129.72,129.81,79105256
2016-08-03,130.82,131.92,129.96,131.92,74269470
2016-08-04,133.14,133.34,132.95,133.12,116444791
2016-08-05,134.54,135.6,133.77,134.39,117479298
2016-08-06,134.41,135.34,134.1,134.45,70835752
2016-08-07,134.21,135.67,134.12,135.13,90953417
2016-08-08,135.93,137.64,134.08,135.62,105490264
2016-08-09,135.38,135.93,134.92,135.67,106396870
2016-08-10,135.09,135.57,133.24,134.63,147203039
2016-08-11,132.42,132.6,132.19,132.25,119729826
2016-08-12,132.6,132.71,131.94,132.51,144405258
2016-08-13,132.26,132.89,132.23,132.47,71964403
2016-08-14,134.37,135.42,134.2,134.25,169051349
2016-08-15,134.5,136.6,132.15,134.95,140543686
2016-08-16,136.27,136.81,135.41,135.85,83614026
2016-08-17,136.24,136.99,135.87,136.14,103705677
2016-08-18,139.8,139.95,138.64,138.66,93359500
2016-08-19,138.3,141.12,136.12,140.49,115027149
2016-08-20,139.65,140.11,137.72,138.32,118205804
2016-08-21,138.99,140.33,138.81,139.02,150694825
2016-08-22,136.54,137.38,135.67,136.46,107586930
2016-08-23,136.95,137.37,136.24,136.43,141223773
2016-08-24,135.52,136.31,135.27,136.02,147649862
2016-08-25,137.26,137.98,134.76,134.84,117078252
2016-08-26,133.95,134.02,133.91,133.91,55483084
2016-08-27,136.07,136.13,131.38,134.07,140981178
2016-08-28,134.21,135.88,134.21,135.85,90342527
2016-08-29,135.07,138.14,133.7,137.04,152732074
2016-08-30,134.9,137.89,134.7,135.05,84477302
2016-08-31,132.03,134.61,132.02,133.85,117898708
2016-09-01,132.76,132.93,130.62,132.16,132469032
2016-09-02,131.29,131.91,130.33,131.46,104299192
2016-09-03,131.07,132.17,130.84,131.62,142814942
2016-09-04,131.61,131.66,130.81,131.15,140824259
2016-09-05,129.01,130.38,128.87,129.6,75944080
2016-09-06,127.29,131.18,127.12,131.16,89580572
2016-09-07,130.53,130.72,130.24,130.42,100504866
2016-09-08,130.24,131.36,130.2,131.1,132688045
2016-09-09,131.93,131.94,131.39,131.88,143163695
2016-09-10,131.48,133.27,130.42,132.55,87681822
2016-09-11,132.66,133.45,131.99,132.86,121953922
2016-09-12,128.35,130.86,128.25,129.69,66335624
2016-09-13,131.11,131.7,129.33,130.15,152705935
2016-09-14,129.09,131.12,128.8,129.55,114201732
2016-09-15,129.68,130.69,128.98,130.34,86549420
2016-09-16,131.15,131.18,130.43,130.62,79997684
2016-09-17,127.68,131.05,127.41,129.69,137240375
2016-09-18,127.61,130.28,127.0,128.63,91214061
2016-09-19,128.63,128.87,128.61,128.83,56914372
2016-09-20,128.62,129.98,127.19,128.0,139048486
2016-09-21,125.54,125.91,125.48,125.7,164599455
2016-09-22,126.04,126.59,125.83,126.23,126606453
2016-09-23,127.5,128.0,127.01,127.47,152179638
2016-09-24,129.09,130.33,125.99,128.33,128839442
2016-09-25,127.97,128.5,125.33,127.93,96633347
2016-09-26,126.79,127.16,126.76,126.91,119884670
2016-09-27,126.97,127.92,126.77,127.84,114645112
2016-09-28,126.53,127.03,125.31,126.71,138858558
2016-09-29,124.41,124.49,123.09,124.29,79001777
2016-09-30,127.02,127.24,125.86,126.25,130426567
2016-10-01,126.19,127.8,125.02,126.08,151766566
2016-10-02,126.41,127.1,124.3,125.95,136700942
2016-10-03,126.46,127.34,125.87,126.07,149406605
2016-10-04,128.23,129.55,126.54,127.17,155309928
2016-10-05,125.45,125.66,124.86,125.27,154129620
2016-10-06,126.32,126.58,124.69,125.22,141430308
2016-10-07,125.57,126.23,125.39,125.95,132404516
2016-10-08,123.89,126.77,120.34,124.38,109409347
2016-10-09,124.43,125.97,123.78,124.42,110538798
2016-10-10,123.25,123.98,122.81,123.26,77425836
2016-10-11,124.63,127.21,123.99,124.37,121142832
2016-10-12,125.06,125.1,124.45,124.87,79527118
2016-10-13,128.12,129.54,127.02,127.42,131671960
2016-10-14,125.83,126.38,125.14,125.88,148271415
2016-10-15,122.33,124.49,121.93,123.52,99693245
2016-10-16,124.4,124.5,123.27,123.98,73888555
2016-10-17,122.73,122.8,122.54,122.66,57429265
2016-10-18,121.79,121.95,120.79,121.88,99671613
2016-10-19,120.72,121.04,120.39,120.93,154146129
2016-10-20,121.18,121.22,120.59,121.06,75944700
2016-10-21,119.89,121.75,119.41,120.38,88336513
2016-10-22,120.11,120.33,119.79,119.95,106280379
2016-10-23,120.21,120.55,119.71,120.51,58828447
2016-10-24,120.7,120.98,120.66,120.91,132537446
2016-10-25,122.95,123.33,122.41,122.55,127554501
2016-10-26,122.91,123.35,122.33,123.19,141968511
2016-10-27,121.94,122.97,119.13,121.6,86221425
2016-10-28,123.31,123.49,122.35,123.31,150692014
2016-10-29,123.94,124.19,123.8,124.1,138328712
2016-10-30,124.5,125.7,123.96,125.31,161751402
2016-10-31,126.35,127.1,124.97,125.07,94085150
2016-11-01,125.35,126.23,123.89,125.17,63563413
2016-11-02,125.57,125.6,124.65,125.42,143689843
2016-11-03,123.63,124.17,122.54,123.84,117547155
2016-11-04,126.19,126.53,124.67,124.8,152119897
2016-11-05,123.21,123.45,122.65,123.19,123992825
2016-11-06,123.61,123.97,122.49,123.09,137784596
2016-11-07,123.78,124.16,122.89,123.34,96906968
2016-11-08,125.07,125.2,123.89,124.89,133748935
2016-11-09,124.48,125.82,122.19,123.25,133053781
2016-11-10,124.99,125.29,124.17,124.54,114201451
2016-11-11,125.57,125.69,125.38,125.44,151627531
2016-11-12,123.82,124.24,123.76,123.99,88689061
2016-11-13,122.84,123.51,121.9,122.72,112210632
2016-11-14,122.58,123.01,122.08,122.2,153634697
2016-11-15,123.11,126.71,121.48,122.48,79241167
2016-11-16,121.84,123.15,121.79,122.19,65949379
2016-11-17,120.51,123.28,119.21,120.68,91315452
2016-11-18,119.77,119.86,119.31,119.76,100736436
2016-11-19,118.57,119.12,117.07,117.74,76629610
2016-11-20,117.28,117.79,116.98,117.07,136638453
2016-11-21,120.15,120.77,116.0,119.39,112508154
2016-11-22,119.39,119.84,119.02,119.45,56125506
2016-11-23,120.69,121.41,119.78,120.82,91788130
2016-11-24,121.25,122.01,118.72,119.82,112984030
2016-11-25,122.83,123.9,120.65,121.31,153379340
2016-11-26,122.98,123.42,119.36,121.4,101606214
2016-11-27,120.83,121.69,120.69,121.46,91485926
2016-11-28,122.79,123.14,120.93,121.36,150114888
2016-11-29,120.66,122.71,119.97,122.68,139314413
2016-11-30,120.57,120.92,119.45,120.87,153906515
2016-12-01,123.41,124.02,121.36,122.86,113470293
2016-12-02,122.92,122.97,122.87,122.91,81841085
2016-12-03,123.79,125.39,123.61,123.97,153913272
2016-12-04,124.34,124.36,122.2,123.6,68663450
2016-12-05,126.88,127.45,124.53,124.83,96064397
2016-12-06,123.12,124.2,122.85,123.67,115132476
2016-12-07,123.7,124.3,121.92,122.71,149302927
2016-12-08,121.92,122.05,121.88,121.96,97305446
2016-12-09,121.72,122.12,120.27,121.67,116066298
2016-12-10,121.87,121.92,120.28,121.92,107278370
2016-12-11,123.06,123.28,121.02,122.53,84128464
2016-12-12,124.81,125.06,122.85,123.05,110994050
2016-12-13,122.56,122.89,122.47,122.8,94363768
2016-12-14,123.49,123.79,122.66,123.23,101844966
2016-12-15,122.89,122.92,122.09,122.11,101280435
2016-12-16,119.93,121.32,119.58,121.07,129659727
2016-12-17,122.83,123.27,122.05,122.51,82823505
2016-12-18,121.22,122.95,121.21,121.75,76692093
2016-12-19,121.12,121.83,120.98,121.12,137081494
2016-12-20,118.64,120.96,118.45,120.69,149534323
2016-12-21,119.89,121.28,117.29,120.2,112304413
2016-12-22,120.95,123.81,120.14,121.7,91489149
2016-12-23,120.89,121.15,120.59,121.12,136443012
2016-12-24,120.07,120.19,119.52,119.64,137657821
2016-12-25,120.72,121.66,120.57,121.53,166792117
2016-12-26,121.52,121.89,119.79,120.78,115444950
2016-12-27,119.78,120.32,118.42,120.16,65989277
2016-12-28,126.25,126.57,122.42,122.82,179581880
2016-12-29,125.43,127.93,125.21,125.76,147328675
2016-12-30,128.87,129.17,126.57,127.87,125251527
2016-12-31,126.43,128.39,126.36,127.34,103150430
2017-01-01,125.19,125.3,125.18,125.28,127387545
2017-01-02,123.85,124.24,122.7,123.56,109849771
2017-01-03,120.33,121.78,119.69,120.71,94588828
2017-01-04,119.41,120.72,118.49,119.87,126270572
2017-01-05,118.96,121.6,117.78,120.05,112342623
2017-01-06,119.22,119.45,119.0,119.36,140866998
2017-01-07,119.25,119.25,118.36,118.97,94135022
2017-01-08,120.12,120.36,119.08,120.22,61398357
2017-01-09,119.64,121.33,119.07,120.29,85671684
2017-01-10,120.54,121.5,120.51,120.97,90181797
2017-01-11,117.14,120.2,116.97,119.8,148046148
2017-01-12,122.06,123.14,120.01,121.49,155105377
2017-01-13,123.14,123.16,120.71,122.43,134166155
2017-01-14,123.06,123.36,122.75,122.84,135142328
2017-01-15,124.58,124.88,124.41,124.56,75217755
2017-01-16,123.82,124.27,123.45,124.04,86454258
2017-01-17,125.8,126.96,124.79,125.57,61171461
2017-01-18,125.36,126.97,123.81,125.09,72437153
2017-01-19,124.02,125.44,123.15,124.63,65760378
2017-01-20,124.91,125.14,124.84,124.88,91708061
2017-01-21,123.03,123.85,122.63,123.81,73100712
2017-01-22,123.26,124.28,122.04,122.57,56024811
2017-01-23,122.47,122.85,121.47,122.49,101180601
2017-01-24,121.04,121.5,120.54,121.01,73360361
2017-01-25,121.24,121.72,120.97,121.72,140002734
2017-01-26,119.73,120.77,119.07,119.95,120155042
2017-01-27,119.17,119.62,117.71,119.58,60046790
2017-01-28,119.61,119.68,118.5,119.28,133499361
2017-01-29,119.1,121.97,118.0,119.58,86066916
2017-01-30,119.93,120.35,119.83,119.93,97031272
2017-01-31,120.84,120.97,120.79,120.88,120728641
2017-02-01,120.78,121.05,120.65,120.67,96456554
2017-02-02,119.16,121.66,119.07,120.11,86723809
2017-02-03,119.29,119.55,119.11,119.46,74712140
2017-02-04,118.3,118.87,117.74,118.8,86539789
2017-02-05,117.54,117.92,116.71,117.58,154488724
2017-02-06,117.1,118.46,116.95,117.3,88402201
2017-02-07,117.94,118.7,117.17,118.24,143160320
2017-02-08,118.72,119.28,117.88,118.38,101487726
2017-02-09,117.59,118.28,115.01,118.24,129930635
2017-02-10,116.01,116.11,115.59,116.1,92717067
2017-02-11,115.62,116.29,114.05,115.22,98492715
2017-02-12,116.19,116.47,115.52,116.17,57305161
2017-02-13,115.58,117.44,114.69,117.19,114466006
2017-02-14,116.59,116.63,115.18,115.65,142205342
2017-02-15,115.51,115.53,114.17,114.99,111318123
2017-02-16,113.8,115.29,113.15,113.78,152900925
2017-02-17,116.55,116.93,111.42,114.26,103326655
2017-02-18,113.83,114.04,113.29,113.64,104798884
2017-02-19,112.12,112.99,111.8,112.75,82588762
2017-02-20,112.65,113.01,112.52,112.65,55764283
2017-02-21,113.14,113.49,112.93,112.95,140699254
2017-02-22,114.77,114.83,113.77,113.78,150064594
2017-02-23,114.07,114.74,113.86,114.14,81315116
2017-02-24,112.53,113.08,111.05,112.4,159823342
2017-02-25,115.38,115.86,113.33,113.86,95609735
2017-02-26,114.28,115.01,113.43,114.56,128049334
2017-02-27,113.95,114.25,113.41,113.98,77623960
2017-02-28,112.94,113.41,112.93,113.38,85281717
2017-03-01,114.29,114.75,111.73,113.24,88220642
2017-03-02,113.34,113.53,111.69,112.1,74615813
2017-03-03,108.79,110.77,108.09,110.14,105783680
2017-03-04,112.62,112.71,111.98,112.44,168106216
2017-03-05,110.57,111.11,109.24,110.82,126805160
2017-03-06,111.24,111.56,109.5,111.05,105186849
2017-03-07,111.86,113.13,111.79,112.16,79897346
2017-03-08,111.3,111.51,111.09,111.43,77454247
2017-03-09,110.21,114.0,107.63,110.0,104074024
2017-03-10,109.43,110.2,108.68,109.08,144696522
2017-03-11,109.22,110.52,108.01,109.1,114049429
2017-03-12,109.43,110.72,109.41,110.02,160111648
2017-03-13,109.98,110.26,109.31,110.05,102994458
2017-03-14,111.12,112.26,110.16,112.09,170450692
2017-03-15,109.92,110.71,107.98,109.53,85502122
2017-03-16,107.23,110.42,106.98,109.57,135316988
2017-03-17,108.52,109.95,108.41,109.31,152638793
2017-03-18,109.32,109.57,106.54,108.85,140523839
2017-03-19,109.45,110.0,108.44,109.48,93304427
2017-03-20,109.2,112.13,107.99,110.43,77508684
2017-03-21,111.5,114.65,110.14,112.96,94487747
2017-03-22,110.74,111.58,110.35,110.64,150770600
2017-03-23,111.36,111.68,110.57,111.03,86928153
2017-03-24,112.46,112.65,111.51,111.99,141068800
2017-03-25,112.54,113.28,112.39,112.66,139353053
2017-03-26,111.17,112.26,111.07,111.34,162102537
2017-03-27,110.07,111.59,109.94,110.6,74573024
2017-03-28,110.11,110.17,107.81,110.16,90437324
2017-03-29,109.86,109.9,109.82,109.87,149000838
2017-03-30,110.22,111.18,108.94,110.85,145065255
2017-03-31,110.93,111.53,110.52,111.14,80984752
2017-04-01,113.11,113.5,110.92,112.35,96081572
2017-04-02,110.83,110.89,109.98,110.35,141668780
2017-04-03,110.22,110.51,109.93,110.43,145310126
2017-04-04,111.27,112.31,110.38,110.59,61448113
2017-04-05,107.68,110.06,107.1,108.98,96598580
2017-04-06,106.99,108.85,106.71,108.55,82106377
2017-04-07,107.07,107.71,105.97,107.51,69709027
2017-04-08,108.3,109.44,106.61,108.2,138207830
2017-04-09,105.81,106.78,105.38,106.6,76027487
2017-04-10,107.57,108.1,107.25,107.44,73679841
2017-04-11,109.07,109.62,107.04,107.09,56655268
2017-04-12,107.55,108.31,107.03,107.46,135908812
2017-04-13,107.75,108.07,106.61,107.69,53139977
2017-04-14,108.67,108.75,108.56,108.71,126295038
2017-04-15,107.64,108.02,107.19,107.49,56402860
2017-04-16,106.91,108.56,106.48,107.75,70678200
2017-04-17,106.61,107.84,106.44,107.32,57004013
2017-04-18,106.98,108.14,106.72,107.84,52498967
2017-04-19,109.05,111.06,108.32,109.46,163811882
2017-04-20,110.1,110.81,109.07,109.27,51407788
2017-04-21,111.41,112.73,108.84,111.57,115369732
2017-04-22,112.33,112.52,112.25,112.29,55042091
2017-04-23,113.96,114.8,113.53,114.12,120838960
2017-04-24,114.6,115.07,114.6,114.92,78667146
2017-04-25,113.61,114.59,111.94,114.17,110304357
2017-04-26,114.07,114.16,113.95,114.16,110647095
2017-04-27,114.61,114.76,114.51,114.67,114685373
2017-04-28,116.66,117.59,110.79,114.41,107265023
2017-04-29,112.89,114.01,112.63,113.83,95664050
2017-04-30,112.94,114.27,112.67,113.48,68624346
2017-05-01,112.46,113.94,111.6,113.89,65866025
2017-05-02,113.8,114.32,113.31,113.39,153462654
2017-05-03,112.11,113.31,111.58,112.68,82867327
2017-05-04,112.04,112.26,111.55,111.81,83883435
2017-05-05,112.3,116.31,111.69,113.13,69956838
2017-05-06,112.51,113.83,111.1,112.09,114202783
2017-05-07,111.65,113.21,110.33,112.1,110974934
2017-05-08,110.61,111.74,110.42,111.63,151064877
2017-05-09,111.16,111.93,111.13,111.35,140194870
2017-05-10,110.16,110.52,108.57,110.29,118298676
2017-05-11,111.1,111.87,108.97,109.24,117815162
2017-05-12,112.24,112.94,110.27,110.28,68578023
2017-05-13,109.24,110.52,109.03,109.82,139698505
2017-05-14,109.47,110.26,109.27,109.78,138243585
2017-05-15,110.39,110.76,108.67,109.32,79984373
2017-05-16,111.09,111.15,110.62,110.93,146434861
2017-05-17,112.26,112.76,112.14,112.19,119702950
2017-05-18,113.13,113.72,112.58,112.66,143391086
2017-05-19,113.08,113.44,111.8,112.58,101598516
2017-05-20,112.3,114.57,111.03,111.55,129151325
2017-05-21,109.9,112.28,109.9,110.74,81267461
2017-05-22,110.56,110.74,110.5,110.69,93270447
2017-05-23,108.73,109.2,108.34,108.61,77265584
2017-05-24,107.01,107.28,106.87,106.96,165059150
2017-05-25,106.23,106.24,106.03,106.18,54732662
2017-05-26,104.78,104.94,104.67,104.92,145272729
2017-05-27,106.0,107.46,104.26,105.25,65025553
2017-05-28,104.73,106.49,102.13,105.38,69143692
2017-05-29,105.72,108.28,105.15,105.99,60440529
2017-05-30,106.42,106.88,106.14,106.34,83590972
2017-05-31,107.06,107.28,106.5,106.74,70225699
2017-06-01,109.12,110.1,107.18,108.13,94018080
2017-06-02,108.28,108.51,108.1,108.35,96057563
2017-06-03,108.88,108.99,108.88,108.99,137667252
2017-06-04,110.52,111.21,109.56,110.78,80965061
2017-06-05,110.56,111.08,109.86,110.04,126374041
2017-06-06,109.4,110.22,108.76,110.01,106330056
2017-06-07,112.0,113.15,109.08,110.39,116437921
2017-06-08,109.71,109.99,109.34,109.97,134465994
2017-06-09,110.28,110.62,108.78,109.48,84945574
2017-06-10,107.64,108.82,106.95,107.67,127476935
2017-06-11,108.21,108.29,107.86,107.93,78763487
2017-06-12,106.1,106.27,105.47,105.58,133711718
2017-06-13,104.33,104.74,103.96,104.6,61956738
2017-06-14,104.92,105.38,103.42,104.12,63792372
2017-06-15,104.68,104.79,104.29,104.49,124664781
2017-06-16,105.86,105.94,105.24,105.8,99820617
2017-06-17,106.52,107.3,105.87,106.37,111068248
2017-06-18,104.67,106.61,104.31,106.37,56174275
2017-06-19,106.47,107.33,106.42,107.08,104017664
2017-06-20,106.65,108.3,104.99,106.61,117123203
2017-06-21,105.17,107.2,105.1,105.55,80016289
2017-06-22,106.55,106.73,104.84,105.31,113683846
2017-06-23,106.12,106.96,105.77,105.78,96862186
2017-06-24,104.92,104.94,104.89,104.91,59089463
2017-06-25,106.32,106.6,106.13,106.31,76737103
2017-06-26,105.83,106.36,104.93,106.3,130741012
2017-06-27,103.88,104.05,103.39,103.92,121243135
2017-06-28,104.89,107.31,103.12,105.3,147632127
2017-06-29,103.72,104.22,102.92,103.84,90741147
2017-06-30,104.12,104.74,102.48,103.21,60541967
2017-07-01,103.04,103.44,102.76,103.23,128733508
2017-07-02,102.21,104.9,100.14,102.8,80654114
2017-07-03,104.43,105.24,104.27,104.38,66230883
2017-07-04,105.73,105.98,104.72,105.61,154703861
2017-07-05,106.27,106.83,103.43,105.91,125604084
2017-07-06,106.42,107.17,105.75,106.0,125932672
2017-07-07,105.98,106.52,105.83,106.19,132463087
2017-07-08,106.14,106.66,105.34,105.63,83906669
2017-07-09,106.67,107.12,104.85,105.93,127907525
2017-07-10,107.66,108.42,107.51,108.0,99382881
2017-07-11,108.35,108.47,108.08,108.29,84786822
2017-07-12,108.74,108.77,106.85,108.33,106454194
2017-07-13,108.59,108.67,107.68,108.25,50812373
2017-07-14,105.05,105.96,103.77,104.83,96927458
2017-07-15,106.31,106.94,105.26,106.16,107781460
2017-07-16,105.97,106.7,105.85,106.65,57525951
2017-07-17,106.24,106.59,105.18,106.55,116117151
2017-07-18,103.2,105.81,103.02,105.21,73178657
2017-07-19,104.03,104.13,103.62,103.92,62686528
2017-07-20,103.07,104.03,102.22,103.59,116343801
2017-07-21,102.62,103.98,102.55,102.72,161917448
2017-07-22,102.1,104.65,101.87,102.61,89189515
2017-07-23,101.44,102.13,100.33,102.03,100857736
2017-07-24,103.35,103.56,99.85,103.32,99902771
2017-07-25,104.31,104.62,104.18,104.57,104999535
2017-07-26,105.12,105.16,104.65,104.77,60975491
2017-07-27,104.38,106.63,104.26,104.6,137350035
2017-07-28,106.08,106.52,104.99,105.39,150264559
2017-07-29,107.99,108.31,106.9,107.07,92143421
2017-07-30,107.15,107.5,106.81,107.13,96227247
2017-07-31,109.7,110.71,108.45,109.38,176946136
2017-08-01,109.57,111.53,108.18,109.77,116652348
2017-08-02,110.18,110.68,107.9,109.77,64668356
2017-08-03,109.98,111.23,109.41,110.79,80715641
2017-08-04,111.77,112.89,109.75,111.62,68596275
2017-08-05,111.7,112.03,111.7,111.82,55328682
2017-08-06,112.4,112.53,111.64,111.83,126518629
2017-08-07,115.21,115.31,111.67,113.62,153799984
2017-08-08,115.02,115.33,112.44,113.75,150255571
2017-08-09,112.11,115.18,110.5,112.9,107569236
2017-08-10,111.01,113.0,110.6,112.16,82670933
2017-08-11,111.35,112.03,110.97,111.58,70941853
2017-08-12,110.26,110.7,110.25,110.5,57879084
2017-08-13,109.77,110.53,109.65,110.18,100804143
2017-08-14,110.25,110.32,109.84,110.3,142983893
2017-08-15,111.03,111.27,110.36,111.18,66805573
2017-08-16,110.3,112.69,110.16,111.57,59083994
2017-08-17,111.49,111.64,110.93,111.4,70925886
2017-08-18,112.79,113.3,111.84,112.1,157602223
2017-08-19,111.0,111.35,109.92,110.54,99814991
2017-08-20,112.89,113.55,112.56,112.94,170844799
2017-08-21,113.22,114.13,112.87,113.71,146672300
2017-08-22,112.99,113.38,109.24,112.19,97661954
2017-08-23,112.86,112.87,111.85,112.26,58720438
2017-08-24,114.71,115.54,112.66,114.2,151262881
2017-08-25,112.85,113.26,110.65,111.58,165648144
2017-08-26,110.52,111.64,108.26,110.69,118581465
2017-08-27,110.98,113.64,110.84,112.16,104985749
2017-08-28,110.71,111.88,110.44,110.71,121488728
2017-08-29,112.79,113.06,110.79,111.0,68928307
2017-08-30,106.89,109.25,106.17,108.11,103177105
2017-08-31,109.41,109.72,108.61,108.67,110445966
2017-09-01,110.4,111.89,108.12,110.21,110416133
2017-09-02,105.75,106.98,105.65,106.89,88693378
2017-09-03,105.57,106.6,105.52,105.6,128624524
2017-09-04,106.45,106.71,106.13,106.17,90126516
2017-09-05,104.49,104.5,103.5,104.1,130709587
2017-09-06,105.24,105.61,104.15,104.87,144518019
2017-09-07,102.58,106.05,101.84,103.58,79414985
2017-09-08,102.03,102.64,101.75,102.37,66487631
2017-09-09,101.61,104.63,101.24,104.24,62584880
2017-09-10,104.48,106.35,103.93,105.42,74537796
2017-09-11,105.65,105.95,105.25,105.74,113980773
2017-09-12,103.99,104.29,102.8,104.01,62577253
2017-09-13,104.97,105.4,104.95,105.22,69447454
2017-09-14,103.54,105.67,103.46,104.47,105400215
2017-09-15,101.23,102.69,101.18,102.66,147121802
2017-09-16,101.51,101.58,101.5,101.57,157220012
2017-09-17,100.34,101.46,99.9,100.7,158634918
2017-09-18,101.16,102.31,101.01,101.35,120500275
2017-09-19,100.94,101.23,100.09,100.51,156406995
2017-09-20,99.73,100.34,98.95,99.13,135607632
2017-09-21,99.68,99.79,98.42,99.66,99846717
2017-09-22,101.42,101.92,100.58,101.18,165794898
2017-09-23,101.95,102.42,100.92,101.99,64319285
2017-09-24,99.85,100.87,99.67,100.32,87737497
2017-09-25,101.85,101.95,101.07,101.12,75747029
2017-09-26,100.45,102.11,100.34,100.8,91268419
2017-09-27,99.08,100.36,98.56,100.24,155949857
2017-09-28,100.21,100.23,100.13,100.16,86074615
2017-09-29,100.11,100.39,100.07,100.27,91596438
2017-09-30,100.18,101.08,99.39,100.79,83954651
2017-10-01,99.83,99.93,98.21,98.93,106343532
2017-10-02,97.62,98.21,97.15,97.65,154879466
2017-10-03,96.8,98.31,96.55,97.54,139188304
2017-10-04,96.29,96.68,95.64,95.84,105668870
2017-10-05,97.64,97.7,94.82,95.97,93638834
2017-10-06,96.83,97.13,96.2,96.7,158144824
2017-10-07,96.34,97.42,96.03,96.92,129755405
2017-10-08,96.31,97.57,96.21,97.13,53849700
2017-10-09,95.97,97.35,95.84,96.56,113338448
2017-10-10,96.72,97.0,95.56,96.72,93945165
2017-10-11,96.03,96.26,95.08,96.16,140123231
2017-10-12,98.25,98.4,97.3,97.59,85319735
2017-10-13,95.64,97.68,94.51,96.05,93253095
2017-10-14,96.7,96.96,95.21,96.31,97641551
2017-10-15,95.41,96.5,93.8,95.31,130529383
2017-10-16,96.87,97.1,96.57,96.66,132357814
2017-10-17,95.78,96.62,94.68,95.82,111671165
2017-10-18,96.59,97.26,96.21,96.78,95962759
2017-10-19,97.36,99.56,97.08,98.84,178718895
2017-10-20,98.55,100.31,98.3,99.71,80875770
2017-10-21,99.15,99.28,98.6,99.24,139337719
2017-10-22,99.39,99.92,99.15,99.8,132633713
2017-10-23,97.73,98.01,97.62,98.0,175108905
2017-10-24,97.0,97.61,96.86,97.41,77306831
2017-10-25,99.48,100.26,98.29,98.69,78403193
2017-10-26,100.39,101.1,99.39,99.72,133848512
2017-10-27,100.52,100.78,99.09,99.78,109516441
2017-10-28,100.34,100.99,98.65,100.36,128368782
2017-10-29,99.86,100.12,98.86,99.49,85231293
2017-10-30,98.86,99.28,98.76,99.1,102013061
2017-10-31,99.08,100.3,98.47,99.4,88441505
2017-11-01,100.82,101.27,99.65,100.18,132884208
2017-11-02,98.9,99.4,96.64,98.76,58714379
2017-11-03,99.33,99.7,98.75,99.52,67839722
2017-11-04,99.34,100.4,99.07,100.39,161043451
2017-11-05,99.72,99.89,98.91,99.85,57633935
2017-11-06,99.71,100.97,99.12,100.19,148895933
2017-11-07,100.98,101.55,99.22,100.21,119879588
2017-11-08,101.99,102.73,101.84,102.58,92503954
2017-11-09,101.39,103.76,100.73,101.96,108671808
2017-11-10,102.89,103.55,101.21,102.21,109652969
2017-11-11,102.42,102.68,101.43,102.29,65007621
2017-11-12,102.76,104.44,100.97,103.2,148510725
2017-11-13,103.73,104.17,102.39,103.99,144022624
2017-11-14,103.1,106.36,102.59,103.84,65257334
2017-11-15,104.37,104.43,103.28,103.66,139804438
2017-11-16,103.94,104.88,101.7,104.17,78230062
2017-11-17,103.07,104.01,102.93,103.68,93933497
2017-11-18,103.65,104.34,103.29,103.64,121722942
2017-11-19,102.87,103.2,102.52,102.53,142210673
2017-11-20,102.41,103.47,101.88,103.07,148342472
2017-11-21,103.61,105.45,102.31,103.72,132101815
2017-11-22,103.71,104.32,103.15,103.72,110973714
2017-11-23,102.53,103.27,102.26,102.96,135259958
2017-11-24,101.22,102.99,100.85,101.7,72169342
2017-11-25,102.99,103.5,102.93,103.03,139173086
2017-11-26,100.7,102.13,100.55,101.54,113322622
2017-11-27,102.67,104.1,100.87,102.03,130575645
2017-11-28,100.89,102.26,100.13,101.47,77108015
2017-11-29,101.89,102.89,101.67,101.89,149542112
2017-11-30,100.27,100.43,100.11,100.19,98352622
2017-12-01,101.75,102.01,100.01,100.67,135408434
2017-12-02,100.69,102.65,99.93,101.34,121627536
2017-12-03,102.11,102.33,101.81,102.2,82828324
2017-12-04,102.34,102.37,101.46,101.48,77918496
2017-12-05,101.5,102.24,101.04,101.89,125625112
2017-12-06,101.77,102.5,101.63,102.15,128993147
2017-12-07,103.86,103.98,101.53,101.85,58967487
2017-12-08,102.24,102.54,100.59,101.92,69792262
2017-12-09,101.53,101.58,100.55,101.27,75451135
2017-12-10,100.58,101.12,100.39,100.87,123981394
2017-12-11,103.02,103.96,98.53,100.4,115058863
2017-12-12,103.14,103.5,100.63,101.68,143860317
2017-12-13,105.86,106.11,103.06,103.81,112760104
2017-12-14,103.62,104.59,103.56,104.07,135648697
2017-12-15,103.54,103.68,103.49,103.54,77836084
2017-12-16,103.46,104.35,102.31,103.89,63168087
2017-12-17,106.57,106.99,104.2,104.82,84187794
2017-12-18,104.89,105.26,104.87,105.06,89701594
2017-12-19,102.83,104.06,102.39,103.43,122508541
2017-12-20,101.81,102.81,101.76,102.2,89902005
2017-12-21,100.35,100.72,99.49,100.41,97462667
2017-12-22,100.24,101.05,99.98,100.28,124054093
2017-12-23,98.88,100.57,98.75,100.56,126350400
2017-12-24,101.5,102.41,100.91,101.1,66400797
2017-12-25,103.44,103.6,101.33,103.45,121615128
2017-12-26,102.53,102.71,102.36,102.63,96237314
2017-12-27,102.17,102.21,100.11,101.71,70132187
2017-12-28,100.77,101.92,99.54,101.68,61359237
2017-12-29,101.72,103.11,101.55,102.31,63961931
2017-12-30,102.21,102.53,101.59,102.48,62650871
2017-12-31,103.27,104.71,102.72,103.19,63136379
2018-01-01,102.41,103.43,102.34,102.86,99816269
2018-01-02,104.44,104.86,103.84,103.86,101886531
2018-01-03,104.15,105.42,103.25,104.51,148420762
2018-01-04,103.77,104.39,103.07,103.82,122736515
2018-01-05,104.35,105.77,104.34,104.71,81514656
2018-01-06,104.05,104.3,103.41,104.3,71421505
2018-01-07,105.07,105.13,104.68,105.09,125562503
2018-01-08,107.4,108.29,104.52,105.45,94238322
2018-01-09,105.68,106.07,103.63,105.65,108402760
2018-01-10,104.32,104.68,104.01,104.24,66398622
2018-01-11,104.21,104.31,103.69,104.12,86728351
2018-01-12,104.4,104.66,102.64,103.92,148034028
2018-01-13,106.38,107.71,104.38,105.84,128524448
2018-01-14,106.78,107.17,105.11,106.85,81296874
2018-01-15,108.64,109.59,108.47,109.13,75006263
2018-01-16,109.61,109.8,108.89,109.21,76495726
2018-01-17,110.75,110.9,110.22,110.69,148831756
2018-01-18,113.2,113.86,111.75,112.25,135751202
2018-01-19,113.3,114.14,112.68,114.02,80321819
2018-01-20,115.02,115.11,113.86,114.27,111743314
2018-01-21,113.99,114.24,111.51,113.82,148481789
2018-01-22,113.53,114.32,113.24,114.29,52568015
2018-01-23,114.79,114.81,113.73,113.88,93634590
2018-01-24,113.58,114.09,112.4,113.63,74094680
2018-01-25,112.67,114.43,111.55,112.5,161497910
2018-01-26,110.27,110.98,109.97,110.7,69644704
2018-01-27,108.95,109.38,108.41,109.23,80759817
2018-01-28,109.52,109.66,108.83,109.22,136977007
2018-01-29,110.29,110.75,109.42,109.6,99689603
2018-01-30,109.18,111.66,108.6,109.56,130553211
2018-01-31,110.72,110.82,110.22,110.42,105433922
2018-02-01,111.91,113.3,111.54,112.23,153230100
2018-02-02,113.02,113.46,111.49,112.97,113200897
2018-02-03,114.83,115.04,113.99,114.64,104891315
2018-02-04,112.37,114.57,111.68,112.85,166444524
2018-02-05,111.91,112.09,111.86,111.98,153077951
2018-02-06,113.73,113.92,112.55,113.28,85900050
2018-02-07,110.27,111.45,110.27,110.98,160950243
2018-02-08,112.13,112.27,111.13,112.01,123321084
2018-02-09,114.57,114.74,111.06,112.27,105818891
2018-02-10,112.22,113.46,111.64,112.62,135477287
2018-02-11,112.16,112.61,111.82,112.53,102496266
2018-02-12,112.08,112.17,111.58,111.75,128640571
2018-02-13,113.69,114.37,110.73,112.1,124530275
2018-02-14,111.48,112.05,111.19,111.9,119037503
2018-02-15,111.41,112.67,109.42,112.21,150156226
2018-02-16,112.13,112.87,111.82,112.81,131529971
2018-02-17,111.26,111.57,111.02,111.45,142131020
2018-02-18,111.54,112.83,111.05,112.21,86220078
2018-02-19,113.03,113.62,110.47,113.48,59833104
2018-02-20,112.18,113.64,110.89,112.92,78257582
2018-02-21,112.2,113.19,110.84,112.36,92851007
2018-02-22,114.23,115.16,111.52,112.73,141465404
2018-02-23,111.54,113.25,110.95,113.2,71656334
2018-02-24,113.59,114.17,113.06,113.3,58036674
2018-02-25,114.47,114.49,112.05,113.17,127216912
2018-02-26,111.31,114.61,110.89,113.92,64972990
2018-02-27,112.04,112.32,111.44,111.66,84362643
2018-02-28,110.72,111.06,110.55,110.79,101774677
2018-03-01,109.88,110.0,109.79,109.79,148905232
2018-03-02,109.0,109.63,108.86,109.47,64946804
2018-03-03,110.49,111.73,109.99,111.48,158871082
2018-03-04,111.72,112.09,111.6,112.0,113145506
2018-03-05,110.0,111.95,109.29,111.38,96583430
2018-03-06,109.31,109.52,108.56,109.17,170499011
2018-03-07,109.17,110.26,109.03,109.36,149824125
2018-03-08,107.67,110.42,107.43,109.54,82135348
2018-03-09,110.43,111.0,109.08,110.58,96977362
2018-03-10,109.71,111.16,109.16,110.31,111421538
2018-03-11,110.69,111.2,110.59,110.84,77065037
2018-03-12,112.24,112.65,111.91,112.45,61660525
2018-03-13,112.02,112.05,111.95,111.98,65899556
2018-03-14,112.46,112.84,110.43,111.9,116068896
2018-03-15,112.43,113.3,111.63,112.34,131618519
2018-03-16,114.46,114.49,113.04,113.44,109853552
2018-03-17,113.96,114.28,111.86,112.94,153239756
2018-03-18,114.45,114.78,114.43,114.68,90724940
2018-03-19,116.26,116.59,114.88,115.82,157956704
2018-03-20,116.92,120.67,116.87,118.6,155313414
2018-03-21,120.15,120.88,120.15,120.64,83590463
2018-03-22,120.59,120.78,119.32,120.41,75511898
2018-03-23,121.76,121.99,117.39,119.41,142587324
2018-03-24,119.8,120.64,119.79,120.59,155181556
2018-03-25,120.73,121.9,120.04,120.38,52369176
2018-03-26,119.81,119.95,119.43,119.56,66261212
2018-03-27,119.05,120.3,118.91,119.2,101592485
2018-03-28,121.64,122.37,121.55,121.71,112172266
2018-03-29,120.79,121.13,119.49,120.43,153830741
2018-03-30,120.19,121.4,119.11,121.12,64804237
2018-03-31,122.48,123.39,120.13,122.5,157387693
2018-04-01,121.8,122.97,121.79,122.35,80360140
2018-04-02,121.5,121.93,120.46,121.67,67373796
2018-04-03,119.88,121.99,119.74,120.87,118187534
2018-04-04,120.59,121.59,120.47,120.96,102806679
2018-04-05,119.64,120.74,119.63,119.95,112659137
2018-04-06,119.62,120.23,117.52,118.24,72022343
2018-04-07,120.08,120.56,119.74,119.83,160809725
2018-04-08,122.6,123.04,121.74,122.26,92796833
2018-04-09,122.26,123.38,121.61,122.7,113213674
2018-04-10,123.59,123.74,120.6,122.79,129709645
2018-04-11,122.75,123.65,121.2,123.2,92513795
2018-04-12,122.43,122.89,122.41,122.47,82424592
2018-04-13,122.25,122.84,121.79,122.27,78387007
2018-04-14,117.82,122.27,117.01,121.46,122141612
2018-04-15,120.41,120.84,119.76,120.4,58569941
2018-04-16,120.51,121.0,120.27,120.49,126735752
2018-04-17,118.44,118.59,117.58,118.42,89257211
2018-04-18,116.61,117.61,115.14,117.55,89541027
2018-04-19,118.03,119.3,117.24,118.46,144690463
2018-04-20,117.87,118.95,117.85,117.86,62578887
2018-04-21,117.51,118.55,116.57,116.89,55188345
2018-04-22,116.56,117.72,115.95,117.09,141315283
2018-04-23,114.42,116.25,114.2,115.62,109422014
2018-04-24,115.81,116.67,114.85,115.73,125861532
2018-04-25,117.2,117.54,117.14,117.38,96295331
2018-04-26,119.28,120.54,117.25,118.07,122196673
2018-04-27,119.79,120.91,119.66,119.77,61788782
2018-04-28,119.62,121.17,118.63,119.81,110113039
2018-04-29,119.07,119.26,118.1,118.17,66298130
2018-04-30,117.61,118.26,117.16,117.63,140634014
2018-05-01,118.07,120.05,117.58,118.69,82774496
2018-05-02,119.65,119.65,117.68,118.59,106378001
2018-05-03,117.68,117.75,117.63,117.73,132546239
2018-05-04,116.77,118.57,115.76,118.53,135661203
2018-05-05,118.52,119.13,117.68,117.77,55667831
2018-05-06,118.22,119.74,115.53,116.21,149911427
2018-05-07,116.37,117.32,115.77,117.32,138236038
2018-05-08,117.56,118.59,117.07,118.1,78868191
2018-05-09,118.63,118.69,117.44,118.05,76918816
2018-05-10,119.43,120.08,118.46,119.24,102544007
2018-05-11,116.74,118.33,114.11,117.75,78061917
2018-05-12,117.5,118.01,116.97,117.07,75596812
2018-05-13,114.76,115.01,114.68,114.83,97738532
2018-05-14,115.94,117.27,114.59,115.32,116540481
2018-05-15,114.02,114.27,113.73,114.18,131569535
2018-05-16,113.97,115.32,113.87,114.75,79254789
2018-05-17,114.29,115.61,112.23,113.48,128487352
2018-05-18,111.84,112.68,111.0,111.94,151490578
2018-05-19,110.89,111.87,109.99,111.22,141020787
2018-05-20,112.73,113.04,112.38,113.01,83902681
2018-05-21,112.38,113.8,110.32,112.95,82789944
2018-05-22,110.48,113.61,109.67,111.61,166650451
2018-05-23,110.92,110.95,109.34,110.24,160204698
2018-05-24,109.79,110.14,109.14,109.62,103155498
2018-05-25,110.59,111.17,109.66,111.0,107064326
2018-05-26,109.53,110.68,108.69,109.9,100817709
2018-05-27,109.72,110.27,109.09,109.46,68268924
2018-05-28,110.83,111.07,109.52,109.97,118468885
2018-05-29,109.46,110.04,108.87,109.75,104728429
2018-05-30,109.92,112.16,108.79,109.12,144836153
2018-05-31,110.72,111.28,110.3,110.75,131383568
2018-06-01,111.31,113.22,110.55,112.31,90055711
2018-06-02,113.49,113.85,112.03,112.1,129064552
2018-06-03,112.25,112.44,111.62,112.14,90484073
2018-06-04,112.05,112.84,110.77,111.78,148412727
2018-06-05,111.72,113.25,111.31,112.75,91878830
2018-06-06,114.8,115.34,114.17,114.6,79880257
2018-06-07,113.98,114.21,113.93,113.97,80171552
2018-06-08,112.54,112.87,111.31,112.53,143530341
2018-06-09,110.54,114.6,110.43,112.77,65807690
2018-06-10,112.37,112.39,111.87,112.02,91443866
2018-06-11,111.89,112.29,110.68,112.25,144111730
2018-06-12,111.04,111.39,109.31,111.0,85811564
2018-06-13,111.15,111.31,110.54,110.63,91456071
2018-06-14,109.65,110.14,108.86,109.36,159934311
2018-06-15,109.33,109.9,109.19,109.25,66569678
2018-06-16,109.4,109.54,108.73,109.33,98179289
2018-06-17,109.7,110.66,108.17,109.44,51921020
2018-06-18,110.67,110.74,109.34,110.39,75075433
2018-06-19,111.34,112.21,110.81,111.39,57523964
2018-06-20,113.47,114.13,112.38,113.35,111394693
2018-06-21,114.87,115.13,114.49,115.12,144739797
2018-06-22,111.42,113.68,110.79,112.93,127214252
2018-06-23,114.79,115.77,113.01,113.33,79504198
2018-06-24,112.46,112.94,112.37,112.49,131535548
2018-06-25,113.13,113.66,112.62,113.12,114268390
2018-06-26,115.16,115.46,113.11,114.46,59297286
2018-06-27,115.95,116.16,114.8,115.15,54328614
2018-06-28,116.42,117.53,115.69,117.31,159362671
2018-06-29,116.26,116.62,114.88,115.66,145149781
2018-06-30,117.8,117.9,115.12,116.51,156742149
2018-07-01,118.89,119.03,116.31,118.47,165387568
2018-07-02,118.29,119.18,117.37,118.26,142672301
2018-07-03,118.76,119.12,117.99,118.22,56115990
2018-07-04,120.44,120.95,119.79,120.72,129187517
2018-07-05,119.59,120.36,118.92,119.89,94978447
2018-07-06,121.43,121.88,119.9,120.69,159504043
2018-07-07,122.86,124.8,122.86,123.55,89190941
2018-07-08,122.39,123.19,119.9,122.1,133895411
2018-07-09,122.61,124.65,119.89,121.87,78105268
2018-07-10,122.16,122.34,121.84,122.25,152639983
2018-07-11,122.49,122.73,121.18,122.22,116997142
2018-07-12,123.53,123.55,122.67,123.5,138480463
2018-07-13,122.96,124.4,121.69,123.71,90807865
2018-07-14,119.53,121.05,119.47,120.78,73550409
2018-07-15,120.51,121.8,119.46,120.31,152919625
2018-07-16,118.88,119.11,118.39,118.84,65729891
2018-07-17,119.25,120.69,119.18,119.73,150485338
2018-07-18,118.73,119.28,118.16,118.57,54886522
2018-07-19,116.17,116.53,116.11,116.42,140312155
2018-07-20,117.68,117.75,115.4,116.7,134720698
2018-07-21,116.11,116.99,116.1,116.42,82642535
2018-07-22,117.16,117.62,117.1,117.61,158048618
2018-07-23,117.79,118.43,116.49,117.38,95842629
2018-07-24,117.47,118.95,115.17,117.16,114477474
2018-07-25,116.9,117.06,116.76,117.04,88866430
2018-07-26,116.83,118.31,114.14,117.25,115874653
2018-07-27,116.46,118.31,116.23,117.37,93598975
2018-07-28,117.77,118.42,116.95,117.89,128793129
2018-07-29,116.16,116.27,116.0,116.16,96480266
2018-07-30,115.69,117.13,115.08,116.97,91221535
2018-07-31,115.93,116.14,115.37,115.61,123829310
2018-08-01,116.0,116.95,115.67,116.2,127641999
2018-08-02,115.67,116.33,115.33,115.6,62860602
2018-08-03,116.09,117.18,116.05,117.12,128829389
2018-08-04,119.63,120.07,116.76,117.75,151343248
2018-08-05,117.13,117.92,116.02,116.84,149375431
2018-08-06,118.25,118.82,116.52,117.59,115742768
2018-08-07,117.04,118.02,116.89,117.43,135788025
2018-08-08,118.52,119.63,117.98,118.98,111902239
2018-08-09,118.11,118.54,117.89,117.96,93181314
2018-08-10,116.5,118.36,116.19,118.0,102057919
2018-08-11,118.76,119.63,118.08,118.26,94954569
2018-08-12,118.49,120.62,117.93,119.7,165306693
2018-08-13,120.11,124.58,119.58,120.83,65769891
2018-08-14,120.4,121.32,116.28,118.5,114989400
2018-08-15,118.76,118.81,117.86,117.9,57944705
2018-08-16,117.71,117.81,117.37,117.4,149225253
2018-08-17,116.57,117.57,115.98,117.35,90739315
2018-08-18,117.88,118.24,117.41,118.16,133329891
2018-08-19,119.56,119.64,118.01,119.08,69760892
2018-08-20,121.72,123.52,118.49,120.14,75339174
2018-08-21,119.29,120.47,119.18,119.35,91882391
2018-08-22,122.34,124.96,121.32,122.39,108050540
2018-08-23,123.63,124.69,119.59,122.21,125675217
2018-08-24,123.77,124.14,123.44,123.45,146058209
2018-08-25,125.0,127.54,123.29,124.94,138789231
2018-08-26,124.53,125.35,123.89,124.75,57779355
2018-08-27,124.0,126.23,123.72,124.71,96476473
2018-08-28,121.6,122.47,121.19,122.23,169776087
2018-08-29,119.7,121.1,118.25,120.63,153089563
2018-08-30,123.23,124.53,123.09,123.74,144965747
2018-08-31,124.15,124.4,122.38,122.74,145585799
2018-09-01,122.19,124.2,121.86,123.43,83061164
2018-09-02,123.59,124.86,123.18,123.56,69091730
2018-09-03,123.59,123.88,123.52,123.58,50160810
2018-09-04,122.05,122.81,121.43,122.13,131138584
2018-09-05,122.92,123.43,122.27,122.49,118038679
2018-09-06,119.97,122.97,119.69,120.8,91454763
2018-09-07,120.37,121.2,120.06,120.61,91202318
2018-09-08,121.53,121.68,121.49,121.65,90722987
2018-09-09,120.41,121.24,119.06,119.45,61765650
2018-09-10,120.26,121.76,118.98,120.59,154981291
2018-09-11,120.48,120.99,117.64,120.66,76200684
2018-09-12,119.21,119.99,119.06,119.23,145052209
2018-09-13,120.62,120.72,120.16,120.24,137928194
2018-09-14,119.4,119.77,119.27,119.37,119136975
2018-09-15,119.68,119.97,118.99,119.51,116434499
2018-09-16,123.03,123.14,118.0,120.81,64085754
2018-09-17,120.3,120.37,119.94,120.11,69617534
2018-09-18,119.76,119.81,118.89,119.36,65330270
2018-09-19,120.76,122.32,119.94,121.16,57582192
2018-09-20,123.92,123.93,121.0,122.74,115200609
2018-09-21,123.25,123.85,121.48,122.86,76261705
2018-09-22,124.95,125.35,124.15,124.91,139812882
2018-09-23,125.5,126.13,124.83,125.45,68144849
2018-09-24,126.19,126.21,123.93,126.09,100601078
2018-09-25,128.35,128.92,128.04,128.31,78586668
2018-09-26,130.17,130.4,128.76,129.22,99099597
2018-09-27,131.26,132.77,130.51,131.29,102974158
2018-09-28,129.38,130.14,128.51,128.87,68228087
2018-09-29,130.7,130.93,129.42,130.36,126298597
2018-09-30,129.57,131.19,128.12,130.68,98916211
2018-10-01,130.76,131.81,128.74,131.62,137253595
2018-10-02,131.79,132.91,131.57,131.98,60845496
2018-10-03,135.06,135.46,133.82,134.09,149026387
2018-10-04,134.14,135.94,132.67,133.44,102830350
2018-10-05,133.19,133.21,132.24,132.6,89027194
2018-10-06,132.46,133.5,131.12,132.02,141712877
2018-10-07,134.18,134.19,131.54,132.34,105917869
2018-10-08,131.9,132.34,131.86,131.87,104219770
2018-10-09,129.23,132.9,128.71,131.31,103234810
2018-10-10,129.22,130.05,127.93,129.72,67654804
2018-10-11,131.48,131.73,130.12,130.13,70329807
2018-10-12,129.82,129.96,128.93,129.6,145000106
2018-10-13,129.47,130.1,128.79,130.02,91408282
2018-10-14,130.57,131.7,130.44,130.7,94541929
2018-10-15,129.81,129.88,129.37,129.65,152109471
2018-10-16,134.04,134.3,131.45,132.67,140231946
2018-10-17,133.12,133.95,132.0,132.61,80701428
2018-10-18,136.74,137.26,133.82,134.15,101188750
2018-10-19,131.25,132.25,131.14,131.34,70673961
2018-10-20,133.19,134.84,131.8,133.79,71356303
2018-10-21,133.42,133.68,132.35,133.62,133823325
2018-10-22,131.79,133.82,131.23,133.57,55911298
2018-10-23,134.27,134.39,133.64,133.99,112471999
2018-10-24,133.13,133.26,132.03,133.26,124281975
2018-10-25,134.26,135.22,132.27,134.08,104908019
2018-10-26,138.52,139.09,136.05,136.11,136525413
2018-10-27,135.59,136.08,134.22,135.63,76402750
2018-10-28,136.7,137.63,135.76,136.14,86612223
2018-10-29,133.37,133.96,131.79,133.83,149321234
2018-10-30,133.51,136.66,133.45,135.04,155222854
2018-10-31,138.17,138.48,137.28,138.14,99566669
2018-11-01,138.72,138.91,137.79,137.86,84796387
2018-11-02,138.28,139.29,136.35,138.37,119963149
2018-11-03,136.55,139.03,136.12,138.06,122151621
2018-11-04,136.93,138.45,136.78,137.55,116768841
2018-11-05,136.69,136.75,134.5,136.6,137501394
2018-11-06,137.27,137.48,135.5,137.29,134245101
2018-11-07,135.15,136.18,134.85,135.61,147865455
2018-11-08,134.14,134.51,134.1,134.32,114515739
2018-11-09,135.07,135.46,134.49,135.39,58651499
2018-11-10,134.42,134.85,133.71,134.5,100059466
2018-11-11,132.1,134.84,131.17,133.06,161125576
2018-11-12,133.97,134.01,133.58,133.75,110346085
2018-11-13,131.58,133.44,129.36,131.67,159060540
2018-11-14,129.96,130.54,129.16,130.06,92222665
2018-11-15,131.7,132.23,130.37,131.54,143154045
2018-11-16,131.68,132.22,131.07,132.06,58957320
2018-11-17,132.76,133.27,132.35,132.82,83005965
2018-11-18,131.75,132.21,130.26,131.32,130262381
2018-11-19,131.03,131.83,129.27,130.66,132377028
2018-11-20,134.75,136.78,129.78,131.81,91973428
2018-11-21,131.23,131.3,131.09,131.29,82878441
2018-11-22,131.06,132.15,130.46,130.84,54865903
2018-11-23,130.3,130.79,129.14,130.15,154692817
2018-11-24,130.51,132.66,129.06,130.49,76589330
2018-11-25,132.08,132.35,130.18,131.05,148541394
2018-11-26,132.42,132.47,132.36,132.37,86785720
2018-11-27,134.07,135.2,131.65,134.37,152931779
2018-11-28,132.96,134.43,132.21,133.64,96590882
2018-11-29,132.05,133.65,131.63,132.59,159691629
2018-11-30,132.22,132.85,131.62,131.97,140802650
2018-12-01,132.37,132.59,131.91,132.03,130087711
2018-12-02,132.02,133.29,131.54,132.04,106301365
2018-12-03,127.41,130.82,126.47,129.69,100824135
2018-12-04,129.7,130.51,128.42,128.77,139204619
2018-12-05,130.76,131.26,130.13,130.4,128415564
2018-12-06,131.02,131.16,129.2,130.53,88793403
2018-12-07,131.28,131.46,131.05,131.15,67989291
2018-12-08,127.27,130.54,126.74,130.16,111963608
2018-12-09,131.52,132.69,130.61,131.26,83427650
2018-12-10,132.1,132.93,132.03,132.19,127262383
2018-12-11,130.2,133.61,129.68,132.86,137800253
2018-12-12,131.8,132.63,131.76,132.24,115976017
2018-12-13,132.53,133.52,131.73,131.78,66320028
2018-12-14,132.37,133.15,131.35,131.99,145821846
2018-12-15,134.16,134.42,128.83,130.87,149775936
2018-12-16,127.67,129.82,127.23,129.71,66206295
2018-12-17,129.05,129.4,128.5,128.83,115744088
2018-12-18,130.38,131.04,129.94,130.11,151425047
2018-12-19,130.07,131.25,128.14,129.54,121129049
2018-12-20,126.82,127.96,125.68,127.08,108332381
2018-12-21,129.67,130.39,128.35,128.41,108593828
2018-12-22,127.54,129.16,127.18,128.85,147935614
2018-12-23,128.63,128.96,128.14,128.94,103811575
2018-12-24,127.61,127.72,127.26,127.31,118185415
2018-12-25,128.55,129.21,128.43,128.49,58494468
2018-12-26,125.74,129.01,124.76,127.35,138113767
2018-12-27,124.0,125.69,123.64,125.39,92713507
2018-12-28,125.8,126.96,125.65,126.14,76027404
2018-12-29,125.87,128.39,125.69,127.81,71735239
2018-12-30,127.12,129.6,125.82,128.02,70903339
2018-12-31,129.42,130.26,129.23,129.64,124148009
2019-01-01,129.2,129.67,128.99,129.13,65930720
2019-01-02,128.01,128.7,127.71,128.7,130492643
2019-01-03,131.01,131.76,130.8,131.04,169622595
2019-01-04,130.53,133.19,130.12,131.72,74385631
2019-01-05,131.11,131.29,130.54,131.21,104845696
2019-01-06,129.15,129.62,128.52,128.78,119413025
2019-01-07,127.17,128.96,126.61,128.4,67582003
2019-01-08,126.17,126.97,125.66,126.25,109591264
2019-01-09,127.31,127.59,126.9,127.25,143907096
2019-01-10,126.48,126.89,125.08,126.24,132160387
2019-01-11,125.93,126.24,125.02,125.97,132350483
2019-01-12,126.08,126.45,126.03,126.12,58624330
2019-01-13,124.59,125.63,124.23,124.37,127716627
2019-01-14,125.2,125.22,123.45,124.38,70603289
2019-01-15,123.76,123.82,122.13,122.74,97404475
2019-01-16,123.0,126.75,122.04,124.58,138229056
2019-01-17,123.23,124.75,122.46,122.88,118139390
2019-01-18,122.18,128.17,121.35,125.26,140423066
2019-01-19,123.01,123.96,122.72,123.53,84376454
2019-01-20,124.68,124.96,124.58,124.6,138140881
2019-01-21,123.08,124.97,122.29,124.19,64635376
2019-01-22,125.85,126.13,124.82,125.76,58762361
2019-01-23,126.47,127.61,126.4,127.55,109697362
2019-01-24,127.71,128.45,126.95,127.76,148350569
2019-01-25,129.11,131.36,126.36,128.35,102628780
2019-01-26,126.14,127.07,126.13,126.83,97268024
2019-01-27,126.64,126.93,125.53,126.26,148974627
2019-01-28,128.48,129.11,127.29,128.15,93088262
2019-01-29,125.27,126.43,124.96,125.66,147104995
2019-01-30,125.35,125.98,125.17,125.4,136771344
2019-01-31,123.73,124.73,122.55,123.04,164859819
2019-02-01,121.76,123.46,121.71,122.82,104630152
2019-02-02,121.45,123.07,120.87,121.69,162773140
2019-02-03,118.96,120.14,118.77,119.78,114135444
2019-02-04,120.65,121.55,119.82,120.5,76916363
2019-02-05,118.46,120.51,117.68,119.12,153699900
2019-02-06,120.01,120.23,117.92,119.17,136087525
2019-02-07,121.68,122.06,118.63,119.69,87560586
2019-02-08,119.88,120.52,118.8,119.69,112722188
2019-02-09,119.86,120.64,118.52,119.84,56605680
2019-02-10,116.93,119.9,116.34,119.41,148873866
2019-02-11,119.13,120.73,118.84,118.9,137309667
2019-02-12,120.53,120.67,119.98,120.35,109687583
2019-02-13,120.08,120.1,119.75,119.96,148950429
2019-02-14,117.61,118.74,116.02,117.84,125328426
2019-02-15,117.12,118.44,116.57,118.04,112731729
2019-02-16,116.34,117.93,115.55,116.37,121401027
2019-02-17,116.69,117.44,115.69,116.92,87941731
2019-02-18,117.14,117.9,116.62,117.59,123972293
2019-02-19,117.74,118.79,116.28,117.16,125465587
2019-02-20,119.53,121.34,118.67,119.34,78290306
2019-02-21,118.42,119.69,118.12,118.93,139974322
2019-02-22,120.65,121.29,119.19,119.77,112091734
2019-02-23,120.84,121.01,118.3,119.64,130531178
2019-02-24,119.35,119.94,119.22,119.71,114836233
2019-02-25,120.12,120.43,120.06,120.31,76892128
2019-02-26,118.9,119.42,118.41,118.86,81252610
2019-02-27,116.52,117.09,116.49,116.92,72948640
2019-02-28,116.37,116.51,116.09,116.4,123432650
2019-03-01,114.89,116.83,114.65,115.51,71908724
2019-03-02,116.5,116.55,112.61,115.66,77266824
2019-03-03,116.49,116.79,115.42,116.19,111338510
2019-03-04,117.66,118.08,116.29,117.76,151314458
2019-03-05,117.14,119.79,115.81,116.62,96963059
2019-03-06,115.71,116.36,115.56,116.17,98445328
2019-03-07,113.5,113.88,112.87,113.3,128595979
2019-03-08,114.56,115.6,112.98,113.83,130098660
2019-03-09,114.25,115.96,112.26,114.54,127006353
2019-03-10,116.65,116.71,114.34,115.29,104566330
2019-03-11,114.48,115.34,113.6,114.39,105891448
2019-03-12,114.89,114.99,114.39,114.82,111006497
2019-03-13,113.85,115.84,113.61,115.04,109871367
2019-03-14,114.54,115.06,113.08,114.66,92482149
2019-03-15,114.93,115.47,114.58,115.21,125821779
2019-03-16,113.97,116.86,112.36,116.06,129444816
2019-03-17,114.69,116.33,114.19,115.99,129209393
2019-03-18,116.34,116.63,114.7,115.18,66188947
2019-03-19,115.43,117.19,115.06,115.5,94088103
2019-03-20,115.29,116.0,114.66,115.47,71958024
2019-03-21,113.93,114.63,113.74,114.53,54541182
2019-03-22,114.0,114.63,112.6,114.45,148202469
2019-03-23,116.97,117.5,114.0,114.55,108587683
2019-03-24,113.0,114.07,112.72,113.63,138434165
2019-03-25,115.22,116.08,114.26,116.03,144286368
2019-03-26,115.89,116.74,115.42,116.53,133613757
2019-03-27,116.99,117.96,115.95,116.96,136331454
2019-03-28,115.98,116.43,115.35,115.37,137829825
2019-03-29,116.96,117.49,116.13,117.03,111906005
2019-03-30,115.14,117.13,115.12,116.07,55116878
2019-03-31,118.33,119.38,118.1,118.43,71527246
2019-04-01,118.29,118.67,116.56,117.5,61776691
2019-04-02,115.63,116.86,115.42,116.56,126431219
2019-04-03,114.17,115.61,112.68,114.74,60908087
2019-04-04,116.49,117.51,114.34,114.97,136656077
2019-04-05,116.5,116.79,113.6,115.24,70512810
2019-04-06,115.59,117.23,115.38,116.19,62499978
2019-04-07,118.68,119.26,116.53,118.04,81580501
2019-04-08,117.17,117.41,116.98,117.17,141812574
2019-04-09,116.41,118.24,115.91,116.38,148148228
2019-04-10,116.65,117.24,115.75,115.86,60371561
2019-04-11,115.12,115.98,113.08,115.0,87188217
2019-04-12,114.76,115.6,114.01,114.73,120573039
2019-04-13,114.54,116.03,114.53,115.83,97905083
2019-04-14,118.22,118.82,112.33,114.2,86828128
2019-04-15,112.84,113.17,112.57,112.76,78406880
2019-04-16,113.72,114.91,113.18,113.9,99225347
2019-04-17,112.09,112.63,111.89,112.44,133388607
2019-04-18,110.92,112.38,110.52,111.86,101451148
2019-04-19,111.84,114.08,111.48,112.53,66397428
2019-04-20,112.11,114.49,111.12,112.59,91026188
2019-04-21,109.85,112.27,109.82,111.29,101169479
2019-04-22,111.38,111.76,109.47,111.38,67379364
2019-04-23,112.79,112.96,111.42,112.11,84043773
2019-04-24,112.22,112.82,110.81,111.93,99130779
2019-04-25,111.52,113.37,110.76,111.48,76876985
2019-04-26,111.14,111.42,111.11,111.15,144559170
2019-04-27,111.3,111.67,109.71,110.77,145541349
2019-04-28,112.58,112.68,108.53,110.27,114884935
2019-04-29,110.02,111.16,109.67,110.42,58459166
2019-04-30,110.3,110.3,109.44,110.16,129184400
2019-05-01,111.92,112.06,110.82,110.84,75235954
2019-05-02,110.96,111.03,109.04,109.38,158372777
2019-05-03,109.89,110.28,109.83,110.01,141873531
2019-05-04,109.26,110.13,109.25,110.02,137060350
2019-05-05,110.32,110.73,109.95,110.19,136305750
2019-05-06,110.57,111.31,109.79,110.5,66555502
2019-05-07,108.24,112.95,107.77,111.77,137626371
2019-05-08,110.63,110.82,109.77,110.12,85247178
2019-05-09,108.67,109.06,108.22,108.73,100936868
2019-05-10,109.79,110.66,109.39,109.84,77044494
2019-05-11,110.45,110.72,109.74,110.48,82671804
2019-05-12,110.32,111.26,109.42,110.08,113251622
2019-05-13,109.96,110.49,109.05,109.94,102028909
2019-05-14,111.84,111.9,111.16,111.4,163284253
2019-05-15,109.27,111.56,109.02,109.85,160761865
2019-05-16,110.97,111.1,110.29,110.92,144451690
2019-05-17,109.31,109.64,109.24,109.59,87314112
2019-05-18,110.63,110.79,110.01,110.09,147912113
2019-05-19,111.25,112.08,108.74,110.3,145219012
2019-05-20,109.16,110.15,108.94,109.43,157086586
2019-05-21,107.98,108.01,107.96,107.98,143627827
2019-05-22,110.52,110.53,110.25,110.31,104869738
2019-05-23,108.64,109.65,108.63,109.18,108219026
2019-05-24,110.76,111.4,110.41,110.97,148812973
2019-05-25,109.47,111.13,109.46,110.38,81477897
2019-05-26,111.49,111.61,110.23,110.38,112448736
2019-05-27,110.25,112.14,109.16,111.03,112126649
2019-05-28,109.63,111.22,108.68,111.0,119034768
2019-05-29,110.05,111.56,106.96,109.29,83387144
2019-05-30,110.27,110.91,109.91,110.21,158713554
2019-05-31,111.58,111.67,106.78,110.24,61681948
2019-06-01,110.03,110.33,109.69,110.13,132312482
2019-06-02,111.76,112.07,111.6,111.8,161493903
2019-06-03,110.92,111.17,110.41,110.99,69768973
2019-06-04,111.15,112.26,111.06,111.82,84714472
2019-06-05,113.59,114.0,113.51,113.84,112791484
2019-06-06,113.09,113.8,112.47,112.58,75757713
2019-06-07,111.99,112.77,111.29,111.75,110373529
2019-06-08,112.24,112.27,110.96,111.17,67574690
2019-06-09,111.85,114.0,110.57,112.4,62404881
2019-06-10,112.21,114.65,112.2,113.55,76022015
2019-06-11,111.95,112.77,111.68,112.37,63748197
2019-06-12,110.46,111.57,110.07,110.72,78720599
2019-06-13,110.69,111.01,110.6,110.7,58401640
2019-06-14,112.86,112.96,112.11,112.69,158359251
2019-06-15,113.74,113.94,112.78,113.79,149261050
2019-06-16,112.64,115.71,112.15,113.7,94023424
2019-06-17,115.83,117.19,114.81,115.12,125771550
2019-06-18,113.65,114.04,113.22,113.56,146257304
2019-06-19,112.23,112.35,112.06,112.28,134562328
2019-06-20,111.55,112.03,111.43,111.98,131689523
2019-06-21,110.58,111.7,109.75,110.58,61764934
2019-06-22,110.94,111.44,110.93,111.23,132980433
2019-06-23,111.62,112.65,110.6,111.34,131742278
2019-06-24,111.47,112.21,111.21,111.78,82811846
2019-06-25,113.9,113.96,111.65,112.49,57675589
2019-06-26,112.12,112.76,111.71,111.99,116208752
2019-06-27,111.43,112.96,110.71,112.3,69878464
2019-06-28,111.3,111.68,110.55,111.57,126815944
2019-06-29,115.06,115.08,109.9,111.18,108751535
2019-06-30,113.46,113.56,112.1,112.3,95142329
2019-07-01,112.88,113.39,112.49,112.69,100862641
2019-07-02,112.06,112.23,111.63,111.9,99779504
2019-07-03,111.49,111.98,109.45,111.57,75436635
2019-07-04,109.72,111.39,109.65,110.25,99974529
2019-07-05,112.01,113.2,111.41,111.67,114786677
2019-07-06,111.27,113.36,111.13,112.33,95180216
2019-07-07,112.11,112.62,110.64,112.21,121799837
2019-07-08,112.18,113.34,111.69,112.59,86161664
2019-07-09,110.95,113.1,109.29,112.28,73052631
2019-07-10,112.16,113.93,111.95,113.64,98232031
2019-07-11,113.6,114.76,113.08,114.67,57786871
2019-07-12,115.21,115.33,114.41,114.56,113174072
2019-07-13,111.73,114.02,111.59,113.91,141432286
2019-07-14,113.93,115.51,113.42,114.82,54785908
2019-07-15,114.45,116.06,114.2,114.93,118363696
2019-07-16,115.63,116.86,115.5,116.55,90763371
2019-07-17,118.29,118.4,116.3,117.06,62540270
2019-07-18,115.55,116.42,115.19,115.95,112818209
2019-07-19,115.54,115.73,115.36,115.65,148265974
2019-07-20,115.28,116.86,114.46,116.57,135977543
2019-07-21,116.83,119.32,116.43,117.07,96343941
2019-07-22,116.78,117.06,115.62,116.59,141773330
2019-07-23,114.76,114.83,114.21,114.45,141164568
2019-07-24,113.81,113.89,113.8,113.81,63339792
2019-07-25,114.0,115.48,113.87,114.55,129505671
2019-07-26,112.35,113.95,112.29,113.39,105634800
2019-07-27,114.3,115.64,111.54,114.61,80319852
2019-07-28,115.34,115.66,113.92,114.66,124281512
2019-07-29,114.39,115.34,113.95,115.15,67055156
2019-07-30,115.77,116.12,113.32,114.44,98165349
2019-07-31,113.84,115.83,112.87,113.47,149037582
2019-08-01,113.15,114.23,113.0,113.25,130832155
2019-08-02,114.57,114.84,111.17,112.02,77074186
2019-08-03,112.7,113.56,111.74,113.42,150685869
2019-08-04,115.77,116.83,112.79,112.94,78474366
2019-08-05,114.31,114.44,114.26,114.4,149561937
2019-08-06,117.09,118.48,116.45,117.18,162144522
2019-08-07,118.63,119.47,117.43,117.86,111933006
2019-08-08,118.54,118.65,117.86,118.59,85651130
2019-08-09,118.59,119.29,118.26,119.0,121228203
2019-08-10,118.64,122.5,117.95,119.33,138606917
2019-08-11,119.2,119.22,118.87,119.14,57444446
2019-08-12,120.08,120.3,119.48,120.04,59508854
2019-08-13,120.72,122.61,120.66,121.35,130965406
2019-08-14,119.51,119.87,117.89,119.65,96696860
2019-08-15,117.36,117.83,116.94,117.38,118306272
2019-08-16,116.93,117.44,115.73,117.25,100027975
2019-08-17,115.8,115.98,115.41,115.64,167745772
2019-08-18,117.99,119.01,114.98,116.66,144127033
2019-08-19,120.92,123.18,117.95,118.64,98344489
2019-08-20,118.24,118.49,117.41,118.16,115385014
2019-08-21,115.95,118.44,115.49,117.07,147189289
2019-08-22,118.18,119.16,117.17,117.42,117557859
2019-08-23,117.26,118.01,116.52,117.66,81685086
2019-08-24,116.47,118.79,115.5,118.18,119345984
2019-08-25,118.2,118.62,116.99,117.91,58057149
2019-08-26,118.88,120.03,118.19,119.21,145254580
2019-08-27,119.24,119.28,118.05,119.22,108989235
2019-08-28,118.46,119.2,118.16,118.99,109939497
2019-08-29,122.72,124.33,120.4,121.51,161332820
2019-08-30,120.33,121.93,119.7,121.01,115978816
2019-08-31,121.12,121.67,120.8,121.54,127031248
2019-09-01,120.55,122.6,119.77,120.63,83638328
2019-09-02,121.41,121.51,119.21,119.81,108555349
2019-09-03,120.07,120.98,119.95,120.14,62377535
2019-09-04,117.37,117.52,116.9,117.25,171774628
2019-09-05,117.22,118.14,116.69,117.77,67939657
2019-09-06,119.16,119.93,117.99,118.8,151939491
2019-09-07,118.01,119.23,117.99,118.37,57819511
2019-09-08,117.27,117.92,117.17,117.5,136948598
2019-09-09,116.62,116.64,116.32,116.59,139583176
2019-09-10,117.8,117.88,116.68,117.54,97304182
2019-09-11,116.77,118.16,116.34,116.96,144189052
2019-09-12,118.0,118.46,117.26,118.03,159179889
2019-09-13,118.05,118.3,115.13,116.61,83928074
2019-09-14,116.32,116.84,116.15,116.73,140267929
2019-09-15,117.02,118.16,116.01,117.45,112961861
2019-09-16,117.64,117.64,116.9,117.14,137349471
2019-09-17,116.35,116.39,116.3,116.34,89256279
2019-09-18,116.22,116.9,115.25,115.81,70117213
2019-09-19,116.16,116.56,114.3,115.32,68400810
2019-09-20,116.77,116.99,114.97,116.88,160546559
2019-09-21,117.05,117.43,116.63,116.84,92006947
2019-09-22,116.95,119.64,115.32,116.88,124077598
2019-09-23,117.7,119.07,117.46,118.18,108755815
2019-09-24,119.88,120.41,119.49,119.71,98874991
2019-09-25,120.12,121.64,118.99,119.9,64227110
2019-09-26,117.71,122.45,117.54,119.64,101916301
2019-09-27,118.28,122.62,118.07,120.11,132682731
2019-09-28,119.96,120.86,117.67,118.7,71858539
2019-09-29,120.3,121.28,119.38,120.3,162652641
2019-09-30,119.78,120.33,119.71,120.11,111699504
2019-10-01,118.81,120.58,118.37,119.68,103936190
2019-10-02,117.96,118.19,116.88,117.42,119525856
2019-10-03,118.34,118.34,116.4,118.05,130298976
2019-10-04,120.26,120.72,118.69,119.37,134928107
2019-10-05,119.42,122.04,119.1,121.48,99953108
2019-10-06,121.02,121.65,119.79,120.21,98720125
2019-10-07,120.14,121.27,119.19,119.87,106832042
2019-10-08,118.31,120.48,117.71,120.19,81696864
2019-10-09,122.32,123.27,121.8,122.21,125405313
2019-10-10,121.32,122.22,121.02,121.53,111542374
2019-10-11,122.03,123.3,119.52,120.75,157017460
2019-10-12,120.63,121.96,120.23,121.17,72122015
2019-10-13,122.22,122.26,120.96,121.3,114444681
2019-10-14,123.03,124.73,122.11,122.58,120272780
2019-10-15,122.2,122.37,119.14,121.56,158240252
2019-10-16,122.36,123.53,121.95,121.96,58669694
2019-10-17,120.65,121.64,120.45,120.53,93209473
2019-10-18,120.71,122.26,116.23,119.2,62891849
2019-10-19,119.23,119.75,118.75,119.58,152488486
2019-10-20,119.9,120.77,119.54,120.04,131064915
2019-10-21,119.79,122.22,119.69,120.31,89973519
2019-10-22,119.93,121.25,119.41,120.68,92314184
2019-10-23,122.93,122.96,121.87,121.96,127474289
2019-10-24,122.99,123.21,121.18,122.1,84559038
2019-10-25,121.79,122.35,121.79,122.03,77032819
2019-10-26,122.1,122.22,120.08,121.74,71150067
2019-10-27,121.8,123.76,121.57,121.95,95844663
2019-10-28,120.48,122.45,118.91,121.33,125405921
2019-10-29,120.93,120.96,118.88,120.68,156363840
2019-10-30,119.6,121.99,119.47,120.58,76311736
2019-10-31,120.6,121.87,118.2,119.94,59306287
2019-11-01,120.31,121.52,118.48,119.39,92840299
2019-11-02,118.6,118.66,116.85,118.54,85533565
2019-11-03,117.74,118.02,117.7,117.87,158145050
2019-11-04,118.19,119.21,117.34,117.75,88492260
2019-11-05,119.8,120.17,115.98,119.23,144893235
2019-11-06,120.7,121.37,119.97,120.17,76831148
2019-11-07,118.71,120.42,118.14,119.65,66738608
2019-11-08,119.99,120.38,119.01,120.0,78785185
2019-11-09,118.82,119.42,118.32,118.87,79718099
2019-11-10,117.41,118.07,113.85,117.28,144434234
2019-11-11,119.41,119.51,117.11,117.31,110220790
2019-11-12,116.96,118.07,113.69,116.71,105773179
2019-11-13,116.45,118.03,115.93,117.65,64828367
2019-11-14,117.3,119.1,117.06,118.48,113730497
2019-11-15,119.36,119.41,117.42,119.17,155288628
2019-11-16,116.72,118.52,116.57,118.43,125667143
2019-11-17,118.35,119.55,116.8,118.73,108169119
2019-11-18,119.0,119.85,118.61,119.69,102458525
2019-11-19,120.38,120.43,120.15,120.35,101291229
2019-11-20,123.31,124.22,121.66,122.12,126630335
2019-11-21,122.62,123.22,120.25,122.37,120115495
2019-11-22,123.02,123.83,122.63,123.55,76620195
2019-11-23,125.05,125.3,122.87,124.7,95366271
2019-11-24,125.86,127.21,124.44,124.96,142866599
2019-11-25,125.43,125.83,125.23,125.63,85279118
2019-11-26,124.76,124.79,124.09,124.64,85040862
2019-11-27,125.21,127.07,123.42,125.2,62880719
2019-11-28,125.96,126.03,123.79,125.81,83198207
2019-11-29,128.42,129.28,125.46,126.8,79239186
2019-11-30,130.34,131.19,129.12,129.56,180270855
2019-12-01,131.79,132.0,130.78,130.91,152643249
2019-12-02,131.17,131.94,130.26,131.22,131976589
2019-12-03,130.28,130.37,129.33,129.52,66277183
2019-12-04,128.31,128.5,126.65,128.08,118703838
2019-12-05,126.66,128.41,125.99,127.6,131009845
2019-12-06,127.13,127.39,125.67,126.2,131071587
2019-12-07,128.73,129.11,127.71,127.92,87897085
2019-12-08,128.19,129.75,127.71,129.7,91936981
2019-12-09,128.16,131.47,128.0,129.68,129809386
2019-12-10,127.84,129.2,127.51,127.94,127642807
2019-12-11,126.93,130.32,126.27,128.77,88339014
2019-12-12,127.43,127.74,126.83,127.14,165076047
2019-12-13,127.41,127.5,125.44,126.73,119338795
2019-12-14,129.61,130.15,128.05,128.62,110543682
2019-12-15,129.23,129.35,128.19,128.77,134113358
2019-12-16,131.08,131.11,130.36,130.59,139962319
2019-12-17,129.83,130.7,129.42,129.88,143832255
2019-12-18,128.25,128.47,127.92,128.27,64222775
2019-12-19,130.71,132.62,129.8,130.9,101148087
2019-12-20,128.73,129.36,128.66,129.17,92082283
2019-12-21,128.17,128.19,126.95,127.77,94791076
2019-12-22,128.32,128.53,128.31,128.47,155365266
2019-12-23,129.67,130.31,128.27,129.56,84653367
2019-12-24,128.59,129.21,128.33,129.0,127442030
2019-12-25,126.83,127.47,126.45,127.37,65781832
2019-12-26,126.82,127.84,126.32,127.8,72928913
2019-12-27,128.66,130.1,128.42,128.42,78283598
2019-12-28,127.08,128.89,126.27,126.82,156241835
2019-12-29,122.93,125.1,122.7,123.97,148024354
