Date,Open,High,Low,Close,Volume
2010-01-01,25.29,25.38,24.82,25.26,107263579
2010-01-02,25.08,25.25,24.58,24.81,60309031
2010-01-03,25.3,26.41,25.1,25.14,76542011
2010-01-04,25.56,26.08,24.94,25.16,125086084
2010-01-05,24.52,24.63,24.41,24.47,94551951
2010-01-06,24.93,25.13,24.76,25.13,153036492
2010-01-07,25.66,26.0,24.85,25.43,79622839
2010-01-08,25.29,26.1,24.74,25.43,78741643
2010-01-09,25.54,25.7,25.08,25.33,59366614
2010-01-10,25.19,26.05,25.14,25.41,54471138
2010-01-11,24.96,25.17,24.54,24.87,126588545
2010-01-12,24.89,25.02,24.34,24.65,132898042
2010-01-13,24.36,24.45,24.07,24.24,148382944
2010-01-14,24.56,24.99,24.43,24.66,122807244
2010-01-15,24.04,24.13,23.84,24.11,135704832
2010-01-16,23.84,23.96,23.83,23.84,71604316
2010-01-17,24.54,24.6,24.01,24.05,122006486
2010-01-18,23.88,24.52,23.85,24.28,114416078
2010-01-19,23.93,24.16,23.66,24.1,122170339
2010-01-20,23.59,23.77,23.52,23.75,118938067
2010-01-21,23.79,24.55,23.77,24.06,167292050
2010-01-22,24.29,24.39,24.04,24.35,95208807
2010-01-23,23.99,24.7,23.92,24.17,84406310
2010-01-24,24.19,24.46,23.81,24.22,63397611
2010-01-25,23.93,24.14,23.77,24.06,117565997
2010-01-26,24.69,25.42,23.62,24.05,97244400
2010-01-27,23.23,24.88,22.59,24.27,128626997
2010-01-28,24.39,24.84,24.24,24.36,78555973
2010-01-29,24.54,25.39,24.23,25.05,191287859
2010-01-30,25.54,25.54,25.04,25.48,64623951
2010-01-31,24.45,26.03,24.32,25.2,143784490
2010-02-01,25.8,26.07,25.38,25.66,104103470
2010-02-02,25.01,25.05,24.63,24.81,67057797
2010-02-03,25.13,25.33,24.77,25.17,93470501
2010-02-04,24.95,25.09,24.63,24.89,128999783
2010-02-05,24.77,25.27,24.19,24.63,83453233
2010-02-06,25.72,26.3,24.14,25.2,116124399
2010-02-07,24.8,25.26,24.75,24.91,125767274
2010-02-08,25.21,25.56,24.65,25.03,121366368
2010-02-09,24.73,24.84,24.16,24.74,153296486
2010-02-10,24.56,24.69,24.24,24.66,78392487
2010-02-11,24.89,25.01,24.87,24.92,100465059
2010-02-12,25.22,25.78,24.73,24.99,62599071
2010-02-13,24.57,24.95,24.55,24.8,82109020
2010-02-14,25.8,25.97,25.59,25.69,120880524
2010-02-15,26.03,26.54,25.83,26.15,65040162
2010-02-16,26.04,26.21,25.94,25.95,110735748
2010-02-17,25.36,25.43,25.32,25.43,78981677
2010-02-18,24.27,24.95,24.1,24.68,165367979
2010-02-19,24.07,25.32,23.74,24.72,68894503
2010-02-20,24.8,25.02,24.39,24.67,61191430
2010-02-21,24.23,24.72,24.2,24.43,160029803
2010-02-22,24.16,25.01,23.55,24.21,59796083
2010-02-23,25.29,25.42,23.85,24.22,126363201
2010-02-24,24.18,24.48,23.52,24.4,73518587
2010-02-25,24.86,25.26,24.67,24.76,148447156
2010-02-26,25.14,25.46,24.93,25.16,159285652
2010-02-27,25.59,26.24,24.96,25.47,135604275
2010-02-28,25.56,25.97,24.87,25.12,135236433
2010-03-01,25.04,25.67,24.88,24.98,143828450
2010-03-02,24.24,24.49,23.0,24.27,177526424
2010-03-03,24.46,24.78,23.93,24.21,81599389
2010-03-04,24.16,24.16,24.06,24.15,147147762
2010-03-05,24.7,25.02,24.16,24.37,110218855
2010-03-06,24.77,24.85,24.54,24.67,105431229
2010-03-07,25.34,25.85,25.12,25.61,175783094
2010-03-08,25.35,25.61,25.3,25.32,90853674
2010-03-09,25.35,25.43,25.24,25.4,136187900
2010-03-10,25.63,25.87,24.93,24.95,148537111
2010-03-11,24.98,25.7,24.82,25.5,179345733
2010-03-12,26.01,26.13,25.78,25.78,110975488
2010-03-13,25.04,25.13,25.01,25.06,71768347
2010-03-14,24.94,25.83,24.68,25.03,54370584
2010-03-15,25.98,26.47,25.67,25.76,66315228
2010-03-16,25.74,25.79,25.34,25.53,116552474
2010-03-17,25.82,26.22,25.73,25.92,137766505
2010-03-18,26.23,26.27,26.06,26.06,75896071
2010-03-19,26.09,26.73,25.05,25.69,129865492
2010-03-20,26.39,26.67,26.22,26.23,65699210
2010-03-21,26.0,26.21,25.83,25.93,58005493
2010-03-22,26.28,26.33,26.13,26.29,128368015
2010-03-23,26.61,26.73,26.44,26.61,62470292
2010-03-24,26.35,26.81,25.65,25.9,162740861
2010-03-25,26.07,26.09,25.82,25.95,141373771
2010-03-26,25.52,25.63,24.46,25.37,128269750
2010-03-27,25.69,25.8,25.26,25.75,157883959
2010-03-28,27.35,27.47,26.82,26.91,209552502
2010-03-29,27.31,28.1,26.76,27.31,160083291
2010-03-30,27.93,28.26,27.57,27.73,98384537
2010-03-31,27.86,27.99,27.64,27.94,115222589
2010-04-01,28.23,28.31,28.05,28.29,97360488
2010-04-02,27.97,28.77,27.82,28.4,150644766
2010-04-03,29.22,29.45,29.05,29.07,150906685
2010-04-04,29.55,29.76,28.97,29.34,94937892
2010-04-05,29.63,29.99,29.49,29.82,91633633
2010-04-06,29.94,30.17,29.73,29.91,60063009
2010-04-07,30.37,30.92,29.37,30.37,91233421
2010-04-08,30.78,31.27,30.56,30.58,149281633
2010-04-09,31.01,31.07,30.89,31.02,74101595
2010-04-10,30.26,30.93,29.94,30.34,85196627
2010-04-11,30.29,30.74,29.62,29.93,108738982
2010-04-12,29.8,29.85,29.51,29.81,152778940
2010-04-13,29.98,31.19,29.95,30.27,79355282
2010-04-14,30.04,30.1,29.66,29.7,94903208
2010-04-15,30.67,30.91,30.3,30.62,87108220
2010-04-16,30.81,30.84,30.0,30.07,111608882
2010-04-17,28.46,29.7,28.45,29.07,69219020
2010-04-18,29.9,30.25,29.71,29.9,99302919
2010-04-19,29.31,30.19,29.08,29.84,116338323
2010-04-20,29.55,30.02,29.38,29.8,53003135
2010-04-21,30.01,30.97,29.1,30.05,100265802
2010-04-22,29.52,30.36,29.25,29.75,100339184
2010-04-23,29.1,29.81,28.61,29.12,117110845
2010-04-24,29.02,29.47,28.79,29.1,65544203
2010-04-25,29.87,30.03,29.32,29.37,65887125
2010-04-26,29.77,29.95,29.43,29.66,60632435
2010-04-27,29.51,29.78,29.39,29.48,60215547
2010-04-28,28.95,29.39,27.75,29.22,131610554
2010-04-29,29.81,29.88,29.44,29.61,132038489
2010-04-30,29.26,29.53,29.14,29.16,84436481
2010-05-01,29.85,29.86,28.74,29.18,133583968
2010-05-02,29.49,29.87,29.31,29.77,112572768
2010-05-03,28.39,29.97,28.32,29.67,79953237
2010-05-04,30.18,31.44,30.01,30.34,178082639
2010-05-05,29.67,29.81,29.16,29.64,147719692
2010-05-06,29.79,29.92,29.29,29.69,127634669
2010-05-07,29.86,30.49,29.83,30.0,104510461
2010-05-08,29.91,30.59,29.3,29.98,65329865
2010-05-09,30.34,30.58,30.33,30.49,170995554
2010-05-10,29.89,31.69,29.75,30.13,131669429
2010-05-11,30.68,30.82,30.53,30.6,69870125
2010-05-12,31.03,31.41,31.03,31.2,67317701
2010-05-13,30.99,31.04,30.46,30.72,130928623
2010-05-14,30.32,31.62,29.93,30.4,157916861
2010-05-15,29.56,29.78,28.76,29.36,128566309
2010-05-16,29.05,29.93,28.92,29.31,105699177
2010-05-17,30.79,31.02,29.18,29.88,139445603
2010-05-18,30.41,31.02,30.39,30.98,105111284
2010-05-19,30.75,30.96,30.43,30.73,76539741
2010-05-20,30.7,30.86,30.32,30.6,140129335
2010-05-21,30.64,31.44,30.58,30.65,73393871
2010-05-22,31.45,32.06,30.93,31.65,100484162
2010-05-23,31.33,32.28,31.2,31.6,144990896
2010-05-24,31.65,31.85,31.26,31.73,55638120
2010-05-25,31.69,31.85,31.52,31.74,92862371
2010-05-26,32.65,32.89,31.94,32.46,87000938
2010-05-27,32.56,32.86,32.29,32.83,55722527
2010-05-28,32.6,33.79,32.04,32.84,120102164
2010-05-29,33.39,33.55,32.74,33.13,162105182
2010-05-30,33.06,33.56,33.01,33.2,86533915
2010-05-31,34.01,34.18,33.2,33.62,119029996
2010-06-01,32.77,32.9,32.65,32.71,101634942
2010-06-02,31.59,32.13,31.4,32.06,128310151
2010-06-03,32.98,33.56,31.59,33.1,142115791
2010-06-04,33.58,33.97,32.86,33.97,145501099
2010-06-05,33.57,34.57,33.47,33.55,113626179
2010-06-06,32.59,33.82,32.33,33.43,54842443
2010-06-07,32.42,32.96,32.34,32.75,76428119
2010-06-08,32.69,32.94,32.05,32.52,110494935
2010-06-09,31.85,32.09,31.54,31.82,174640459
2010-06-10,33.0,33.66,32.02,32.37,155513020
2010-06-11,32.98,33.3,31.23,32.11,130701934
2010-06-12,31.94,32.73,31.83,32.35,155091270
2010-06-13,33.25,33.57,31.02,32.56,100973797
2010-06-14,32.78,33.67,32.33,32.45,63756124
2010-06-15,31.95,32.37,31.22,32.09,161090890
2010-06-16,32.94,33.21,32.29,32.78,157622926
2010-06-17,32.4,32.75,32.32,32.57,62786502
2010-06-18,32.74,32.74,32.65,32.71,72655952
2010-06-19,32.44,32.85,32.35,32.44,68616830
2010-06-20,33.14,33.54,32.86,32.91,91410351
2010-06-21,33.57,33.96,33.54,33.84,183067071
2010-06-22,34.25,34.6,33.53,33.79,78372086
2010-06-23,33.92,34.3,33.65,33.91,122576159
2010-06-24,33.87,34.11,33.39,34.08,88774110
2010-06-25,34.77,35.41,34.13,34.9,119043240
2010-06-26,34.69,35.01,34.55,34.74,139820078
2010-06-27,34.88,35.08,34.65,35.05,97013226
2010-06-28,35.3,36.42,35.25,35.4,164533210
2010-06-29,35.39,35.6,35.25,35.3,52984006
2010-06-30,35.51,35.6,35.34,35.49,68976070
2010-07-01,34.3,34.43,33.93,34.31,127847282
2010-07-02,33.7,34.29,33.55,33.59,80260983
2010-07-03,33.85,34.64,33.67,34.46,96111781
2010-07-04,35.74,36.38,34.33,35.04,73277223
2010-07-05,35.59,35.59,34.69,35.01,104378414
2010-07-06,35.7,36.2,35.38,35.46,57169078
2010-07-07,36.63,37.51,36.38,37.1,210688095
2010-07-08,37.61,38.51,37.42,37.83,138476889
2010-07-09,37.88,38.03,37.51,37.87,53699923
2010-07-10,39.07,39.42,38.95,39.37,135623877
2010-07-11,39.24,39.3,38.58,39.15,153300579
2010-07-12,40.02,40.3,38.83,39.06,69393590
2010-07-13,39.39,39.77,38.77,39.76,118844592
2010-07-14,38.89,42.98,38.87,40.23,83261402
2010-07-15,40.19,40.54,39.3,40.39,143582971
2010-07-16,39.09,39.37,38.93,39.1,90693214
2010-07-17,39.08,39.41,38.96,39.19,72545361
2010-07-18,40.09,40.32,39.37,39.88,174147043
2010-07-19,38.98,39.77,38.85,39.37,96682130
2010-07-20,39.04,39.61,38.4,39.16,91055637
2010-07-21,38.82,39.22,38.09,38.69,88109873
2010-07-22,38.79,39.09,38.66,39.0,156481381
2010-07-23,39.38,40.55,39.28,39.62,102085382
2010-07-24,40.54,40.58,40.3,40.48,96801806
2010-07-25,39.97,40.67,38.0,40.17,127608121
2010-07-26,41.3,42.33,40.54,40.95,133341876
2010-07-27,41.07,41.52,40.69,40.86,112472270
2010-07-28,40.84,40.91,39.78,40.43,92629584
2010-07-29,41.85,42.14,41.28,41.97,165884621
2010-07-30,40.47,41.88,40.28,41.17,177278937
2010-07-31,41.72,42.17,41.57,41.84,123093605
2010-08-01,42.5,42.84,41.81,42.29,113336914
2010-08-02,43.11,43.66,41.63,42.67,106178207
2010-08-03,42.27,42.36,42.22,42.31,118644598
2010-08-04,42.21,42.3,42.16,42.25,85586225
2010-08-05,41.94,42.29,41.53,41.7,78759684
2010-08-06,41.0,42.32,39.97,41.53,65935911
2010-08-07,42.56,42.63,42.44,42.53,172285137
2010-08-08,42.71,43.28,42.08,43.23,134055822
2010-08-09,43.99,44.87,43.16,43.81,129158909
2010-08-10,42.93,43.04,42.83,43.04,136723403
2010-08-11,42.75,43.01,42.07,42.09,98800021
2010-08-12,42.06,42.44,41.09,42.0,116398834
2010-08-13,41.92,42.36,40.44,41.77,100005279
2010-08-14,41.97,42.47,41.83,42.1,112634887
2010-08-15,42.05,42.12,41.92,41.97,95187400
2010-08-16,42.53,42.85,39.92,41.62,64959823
2010-08-17,41.47,41.49,41.38,41.38,96428052
2010-08-18,40.68,41.35,39.66,41.14,59313057
2010-08-19,40.37,41.54,39.95,40.57,82983052
2010-08-20,42.03,42.32,40.91,41.69,118917752
2010-08-21,40.97,41.78,40.82,41.65,130761770
2010-08-22,42.19,45.26,41.05,42.49,142864345
2010-08-23,42.94,43.04,41.67,42.24,154232167
2010-08-24,42.14,42.91,41.41,42.37,66051708
2010-08-25,41.2,41.82,41.03,41.23,189624304
2010-08-26,41.26,41.91,41.25,41.3,72871142
2010-08-27,42.13,42.88,42.02,42.34,185263025
2010-08-28,43.16,43.22,42.42,43.02,139360225
2010-08-29,44.88,45.31,41.45,42.82,155839677
2010-08-30,42.28,42.57,42.27,42.5,84259543
2010-08-31,42.66,45.03,41.88,43.39,146754538
2010-09-01,42.78,44.34,42.41,42.83,78468305
2010-09-02,41.96,43.41,41.42,41.64,131460041
2010-09-03,43.98,44.17,42.62,43.66,197076148
2010-09-04,44.61,44.82,43.94,44.43,118744949
2010-09-05,44.49,44.81,43.62,43.94,87365557
2010-09-06,42.22,43.36,42.22,43.25,95107146
2010-09-07,44.07,44.44,43.91,43.94,154823243
2010-09-08,42.89,43.09,42.69,43.06,122775314
2010-09-09,42.49,44.57,41.8,43.03,136250244
2010-09-10,43.35,43.87,42.97,43.37,158165107
2010-09-11,43.34,44.03,42.55,43.23,78416460
2010-09-12,42.73,43.6,42.67,43.15,62433804
2010-09-13,45.9,45.94,44.68,45.15,135918930
2010-09-14,45.17,45.18,45.09,45.15,134744886
2010-09-15,44.63,45.01,44.0,44.5,88762102
2010-09-16,43.17,43.41,40.73,43.16,188058514
2010-09-17,43.74,43.85,42.81,43.8,104423014
2010-09-18,44.29,45.19,44.01,44.85,65016084
2010-09-19,44.2,44.23,43.94,44.15,170160253
2010-09-20,45.01,45.06,44.83,45.03,85906802
2010-09-21,44.07,44.6,43.77,44.08,129159924
2010-09-22,44.06,44.08,43.83,43.95,109665391
2010-09-23,43.93,44.68,43.64,43.94,127722262
2010-09-24,43.37,44.54,43.12,43.61,77651230
2010-09-25,44.37,44.74,43.41,43.86,82206660
2010-09-26,42.65,43.39,42.48,42.56,120205108
2010-09-27,44.25,44.32,43.03,43.36,116130227
2010-09-28,43.15,44.1,43.12,43.33,82115413
2010-09-29,42.86,43.93,42.65,42.84,66818930
2010-09-30,43.41,43.5,42.39,42.91,111810890
2010-10-01,43.11,43.28,42.96,43.08,133057463
2010-10-02,44.3,44.61,43.92,44.15,182503503
2010-10-03,44.72,44.85,44.64,44.71,71941926
2010-10-04,43.46,44.04,43.05,43.67,109453676
2010-10-05,44.09,45.17,44.01,44.13,133096311
2010-10-06,44.2,44.45,43.79,43.97,112669007
2010-10-07,44.57,44.63,43.99,44.36,151969111
2010-10-08,43.61,47.13,43.13,46.08,78213141
2010-10-09,47.7,48.36,47.25,47.27,106145070
2010-10-10,47.31,47.36,46.72,47.16,150752757
2010-10-11,44.41,46.25,43.86,45.36,177909704
2010-10-12,45.76,46.92,45.05,46.48,175584832
2010-10-13,47.0,47.42,46.03,46.94,96688478
2010-10-14,49.84,50.02,48.8,49.7,180996985
2010-10-15,50.16,50.16,49.89,50.0,63237415
2010-10-16,50.05,50.57,50.03,50.5,72341301
2010-10-17,48.92,49.4,48.33,48.55,199580722
2010-10-18,47.79,49.0,47.42,48.44,139474056
2010-10-19,47.15,48.53,46.25,47.62,86585742
2010-10-20,47.97,48.15,47.83,47.93,99757266
2010-10-21,49.32,49.33,48.83,48.89,149049615
2010-10-22,49.78,50.0,49.07,49.25,118820339
2010-10-23,47.26,47.77,47.26,47.57,136596701
2010-10-24,49.37,51.33,48.91,49.48,193071933
2010-10-25,50.64,50.91,50.27,50.42,159196870
2010-10-26,50.38,50.95,50.29,50.64,60245609
2010-10-27,50.7,50.9,50.2,50.52,107872207
2010-10-28,50.37,51.73,50.24,50.8,76075155
2010-10-29,50.06,51.79,49.68,50.68,106727351
2010-10-30,50.58,50.73,49.72,50.39,85223755
2010-10-31,50.35,50.8,49.59,50.67,78720527
2010-11-01,51.52,53.1,50.21,51.52,88960009
2010-11-02,51.53,51.58,49.96,51.07,87757450
2010-11-03,51.33,52.46,51.08,51.77,106316626
2010-11-04,51.97,52.16,51.75,52.02,83169568
2010-11-05,50.23,52.48,50.15,51.28,102706608
2010-11-06,51.05,51.14,50.61,50.74,72576161
2010-11-07,51.48,51.71,51.44,51.53,122521681
2010-11-08,54.28,54.31,52.13,53.1,129113999
2010-11-09,55.17,56.07,54.43,54.66,170633938
2010-11-10,52.93,59.04,52.74,55.5,59422533
2010-11-11,56.85,57.34,56.72,56.87,186071384
2010-11-12,58.74,59.11,57.68,58.15,119199544
2010-11-13,55.58,57.04,54.53,56.74,124327400
2010-11-14,57.66,58.94,56.42,57.79,176890564
2010-11-15,57.22,57.39,56.37,56.61,94996132
2010-11-16,56.27,57.44,54.94,55.95,90698305
2010-11-17,57.7,58.47,56.33,57.56,183134343
2010-11-18,57.16,57.43,57.09,57.32,104120094
2010-11-19,59.12,60.0,58.04,58.99,163818201
2010-11-20,57.23,58.66,57.14,58.2,153396856
2010-11-21,57.99,58.19,57.76,57.91,108309418
2010-11-22,56.75,57.87,55.91,56.25,84191020
2010-11-23,56.63,57.46,56.07,57.12,75333070
2010-11-24,56.88,57.71,56.1,56.92,125796694
2010-11-25,54.59,56.6,53.78,55.42,132293878
2010-11-26,54.93,56.31,54.5,55.9,86183078
2010-11-27,57.87,58.25,57.47,57.86,161732206
2010-11-28,57.15,57.59,56.42,57.15,131804385
2010-11-29,55.94,56.87,53.75,56.54,70460212
2010-11-30,58.58,58.93,57.28,57.79,77847891
2010-12-01,56.67,59.54,56.37,58.66,103945592
2010-12-02,60.08,60.71,59.43,60.68,120462231
2010-12-03,60.08,60.15,59.12,60.14,132940059
2010-12-04,59.36,60.09,59.07,60.04,99819432
2010-12-05,59.46,60.51,59.0,59.94,152421597
2010-12-06,61.7,62.33,61.45,61.5,159414759
2010-12-07,61.82,63.24,60.28,61.84,140634237
2010-12-08,62.32,62.98,56.5,59.72,68878517
2010-12-09,59.26,60.73,59.08,60.49,90814465
2010-12-10,60.73,63.15,60.36,61.42,149887336
2010-12-11,62.81,64.75,62.58,63.64,81463477
2010-12-12,62.88,63.07,61.82,62.45,112233221
2010-12-13,65.58,65.84,64.51,64.82,185156906
2010-12-14,65.86,67.39,65.67,66.22,181973263
2010-12-15,66.77,66.8,65.57,66.24,61895359
2010-12-16,64.71,64.9,64.48,64.76,106783288
2010-12-17,64.62,65.83,64.35,64.43,90625636
2010-12-18,64.17,64.52,64.07,64.41,63101561
2010-12-19,65.5,66.84,62.28,62.82,118224167
2010-12-20,61.83,62.19,61.65,61.96,88057778
2010-12-21,64.12,64.14,62.99,63.88,116516156
2010-12-22,65.3,65.82,65.24,65.51,72976965
2010-12-23,66.52,67.44,65.19,65.41,93073991
2010-12-24,64.67,67.44,63.64,65.89,77786726
2010-12-25,67.19,67.82,66.81,67.24,160013082
2010-12-26,67.62,68.13,67.06,67.83,76424039
2010-12-27,68.22,68.27,67.88,68.23,64548406
2010-12-28,68.83,69.32,66.23,67.21,74818694
2010-12-29,66.6,66.83,66.06,66.44,157585927
2010-12-30,65.7,66.93,65.25,66.32,125720998
2010-12-31,64.85,65.05,64.23,64.46,167011452
2011-01-01,62.64,64.08,61.21,63.83,153599889
2011-01-02,64.39,64.61,64.08,64.51,63699802
2011-01-03,65.93,66.24,64.13,65.59,113176024
2011-01-04,63.21,64.65,63.15,64.44,78151492
2011-01-05,63.31,63.79,61.9,63.74,67396530
2011-01-06,65.41,66.0,63.36,63.54,129338772
2011-01-07,63.56,64.84,62.33,62.95,117463239
2011-01-08,65.54,68.71,65.42,65.87,86168312
2011-01-09,66.22,66.59,65.75,66.24,106786270
2011-01-10,65.35,65.6,65.29,65.53,133851055
2011-01-11,65.77,67.7,64.84,65.73,95314760
2011-01-12,66.6,67.09,64.44,65.62,111797109
2011-01-13,64.33,64.44,63.31,63.57,74962553
2011-01-14,62.42,63.76,61.39,63.16,61670925
2011-01-15,64.31,64.65,64.02,64.37,76593325
2011-01-16,65.55,65.68,64.55,65.03,123968867
2011-01-17,63.33,64.08,63.07,63.67,122784645
2011-01-18,61.14,62.14,60.84,61.63,149539116
2011-01-19,59.26,60.53,58.84,59.05,162813920
2011-01-20,56.61,57.75,56.44,57.54,167086830
2011-01-21,58.21,58.63,57.92,58.47,121874157
2011-01-22,58.88,59.44,57.35,58.13,115497134
2011-01-23,58.29,59.36,57.15,58.28,79187409
2011-01-24,58.14,59.3,57.39,57.45,157559140
2011-01-25,58.27,60.56,57.76,59.13,107940322
2011-01-26,57.0,57.32,56.52,56.88,107350444
2011-01-27,57.56,58.55,57.52,58.4,75336993
2011-01-28,60.2,60.48,60.13,60.48,152838517
2011-01-29,59.99,60.84,59.6,60.31,133590557
2011-01-30,58.81,60.45,57.88,58.66,115480724
2011-01-31,58.9,58.96,56.57,57.76,73003585
2011-02-01,56.23,57.42,54.48,56.58,149057551
2011-02-02,56.94,58.02,56.81,57.77,171674171
2011-02-03,57.63,59.75,56.53,57.08,84973043
2011-02-04,55.44,56.21,55.13,55.64,177577565
2011-02-05,55.53,55.92,54.04,54.63,136717101
2011-02-06,55.36,55.51,55.23,55.39,117281140
2011-02-07,55.68,56.23,55.4,55.44,106868792
2011-02-08,55.8,56.04,54.98,55.09,71667059
2011-02-09,54.88,55.9,54.03,54.97,75943716
2011-02-10,56.74,57.71,55.33,56.1,112869738
2011-02-11,55.31,56.72,54.47,54.69,127279897
2011-02-12,55.45,55.93,54.8,55.77,132715446
2011-02-13,56.21,56.46,55.32,55.37,85814762
2011-02-14,55.82,57.06,55.39,55.7,63509806
2011-02-15,56.17,56.4,55.3,55.91,61542923
2011-02-16,55.42,56.38,54.89,56.13,70800609
2011-02-17,56.61,57.09,54.52,55.94,134752253
2011-02-18,56.09,56.22,55.91,56.03,130748425
2011-02-19,57.28,57.31,56.48,56.79,154775110
2011-02-20,56.69,57.53,56.53,57.17,135004868
2011-02-21,59.36,59.58,56.11,58.28,65798151
2011-02-22,56.99,57.52,56.19,56.74,173979601
2011-02-23,57.9,58.01,57.49,57.95,75047496
2011-02-24,57.61,57.86,56.88,57.17,72805044
2011-02-25,56.74,57.65,54.81,55.6,103388590
2011-02-26,58.26,59.18,58.14,59.01,84580073
2011-02-27,59.31,59.35,59.16,59.21,140977790
2011-02-28,57.33,59.3,56.7,58.08,127500031
2011-03-01,59.12,59.4,57.39,58.7,130698160
2011-03-02,59.41,59.83,58.69,59.3,83318097
2011-03-03,58.36,59.43,58.05,58.28,158281362
2011-03-04,58.31,60.02,57.14,57.49,141258805
2011-03-05,57.1,57.49,56.71,57.45,119819649
2011-03-06,56.39,57.51,56.1,56.86,135658723
2011-03-07,57.85,58.35,57.54,57.96,118269910
2011-03-08,59.58,59.85,58.07,59.02,130839993
2011-03-09,59.93,61.1,59.85,60.82,84831750
2011-03-10,61.17,61.6,58.64,60.26,153865432
2011-03-11,59.89,60.54,59.4,60.27,82481796
2011-03-12,61.46,62.06,60.55,61.59,80201302
2011-03-13,61.22,62.19,60.91,61.23,86254242
2011-03-14,61.21,62.88,61.07,61.72,133012362
2011-03-15,61.59,61.6,60.77,60.95,93314468
2011-03-16,61.64,62.11,60.89,61.85,95945760
2011-03-17,60.83,61.4,60.64,61.02,161900371
2011-03-18,62.11,62.59,59.73,61.5,97099775
2011-03-19,60.07,60.62,60.07,60.26,173867671
2011-03-20,62.88,62.97,62.34,62.55,123536553
2011-03-21,65.01,65.54,63.09,64.19,152932633
2011-03-22,64.05,64.52,62.26,63.26,101307252
2011-03-23,64.61,66.0,63.42,64.26,113308839
2011-03-24,65.7,66.31,63.75,66.3,124182944
2011-03-25,66.49,66.53,66.37,66.43,113707156
2011-03-26,66.5,67.31,65.76,66.7,69903844
2011-03-27,68.03,68.05,66.89,67.18,86122780
2011-03-28,63.44,65.47,62.55,65.2,77066544
2011-03-29,64.85,65.17,64.7,65.05,127922986
2011-03-30,63.69,64.67,63.5,64.42,66936349
2011-03-31,62.16,62.58,62.14,62.33,91727328
2011-04-01,62.3,63.26,62.26,62.84,80147864
2011-04-02,62.27,62.85,61.87,62.8,147054393
2011-04-03,63.79,63.9,60.9,61.35,179229106
2011-04-04,60.59,61.33,60.21,61.22,137108549
2011-04-05,61.72,62.46,59.17,61.11,69589787
2011-04-06,61.57,61.72,61.55,61.61,143729687
2011-04-07,62.15,62.83,61.01,62.66,90217931
2011-04-08,62.63,63.81,61.7,63.14,87168270
2011-04-09,63.95,64.0,61.98,63.34,111102295
2011-04-10,63.15,65.18,59.46,62.59,157800727
2011-04-11,60.21,61.49,60.14,60.43,75972779
2011-04-12,62.18,62.36,61.32,61.68,90898244
2011-04-13,61.85,62.46,61.75,62.23,142141958
2011-04-14,65.01,65.06,63.65,64.7,179868046
2011-04-15,64.11,64.5,62.86,63.87,57343262
2011-04-16,64.33,64.96,62.56,62.63,103174611
2011-04-17,64.36,64.77,63.57,63.6,108125394
2011-04-18,62.3,63.08,62.18,62.61,134453715
2011-04-19,61.94,62.38,60.68,60.76,134179508
2011-04-20,59.57,60.9,59.52,60.87,118440967
2011-04-21,58.53,59.51,58.1,58.96,153276592
2011-04-22,57.38,58.56,57.27,57.79,133303051
2011-04-23,58.13,58.16,57.73,57.86,135468364
2011-04-24,54.72,56.32,54.69,55.13,212818682
2011-04-25,54.05,55.03,54.03,54.73,129142023
2011-04-26,53.41,53.88,51.57,53.28,68106678
2011-04-27,52.08,52.69,50.71,52.63,135940017
2011-04-28,52.32,53.61,52.21,52.71,126995110
2011-04-29,50.68,52.87,50.57,51.96,80667997
2011-04-30,53.77,53.84,53.49,53.76,101589529
2011-05-01,52.49,54.62,51.6,53.35,135847337
2011-05-02,51.53,53.92,51.18,52.84,134671514
2011-05-03,54.64,55.2,54.0,54.46,153937451
2011-05-04,52.49,55.39,52.06,55.24,170338513
2011-05-05,53.92,55.29,52.67,53.77,144245185
2011-05-06,52.89,52.97,52.64,52.93,156102312
2011-05-07,54.44,55.92,51.38,53.75,166877649
2011-05-08,54.42,55.28,54.22,54.38,165691693
2011-05-09,54.2,56.79,52.92,55.18,125174142
2011-05-10,54.37,57.6,54.14,55.8,163694601
2011-05-11,56.69,56.76,56.62,56.67,150172890
2011-05-12,55.15,55.18,54.3,55.06,119827468
2011-05-13,54.9,54.99,53.88,54.82,90776693
2011-05-14,57.38,57.42,53.93,54.36,90043723
2011-05-15,52.37,52.56,51.7,51.86,99428598
2011-05-16,50.42,51.07,49.22,50.77,126393859
2011-05-17,52.3,52.95,51.98,52.19,178213561
2011-05-18,53.07,53.19,52.01,52.43,123977460
2011-05-19,53.07,54.23,51.78,53.53,61723797
2011-05-20,55.48,55.49,54.63,55.24,176512092
2011-05-21,55.08,55.98,53.41,55.08,67851413
2011-05-22,55.23,56.81,54.89,56.16,129349065
2011-05-23,56.84,57.48,56.79,57.47,64010895
2011-05-24,60.44,61.01,58.65,59.47,117772651
2011-05-25,61.2,61.3,60.66,60.69,96947200
2011-05-26,60.64,61.51,60.56,60.69,67354442
2011-05-27,60.28,63.08,58.87,61.47,123870785
2011-05-28,62.62,63.29,62.19,62.76,104943625
2011-05-29,63.63,64.77,62.87,64.16,71368546
2011-05-30,63.14,63.42,63.11,63.19,78197045
2011-05-31,62.29,65.03,62.16,63.13,145257350
2011-06-01,67.15,68.19,62.54,64.48,174618558
2011-06-02,64.1,64.7,63.6,63.83,85025674
2011-06-03,65.37,66.18,62.58,64.46,100900998
2011-06-04,64.46,67.34,63.68,64.08,67800121
2011-06-05,63.53,63.58,63.43,63.44,69971804
2011-06-06,63.7,64.04,63.29,63.67,86965484
2011-06-07,63.91,64.0,62.19,63.77,104357947
2011-06-08,64.79,64.98,63.02,63.43,151063969
2011-06-09,60.99,63.43,59.63,62.78,151750285
2011-06-10,62.69,63.52,62.57,63.37,79119321
2011-06-11,62.02,62.68,61.5,62.31,117143368
2011-06-12,62.4,62.95,61.0,61.99,126820023
2011-06-13,59.44,61.49,59.43,60.38,78822452
2011-06-14,59.98,60.05,59.2,59.69,159074727
2011-06-15,58.08,59.67,57.11,58.73,74751543
2011-06-16,58.92,59.24,58.29,58.62,59054000
2011-06-17,62.41,62.79,60.71,60.83,145412732
2011-06-18,59.3,59.6,59.0,59.48,175081656
2011-06-19,58.81,59.65,57.89,58.57,167340528
2011-06-20,60.26,60.34,59.86,59.92,93867905
2011-06-21,59.17,59.37,57.91,58.53,91779914
2011-06-22,58.73,59.18,58.4,58.83,155657130
2011-06-23,58.52,59.92,56.56,58.27,124150947
2011-06-24,57.89,58.72,57.37,58.03,63490485
2011-06-25,57.41,58.46,56.38,57.65,102254589
2011-06-26,57.31,57.5,55.87,56.48,103870194
2011-06-27,56.54,57.76,56.49,56.93,71995011
2011-06-28,57.99,58.52,55.59,55.67,179342470
2011-06-29,55.63,55.96,54.78,55.57,83844647
2011-06-30,54.82,55.91,54.2,55.48,125868905
2011-07-01,55.08,55.42,54.67,55.08,154698890
2011-07-02,53.94,56.71,53.81,55.04,113183338
2011-07-03,54.29,56.02,53.37,54.23,76369521
2011-07-04,54.8,55.43,54.14,55.14,86121292
2011-07-05,55.36,55.58,55.08,55.26,80308692
2011-07-06,56.61,57.61,55.63,56.7,154140482
2011-07-07,58.6,59.21,58.19,58.87,174997835
2011-07-08,59.14,60.99,57.87,58.47,124786329
2011-07-09,59.53,60.52,57.52,58.75,95839759
2011-07-10,58.49,58.77,57.79,58.5,152599421
2011-07-11,59.53,60.19,59.45,60.03,84357949
2011-07-12,60.25,61.12,59.43,59.53,152273384
2011-07-13,62.1,62.44,58.96,59.71,152499595
2011-07-14,60.69,61.8,59.5,61.0,147662885
2011-07-15,63.02,63.22,60.37,61.19,82007893
2011-07-16,60.41,60.97,60.15,60.37,61248336
2011-07-17,58.58,58.7,57.86,58.64,119432455
2011-07-18,59.46,61.25,59.32,59.44,96995405
2011-07-19,60.14,60.32,59.6,60.21,91627043
2011-07-20,59.99,60.17,59.24,59.92,52631447
2011-07-21,58.59,59.82,54.92,59.34,60438637
2011-07-22,59.14,60.02,57.85,58.52,72782790
2011-07-23,58.38,58.41,58.08,58.16,131238230
2011-07-24,58.07,58.32,57.58,58.16,68542203
2011-07-25,57.89,58.47,57.44,57.86,142864321
2011-07-26,59.51,62.05,56.78,59.1,177074694
2011-07-27,59.88,59.93,58.16,58.88,96696237
2011-07-28,59.97,60.55,59.76,60.38,102808063
2011-07-29,62.03,62.19,61.11,61.37,136845432
2011-07-30,59.55,60.18,58.29,59.03,134946025
2011-07-31,58.83,59.65,57.65,58.47,150333947
2011-08-01,58.8,62.94,58.45,60.0,87834084
2011-08-02,60.16,61.15,60.11,60.27,70545677
2011-08-03,58.2,58.94,57.66,58.44,152949345
2011-08-04,59.59,59.98,58.18,58.4,70888779
2011-08-05,59.02,59.87,58.33,59.59,102913343
2011-08-06,60.91,62.18,59.94,60.46,120409559
2011-08-07,59.79,60.68,58.75,60.68,154237043
2011-08-08,61.52,63.48,59.62,60.63,58094662
2011-08-09,60.93,60.93,59.31,60.33,131802395
2011-08-10,60.23,61.15,58.53,59.99,138485903
2011-08-11,61.2,61.43,60.96,61.25,147765490
2011-08-12,61.55,62.01,59.67,61.06,140699917
2011-08-13,60.06,61.6,59.8,61.1,148260161
2011-08-14,60.3,60.85,59.31,60.61,110842003
2011-08-15,60.46,60.95,60.38,60.61,51824456
2011-08-16,60.47,60.95,59.48,60.38,61934105
2011-08-17,61.52,62.26,60.96,61.96,164325203
2011-08-18,60.57,61.99,60.26,61.36,103757947
2011-08-19,62.36,63.44,62.3,62.75,138148676
2011-08-20,63.01,64.29,61.9,63.92,163572031
2011-08-21,63.77,63.86,62.5,63.5,150077349
2011-08-22,64.48,65.3,64.1,64.65,156896231
2011-08-23,61.84,63.0,60.95,62.8,83220240
2011-08-24,65.81,66.24,64.76,65.05,177725290
2011-08-25,63.61,63.79,62.89,63.1,193652097
2011-08-26,64.9,65.59,64.58,65.13,185432215
2011-08-27,66.03,67.9,65.63,66.43,148738980
2011-08-28,67.3,67.53,65.03,65.24,159430940
2011-08-29,62.35,64.32,61.47,62.28,191428575
2011-08-30,62.75,63.12,60.86,62.0,126187426
2011-08-31,62.51,63.3,62.12,62.79,88349222
2011-09-01,62.87,63.16,62.56,62.64,81404545
2011-09-02,63.34,63.93,63.28,63.28,91298058
2011-09-03,60.26,64.38,59.52,61.66,113594247
2011-09-04,63.13,63.8,61.5,62.41,98607061
2011-09-05,62.32,62.69,61.86,62.14,149515614
2011-09-06,62.62,63.52,61.79,62.79,136875087
2011-09-07,61.59,63.52,60.91,63.02,111277219
2011-09-08,62.54,62.8,61.52,61.61,113104497
2011-09-09,60.91,63.94,60.08,61.81,72696587
2011-09-10,60.94,62.11,60.62,61.15,77704968
2011-09-11,64.13,65.13,63.48,64.01,103015970
2011-09-12,66.16,66.42,65.19,65.63,163716053
2011-09-13,66.44,67.03,65.25,65.78,115153160
2011-09-14,65.62,65.94,65.58,65.84,109795520
2011-09-15,65.89,66.11,64.8,65.87,66909377
2011-09-16,68.18,68.4,67.62,67.7,164683372
2011-09-17,68.34,68.46,67.4,67.55,114140618
2011-09-18,66.72,67.89,65.87,66.32,126156086
2011-09-19,66.56,68.45,66.43,67.36,132988804
2011-09-20,66.37,69.03,66.3,68.06,83832449
2011-09-21,66.95,67.51,66.94,67.39,72502454
2011-09-22,66.59,66.89,65.03,65.67,92721803
2011-09-23,68.73,68.99,67.77,68.04,69199075
2011-09-24,68.85,68.96,66.52,67.4,132005086
2011-09-25,69.35,69.85,69.2,69.72,130020505
2011-09-26,70.0,70.76,68.9,69.69,85787972
2011-09-27,67.49,68.84,66.23,67.05,153075573
2011-09-28,69.26,70.68,68.87,69.21,187566621
2011-09-29,68.32,69.92,67.74,68.27,75887255
2011-09-30,70.52,70.63,69.74,70.02,102472134
2011-10-01,68.51,69.0,67.89,68.49,125689196
2011-10-02,67.35,69.98,66.79,67.06,130120520
2011-10-03,67.42,68.1,65.49,67.86,60580079
2011-10-04,67.76,68.06,66.52,67.26,128172016
2011-10-05,70.16,70.88,67.8,68.94,64061985
2011-10-06,70.51,70.51,70.15,70.48,166203920
2011-10-07,70.0,71.17,69.5,70.58,78768006
2011-10-08,70.85,71.19,70.09,70.69,91343895
2011-10-09,68.51,69.86,68.04,69.75,134317925
2011-10-10,69.34,69.34,67.72,68.59,66710792
2011-10-11,69.29,70.53,66.95,68.92,61082257
2011-10-12,70.06,70.16,68.6,69.33,106210269
2011-10-13,67.9,70.42,67.67,69.38,133561108
2011-10-14,71.3,71.84,66.04,69.13,139823103
2011-10-15,70.38,72.75,70.12,71.37,103171550
2011-10-16,73.01,73.57,71.93,72.65,104743942
2011-10-17,73.82,74.47,72.76,73.73,70265897
2011-10-18,75.86,77.69,74.85,75.64,71244930
2011-10-19,77.54,79.43,77.22,77.79,77399989
2011-10-20,78.1,80.17,77.46,78.86,130314765
2011-10-21,74.98,80.14,74.78,78.55,121914739
2011-10-22,80.74,81.68,80.66,81.31,120774992
2011-10-23,81.98,82.77,81.45,82.57,95305917
2011-10-24,81.44,84.53,81.22,82.06,69948457
2011-10-25,83.36,83.56,83.03,83.25,150487568
2011-10-26,83.44,86.02,82.26,84.03,58340369
2011-10-27,82.58,85.26,82.4,83.68,54837285
2011-10-28,87.57,88.94,83.71,85.85,150012915
2011-10-29,88.02,88.09,85.78,85.79,133848088
2011-10-30,85.88,86.05,85.87,85.96,144823063
2011-10-31,81.88,83.31,81.25,83.25,85906232
2011-11-01,81.92,84.94,81.63,82.3,72507211
2011-11-02,82.19,84.04,81.34,81.95,143803260
2011-11-03,80.39,83.42,79.2,80.36,146251549
2011-11-04,80.56,80.87,77.77,79.52,163869526
2011-11-05,77.0,78.15,76.87,76.91,157600282
2011-11-06,75.71,75.85,74.32,75.74,65947696
2011-11-07,73.99,76.9,72.87,75.28,123244182
2011-11-08,75.0,76.03,72.35,73.17,79419968
2011-11-09,72.0,73.89,71.1,71.9,94351934
2011-11-10,72.02,72.3,70.44,70.89,114970601
2011-11-11,71.47,72.18,71.44,71.84,130677046
2011-11-12,72.68,73.68,72.64,72.76,104979910
2011-11-13,74.22,74.75,72.5,74.05,114114772
2011-11-14,75.51,76.39,73.87,75.89,63017931
2011-11-15,74.29,76.24,72.42,75.17,156022935
2011-11-16,73.94,74.64,73.26,74.48,59445781
2011-11-17,74.31,74.82,74.06,74.8,113668785
2011-11-18,73.61,74.38,73.24,74.12,108215841
2011-11-19,73.23,73.63,73.18,73.38,136478438
2011-11-20,71.64,73.18,71.28,72.39,73351900
2011-11-21,72.86,74.37,72.65,73.48,110533124
2011-11-22,75.76,76.41,74.18,75.76,131750539
2011-11-23,77.04,77.16,75.31,76.0,86601599
2011-11-24,75.91,78.32,75.22,77.18,114184978
2011-11-25,75.92,79.58,75.64,77.67,138255722
2011-11-26,76.67,80.35,75.49,77.85,51873331
2011-11-27,76.84,78.07,75.84,76.19,114216970
2011-11-28,74.29,79.49,74.28,76.75,110752745
2011-11-29,75.17,75.98,73.72,75.53,154084719
2011-11-30,76.16,77.27,75.31,76.34,104779508
2011-12-01,75.58,76.61,74.46,75.15,154976306
2011-12-02,75.02,75.06,74.8,74.96,64841649
2011-12-03,76.72,76.86,72.76,76.22,106589248
2011-12-04,76.36,77.03,76.3,76.91,99582139
2011-12-05,73.92,77.74,73.59,76.64,52416591
2011-12-06,78.54,79.16,76.72,76.82,121928940
2011-12-07,76.94,78.03,76.36,78.01,106142166
2011-12-08,81.1,81.64,81.0,81.19,86827494
2011-12-09,78.54,80.46,77.83,79.67,173198176
2011-12-10,80.81,80.98,80.67,80.88,84565908
2011-12-11,77.13,77.2,75.42,76.88,137210007
2011-12-12,77.17,80.48,77.14,77.91,154988583
2011-12-13,76.59,78.71,76.04,77.15,145594245
2011-12-14,72.79,73.81,72.66,73.78,104787271
2011-12-15,77.04,78.03,74.19,75.79,167794231
2011-12-16,73.77,74.75,72.26,73.55,119232005
2011-12-17,73.09,74.94,72.31,73.45,54554851
2011-12-18,75.5,76.3,73.28,74.4,72274646
2011-12-19,76.53,77.04,76.29,76.36,94215966
2011-12-20,72.54,75.72,72.35,75.37,162531151
2011-12-21,76.13,76.45,76.1,76.17,73111751
2011-12-22,76.04,78.08,75.99,76.3,85275543
2011-12-23,77.32,78.18,75.72,77.04,90717165
2011-12-24,78.07,80.44,77.25,78.27,88658626
2011-12-25,80.77,82.88,77.33,79.71,147822873
2011-12-26,79.25,80.72,77.86,79.6,101947666
2011-12-27,78.78,81.55,78.62,79.37,98836853
2011-12-28,76.98,78.42,75.89,77.1,189218761
2011-12-29,77.04,77.53,76.38,77.07,70166838
2011-12-30,78.16,78.36,78.15,78.33,72388322
2011-12-31,76.67,78.2,76.13,77.01,136503998
2012-01-01,77.39,77.49,75.54,76.76,147022489
2012-01-02,78.18,80.1,76.69,77.06,111385157
2012-01-03,78.66,79.15,78.11,78.2,69358280
2012-01-04,80.41,80.72,78.26,79.41,61880354
2012-01-05,78.0,78.39,74.24,76.97,165929234
2012-01-06,77.49,78.53,76.95,78.52,101466936
2012-01-07,78.5,79.46,77.87,78.6,112463163
2012-01-08,77.59,79.16,76.08,78.88,79720399
2012-01-09,79.54,79.77,79.43,79.52,136153642
2012-01-10,75.69,76.74,75.52,76.68,150912188
2012-01-11,79.09,79.19,77.55,78.64,103957189
2012-01-12,80.65,83.52,80.45,81.29,179442097
2012-01-13,81.77,83.61,81.54,81.83,151943130
2012-01-14,83.02,83.62,82.02,82.74,146469207
2012-01-15,85.04,85.61,82.86,83.08,91738118
2012-01-16,80.71,82.3,80.63,82.01,143862195
2012-01-17,82.65,83.01,81.71,82.66,125913287
2012-01-18,83.0,84.51,79.38,83.23,75101212
2012-01-19,86.92,87.07,83.13,83.73,134788921
2012-01-20,84.6,86.73,83.59,85.76,124958726
2012-01-21,86.85,87.79,85.62,86.15,106338968
2012-01-22,84.29,87.05,83.88,85.5,158863021
2012-01-23,87.45,87.69,86.85,87.41,64153618
2012-01-24,88.68,88.89,88.14,88.44,70215163
2012-01-25,84.33,87.34,83.94,87.14,125416446
2012-01-26,84.92,85.8,84.57,85.27,165307050
2012-01-27,83.2,83.3,81.72,82.81,164481183
2012-01-28,81.55,83.04,80.86,82.33,66061257
2012-01-29,84.28,85.01,82.13,82.56,129500944
2012-01-30,80.8,81.78,80.66,81.44,160718473
2012-01-31,82.79,83.71,80.12,81.0,69891269
2012-02-01,80.57,83.03,80.46,81.42,57961390
2012-02-02,80.84,81.1,79.82,80.83,90969683
2012-02-03,80.32,81.17,79.93,81.05,152024077
2012-02-04,81.06,82.36,80.54,82.33,116303804
2012-02-05,85.51,87.03,84.41,85.34,161200373
2012-02-06,86.29,90.36,84.65,85.97,107349651
2012-02-07,85.45,86.4,84.61,85.81,114452509
2012-02-08,84.16,88.86,83.69,87.1,72669659
2012-02-09,89.98,90.61,88.47,89.53,119056056
2012-02-10,90.77,90.87,89.55,90.33,129097014
2012-02-11,88.72,89.5,86.52,88.9,128902546
2012-02-12,87.28,87.43,85.38,86.85,181535682
2012-02-13,82.53,85.4,81.87,83.75,70170772
2012-02-14,84.68,86.19,83.63,85.07,141798473
2012-02-15,84.99,86.51,84.83,85.92,159765298
2012-02-16,88.36,89.14,84.8,86.35,102087450
2012-02-17,83.53,85.8,82.79,84.61,176662568
2012-02-18,85.49,85.51,83.05,83.47,159211615
2012-02-19,84.11,84.28,82.01,82.6,71163472
2012-02-20,82.11,83.84,81.87,82.41,65333106
2012-02-21,82.29,84.21,81.7,83.02,129995773
2012-02-22,81.87,83.02,81.16,81.18,72824982
2012-02-23,80.45,80.76,78.6,80.03,165537264
2012-02-24,77.0,80.11,75.59,77.61,131585663
2012-02-25,74.7,77.97,72.63,73.47,101499644
2012-02-26,73.59,75.1,72.21,73.8,99861975
2012-02-27,73.85,77.12,72.46,74.45,126398197
2012-02-28,75.58,77.05,71.08,75.03,124740639
2012-02-29,76.19,76.69,74.52,75.25,76145584
2012-03-01,76.3,76.74,76.24,76.5,78834216
2012-03-02,74.23,76.08,72.47,75.85,158187978
2012-03-03,73.82,77.82,73.79,76.77,145863335
2012-03-04,76.41,77.93,74.46,76.09,132921661
2012-03-05,75.95,75.95,75.25,75.79,67278106
2012-03-06,80.0,80.23,77.95,78.64,150431395
2012-03-07,79.65,81.0,78.7,78.94,77853606
2012-03-08,81.27,81.44,79.12,80.42,95665110
2012-03-09,80.65,81.49,80.6,81.41,160461868
2012-03-10,81.37,84.61,80.46,81.64,82069177
2012-03-11,85.35,85.58,85.09,85.45,168735379
2012-03-12,83.76,84.06,82.69,83.3,140862902
2012-03-13,87.39,87.83,85.46,87.16,177251360
2012-03-14,86.24,86.39,84.56,86.02,137824518
2012-03-15,83.79,84.55,83.5,84.03,139491236
2012-03-16,83.52,83.83,82.81,83.18,104075918
2012-03-17,84.56,85.97,81.1,84.62,82193718
2012-03-18,89.67,91.05,86.59,87.53,172271315
2012-03-19,88.71,90.32,88.64,90.0,182957831
2012-03-20,90.24,90.24,87.81,89.99,121805854
2012-03-21,88.62,91.12,88.01,90.79,95675769
2012-03-22,88.81,90.47,85.44,88.43,187581827
2012-03-23,87.42,88.16,84.72,86.59,112591382
2012-03-24,86.53,86.82,85.6,86.78,132005772
2012-03-25,87.91,89.27,86.18,87.19,132584779
2012-03-26,89.97,90.84,87.67,88.51,84691708
2012-03-27,94.14,95.2,91.32,92.27,121997948
2012-03-28,92.73,93.1,91.97,92.54,125709582
2012-03-29,91.94,94.44,88.81,92.05,69229523
2012-03-30,87.75,90.4,87.68,88.92,140161012
2012-03-31,89.0,89.22,88.29,88.43,128383373
2012-04-01,85.61,88.22,85.5,85.54,116188492
2012-04-02,84.96,85.75,82.45,84.75,153999435
2012-04-03,86.01,86.49,84.64,85.62,126695629
2012-04-04,85.25,85.68,84.6,85.61,57217078
2012-04-05,82.83,87.43,82.26,85.94,122003342
2012-04-06,87.75,89.93,86.98,87.33,71585783
2012-04-07,87.88,88.06,87.26,87.48,82497471
2012-04-08,88.26,88.35,87.68,87.96,123296419
2012-04-09,87.15,87.72,85.34,86.38,90483071
2012-04-10,84.75,86.16,84.57,85.41,148517795
2012-04-11,82.54,83.66,80.97,82.67,97873282
2012-04-12,82.92,84.32,82.67,83.39,146352273
2012-04-13,84.48,84.87,83.55,84.13,149425547
2012-04-14,83.28,83.66,82.83,83.48,157232199
2012-04-15,81.75,83.9,80.86,83.62,116636134
2012-04-16,80.74,82.65,80.14,80.98,96083811
2012-04-17,80.45,81.62,79.66,81.3,126486244
2012-04-18,80.74,82.7,80.51,82.46,93844729
2012-04-19,82.09,83.88,81.38,82.1,108718081
2012-04-20,82.53,83.3,82.3,83.15,139191629
2012-04-21,82.71,83.16,81.07,81.33,127873885
2012-04-22,83.45,84.49,82.11,82.61,118209547
2012-04-23,82.24,82.26,80.38,80.54,174000319
2012-04-24,81.11,81.67,79.46,80.06,56879504
2012-04-25,82.39,82.9,80.4,82.31,70514030
2012-04-26,83.52,85.01,81.91,84.72,89303975
2012-04-27,85.29,85.84,84.95,85.08,103069188
2012-04-28,85.95,86.07,83.55,84.81,70087679
2012-04-29,84.72,85.55,84.04,85.15,81965635
2012-04-30,83.31,84.11,81.37,83.99,139163097
2012-05-01,85.14,85.44,84.34,85.06,60501649
2012-05-02,79.45,85.78,78.18,84.01,65784424
2012-05-03,83.03,84.0,82.77,83.85,82799740
2012-05-04,84.11,84.12,83.59,83.85,95978752
2012-05-05,83.44,85.15,82.96,84.18,133304334
2012-05-06,83.45,83.95,83.36,83.91,96379961
2012-05-07,85.28,85.66,84.98,85.64,138799033
2012-05-08,86.9,90.22,86.27,86.95,127149940
2012-05-09,88.03,89.35,86.5,87.29,72623084
2012-05-10,88.1,88.22,87.96,88.01,104530143
2012-05-11,89.92,91.62,87.63,90.06,152220273
2012-05-12,84.74,91.45,84.71,91.38,137017513
2012-05-13,93.05,93.16,92.5,92.64,66948724
2012-05-14,94.18,95.12,94.06,94.73,79414557
2012-05-15,95.69,97.26,94.25,95.83,106823447
2012-05-16,93.3,93.7,92.26,93.22,173464681
2012-05-17,94.75,95.26,94.26,94.81,115361008
2012-05-18,94.24,95.7,93.58,94.7,57813945
2012-05-19,97.92,99.43,94.33,96.37,106684381
2012-05-20,96.42,97.33,96.3,96.54,75576225
2012-05-21,96.19,97.23,94.43,95.57,130236802
2012-05-22,92.21,94.07,91.94,92.67,157671734
2012-05-23,92.77,93.05,92.39,92.94,106151749
2012-05-24,91.07,92.49,90.82,91.21,95251453
2012-05-25,89.7,90.11,89.07,89.5,70576894
2012-05-26,86.7,88.74,85.93,87.18,153426531
2012-05-27,90.02,90.17,89.06,89.13,137677313
2012-05-28,92.01,93.86,89.38,92.4,203871411
2012-05-29,95.39,96.13,91.58,94.79,186913426
2012-05-30,93.06,95.54,93.03,94.55,102322435
2012-05-31,94.64,94.98,94.38,94.87,125015273
2012-06-01,94.7,95.72,94.24,94.59,87344696
2012-06-02,99.04,99.29,96.77,98.03,106850671
2012-06-03,95.91,96.54,95.47,96.12,175255860
2012-06-04,96.81,97.62,94.73,96.96,67049983
2012-06-05,96.63,97.69,93.81,96.9,98988745
2012-06-06,95.16,97.28,94.21,96.51,137723523
2012-06-07,95.76,97.38,93.03,95.96,57450968
2012-06-08,99.25,100.16,97.73,98.15,166709047
2012-06-09,99.76,99.95,99.71,99.89,87766684
2012-06-10,98.19,100.13,98.18,99.95,136948587
2012-06-11,99.39,100.9,99.36,100.73,75205274
2012-06-12,99.51,101.88,97.75,100.99,128274694
2012-06-13,97.14,97.66,96.14,97.5,201976407
2012-06-14,99.59,100.8,98.99,100.12,115146209
2012-06-15,101.22,102.99,99.63,100.44,121409254
2012-06-16,94.43,96.65,93.15,94.76,144400087
2012-06-17,100.46,101.28,97.79,98.55,103552552
2012-06-18,98.25,98.55,96.3,98.04,79047549
2012-06-19,99.67,99.8,99.53,99.65,131302459
2012-06-20,98.03,99.47,97.78,98.98,123071482
2012-06-21,99.42,99.83,97.64,97.69,58168007
2012-06-22,95.3,96.66,94.82,95.83,104305091
2012-06-23,95.11,96.05,93.94,94.85,94852156
2012-06-24,94.12,96.42,93.86,94.96,66749787
2012-06-25,96.89,97.16,95.63,95.97,68106696
2012-06-26,87.48,94.69,87.18,92.14,155959662
2012-06-27,92.6,95.14,91.73,93.41,86700675
2012-06-28,96.0,96.85,94.69,96.0,85499911
2012-06-29,96.08,96.56,92.63,93.35,113855178
2012-06-30,95.62,96.11,95.46,95.97,183064566
2012-07-01,94.9,95.91,94.85,95.84,143380542
2012-07-02,98.31,99.28,97.35,98.44,134315982
2012-07-03,98.03,98.29,96.98,97.24,118612269
2012-07-04,94.78,96.41,93.75,96.35,54815723
2012-07-05,97.5,99.27,97.04,98.5,74207247
2012-07-06,95.54,97.61,95.47,96.59,159282723
2012-07-07,98.71,98.87,98.17,98.65,119252890
2012-07-08,102.28,102.85,98.54,101.07,111819828
2012-07-09,98.53,100.96,97.67,100.06,62341251
2012-07-10,98.35,99.01,94.87,95.78,144832490
2012-07-11,96.65,96.77,96.52,96.71,154044558
2012-07-12,92.49,93.33,92.08,92.92,159256284
2012-07-13,94.69,95.6,93.93,94.48,98718988
2012-07-14,93.75,94.74,92.72,93.49,117471718
2012-07-15,91.19,93.93,89.32,90.13,183406410
2012-07-16,89.32,91.3,89.32,90.28,113813826
2012-07-17,90.35,91.45,89.98,91.33,163320561
2012-07-18,91.11,91.48,89.08,89.9,114688793
2012-07-19,91.67,91.79,90.95,91.37,160352073
2012-07-20,92.01,92.45,91.97,91.99,84045412
2012-07-21,91.48,92.44,91.17,92.4,90431861
2012-07-22,93.04,93.17,92.73,92.74,107844332
2012-07-23,93.32,93.63,92.24,92.8,74890621
2012-07-24,92.71,94.36,91.83,92.95,58694512
2012-07-25,95.49,97.19,94.91,96.01,119322550
2012-07-26,96.95,98.22,93.72,97.36,57504282
2012-07-27,100.65,102.88,99.13,100.71,122672894
2012-07-28,101.69,101.89,98.79,100.49,54174416
2012-07-29,103.27,104.49,100.52,101.74,75225064
2012-07-30,103.0,104.18,100.89,101.41,109552389
2012-07-31,101.42,102.17,98.89,100.22,165459115
2012-08-01,99.7,99.76,98.81,99.33,150057938
2012-08-02,103.05,103.05,100.72,101.11,104812161
2012-08-03,102.87,103.85,101.9,102.75,138977724
2012-08-04,102.39,104.03,101.68,102.45,81231558
2012-08-05,102.99,104.67,102.29,104.02,167837653
2012-08-06,105.9,106.45,104.51,106.44,91220890
2012-08-07,100.45,103.03,100.2,101.54,155915924
2012-08-08,100.21,100.73,100.16,100.66,148929980
2012-08-09,99.25,103.57,98.24,99.07,100973827
2012-08-10,97.85,98.57,97.79,97.83,127559153
2012-08-11,96.43,97.61,96.11,97.57,144463286
2012-08-12,98.92,104.1,97.89,98.13,123612671
2012-08-13,96.88,100.88,94.34,97.43,120672477
2012-08-14,94.41,97.81,94.22,95.76,144860818
2012-08-15,92.68,95.38,92.48,92.95,121453861
2012-08-16,94.57,94.58,93.77,94.01,140557106
2012-08-17,91.38,92.1,90.83,91.95,128001798
2012-08-18,89.2,92.21,88.27,90.02,145831396
2012-08-19,90.98,91.04,89.41,90.49,117014015
2012-08-20,88.61,89.57,87.27,87.3,189319484
2012-08-21,87.02,87.08,86.84,86.88,77422197
2012-08-22,88.49,89.41,87.38,88.24,115681401
2012-08-23,93.79,95.04,89.61,91.12,156652740
2012-08-24,93.35,93.76,89.99,91.79,151579769
2012-08-25,89.3,89.61,88.04,88.15,99391900
2012-08-26,91.37,92.25,86.53,89.86,114109640
2012-08-27,88.58,89.93,87.95,88.64,89059668
2012-08-28,87.6,90.03,86.78,89.99,142896647
2012-08-29,85.42,89.1,85.12,88.84,66874871
2012-08-30,91.05,91.75,87.44,91.14,109948236
2012-08-31,88.83,89.78,88.49,89.3,150879210
2012-09-01,87.24,89.27,86.26,86.76,104106549
2012-09-02,86.5,87.84,85.64,85.65,126736511
2012-09-03,82.01,84.63,81.76,84.13,133753022
2012-09-04,83.93,87.63,82.82,83.96,151263018
2012-09-05,84.75,85.02,83.06,83.65,81803274
2012-09-06,83.77,84.32,81.51,83.66,81128496
2012-09-07,82.77,85.32,78.56,83.72,73833361
2012-09-08,81.97,82.37,81.46,81.73,112986658
2012-09-09,83.72,84.86,81.64,83.11,137892562
2012-09-10,82.99,85.58,82.95,84.36,114883166
2012-09-11,87.75,88.13,84.01,87.32,171039916
2012-09-12,90.76,92.2,90.69,90.89,203777257
2012-09-13,90.2,91.13,88.24,89.64,119678364
2012-09-14,92.33,94.94,91.79,92.83,150884029
2012-09-15,86.45,88.56,86.14,87.62,153987134
2012-09-16,85.37,86.13,85.3,86.1,75734123
2012-09-17,83.43,85.48,82.76,84.36,127011574
2012-09-18,83.31,83.61,81.85,82.62,79385702
2012-09-19,85.15,85.19,85.08,85.12,71734458
2012-09-20,83.14,86.16,83.12,84.3,95765318
2012-09-21,83.0,87.71,82.84,84.79,151329577
2012-09-22,84.0,85.94,82.53,83.77,106863126
2012-09-23,83.23,83.48,81.85,82.89,119748177
2012-09-24,80.32,80.67,79.55,79.7,76764397
2012-09-25,81.41,82.56,79.17,81.27,164440140
2012-09-26,83.23,83.7,82.92,83.08,154408877
2012-09-27,83.39,85.99,82.73,84.48,81106290
2012-09-28,87.77,91.05,86.32,87.63,179951089
2012-09-29,90.79,91.4,90.42,91.33,156126503
2012-09-30,92.44,94.91,91.82,92.53,83806821
2012-10-01,91.94,93.29,91.65,91.88,90306720
2012-10-02,93.09,93.45,92.52,92.86,147882225
2012-10-03,94.69,95.1,94.17,94.78,145130540
2012-10-04,93.17,96.08,92.37,92.5,160824930
2012-10-05,89.28,91.13,88.83,90.97,96624308
2012-10-06,89.82,92.15,87.25,91.46,110541118
2012-10-07,91.81,94.5,89.79,92.51,144861104
2012-10-08,91.09,93.62,90.88,91.45,102264269
2012-10-09,91.15,94.63,91.13,92.44,150523626
2012-10-10,94.93,96.89,94.45,95.95,152939664
2012-10-11,96.54,97.56,95.49,96.6,126372017
2012-10-12,97.2,98.55,96.24,98.12,124846049
2012-10-13,93.31,95.78,91.07,95.61,150612508
2012-10-14,94.17,94.24,92.85,93.56,68432851
2012-10-15,89.55,90.48,88.75,90.25,130014417
2012-10-16,90.19,91.83,90.07,91.72,147857285
2012-10-17,94.93,95.05,94.65,94.92,126848309
2012-10-18,94.2,95.34,93.29,94.42,157446115
2012-10-19,96.51,97.59,95.45,96.11,126482355
2012-10-20,95.19,97.34,95.03,97.19,59509702
2012-10-21,99.02,100.84,98.63,99.02,78580881
2012-10-22,100.08,100.93,99.76,100.83,94920454
2012-10-23,102.79,104.78,98.21,102.67,67961083
2012-10-24,101.87,102.58,100.26,100.31,62474324
2012-10-25,101.95,102.5,101.73,101.91,135712377
2012-10-26,98.53,100.21,97.4,99.06,169376958
2012-10-27,95.7,96.75,94.93,96.27,73376168
2012-10-28,95.78,96.45,94.99,95.41,91089134
2012-10-29,97.1,98.05,96.88,97.62,112883748
2012-10-30,97.58,97.93,95.62,96.34,128815684
2012-10-31,91.93,94.22,91.87,92.56,92515365
2012-11-01,90.78,91.49,89.9,90.79,123576196
2012-11-02,93.65,94.66,92.34,92.61,138954706
2012-11-03,92.16,92.66,92.01,92.49,126280891
2012-11-04,94.16,94.34,92.76,93.41,161271391
2012-11-05,93.92,94.5,93.14,93.59,57568948
2012-11-06,93.5,94.52,91.8,93.07,58389130
2012-11-07,91.6,95.81,90.54,92.24,128079257
2012-11-08,90.08,92.89,86.76,91.08,136660593
2012-11-09,92.61,95.2,92.21,92.43,97890668
2012-11-10,91.84,92.77,91.39,92.44,148945839
2012-11-11,91.71,91.98,91.28,91.98,101102244
2012-11-12,91.47,92.49,90.53,92.39,87529083
2012-11-13,91.8,91.92,90.39,91.41,159064472
2012-11-14,95.26,95.57,94.5,94.71,191252957
2012-11-15,90.58,94.82,88.62,92.07,132190155
2012-11-16,91.25,94.44,91.1,92.71,114313075
2012-11-17,93.25,93.35,90.38,91.24,100530556
2012-11-18,90.38,91.25,88.22,89.99,142364356
2012-11-19,91.23,93.35,90.88,91.35,119851348
2012-11-20,92.03,92.69,91.71,92.69,141073519
2012-11-21,91.0,91.24,89.38,91.01,62684002
2012-11-22,89.04,89.66,88.96,89.55,149110080
2012-11-23,91.32,92.54,89.18,90.2,156430024
2012-11-24,91.58,93.08,91.41,91.88,148294669
2012-11-25,92.37,92.69,90.81,92.11,52574098
2012-11-26,92.93,94.9,91.82,91.9,76924867
2012-11-27,92.5,93.97,91.96,93.93,111566722
2012-11-28,95.56,96.15,95.41,95.56,110934496
2012-11-29,99.09,100.99,97.41,98.89,74499946
2012-11-30,97.68,100.55,96.3,98.96,60439180
2012-12-01,100.77,101.47,99.72,100.77,139612340
2012-12-02,100.05,100.28,99.18,99.49,88736218
2012-12-03,100.99,101.95,99.69,99.82,78815233
2012-12-04,102.03,104.03,101.35,103.29,163833211
2012-12-05,102.19,104.59,102.11,102.92,141891649
2012-12-06,105.63,105.79,100.8,103.58,72148473
2012-12-07,103.48,112.1,102.92,105.24,62777059
2012-12-08,106.29,106.74,106.27,106.38,132386356
2012-12-09,104.11,106.71,102.85,105.8,92760567
2012-12-10,106.59,107.35,106.08,107.22,167194741
2012-12-11,104.96,105.52,103.75,105.34,117556239
2012-12-12,106.28,106.53,105.93,106.45,89962480
2012-12-13,106.76,107.94,106.03,106.65,53767088
2012-12-14,102.06,103.67,101.9,103.46,158943316
2012-12-15,99.95,104.45,99.54,101.4,125321595
2012-12-16,104.0,104.05,100.31,100.83,146509483
2012-12-17,100.42,101.17,97.75,100.67,104393177
2012-12-18,100.12,104.19,98.32,99.92,67713665
2012-12-19,102.94,103.4,100.06,101.52,163383710
2012-12-20,97.5,99.47,97.18,97.91,150042942
2012-12-21,95.53,97.89,91.92,96.5,151165074
2012-12-22,92.75,96.13,92.44,94.66,169993345
2012-12-23,96.79,96.8,95.84,96.27,107982229
2012-12-24,95.46,96.36,95.44,95.87,61477842
2012-12-25,96.26,96.57,95.7,95.93,63669930
2012-12-26,102.3,103.42,101.92,102.35,106727888
2012-12-27,105.02,106.72,102.7,103.22,139868685
2012-12-28,98.48,100.06,95.07,99.11,147459145
2012-12-29,101.19,101.21,99.71,100.34,97151563
2012-12-30,100.03,101.36,98.52,100.3,86520008
2012-12-31,101.41,101.93,100.85,101.77,63727185
2013-01-01,99.25,100.01,98.04,99.85,127636779
2013-01-02,102.81,103.34,101.19,101.3,154889019
2013-01-03,100.83,100.89,99.66,100.05,138552492
2013-01-04,104.88,106.07,103.26,103.66,171168728
2013-01-05,104.53,105.72,103.24,103.57,96244634
2013-01-06,107.53,110.01,105.94,106.41,137966358
2013-01-07,112.58,116.64,111.24,113.48,105710003
2013-01-08,113.77,115.61,111.3,114.78,130579402
2013-01-09,110.38,111.21,108.37,110.12,134875505
2013-01-10,109.21,112.07,108.49,111.25,138224019
2013-01-11,114.76,115.02,111.59,113.69,139866189
2013-01-12,121.23,121.28,113.48,114.02,69189871
2013-01-13,114.33,114.98,114.01,114.24,138255337
2013-01-14,118.06,118.19,116.66,117.08,163284940
2013-01-15,114.61,118.76,114.39,114.69,76795776
2013-01-16,117.16,118.64,114.64,116.44,121168817
2013-01-17,114.61,118.05,114.5,117.05,110478167
2013-01-18,115.84,117.05,115.15,116.52,154318973
2013-01-19,116.36,120.69,114.69,116.34,121952424
2013-01-20,112.37,114.08,112.0,113.62,65463725
2013-01-21,113.23,113.7,111.85,113.14,93032020
2013-01-22,106.65,109.8,106.4,109.76,174588965
2013-01-23,105.91,107.91,105.2,107.18,99944065
2013-01-24,109.04,109.94,107.58,108.41,123169503
2013-01-25,111.54,113.38,106.92,111.45,183921939
2013-01-26,112.84,114.41,112.5,113.11,160658482
2013-01-27,109.65,114.99,108.66,113.35,66334194
2013-01-28,111.54,113.29,110.98,112.41,124287364
2013-01-29,115.81,118.52,114.51,116.37,164694491
2013-01-30,120.19,124.1,116.93,118.59,69357636
2013-01-31,117.14,117.98,116.36,117.28,112612153
2013-02-01,118.99,119.51,118.37,118.95,88572631
2013-02-02,118.27,119.69,116.86,118.19,153410978
2013-02-03,121.95,123.69,115.09,118.5,116199553
2013-02-04,110.69,111.51,110.05,111.47,116101148
2013-02-05,107.93,110.47,106.37,110.14,75338010
2013-02-06,113.06,114.27,112.47,113.19,130647747
2013-02-07,116.25,119.82,109.96,112.98,111538144
2013-02-08,113.53,113.6,111.97,113.22,84457695
2013-02-09,113.88,115.64,112.52,113.03,109446231
2013-02-10,114.21,114.48,111.12,112.82,141686076
2013-02-11,110.84,111.73,110.23,111.16,101953045
2013-02-12,110.26,111.05,108.85,109.3,78888471
2013-02-13,112.28,113.12,111.71,112.01,183920284
2013-02-14,109.36,112.18,108.97,109.96,103281265
2013-02-15,109.18,113.63,108.43,112.17,150853176
2013-02-16,112.85,114.31,111.36,112.59,63085744
2013-02-17,115.08,117.27,113.98,114.3,152141946
2013-02-18,115.79,115.91,115.62,115.67,160408748
2013-02-19,114.25,114.35,113.61,113.86,95363560
2013-02-20,116.41,118.2,111.56,114.44,52919964
2013-02-21,113.42,114.29,113.31,113.92,136399727
2013-02-22,109.37,111.7,107.58,111.14,183677358
2013-02-23,110.65,111.54,110.52,110.7,83161896
2013-02-24,114.51,115.65,111.51,112.03,109769645
2013-02-25,112.54,114.22,110.24,112.75,80649439
2013-02-26,114.37,115.22,113.82,114.52,170457308
2013-02-27,114.17,116.2,113.54,114.85,115485321
2013-02-28,110.3,116.42,108.94,114.59,60747386
2013-03-01,113.39,113.94,113.06,113.12,108990480
2013-03-02,115.35,115.36,110.69,113.07,71801711
2013-03-03,116.44,117.08,111.3,114.14,148002211
2013-03-04,112.43,113.32,110.99,113.05,105120129
2013-03-05,113.22,115.81,111.83,114.41,148111259
2013-03-06,112.6,112.85,112.6,112.73,157785100
2013-03-07,116.13,117.55,115.5,115.75,147563208
2013-03-08,117.05,117.75,116.63,117.18,117791698
2013-03-09,120.54,120.74,118.92,119.24,96777554
2013-03-10,120.71,122.19,119.73,121.13,138771261
2013-03-11,119.9,120.0,119.14,119.44,156808518
2013-03-12,124.1,126.34,123.68,124.0,137991457
2013-03-13,125.18,130.29,123.91,129.17,119362063
2013-03-14,126.5,132.02,124.44,129.06,73898189
2013-03-15,135.7,136.64,129.35,130.47,138728216
2013-03-16,131.31,131.83,126.51,129.43,127112268
2013-03-17,128.41,129.69,120.19,126.96,114104986
2013-03-18,122.88,123.76,122.74,122.81,83598692
2013-03-19,122.93,127.22,122.19,125.81,78639101
2013-03-20,121.85,124.71,120.14,123.75,87594579
2013-03-21,121.28,125.75,121.1,125.15,134086733
2013-03-22,128.31,130.29,127.43,129.2,120568610
2013-03-23,131.71,133.45,128.27,131.39,133875610
2013-03-24,131.95,133.15,128.35,130.61,57913483
2013-03-25,131.18,131.24,128.55,128.83,107163358
2013-03-26,128.6,131.44,127.59,129.25,130484435
2013-03-27,130.98,131.57,130.74,131.07,99420895
2013-03-28,130.67,131.79,129.53,130.49,143676737
2013-03-29,130.82,131.86,129.05,131.11,82435223
2013-03-30,133.35,139.07,131.48,134.54,100259164
2013-03-31,128.22,128.31,127.13,127.18,146594883
2013-04-01,128.2,128.43,125.41,125.99,91512128
2013-04-02,124.66,125.81,124.25,124.53,99285862
2013-04-03,129.74,131.29,123.17,126.21,60934717
2013-04-04,121.49,123.17,120.84,123.04,130366379
2013-04-05,125.28,125.4,124.42,124.7,151584092
2013-04-06,127.58,128.51,124.81,126.32,134326227
2013-04-07,123.71,124.72,121.27,124.44,159704459
2013-04-08,123.85,126.04,121.82,123.67,152894215
2013-04-09,124.93,125.24,124.06,124.5,68988651
2013-04-10,124.41,125.78,122.83,125.02,142297611
2013-04-11,127.8,128.99,127.74,128.04,105260154
2013-04-12,123.66,124.0,123.03,123.5,84045460
2013-04-13,123.4,123.44,118.45,122.11,160386746
2013-04-14,114.96,123.17,114.51,120.21,79184868
2013-04-15,119.8,122.18,118.73,118.95,140437197
2013-04-16,122.63,123.46,118.26,119.33,129507066
2013-04-17,117.09,122.46,115.49,118.22,148692753
2013-04-18,114.42,118.03,113.07,116.42,125131693
2013-04-19,115.45,119.39,115.29,116.16,95452975
2013-04-20,115.45,115.51,112.84,115.37,141860011
2013-04-21,116.67,118.4,113.7,115.71,52277352
2013-04-22,116.77,116.95,111.91,116.52,119460192
2013-04-23,114.29,115.08,114.16,114.82,79849564
2013-04-24,111.68,117.09,111.43,111.73,165500391
2013-04-25,112.45,114.78,107.43,111.22,106565793
2013-04-26,111.61,111.74,110.08,111.0,102229364
2013-04-27,111.54,114.58,109.1,110.36,149441956
2013-04-28,117.16,117.46,113.36,113.41,97865396
2013-04-29,117.22,117.81,116.49,117.39,118779737
2013-04-30,111.27,116.76,111.09,115.91,58307780
2013-05-01,118.31,118.67,116.04,116.93,135167401
2013-05-02,114.85,115.34,113.46,114.92,109548237
2013-05-03,115.32,117.33,113.86,115.6,77085527
2013-05-04,116.92,118.43,115.78,116.1,76482438
2013-05-05,117.41,119.07,113.79,117.63,129239149
2013-05-06,116.23,119.97,114.97,118.03,136620787
2013-05-07,113.78,113.81,112.53,112.77,83180444
2013-05-08,114.96,116.06,113.95,115.1,103788224
2013-05-09,117.74,119.99,117.4,118.29,74789025
2013-05-10,121.0,121.42,116.9,119.53,87893328
2013-05-11,118.61,119.19,117.46,117.8,138186045
2013-05-12,114.68,116.36,113.45,115.71,158679733
2013-05-13,115.37,115.85,115.16,115.34,113436755
2013-05-14,112.75,115.42,112.17,114.68,68975691
2013-05-15,114.92,116.33,114.09,114.37,66697518
2013-05-16,115.74,117.58,115.68,115.87,150138892
2013-05-17,116.07,116.35,115.86,116.05,137884732
2013-05-18,115.47,116.14,113.73,113.93,139697207
2013-05-19,109.8,112.32,109.01,109.74,178430261
2013-05-20,112.64,113.82,108.69,111.2,120637363
2013-05-21,111.25,111.46,107.15,110.87,61982180
2013-05-22,109.9,110.53,108.23,109.34,106850427
2013-05-23,110.84,111.93,109.6,110.74,68562102
2013-05-24,115.21,116.73,111.65,113.82,172501252
2013-05-25,113.56,118.25,112.18,113.65,71849473
2013-05-26,116.56,116.68,112.05,112.93,117064240
2013-05-27,111.8,111.89,109.45,111.29,161193090
2013-05-28,113.34,114.26,110.8,113.84,82592810
2013-05-29,113.41,113.85,112.84,113.73,134850306
2013-05-30,114.67,118.66,114.17,116.65,163515134
2013-05-31,116.69,116.85,115.89,116.06,93887884
2013-06-01,114.17,114.69,111.62,114.33,121682866
2013-06-02,113.77,115.7,112.56,114.97,115630026
2013-06-03,117.03,117.07,115.14,116.85,60601414
2013-06-04,113.12,114.63,112.95,114.17,167428564
2013-06-05,112.77,113.58,112.45,112.58,87310505
2013-06-06,113.81,114.09,113.41,113.75,100508534
2013-06-07,116.93,117.53,112.35,114.37,146793591
2013-06-08,112.25,114.23,111.57,113.75,77554889
2013-06-09,117.23,121.44,115.41,117.26,155741117
2013-06-10,112.83,113.0,112.69,112.92,133048430
2013-06-11,112.49,117.63,111.95,114.16,85372152
2013-06-12,115.4,116.61,112.69,115.47,118318395
2013-06-13,114.63,114.79,114.03,114.43,73178423
2013-06-14,113.57,114.6,112.02,114.04,60909327
2013-06-15,112.61,115.33,109.92,113.53,112701789
2013-06-16,114.55,116.14,112.68,114.13,66243381
2013-06-17,114.48,115.73,109.33,114.52,97060087
2013-06-18,116.15,117.51,114.25,115.49,92349606
2013-06-19,116.24,117.17,115.4,117.14,116123435
2013-06-20,117.43,120.17,116.4,117.0,101119987
2013-06-21,116.52,119.31,115.84,117.29,138097789
2013-06-22,119.72,119.98,119.48,119.78,122595410
2013-06-23,118.1,118.76,116.75,117.36,98239346
2013-06-24,121.46,123.07,120.71,122.67,102080640
2013-06-25,121.97,124.24,118.92,121.31,65129592
2013-06-26,124.65,127.49,122.21,123.15,75533855
2013-06-27,125.41,126.32,123.44,123.63,88833754
2013-06-28,122.13,122.8,121.08,121.65,146377435
2013-06-29,122.82,125.07,115.9,119.86,81378247
2013-06-30,121.61,122.24,121.33,122.07,99352592
2013-07-01,120.27,123.08,119.03,122.62,73430242
2013-07-02,119.55,121.09,115.09,116.68,212138418
2013-07-03,118.46,119.01,116.42,117.22,150910656
2013-07-04,117.81,118.32,116.38,117.32,110102757
2013-07-05,115.04,119.44,113.59,116.58,107305751
2013-07-06,111.77,113.49,111.51,112.78,167600933
2013-07-07,116.34,116.72,115.7,116.06,159344977
2013-07-08,112.69,120.46,111.02,113.2,80021649
2013-07-09,115.01,115.25,111.55,114.18,55527422
2013-07-10,114.98,115.92,112.89,115.03,140982120
2013-07-11,120.77,121.9,119.12,120.07,154397958
2013-07-12,122.15,124.13,122.04,122.14,118690341
2013-07-13,120.38,125.28,118.53,121.48,116236234
2013-07-14,123.02,124.35,118.06,122.27,67853362
2013-07-15,124.73,126.26,124.23,125.07,140826236
2013-07-16,125.71,127.81,124.92,125.96,131413159
2013-07-17,127.62,128.35,126.88,127.95,145125744
2013-07-18,127.77,130.59,127.65,129.22,118554453
2013-07-19,129.6,130.45,125.94,126.92,153003700
2013-07-20,133.63,135.08,130.32,130.61,86250753
2013-07-21,132.05,132.87,130.01,130.75,57044583
2013-07-22,129.3,129.53,128.75,128.87,99951167
2013-07-23,129.09,130.75,127.39,127.84,161079586
2013-07-24,125.88,130.1,124.59,125.73,117238095
2013-07-25,125.55,128.67,124.5,124.54,81169160
2013-07-26,128.48,128.5,125.07,125.78,65880046
2013-07-27,126.78,127.92,124.63,127.12,144482295
2013-07-28,123.98,126.6,121.91,125.24,66452450
2013-07-29,126.14,126.43,125.85,126.17,153618927
2013-07-30,126.02,126.6,123.83,126.18,144010747
2013-07-31,125.95,128.15,125.32,126.07,117782919
2013-08-01,126.59,128.9,123.73,126.72,151824696
2013-08-02,124.83,125.72,122.32,125.62,60596358
2013-08-03,123.14,124.8,121.03,122.4,109871253
2013-08-04,127.08,128.04,117.66,124.42,161864301
2013-08-05,128.32,128.57,127.88,128.34,187990161
2013-08-06,132.28,133.89,131.96,132.49,177021524
2013-08-07,130.94,131.25,129.59,130.04,150732075
2013-08-08,131.02,133.55,126.19,130.49,66544079
2013-08-09,134.68,140.55,133.92,135.04,101633550
2013-08-10,137.09,138.72,136.43,136.44,111212633
2013-08-11,138.37,139.24,134.59,135.48,92086594
2013-08-12,132.38,135.76,131.71,135.37,69795308
2013-08-13,132.2,133.53,131.84,132.43,75276686
2013-08-14,129.44,130.43,127.15,130.01,161618102
2013-08-15,127.87,130.64,125.56,128.69,93751636
2013-08-16,124.81,127.12,124.72,126.22,171459700
2013-08-17,126.26,127.97,123.24,127.02,79851774
2013-08-18,133.27,136.39,127.34,128.15,127838912
2013-08-19,133.19,133.83,132.45,132.55,86489271
2013-08-20,130.26,139.3,129.31,133.24,89051472
2013-08-21,127.89,130.85,127.34,130.79,141278983
2013-08-22,132.06,137.72,131.45,133.05,140106264
2013-08-23,128.87,132.65,128.75,132.13,92476613
2013-08-24,130.78,132.75,129.62,132.1,100041059
2013-08-25,136.98,137.13,136.83,136.92,93856564
2013-08-26,136.89,137.26,134.22,136.65,124225994
2013-08-27,136.32,136.41,134.03,135.41,69982086
2013-08-28,143.78,148.45,142.62,143.55,110141558
2013-08-29,139.0,142.65,138.7,139.02,121383398
2013-08-30,133.21,134.24,132.82,133.9,70875722
2013-08-31,130.89,134.01,130.25,133.51,143367305
2013-09-01,131.07,131.91,131.07,131.22,163308767
2013-09-02,130.02,134.17,127.99,131.59,64512304
2013-09-03,132.0,132.68,130.62,131.15,72066442
2013-09-04,134.39,135.39,131.14,132.35,124271520
2013-09-05,131.9,135.29,131.89,133.61,108998475
2013-09-06,135.27,137.32,133.42,134.85,161142321
2013-09-07,133.42,133.76,130.67,131.35,66213009
2013-09-08,129.58,130.16,128.98,129.8,122183179
2013-09-09,130.29,131.71,130.19,131.2,114218418
2013-09-10,134.05,139.84,129.4,131.05,122864221
2013-09-11,129.49,130.34,128.88,129.51,130915326
2013-09-12,129.3,134.03,127.24,127.93,150782239
2013-09-13,131.48,133.66,125.91,130.2,158493834
2013-09-14,128.52,130.46,126.75,129.32,67585564
2013-09-15,133.09,135.44,129.98,131.7,101931487
2013-09-16,134.55,136.08,132.55,133.17,60079310
2013-09-17,136.3,136.4,135.32,135.85,81731956
2013-09-18,135.59,139.37,135.03,137.83,129216200
2013-09-19,137.31,138.2,134.81,136.68,141504430
2013-09-20,131.72,138.89,130.06,135.63,154611857
2013-09-21,134.61,135.71,132.45,133.03,134744133
2013-09-22,133.43,135.52,130.31,134.08,134729462
2013-09-23,133.15,142.61,130.92,136.71,103921097
2013-09-24,138.9,140.33,137.27,138.13,127353330
2013-09-25,138.79,139.87,135.26,137.26,92635063
2013-09-26,137.04,138.47,135.8,137.05,85341197
2013-09-27,136.77,138.87,134.68,136.92,136871271
2013-09-28,141.19,142.1,138.06,140.25,87474496
2013-09-29,145.49,146.69,143.41,145.86,86388192
2013-09-30,145.08,146.64,142.49,145.85,77335677
2013-10-01,149.5,152.23,146.92,148.07,152116134
2013-10-02,148.74,150.15,146.96,148.29,73806241
2013-10-03,154.5,155.05,152.07,154.95,170424284
2013-10-04,153.89,155.86,153.83,154.81,51768452
2013-10-05,151.53,160.23,151.16,155.06,101640669
2013-10-06,156.83,157.92,155.63,156.52,127654226
2013-10-07,154.93,157.63,154.68,156.84,143424568
2013-10-08,157.22,157.86,155.07,157.77,83061276
2013-10-09,156.77,158.65,152.35,154.54,117208371
2013-10-10,150.4,151.79,149.9,151.55,63303410
2013-10-11,146.91,147.77,145.63,147.43,136836781
2013-10-12,149.96,149.98,145.7,146.07,99852748
2013-10-13,149.08,150.98,146.45,149.86,112602748
2013-10-14,149.64,150.7,148.73,150.61,149276680
2013-10-15,153.07,154.05,150.99,152.27,152946238
2013-10-16,148.53,153.38,145.0,148.2,156523487
2013-10-17,152.79,154.67,149.22,151.68,158178743
2013-10-18,147.05,149.31,146.69,147.61,73868257
2013-10-19,149.5,152.25,147.69,149.88,81068032
2013-10-20,155.54,157.42,150.8,154.09,171649972
2013-10-21,153.24,155.98,152.18,154.09,57984806
2013-10-22,153.14,154.46,151.34,153.32,93977127
2013-10-23,153.08,153.51,148.71,150.48,95075076
2013-10-24,156.73,159.36,153.41,154.55,182150602
2013-10-25,156.74,157.74,153.1,154.75,111412386
2013-10-26,153.95,158.82,147.32,155.85,79596100
2013-10-27,156.95,158.12,155.67,157.55,142560315
2013-10-28,154.51,160.71,151.36,155.04,92607381
2013-10-29,149.09,159.8,148.31,150.73,101309793
2013-10-30,146.91,154.54,144.84,152.1,155002064
2013-10-31,158.86,164.85,155.43,159.58,164464955
2013-11-01,155.8,161.52,155.56,159.93,99118013
2013-11-02,156.63,159.97,152.15,157.94,108590086
2013-11-03,155.63,159.4,154.98,158.54,148731348
2013-11-04,158.38,159.01,157.95,158.39,53199328
2013-11-05,164.26,167.97,158.89,161.64,120025873
2013-11-06,163.91,165.73,161.94,162.01,114570848
2013-11-07,161.92,162.69,156.61,159.64,92939896
2013-11-08,164.13,164.52,161.34,161.52,64065469
2013-11-09,159.56,161.99,158.89,159.55,74500023
2013-11-10,161.87,165.36,161.75,163.61,156800981
2013-11-11,167.22,167.99,163.93,166.1,156704515
2013-11-12,165.36,167.19,159.12,162.85,172009944
2013-11-13,165.97,167.09,160.66,161.79,88361639
2013-11-14,156.55,156.89,155.11,155.68,154961211
2013-11-15,151.99,158.96,151.59,154.75,111353063
2013-11-16,154.92,156.73,150.57,156.09,162630109
2013-11-17,154.12,155.41,152.5,153.14,152744363
2013-11-18,156.48,156.6,151.84,155.48,126047537
2013-11-19,154.22,156.39,153.77,153.88,124851166
2013-11-20,154.48,154.6,153.24,153.57,99187347
2013-11-21,153.47,153.69,152.92,153.05,59547933
2013-11-22,150.53,154.34,149.16,153.08,110301710
2013-11-23,151.62,153.71,151.57,152.29,152541932
2013-11-24,150.58,157.42,146.06,152.93,153652867
2013-11-25,152.5,153.69,152.37,152.7,89520537
2013-11-26,152.42,153.3,149.04,151.76,146068799
2013-11-27,151.72,160.78,151.32,152.92,109268751
2013-11-28,155.99,156.08,155.18,155.61,92598900
2013-11-29,154.67,160.32,151.64,154.52,97918917
2013-11-30,154.07,157.94,151.97,153.49,87429681
2013-12-01,152.89,154.04,152.05,153.09,116870949
2013-12-02,153.22,153.24,152.42,153.19,55161868
2013-12-03,149.41,150.13,147.69,150.02,106237448
2013-12-04,154.23,155.63,152.0,152.96,149840536
2013-12-05,152.05,153.23,150.02,150.66,57636363
2013-12-06,145.21,146.7,144.41,145.24,195504741
2013-12-07,142.25,144.93,139.51,142.83,118327660
2013-12-08,143.94,144.84,142.76,143.44,113831486
2013-12-09,136.37,136.44,135.58,135.95,210970259
2013-12-10,136.39,136.4,132.37,134.4,138020325
2013-12-11,136.94,138.55,132.41,133.61,75599500
2013-12-12,133.93,135.45,131.67,134.99,105604859
2013-12-13,133.2,134.29,132.81,133.74,92114271
2013-12-14,137.71,139.85,136.63,138.88,75856936
2013-12-15,145.92,146.27,141.39,144.78,128246159
2013-12-16,143.47,145.39,142.98,144.99,64272066
2013-12-17,141.5,142.29,139.1,141.43,129253819
2013-12-18,146.64,147.04,144.28,144.4,136930197
2013-12-19,142.7,143.4,140.73,142.76,75191981
2013-12-20,141.07,143.92,141.03,142.0,121806741
2013-12-21,143.93,149.85,137.03,140.22,146418873
2013-12-22,142.75,144.25,141.61,144.1,77311748
2013-12-23,142.21,146.31,141.45,142.02,126380006
2013-12-24,144.47,144.64,138.99,140.5,130367970
2013-12-25,145.42,148.36,142.21,143.72,102642319
2013-12-26,137.43,144.68,136.23,140.54,97293202
2013-12-27,138.24,141.61,137.75,139.69,121341799
2013-12-28,139.73,142.91,135.48,139.33,60051245
2013-12-29,140.21,141.19,137.26,140.33,117602262
2013-12-30,136.52,136.74,134.85,135.77,134883361
2013-12-31,130.21,132.15,128.86,131.75,102173875
2014-01-01,131.83,132.6,131.43,132.31,101381911
2014-01-02,132.52,136.27,132.3,134.2,91089661
2014-01-03,132.39,132.53,129.6,129.83,80118448
2014-01-04,135.02,135.61,134.68,134.75,190646269
2014-01-05,132.89,141.55,131.64,135.11,107051488
2014-01-06,134.37,137.56,133.79,135.07,109980692
2014-01-07,134.33,135.36,132.82,135.2,87162986
2014-01-08,133.7,134.38,133.09,133.86,83240110
2014-01-09,138.42,139.75,137.56,138.89,69913435
2014-01-10,138.84,140.61,138.66,139.84,98948326
2014-01-11,136.68,138.01,136.68,137.19,155860993
2014-01-12,140.22,142.51,135.79,137.68,113679449
2014-01-13,133.33,133.65,131.99,133.05,173474638
2014-01-14,130.13,131.42,129.25,130.3,65457608
2014-01-15,127.68,129.53,126.01,127.59,82752704
2014-01-16,126.62,129.08,125.69,127.16,67624681
2014-01-17,128.36,131.29,124.86,127.43,110731820
2014-01-18,128.45,133.71,125.32,128.55,123543504
2014-01-19,124.57,129.33,124.54,125.29,148764014
2014-01-20,128.97,129.5,127.24,127.63,107094097
2014-01-21,128.56,131.09,128.04,129.16,127816777
2014-01-22,128.71,130.67,125.85,130.36,67749427
2014-01-23,129.85,130.21,129.4,129.48,150011741
2014-01-24,128.88,128.98,127.05,128.34,74802799
2014-01-25,128.81,130.39,128.01,129.78,164752761
2014-01-26,133.52,134.49,130.92,131.2,100624302
2014-01-27,133.03,135.25,132.51,134.63,155541161
2014-01-28,140.84,143.42,133.87,136.07,130765600
2014-01-29,134.58,138.52,134.07,134.45,76719473
2014-01-30,132.08,133.21,129.4,132.28,95076703
2014-01-31,127.55,129.82,127.04,129.52,98265062
2014-02-01,126.37,127.14,126.23,126.28,133233057
2014-02-02,123.35,125.67,122.75,124.14,76031527
2014-02-03,121.41,125.8,119.12,123.13,85689823
2014-02-04,120.69,125.9,120.45,121.7,161906652
2014-02-05,122.77,123.95,118.03,121.73,124955118
2014-02-06,125.74,125.91,119.8,124.12,69841986
2014-02-07,123.62,124.79,123.6,123.89,71217313
2014-02-08,122.86,123.3,122.04,123.29,91191207
2014-02-09,125.66,125.77,125.45,125.59,130624748
2014-02-10,128.03,129.65,126.78,127.58,160291140
2014-02-11,127.47,128.88,126.61,128.05,73736307
2014-02-12,124.89,125.94,124.6,125.14,110657413
2014-02-13,126.81,130.43,126.54,129.43,105817213
2014-02-14,128.42,129.88,127.74,127.93,137019154
2014-02-15,131.37,132.07,129.76,130.95,76140769
2014-02-16,136.82,137.68,129.87,131.19,146636160
2014-02-17,135.29,140.68,131.85,134.19,149617199
2014-02-18,131.59,134.18,130.37,133.43,134197981
2014-02-19,129.12,131.33,128.82,129.96,136228338
2014-02-20,134.51,135.32,133.43,134.81,68586930
2014-02-21,132.19,134.37,130.49,133.46,99572724
2014-02-22,134.44,135.21,130.46,131.27,86980121
2014-02-23,129.94,133.16,126.65,130.69,140586533
2014-02-24,129.29,129.4,128.57,129.05,99812707
2014-02-25,126.16,131.23,121.27,129.54,140618772
2014-02-26,130.45,130.89,129.8,130.03,52426518
2014-02-27,127.69,129.76,124.8,125.26,69008905
2014-02-28,128.65,131.99,127.14,128.28,117124103
2014-03-01,130.28,131.19,128.39,129.95,110993403
2014-03-02,134.24,135.05,132.75,133.24,89424557
2014-03-03,136.37,139.71,134.92,135.28,85339726
2014-03-04,140.01,140.07,136.66,137.64,143222871
2014-03-05,132.67,135.25,132.03,133.72,140800128
2014-03-06,131.44,133.96,131.25,133.66,75221682
2014-03-07,135.52,136.67,132.98,134.17,72418676
2014-03-08,135.37,137.79,134.3,137.7,137759818
2014-03-09,136.07,136.71,135.49,136.64,100671192
2014-03-10,135.15,140.1,134.9,136.34,124273711
2014-03-11,136.03,136.48,133.96,135.03,149874222
2014-03-12,139.92,141.23,139.38,139.39,85453458
2014-03-13,136.91,139.51,135.27,136.13,111134518
2014-03-14,134.41,138.61,133.87,138.24,92975880
2014-03-15,142.43,144.29,138.08,140.66,72274124
2014-03-16,140.06,141.52,138.71,140.0,141134374
2014-03-17,141.3,141.75,137.35,139.43,78316179
2014-03-18,137.97,138.26,136.42,137.82,160915194
2014-03-19,140.46,142.01,140.36,140.49,157374627
2014-03-20,144.84,145.04,140.94,143.81,63616536
2014-03-21,141.79,144.56,141.6,141.7,66791314
2014-03-22,139.01,142.93,138.51,139.07,166878470
2014-03-23,142.76,144.41,140.68,140.95,158876988
2014-03-24,143.6,146.74,142.2,144.21,113656897
2014-03-25,145.23,146.12,144.18,145.78,129108633
2014-03-26,145.16,147.03,144.83,146.93,140254377
2014-03-27,150.03,150.52,143.46,144.08,177708371
2014-03-28,145.47,145.72,144.37,144.47,82975979
2014-03-29,147.49,148.09,139.5,144.22,130365738
2014-03-30,137.0,144.01,135.94,140.33,142546845
2014-03-31,136.37,138.27,134.16,137.57,179366502
2014-04-01,135.65,137.63,134.62,135.86,78922983
2014-04-02,134.58,136.03,134.54,134.78,77569124
2014-04-03,133.02,138.66,129.7,134.1,54151312
2014-04-04,137.7,137.89,137.1,137.56,93401548
2014-04-05,136.16,136.34,135.47,136.15,141903493
2014-04-06,131.63,132.88,130.44,131.07,118233649
2014-04-07,130.82,131.13,128.49,129.11,60903985
2014-04-08,127.84,128.15,127.28,127.96,72572359
2014-04-09,127.64,127.97,123.56,126.93,96282053
2014-04-10,128.34,130.3,127.31,128.2,161471236
2014-04-11,121.47,126.33,120.09,124.46,80347248
2014-04-12,126.72,127.33,126.31,126.44,138279753
2014-04-13,125.75,130.91,125.5,127.41,120369407
2014-04-14,123.77,125.61,122.78,124.74,153422982
2014-04-15,120.96,122.85,120.67,122.37,151466879
2014-04-16,119.74,120.95,119.7,120.22,144385943
2014-04-17,121.46,121.69,121.27,121.32,100715401
2014-04-18,122.5,125.08,121.04,123.66,114908395
2014-04-19,119.97,120.6,119.05,119.32,92213294
2014-04-20,116.98,126.87,111.23,119.76,78200752
2014-04-21,122.17,126.09,120.53,121.52,132534176
2014-04-22,118.23,121.41,118.1,120.09,163454870
2014-04-23,116.57,118.7,115.93,118.16,158524506
2014-04-24,117.81,118.72,114.92,117.84,98089452
2014-04-25,119.55,120.5,116.59,118.36,108676200
2014-04-26,117.16,118.22,116.78,117.07,105345006
2014-04-27,119.76,120.18,118.44,118.88,76718296
2014-04-28,117.31,117.36,115.52,117.22,125557104
2014-04-29,119.81,121.11,117.65,118.37,145480220
2014-04-30,121.32,121.34,117.21,118.78,82036537
2014-05-01,120.13,121.33,119.04,119.48,146182323
2014-05-02,117.01,119.06,115.14,118.53,117510799
2014-05-03,120.77,120.93,118.75,119.15,147238333
2014-05-04,119.93,121.79,116.91,121.34,130533455
2014-05-05,114.37,117.46,113.38,117.09,109097232
2014-05-06,116.71,119.64,116.26,118.7,83212237
2014-05-07,119.31,122.01,118.17,119.16,74113774
2014-05-08,120.8,124.93,117.43,118.55,151875910
2014-05-09,118.63,120.33,118.58,119.99,114563333
2014-05-10,121.49,123.79,120.57,123.09,140108208
2014-05-11,123.51,124.45,120.97,123.73,90162022
2014-05-12,125.64,125.87,123.95,125.24,100214181
2014-05-13,125.47,126.11,124.4,125.73,120102415
2014-05-14,126.14,126.85,125.18,126.48,89230824
2014-05-15,125.56,125.75,123.89,125.45,86628692
2014-05-16,126.97,136.45,123.58,129.04,152807137
2014-05-17,132.05,133.08,131.2,131.83,113158219
2014-05-18,128.28,130.07,127.59,128.81,81628223
2014-05-19,125.85,128.3,125.26,125.61,176334414
2014-05-20,127.58,132.95,127.02,129.81,94333692
2014-05-21,129.35,130.65,129.08,129.42,124100791
2014-05-22,125.26,129.63,120.27,126.9,157719813
2014-05-23,128.95,132.15,127.86,128.42,89753658
2014-05-24,128.08,128.69,126.41,127.15,77453656
2014-05-25,127.91,128.21,121.77,122.97,131344596
2014-05-26,126.2,126.93,125.06,126.75,151020204
2014-05-27,126.3,127.14,125.67,126.37,112677335
2014-05-28,125.21,129.09,122.74,126.92,57863366
2014-05-29,125.99,128.2,124.95,126.42,113612016
2014-05-30,128.87,135.34,128.16,129.55,175200738
2014-05-31,127.03,128.38,127.02,127.26,128187378
2014-06-01,127.94,130.14,127.21,127.45,69326299
2014-06-02,126.8,126.92,126.23,126.6,150421788
2014-06-03,124.7,125.9,124.42,125.46,73674906
2014-06-04,127.43,127.83,125.27,126.12,136264324
2014-06-05,128.81,131.58,124.36,127.31,134050049
2014-06-06,124.72,125.63,123.42,123.81,112707616
2014-06-07,122.77,125.95,122.45,124.19,140611358
2014-06-08,122.54,127.47,120.81,127.25,62593484
2014-06-09,127.72,129.37,124.02,126.34,112329390
2014-06-10,125.37,132.32,125.19,126.45,147115079
2014-06-11,127.01,130.26,126.17,127.21,155194442
2014-06-12,129.46,130.53,126.14,127.89,114689081
2014-06-13,125.28,125.95,123.29,125.46,138996470
2014-06-14,122.83,125.98,122.79,124.51,126629347
2014-06-15,128.87,128.99,126.03,127.02,148165449
2014-06-16,125.2,126.83,124.03,126.46,113744275
2014-06-17,123.85,125.07,122.52,124.73,94313044
2014-06-18,124.45,125.43,124.42,124.85,94283277
2014-06-19,122.13,126.4,121.2,124.01,141162669
2014-06-20,123.92,129.95,121.3,123.55,90843977
2014-06-21,124.2,124.22,123.11,123.92,123154907
2014-06-22,122.56,124.46,121.96,124.42,71149225
2014-06-23,125.55,126.29,122.88,123.4,83336947
2014-06-24,121.66,123.14,121.6,122.64,127165618
2014-06-25,122.87,124.08,119.14,120.98,60096204
2014-06-26,123.2,125.2,116.54,120.65,138725103
2014-06-27,118.13,121.38,117.67,120.34,72078475
2014-06-28,123.8,126.3,117.29,123.37,134387528
2014-06-29,117.42,122.36,117.41,121.61,96398415
2014-06-30,119.58,121.69,117.84,118.75,78078402
2014-07-01,119.26,120.28,119.2,120.0,141851163
2014-07-02,119.2,119.33,112.29,117.99,70201670
2014-07-03,119.35,119.74,118.95,119.46,136017823
2014-07-04,116.23,117.11,115.61,115.89,101031504
2014-07-05,115.29,115.32,115.02,115.29,77365482
2014-07-06,110.46,111.78,109.85,110.61,203842804
2014-07-07,109.21,110.03,106.59,109.72,135021171
2014-07-08,114.44,116.51,109.35,114.57,87202313
2014-07-09,113.74,114.24,110.78,113.99,154920898
2014-07-10,118.31,119.88,116.23,116.25,70800973
2014-07-11,111.61,112.43,109.61,111.34,106283553
2014-07-12,110.38,112.46,109.22,111.47,136448964
2014-07-13,111.24,112.86,110.25,112.21,142783561
2014-07-14,114.4,114.55,112.09,112.54,118118402
2014-07-15,111.23,111.69,110.8,111.39,81641183
2014-07-16,108.77,109.06,106.48,107.43,186498901
2014-07-17,106.27,106.96,106.1,106.22,99947916
2014-07-18,107.98,109.17,105.6,106.93,155939800
2014-07-19,105.7,106.73,101.56,105.01,117436871
2014-07-20,107.17,109.17,104.39,105.92,127022529
2014-07-21,107.77,107.93,104.45,105.06,144047994
2014-07-22,106.08,107.12,104.64,105.74,91320603
2014-07-23,105.32,106.44,100.1,105.03,103070137
2014-07-24,103.97,111.64,101.92,102.72,142473184
2014-07-25,104.52,104.8,103.45,104.43,115465960
2014-07-26,103.4,103.68,102.09,103.66,114956368
2014-07-27,105.05,105.64,104.03,104.33,106172033
2014-07-28,106.33,107.43,105.43,106.06,58840564
2014-07-29,107.38,109.58,105.06,106.88,74486868
2014-07-30,105.13,105.81,103.62,105.78,93148946
2014-07-31,107.04,107.35,106.43,107.03,165559793
2014-08-01,105.19,106.18,104.31,105.61,105553366
2014-08-02,104.55,105.06,102.77,104.68,133523061
2014-08-03,100.47,101.47,100.35,100.45,186861948
2014-08-04,101.79,102.97,101.68,101.71,79153352
2014-08-05,105.52,107.26,101.46,103.79,149469237
2014-08-06,102.92,105.64,102.26,104.14,56204951
2014-08-07,104.86,105.53,102.8,103.51,105480672
2014-08-08,103.27,105.73,101.86,105.14,165888662
2014-08-09,106.11,106.87,103.05,104.37,123364952
2014-08-10,101.64,106.21,101.24,105.19,72497591
2014-08-11,103.28,104.44,99.89,103.83,161875870
2014-08-12,110.33,110.41,108.19,108.26,97322304
2014-08-13,108.07,110.07,107.62,109.02,70815427
2014-08-14,109.86,111.44,108.82,110.91,142483100
2014-08-15,111.6,113.84,110.9,110.98,81707975
2014-08-16,112.53,112.62,109.54,110.61,137455418
2014-08-17,106.34,112.68,105.44,111.18,144388773
2014-08-18,114.16,114.32,112.36,112.74,145623750
2014-08-19,112.45,112.72,110.12,112.05,68692916
2014-08-20,108.76,112.72,108.51,110.93,56274941
2014-08-21,114.7,115.47,113.34,114.28,128869522
2014-08-22,117.53,118.29,115.13,116.99,127401412
2014-08-23,116.77,117.97,116.34,117.22,120117257
2014-08-24,115.91,116.99,115.79,116.92,85671965
2014-08-25,114.8,114.97,113.98,114.81,100208058
2014-08-26,115.1,116.84,114.43,115.15,125944004
2014-08-27,115.17,115.8,111.71,114.91,126586958
2014-08-28,114.44,119.39,112.85,117.03,118019339
2014-08-29,117.69,120.24,115.88,117.38,95857016
2014-08-30,113.96,117.41,113.35,114.97,89711173
2014-08-31,116.49,117.77,112.56,114.86,118714771
2014-09-01,119.37,119.87,116.76,119.01,136121519
2014-09-02,118.67,119.37,117.82,118.88,122949970
2014-09-03,117.35,119.89,115.67,118.66,130437770
2014-09-04,115.66,120.53,115.11,115.51,94869909
2014-09-05,114.87,115.22,113.32,113.73,82226354
2014-09-06,106.43,106.83,106.01,106.67,225632359
2014-09-07,110.43,111.79,108.31,110.48,175283710
2014-09-08,109.51,111.42,106.87,110.48,92537062
2014-09-09,113.53,113.82,111.89,112.89,145837072
2014-09-10,113.16,115.14,111.19,113.59,118389594
2014-09-11,112.44,114.52,112.15,113.8,136380580
2014-09-12,116.32,118.35,115.55,116.91,75681108
2014-09-13,116.36,119.0,115.26,117.35,92650598
2014-09-14,123.42,123.53,116.18,118.11,145450876
2014-09-15,118.91,118.98,118.64,118.67,80008322
2014-09-16,121.68,124.79,117.22,122.05,177070801
2014-09-17,125.06,125.68,122.05,123.9,151058522
2014-09-18,124.89,124.96,119.28,123.35,126608990
2014-09-19,124.68,125.04,124.39,124.93,67395138
2014-09-20,124.95,127.39,122.5,124.53,128674704
2014-09-21,123.7,123.85,120.88,121.7,80856731
2014-09-22,126.47,127.03,124.61,126.86,71804796
2014-09-23,127.51,127.97,127.25,127.54,111888818
2014-09-24,130.49,132.46,127.68,132.19,87875163
2014-09-25,133.09,133.52,131.32,132.23,100689629
2014-09-26,129.17,130.25,127.8,128.92,90939478
2014-09-27,122.32,132.92,121.73,128.78,123369565
2014-09-28,134.18,137.53,130.33,132.39,119175981
2014-09-29,130.85,131.24,129.4,130.75,99048527
2014-09-30,131.5,132.44,130.58,131.77,150914891
2014-10-01,130.45,131.89,129.86,130.25,127768097
2014-10-02,130.6,136.77,130.5,130.64,57368735
2014-10-03,134.72,134.75,133.18,133.43,141859569
2014-10-04,135.18,135.75,127.67,134.7,129519341
2014-10-05,132.62,132.81,128.72,131.03,143129800
2014-10-06,127.27,130.26,126.18,129.09,88044605
2014-10-07,129.18,130.85,123.85,128.2,109251558
2014-10-08,128.77,131.07,127.9,128.53,84094011
2014-10-09,128.31,128.84,126.68,127.79,111574872
2014-10-10,129.6,131.49,128.36,129.58,79568946
2014-10-11,128.82,129.33,126.13,127.63,107934085
2014-10-12,126.6,129.23,125.42,126.18,63472813
2014-10-13,127.53,127.65,125.84,126.26,133848483
2014-10-14,125.86,125.97,122.58,123.88,114049130
2014-10-15,115.56,120.27,113.66,118.18,138210502
2014-10-16,120.57,121.94,118.76,119.86,72901703
2014-10-17,120.57,120.73,118.56,119.59,68955614
2014-10-18,120.46,121.61,118.66,120.37,124669173
2014-10-19,119.27,121.75,118.46,120.05,151484815
2014-10-20,124.75,127.02,121.75,123.25,78672669
2014-10-21,120.74,123.03,120.42,122.65,87967884
2014-10-22,124.81,125.39,124.58,125.04,172356969
2014-10-23,122.48,127.98,120.05,124.82,144366346
2014-10-24,127.41,127.55,124.85,125.84,120923919
2014-10-25,127.54,129.69,125.9,126.65,131026331
2014-10-26,128.66,133.36,122.7,126.46,80751446
2014-10-27,126.42,128.68,126.3,127.59,86545127
2014-10-28,131.01,133.33,129.77,131.68,87112583
2014-10-29,132.47,133.15,132.18,132.81,126522136
2014-10-30,130.17,134.05,126.95,131.39,125889441
2014-10-31,131.29,134.54,129.59,132.58,128856148
2014-11-01,133.84,134.32,133.0,133.11,94027411
2014-11-02,132.68,136.48,131.82,135.13,107693746
2014-11-03,135.27,139.11,130.36,136.69,66411364
2014-11-04,135.4,136.12,135.05,135.05,96484889
2014-11-05,133.13,134.36,130.29,132.9,65581113
2014-11-06,132.88,134.31,127.89,131.03,167164526
2014-11-07,134.69,136.87,132.98,133.28,160746386
2014-11-08,139.38,139.62,130.41,135.01,90114734
2014-11-09,129.79,134.08,128.39,133.73,78979556
2014-11-10,132.15,132.36,130.45,131.46,85662114
2014-11-11,126.09,130.29,125.87,128.11,170391548
2014-11-12,126.47,133.51,126.28,132.71,159333034
2014-11-13,134.15,135.25,133.78,135.0,165702474
2014-11-14,135.11,136.9,132.96,134.48,127284865
2014-11-15,132.39,132.96,129.31,130.53,191476268
2014-11-16,128.13,129.68,127.61,128.77,123794235
2014-11-17,125.55,128.19,125.53,127.75,121785963
2014-11-18,125.38,134.11,124.09,127.81,147797827
2014-11-19,125.6,128.43,124.75,126.41,136687398
2014-11-20,127.04,127.25,125.44,126.12,116067849
2014-11-21,126.08,126.25,124.9,126.07,95990134
2014-11-22,132.65,134.87,130.85,130.95,106645820
2014-11-23,137.47,142.86,134.78,137.02,203088277
2014-11-24,132.78,137.93,132.19,135.66,153354128
2014-11-25,135.02,135.73,134.22,135.62,77913197
2014-11-26,134.74,134.95,134.4,134.64,150382664
2014-11-27,132.53,137.22,126.84,132.34,71782514
2014-11-28,131.32,133.39,127.78,132.9,130957075
2014-11-29,136.82,137.2,132.9,134.06,110512784
2014-11-30,134.35,134.39,134.01,134.1,129609768
2014-12-01,133.12,133.59,132.4,133.44,65360692
2014-12-02,132.99,133.08,131.1,132.18,112177969
2014-12-03,134.98,135.92,129.33,130.21,81387378
2014-12-04,126.84,127.05,126.39,126.8,65106666
2014-12-05,125.69,128.77,123.33,124.78,129335895
2014-12-06,119.7,123.39,119.17,122.05,101974184
2014-12-07,119.65,121.19,119.39,119.88,111730878
2014-12-08,118.71,120.62,113.62,119.55,109847521
2014-12-09,119.14,120.35,118.11,119.59,145134595
2014-12-10,119.67,120.8,118.3,120.15,112508731
2014-12-11,123.94,124.61,120.88,121.16,144370911
2014-12-12,121.97,126.09,119.87,123.83,170012809
2014-12-13,127.15,127.19,126.42,126.44,180159811
2014-12-14,121.57,124.26,121.48,123.33,119269770
2014-12-15,121.03,121.53,120.14,120.39,102864369
2014-12-16,117.04,118.31,115.6,116.32,91897262
2014-12-17,115.62,117.3,114.97,116.51,108954784
2014-12-18,119.0,119.57,118.32,119.07,116674545
2014-12-19,119.87,123.32,119.38,121.69,147224160
2014-12-20,119.74,121.73,118.57,119.16,106718965
2014-12-21,122.45,125.5,119.11,119.15,126774856
2014-12-22,120.49,120.63,117.9,119.35,151312594
2014-12-23,120.79,120.89,117.56,120.34,120739453
2014-12-24,125.25,128.18,119.68,123.44,65290148
2014-12-25,117.7,120.45,116.98,119.73,92040621
2014-12-26,118.0,120.78,116.87,120.66,91995911
2014-12-27,118.18,120.12,115.73,118.85,141826124
2014-12-28,116.72,120.2,113.68,117.96,154929102
2014-12-29,119.93,123.05,119.27,120.9,126382821
2014-12-30,123.32,128.42,121.53,122.74,142274488
2014-12-31,119.53,125.53,117.84,121.79,56422433
2015-01-01,119.17,119.59,119.14,119.46,64887654
2015-01-02,119.84,120.54,119.74,120.16,89923043
2015-01-03,124.61,126.54,124.2,125.68,170172861
2015-01-04,123.46,125.12,119.17,122.76,102859319
2015-01-05,123.12,125.04,118.6,121.77,121036545
2015-01-06,122.01,122.07,120.46,121.38,68423381
2015-01-07,120.42,121.94,119.11,120.64,67656104
2015-01-08,119.73,127.29,117.84,122.95,177152585
2015-01-09,127.83,130.13,127.02,128.87,100067499
2015-01-10,130.55,130.7,128.43,129.95,65460853
2015-01-11,128.28,131.78,124.56,126.86,69289851
2015-01-12,130.25,130.77,129.99,130.62,82806025
2015-01-13,131.4,133.96,130.7,131.78,127932442
2015-01-14,128.69,129.49,125.93,129.43,104526601
2015-01-15,131.83,133.89,131.47,132.45,123134725
2015-01-16,127.93,131.01,125.94,129.52,70203819
2015-01-17,132.07,132.33,131.95,132.3,166936566
2015-01-18,137.5,138.12,133.31,135.99,129819041
2015-01-19,141.77,143.58,140.15,141.05,182505537
2015-01-20,142.17,142.56,137.43,137.62,120639269
2015-01-21,135.72,135.91,134.45,134.47,78020023
2015-01-22,127.58,130.24,127.15,129.7,169535668
2015-01-23,130.61,130.99,130.25,130.53,75471763
2015-01-24,134.9,135.04,133.86,134.0,129938596
2015-01-25,134.25,134.74,131.32,134.7,62122377
2015-01-26,132.05,137.54,131.61,134.86,138147938
2015-01-27,138.58,139.52,136.44,137.19,145415871
2015-01-28,137.74,138.27,137.22,138.1,80937616
2015-01-29,136.37,139.27,135.39,136.31,132547953
2015-01-30,134.79,135.91,134.55,135.69,130203043
2015-01-31,133.27,140.98,130.69,136.08,109113399
2015-02-01,135.23,136.43,133.06,135.17,110627663
2015-02-02,135.69,135.94,131.84,133.88,92612551
2015-02-03,134.99,136.26,134.48,134.81,109939999
2015-02-04,132.98,139.33,132.13,137.54,125010740
2015-02-05,134.67,136.24,132.94,135.06,162378410
2015-02-06,136.9,138.0,135.6,136.17,86610608
2015-02-07,131.01,136.0,130.28,132.56,73358749
2015-02-08,134.31,135.78,133.41,135.22,178646603
2015-02-09,140.5,140.65,136.03,139.28,74223574
2015-02-10,139.94,143.0,139.89,141.05,76530662
2015-02-11,142.0,145.71,135.93,140.51,76591086
2015-02-12,141.46,143.04,140.56,142.02,93632141
2015-02-13,143.38,144.34,141.81,142.16,127187490
2015-02-14,151.38,152.19,145.2,146.56,152602023
2015-02-15,146.49,147.63,145.28,145.98,122558703
2015-02-16,146.97,150.64,143.84,145.1,107012183
2015-02-17,141.29,144.8,140.74,144.13,150495370
2015-02-18,143.48,147.03,140.62,142.17,160100578
2015-02-19,144.6,144.84,137.98,143.35,124387689
2015-02-20,138.89,140.73,138.76,138.83,109761441
2015-02-21,140.1,140.61,137.47,138.87,124070756
2015-02-22,146.6,147.8,142.82,145.19,192721769
2015-02-23,145.58,146.47,145.27,146.24,157196568
2015-02-24,146.27,147.14,145.52,146.23,143315895
2015-02-25,144.42,149.16,144.18,146.89,89992332
2015-02-26,144.82,144.98,142.86,144.37,59936496
2015-02-27,142.28,145.13,141.76,142.55,161903011
2015-02-28,143.53,143.62,141.43,141.87,110971452
2015-03-01,143.28,145.62,138.25,141.92,112052921
2015-03-02,137.38,142.05,135.71,140.8,116243861
2015-03-03,149.26,150.1,146.58,147.57,80786842
2015-03-04,146.42,149.15,145.96,149.05,54990768
2015-03-05,151.37,151.83,149.58,149.72,85521154
2015-03-06,154.27,154.46,153.73,153.84,123991109
2015-03-07,155.32,156.31,154.27,155.19,59035373
2015-03-08,150.85,151.69,148.13,151.39,128404820
2015-03-09,154.73,156.28,153.21,153.73,151630283
2015-03-10,156.59,159.76,156.32,156.94,170322298
2015-03-11,150.76,157.88,148.3,152.61,74597262
2015-03-12,153.44,153.47,150.1,151.75,120672262
2015-03-13,154.84,155.85,152.82,154.62,115376435
2015-03-14,154.01,155.82,152.48,153.04,86705399
2015-03-15,152.83,155.12,151.35,154.18,135456962
2015-03-16,144.62,154.33,142.69,152.35,163208540
2015-03-17,151.42,154.38,148.66,150.77,101390066
2015-03-18,152.52,153.25,149.48,151.69,157327661
2015-03-19,153.74,153.82,152.07,153.06,162784205
2015-03-20,157.06,161.2,157.01,158.33,123184233
2015-03-21,161.41,163.14,157.62,161.18,109801097
2015-03-22,164.37,166.99,160.18,163.76,59695167
2015-03-23,166.3,170.1,163.71,165.74,80565258
2015-03-24,163.43,166.49,162.51,165.67,88300485
2015-03-25,167.95,169.59,167.77,168.66,175702430
2015-03-26,167.33,167.42,165.28,166.24,62749591
2015-03-27,162.7,164.35,161.09,163.11,101639501
2015-03-28,164.03,166.25,162.43,165.36,152250932
2015-03-29,165.99,168.8,163.76,166.96,93113918
2015-03-30,164.65,166.51,162.98,164.98,123869823
2015-03-31,164.03,171.48,162.42,162.67,133055766
2015-04-01,163.01,163.86,159.68,162.41,118540954
2015-04-02,156.77,159.19,156.11,158.18,114885570
2015-04-03,160.14,162.04,156.26,161.19,119161670
2015-04-04,159.11,159.4,158.14,158.54,58730280
2015-04-05,160.19,162.52,153.98,157.98,67408611
2015-04-06,158.29,159.29,155.45,156.4,83626472
2015-04-07,158.65,159.72,158.45,158.75,148609255
2015-04-08,161.52,162.14,158.14,160.59,96128477
2015-04-09,164.99,168.1,164.77,165.89,147889215
2015-04-10,160.59,167.92,157.5,165.62,84560279
2015-04-11,163.29,169.26,162.65,167.62,136633975
2015-04-12,171.41,172.58,166.48,167.07,130394152
2015-04-13,170.19,174.86,166.46,170.35,168263229
2015-04-14,173.87,181.31,172.6,174.49,107940106
2015-04-15,173.24,173.28,170.33,172.64,144219327
2015-04-16,169.38,172.05,167.51,169.05,103790902
2015-04-17,170.51,171.5,170.24,171.2,95383428
2015-04-18,171.51,175.07,170.55,174.1,134381361
2015-04-19,168.36,173.36,166.84,172.15,142129609
2015-04-20,170.81,174.08,168.65,171.26,143725564
2015-04-21,168.49,169.43,168.18,169.41,86257113
2015-04-22,165.66,167.06,164.29,165.98,135589450
2015-04-23,164.87,167.37,157.75,164.31,90513144
2015-04-24,167.03,168.86,162.06,164.26,81578533
2015-04-25,162.72,163.06,162.13,162.63,88646581
2015-04-26,160.41,161.94,159.39,160.91,69093295
2015-04-27,163.51,164.71,162.75,163.08,86517757
2015-04-28,159.16,161.13,158.7,159.69,140578858
2015-04-29,161.1,163.65,154.89,159.21,74035302
2015-04-30,164.86,165.7,154.89,161.33,79840171
2015-05-01,160.28,160.8,158.4,159.78,115431471
2015-05-02,162.79,164.76,159.03,159.79,116073687
2015-05-03,160.88,161.66,160.09,160.81,79055819
2015-05-04,157.0,157.39,154.17,156.83,92472545
2015-05-05,156.88,158.68,155.18,157.55,143784070
2015-05-06,154.36,157.12,153.18,153.79,125367597
2015-05-07,153.31,162.0,149.86,156.08,65983637
2015-05-08,160.89,161.87,157.82,159.63,146826817
2015-05-09,161.55,162.72,160.78,161.74,113111069
2015-05-10,160.73,161.76,157.08,161.2,101917867
2015-05-11,167.67,169.8,167.19,167.81,162558145
2015-05-12,170.05,170.42,162.94,168.88,86402363
2015-05-13,165.75,172.68,164.37,166.82,61582373
2015-05-14,165.23,167.24,163.3,167.08,72760122
2015-05-15,162.12,164.35,161.2,163.04,76876035
2015-05-16,160.83,161.56,159.05,159.68,83183536
2015-05-17,155.67,160.85,155.3,159.18,150370361
2015-05-18,156.93,161.73,156.67,158.26,86342460
2015-05-19,158.24,159.28,155.91,158.61,140612134
2015-05-20,158.8,163.27,154.36,159.73,134906126
2015-05-21,157.29,157.55,156.4,157.49,75123570
2015-05-22,159.43,161.34,153.59,157.07,86409480
2015-05-23,150.41,156.45,149.74,154.1,123556546
2015-05-24,153.88,153.95,153.61,153.91,87019765
2015-05-25,162.66,164.01,160.61,163.13,171040636
2015-05-26,167.45,168.88,166.84,168.34,178043776
2015-05-27,170.95,175.15,169.9,170.11,55627678
2015-05-28,161.5,165.42,160.7,164.69,109564297
2015-05-29,166.69,167.06,163.92,165.62,120529237
2015-05-30,168.58,169.46,166.04,168.66,65593829
2015-05-31,169.51,176.68,169.5,170.37,94892460
2015-06-01,170.84,171.61,162.68,171.38,128113589
2015-06-02,173.06,173.47,171.56,172.14,105990726
2015-06-03,174.74,175.41,174.28,174.99,157548339
2015-06-04,181.54,181.91,176.84,177.5,81866903
2015-06-05,174.36,183.66,172.29,175.52,156776659
2015-06-06,174.22,174.74,173.5,173.71,118928508
2015-06-07,172.85,175.81,171.04,173.75,132231688
2015-06-08,169.75,173.97,168.03,170.79,118771354
2015-06-09,174.77,175.0,172.17,174.89,182663389
2015-06-10,177.89,179.5,174.79,177.34,65513897
2015-06-11,171.6,172.16,168.38,171.24,86314579
2015-06-12,170.03,174.91,167.02,173.3,166145166
2015-06-13,169.54,173.1,163.56,168.02,93248832
2015-06-14,169.55,175.28,168.13,172.21,170270595
2015-06-15,170.11,170.83,164.04,168.02,158107177
2015-06-16,162.96,163.77,161.29,161.36,137064150
2015-06-17,161.68,163.98,156.22,160.26,98615364
2015-06-18,155.01,158.53,154.19,157.8,169910173
2015-06-19,153.89,153.99,153.42,153.88,68854764
2015-06-20,153.96,155.3,149.01,155.19,89168489
2015-06-21,158.99,159.62,155.91,155.99,105502545
2015-06-22,154.89,155.24,150.38,152.33,87331717
2015-06-23,149.33,153.8,147.43,153.22,65750678
2015-06-24,150.56,151.64,148.56,151.1,117918338
2015-06-25,155.17,164.58,150.39,153.4,112657496
2015-06-26,157.54,158.72,152.28,157.13,175546450
2015-06-27,153.42,153.43,152.29,153.2,170090831
2015-06-28,160.88,168.71,155.64,158.53,196067657
2015-06-29,157.36,158.14,155.56,157.66,80213736
2015-06-30,154.76,155.55,148.92,154.02,180871300
2015-07-01,148.35,152.73,146.18,150.34,185790365
2015-07-02,144.39,146.96,144.07,146.17,158204421
2015-07-03,145.21,147.13,144.94,145.56,96535319
2015-07-04,142.75,147.6,140.32,146.33,113748359
2015-07-05,145.57,148.91,142.45,145.85,102403355
2015-07-06,144.64,145.58,144.04,144.72,59103687
2015-07-07,149.41,150.79,146.74,147.81,140805213
2015-07-08,146.38,147.31,146.33,146.75,145200253
2015-07-09,149.06,149.7,148.71,148.84,122816795
2015-07-10,150.51,151.64,141.23,147.79,130326906
2015-07-11,145.56,149.95,145.18,149.39,145172890
2015-07-12,153.01,153.31,149.74,152.39,101880332
2015-07-13,160.8,160.96,149.89,156.44,74540942
2015-07-14,155.76,156.02,153.55,155.0,140059968
2015-07-15,154.66,155.91,151.4,152.66,68509102
2015-07-16,153.18,153.97,152.92,153.29,118964450
2015-07-17,157.79,160.0,153.11,157.3,87846332
2015-07-18,149.61,154.07,148.44,150.26,156972856
2015-07-19,157.63,158.94,153.53,155.14,96673438
2015-07-20,156.08,159.2,155.92,158.15,125558912
2015-07-21,158.98,162.96,154.16,156.32,91959030
2015-07-22,152.4,156.75,149.64,152.91,98212131
2015-07-23,151.56,154.2,150.81,153.48,92053551
2015-07-24,148.57,152.14,147.28,150.92,112878439
2015-07-25,154.45,155.1,154.37,154.81,109079492
2015-07-26,156.07,156.4,153.0,154.59,127476347
2015-07-27,155.52,155.93,152.37,154.41,139022344
2015-07-28,154.5,157.01,151.67,153.72,55591359
2015-07-29,167.11,169.59,159.51,159.85,130435151
2015-07-30,163.22,165.6,158.57,160.71,132751595
2015-07-31,164.15,165.25,162.16,163.91,172096878
2015-08-01,164.54,170.4,158.7,163.49,78290107
2015-08-02,159.32,161.88,157.11,160.5,147212199
2015-08-03,161.85,162.52,161.46,161.86,81339625
2015-08-04,166.39,169.58,160.29,163.74,113603122
2015-08-05,154.63,161.14,152.74,157.87,177441749
2015-08-06,160.2,161.02,159.16,159.99,118222589
2015-08-07,161.88,165.94,160.46,164.31,71725934
2015-08-08,167.47,168.48,165.83,167.23,169517119
2015-08-09,162.88,162.95,162.45,162.76,123743839
2015-08-10,164.52,166.68,164.0,165.48,83388503
2015-08-11,169.05,169.8,168.7,169.33,120565423
2015-08-12,166.25,172.74,166.01,170.99,87357681
2015-08-13,169.97,171.26,169.94,171.14,62351208
2015-08-14,171.91,173.05,171.52,172.36,85163550
2015-08-15,172.17,173.36,170.19,170.52,139664687
2015-08-16,180.37,183.96,174.54,179.6,150344002
2015-08-17,186.8,189.96,181.96,183.33,117797092
2015-08-18,181.58,182.78,180.4,180.47,156634495
2015-08-19,176.38,179.36,171.88,175.74,67454517
2015-08-20,180.78,184.33,178.07,180.74,116702337
2015-08-21,176.01,179.32,171.45,176.25,177109340
2015-08-22,179.51,181.47,177.74,178.56,107760857
2015-08-23,172.71,177.77,164.91,174.54,114600695
2015-08-24,175.92,176.5,168.96,169.61,187914339
2015-08-25,170.22,171.17,166.98,168.06,91514515
2015-08-26,171.98,175.3,167.45,167.74,52181779
2015-08-27,163.41,163.83,161.36,162.26,71051622
2015-08-28,164.05,164.37,161.94,161.96,100449861
2015-08-29,167.25,168.67,166.96,167.11,120741258
2015-08-30,164.59,168.14,162.98,167.97,68689595
2015-08-31,169.3,170.07,168.9,169.97,104766248
2015-09-01,173.93,178.55,172.93,175.38,143922140
2015-09-02,174.77,180.48,172.8,174.68,79673277
2015-09-03,174.72,175.05,170.57,173.14,102939927
2015-09-04,170.59,171.38,168.64,170.44,81860676
2015-09-05,171.23,174.51,169.48,172.44,136769707
2015-09-06,169.39,171.31,166.22,170.34,76718928
2015-09-07,179.31,181.47,173.59,173.6,149526113
2015-09-08,174.05,175.27,172.0,175.06,132313854
2015-09-09,178.65,178.81,178.57,178.79,121481757
2015-09-10,181.78,182.15,181.04,181.19,148709779
2015-09-11,190.15,190.59,186.46,188.16,92960257
2015-09-12,193.17,194.78,190.11,190.74,123020400
2015-09-13,188.15,190.14,186.64,187.93,94029013
2015-09-14,185.99,186.02,182.1,184.63,111458193
2015-09-15,189.23,189.54,186.61,188.71,134740745
2015-09-16,195.7,196.09,186.4,188.68,87506683
2015-09-17,188.99,191.88,187.47,191.06,93710994
2015-09-18,188.27,190.94,186.71,189.05,94020169
2015-09-19,182.61,189.99,182.35,188.29,137738383
2015-09-20,190.92,194.82,185.53,190.67,129262653
2015-09-21,180.05,181.94,179.01,180.36,128918170
2015-09-22,189.23,194.84,183.43,188.97,122067942
2015-09-23,196.94,197.84,195.44,197.49,102391536
2015-09-24,192.62,197.48,191.99,194.75,166827210
2015-09-25,192.46,200.96,192.15,193.48,107952228
2015-09-26,192.27,193.32,190.03,191.88,73289184
2015-09-27,188.07,191.06,188.0,190.21,78030439
2015-09-28,190.49,191.3,190.37,190.4,67379112
2015-09-29,192.44,195.2,189.96,192.29,66620093
2015-09-30,189.98,192.34,184.82,189.68,163889345
2015-10-01,192.21,192.51,189.05,191.14,129484814
2015-10-02,192.25,194.96,191.45,194.01,119387502
2015-10-03,197.44,199.09,194.95,197.94,91716674
2015-10-04,203.75,207.79,196.25,204.5,147810614
2015-10-05,207.74,211.64,205.1,208.34,176242446
2015-10-06,211.28,212.88,210.78,212.25,135577206
2015-10-07,203.56,206.41,201.37,205.9,97557094
2015-10-08,206.52,207.75,205.83,207.05,124121447
2015-10-09,204.02,204.38,203.71,204.33,138056216
2015-10-10,202.82,204.13,202.4,202.75,74321034
2015-10-11,195.11,196.12,195.08,195.31,84479576
2015-10-12,198.43,201.01,196.12,199.84,137790584
2015-10-13,202.41,203.65,201.46,202.1,153151800
2015-10-14,201.17,201.2,200.99,201.01,150665050
2015-10-15,206.43,210.21,194.12,200.9,100216383
2015-10-16,201.66,201.77,201.53,201.55,99469948
2015-10-17,198.96,207.72,198.63,201.02,81924291
2015-10-18,197.72,201.87,195.19,198.58,156811004
2015-10-19,200.26,202.48,198.85,200.97,66101130
2015-10-20,199.87,201.67,189.11,197.76,152043133
2015-10-21,195.21,195.44,191.87,194.35,162754339
2015-10-22,193.36,194.88,190.33,194.21,122187479
2015-10-23,193.99,196.6,193.61,194.36,118168971
2015-10-24,193.75,194.02,191.33,191.78,136962178
2015-10-25,189.99,193.59,187.04,193.13,107744344
2015-10-26,193.33,198.35,185.87,197.82,178315180
2015-10-27,196.23,199.33,195.72,199.28,146139500
2015-10-28,200.38,203.11,199.16,200.72,88817793
2015-10-29,203.4,203.76,200.26,202.97,129299381
2015-10-30,203.44,211.04,199.28,207.31,175115885
2015-10-31,215.7,216.4,209.66,210.13,92045273
2015-11-01,210.55,214.95,203.67,208.98,79190943
2015-11-02,205.99,206.2,204.55,206.09,151498243
2015-11-03,210.11,210.36,208.08,208.3,79395736
2015-11-04,206.68,207.61,201.33,204.87,130653084
2015-11-05,200.28,209.45,199.44,203.54,81449265
2015-11-06,209.81,210.4,206.61,206.71,119900544
2015-11-07,216.78,217.23,212.19,216.66,186101489
2015-11-08,220.95,224.05,216.79,220.99,103184987
2015-11-09,217.69,226.96,215.92,222.78,86325336
2015-11-10,216.29,220.68,212.82,217.28,116960037
2015-11-11,218.53,218.77,215.27,217.44,89872335
2015-11-12,214.01,215.51,213.73,214.36,157596102
2015-11-13,213.56,215.66,210.62,213.36,82116189
2015-11-14,211.61,217.77,205.74,215.37,103634455
2015-11-15,223.47,228.51,217.84,218.62,137085572
2015-11-16,220.65,223.08,219.33,222.23,84864492
2015-11-17,234.15,235.2,224.9,228.89,76576186
2015-11-18,235.71,238.13,226.26,227.6,134820330
2015-11-19,233.35,235.8,230.92,231.94,91653024
2015-11-20,224.59,226.86,223.51,225.53,100182093
2015-11-21,229.29,229.92,227.01,227.89,110124119
2015-11-22,219.8,222.32,216.42,217.69,121350656
2015-11-23,213.44,213.68,210.21,213.56,67380681
2015-11-24,215.1,219.98,214.89,215.76,81983798
2015-11-25,210.12,210.29,207.19,209.11,95794630
2015-11-26,213.11,219.77,211.06,213.85,155107207
2015-11-27,211.62,219.14,210.38,211.45,137498593
2015-11-28,206.02,209.42,200.55,203.27,125355671
2015-11-29,203.96,211.55,202.42,206.34,103339122
2015-11-30,204.98,213.42,202.61,211.61,67187559
2015-12-01,214.76,219.42,211.29,214.59,153422615
2015-12-02,211.4,212.49,207.85,212.36,149188419
2015-12-03,221.99,224.09,211.18,216.3,132850407
2015-12-04,212.31,220.45,211.06,214.07,150432224
2015-12-05,213.6,217.86,210.11,213.27,135075072
2015-12-06,215.0,221.37,213.89,219.39,137392661
2015-12-07,226.05,227.68,224.07,226.84,130630982
2015-12-08,233.55,233.56,223.64,230.78,91658035
2015-12-09,229.07,232.41,228.72,232.1,84296026
2015-12-10,226.3,234.04,226.16,232.7,151038781
2015-12-11,223.45,228.83,222.99,226.65,168405883
2015-12-12,224.06,229.04,222.94,223.5,72725085
2015-12-13,218.89,221.13,217.79,219.17,137211231
2015-12-14,219.7,224.69,218.22,220.28,84730282
2015-12-15,227.85,229.54,224.12,225.38,136327776
2015-12-16,227.65,230.53,224.12,228.82,137435098
2015-12-17,236.63,238.3,230.9,231.59,56235305
2015-12-18,228.7,233.28,227.52,228.62,63417845
2015-12-19,228.96,230.14,228.33,229.99,103661834
2015-12-20,233.12,233.71,232.44,233.13,92765557
2015-12-21,226.38,227.05,220.42,223.5,102420344
2015-12-22,227.35,238.03,226.52,230.8,111034771
2015-12-23,232.46,234.36,231.85,232.21,116397700
2015-12-24,230.78,240.75,227.96,231.04,147293573
2015-12-25,239.89,241.97,235.67,236.86,114102325
2015-12-26,240.94,242.23,239.64,241.14,112646052
2015-12-27,237.62,238.64,229.84,237.27,64225355
2015-12-28,233.03,242.75,231.29,236.84,152574554
2015-12-29,239.13,246.6,238.93,245.99,80528968
2015-12-30,248.16,257.13,247.1,253.61,90773300
2015-12-31,253.9,254.8,253.66,253.85,104295998
2016-01-01,245.75,248.95,242.29,244.6,96568069
2016-01-02,243.05,246.92,242.58,245.44,133598712
2016-01-03,255.42,264.63,250.11,252.49,183399879
2016-01-04,251.56,262.64,248.12,260.59,186317033
2016-01-05,254.45,257.58,252.53,257.34,136882622
2016-01-06,262.82,263.39,259.17,260.09,69850690
2016-01-07,250.44,262.93,248.74,254.13,131163468
2016-01-08,251.94,253.33,251.28,252.16,111453199
2016-01-09,253.88,260.62,249.96,258.14,76983638
2016-01-10,257.45,259.93,256.98,258.66,77054747
2016-01-11,259.95,263.87,249.34,252.17,173512485
2016-01-12,262.35,264.41,250.17,253.51,131398485
2016-01-13,252.78,255.6,252.03,253.95,107411449
2016-01-14,257.69,260.43,254.89,257.79,83213280
2016-01-15,252.51,252.77,242.57,248.37,203424104
2016-01-16,250.34,256.22,245.59,248.4,62540820
2016-01-17,252.79,254.76,250.43,253.08,87419378
2016-01-18,257.54,258.99,252.44,255.46,63558205
2016-01-19,260.16,261.38,257.45,260.03,151819642
2016-01-20,255.61,256.57,255.51,256.03,162998319
2016-01-21,254.9,255.37,252.97,253.28,141429952
2016-01-22,253.44,258.58,251.31,252.14,55092579
2016-01-23,253.51,254.97,251.91,252.53,100449399
2016-01-24,246.39,248.76,244.64,246.01,151118680
2016-01-25,246.67,248.4,239.59,242.98,112424647
2016-01-26,246.13,248.31,244.55,246.88,140868240
2016-01-27,246.65,256.22,246.06,252.74,153651743
2016-01-28,251.84,257.92,248.78,250.01,165505394
2016-01-29,244.67,251.47,240.72,245.63,72535638
2016-01-30,250.77,251.22,248.99,249.67,117026971
2016-01-31,242.56,247.74,240.54,245.22,145905730
2016-02-01,238.42,241.99,236.4,239.06,111182546
2016-02-02,248.23,248.64,245.92,247.23,122110592
2016-02-03,251.32,261.85,250.91,253.5,129075293
2016-02-04,254.55,255.65,247.31,249.97,77935045
2016-02-05,254.93,255.67,247.75,250.36,61378914
2016-02-06,242.67,260.07,241.0,248.96,78656459
2016-02-07,242.45,246.34,242.15,242.73,89164636
2016-02-08,248.29,255.73,239.56,246.8,160095192
2016-02-09,251.34,251.54,245.27,247.61,119748598
2016-02-10,250.04,254.04,245.44,247.91,149365297
2016-02-11,247.87,248.32,246.92,247.42,127966319
2016-02-12,244.05,247.09,240.43,243.48,154906493
2016-02-13,240.21,244.49,233.29,242.45,99598390
2016-02-14,241.77,248.21,239.47,243.4,128740033
2016-02-15,249.42,255.01,247.13,252.23,195119821
2016-02-16,253.87,254.74,252.61,253.28,109083610
2016-02-17,256.47,257.62,249.31,252.06,106337077
2016-02-18,252.01,257.73,251.21,254.98,143861339
2016-02-19,268.0,276.16,262.47,265.8,121898120
2016-02-20,268.0,271.74,264.89,265.42,98356981
2016-02-21,262.34,266.36,260.27,266.19,70062567
2016-02-22,261.25,263.55,258.39,261.83,164339911
2016-02-23,272.21,278.23,261.8,262.22,102792582
2016-02-24,266.35,267.28,266.13,266.48,152009686
2016-02-25,272.4,272.59,265.97,267.43,131601909
2016-02-26,275.1,280.69,262.87,269.34,101031112
2016-02-27,269.8,277.93,269.27,271.29,149340486
2016-02-28,273.92,273.94,270.71,270.81,97835941
2016-02-29,262.18,263.38,260.81,263.23,159700273
2016-03-01,259.01,261.92,258.27,259.79,88601262
2016-03-02,259.78,265.72,257.01,265.23,65820011
2016-03-03,263.98,264.71,259.52,262.94,154142917
2016-03-04,264.1,267.45,262.78,265.18,106945640
2016-03-05,270.11,274.22,263.88,270.78,108385831
2016-03-06,272.87,276.35,266.95,271.9,76580002
2016-03-07,275.21,278.11,274.12,274.5,94894254
2016-03-08,283.12,286.39,280.72,281.46,145397049
2016-03-09,293.35,293.92,285.5,287.7,65688020
2016-03-10,293.64,296.17,289.79,292.44,156214659
2016-03-11,285.0,289.52,283.25,286.5,176311045
2016-03-12,293.25,294.75,291.22,294.3,176711151
2016-03-13,295.82,299.25,290.24,294.38,136201518
2016-03-14,297.0,301.04,280.62,293.98,141798070
2016-03-15,295.47,299.19,291.0,295.01,55608474
2016-03-16,299.72,300.54,298.38,299.56,155257808
2016-03-17,299.53,300.82,294.94,296.47,148471248
2016-03-18,285.96,287.06,280.37,281.19,183927991
2016-03-19,275.79,278.4,274.04,278.36,89232678
2016-03-20,270.08,276.36,253.31,272.65,69662574
2016-03-21,261.63,283.05,259.1,271.96,131864928
2016-03-22,283.49,293.66,271.17,283.28,182379219
2016-03-23,278.0,280.52,274.79,276.4,100289700
2016-03-24,273.49,280.11,266.13,274.19,160708719
2016-03-25,276.06,277.09,275.14,276.1,153481554
2016-03-26,275.28,276.92,273.18,273.18,148269346
2016-03-27,263.34,270.53,258.95,269.21,65089625
2016-03-28,268.43,275.64,266.64,272.43,102325106
2016-03-29,260.25,278.78,259.36,271.6,120435061
2016-03-30,276.37,277.03,272.06,273.24,102425810
2016-03-31,264.08,266.43,260.73,264.87,133068965
2016-04-01,258.46,260.65,255.61,259.3,107970958
2016-04-02,256.23,271.37,255.57,261.69,120815465
2016-04-03,260.56,260.62,256.73,258.89,145851193
2016-04-04,260.64,267.74,255.65,261.81,113579163
2016-04-05,254.52,267.5,254.1,261.62,78686878
2016-04-06,256.27,258.62,252.29,258.23,148799005
2016-04-07,262.59,267.16,262.44,267.11,145589353
2016-04-08,273.22,273.85,272.18,272.76,62600126
2016-04-09,277.45,278.13,272.47,275.98,80371718
2016-04-10,272.78,272.9,272.53,272.88,71045000
2016-04-11,268.58,273.5,266.91,271.76,115863761
2016-04-12,272.81,278.05,268.06,274.12,132230656
2016-04-13,274.7,280.8,271.35,274.01,61707029
2016-04-14,282.64,285.05,280.08,280.76,147924939
2016-04-15,275.03,281.15,274.68,279.83,94773917
2016-04-16,275.56,280.86,274.06,280.35,140892204
2016-04-17,272.03,278.91,270.34,276.27,133467531
2016-04-18,278.59,282.62,278.58,279.15,161213509
2016-04-19,270.81,271.77,270.38,270.46,66550134
2016-04-20,261.31,262.69,256.83,261.66,113863328
2016-04-21,259.31,263.94,258.74,260.8,142544216
2016-04-22,266.47,266.49,263.01,264.35,92179453
2016-04-23,271.54,273.78,266.33,269.17,119094986
2016-04-24,266.06,266.52,264.69,264.88,77248030
2016-04-25,271.05,274.33,268.42,269.59,66958145
2016-04-26,263.47,271.04,262.83,268.16,61671424
2016-04-27,250.73,265.25,248.68,262.51,136539144
2016-04-28,258.85,266.37,257.25,260.31,140973321
2016-04-29,265.6,266.12,254.63,261.73,97318162
2016-04-30,257.11,259.08,256.46,257.46,60205341
2016-05-01,262.47,264.68,259.12,262.82,138480629
2016-05-02,259.45,267.65,259.44,261.34,100097425
2016-05-03,255.36,258.12,254.11,258.06,165397343
2016-05-04,256.39,259.67,252.07,258.52,93762166
2016-05-05,255.78,258.91,254.1,255.45,109485659
2016-05-06,267.7,268.04,256.69,263.26,121385943
2016-05-07,261.61,269.28,258.7,260.3,106964656
2016-05-08,255.77,257.72,255.06,257.24,61199085
2016-05-09,259.25,259.42,254.67,256.24,77567805
2016-05-10,253.59,254.62,252.39,253.24,81080710
2016-05-11,263.6,265.83,258.96,262.06,189791191
2016-05-12,267.29,272.66,265.71,268.17,183879380
2016-05-13,274.66,279.2,272.09,272.68,160822399
2016-05-14,286.35,289.61,279.92,283.74,124206182
2016-05-15,299.44,304.69,296.95,298.73,97787984
2016-05-16,309.82,310.37,304.74,305.48,143904983
2016-05-17,292.37,306.48,288.19,301.18,109024773
2016-05-18,302.25,304.06,301.86,303.52,129709550
2016-05-19,311.93,319.72,306.15,307.04,142222257
2016-05-20,307.74,314.75,303.11,304.97,138716966
2016-05-21,297.55,304.97,297.38,299.77,130295975
2016-05-22,304.52,317.91,294.13,304.52,109966929
2016-05-23,325.18,328.15,302.95,303.83,152410930
2016-05-24,298.23,298.47,288.18,296.49,81301575
2016-05-25,291.57,292.4,290.54,291.0,156581314
2016-05-26,299.12,307.13,298.74,302.59,72259219
2016-05-27,301.1,303.33,291.39,297.53,135695916
2016-05-28,302.2,302.79,301.0,302.4,105268791
2016-05-29,305.21,305.61,304.6,305.03,131201907
2016-05-30,305.34,313.84,299.48,302.89,96461091
2016-05-31,293.71,296.72,283.86,294.68,120899724
2016-06-01,300.05,301.73,298.1,298.37,129356629
2016-06-02,296.37,297.66,295.22,296.45,84933732
2016-06-03,301.49,302.93,296.44,300.56,70415066
2016-06-04,296.26,302.91,288.37,295.19,63187657
2016-06-05,295.88,301.64,289.5,295.71,105432194
2016-06-06,296.52,299.61,293.99,297.96,120436704
2016-06-07,303.72,303.72,300.22,300.61,162008695
2016-06-08,300.65,301.79,294.38,300.4,121972029
2016-06-09,297.34,298.58,292.36,295.97,124993949
2016-06-10,300.49,305.43,299.66,300.81,65799414
2016-06-11,314.12,318.58,312.19,313.5,169135345
2016-06-12,310.17,312.29,310.13,312.13,148056609
2016-06-13,311.94,314.76,307.44,311.34,89486079
2016-06-14,318.11,318.71,305.97,312.27,153759742
2016-06-15,305.39,313.23,301.69,310.91,103100994
2016-06-16,315.96,320.44,313.25,318.69,110681217
2016-06-17,343.22,345.57,326.06,332.85,121060587
2016-06-18,337.0,353.26,330.58,336.85,165347062
2016-06-19,343.56,358.29,333.55,341.14,64190951
2016-06-20,340.21,348.27,338.66,339.97,59463123
2016-06-21,334.98,353.36,332.24,338.07,89159092
2016-06-22,335.81,340.7,328.23,335.19,78677972
2016-06-23,331.87,338.78,330.21,337.4,138452536
2016-06-24,332.51,335.75,329.45,331.67,59870688
2016-06-25,327.86,336.63,321.55,328.18,83224272
2016-06-26,334.01,335.24,322.3,327.99,146976789
2016-06-27,328.77,330.27,328.22,328.87,143734598
2016-06-28,318.99,322.02,312.41,313.89,130367197
2016-06-29,315.52,319.3,311.39,315.64,151730865
2016-06-30,308.44,320.28,306.04,315.24,66678564
2016-07-01,324.32,335.62,310.84,319.01,121011531
2016-07-02,321.27,327.51,320.5,320.61,56469325
2016-07-03,328.35,331.1,322.4,323.27,141933105
2016-07-04,318.63,326.59,317.05,324.8,67811774
2016-07-05,334.27,340.23,333.0,335.49,116881416
2016-07-06,332.79,335.26,320.17,327.81,61938508
2016-07-07,329.38,332.1,319.28,326.99,131265639
2016-07-08,332.57,333.8,321.24,333.73,89075639
2016-07-09,339.37,343.42,337.54,340.62,148696968
2016-07-10,359.8,361.91,346.07,349.89,72143472
2016-07-11,357.45,358.0,348.0,350.8,122408669
2016-07-12,349.45,353.35,348.92,351.83,110201570
2016-07-13,370.45,371.26,368.89,369.4,77610382
2016-07-14,365.61,367.86,359.08,365.66,145119133
2016-07-15,360.18,370.56,357.97,367.56,101264062
2016-07-16,370.43,375.53,362.4,372.03,112182421
2016-07-17,364.74,366.97,363.86,365.39,162667580
2016-07-18,366.67,367.98,364.58,367.79,93326421
2016-07-19,370.17,376.2,364.83,365.81,117554151
2016-07-20,369.89,370.41,368.02,370.01,151238796
2016-07-21,353.84,370.79,344.4,363.49,121423859
2016-07-22,360.64,378.07,359.46,362.53,110589100
2016-07-23,368.49,370.91,368.32,368.6,116275239
2016-07-24,370.28,371.62,369.61,371.17,56500875
2016-07-25,372.91,395.49,367.97,379.23,99430375
2016-07-26,364.47,373.97,363.82,368.48,191365143
2016-07-27,371.77,374.55,370.95,373.69,137782783
2016-07-28,372.35,376.18,371.32,374.28,93430426
2016-07-29,382.41,387.92,370.08,373.09,90233526
2016-07-30,389.14,389.45,387.91,387.93,194555387
2016-07-31,376.14,388.24,375.98,384.27,123432945
2016-08-01,383.46,390.76,377.79,389.71,124023687
2016-08-02,393.39,394.06,392.21,392.95,120032822
2016-08-03,392.93,397.97,381.97,385.72,152428837
2016-08-04,392.15,402.07,390.39,392.47,102234833
2016-08-05,388.07,407.44,386.27,393.12,145375610
2016-08-06,396.74,398.32,375.69,395.12,76917112
2016-08-07,384.46,388.95,381.28,387.24,95635807
2016-08-08,386.24,401.98,378.89,385.62,123952406
2016-08-09,383.35,392.1,371.27,378.49,115749361
2016-08-10,377.73,379.44,373.64,379.06,71349800
2016-08-11,384.3,388.62,379.96,385.43,68934197
2016-08-12,384.2,384.64,378.8,380.82,115516480
2016-08-13,377.58,380.89,376.65,376.96,102999026
2016-08-14,385.57,386.29,383.37,383.74,174316220
2016-08-15,402.77,403.36,391.13,396.08,163527085
2016-08-16,394.77,406.82,393.0,399.56,149646517
2016-08-17,381.49,393.35,379.1,388.95,124698383
2016-08-18,380.17,384.73,376.31,380.49,90872735
2016-08-19,372.19,372.51,372.08,372.38,147304310
2016-08-20,379.92,385.47,378.91,382.79,74837633
2016-08-21,398.73,404.99,395.05,395.73,128237303
2016-08-22,406.47,406.75,398.44,403.59,160224625
2016-08-23,393.11,405.26,385.75,398.06,116919869
2016-08-24,403.98,405.58,396.58,400.58,114597695
2016-08-25,410.2,415.9,385.81,396.97,98497873
2016-08-26,409.61,410.64,408.01,409.67,108867635
2016-08-27,405.43,415.21,399.72,404.24,135637752
2016-08-28,405.04,411.15,401.2,410.01,75946184
2016-08-29,398.75,400.23,398.47,398.74,164664111
2016-08-30,389.7,390.28,389.67,390.05,165468896
2016-08-31,386.72,395.62,385.12,395.33,61995489
2016-09-01,391.87,401.53,390.97,396.46,92994014
2016-09-02,399.43,404.53,384.88,397.15,134405502
2016-09-03,394.14,403.35,386.61,399.43,63900169
2016-09-04,370.46,392.09,367.62,383.46,141742687
2016-09-05,382.66,392.72,382.41,392.39,111407403
2016-09-06,389.75,392.34,389.54,391.08,118939606
2016-09-07,407.74,416.33,401.81,406.47,136184861
2016-09-08,399.89,401.44,392.38,396.85,111793930
2016-09-09,398.61,402.21,388.91,390.36,110323879
2016-09-10,386.65,388.71,383.17,385.31,143652145
2016-09-11,389.9,390.44,379.85,387.86,150962168
2016-09-12,394.52,403.79,384.53,393.87,172512971
2016-09-13,401.39,403.71,374.24,390.87,55057203
2016-09-14,388.49,393.11,379.8,383.31,82389605
2016-09-15,371.85,379.96,370.41,378.43,127271736
2016-09-16,374.8,384.93,371.34,376.63,57336417
2016-09-17,374.07,383.95,373.68,382.51,153799121
2016-09-18,374.44,386.7,373.95,384.84,59670529
2016-09-19,381.63,381.7,378.8,380.61,99808695
2016-09-20,385.63,393.15,384.93,385.68,122587299
2016-09-21,385.67,388.75,382.06,385.0,113386381
2016-09-22,378.66,381.09,364.59,377.49,166971527
2016-09-23,376.5,386.23,364.73,379.71,114201641
2016-09-24,384.31,396.12,380.69,382.02,78722055
2016-09-25,379.89,382.42,363.14,374.23,163579304
2016-09-26,388.62,389.9,379.17,382.16,81648355
2016-09-27,371.37,377.75,363.13,374.47,175028371
2016-09-28,373.05,381.62,363.38,374.08,110175827
2016-09-29,378.71,379.35,364.75,372.41,104755605
2016-09-30,360.89,366.43,354.83,360.04,180842293
2016-10-01,354.15,359.79,350.84,356.58,155532164
2016-10-02,349.91,362.01,349.65,354.68,116993175
2016-10-03,345.31,347.25,342.04,342.07,186471739
2016-10-04,333.65,340.31,326.64,332.43,131602059
2016-10-05,334.51,337.49,333.89,334.83,147249639
2016-10-06,339.01,344.16,336.49,338.03,55037425
2016-10-07,334.05,346.13,329.52,340.38,58809543
2016-10-08,346.15,347.19,342.55,344.25,141323800
2016-10-09,348.31,354.57,344.27,345.36,63948880
2016-10-10,337.68,352.18,337.43,342.58,75888400
2016-10-11,329.45,337.12,325.74,334.4,142668826
2016-10-12,350.84,357.08,348.63,349.22,185774908
2016-10-13,342.44,343.91,339.6,340.42,181596379
2016-10-14,337.19,343.52,335.54,339.52,79169379
2016-10-15,337.06,340.55,334.52,338.0,70719544
2016-10-16,341.45,344.24,338.47,342.23,105511093
2016-10-17,338.28,338.7,328.7,336.16,83994737
2016-10-18,340.54,340.69,319.15,334.84,147298665
2016-10-19,330.49,330.73,320.93,327.19,169114901
2016-10-20,335.47,336.87,334.01,334.12,61142623
2016-10-21,330.25,335.53,322.63,328.44,170087902
2016-10-22,323.72,328.45,320.39,321.01,102528873
2016-10-23,318.58,323.38,317.18,321.73,55805763
2016-10-24,330.06,330.56,324.9,327.62,70075294
2016-10-25,334.86,345.83,327.92,334.47,72996383
2016-10-26,312.27,326.79,307.93,324.58,170068858
2016-10-27,325.25,325.59,323.27,323.51,128094039
2016-10-28,326.48,326.78,324.14,324.21,69938559
2016-10-29,316.05,321.06,300.74,317.69,166937941
2016-10-30,320.76,322.64,317.41,320.94,162431545
2016-10-31,316.13,321.83,316.08,321.67,56899945
2016-11-01,319.15,324.67,313.64,318.71,85534041
2016-11-02,317.94,318.92,312.7,313.31,79807505
2016-11-03,308.99,316.02,306.85,307.61,123000964
2016-11-04,302.91,305.92,300.06,305.02,102108685
2016-11-05,313.36,314.91,310.45,311.6,138398011
2016-11-06,308.22,317.43,308.03,314.69,159928377
2016-11-07,311.81,315.68,304.85,307.58,144250216
2016-11-08,305.42,309.64,305.13,309.07,143623557
2016-11-09,312.39,318.84,308.87,310.86,121069455
2016-11-10,314.94,316.64,314.52,316.41,166562788
2016-11-11,318.2,323.99,307.25,319.51,73616531
2016-11-12,320.28,320.32,318.42,318.99,133730120
2016-11-13,313.81,322.08,305.84,320.41,125791127
2016-11-14,328.57,332.35,320.28,325.03,147384890
2016-11-15,318.91,321.89,309.08,316.87,160877187
2016-11-16,321.37,337.12,312.86,322.47,147538813
2016-11-17,318.9,325.26,316.81,322.39,87998834
2016-11-18,326.76,326.97,324.88,326.57,130444079
2016-11-19,342.4,348.11,329.67,330.39,95176054
2016-11-20,329.25,332.27,328.1,328.65,138889549
2016-11-21,318.79,319.7,311.34,314.95,158174923
2016-11-22,312.8,318.44,310.62,317.98,123428768
2016-11-23,317.53,337.74,317.4,319.96,107036010
2016-11-24,301.62,308.84,299.1,305.81,144983194
2016-11-25,305.16,325.7,299.11,302.58,149739833
2016-11-26,297.56,308.0,295.44,300.89,121472893
2016-11-27,295.15,297.42,289.82,294.74,131275832
2016-11-28,291.15,291.57,289.16,290.28,114589626
2016-11-29,287.58,305.39,286.08,293.14,102730695
2016-11-30,291.11,295.4,282.9,290.24,98513422
2016-12-01,292.01,294.18,279.01,288.17,110323119
2016-12-02,292.46,293.1,290.24,290.28,62096857
2016-12-03,292.48,295.23,288.96,290.71,151341275
2016-12-04,297.0,306.77,293.7,295.27,134149242
2016-12-05,295.76,297.4,294.42,296.05,85620683
2016-12-06,309.64,317.62,294.91,304.59,78110107
2016-12-07,306.16,314.9,302.24,306.34,132352172
2016-12-08,303.58,304.69,292.76,301.08,172745536
2016-12-09,307.67,309.1,305.14,308.99,164354988
2016-12-10,313.38,314.65,302.81,311.4,75437383
2016-12-11,315.16,318.94,313.13,316.4,159450967
2016-12-12,308.1,310.69,302.94,309.49,176684929
2016-12-13,306.46,319.22,304.27,307.46,137929028
2016-12-14,308.79,310.72,305.96,308.49,77361328
2016-12-15,315.91,322.41,314.71,316.19,185803630
2016-12-16,317.59,322.65,310.03,318.09,119098145
2016-12-17,312.42,314.8,311.27,312.48,175190909
2016-12-18,311.19,311.31,309.91,310.27,114419869
2016-12-19,311.21,315.74,310.76,313.16,138382772
2016-12-20,314.52,316.62,310.55,315.25,92740364
2016-12-21,318.64,323.39,313.67,318.18,147552577
2016-12-22,316.37,317.48,309.37,314.78,84815792
2016-12-23,319.67,320.96,309.52,314.21,149318916
2016-12-24,307.49,308.24,304.1,306.45,64176268
2016-12-25,300.14,300.22,295.14,299.2,74605964
2016-12-26,292.11,293.86,280.4,289.26,79778989
2016-12-27,293.37,304.42,280.36,292.75,133545662
2016-12-28,295.67,298.14,287.38,297.6,103575610
2016-12-29,283.1,300.55,280.21,293.46,90512963
2016-12-30,294.68,298.0,292.64,294.45,63111557
2016-12-31,290.2,293.18,280.0,292.27,90734299
2017-01-01,297.64,300.81,289.37,295.42,114016380
2017-01-02,284.72,295.39,282.69,286.86,163341641
2017-01-03,279.07,283.95,277.05,280.46,70339435
2017-01-04,279.72,283.2,278.26,281.98,98956859
2017-01-05,285.67,286.52,280.87,283.93,154190046
2017-01-06,290.8,292.94,285.72,288.3,169493512
2017-01-07,287.2,289.3,282.42,288.44,71354581
2017-01-08,290.09,290.47,285.98,286.56,144134543
2017-01-09,295.35,298.29,290.21,292.88,169707298
2017-01-10,293.86,295.32,292.0,293.85,95197105
2017-01-11,297.19,297.95,290.07,293.5,90608221
2017-01-12,297.74,303.05,294.97,296.13,147465380
2017-01-13,306.37,309.25,297.32,297.37,108402676
2017-01-14,288.59,297.36,285.43,296.27,108416762
2017-01-15,301.51,303.4,295.15,295.92,151392171
2017-01-16,287.49,291.21,286.48,291.11,173111778
2017-01-17,282.19,292.85,277.77,289.42,151160383
2017-01-18,288.9,289.91,285.63,288.27,151575238
2017-01-19,290.47,293.63,289.97,291.03,146379521
2017-01-20,278.29,286.85,276.57,278.21,76631985
2017-01-21,273.58,283.78,273.04,280.24,121822645
2017-01-22,279.2,279.63,275.92,278.16,102571643
2017-01-23,275.87,276.14,273.96,276.04,86245650
2017-01-24,286.64,286.67,280.95,282.37,101276625
2017-01-25,272.45,280.08,270.03,273.0,87685184
2017-01-26,277.38,282.02,275.97,280.43,183973413
2017-01-27,274.51,280.62,270.4,277.05,139700631
2017-01-28,275.3,276.81,268.77,271.58,134731474
2017-01-29,269.24,271.39,266.93,267.08,168970144
2017-01-30,265.84,270.12,261.79,264.08,58791824
2017-01-31,268.18,269.98,265.76,266.91,87752492
2017-02-01,264.09,264.3,260.71,262.84,60448240
2017-02-02,262.87,274.01,251.95,262.38,105200797
2017-02-03,258.41,264.44,255.27,260.13,106810742
2017-02-04,265.83,266.87,261.13,264.19,163472364
2017-02-05,268.4,274.24,265.53,269.17,73205287
2017-02-06,272.17,274.98,265.06,269.05,97646507
2017-02-07,263.37,268.81,261.36,262.0,81603990
2017-02-08,262.77,264.41,258.46,262.72,122909594
2017-02-09,261.2,262.25,260.6,261.67,117392620
2017-02-10,272.06,274.57,258.64,267.43,141055933
2017-02-11,267.25,271.0,262.97,266.96,80971668
2017-02-12,269.55,272.88,255.16,270.27,110515053
2017-02-13,273.3,277.0,273.21,276.0,65072565
2017-02-14,273.11,285.62,272.87,275.23,153891417
2017-02-15,275.03,276.78,273.72,276.1,107699872
2017-02-16,270.37,273.86,269.64,273.82,161222185
2017-02-17,272.17,274.28,270.06,270.75,78198769
2017-02-18,264.53,275.68,259.89,274.02,134045159
2017-02-19,282.18,284.55,268.37,271.62,91307863
2017-02-20,263.38,278.1,258.49,274.48,135271483
2017-02-21,275.78,278.59,273.96,277.21,122368639
2017-02-22,286.89,298.73,278.97,279.04,110839996
2017-02-23,276.11,277.34,269.16,276.11,138165677
2017-02-24,279.33,289.05,274.34,277.32,102587786
2017-02-25,289.83,290.74,278.21,284.21,176776396
2017-02-26,283.05,284.55,282.41,283.34,124655972
2017-02-27,278.9,280.73,276.38,279.92,81055097
2017-02-28,279.38,282.97,274.92,279.77,68098192
2017-03-01,276.75,277.08,276.73,276.85,69208146
2017-03-02,275.99,286.3,272.97,279.86,126008983
2017-03-03,290.51,292.0,284.32,287.79,126076869
2017-03-04,280.78,281.78,279.18,281.45,161555768
2017-03-05,279.5,286.4,275.81,285.4,132171828
2017-03-06,288.68,297.23,278.82,287.66,61243935
2017-03-07,281.12,287.16,280.62,282.83,118855358
2017-03-08,276.76,283.41,276.3,278.11,71218081
2017-03-09,274.7,281.8,274.3,281.26,125381260
2017-03-10,282.08,284.8,279.27,283.12,54271636
2017-03-11,276.94,277.44,268.74,275.4,78359051
2017-03-12,272.9,276.2,271.75,274.34,146679436
2017-03-13,271.02,273.55,269.52,271.34,113881720
2017-03-14,268.3,274.46,266.8,267.32,71941214
2017-03-15,267.84,272.24,267.23,270.89,155405881
2017-03-16,261.21,273.21,257.94,271.55,148412176
2017-03-17,266.42,272.23,264.68,270.47,79800309
2017-03-18,273.86,278.63,270.65,270.79,80891098
2017-03-19,282.44,284.18,273.53,283.01,112706086
2017-03-20,275.14,275.79,273.46,274.78,124573995
2017-03-21,277.25,277.93,274.28,276.39,120355055
2017-03-22,289.65,290.94,285.82,288.06,121571195
2017-03-23,286.47,294.8,285.77,289.46,96719985
2017-03-24,297.41,298.09,294.12,294.23,170099453
2017-03-25,290.54,292.49,284.53,287.35,118546194
2017-03-26,283.67,285.6,279.1,280.56,101289148
2017-03-27,276.03,278.64,271.26,275.41,167517284
2017-03-28,280.16,285.97,280.07,280.57,101743528
2017-03-29,281.15,285.61,280.43,284.44,157059458
2017-03-30,275.44,279.85,269.56,275.49,189811076
2017-03-31,277.31,279.67,274.76,276.51,64989686
2017-04-01,272.98,276.82,268.83,272.07,154835024
2017-04-02,274.41,274.64,270.71,271.21,153589009
2017-04-03,266.61,274.71,266.12,273.21,62622186
2017-04-04,266.19,271.27,264.58,269.92,137616377
2017-04-05,263.68,269.39,263.54,266.58,147660624
2017-04-06,266.99,267.89,264.74,267.71,78182804
2017-04-07,264.28,267.46,262.94,265.04,93644187
2017-04-08,267.63,270.54,260.96,265.2,56787045
2017-04-09,264.49,270.23,263.34,264.85,134410965
2017-04-10,261.71,264.72,244.43,257.39,185328666
2017-04-11,263.18,263.42,258.95,259.34,88755704
2017-04-12,253.59,255.85,252.49,252.71,136642487
2017-04-13,247.29,252.19,245.77,246.91,75221231
2017-04-14,257.31,261.45,251.76,253.71,139516609
2017-04-15,255.03,258.3,254.72,255.53,84938562
2017-04-16,264.71,272.51,263.99,269.52,126803892
2017-04-17,267.62,277.6,265.27,270.77,74547234
2017-04-18,275.14,276.42,270.41,270.92,134511969
2017-04-19,276.08,277.55,272.52,275.14,149911065
2017-04-20,268.36,276.8,266.22,274.14,99850552
2017-04-21,276.66,278.56,268.95,277.52,83572823
2017-04-22,288.87,293.43,280.66,284.28,70135879
2017-04-23,292.19,294.92,289.64,290.42,105865313
2017-04-24,291.6,291.84,284.81,287.22,119698032
2017-04-25,304.25,311.39,286.69,299.77,81789714
2017-04-26,294.48,297.05,291.98,293.1,96728597
2017-04-27,293.57,293.92,285.78,290.06,127528305
2017-04-28,293.81,295.69,288.27,291.24,137431740
2017-04-29,301.36,303.93,292.77,295.34,148941114
2017-04-30,300.22,300.37,299.5,299.58,115730769
2017-05-01,300.36,301.88,297.18,299.47,129058700
2017-05-02,296.69,297.3,294.63,295.26,140578352
2017-05-03,300.41,301.28,297.28,298.18,114806745
2017-05-04,305.74,307.46,299.92,300.43,154658561
2017-05-05,301.14,306.02,295.0,298.12,102290777
2017-05-06,285.18,304.23,275.87,296.75,69687782
2017-05-07,295.79,302.05,291.55,294.69,77818202
2017-05-08,280.14,288.58,280.05,285.34,91258273
2017-05-09,273.18,282.76,270.25,279.07,76307708
2017-05-10,263.36,283.75,261.24,276.99,155511818
2017-05-11,286.45,291.83,280.64,282.13,91735216
2017-05-12,280.49,281.31,274.89,277.42,61059368
2017-05-13,276.26,283.02,264.51,272.08,123634007
2017-05-14,269.83,269.89,265.49,265.67,80036114
2017-05-15,271.09,272.86,270.3,270.46,98568341
2017-05-16,263.99,265.29,262.53,263.94,164166579
2017-05-17,267.74,270.01,260.4,261.63,98233869
2017-05-18,253.43,256.53,253.2,255.29,84196792
2017-05-19,261.33,262.21,255.71,259.18,91727089
2017-05-20,258.51,265.49,257.22,259.68,56659126
2017-05-21,258.13,258.24,256.14,256.16,95927085
2017-05-22,266.26,267.17,251.89,258.81,76287340
2017-05-23,245.73,256.92,243.62,248.54,104778799
2017-05-24,250.07,255.74,246.61,248.73,136587304
2017-05-25,249.67,254.16,248.85,253.02,135324832
2017-05-26,250.76,263.91,245.64,256.31,137091904
2017-05-27,254.37,258.09,253.92,256.7,124950413
2017-05-28,253.26,266.28,251.34,263.53,128631701
2017-05-29,262.72,265.39,258.07,261.01,67519546
2017-05-30,261.92,262.27,253.4,259.59,127461570
2017-05-31,259.98,262.34,254.91,256.16,73924392
2017-06-01,264.52,267.12,253.92,255.37,148465458
2017-06-02,264.15,264.38,256.89,262.92,162110201
2017-06-03,259.77,263.25,256.44,260.35,103289017
2017-06-04,264.75,267.74,263.26,266.65,131326704
2017-06-05,260.7,265.55,255.72,261.82,130002653
2017-06-06,266.18,270.92,263.96,267.01,140736739
2017-06-07,268.81,271.87,264.35,268.7,116222329
2017-06-08,256.89,264.69,254.6,261.7,149316759
2017-06-09,260.04,264.51,257.36,261.64,85609357
2017-06-10,269.95,273.97,259.75,262.43,73442174
2017-06-11,259.2,261.54,254.29,260.06,89017744
2017-06-12,261.96,266.28,257.95,261.17,74709934
2017-06-13,255.66,258.99,254.84,256.48,81706002
2017-06-14,258.76,260.68,255.7,259.47,115274908
2017-06-15,245.5,260.19,245.15,257.71,159005377
2017-06-16,260.17,277.49,253.17,261.97,118761490
2017-06-17,249.5,260.96,247.83,259.87,92904138
2017-06-18,258.33,259.67,255.96,259.52,136478046
2017-06-19,250.55,254.11,250.54,253.88,182891880
2017-06-20,246.22,254.93,242.5,245.64,100292525
2017-06-21,250.85,250.92,242.73,244.21,92125908
2017-06-22,242.97,244.07,242.43,243.83,79758172
2017-06-23,245.54,245.86,242.17,244.51,99830331
2017-06-24,239.82,246.32,238.83,239.6,145780250
2017-06-25,233.76,239.85,232.83,235.53,60446648
2017-06-26,239.7,246.04,223.36,237.34,72894168
2017-06-27,228.76,240.92,228.13,234.54,156426221
2017-06-28,229.48,234.96,228.85,231.55,101338657
2017-06-29,232.03,238.13,230.25,231.97,122876403
2017-06-30,224.28,224.81,220.52,222.38,76841635
2017-07-01,220.93,223.76,219.07,221.26,61110764
2017-07-02,214.9,220.85,214.55,220.13,53443678
2017-07-03,212.31,219.92,212.19,216.0,161352894
2017-07-04,214.46,216.89,212.91,214.93,54833676
2017-07-05,215.16,216.84,214.2,214.78,137372482
2017-07-06,214.5,215.61,214.11,215.58,120943489
2017-07-07,218.33,219.6,211.68,215.9,58949061
2017-07-08,213.04,215.75,212.57,212.91,155976056
2017-07-09,209.03,210.03,205.61,205.72,187919326
2017-07-10,203.48,207.81,202.88,204.33,147792409
2017-07-11,205.7,209.36,201.87,207.14,155423493
2017-07-12,216.87,218.45,212.31,212.4,139374766
2017-07-13,214.07,216.1,206.42,211.26,85125707
2017-07-14,214.74,216.59,212.33,212.69,139441461
2017-07-15,213.11,222.16,210.82,211.94,62795474
2017-07-16,210.58,210.84,207.67,209.08,90362087
2017-07-17,203.91,212.31,202.76,209.4,76334548
2017-07-18,205.91,210.19,202.12,206.72,77893003
2017-07-19,208.73,209.63,208.01,208.36,58652285
2017-07-20,206.94,208.26,206.86,207.19,53722275
2017-07-21,206.77,208.29,205.1,207.54,126452792
2017-07-22,204.53,212.03,199.45,207.34,118769708
2017-07-23,202.33,214.99,202.31,205.42,141735986
2017-07-24,205.0,206.77,203.13,204.09,102299945
2017-07-25,206.15,213.49,201.87,205.75,102974667
2017-07-26,210.48,214.67,207.05,207.86,149745278
2017-07-27,207.87,209.01,201.3,208.5,128170839
2017-07-28,208.87,209.64,205.52,208.74,104710239
2017-07-29,208.82,215.47,207.25,209.89,123606171
2017-07-30,203.92,205.71,203.14,205.17,132430643
2017-07-31,202.36,205.76,202.32,203.75,87831589
2017-08-01,201.37,204.36,196.63,203.96,133407162
2017-08-02,202.98,205.22,200.38,202.54,76472314
2017-08-03,203.65,205.36,202.19,203.56,105358279
2017-08-04,194.77,200.36,189.98,197.58,114185788
2017-08-05,197.8,198.72,193.15,193.77,135360780
2017-08-06,183.24,193.16,181.45,187.46,101036687
2017-08-07,191.27,191.66,184.99,189.79,94767557
2017-08-08,182.51,187.86,181.09,185.14,116491527
2017-08-09,182.51,185.27,182.2,185.02,85397008
2017-08-10,184.64,185.48,183.25,184.97,59308633
2017-08-11,186.85,189.74,185.3,189.19,71628864
2017-08-12,190.24,191.07,190.18,190.19,70353186
2017-08-13,185.86,190.16,184.59,186.67,153843076
2017-08-14,185.7,188.65,185.01,187.16,54754877
2017-08-15,186.42,186.75,185.51,186.51,143838159
2017-08-16,182.23,185.0,181.6,184.65,67792785
2017-08-17,184.75,185.3,181.73,182.33,86369299
2017-08-18,185.66,185.85,184.67,185.02,64710633
2017-08-19,188.35,193.39,187.29,187.84,67766675
2017-08-20,196.05,197.39,194.38,194.42,144170047
2017-08-21,194.7,195.62,194.26,195.24,141236878
2017-08-22,192.33,193.23,191.49,192.73,89574474
2017-08-23,191.6,195.7,189.71,193.18,78612926
2017-08-24,196.89,200.46,191.43,193.13,128114188
2017-08-25,192.19,192.41,191.14,192.22,151921508
2017-08-26,195.47,198.54,193.53,195.21,145166492
2017-08-27,191.79,201.04,186.43,193.24,126051636
2017-08-28,195.62,196.49,195.02,196.35,77931020
2017-08-29,200.94,205.44,198.61,199.13,140894543
2017-08-30,196.01,197.65,194.93,196.74,161177851
2017-08-31,198.08,199.59,197.4,199.56,61688654
2017-09-01,197.51,199.36,196.64,197.29,115231150
2017-09-02,191.26,194.89,185.84,194.68,163551475
2017-09-03,189.03,190.55,186.8,189.5,175828744
2017-09-04,185.51,188.33,182.14,186.56,123737774
2017-09-05,186.99,188.61,186.24,187.07,85566802
2017-09-06,189.52,191.38,188.77,189.9,79685731
2017-09-07,187.48,191.97,185.09,188.67,133359070
2017-09-08,187.09,188.84,186.4,188.17,72491738
2017-09-09,186.93,190.09,177.69,186.18,156292922
2017-09-10,182.49,186.81,180.33,186.27,71266752
2017-09-11,183.87,190.33,180.21,187.33,88062283
2017-09-12,187.49,194.92,182.17,190.91,99506227
2017-09-13,190.63,191.11,185.1,189.59,83058150
2017-09-14,197.83,198.92,194.89,196.74,147553672
2017-09-15,194.3,196.49,185.53,196.44,92511408
2017-09-16,198.03,198.87,197.64,198.42,99314566
2017-09-17,195.93,198.87,194.88,196.73,101990839
2017-09-18,202.99,203.06,202.71,203.05,181034601
2017-09-19,203.2,204.6,199.54,202.59,60985309
2017-09-20,197.46,201.84,195.52,197.89,66326890
2017-09-21,199.18,208.56,198.36,205.29,117418024
2017-09-22,200.16,208.2,196.04,202.49,115183096
2017-09-23,198.64,201.71,196.36,197.53,119829029
2017-09-24,194.52,194.79,194.46,194.67,171036658
2017-09-25,192.88,194.61,192.02,192.44,120138824
2017-09-26,194.17,198.79,193.8,196.3,174005658
2017-09-27,197.41,203.27,196.53,198.52,59319631
2017-09-28,198.26,201.71,191.02,196.17,105823211
2017-09-29,198.28,199.38,196.7,196.99,134882082
2017-09-30,194.33,196.02,191.79,192.95,126903323
2017-10-01,192.03,193.66,189.2,193.52,120527645
2017-10-02,184.35,186.83,184.33,185.77,101986036
2017-10-03,184.56,186.53,183.88,185.94,52174158
2017-10-04,187.33,188.26,182.59,182.6,61800445
2017-10-05,191.18,191.36,184.07,187.24,71659369
2017-10-06,183.33,187.12,181.26,185.94,101656704
2017-10-07,186.7,186.74,183.26,185.16,82805244
2017-10-08,187.85,194.44,187.6,189.23,174327512
2017-10-09,180.06,196.11,176.47,183.5,136268101
2017-10-10,182.82,184.84,181.62,183.87,76156492
2017-10-11,184.15,187.65,176.48,181.45,119873111
2017-10-12,180.96,182.08,178.31,180.21,117909485
2017-10-13,178.92,182.92,178.8,180.19,63490923
2017-10-14,186.84,188.56,183.97,185.52,113513548
2017-10-15,191.49,195.74,190.91,191.34,119670025
2017-10-16,189.58,193.03,188.57,191.4,57823417
2017-10-17,197.37,197.73,195.06,195.58,61776152
2017-10-18,194.48,195.72,194.44,194.77,67086883
2017-10-19,194.48,202.94,193.43,196.83,112439456
2017-10-20,201.28,202.99,199.0,202.02,130906657
2017-10-21,197.33,206.63,194.1,200.04,104411654
2017-10-22,206.91,208.17,200.89,205.38,101896355
2017-10-23,207.58,209.44,205.69,206.91,109051384
2017-10-24,210.82,212.45,210.16,210.99,147355075
2017-10-25,213.39,214.35,206.44,208.98,157545569
2017-10-26,206.75,209.94,204.81,208.37,146750335
2017-10-27,209.13,209.9,207.74,208.28,125140635
2017-10-28,213.86,217.41,211.54,215.53,79884859
2017-10-29,221.91,221.95,219.17,219.23,98529426
2017-10-30,219.47,220.81,217.75,218.24,81927979
2017-10-31,215.48,216.07,214.98,215.17,159071444
2017-11-01,222.63,225.98,220.28,221.28,105854303
2017-11-02,220.21,225.12,219.19,220.63,144098763
2017-11-03,219.59,221.81,216.3,221.24,97258664
2017-11-04,236.01,238.48,224.46,228.57,73961525
2017-11-05,219.11,220.94,217.33,220.43,90229076
2017-11-06,228.41,232.19,220.54,224.11,107784234
2017-11-07,217.34,220.07,216.98,217.81,115818068
2017-11-08,222.64,227.98,212.12,216.92,95277982
2017-11-09,220.9,221.55,215.62,219.9,73468365
2017-11-10,221.5,222.54,220.54,221.01,56790088
2017-11-11,217.77,220.01,215.86,219.44,136716473
2017-11-12,217.01,217.58,216.79,217.07,79653054
2017-11-13,215.06,215.24,213.18,213.69,171220167
2017-11-14,213.64,217.93,212.56,213.77,133482232
2017-11-15,210.82,213.87,209.8,209.96,61048311
2017-11-16,202.27,209.86,198.89,204.35,72596340
2017-11-17,200.22,205.03,200.02,202.4,161545283
2017-11-18,203.45,203.93,200.57,202.95,55863360
2017-11-19,201.78,204.25,200.19,203.57,136926725
2017-11-20,198.03,200.09,198.01,198.63,75806475
2017-11-21,201.85,204.5,198.39,201.88,94000607
2017-11-22,202.55,207.72,202.15,205.55,141336242
2017-11-23,200.6,203.4,200.31,202.99,160246877
2017-11-24,202.06,204.08,200.88,201.99,65435342
2017-11-25,199.75,208.56,195.74,198.36,124888969
2017-11-26,196.11,199.12,195.84,196.54,63516614
2017-11-27,196.8,203.16,194.37,202.51,134774999
2017-11-28,203.12,203.13,200.34,201.23,102384435
2017-11-29,198.72,200.32,198.37,200.23,71360166
2017-11-30,198.17,202.66,196.17,196.64,116318643
2017-12-01,196.12,202.06,195.35,200.64,88624545
2017-12-02,197.26,199.89,194.48,197.09,65466629
2017-12-03,185.33,188.79,180.64,186.02,170354651
2017-12-04,185.97,191.81,182.49,183.63,75561098
2017-12-05,182.53,183.9,178.86,179.0,72841487
2017-12-06,177.18,177.88,175.05,177.64,68634886
2017-12-07,171.22,174.28,167.97,173.9,113604607
2017-12-08,175.84,176.91,174.87,176.27,82590880
2017-12-09,165.53,175.62,161.73,170.71,175905802
2017-12-10,176.71,177.11,173.26,174.27,137291267
2017-12-11,170.78,171.34,169.26,170.23,173247466
2017-12-12,170.66,171.6,167.45,169.1,115779585
2017-12-13,174.24,178.4,172.04,176.1,72032435
2017-12-14,173.69,178.89,168.01,174.26,132101221
2017-12-15,173.8,179.69,172.1,179.04,155393500
2017-12-16,181.91,184.1,180.3,182.69,174780361
2017-12-17,185.95,186.38,180.28,182.48,117207525
2017-12-18,182.07,184.51,179.39,182.98,79825467
2017-12-19,182.41,185.62,176.16,182.39,143919658
2017-12-20,185.92,186.27,185.28,185.32,133294457
2017-12-21,185.47,190.07,180.21,186.45,88089683
2017-12-22,182.27,188.56,181.52,186.52,83573684
2017-12-23,186.31,189.7,185.71,188.59,143418931
2017-12-24,181.75,183.92,179.31,181.89,201710749
2017-12-25,176.92,178.47,171.34,177.22,85022661
2017-12-26,179.38,185.2,169.78,176.19,119216041
2017-12-27,174.92,176.63,174.65,175.65,103558135
2017-12-28,178.14,178.92,177.75,178.52,173303054
2017-12-29,177.92,178.78,177.51,177.56,111363014
2017-12-30,178.46,180.73,175.66,178.89,134531609
2017-12-31,188.34,189.95,179.0,184.28,122695332
2018-01-01,181.16,187.79,180.63,181.9,92513438
2018-01-02,177.05,179.37,176.85,178.18,60409034
2018-01-03,178.19,183.2,176.05,181.83,151079570
2018-01-04,179.66,182.9,176.51,177.89,93745339
2018-01-05,183.02,183.55,182.72,183.08,159396783
2018-01-06,185.38,186.93,180.74,181.5,54357142
2018-01-07,183.75,188.11,180.98,183.6,106183824
2018-01-08,187.69,188.91,185.52,187.02,71392597
2018-01-09,179.05,179.88,176.55,176.65,150175198
2018-01-10,172.35,173.21,172.17,173.14,155788128
2018-01-11,188.77,190.28,173.58,175.75,146312551
2018-01-12,177.24,181.31,176.46,179.52,112219475
2018-01-13,176.47,179.85,173.14,178.84,113144921
2018-01-14,185.11,187.16,179.41,180.73,124601832
2018-01-15,181.4,183.94,179.91,181.21,101541555
2018-01-16,184.42,185.06,179.91,182.82,74752425
2018-01-17,181.92,186.32,180.29,181.74,96236563
2018-01-18,187.7,188.07,187.49,187.76,151256037
2018-01-19,187.74,197.81,187.24,189.25,118350945
2018-01-20,186.82,188.38,184.52,187.77,131718233
2018-01-21,178.3,178.82,176.7,178.24,98643664
2018-01-22,170.95,174.31,170.8,171.6,80511578
2018-01-23,173.83,174.03,173.24,173.35,142221337
2018-01-24,181.83,185.78,180.02,182.18,119318574
2018-01-25,177.16,181.23,176.41,179.67,102054581
2018-01-26,172.28,178.1,171.87,175.2,118486281
2018-01-27,171.82,173.64,171.1,171.5,170442296
2018-01-28,166.69,168.1,165.66,167.49,83938373
2018-01-29,168.53,173.57,166.05,169.12,68329806
2018-01-30,169.5,171.52,168.05,169.67,102359240
2018-01-31,165.95,169.69,158.47,167.51,135857011
2018-02-01,170.16,172.56,162.0,166.95,130256737
2018-02-02,167.33,167.46,166.98,167.33,66998807
2018-02-03,173.05,173.26,169.27,169.75,87452171
2018-02-04,166.85,170.94,164.68,165.82,147929934
2018-02-05,170.04,171.27,168.01,170.23,158552660
2018-02-06,165.84,169.14,163.45,168.42,91436054
2018-02-07,168.04,174.25,165.37,170.57,150115989
2018-02-08,169.81,174.33,166.76,171.96,78282985
2018-02-09,171.5,173.47,168.69,172.14,84640937
2018-02-10,174.89,177.01,172.85,175.82,141491160
2018-02-11,176.63,180.01,168.96,177.91,147895610
2018-02-12,182.18,182.4,178.82,180.12,88733138
2018-02-13,178.03,178.65,174.68,177.77,135706875
2018-02-14,175.62,179.05,171.7,176.8,78245221
2018-02-15,174.07,174.88,171.46,173.03,88727592
2018-02-16,170.6,171.54,170.58,171.21,92111469
2018-02-17,169.69,171.22,168.07,170.05,85781358
2018-02-18,167.37,169.57,166.86,169.23,79797846
2018-02-19,173.44,177.69,170.98,174.28,167609797
2018-02-20,173.45,174.53,173.25,173.38,64157986
2018-02-21,178.4,181.9,178.33,180.64,75215260
2018-02-22,182.21,183.11,182.1,182.85,92780525
2018-02-23,182.03,182.13,180.5,181.21,80188980
2018-02-24,176.66,179.18,176.25,178.56,161576664
2018-02-25,169.82,169.85,166.7,168.32,221447251
2018-02-26,177.65,178.03,165.66,170.86,99263513
2018-02-27,162.23,165.83,161.91,164.98,138082674
2018-02-28,158.24,165.42,157.23,163.49,77977207
2018-03-01,158.36,158.57,157.03,158.12,140060173
2018-03-02,157.18,157.31,156.34,156.87,94882639
2018-03-03,158.16,159.81,157.74,158.22,76749794
2018-03-04,149.63,155.37,148.64,153.32,67870925
2018-03-05,151.13,155.44,147.48,152.52,116630716
2018-03-06,156.88,159.46,151.9,157.42,145791429
2018-03-07,159.52,163.16,158.69,158.87,127332305
2018-03-08,160.16,161.08,158.18,158.79,71018867
2018-03-09,162.44,164.54,160.72,160.97,131656506
2018-03-10,156.23,159.52,156.09,159.02,60923280
2018-03-11,155.31,159.71,154.03,156.57,153180383
2018-03-12,156.36,156.57,151.72,152.88,147586284
2018-03-13,155.22,155.71,154.99,155.0,135681761
2018-03-14,152.97,154.29,151.94,153.12,83730480
2018-03-15,156.19,158.41,151.42,154.6,95631662
2018-03-16,155.42,160.8,151.13,153.55,117716102
2018-03-17,153.84,154.65,153.75,154.37,60064265
2018-03-18,149.88,156.33,146.84,150.66,84710344
2018-03-19,144.54,149.85,143.65,146.88,179262307
2018-03-20,154.21,154.85,146.36,150.4,110352185
2018-03-21,152.97,153.9,152.42,153.36,113248164
2018-03-22,161.95,162.74,156.61,158.06,94258846
2018-03-23,161.66,162.96,153.59,158.32,52482435
2018-03-24,156.51,157.72,156.21,157.11,97606530
2018-03-25,154.93,156.57,150.8,153.37,107088882
2018-03-26,150.95,155.33,149.48,151.67,139694325
2018-03-27,148.5,149.7,148.31,148.98,119531018
2018-03-28,146.53,148.13,145.85,147.5,75861984
2018-03-29,143.12,149.0,140.83,145.06,135305952
2018-03-30,147.72,149.93,147.02,148.71,107873871
2018-03-31,147.69,150.08,147.09,149.96,70494001
2018-04-01,148.66,150.25,143.4,144.53,77932057
2018-04-02,144.21,148.62,142.51,143.59,96740310
2018-04-03,140.49,141.75,139.84,141.62,158088017
2018-04-04,144.75,147.73,144.28,145.24,184094646
2018-04-05,141.08,141.9,137.38,141.74,125962714
2018-04-06,141.03,145.53,135.62,140.63,118071132
2018-04-07,140.97,141.69,140.38,141.22,63410219
2018-04-08,138.55,143.81,137.95,141.1,141835821
2018-04-09,144.05,144.47,142.23,142.83,59062592
2018-04-10,143.64,144.58,143.11,143.88,104288376
2018-04-11,139.79,140.64,138.93,139.39,123388043
2018-04-12,136.48,137.8,135.83,137.55,127767641
2018-04-13,138.05,139.75,137.94,137.96,142529061
2018-04-14,139.84,140.04,138.8,138.83,78129573
2018-04-15,141.23,142.67,138.34,138.9,89478123
2018-04-16,138.68,139.09,136.74,138.72,62818984
2018-04-17,136.65,137.03,136.57,136.86,77705696
2018-04-18,138.88,139.95,136.11,137.17,64215181
2018-04-19,141.77,141.87,140.93,141.08,115523810
2018-04-20,141.27,141.57,140.27,140.49,93190833
2018-04-21,143.89,144.53,142.6,143.27,148738788
2018-04-22,146.05,149.44,144.73,145.46,71483289
2018-04-23,141.74,143.99,141.24,143.38,79469037
2018-04-24,145.73,147.38,142.34,146.08,126417460
2018-04-25,146.45,147.2,142.64,145.87,131554122
2018-04-26,145.16,147.66,144.07,145.97,71114031
2018-04-27,146.66,150.75,141.59,147.58,147317985
2018-04-28,145.71,146.96,144.84,146.93,104039166
2018-04-29,153.06,153.92,148.02,149.76,87656246
2018-04-30,150.58,152.39,147.73,149.53,134331702
2018-05-01,146.66,148.26,143.41,146.75,159016477
2018-05-02,148.5,148.69,148.04,148.41,62629907
2018-05-03,148.51,148.82,143.97,145.98,127121267
2018-05-04,149.9,150.19,149.19,149.32,180308809
2018-05-05,148.29,149.5,147.88,149.3,137913626
2018-05-06,152.94,155.98,148.37,152.36,124290251
2018-05-07,150.5,152.64,150.21,150.51,56538087
2018-05-08,147.45,148.17,144.66,147.92,111068378
2018-05-09,148.96,149.7,147.97,148.25,148762607
2018-05-10,150.47,153.03,149.41,149.64,77459555
2018-05-11,147.32,147.65,145.83,146.29,124541327
2018-05-12,148.18,149.28,146.71,146.78,77909875
2018-05-13,147.06,147.98,139.86,143.22,146912468
2018-05-14,140.45,145.5,140.34,144.49,98865904
2018-05-15,148.36,150.34,143.54,145.27,57448338
2018-05-16,142.84,142.93,139.39,142.72,132887637
2018-05-17,141.86,144.86,139.02,140.71,111731524
2018-05-18,143.05,143.09,141.51,142.39,155610523
2018-05-19,139.97,142.55,138.63,139.2,150171942
2018-05-20,141.71,141.81,136.8,140.01,122420136
2018-05-21,140.95,143.6,138.06,140.38,76740803
2018-05-22,139.29,139.34,139.07,139.24,125679309
2018-05-23,140.37,141.33,139.87,139.92,130254480
2018-05-24,137.46,140.2,136.82,139.56,85638631
2018-05-25,139.4,142.77,137.36,139.97,140032447
2018-05-26,139.49,144.11,138.98,139.66,133019166
2018-05-27,142.42,144.95,140.37,142.5,169521253
2018-05-28,144.05,145.9,143.73,144.46,157107821
2018-05-29,150.06,150.29,149.8,149.9,70780661
2018-05-30,148.72,152.28,148.61,149.23,151979071
2018-05-31,144.71,145.49,144.63,145.26,154025050
2018-06-01,141.33,148.22,141.0,144.29,141415186
2018-06-02,146.96,147.75,144.78,146.03,127270083
2018-06-03,142.67,143.05,140.23,141.79,92943390
2018-06-04,142.2,144.29,141.11,141.58,59819702
2018-06-05,142.92,144.28,138.76,140.29,105194053
2018-06-06,142.98,143.97,138.86,140.31,109285143
2018-06-07,140.83,142.39,136.69,140.3,116136847
2018-06-08,143.14,143.98,142.04,142.2,103500134
2018-06-09,148.55,150.62,146.64,147.21,110733222
2018-06-10,149.65,150.69,144.38,149.74,93164750
2018-06-11,152.49,154.85,150.12,152.35,173065684
2018-06-12,148.4,149.04,148.07,148.73,163520663
2018-06-13,147.25,149.38,145.87,147.0,116941019
2018-06-14,142.87,144.2,138.97,143.89,155409484
2018-06-15,140.84,141.32,138.77,139.86,104730173
2018-06-16,137.99,142.12,137.42,139.33,56686581
2018-06-17,137.99,139.45,135.5,139.41,106839168
2018-06-18,139.05,140.97,137.45,138.18,66348022
2018-06-19,133.35,137.54,132.0,136.29,170649715
2018-06-20,136.96,140.35,133.96,136.5,55358064
2018-06-21,140.54,141.98,137.39,141.51,141659773
2018-06-22,140.51,141.85,140.27,140.49,142421605
2018-06-23,137.38,138.55,136.73,136.84,177941273
2018-06-24,136.82,138.3,136.71,137.04,57296389
2018-06-25,137.45,138.99,136.64,138.02,118920926
2018-06-26,139.24,141.23,134.97,136.5,55696565
2018-06-27,132.93,136.7,132.66,132.82,100507904
2018-06-28,134.17,137.37,134.06,136.35,177646700
2018-06-29,135.64,139.66,135.14,137.52,148534529
2018-06-30,136.16,137.45,133.78,136.36,110681160
2018-07-01,134.89,136.71,134.05,134.52,115142501
2018-07-02,131.65,133.15,129.64,131.44,129952225
2018-07-03,130.24,132.77,127.91,130.75,82427076
2018-07-04,130.69,134.09,129.8,130.25,147273488
2018-07-05,136.66,137.25,129.69,133.93,153595742
2018-07-06,134.83,136.59,132.04,135.39,57726583
2018-07-07,134.02,135.22,133.22,134.25,123339147
2018-07-08,140.89,140.96,130.87,134.28,112212122
2018-07-09,133.54,133.64,132.77,133.35,157506719
2018-07-10,132.7,132.93,131.22,132.67,134957792
2018-07-11,122.96,131.75,122.95,130.58,98994931
2018-07-12,138.46,138.62,128.52,134.3,103579818
2018-07-13,134.53,137.01,134.46,135.47,93635151
2018-07-14,134.27,135.01,132.55,134.24,147523928
2018-07-15,131.5,132.21,130.86,131.49,154262866
2018-07-16,133.93,134.46,132.82,134.23,140926038
2018-07-17,134.22,138.62,132.82,135.26,152633130
2018-07-18,135.42,135.72,134.02,134.39,91977623
2018-07-19,132.67,133.87,131.65,132.97,136173029
2018-07-20,128.95,133.04,125.73,131.2,122833776
2018-07-21,131.48,134.63,130.5,132.37,159882197
2018-07-22,135.91,136.36,130.52,131.25,103212467
2018-07-23,132.85,135.69,130.22,130.39,149569025
2018-07-24,127.56,131.35,127.49,129.25,107396388
2018-07-25,129.06,131.31,125.59,126.62,152942531
2018-07-26,127.59,128.94,126.36,126.53,131296666
2018-07-27,127.08,127.31,127.03,127.07,130421921
2018-07-28,129.98,130.7,127.8,129.09,159948525
2018-07-29,126.64,129.56,122.7,128.36,75901961
2018-07-30,127.91,128.57,122.27,127.76,148249520
2018-07-31,130.42,132.64,129.53,130.55,101291695
2018-08-01,131.02,132.3,129.6,130.96,75634847
2018-08-02,133.81,134.22,128.81,130.85,106252503
2018-08-03,129.57,131.98,129.34,129.49,151458411
2018-08-04,130.69,131.01,124.34,130.68,91467190
2018-08-05,132.03,134.35,131.66,132.0,84120951
2018-08-06,125.74,133.32,125.13,130.85,153813878
2018-08-07,132.95,134.61,132.64,133.74,72125072
2018-08-08,128.88,134.69,126.04,131.14,150055155
2018-08-09,138.61,140.9,137.66,137.97,79858442
2018-08-10,136.6,139.96,134.98,136.63,107237253
2018-08-11,136.12,142.34,134.71,136.32,91942210
2018-08-12,135.2,135.87,132.67,133.23,178164192
2018-08-13,131.5,131.94,131.49,131.54,89782263
2018-08-14,130.2,134.47,129.1,131.49,77476612
2018-08-15,127.27,130.52,127.04,128.37,103219653
2018-08-16,127.16,129.29,127.01,127.18,102875004
2018-08-17,129.14,130.11,127.41,128.32,67104024
2018-08-18,135.42,136.28,134.07,135.74,153852201
2018-08-19,136.85,137.01,130.11,133.84,121051840
2018-08-20,132.69,137.62,131.74,134.43,155252988
2018-08-21,135.74,136.52,130.47,134.29,87436969
2018-08-22,137.38,140.35,134.5,135.5,129593543
2018-08-23,132.61,133.05,131.18,132.56,63169778
2018-08-24,129.78,133.4,129.65,131.91,111438047
2018-08-25,133.44,134.11,129.59,131.06,141405369
2018-08-26,137.92,138.6,136.74,136.93,106506986
2018-08-27,139.92,140.96,136.15,140.75,160815154
2018-08-28,137.92,139.36,134.22,136.98,123885770
2018-08-29,146.99,147.1,140.92,144.06,220921466
2018-08-30,145.44,148.05,139.46,142.16,56873560
2018-08-31,145.84,148.1,145.62,146.47,90943720
2018-09-01,150.58,151.92,147.82,147.84,110125521
2018-09-02,148.26,150.21,145.11,148.91,122299441
2018-09-03,147.27,149.15,145.9,147.29,154683308
2018-09-04,144.64,147.41,144.52,145.94,75189434
2018-09-05,144.96,146.37,142.81,145.83,108088159
2018-09-06,147.18,148.99,146.85,148.01,125311754
2018-09-07,147.03,148.62,146.29,146.49,119746766
2018-09-08,140.5,144.24,137.27,144.15,107826020
2018-09-09,142.86,148.02,142.73,146.05,109419606
2018-09-10,136.99,138.91,136.63,136.94,167971057
2018-09-11,136.02,136.14,134.8,135.14,83138484
2018-09-12,144.3,145.17,140.18,141.23,160113026
2018-09-13,142.75,143.31,139.82,142.31,95375157
2018-09-14,146.77,147.65,143.36,144.45,83042570
2018-09-15,146.14,147.22,142.1,146.21,154645091
2018-09-16,144.22,145.44,144.17,144.78,108559762
2018-09-17,151.74,152.44,151.01,151.53,210035520
2018-09-18,153.89,154.7,152.28,152.47,83972317
2018-09-19,151.96,156.88,149.24,153.3,148355420
2018-09-20,159.22,159.36,155.1,156.28,86118395
2018-09-21,158.11,158.37,157.06,157.92,80857321
2018-09-22,156.81,159.13,156.7,157.49,150700237
2018-09-23,156.09,157.66,154.83,155.76,164988561
2018-09-24,154.41,158.5,152.85,155.81,134991355
2018-09-25,155.79,155.85,155.03,155.37,118456603
2018-09-26,147.53,149.43,145.89,148.89,176013498
2018-09-27,150.96,153.5,149.77,152.86,143730765
2018-09-28,155.88,156.2,154.8,155.84,77385067
2018-09-29,155.2,155.82,155.04,155.44,96319141
2018-09-30,154.68,155.59,153.81,154.32,56127555
2018-10-01,154.7,155.68,153.43,154.16,118874892
2018-10-02,155.67,157.05,155.62,155.67,146081230
2018-10-03,148.98,150.87,148.67,149.04,97176821
2018-10-04,152.95,153.88,152.24,153.32,85256247
2018-10-05,158.86,161.73,156.04,156.06,120046552
2018-10-06,159.2,159.64,158.11,159.39,143558122
2018-10-07,154.2,161.19,154.11,159.21,140686523
2018-10-08,172.12,173.65,159.84,161.99,96784117
2018-10-09,162.82,163.03,159.53,162.4,64722233
2018-10-10,155.93,157.71,154.04,155.66,168541682
2018-10-11,159.15,159.5,157.91,158.27,136052324
2018-10-12,153.38,157.07,147.71,156.65,103615643
2018-10-13,155.32,157.88,153.54,155.81,125188851
2018-10-14,154.64,158.32,153.14,157.29,136301961
2018-10-15,152.05,153.25,150.1,153.18,96033706
2018-10-16,152.17,152.36,149.85,150.83,72227475
2018-10-17,150.65,150.76,148.62,150.06,146871561
2018-10-18,151.22,152.05,149.58,151.25,108137090
2018-10-19,155.96,156.98,152.49,154.87,145336492
2018-10-20,157.64,160.41,157.46,158.07,77210759
2018-10-21,155.78,157.05,155.7,156.09,166049116
2018-10-22,153.89,160.44,150.16,155.64,52804010
2018-10-23,158.87,165.91,152.11,158.28,66260678
2018-10-24,157.34,161.49,156.23,159.73,158232956
2018-10-25,160.97,164.0,158.44,163.37,146056450
2018-10-26,164.03,168.56,162.34,164.66,68072321
2018-10-27,162.11,162.3,161.79,162.01,77185353
2018-10-28,157.65,161.89,156.09,159.65,107754305
2018-10-29,161.51,162.84,161.3,161.75,97889564
2018-10-30,153.44,157.8,150.56,156.94,127030921
2018-10-31,155.31,156.92,153.8,156.67,78757648
2018-11-01,156.77,158.85,156.14,157.6,57992772
2018-11-02,157.38,158.12,154.01,157.13,142401162
2018-11-03,155.31,157.49,154.29,157.06,118322443
2018-11-04,159.34,160.11,155.95,158.2,141137282
2018-11-05,161.87,169.65,160.75,160.8,112531011
2018-11-06,162.96,165.9,160.29,164.83,116042431
2018-11-07,162.53,162.93,161.34,162.06,174533006
2018-11-08,157.91,160.98,155.12,159.86,150020192
2018-11-09,151.83,156.07,145.82,155.2,69981691
2018-11-10,154.96,155.99,149.54,154.73,81516236
2018-11-11,155.66,155.87,153.39,155.49,108367725
2018-11-12,153.31,153.72,153.09,153.66,81739508
2018-11-13,154.3,157.46,150.72,154.6,62029234
2018-11-14,155.19,157.32,154.93,156.43,136927497
2018-11-15,154.25,155.47,151.66,153.17,110903938
2018-11-16,149.07,151.96,146.76,150.18,73312496
2018-11-17,148.56,149.91,147.25,149.02,158282887
2018-11-18,152.27,152.98,146.24,146.96,76900723
2018-11-19,146.25,147.29,142.14,142.58,66872122
2018-11-20,141.14,143.49,141.0,142.63,123552178
2018-11-21,143.82,145.19,139.11,142.79,78038884
2018-11-22,141.22,143.43,139.29,142.92,143520717
2018-11-23,144.15,144.39,142.05,144.01,121668569
2018-11-24,142.05,143.45,141.94,143.08,63245446
2018-11-25,143.51,145.34,141.57,144.71,67983003
2018-11-26,142.95,146.14,142.86,145.08,149146128
2018-11-27,146.12,146.71,144.12,145.57,154903862
2018-11-28,148.07,148.59,147.75,148.44,162482919
2018-11-29,150.14,151.32,149.06,149.71,72446353
2018-11-30,148.77,153.03,148.4,151.2,160558561
2018-12-01,150.0,152.32,149.93,152.07,126002801
2018-12-02,145.24,148.4,145.12,148.14,108586279
2018-12-03,146.62,150.33,144.6,146.18,151670664
2018-12-04,142.68,144.07,142.2,142.54,119073288
2018-12-05,149.42,153.39,149.38,149.61,193690241
2018-12-06,152.56,153.73,149.18,152.92,134430879
2018-12-07,159.59,160.11,156.73,157.12,73035584
2018-12-08,153.75,160.75,147.22,157.28,114419539
2018-12-09,160.93,161.02,158.94,159.48,90143863
2018-12-10,158.91,163.67,154.59,159.49,57448654
2018-12-11,156.47,158.58,154.42,157.61,123857971
2018-12-12,156.6,157.13,156.53,156.69,59721720
2018-12-13,160.92,166.48,160.76,163.01,188231574
2018-12-14,163.91,169.15,163.52,164.73,86316364
2018-12-15,167.08,170.37,166.59,168.33,118338117
2018-12-16,166.29,170.27,160.85,169.55,112678084
2018-12-17,169.73,170.92,169.62,170.79,137697811
2018-12-18,168.24,172.57,167.84,169.24,68239005
2018-12-19,169.8,171.12,167.48,170.14,67588226
2018-12-20,164.36,167.06,163.39,165.99,138359085
2018-12-21,168.59,170.15,166.56,167.93,60972889
2018-12-22,172.34,172.93,170.33,171.68,156657389
2018-12-23,170.9,175.14,168.54,171.47,121823653
2018-12-24,172.56,176.93,170.91,173.19,69076801
2018-12-25,171.06,173.87,167.55,172.05,144021862
2018-12-26,176.62,177.54,170.39,172.68,69107173
2018-12-27,175.02,175.83,171.59,175.05,139521577
2018-12-28,174.03,176.87,172.41,175.75,107891384
2018-12-29,176.72,179.09,172.04,174.28,81106274
2018-12-30,168.33,170.11,167.67,169.47,134776264
2018-12-31,174.87,175.9,169.52,173.6,93236549
2019-01-01,172.0,173.37,170.33,173.33,74872780
2019-01-02,173.51,176.98,172.65,175.63,119230911
2019-01-03,177.28,177.86,173.35,175.28,143994673
2019-01-04,178.93,179.36,172.07,177.61,72243346
2019-01-05,174.52,178.32,173.52,177.53,94894741
2019-01-06,176.31,177.42,174.63,175.56,109537662
2019-01-07,180.34,186.4,180.25,183.22,107153734
2019-01-08,185.51,185.51,184.58,184.73,127332966
2019-01-09,179.62,184.81,179.25,182.95,54971081
2019-01-10,180.46,180.62,171.87,179.95,66492671
2019-01-11,181.31,184.22,180.24,182.1,63679033
2019-01-12,181.21,186.19,177.46,181.85,146716764
2019-01-13,181.74,183.09,180.31,182.07,70389419
2019-01-14,178.88,180.81,173.14,179.77,91121155
2019-01-15,180.0,180.93,174.17,177.06,106577905
2019-01-16,181.23,182.72,178.74,181.51,178004359
2019-01-17,180.74,182.5,173.7,181.17,60633784
2019-01-18,186.05,189.28,184.7,186.7,100576847
2019-01-19,186.54,187.89,184.62,187.43,102328267
2019-01-20,188.11,190.91,183.89,186.54,150983757
2019-01-21,188.25,188.48,188.25,188.34,61379789
2019-01-22,196.4,196.56,194.78,195.5,189995142
2019-01-23,181.03,181.58,180.7,181.15,220655481
2019-01-24,175.18,183.13,173.4,178.13,158516992
2019-01-25,176.98,179.74,175.26,176.32,164362928
2019-01-26,172.01,172.12,167.54,171.86,162692277
2019-01-27,166.76,168.29,166.28,167.09,114006270
2019-01-28,172.66,174.67,170.98,173.87,87779830
2019-01-29,173.07,175.77,172.64,174.4,147139117
2019-01-30,182.69,182.88,177.81,178.47,131898395
2019-01-31,188.27,188.65,184.84,184.84,108523879
2019-02-01,183.67,185.18,182.65,183.14,75045035
2019-02-02,185.31,188.13,177.75,184.55,84143634
2019-02-03,190.42,197.74,188.64,191.88,70739458
2019-02-04,195.79,196.0,187.11,193.79,69485352
2019-02-05,198.35,198.54,191.33,192.72,108980400
2019-02-06,187.56,191.67,187.5,189.85,152716463
2019-02-07,197.2,201.09,194.05,196.76,88437230
2019-02-08,191.41,194.75,190.83,191.6,80222347
2019-02-09,198.84,202.02,189.19,192.6,56604215
2019-02-10,189.97,194.67,187.68,192.93,122078027
2019-02-11,191.89,194.38,191.66,194.37,125072289
2019-02-12,198.43,200.34,194.61,195.44,150562560
2019-02-13,192.78,193.15,187.51,192.99,123328235
2019-02-14,194.99,197.95,193.34,196.47,65844634
2019-02-15,190.38,196.03,189.36,192.77,150219764
2019-02-16,187.13,189.08,186.86,186.98,136588283
2019-02-17,189.35,191.26,188.86,190.2,135129793
2019-02-18,191.87,195.4,191.69,193.15,145499251
2019-02-19,194.48,195.09,191.96,192.02,128616682
2019-02-20,186.51,188.97,184.57,185.09,87060752
2019-02-21,188.0,190.77,185.53,190.04,141753250
2019-02-22,196.91,197.01,190.44,190.97,117095862
2019-02-23,189.69,189.93,187.5,189.91,152341940
2019-02-24,185.23,186.37,184.75,186.27,79888573
2019-02-25,195.76,197.21,192.23,192.87,184136101
2019-02-26,191.96,196.62,189.79,193.02,100931009
2019-02-27,195.03,199.32,190.74,193.11,61631516
2019-02-28,194.4,195.06,194.14,194.26,123460396
2019-03-01,189.81,190.97,186.4,189.24,100321094
2019-03-02,196.5,197.41,193.53,195.18,191788183
2019-03-03,195.1,198.06,193.51,197.4,115512906
2019-03-04,193.24,197.39,191.32,193.84,95404787
2019-03-05,191.8,191.87,188.13,189.38,136078976
2019-03-06,190.75,192.58,188.8,189.14,85653630
2019-03-07,194.95,197.96,193.4,193.44,82199485
2019-03-08,196.89,197.08,195.19,196.76,158290596
2019-03-09,197.85,205.88,197.77,197.82,90584387
2019-03-10,196.56,201.23,194.05,198.73,94458778
2019-03-11,203.42,204.3,195.34,198.56,114274848
2019-03-12,187.15,191.29,186.32,188.85,136042763
2019-03-13,191.29,192.23,190.41,191.44,109017903
2019-03-14,191.73,193.15,190.15,191.72,60173121
2019-03-15,195.33,199.55,191.78,194.76,114281649
2019-03-16,194.89,196.08,180.88,188.56,152086778
2019-03-17,185.67,189.03,184.14,186.85,155736451
2019-03-18,189.3,189.61,186.36,187.28,122416403
2019-03-19,186.26,189.75,183.45,186.8,142160555
2019-03-20,186.09,187.2,185.22,186.1,122856807
2019-03-21,181.49,183.43,178.54,181.06,188049499
2019-03-22,171.92,175.11,171.29,174.23,110745841
2019-03-23,177.77,183.32,171.82,176.37,133377976
2019-03-24,172.13,172.43,172.0,172.08,172690185
2019-03-25,167.5,172.59,165.99,170.54,129515137
2019-03-26,177.48,179.57,173.84,175.75,136826921
2019-03-27,175.63,182.15,172.52,175.15,75256032
2019-03-28,174.76,180.12,174.75,175.58,145355388
2019-03-29,170.74,172.97,170.41,171.46,139138437
2019-03-30,176.12,177.47,166.62,173.43,68577132
2019-03-31,174.09,181.03,169.96,175.41,138658840
2019-04-01,171.4,172.55,170.55,171.78,174920374
2019-04-02,164.32,165.72,163.99,165.32,157626181
2019-04-03,167.05,173.5,164.55,165.68,80607688
2019-04-04,163.58,164.23,157.62,161.33,78974241
2019-04-05,162.22,167.11,161.35,162.87,99437609
2019-04-06,164.38,165.12,164.27,164.3,88077451
2019-04-07,164.33,165.85,163.45,164.42,108371870
2019-04-08,170.55,170.89,169.4,169.69,196943634
2019-04-09,172.2,174.08,171.39,171.67,126249406
2019-04-10,168.29,171.89,161.36,168.03,156806382
2019-04-11,168.59,172.4,164.77,169.0,127046499
2019-04-12,168.76,171.78,165.39,168.89,69963969
2019-04-13,168.93,171.42,166.96,167.53,139707542
2019-04-14,165.97,166.81,164.48,164.87,68703153
2019-04-15,166.28,167.09,166.24,167.03,60257513
2019-04-16,168.99,171.52,159.65,163.88,172553391
2019-04-17,167.27,167.44,163.56,166.35,137743249
2019-04-18,166.9,170.27,164.15,167.71,143296103
2019-04-19,162.25,169.67,161.79,167.03,120055742
2019-04-20,165.98,168.39,163.6,164.52,122614963
2019-04-21,164.54,165.6,159.35,161.81,123647921
2019-04-22,164.53,167.32,162.38,165.85,180221297
2019-04-23,168.83,173.91,167.6,168.58,106187333
2019-04-24,169.72,171.87,167.95,168.82,74133162
2019-04-25,169.67,170.75,168.31,170.55,90990767
2019-04-26,172.85,175.67,169.7,172.81,131147275
2019-04-27,179.47,179.87,177.63,178.64,108552042
2019-04-28,175.49,176.56,172.92,174.47,176834098
2019-04-29,173.91,176.74,172.67,175.8,88375104
2019-04-30,172.84,173.15,172.08,172.83,151418173
2019-05-01,176.24,180.48,174.72,177.46,120791744
2019-05-02,185.58,188.57,176.2,178.25,96129847
2019-05-03,176.52,178.59,175.94,178.44,92344189
2019-05-04,180.04,185.3,179.93,180.46,123422438
2019-05-05,183.39,184.3,181.99,182.67,148849104
2019-05-06,184.9,186.78,183.69,186.34,108786474
2019-05-07,180.97,188.28,177.33,184.59,158716837
2019-05-08,184.32,189.65,182.34,186.28,152422179
2019-05-09,189.65,190.43,182.14,184.06,107083373
2019-05-10,190.89,194.67,182.74,185.3,87095922
2019-05-11,185.82,186.87,185.46,185.84,104522176
2019-05-12,191.82,196.19,189.25,192.15,78558693
2019-05-13,196.41,199.23,193.26,196.23,107541399
2019-05-14,200.21,204.55,199.41,201.38,85998821
2019-05-15,201.03,201.17,199.08,200.93,135705685
2019-05-16,193.63,198.61,191.53,195.5,185238581
2019-05-17,188.46,190.66,187.08,190.0,137830378
2019-05-18,191.44,191.7,188.6,191.64,69706967
2019-05-19,188.47,189.24,184.34,186.37,65709194
2019-05-20,181.47,181.83,181.36,181.57,134032743
2019-05-21,176.35,180.27,174.4,179.89,111013160
2019-05-22,185.71,187.31,180.5,184.19,80004615
2019-05-23,190.27,191.61,184.62,186.23,58569086
2019-05-24,182.83,182.95,178.36,180.82,171085425
2019-05-25,181.31,187.63,180.69,180.77,122766196
2019-05-26,177.93,180.37,177.03,179.89,88571401
2019-05-27,186.58,188.49,182.14,184.54,68607833
2019-05-28,188.28,188.33,182.84,187.86,128753734
2019-05-29,180.93,187.98,178.89,186.11,148026841
2019-05-30,188.66,190.46,182.17,187.91,78941830
2019-05-31,183.77,185.39,180.47,182.79,123311465
2019-06-01,184.33,186.23,184.18,184.74,93828179
2019-06-02,189.59,191.81,181.28,185.06,99673477
2019-06-03,194.54,195.74,188.28,191.37,121088118
2019-06-04,192.96,193.3,191.11,192.83,161185941
2019-06-05,184.82,187.13,183.96,185.82,70216967
2019-06-06,183.84,192.1,183.52,183.57,77865145
2019-06-07,184.91,185.73,178.36,180.06,105541280
2019-06-08,181.84,182.19,180.78,181.6,101355305
2019-06-09,187.12,188.8,175.28,185.34,119047222
2019-06-10,183.26,184.17,180.23,182.81,76241791
2019-06-11,186.61,186.77,182.32,183.22,90182482
2019-06-12,178.49,179.39,177.88,178.54,106977284
2019-06-13,175.28,179.98,174.07,177.7,89943992
2019-06-14,173.4,178.2,170.79,176.33,54754343
2019-06-15,168.17,175.75,166.01,171.68,188136154
2019-06-16,173.52,174.73,173.17,173.47,135573808
2019-06-17,172.54,175.77,171.39,174.08,80359223
2019-06-18,172.27,172.8,169.9,171.96,148574492
2019-06-19,171.87,173.17,170.21,170.51,161722497
2019-06-20,171.3,171.75,167.52,170.63,99540738
2019-06-21,172.33,174.72,171.94,174.3,165506456
2019-06-22,176.82,182.17,175.29,175.82,138992893
2019-06-23,174.99,178.11,174.28,176.73,81107783
2019-06-24,174.06,175.93,173.91,174.82,150476186
2019-06-25,179.49,184.25,176.44,180.24,126356954
2019-06-26,175.68,179.66,170.91,179.19,155357159
2019-06-27,181.2,181.62,181.04,181.1,58193769
2019-06-28,178.53,181.85,178.01,180.83,121592800
2019-06-29,182.68,183.98,178.98,181.02,70919770
2019-06-30,185.43,186.64,180.91,183.82,165072431
2019-07-01,186.68,186.74,186.63,186.7,147789678
2019-07-02,180.28,180.54,179.91,180.29,162869131
2019-07-03,179.52,180.15,179.38,180.06,133001962
2019-07-04,172.1,186.95,171.88,177.14,142338109
2019-07-05,172.92,177.39,170.08,172.97,158132931
2019-07-06,169.65,176.47,169.1,174.09,57214103
2019-07-07,179.13,179.69,175.51,177.44,61528977
2019-07-08,178.21,181.36,173.76,179.88,81979110
2019-07-09,178.24,178.61,173.05,178.6,80201282
2019-07-10,183.98,184.32,180.0,180.33,132714592
2019-07-11,181.62,183.09,181.37,182.97,64001864
2019-07-12,184.16,184.65,180.84,183.33,120217493
2019-07-13,184.12,186.08,180.1,181.76,66343874
2019-07-14,180.35,184.38,179.49,184.31,74339935
2019-07-15,176.79,182.02,171.55,176.88,98373615
2019-07-16,173.51,174.9,170.41,174.12,113743803
2019-07-17,175.64,176.21,173.23,175.53,131712471
2019-07-18,176.54,182.75,174.61,180.87,116180264
2019-07-19,180.89,182.55,180.62,180.92,71336312
2019-07-20,184.11,189.01,175.45,181.79,106556417
2019-07-21,188.48,188.77,178.91,180.61,114826074
2019-07-22,181.1,183.79,178.82,181.32,129028884
2019-07-23,177.79,180.34,177.77,179.87,78289737
2019-07-24,175.75,181.33,175.27,178.3,120369772
2019-07-25,171.78,176.01,169.71,174.14,155253236
2019-07-26,169.32,172.72,168.7,170.88,141386212
2019-07-27,168.41,171.92,167.42,170.53,151206533
2019-07-28,172.62,175.23,169.22,170.25,119633830
2019-07-29,171.33,172.75,168.9,169.97,76060612
2019-07-30,170.43,174.24,169.57,172.13,107573620
2019-07-31,168.8,169.55,168.74,169.18,108266305
2019-08-01,171.97,172.82,169.97,172.61,146370483
2019-08-02,185.54,189.22,175.24,177.9,158910863
2019-08-03,186.77,186.87,182.21,184.1,162212522
2019-08-04,185.64,193.86,179.42,184.84,141505484
2019-08-05,180.42,185.53,178.87,180.71,151633280
2019-08-06,180.36,181.12,178.69,180.17,54289062
2019-08-07,181.23,186.08,176.68,182.13,112573687
2019-08-08,183.03,183.21,182.89,182.91,57211757
2019-08-09,183.94,189.75,176.68,181.8,56827051
2019-08-10,180.15,181.87,178.15,181.78,59483108
2019-08-11,183.77,185.34,182.61,183.89,163841618
2019-08-12,183.31,184.52,181.05,182.3,162494643
2019-08-13,177.34,182.56,175.69,177.87,155596749
2019-08-14,174.07,175.36,173.87,174.76,138974520
2019-08-15,179.32,179.66,178.02,178.59,95632254
2019-08-16,184.87,188.81,174.28,176.67,143424431
2019-08-17,178.4,178.55,177.53,178.13,84700808
2019-08-18,170.24,171.81,167.74,170.4,165822780
2019-08-19,173.49,174.5,169.89,169.92,94520205
2019-08-20,168.63,171.79,168.43,169.47,112970193
2019-08-21,173.73,175.24,172.53,174.39,180921084
2019-08-22,178.53,178.58,171.01,174.89,91981968
2019-08-23,179.3,180.78,175.52,176.56,105903032
2019-08-24,181.75,183.63,181.44,181.83,130618817
2019-08-25,181.82,184.53,180.26,182.04,150265757
2019-08-26,177.2,179.25,166.6,177.8,95196433
2019-08-27,177.13,181.15,174.07,178.6,109589991
2019-08-28,174.78,175.88,174.65,175.81,159851694
2019-08-29,171.72,172.73,168.86,170.4,96598650
2019-08-30,171.29,175.46,167.5,175.33,99065570
2019-08-31,177.21,177.71,173.72,174.6,82617756
2019-09-01,174.81,175.85,173.38,174.3,107929882
2019-09-02,167.46,170.52,166.98,168.93,169664081
2019-09-03,168.92,171.03,163.37,170.37,99142826
2019-09-04,175.46,176.96,168.25,174.56,65237144
2019-09-05,181.1,182.19,177.88,178.63,182551435
2019-09-06,180.37,181.85,176.33,178.45,116645384
2019-09-07,180.95,186.4,179.49,180.03,62596257
2019-09-08,180.07,181.11,176.84,179.73,102114228
2019-09-09,178.94,179.45,175.9,177.18,77579123
2019-09-10,172.07,175.97,171.58,175.82,151416982
2019-09-11,172.6,176.64,171.42,172.82,166608232
2019-09-12,175.83,179.36,171.41,172.61,67414406
2019-09-13,178.8,181.8,175.53,177.92,89634876
2019-09-14,182.7,182.8,180.5,182.56,183732001
2019-09-15,175.95,179.97,175.93,179.62,99025078
2019-09-16,181.15,182.0,177.5,177.96,70932808
2019-09-17,181.9,184.6,180.26,182.8,91169249
2019-09-18,185.06,185.89,184.6,185.0,136175483
2019-09-19,188.31,189.02,185.21,188.13,118250295
2019-09-20,187.27,187.7,184.5,186.99,108485677
2019-09-21,189.49,191.31,189.04,189.72,154765751
2019-09-22,188.92,190.13,187.95,188.2,103822040
2019-09-23,184.81,187.75,182.88,184.26,125154461
2019-09-24,178.55,186.22,176.44,184.54,93950376
2019-09-25,183.12,186.19,181.44,181.89,167410402
2019-09-26,182.93,188.16,174.88,181.93,126260525
2019-09-27,185.41,185.5,181.58,184.18,133459900
2019-09-28,178.93,179.61,177.35,177.51,111877262
2019-09-29,178.2,179.63,169.72,176.63,68691634
2019-09-30,177.26,179.01,175.84,176.46,72840602
2019-10-01,176.29,176.96,172.93,174.64,159455427
2019-10-02,182.82,182.93,176.03,178.96,139304297
2019-10-03,179.27,179.67,172.02,177.67,154657044
2019-10-04,174.24,174.29,163.14,172.93,141526333
2019-10-05,172.43,172.51,171.94,172.15,121369850
2019-10-06,173.0,175.6,172.27,173.61,144558741
2019-10-07,169.42,175.03,167.05,171.0,64133867
2019-10-08,171.51,172.02,170.19,170.63,133729365
2019-10-09,169.4,172.68,165.61,168.24,105340494
2019-10-10,167.13,167.95,166.1,167.17,116809239
2019-10-11,166.21,167.55,165.76,165.89,81433797
2019-10-12,165.76,166.06,165.26,165.92,68943566
2019-10-13,156.75,159.33,153.5,157.27,91878772
2019-10-14,155.68,156.05,152.29,152.58,176919087
2019-10-15,156.16,156.83,153.54,155.57,86919226
2019-10-16,155.68,156.89,155.08,155.36,119865115
2019-10-17,153.4,157.58,152.66,154.86,115477767
2019-10-18,154.25,156.71,150.85,156.02,116950402
2019-10-19,161.14,161.96,158.32,158.46,167756809
2019-10-20,161.26,163.68,160.05,163.06,144425016
2019-10-21,162.61,166.41,160.98,164.05,84057636
2019-10-22,167.55,170.23,163.94,166.37,127347557
2019-10-23,165.84,167.97,161.45,167.17,92271173
2019-10-24,165.67,166.35,165.29,165.96,59568207
2019-10-25,165.2,166.53,160.17,163.76,155993896
2019-10-26,168.28,174.03,162.34,165.33,84295829
2019-10-27,170.15,171.19,169.09,169.4,85488442
2019-10-28,173.17,175.51,172.79,174.59,187356648
2019-10-29,176.14,180.91,175.76,176.62,130139748
2019-10-30,180.03,181.35,178.67,180.07,66452073
2019-10-31,175.47,181.68,174.65,177.08,124723140
2019-11-01,170.75,171.97,160.81,170.89,109950745
2019-11-02,168.76,170.52,168.04,168.7,144871256
2019-11-03,165.34,168.53,163.1,166.45,159183477
2019-11-04,163.92,164.3,160.38,162.84,74881274
2019-11-05,154.47,157.96,153.49,154.3,85328243
2019-11-06,155.86,157.23,152.06,154.94,114679832
2019-11-07,158.02,159.71,150.02,155.03,87574637
2019-11-08,151.03,156.1,151.02,155.58,54486787
2019-11-09,153.33,154.27,153.33,153.51,120034834
2019-11-10,152.92,153.97,151.7,153.97,75839673
2019-11-11,152.99,153.06,152.94,153.0,155440726
2019-11-12,152.54,152.55,148.81,151.34,119682129
2019-11-13,151.52,154.56,150.15,150.21,136778024
2019-11-14,149.52,150.89,148.87,149.91,127721688
2019-11-15,149.58,153.59,149.1,152.83,164953043
2019-11-16,153.14,153.96,148.67,152.58,88537996
2019-11-17,155.76,158.42,155.75,156.25,120000600
2019-11-18,154.87,158.29,153.72,157.77,153997928
2019-11-19,151.06,158.81,146.2,156.43,157694785
2019-11-20,157.8,158.63,152.44,155.39,141238005
2019-11-21,155.44,155.63,152.45,153.1,99843930
2019-11-22,154.7,160.1,152.21,153.28,91082975
2019-11-23,155.24,156.11,152.05,153.97,134184718
2019-11-24,151.21,157.46,150.25,154.25,95810740
2019-11-25,155.06,155.99,151.53,153.73,89523360
2019-11-26,148.6,149.08,147.69,148.53,150045718
2019-11-27,156.81,157.77,150.82,152.88,159661081
2019-11-28,154.65,155.45,153.69,153.84,144735857
2019-11-29,154.29,158.57,154.08,156.87,137224400
2019-11-30,155.27,160.23,151.65,155.98,129385459
2019-12-01,154.87,160.65,154.27,154.89,134886986
2019-12-02,153.67,153.77,153.51,153.72,128067597
2019-12-03,150.02,152.61,146.99,151.0,99187328
2019-12-04,146.87,152.72,146.36,149.21,107333916
2019-12-05,149.33,149.97,149.1,149.77,81017677
2019-12-06,146.77,147.45,146.72,147.24,75925680
2019-12-07,140.68,141.07,136.73,139.64,208663285
2019-12-08,141.8,141.84,140.19,140.87,156004318
2019-12-09,138.17,141.3,135.77,136.89,143560763
2019-12-10,135.14,136.36,133.85,135.75,112072294
2019-12-11,133.24,135.56,129.18,135.1,128869468
2019-12-12,136.08,138.32,133.17,136.85,153555310
2019-12-13,136.54,139.92,136.0,136.35,75420080
2019-12-14,136.5,137.92,134.67,134.88,93519586
2019-12-15,137.99,139.21,129.78,136.23,148234409
2019-12-16,137.96,138.94,136.67,137.75,116491452
2019-12-17,136.38,136.95,130.98,135.31,126211058
2019-12-18,140.14,141.1,135.73,135.94,117875055
2019-12-19,134.27,136.75,131.49,136.32,89421188
2019-12-20,138.76,139.19,136.84,138.94,156189872
2019-12-21,139.51,142.34,137.49,139.43,106649387
2019-12-22,140.13,140.85,138.55,138.72,93837092
2019-12-23,138.82,142.0,136.73,141.22,115585124
2019-12-24,144.76,145.14,142.14,143.91,79080956
2019-12-25,144.47,149.34,140.24,146.68,143017667
2019-12-26,143.13,144.41,142.77,143.56,131795382
2019-12-27,143.7,144.03,143.42,143.77,133934443
2019-12-28,145.85,147.84,141.2,147.46,181034119
2019-12-29,140.27,147.25,139.61,145.26,131579851
