Date,Open,High,Low,Close,Volume
2010-01-01,29.76,29.97,29.52,29.97,70304975
2010-01-02,29.91,29.91,29.68,29.74,54923831
2010-01-03,29.31,29.48,29.3,29.36,72189388
2010-01-04,30.13,30.46,29.16,30.07,129405595
2010-01-05,30.36,30.77,29.95,30.23,116783643
2010-01-06,28.86,29.25,28.84,29.12,110921077
2010-01-07,29.39,29.56,29.1,29.26,77378077
2010-01-08,29.19,29.97,28.76,29.53,96540490
2010-01-09,29.14,29.39,29.05,29.23,81654190
2010-01-10,29.32,29.4,29.1,29.15,95420586
2010-01-11,28.88,29.32,28.63,28.99,97216906
2010-01-12,29.01,29.18,28.92,29.09,115487322
2010-01-13,30.81,30.91,30.16,30.43,83664137
2010-01-14,30.64,30.68,30.29,30.39,149492402
2010-01-15,30.68,30.69,30.63,30.68,78382684
2010-01-16,30.2,30.38,30.03,30.13,74740005
2010-01-17,29.33,29.8,29.19,29.55,142704141
2010-01-18,29.49,29.55,29.36,29.43,106249089
2010-01-19,29.21,29.25,28.86,29.17,121208585
2010-01-20,28.78,28.79,28.7,28.74,99336019
2010-01-21,29.03,29.17,29.02,29.1,108577064
2010-01-22,29.77,29.84,29.61,29.77,101504789
2010-01-23,29.75,30.25,29.09,29.86,138458284
2010-01-24,29.1,29.88,28.98,29.8,131732907
2010-01-25,29.31,29.47,28.93,29.19,172336134
2010-01-26,29.25,29.42,29.25,29.42,80723314
2010-01-27,29.86,29.97,29.42,29.47,145576409
2010-01-28,29.37,29.59,29.18,29.3,68270450
2010-01-29,29.09,29.39,28.71,28.92,91249422
2010-01-30,28.85,29.39,28.42,28.94,149948239
2010-01-31,28.85,29.28,28.81,28.94,98523097
2010-02-01,30.24,30.26,29.36,29.44,149911503
2010-02-02,28.98,29.17,28.69,28.96,109566478
2010-02-03,28.49,28.55,28.37,28.45,116019931
2010-02-04,28.35,28.56,27.73,28.29,158337938
2010-02-05,27.87,28.22,27.69,27.92,74326011
2010-02-06,28.67,28.96,28.47,28.74,131822332
2010-02-07,29.08,29.19,28.73,28.96,99774739
2010-02-08,28.62,29.42,28.59,28.7,118288944
2010-02-09,28.44,28.73,27.93,28.57,143951072
2010-02-10,29.25,29.68,28.44,28.84,79103553
2010-02-11,29.25,29.64,28.97,29.26,152384414
2010-02-12,29.75,29.85,29.6,29.64,115667668
2010-02-13,29.66,29.66,29.39,29.56,109000564
2010-02-14,30.04,30.25,29.83,29.87,69102078
2010-02-15,29.96,29.99,29.36,29.91,94990747
2010-02-16,30.17,30.85,29.71,30.4,78149802
2010-02-17,30.12,30.33,29.74,30.1,160386411
2010-02-18,30.24,30.35,29.36,30.09,96979646
2010-02-19,29.62,30.14,29.51,29.61,172099466
2010-02-20,29.84,29.88,29.71,29.84,151985479
2010-02-21,30.61,30.91,30.19,30.35,87850014
2010-02-22,30.18,30.39,29.77,30.13,103040861
2010-02-23,29.77,30.07,29.56,29.93,142045912
2010-02-24,29.68,30.04,29.65,29.74,86456951
2010-02-25,29.78,30.0,29.62,29.92,91073603
2010-02-26,29.57,29.63,29.42,29.45,138217419
2010-02-27,29.23,29.3,29.2,29.26,53538947
2010-02-28,29.28,29.65,29.05,29.25,105360084
2010-03-01,29.07,29.08,28.83,29.0,144114675
2010-03-02,28.13,28.34,28.1,28.15,122107665
2010-03-03,28.73,29.44,28.36,28.55,97824442
2010-03-04,28.42,28.77,28.32,28.45,130573137
2010-03-05,28.18,28.51,27.68,27.93,94425392
2010-03-06,27.76,28.68,27.55,28.16,158863594
2010-03-07,28.74,28.88,27.99,28.67,124358011
2010-03-08,28.63,28.64,28.6,28.64,144284453
2010-03-09,27.8,28.22,27.63,27.89,149554522
2010-03-10,27.94,28.29,27.61,27.92,134366532
2010-03-11,28.37,28.4,28.02,28.08,69948020
2010-03-12,28.04,28.55,27.89,28.37,145800591
2010-03-13,28.93,28.96,28.87,28.91,67391676
2010-03-14,29.52,29.68,29.36,29.47,90154578
2010-03-15,28.17,28.56,27.62,28.51,128331582
2010-03-16,28.93,29.4,28.87,28.99,124427815
2010-03-17,29.3,29.82,28.65,28.92,112112317
2010-03-18,29.0,29.77,29.0,29.68,64173248
2010-03-19,28.83,29.15,28.49,29.13,143552929
2010-03-20,29.25,29.38,28.74,28.96,92874752
2010-03-21,28.94,29.27,28.67,28.88,63006886
2010-03-22,28.76,28.95,28.42,28.81,130935881
2010-03-23,28.82,29.3,28.38,29.19,122343062
2010-03-24,29.2,29.41,28.75,29.26,99115197
2010-03-25,28.43,29.69,28.38,29.02,109649159
2010-03-26,29.1,29.3,28.82,29.11,144949568
2010-03-27,29.47,29.56,29.33,29.55,73620204
2010-03-28,29.08,29.29,28.51,28.87,76863866
2010-03-29,28.22,28.47,27.93,28.24,114233620
2010-03-30,27.68,28.37,27.58,28.15,70142626
2010-03-31,27.96,28.44,27.95,28.05,106916272
2010-04-01,27.91,28.47,27.74,28.04,52984503
2010-04-02,27.07,27.71,26.88,27.65,129580758
2010-04-03,27.38,27.66,27.28,27.65,50545543
2010-04-04,27.45,27.67,27.45,27.46,157566628
2010-04-05,27.42,27.58,27.25,27.41,62906027
2010-04-06,27.39,27.44,27.02,27.34,139470223
2010-04-07,27.27,27.57,26.81,27.23,110413043
2010-04-08,26.76,27.43,26.64,27.0,99372479
2010-04-09,26.82,26.91,26.82,26.89,90875235
2010-04-10,26.73,27.15,26.13,26.78,139626877
2010-04-11,26.65,27.0,26.62,26.85,60377389
2010-04-12,26.86,26.88,26.61,26.87,123069025
2010-04-13,26.82,27.22,26.77,27.15,138967958
2010-04-14,27.31,27.73,26.98,27.22,110680346
2010-04-15,27.38,27.65,27.37,27.62,136841319
2010-04-16,27.24,27.53,27.09,27.4,69526582
2010-04-17,27.42,27.66,27.35,27.62,134975982
2010-04-18,27.79,27.96,27.62,27.62,63946267
2010-04-19,26.85,27.74,26.77,27.26,128436315
2010-04-20,27.49,27.61,26.8,27.22,144817823
2010-04-21,27.3,27.38,27.1,27.24,63059389
2010-04-22,26.27,26.93,26.14,26.88,117408489
2010-04-23,27.0,27.02,26.96,26.99,131017987
2010-04-24,26.71,27.15,26.67,26.94,82835366
2010-04-25,26.37,26.4,26.26,26.36,148850952
2010-04-26,26.19,26.23,25.26,25.82,78043694
2010-04-27,25.97,26.02,25.23,25.67,83449054
2010-04-28,26.16,26.39,26.05,26.08,108607855
2010-04-29,26.12,26.18,25.71,25.98,92205541
2010-04-30,26.16,26.23,25.98,26.11,99732624
2010-05-01,26.31,26.59,26.17,26.19,112659831
2010-05-02,26.46,26.47,26.08,26.14,149740602
2010-05-03,25.95,26.03,25.87,25.96,158653837
2010-05-04,26.02,26.46,25.72,25.98,132738971
2010-05-05,26.15,26.29,25.53,26.11,59967031
2010-05-06,25.98,26.24,25.93,26.18,75028237
2010-05-07,26.94,27.13,26.62,26.66,105392768
2010-05-08,26.56,26.67,26.29,26.42,154606046
2010-05-09,26.1,26.12,25.92,26.0,96258333
2010-05-10,26.03,26.04,25.94,25.95,123315357
2010-05-11,25.96,26.18,25.59,25.7,69838525
2010-05-12,25.73,25.8,25.59,25.8,52488159
2010-05-13,26.18,26.28,26.05,26.2,131815042
2010-05-14,25.92,25.97,25.31,25.54,134415233
2010-05-15,25.35,25.99,25.32,25.5,131537426
2010-05-16,26.05,26.27,26.01,26.03,140265270
2010-05-17,25.58,25.9,25.51,25.8,56708777
2010-05-18,25.26,25.33,25.06,25.22,130774982
2010-05-19,24.71,25.08,24.69,24.96,59968369
2010-05-20,25.18,25.43,24.95,25.18,68233876
2010-05-21,25.03,25.25,25.01,25.04,67289871
2010-05-22,25.73,25.84,25.71,25.76,72281738
2010-05-23,26.29,26.44,25.4,25.66,62153006
2010-05-24,25.0,25.23,24.94,25.06,67794035
2010-05-25,24.83,25.11,24.78,24.81,125295965
2010-05-26,24.69,25.1,24.68,24.81,69975805
2010-05-27,23.96,24.25,23.38,23.89,145148877
2010-05-28,23.41,24.21,23.3,23.74,105458992
2010-05-29,23.82,23.84,22.81,23.59,142822022
2010-05-30,23.44,23.72,23.39,23.56,124190041
2010-05-31,23.51,24.03,23.16,23.42,92298446
2010-06-01,23.44,23.52,23.31,23.36,100190357
2010-06-02,22.89,23.17,22.46,22.86,137367254
2010-06-03,22.75,23.44,22.67,22.82,79798399
2010-06-04,23.08,23.12,23.02,23.06,159419965
2010-06-05,23.7,23.82,23.01,23.26,160297883
2010-06-06,23.2,23.45,23.18,23.21,86818341
2010-06-07,22.82,23.1,22.75,23.06,79069781
2010-06-08,23.52,23.55,23.23,23.3,117202547
2010-06-09,23.25,23.62,23.13,23.49,63461289
2010-06-10,22.86,22.99,22.83,22.97,101871211
2010-06-11,23.67,23.68,23.39,23.49,171707819
2010-06-12,23.44,23.52,23.18,23.19,64218289
2010-06-13,23.39,23.4,23.2,23.21,83153921
2010-06-14,23.21,23.55,22.4,23.07,74142525
2010-06-15,23.47,23.7,23.45,23.46,93375701
2010-06-16,23.45,23.56,23.04,23.36,156263267
2010-06-17,23.36,23.62,23.17,23.43,75508190
2010-06-18,23.38,23.4,23.31,23.35,91587883
2010-06-19,23.02,23.12,22.94,23.11,122485413
2010-06-20,22.57,23.44,22.52,23.09,102549092
2010-06-21,23.8,23.85,23.43,23.67,183724525
2010-06-22,23.36,23.59,23.23,23.24,105303845
2010-06-23,21.92,23.15,21.7,22.76,99235653
2010-06-24,22.58,22.61,22.48,22.58,145902038
2010-06-25,23.38,23.55,22.65,22.85,69245432
2010-06-26,22.96,22.96,22.49,22.77,62112427
2010-06-27,22.26,22.65,22.09,22.45,100105682
2010-06-28,21.96,22.5,21.55,22.09,101062668
2010-06-29,22.5,22.71,22.17,22.47,171321496
2010-06-30,22.41,22.56,22.13,22.45,106861910
2010-07-01,22.33,22.98,22.26,22.73,136512318
2010-07-02,22.72,22.76,22.38,22.61,71314497
2010-07-03,22.59,23.3,22.52,22.88,139401655
2010-07-04,22.04,22.1,21.86,22.02,93256767
2010-07-05,22.34,22.47,22.17,22.27,85343827
2010-07-06,22.01,22.36,21.65,22.32,65987686
2010-07-07,22.48,22.66,22.08,22.29,142484194
2010-07-08,22.5,22.5,22.3,22.46,136764870
2010-07-09,21.95,22.4,21.89,22.25,100486740
2010-07-10,22.1,22.11,21.76,22.06,136757352
2010-07-11,21.89,22.47,21.75,21.84,85414886
2010-07-12,22.0,22.32,21.96,22.1,119865938
2010-07-13,22.39,22.6,22.22,22.39,90962861
2010-07-14,22.8,22.83,22.5,22.74,72317528
2010-07-15,22.78,23.25,22.56,22.82,126262350
2010-07-16,22.36,22.6,22.29,22.57,84958099
2010-07-17,22.16,22.37,22.08,22.34,62048012
2010-07-18,22.47,22.55,22.22,22.4,63611716
2010-07-19,22.16,22.26,21.97,22.11,129114367
2010-07-20,22.0,22.26,21.8,22.21,100901821
2010-07-21,22.04,22.33,21.7,22.14,132116490
2010-07-22,22.34,22.35,22.19,22.26,94937473
2010-07-23,22.12,22.22,22.07,22.09,111921018
2010-07-24,21.32,22.02,20.92,21.89,65688238
2010-07-25,21.82,22.08,21.32,21.69,74892582
2010-07-26,21.73,22.52,21.47,21.76,111644636
2010-07-27,21.63,21.88,21.26,21.38,67104752
2010-07-28,21.87,22.19,21.5,21.79,174097464
2010-07-29,21.67,21.86,21.43,21.72,72702870
2010-07-30,21.86,21.92,21.68,21.76,106008004
2010-07-31,21.63,21.89,21.49,21.83,103659451
2010-08-01,21.59,21.82,21.54,21.6,59849300
2010-08-02,21.28,21.44,21.27,21.43,128728012
2010-08-03,21.48,21.87,21.47,21.78,86321468
2010-08-04,21.84,22.32,21.36,21.73,107299995
2010-08-05,21.95,22.03,21.73,22.01,137657139
2010-08-06,21.46,21.56,21.43,21.55,143932422
2010-08-07,21.61,21.63,21.33,21.52,134406704
2010-08-08,22.23,22.32,21.81,21.82,138555673
2010-08-09,22.02,22.13,21.59,22.04,138040400
2010-08-10,21.54,21.61,21.53,21.6,144148115
2010-08-11,21.53,21.77,21.31,21.34,61318851
2010-08-12,21.5,21.51,21.15,21.32,77732047
2010-08-13,21.43,21.44,21.43,21.43,123253270
2010-08-14,21.52,21.92,21.49,21.65,163812583
2010-08-15,21.55,21.87,21.49,21.52,125206336
2010-08-16,21.21,21.26,21.13,21.2,148178617
2010-08-17,21.08,21.26,20.83,21.03,85413223
2010-08-18,20.99,21.16,20.77,21.0,55154595
2010-08-19,20.47,20.86,20.32,20.62,114878355
2010-08-20,20.9,21.08,20.61,20.71,59218608
2010-08-21,20.79,21.26,20.35,20.97,94347514
2010-08-22,21.15,21.19,21.07,21.08,137864335
2010-08-23,21.23,21.24,21.16,21.2,139058389
2010-08-24,21.37,21.57,21.25,21.39,131199259
2010-08-25,21.41,21.43,21.12,21.26,54979845
2010-08-26,21.22,21.33,20.96,21.0,146192185
2010-08-27,20.88,21.41,20.23,21.27,93362174
2010-08-28,21.78,21.94,21.0,21.55,81864668
2010-08-29,21.76,21.83,21.5,21.76,123011120
2010-08-30,21.64,21.88,21.6,21.76,51079993
2010-08-31,21.63,21.71,21.6,21.61,146794336
2010-09-01,20.55,21.22,20.53,21.05,155107541
2010-09-02,21.43,21.46,20.97,21.1,107510219
2010-09-03,20.76,21.13,20.72,20.81,140593254
2010-09-04,20.96,21.18,20.8,21.04,162907767
2010-09-05,20.87,21.09,20.79,21.01,54059762
2010-09-06,20.95,21.17,20.85,21.12,96113874
2010-09-07,21.48,21.49,21.06,21.21,64856920
2010-09-08,20.86,21.05,20.71,20.92,146338651
2010-09-09,20.5,20.7,20.45,20.69,135106812
2010-09-10,20.41,20.51,20.21,20.44,65547306
2010-09-11,20.72,21.05,20.72,20.99,171635782
2010-09-12,20.93,20.95,20.84,20.87,89929038
2010-09-13,20.8,20.82,20.36,20.74,62794905
2010-09-14,20.63,20.67,20.59,20.6,60966302
2010-09-15,20.49,20.86,20.17,20.41,140595532
2010-09-16,20.01,20.45,19.79,20.28,71883362
2010-09-17,20.36,20.74,20.19,20.38,100363134
2010-09-18,20.59,20.74,20.29,20.42,140780814
2010-09-19,20.84,20.91,20.77,20.85,153502753
2010-09-20,21.09,21.28,20.98,21.05,71844622
2010-09-21,21.21,21.31,21.17,21.18,158640342
2010-09-22,20.76,21.07,20.53,20.79,120803618
2010-09-23,20.56,20.69,20.02,20.54,147612717
2010-09-24,20.6,20.71,20.56,20.63,80633155
2010-09-25,20.47,20.48,20.19,20.31,95746223
2010-09-26,20.53,20.73,20.46,20.61,154648755
2010-09-27,20.22,21.15,20.13,20.77,125635265
2010-09-28,20.93,21.01,20.47,20.85,94208170
2010-09-29,20.4,20.6,20.28,20.34,137600970
2010-09-30,20.25,20.27,20.14,20.17,147378100
2010-10-01,19.86,19.95,19.63,19.88,137441483
2010-10-02,20.22,20.67,19.94,20.18,118091112
2010-10-03,20.05,20.17,19.94,19.98,72386406
2010-10-04,20.04,20.09,19.81,20.02,118957435
2010-10-05,19.18,19.22,19.13,19.2,145177473
2010-10-06,19.61,19.75,19.55,19.69,177498767
2010-10-07,19.65,19.8,19.6,19.63,140905644
2010-10-08,19.57,19.78,19.35,19.44,110742306
2010-10-09,19.16,19.78,18.83,19.47,51549969
2010-10-10,19.44,19.47,19.41,19.46,81235139
2010-10-11,19.15,19.63,18.89,19.21,74710867
2010-10-12,19.06,19.27,19.02,19.2,142644970
2010-10-13,19.12,19.46,18.86,19.17,95701637
2010-10-14,19.02,19.19,18.94,19.05,58531263
2010-10-15,19.09,19.2,19.08,19.14,116257358
2010-10-16,19.73,19.78,19.35,19.44,119713516
2010-10-17,19.3,19.38,19.28,19.35,106194319
2010-10-18,19.09,19.15,18.87,19.02,142475152
2010-10-19,19.1,19.43,19.06,19.34,111334498
2010-10-20,19.27,19.42,19.03,19.27,99261212
2010-10-21,19.65,19.65,19.64,19.65,136219827
2010-10-22,19.62,19.67,19.62,19.64,131503664
2010-10-23,19.99,20.05,19.81,19.97,94808175
2010-10-24,19.32,20.27,19.28,20.03,125382441
2010-10-25,20.22,20.3,20.07,20.08,132822603
2010-10-26,20.17,20.45,19.86,20.27,146891800
2010-10-27,20.53,20.56,20.14,20.25,63302027
2010-10-28,20.34,20.68,19.98,20.38,77125111
2010-10-29,20.2,20.27,19.96,20.26,81209816
2010-10-30,19.66,20.39,19.56,20.29,78994070
2010-10-31,20.22,20.41,20.01,20.27,98511891
2010-11-01,19.88,20.24,19.84,20.17,82968979
2010-11-02,20.2,20.3,19.93,20.14,108217462
2010-11-03,20.05,20.5,19.46,20.1,58533870
2010-11-04,20.16,20.54,20.01,20.32,104231289
2010-11-05,20.16,20.35,19.96,20.23,112686671
2010-11-06,20.42,20.46,20.26,20.46,166551685
2010-11-07,20.75,20.86,20.58,20.77,97712580
2010-11-08,21.28,21.3,20.94,21.0,84222103
2010-11-09,21.12,21.4,20.85,21.27,105796091
2010-11-10,21.21,21.43,21.04,21.28,100015659
2010-11-11,21.56,21.63,20.85,21.4,118858709
2010-11-12,21.98,22.11,21.55,21.78,133013450
2010-11-13,22.41,22.64,22.07,22.29,147901219
2010-11-14,22.52,22.69,22.26,22.26,107108333
2010-11-15,22.15,22.15,22.05,22.07,129934656
2010-11-16,22.33,22.37,22.06,22.24,114916714
2010-11-17,22.28,22.29,22.15,22.24,80500128
2010-11-18,21.91,22.2,21.81,21.93,134628412
2010-11-19,22.32,22.6,22.26,22.3,158088882
2010-11-20,22.93,23.12,22.39,22.55,158398053
2010-11-21,22.37,22.42,22.26,22.35,58080725
2010-11-22,21.86,22.82,21.85,22.16,101739851
2010-11-23,22.15,22.21,21.79,22.03,62523364
2010-11-24,22.69,22.73,22.21,22.31,164736674
2010-11-25,23.11,23.12,23.11,23.11,81898415
2010-11-26,22.93,22.95,22.78,22.81,116640428
2010-11-27,22.88,22.89,22.64,22.74,54792828
2010-11-28,22.74,22.83,22.74,22.77,100759702
2010-11-29,22.8,22.95,22.8,22.93,72567112
2010-11-30,23.07,23.67,23.01,23.27,116080375
2010-12-01,22.21,23.02,22.14,22.64,64042344
2010-12-02,23.11,23.21,22.59,23.09,83254717
2010-12-03,23.33,23.45,22.89,22.98,104522575
2010-12-04,23.16,23.2,23.09,23.16,76619785
2010-12-05,23.39,23.94,23.21,23.55,141933599
2010-12-06,23.36,24.1,23.09,23.92,113306826
2010-12-07,23.79,23.84,23.7,23.79,91170253
2010-12-08,24.02,24.59,23.77,23.9,113533410
2010-12-09,23.71,24.72,23.34,23.94,60153087
2010-12-10,23.94,24.14,23.73,24.07,67398285
2010-12-11,24.2,24.35,24.11,24.29,99521515
2010-12-12,24.67,25.08,24.58,24.83,177640232
2010-12-13,24.82,25.05,24.82,24.88,148105398
2010-12-14,24.54,24.92,24.52,24.72,70776300
2010-12-15,25.17,25.19,24.71,24.88,89265094
2010-12-16,25.84,26.12,24.58,24.96,125554916
2010-12-17,24.47,24.86,24.32,24.72,59741700
2010-12-18,24.26,25.13,24.0,24.65,108643440
2010-12-19,24.6,24.67,24.54,24.55,60830205
2010-12-20,24.41,24.5,23.81,24.12,146226621
2010-12-21,23.5,24.27,23.16,23.66,177874923
2010-12-22,24.58,24.63,24.25,24.48,196065146
2010-12-23,24.26,24.36,24.13,24.35,55287792
2010-12-24,24.31,24.36,23.9,24.04,154359237
2010-12-25,23.95,24.42,23.67,24.26,123427748
2010-12-26,24.04,24.1,24.01,24.04,155935763
2010-12-27,23.79,23.99,23.72,23.88,155515977
2010-12-28,23.76,23.78,23.5,23.5,89765201
2010-12-29,23.62,23.64,23.4,23.57,56391463
2010-12-30,23.43,23.52,23.35,23.48,117446652
2010-12-31,24.14,24.15,23.9,24.03,84694585
2011-01-01,23.54,23.75,23.53,23.6,87614430
2011-01-02,23.68,23.8,23.6,23.63,116454527
2011-01-03,23.24,24.3,22.73,23.56,51596096
2011-01-04,23.38,23.51,22.99,23.2,92288395
2011-01-05,23.19,23.38,22.9,22.95,144624858
2011-01-06,23.04,23.06,22.79,22.84,71811187
2011-01-07,22.29,22.6,22.14,22.53,162806600
2011-01-08,22.68,22.7,22.09,22.57,51756424
2011-01-09,22.27,22.51,22.16,22.22,130058238
2011-01-10,21.87,22.01,21.78,21.78,137370681
2011-01-11,21.58,21.65,21.42,21.54,150014174
2011-01-12,21.86,21.9,21.64,21.66,105894601
2011-01-13,22.02,22.13,21.89,21.92,104501782
2011-01-14,22.02,22.3,21.66,21.95,57031873
2011-01-15,21.81,21.96,21.36,21.65,110693836
2011-01-16,21.98,22.17,21.71,22.04,141349453
2011-01-17,22.21,22.24,22.2,22.23,59057317
2011-01-18,22.41,22.76,22.29,22.42,141532608
2011-01-19,22.29,22.42,22.07,22.24,106696826
2011-01-20,22.22,22.28,21.84,22.2,105331190
2011-01-21,22.56,22.67,22.16,22.51,167057388
2011-01-22,22.82,23.14,22.28,22.73,88394531
2011-01-23,23.01,23.05,22.97,23.0,147618108
2011-01-24,23.08,23.19,22.69,22.93,70836048
2011-01-25,22.62,22.79,22.43,22.75,103044811
2011-01-26,22.15,22.77,21.96,22.58,106118910
2011-01-27,22.83,22.84,22.73,22.83,136491128
2011-01-28,22.37,22.82,22.12,22.6,120562543
2011-01-29,22.53,22.67,22.48,22.59,94481241
2011-01-30,22.52,22.74,22.41,22.51,120997787
2011-01-31,22.68,22.7,22.44,22.66,146199566
2011-02-01,22.29,22.51,22.07,22.37,147209865
2011-02-02,22.03,22.07,21.86,22.06,163135258
2011-02-03,21.83,21.99,21.67,21.95,149209233
2011-02-04,21.76,21.96,21.65,21.78,135091027
2011-02-05,21.08,22.13,20.99,21.72,115853857
2011-02-06,21.97,22.29,21.97,22.04,139474637
2011-02-07,21.82,22.02,21.79,21.94,151651622
2011-02-08,22.39,22.69,22.11,22.13,155911671
2011-02-09,22.47,22.72,22.03,22.25,134279381
2011-02-10,22.25,22.75,22.11,22.68,72342551
2011-02-11,23.33,23.53,23.04,23.26,169338763
2011-02-12,23.02,23.1,22.9,22.94,112218992
2011-02-13,23.27,23.55,22.9,23.09,146813583
2011-02-14,23.15,23.53,22.92,23.35,98156314
2011-02-15,22.74,22.91,22.69,22.82,181039238
2011-02-16,22.23,22.33,22.18,22.25,123742106
2011-02-17,22.78,22.8,21.85,22.44,155012220
2011-02-18,22.7,22.78,22.44,22.56,58847704
2011-02-19,22.96,23.14,22.78,22.88,122585872
2011-02-20,22.18,23.17,22.08,22.82,81958905
2011-02-21,22.66,22.9,22.52,22.87,125472728
2011-02-22,22.64,22.73,22.61,22.65,59623239
2011-02-23,22.63,22.71,22.48,22.57,108456580
2011-02-24,22.86,22.89,22.7,22.8,69454295
2011-02-25,22.92,23.26,22.75,22.83,102249851
2011-02-26,22.74,22.98,22.73,22.91,57648795
2011-02-27,22.49,22.69,22.41,22.53,69188371
2011-02-28,22.79,22.9,22.64,22.83,102593530
2011-03-01,22.55,22.55,22.43,22.53,167456894
2011-03-02,22.41,22.48,22.36,22.37,145058782
2011-03-03,22.27,22.34,22.02,22.31,136672580
2011-03-04,21.84,21.95,21.82,21.94,166410014
2011-03-05,22.11,22.16,22.1,22.16,148526759
2011-03-06,22.03,22.04,21.78,21.87,117199268
2011-03-07,22.44,22.45,21.69,22.06,130105797
2011-03-08,21.65,21.67,21.64,21.66,107757882
2011-03-09,21.52,22.17,21.39,21.71,88249837
2011-03-10,21.74,21.93,20.87,21.51,91489607
2011-03-11,21.93,22.14,21.8,21.84,167223305
2011-03-12,21.62,21.7,21.51,21.67,86654147
2011-03-13,21.49,21.55,21.48,21.49,71622901
2011-03-14,21.47,21.56,21.44,21.53,107612542
2011-03-15,21.57,21.66,21.53,21.6,82985541
2011-03-16,21.5,21.76,21.23,21.48,70801320
2011-03-17,21.5,21.62,21.38,21.55,146913053
2011-03-18,21.86,21.88,21.5,21.66,57514339
2011-03-19,22.06,22.17,21.84,21.99,77361863
2011-03-20,22.37,22.49,22.15,22.19,107513953
2011-03-21,22.48,22.81,22.44,22.63,98220901
2011-03-22,22.79,23.05,22.5,22.64,52506614
2011-03-23,22.47,22.54,22.29,22.44,83642216
2011-03-24,22.61,22.65,22.27,22.59,119443821
2011-03-25,22.74,22.78,22.69,22.7,84625503
2011-03-26,23.34,23.36,22.96,23.15,158232090
2011-03-27,22.53,23.13,22.25,22.98,108727195
2011-03-28,22.96,23.1,22.75,23.06,109027489
2011-03-29,23.29,23.35,23.04,23.09,124253110
2011-03-30,23.22,23.47,23.21,23.28,60198320
2011-03-31,23.15,23.54,22.99,23.09,84934150
2011-04-01,23.2,23.35,23.16,23.26,79500261
2011-04-02,23.3,23.91,22.92,23.47,124821199
2011-04-03,23.47,23.56,23.38,23.42,125788151
2011-04-04,23.23,23.74,23.14,23.41,131926667
2011-04-05,23.72,23.75,23.1,23.15,130800682
2011-04-06,22.95,23.14,22.6,22.86,120278542
2011-04-07,22.79,22.9,22.76,22.78,86264723
2011-04-08,22.92,22.95,22.62,22.81,62034654
2011-04-09,22.09,22.44,22.06,22.16,85846107
2011-04-10,21.78,22.04,21.77,21.99,132865872
2011-04-11,22.23,22.29,22.19,22.24,151852424
2011-04-12,22.03,22.08,21.92,22.05,100628089
2011-04-13,22.02,22.23,21.87,22.06,115074172
2011-04-14,22.53,23.24,22.39,22.67,163239593
2011-04-15,22.39,22.52,22.29,22.5,77967963
2011-04-16,22.48,22.65,22.01,22.4,71256518
2011-04-17,22.65,22.69,22.49,22.56,79993872
2011-04-18,22.99,23.09,22.41,22.77,125563714
2011-04-19,23.31,23.37,22.71,22.97,80840891
2011-04-20,22.55,22.68,22.41,22.52,171517229
2011-04-21,22.23,22.51,22.16,22.39,140234688
2011-04-22,22.55,22.56,22.45,22.52,112252012
2011-04-23,22.86,22.88,22.73,22.81,66441475
2011-04-24,22.34,22.44,21.8,22.38,91451976
2011-04-25,22.17,22.19,21.66,21.99,142573380
2011-04-26,22.16,22.24,22.07,22.19,99737316
2011-04-27,21.97,22.08,21.82,22.07,75767604
2011-04-28,22.18,22.26,21.84,21.89,137445191
2011-04-29,22.17,22.18,21.77,21.94,98771569
2011-04-30,21.27,22.01,21.05,21.53,96242729
2011-05-01,21.82,21.83,21.49,21.76,157001637
2011-05-02,22.07,22.44,21.92,22.13,69919207
2011-05-03,22.73,22.74,22.52,22.55,174748881
2011-05-04,22.37,22.57,22.35,22.46,73534699
2011-05-05,22.49,22.63,22.26,22.61,129755386
2011-05-06,22.12,22.54,22.11,22.4,70721559
2011-05-07,22.53,22.57,22.36,22.44,145873426
2011-05-08,21.95,22.46,21.78,22.42,58289763
2011-05-09,22.36,22.4,22.25,22.32,78840910
2011-05-10,22.09,22.22,22.08,22.17,63404736
2011-05-11,22.76,22.77,22.25,22.28,112795556
2011-05-12,22.62,23.26,22.38,22.77,177597335
2011-05-13,22.45,23.04,22.35,22.6,102924501
2011-05-14,22.73,23.66,22.16,22.66,121129573
2011-05-15,22.26,22.53,22.15,22.33,113574300
2011-05-16,22.09,22.43,21.9,22.08,153061673
2011-05-17,21.43,22.13,21.36,21.96,76801245
2011-05-18,21.74,21.88,21.51,21.84,149454130
2011-05-19,22.02,22.03,21.97,21.99,96783578
2011-05-20,22.18,22.35,21.94,22.09,115973862
2011-05-21,22.06,22.32,22.04,22.07,96770075
2011-05-22,21.76,21.84,21.57,21.78,162462102
2011-05-23,21.73,21.87,21.67,21.76,126038773
2011-05-24,21.79,21.93,21.77,21.89,99149026
2011-05-25,21.61,21.98,21.55,21.73,129455995
2011-05-26,21.84,21.98,21.73,21.94,155362376
2011-05-27,22.76,22.88,21.88,21.96,85971142
2011-05-28,21.89,22.43,21.87,22.17,102913591
2011-05-29,22.34,22.79,21.91,22.37,137531019
2011-05-30,22.06,22.17,22.02,22.03,111651581
2011-05-31,22.24,22.27,22.07,22.11,104547074
2011-06-01,22.16,22.28,21.99,22.19,77425942
2011-06-02,21.81,22.19,21.81,21.84,62221981
2011-06-03,22.15,22.34,22.11,22.19,138047750
2011-06-04,22.5,22.54,22.09,22.12,124545728
2011-06-05,22.71,22.76,22.23,22.29,160230461
2011-06-06,21.97,21.98,21.94,21.94,172123554
2011-06-07,22.1,22.34,21.34,21.95,115084646
2011-06-08,22.37,22.65,21.56,22.25,107180814
2011-06-09,22.18,22.5,21.95,21.97,95476498
2011-06-10,22.35,22.51,22.32,22.49,63816532
2011-06-11,22.61,23.12,22.06,22.51,98285194
2011-06-12,22.07,22.34,22.01,22.13,128445524
2011-06-13,22.21,22.39,22.18,22.21,148984311
2011-06-14,22.23,22.33,21.85,22.31,147382597
2011-06-15,22.04,22.61,21.95,22.14,141989167
2011-06-16,22.45,22.72,21.83,22.36,121825269
2011-06-17,21.98,22.02,21.95,21.96,120211673
2011-06-18,22.29,22.33,22.27,22.32,85939343
2011-06-19,21.96,21.96,21.72,21.88,72427567
2011-06-20,22.54,22.82,22.04,22.1,153742246
2011-06-21,22.22,22.55,21.88,22.04,109669261
2011-06-22,21.94,22.21,21.92,22.04,130971617
2011-06-23,22.04,22.2,22.01,22.17,113765163
2011-06-24,22.1,22.72,21.99,22.29,64635395
2011-06-25,22.27,22.43,21.97,22.18,133506730
2011-06-26,21.77,22.09,21.58,22.03,91758047
2011-06-27,22.05,22.38,21.94,22.28,115507736
2011-06-28,22.51,22.59,22.51,22.55,125337808
2011-06-29,22.62,23.09,22.49,22.57,58036930
2011-06-30,22.4,22.59,22.38,22.54,110866398
2011-07-01,22.4,22.8,22.14,22.63,92561123
2011-07-02,22.91,22.94,22.82,22.91,129453623
2011-07-03,23.23,23.48,23.17,23.17,127964186
2011-07-04,23.37,23.41,23.12,23.17,129769284
2011-07-05,23.56,23.56,23.12,23.44,136247109
2011-07-06,23.44,23.61,23.28,23.34,55228656
2011-07-07,23.23,23.48,23.22,23.3,72985675
2011-07-08,23.5,23.64,23.41,23.43,143972372
2011-07-09,23.38,23.43,23.32,23.43,95688759
2011-07-10,23.8,23.9,23.63,23.65,125041139
2011-07-11,23.86,23.97,22.74,23.42,159897605
2011-07-12,22.95,23.38,22.8,22.96,102686560
2011-07-13,22.86,22.89,22.83,22.84,84414527
2011-07-14,22.75,22.8,22.7,22.72,151301409
2011-07-15,22.93,22.99,22.78,22.8,106401397
2011-07-16,22.45,22.83,22.32,22.64,144405225
2011-07-17,22.31,22.35,22.18,22.2,167761258
2011-07-18,22.29,22.62,22.15,22.24,80403945
2011-07-19,22.53,22.68,22.35,22.47,91243719
2011-07-20,22.62,22.78,22.48,22.61,149575932
2011-07-21,22.22,22.56,22.13,22.17,105645738
2011-07-22,22.5,22.73,22.22,22.42,107372337
2011-07-23,21.74,22.47,21.53,22.11,128443036
2011-07-24,22.73,22.77,22.61,22.76,68740237
2011-07-25,22.69,22.69,22.34,22.67,86226782
2011-07-26,22.83,23.11,22.37,22.5,82482670
2011-07-27,22.47,22.52,22.22,22.47,147741573
2011-07-28,22.67,22.77,22.53,22.59,81496271
2011-07-29,22.41,22.48,22.18,22.37,109582866
2011-07-30,22.63,22.95,22.63,22.8,75413196
2011-07-31,22.84,22.96,22.59,22.63,87129212
2011-08-01,22.53,22.82,22.48,22.59,100653958
2011-08-02,22.4,22.42,22.39,22.41,96464201
2011-08-03,22.06,22.09,21.83,21.99,163396915
2011-08-04,21.65,21.69,21.34,21.63,61185666
2011-08-05,21.18,21.2,21.03,21.14,73776441
2011-08-06,21.19,21.2,20.75,20.89,129862272
2011-08-07,20.54,20.56,20.43,20.56,64573793
2011-08-08,20.91,20.99,20.61,20.64,86719131
2011-08-09,21.0,21.09,20.7,20.86,68941443
2011-08-10,21.93,22.06,21.49,21.61,159112062
2011-08-11,22.11,22.31,21.51,21.94,145079263
2011-08-12,21.47,22.01,21.45,21.69,60134266
2011-08-13,21.62,21.93,21.52,21.67,124192011
2011-08-14,21.53,21.61,21.52,21.58,125206617
2011-08-15,21.67,21.74,21.67,21.7,80681474
2011-08-16,21.73,21.96,21.49,21.71,115857229
2011-08-17,21.5,22.17,21.15,21.41,122415912
2011-08-18,21.58,21.64,21.58,21.63,155273931
2011-08-19,22.48,22.51,21.89,22.16,175007601
2011-08-20,21.8,22.13,21.77,22.07,52280349
2011-08-21,22.4,22.44,22.09,22.29,129912373
2011-08-22,22.03,22.33,21.95,22.28,65782451
2011-08-23,21.75,21.96,21.62,21.76,185093923
2011-08-24,22.51,22.6,21.94,22.07,133550159
2011-08-25,21.76,21.96,21.58,21.75,87092103
2011-08-26,21.46,21.57,21.26,21.5,72892281
2011-08-27,21.08,21.26,20.91,21.08,134502572
2011-08-28,21.54,21.65,21.3,21.54,110602593
2011-08-29,21.45,21.62,21.35,21.54,85708017
2011-08-30,21.41,21.72,21.15,21.64,87983212
2011-08-31,21.87,21.93,21.59,21.71,152399219
2011-09-01,21.32,21.51,21.2,21.39,146073333
2011-09-02,21.13,21.16,21.04,21.05,129169321
2011-09-03,20.85,20.98,20.8,20.85,142540244
2011-09-04,20.8,21.05,20.54,20.84,72081785
2011-09-05,21.01,21.31,20.85,21.07,140636760
2011-09-06,20.75,21.17,20.72,21.09,146115466
2011-09-07,20.42,20.6,20.12,20.57,170918172
2011-09-08,20.72,20.98,20.7,20.82,105576756
2011-09-09,20.78,20.88,20.61,20.69,72025965
2011-09-10,20.8,21.06,20.68,20.79,96038737
2011-09-11,20.2,20.57,19.71,20.49,129022257
2011-09-12,20.56,20.77,19.9,20.4,117016293
2011-09-13,20.2,20.26,20.16,20.24,121238139
2011-09-14,20.12,20.6,20.07,20.31,115275326
2011-09-15,20.4,20.4,20.29,20.38,151604272
2011-09-16,20.18,20.19,20.02,20.05,146204532
2011-09-17,19.69,20.04,19.59,19.91,120410619
2011-09-18,19.53,19.56,19.28,19.5,129156804
2011-09-19,19.58,19.8,19.56,19.72,57919269
2011-09-20,19.91,19.91,19.82,19.84,116201505
2011-09-21,19.81,19.85,19.43,19.67,153038008
2011-09-22,19.59,19.63,19.57,19.58,130974028
2011-09-23,19.72,19.75,19.56,19.68,83867020
2011-09-24,19.66,19.82,19.54,19.6,100279132
2011-09-25,19.5,19.63,19.13,19.4,140429909
2011-09-26,19.23,19.36,19.04,19.14,109138736
2011-09-27,19.42,19.5,19.32,19.4,95324729
2011-09-28,19.17,19.43,19.12,19.35,148307247
2011-09-29,19.42,19.62,19.41,19.43,127571691
2011-09-30,18.85,19.6,18.63,19.12,127789662
2011-10-01,19.39,19.77,19.05,19.07,111082749
2011-10-02,19.54,19.59,19.3,19.32,72247290
2011-10-03,19.2,19.34,19.08,19.3,135321477
2011-10-04,19.79,19.91,19.67,19.82,86842972
2011-10-05,19.77,19.92,19.66,19.74,117013793
2011-10-06,19.49,19.52,19.47,19.49,136008226
2011-10-07,19.34,19.43,19.19,19.29,93008251
2011-10-08,19.32,19.68,19.2,19.5,62653487
2011-10-09,19.32,19.32,19.28,19.3,82581995
2011-10-10,19.32,19.41,19.17,19.35,96143033
2011-10-11,19.18,19.52,19.15,19.36,63702751
2011-10-12,19.51,19.84,19.22,19.49,60607143
2011-10-13,19.66,19.99,19.13,19.42,68036638
2011-10-14,19.7,19.75,19.59,19.71,118323057
2011-10-15,19.68,19.8,19.6,19.74,63904567
2011-10-16,19.71,20.04,19.49,19.9,55804384
2011-10-17,19.97,20.03,19.86,20.03,152408647
2011-10-18,19.9,20.49,19.66,20.12,82854826
2011-10-19,20.27,21.23,20.27,20.66,86799044
2011-10-20,20.39,20.57,20.26,20.3,145343319
2011-10-21,19.9,20.25,19.85,20.04,58675836
2011-10-22,20.05,20.34,19.81,20.07,136342130
2011-10-23,19.88,19.98,19.81,19.87,159329330
2011-10-24,20.27,20.35,20.25,20.3,126933018
2011-10-25,20.45,20.89,20.13,20.15,77151105
2011-10-26,20.1,20.16,19.68,19.78,107587554
2011-10-27,19.79,19.98,19.74,19.86,149978642
2011-10-28,19.52,19.74,19.36,19.7,72479932
2011-10-29,19.95,20.25,19.64,20.02,125562409
2011-10-30,20.21,20.39,20.15,20.18,124443355
2011-10-31,20.38,20.45,20.06,20.13,110165288
2011-11-01,20.46,20.93,20.13,20.27,159378986
2011-11-02,20.4,20.41,20.32,20.39,89753931
2011-11-03,19.94,19.94,19.84,19.92,88525693
2011-11-04,19.45,19.9,19.37,19.75,157613408
2011-11-05,19.72,19.88,19.18,19.58,68654295
2011-11-06,19.81,19.93,19.56,19.69,70264698
2011-11-07,19.98,20.07,19.66,19.91,72434645
2011-11-08,19.06,19.84,18.74,19.47,152966533
2011-11-09,19.38,19.68,19.28,19.44,124033109
2011-11-10,19.85,19.93,19.85,19.85,85031859
2011-11-11,19.43,19.63,19.36,19.58,168193571
2011-11-12,19.66,19.75,19.56,19.67,91922577
2011-11-13,19.2,19.44,18.84,19.28,149884085
2011-11-14,19.05,19.15,18.76,18.88,91646422
2011-11-15,19.12,19.19,19.11,19.12,88478111
2011-11-16,19.33,19.42,18.96,19.04,60690802
2011-11-17,19.41,19.68,19.16,19.35,99046074
2011-11-18,19.47,19.6,18.98,19.36,82023553
2011-11-19,19.41,19.58,19.32,19.46,121442437
2011-11-20,19.41,19.73,19.25,19.39,61108371
2011-11-21,18.88,19.14,18.74,19.12,126786171
2011-11-22,19.11,19.67,19.0,19.35,75339176
2011-11-23,19.7,19.78,19.69,19.77,129646193
2011-11-24,20.03,20.25,19.62,19.86,96117081
2011-11-25,19.95,20.33,19.92,20.16,76154686
2011-11-26,20.82,20.87,20.58,20.58,95237495
2011-11-27,20.96,21.07,20.63,20.87,73427824
2011-11-28,20.62,20.71,20.55,20.68,129337353
2011-11-29,20.65,20.87,20.57,20.66,134995879
2011-11-30,20.96,20.97,20.81,20.85,88579335
2011-12-01,20.1,20.41,20.04,20.31,121174567
2011-12-02,20.43,20.47,20.29,20.42,63993500
2011-12-03,20.33,20.54,20.29,20.39,83005453
2011-12-04,20.25,20.52,20.21,20.35,141617004
2011-12-05,20.74,20.74,20.08,20.44,60850991
2011-12-06,20.61,20.69,20.38,20.61,162526781
2011-12-07,20.65,20.78,20.47,20.5,62681191
2011-12-08,20.79,20.9,20.38,20.67,60007621
2011-12-09,20.78,20.97,20.7,20.89,134783306
2011-12-10,20.73,20.84,20.49,20.64,58074011
2011-12-11,20.73,20.77,20.51,20.62,102529609
2011-12-12,20.99,21.11,20.77,20.82,70378082
2011-12-13,21.08,21.31,20.87,21.02,102252798
2011-12-14,21.06,21.38,20.62,20.89,144900531
2011-12-15,20.58,20.89,20.33,20.6,87471154
2011-12-16,20.56,21.06,20.37,20.81,91914811
2011-12-17,20.52,20.67,20.52,20.62,130731690
2011-12-18,20.58,20.66,20.58,20.63,89185458
2011-12-19,20.66,21.09,20.32,20.69,64379928
2011-12-20,20.43,20.68,20.41,20.54,90707135
2011-12-21,20.48,20.48,20.23,20.47,104633859
2011-12-22,20.9,20.95,20.87,20.9,169735752
2011-12-23,20.85,21.0,20.79,20.88,111294683
2011-12-24,20.66,20.98,20.19,20.54,79065235
2011-12-25,20.52,20.84,20.44,20.75,89906134
2011-12-26,20.96,21.22,20.65,20.87,135099687
2011-12-27,20.36,20.6,20.23,20.56,77612728
2011-12-28,20.27,20.35,20.09,20.25,100830164
2011-12-29,20.23,20.24,20.11,20.24,52154954
2011-12-30,19.92,20.3,19.87,20.29,61435457
2011-12-31,20.53,20.6,20.14,20.35,96212421
2012-01-01,20.11,20.16,19.66,20.13,154145753
2012-01-02,20.45,20.46,20.2,20.36,139320426
2012-01-03,19.96,20.41,19.63,20.01,97372099
2012-01-04,19.96,19.97,19.66,19.88,99220494
2012-01-05,20.34,20.38,19.9,19.91,67429130
2012-01-06,20.27,20.29,19.9,20.14,127333499
2012-01-07,20.35,20.56,20.24,20.3,154196323
2012-01-08,20.33,20.48,20.28,20.29,145166722
2012-01-09,20.03,20.26,19.84,20.16,146734750
2012-01-10,19.65,19.89,19.56,19.89,154441257
2012-01-11,19.48,19.69,19.34,19.5,109360149
2012-01-12,19.49,19.81,19.27,19.34,127342585
2012-01-13,19.24,19.41,19.24,19.36,72996530
2012-01-14,19.66,19.8,19.53,19.61,94737104
2012-01-15,19.28,19.56,18.99,19.36,106660681
2012-01-16,19.6,19.66,19.13,19.18,70738419
2012-01-17,18.87,18.98,18.84,18.88,141832059
2012-01-18,19.01,19.21,18.89,19.08,59475156
2012-01-19,18.78,19.23,18.63,19.19,98422476
2012-01-20,19.36,19.53,19.07,19.25,76353889
2012-01-21,19.57,19.98,19.54,19.6,137878423
2012-01-22,19.52,19.54,19.39,19.52,98271999
2012-01-23,19.85,19.91,19.44,19.86,132366505
2012-01-24,19.55,20.08,19.5,19.99,109244002
2012-01-25,19.5,19.98,19.42,19.53,123094624
2012-01-26,19.36,19.62,19.36,19.5,132139711
2012-01-27,19.55,19.68,19.31,19.42,94871669
2012-01-28,19.38,19.39,19.28,19.31,100601195
2012-01-29,19.03,19.19,19.01,19.06,74732031
2012-01-30,18.51,19.24,18.27,18.78,135950937
2012-01-31,19.04,19.08,18.99,19.07,152345239
2012-02-01,18.94,18.95,18.68,18.91,133081430
2012-02-02,19.08,19.18,19.05,19.13,138731177
2012-02-03,19.33,19.42,19.18,19.23,146877449
2012-02-04,19.56,19.59,19.4,19.41,109291916
2012-02-05,19.62,19.64,19.54,19.59,111848676
2012-02-06,19.63,19.65,19.5,19.57,104520660
2012-02-07,19.53,19.57,19.34,19.55,63596062
2012-02-08,19.3,19.41,19.28,19.31,152194616
2012-02-09,19.74,19.98,19.13,19.57,144627091
2012-02-10,19.6,19.77,19.52,19.54,78036418
2012-02-11,19.35,19.59,19.15,19.55,144017313
2012-02-12,19.88,19.98,19.74,19.85,113783561
2012-02-13,19.97,20.04,19.59,19.86,84435697
2012-02-14,19.77,19.92,19.44,19.78,125700450
2012-02-15,19.9,19.95,19.82,19.92,140543599
2012-02-16,19.76,20.0,19.52,19.94,81295836
2012-02-17,20.04,20.17,19.8,20.08,143399502
2012-02-18,20.14,20.15,19.94,20.09,62601354
2012-02-19,19.82,19.98,19.73,19.77,128726742
2012-02-20,19.69,19.92,19.63,19.83,138567365
2012-02-21,20.39,20.44,20.07,20.23,121090023
2012-02-22,20.7,20.78,20.12,20.45,122594208
2012-02-23,20.46,20.59,20.31,20.4,100605442
2012-02-24,20.2,20.45,19.87,20.31,114185712
2012-02-25,20.51,20.62,19.93,20.43,151763274
2012-02-26,20.78,20.85,20.28,20.51,103174736
2012-02-27,20.54,20.64,20.32,20.33,97621155
2012-02-28,20.81,21.12,20.75,21.0,95501112
2012-02-29,21.39,21.55,21.25,21.38,64592314
2012-03-01,20.95,21.07,20.88,21.05,106262059
2012-03-02,21.36,21.44,21.35,21.39,65764209
2012-03-03,21.77,21.85,21.7,21.76,103107644
2012-03-04,22.12,22.16,21.98,22.14,119813842
2012-03-05,21.9,22.82,21.65,22.3,137618544
2012-03-06,22.32,23.05,22.21,22.48,119871393
2012-03-07,22.4,22.61,22.19,22.55,64020698
2012-03-08,21.57,22.61,21.54,22.32,118143083
2012-03-09,22.26,22.29,22.2,22.24,99569303
2012-03-10,22.07,22.38,21.97,22.32,126559221
2012-03-11,22.14,22.76,22.06,22.46,113579791
2012-03-12,22.35,22.36,22.23,22.28,73529451
2012-03-13,22.29,22.38,21.94,22.24,51117500
2012-03-14,22.84,23.03,22.34,22.78,173742092
2012-03-15,22.89,22.9,22.48,22.57,86040003
2012-03-16,22.43,22.44,22.1,22.13,91343922
2012-03-17,22.05,22.22,22.03,22.15,134165871
2012-03-18,22.4,22.42,22.37,22.38,104893907
2012-03-19,22.16,22.6,21.72,22.33,114826883
2012-03-20,22.38,22.52,22.16,22.32,65681265
2012-03-21,22.09,23.17,22.05,22.48,112212142
2012-03-22,22.25,22.45,21.9,22.17,68399585
2012-03-23,22.11,22.46,22.11,22.23,57780706
2012-03-24,22.17,22.29,21.99,22.2,110140168
2012-03-25,22.52,22.54,22.25,22.41,95905355
2012-03-26,22.62,22.64,22.53,22.57,60153956
2012-03-27,23.04,23.2,22.37,22.81,85033195
2012-03-28,22.67,22.93,22.64,22.81,86003456
2012-03-29,22.87,22.9,22.79,22.85,131060328
2012-03-30,22.75,23.09,22.61,22.7,91652380
2012-03-31,23.82,23.98,22.26,23.07,158072947
2012-04-01,22.26,22.57,22.26,22.44,175386472
2012-04-02,22.98,23.29,22.74,23.22,146575272
2012-04-03,23.18,23.3,23.11,23.12,130103018
2012-04-04,22.93,23.05,22.8,22.96,103846406
2012-04-05,22.87,22.99,22.5,22.78,103367857
2012-04-06,23.11,23.46,22.99,23.43,188409770
2012-04-07,23.69,24.59,23.43,23.94,69928432
2012-04-08,24.18,24.39,23.81,24.21,157297177
2012-04-09,24.71,24.73,24.6,24.61,95862391
2012-04-10,24.77,25.45,24.7,25.01,60761296
2012-04-11,24.67,24.9,24.63,24.8,114142624
2012-04-12,24.0,24.49,23.77,24.34,177029124
2012-04-13,24.53,25.17,24.31,24.61,78021540
2012-04-14,24.18,24.3,24.09,24.12,154317628
2012-04-15,23.96,24.59,23.55,24.27,60524366
2012-04-16,24.7,24.82,24.16,24.31,76806292
2012-04-17,24.37,24.97,23.82,24.11,109374500
2012-04-18,24.68,24.95,24.25,24.38,115561413
2012-04-19,24.72,24.98,24.37,24.38,64086438
2012-04-20,24.15,24.3,23.45,24.26,109492885
2012-04-21,24.35,24.47,24.2,24.41,86950883
2012-04-22,24.54,24.66,24.53,24.62,140052745
2012-04-23,24.86,25.09,24.81,25.0,103454594
2012-04-24,24.86,25.26,24.73,25.21,122743530
2012-04-25,25.4,25.52,25.24,25.28,67992826
2012-04-26,24.45,25.12,24.44,24.85,92060467
2012-04-27,24.87,25.1,24.48,24.92,115128772
2012-04-28,24.45,24.9,24.02,24.64,63417218
2012-04-29,24.45,24.87,24.27,24.6,93759090
2012-04-30,24.55,25.54,24.21,24.82,83487781
2012-05-01,24.59,24.76,24.59,24.6,145310361
2012-05-02,24.36,24.57,24.08,24.53,138884267
2012-05-03,25.28,25.46,25.23,25.33,68894701
2012-05-04,24.41,24.77,24.32,24.68,127152254
2012-05-05,25.19,25.25,25.18,25.22,181958505
2012-05-06,25.17,25.38,25.1,25.32,52126173
2012-05-07,24.73,25.0,24.66,24.66,163783803
2012-05-08,24.83,25.06,24.79,24.94,118600565
2012-05-09,25.21,25.52,24.97,25.25,164423014
2012-05-10,25.23,25.29,24.69,25.17,59140016
2012-05-11,25.37,25.76,25.26,25.3,109214833
2012-05-12,25.86,25.9,25.53,25.64,83535027
2012-05-13,25.76,25.99,25.34,25.69,139144168
2012-05-14,25.41,26.03,24.79,25.59,144501773
2012-05-15,26.16,26.36,25.93,25.93,71853946
2012-05-16,25.73,25.84,25.64,25.74,129851941
2012-05-17,25.89,25.91,25.8,25.89,141327132
2012-05-18,25.74,25.76,25.39,25.6,132649065
2012-05-19,25.1,25.4,25.08,25.36,93584888
2012-05-20,25.83,25.9,25.62,25.65,99554898
2012-05-21,25.53,25.56,25.39,25.43,136569555
2012-05-22,25.46,25.62,25.24,25.4,142332845
2012-05-23,25.79,25.93,25.26,25.49,145990694
2012-05-24,26.0,26.32,25.14,25.29,104996323
2012-05-25,25.89,25.94,25.63,25.64,114414881
2012-05-26,25.35,25.6,25.12,25.55,134982837
2012-05-27,26.34,26.78,26.11,26.29,104904070
2012-05-28,26.56,26.92,26.3,26.7,116854806
2012-05-29,26.59,26.67,25.9,26.37,96624502
2012-05-30,26.74,26.92,26.61,26.8,134920337
2012-05-31,26.9,27.33,26.54,27.13,63076496
2012-06-01,27.3,27.9,27.16,27.2,93704684
2012-06-02,27.49,28.05,27.34,27.55,58005853
2012-06-03,26.78,27.12,26.43,27.01,146261905
2012-06-04,27.25,27.43,27.0,27.35,150946853
2012-06-05,28.18,28.21,27.95,27.96,87154398
2012-06-06,27.63,27.77,27.59,27.7,79050791
2012-06-07,27.65,27.68,27.55,27.66,52639440
2012-06-08,28.12,28.25,27.68,27.82,103886970
2012-06-09,28.81,28.96,27.95,28.42,165351517
2012-06-10,28.83,29.16,28.78,28.92,88313033
2012-06-11,28.86,28.96,28.86,28.92,139246724
2012-06-12,28.87,28.95,28.74,28.8,153392190
2012-06-13,28.35,28.41,27.95,28.18,103168754
2012-06-14,28.55,28.56,28.38,28.48,163889944
2012-06-15,28.93,29.18,28.17,28.72,91663614
2012-06-16,28.96,29.47,28.57,29.07,81336739
2012-06-17,28.67,29.03,28.59,28.73,145621679
2012-06-18,28.34,28.36,28.21,28.35,165541936
2012-06-19,28.26,28.31,27.96,28.27,79264722
2012-06-20,27.39,28.07,27.3,27.83,152027295
2012-06-21,28.29,28.47,27.88,28.21,137099779
2012-06-22,28.57,28.74,28.13,28.28,109052331
2012-06-23,27.33,28.23,27.3,28.03,99561728
2012-06-24,27.9,28.05,27.73,27.86,96175830
2012-06-25,27.19,27.4,26.75,27.26,65845550
2012-06-26,26.76,26.81,26.73,26.79,157321552
2012-06-27,26.33,26.57,25.8,26.43,134750975
2012-06-28,25.8,26.86,25.69,26.27,146590112
2012-06-29,25.93,26.47,25.88,26.25,78233092
2012-06-30,26.73,26.9,26.59,26.71,115246789
2012-07-01,26.61,26.77,26.42,26.61,155486063
2012-07-02,26.67,27.12,26.48,26.48,154207568
2012-07-03,26.03,26.35,25.73,26.11,153925832
2012-07-04,25.42,25.89,25.41,25.84,148913752
2012-07-05,25.72,25.76,25.46,25.74,134736622
2012-07-06,25.89,25.95,25.51,25.62,76353738
2012-07-07,26.11,26.12,25.21,25.22,141529821
2012-07-08,25.31,25.71,25.27,25.33,143925532
2012-07-09,25.8,25.97,25.53,25.69,145251576
2012-07-10,25.91,26.02,25.86,25.92,133559819
2012-07-11,25.86,26.02,25.86,26.0,77547614
2012-07-12,26.03,26.33,25.56,26.0,86817918
2012-07-13,26.12,26.24,25.9,26.09,130330164
2012-07-14,26.59,26.87,26.52,26.59,177872971
2012-07-15,27.02,27.15,26.49,26.75,156264020
2012-07-16,27.09,27.76,26.85,27.14,76939483
2012-07-17,27.24,27.4,27.14,27.28,113598219
2012-07-18,27.4,27.46,27.26,27.4,105554179
2012-07-19,27.86,28.21,27.57,27.94,82233299
2012-07-20,27.76,28.52,27.74,28.19,130699905
2012-07-21,28.03,28.04,27.96,27.97,129303332
2012-07-22,28.2,28.32,28.19,28.25,164041161
2012-07-23,28.1,28.42,27.81,28.28,135295406
2012-07-24,28.88,29.33,28.42,29.24,179460288
2012-07-25,29.42,29.71,28.77,29.41,151266165
2012-07-26,29.65,29.93,29.59,29.66,80428547
2012-07-27,29.07,29.5,29.01,29.47,158232281
2012-07-28,29.3,29.81,29.29,29.72,68325406
2012-07-29,29.92,30.17,29.64,29.93,79939223
2012-07-30,29.97,30.02,29.85,29.93,115147852
2012-07-31,28.49,29.37,28.45,29.23,129858632
2012-08-01,29.81,29.87,29.24,29.31,58255558
2012-08-02,29.56,29.75,29.14,29.36,126628832
2012-08-03,29.33,29.56,28.79,29.48,122747601
2012-08-04,29.88,30.02,29.79,29.96,87291622
2012-08-05,30.4,30.75,29.76,30.18,96870655
2012-08-06,29.66,30.53,29.64,30.06,83080081
2012-08-07,29.51,30.17,29.14,29.69,137225183
2012-08-08,29.09,29.19,28.64,29.11,157993905
2012-08-09,28.75,29.6,28.67,29.07,98389857
2012-08-10,29.26,29.33,29.08,29.11,151772689
2012-08-11,29.0,29.27,28.77,29.17,99608721
2012-08-12,28.81,29.12,28.61,28.64,119102080
2012-08-13,28.8,28.95,28.14,28.72,51831102
2012-08-14,28.75,28.77,28.34,28.44,94830333
2012-08-15,28.71,29.22,28.63,28.89,145222457
2012-08-16,28.84,28.87,28.81,28.87,87216001
2012-08-17,28.37,28.78,28.31,28.62,140330739
2012-08-18,29.27,29.28,28.87,29.24,88192526
2012-08-19,29.47,29.53,29.22,29.42,139162874
2012-08-20,29.43,29.59,29.36,29.49,96399658
2012-08-21,29.7,29.76,29.25,29.59,64574102
2012-08-22,29.61,29.66,29.41,29.6,109766868
2012-08-23,29.4,30.39,29.38,29.89,132394362
2012-08-24,29.63,30.13,29.42,29.7,96086130
2012-08-25,28.97,29.32,28.79,28.89,177603949
2012-08-26,28.29,28.46,28.08,28.34,62528795
2012-08-27,28.46,28.49,28.37,28.41,63573899
2012-08-28,28.53,28.82,28.32,28.53,99870518
2012-08-29,28.57,28.74,27.95,28.3,141196231
2012-08-30,27.69,28.48,27.59,28.13,143989087
2012-08-31,27.73,28.11,27.46,27.84,95005472
2012-09-01,28.08,28.36,28.02,28.18,62461485
2012-09-02,28.12,28.35,28.03,28.31,60120942
2012-09-03,28.68,28.75,28.54,28.6,118869777
2012-09-04,28.72,29.27,28.51,28.69,145581661
2012-09-05,29.08,29.14,27.85,28.77,85394922
2012-09-06,28.78,28.95,28.42,28.57,146380282
2012-09-07,28.53,29.04,28.24,28.76,148713648
2012-09-08,29.53,29.77,29.43,29.48,148911904
2012-09-09,29.16,29.79,29.04,29.48,65852356
2012-09-10,29.75,29.81,29.7,29.74,133346028
2012-09-11,30.43,31.1,30.05,30.24,163326222
2012-09-12,29.65,30.13,29.62,29.82,140610044
2012-09-13,30.02,30.23,29.98,30.15,92575684
2012-09-14,29.93,30.03,29.84,29.98,107327950
2012-09-15,30.55,30.61,30.04,30.44,158411768
2012-09-16,29.67,29.94,29.52,29.81,99949344
2012-09-17,29.91,29.91,29.73,29.73,72041185
2012-09-18,29.74,30.0,29.54,29.94,94268087
2012-09-19,30.83,30.89,29.87,30.86,89207087
2012-09-20,31.06,31.34,30.83,30.98,129001910
2012-09-21,30.93,31.08,30.78,30.86,64124988
2012-09-22,30.95,30.96,30.68,30.72,90003402
2012-09-23,30.22,31.32,29.53,30.6,65533830
2012-09-24,30.17,30.37,30.15,30.26,124855032
2012-09-25,29.87,30.54,29.67,30.04,98234959
2012-09-26,30.18,30.38,30.11,30.25,112659072
2012-09-27,29.69,29.82,29.64,29.78,60893900
2012-09-28,29.12,29.71,29.08,29.56,69757119
2012-09-29,29.75,30.64,29.15,29.59,113834239
2012-09-30,28.94,30.25,28.72,29.72,70967008
2012-10-01,29.95,30.01,29.64,29.92,153384301
2012-10-02,30.06,30.12,29.83,29.86,104968130
2012-10-03,29.77,29.84,29.46,29.71,154367081
2012-10-04,30.25,30.38,29.94,30.04,102553233
2012-10-05,29.79,30.6,29.67,30.14,85904514
2012-10-06,30.74,30.95,29.36,30.08,104903598
2012-10-07,30.5,30.58,30.41,30.46,146431780
2012-10-08,30.34,30.36,30.27,30.33,148321967
2012-10-09,30.94,31.09,30.92,30.95,179749371
2012-10-10,31.32,31.37,31.04,31.09,113192583
2012-10-11,30.63,30.86,30.62,30.82,84311321
2012-10-12,30.77,30.8,30.5,30.72,115796036
2012-10-13,30.29,30.32,29.95,30.25,114577108
2012-10-14,30.48,30.55,30.05,30.41,118000346
2012-10-15,29.85,30.09,29.85,30.08,146408789
2012-10-16,30.22,30.75,30.11,30.41,102572174
2012-10-17,29.65,29.87,29.28,29.68,66718973
2012-10-18,29.16,29.39,29.01,29.23,82875309
2012-10-19,29.74,30.21,29.7,29.71,126833951
2012-10-20,29.29,29.38,29.23,29.27,60686316
2012-10-21,29.08,29.54,28.92,29.51,87990236
2012-10-22,29.39,29.65,29.33,29.42,151385818
2012-10-23,29.42,29.77,28.76,29.73,59033444
2012-10-24,29.55,29.89,29.45,29.54,60121511
2012-10-25,28.99,29.33,28.82,29.21,89966523
2012-10-26,29.35,29.54,28.71,29.13,71477824
2012-10-27,28.71,28.8,28.61,28.78,59161412
2012-10-28,28.74,29.06,28.31,28.83,101651898
2012-10-29,28.41,28.55,28.39,28.48,135787994
2012-10-30,28.43,28.82,28.11,28.33,74164036
2012-10-31,28.06,28.41,27.98,28.32,145317940
2012-11-01,28.38,28.56,28.22,28.31,128152768
2012-11-02,29.03,29.23,28.54,28.99,100421361
2012-11-03,29.13,29.45,29.07,29.15,147703932
2012-11-04,29.1,30.14,29.03,29.58,82646811
2012-11-05,29.73,30.03,29.35,29.37,131607424
2012-11-06,28.75,30.01,28.34,29.24,126128450
2012-11-07,30.01,30.14,29.88,30.06,65381289
2012-11-08,29.11,29.43,28.92,29.3,72350501
2012-11-09,29.45,29.63,29.37,29.55,117681171
2012-11-10,29.53,29.78,29.51,29.54,125476018
2012-11-11,29.19,30.07,29.19,29.63,149029381
2012-11-12,29.59,29.76,29.0,29.4,125854580
2012-11-13,29.0,29.53,28.99,29.31,101841203
2012-11-14,29.42,29.82,29.12,29.39,124346217
2012-11-15,29.04,29.41,28.73,29.34,88960919
2012-11-16,30.19,30.21,29.46,29.6,161717672
2012-11-17,29.95,30.3,29.84,29.85,142088911
2012-11-18,29.39,29.65,29.12,29.49,161052678
2012-11-19,29.52,29.68,29.5,29.62,79762789
2012-11-20,28.89,30.15,28.88,29.1,162241394
2012-11-21,28.68,28.84,28.45,28.77,108102665
2012-11-22,29.6,29.69,28.75,28.85,53755207
2012-11-23,28.91,29.08,28.73,28.86,99012148
2012-11-24,28.4,28.8,27.98,28.59,103068800
2012-11-25,28.79,28.8,28.72,28.75,118434311
2012-11-26,29.59,29.62,29.14,29.4,165088403
2012-11-27,29.51,29.75,29.36,29.44,145634226
2012-11-28,29.11,29.42,28.84,29.23,128287521
2012-11-29,28.71,28.87,28.63,28.69,64116118
2012-11-30,28.67,30.0,28.59,28.91,70351895
2012-12-01,28.92,29.63,28.53,29.18,86843340
2012-12-02,29.1,29.15,28.77,29.07,92807068
2012-12-03,28.69,28.92,28.32,28.79,139952075
2012-12-04,28.86,28.9,28.47,28.88,79181548
2012-12-05,29.18,29.33,29.09,29.21,105901270
2012-12-06,29.18,29.38,28.64,28.95,112360728
2012-12-07,29.12,29.54,28.86,29.05,128568005
2012-12-08,28.79,28.79,28.6,28.75,90040841
2012-12-09,28.91,29.38,28.76,28.92,136158207
2012-12-10,29.21,29.56,29.02,29.42,112320247
2012-12-11,29.37,29.44,29.1,29.4,118287387
2012-12-12,29.43,30.63,28.85,29.67,100557288
2012-12-13,29.85,29.91,29.75,29.86,132480086
2012-12-14,29.22,29.97,29.17,29.63,86899670
2012-12-15,29.39,29.48,29.13,29.22,103844611
2012-12-16,29.58,29.89,29.27,29.68,96309047
2012-12-17,29.56,29.65,29.41,29.64,84707434
2012-12-18,29.27,30.37,29.25,29.58,97261001
2012-12-19,29.52,29.98,29.35,29.83,92324861
2012-12-20,29.33,29.4,29.33,29.38,133313616
2012-12-21,28.85,28.91,28.69,28.89,150551744
2012-12-22,28.85,28.89,28.47,28.74,73539199
2012-12-23,29.13,29.23,29.06,29.07,145427965
2012-12-24,29.6,30.01,29.57,29.6,85639825
2012-12-25,29.33,29.59,29.33,29.41,123070281
2012-12-26,28.82,29.64,28.38,29.32,111050407
2012-12-27,29.58,29.87,29.14,29.2,123902591
2012-12-28,29.5,29.54,29.36,29.52,126249611
2012-12-29,29.81,30.17,29.75,29.82,127542583
2012-12-30,29.0,29.8,28.84,29.64,130870242
2012-12-31,29.61,29.66,29.41,29.51,57821956
2013-01-01,29.83,29.93,29.61,29.79,74237408
2013-01-02,29.51,29.77,29.14,29.52,153938598
2013-01-03,29.25,29.41,29.17,29.27,83648212
2013-01-04,29.05,29.06,28.86,28.97,69022168
2013-01-05,29.48,29.74,28.91,29.38,83960906
2013-01-06,28.92,29.65,28.74,29.16,69946269
2013-01-07,28.84,28.85,28.67,28.81,115041320
2013-01-08,29.39,29.47,29.18,29.25,150954823
2013-01-09,29.48,29.51,29.33,29.4,90051266
2013-01-10,29.66,29.88,29.52,29.82,108852960
2013-01-11,29.92,29.98,29.75,29.86,124336721
2013-01-12,29.86,30.21,29.16,29.48,74193972
2013-01-13,29.51,29.9,29.35,29.63,116434022
2013-01-14,29.4,29.53,29.3,29.49,72997639
2013-01-15,29.12,29.3,27.97,28.8,106311749
2013-01-16,28.23,29.07,28.06,28.78,88735956
2013-01-17,28.79,29.29,28.78,29.26,127878760
2013-01-18,28.99,29.07,28.76,28.85,57929368
2013-01-19,28.74,29.51,28.48,29.15,72215176
2013-01-20,29.21,29.72,28.82,29.65,94631359
2013-01-21,30.16,30.5,29.99,30.04,143414991
2013-01-22,30.09,30.09,29.72,29.85,73879718
2013-01-23,29.53,29.77,29.48,29.63,154257474
2013-01-24,29.04,30.06,28.95,29.55,82466555
2013-01-25,30.49,30.52,30.33,30.37,98924745
2013-01-26,30.39,30.58,30.26,30.33,57958767
2013-01-27,30.2,30.51,29.88,30.22,144378907
2013-01-28,30.93,30.95,30.67,30.71,151646432
2013-01-29,31.16,31.38,30.69,31.09,119647289
2013-01-30,31.43,31.47,30.7,31.07,123883293
2013-01-31,31.41,31.47,31.04,31.09,64090344
2013-02-01,30.57,31.43,30.31,31.25,112293282
2013-02-02,31.61,32.29,31.43,32.01,144218262
2013-02-03,32.33,32.35,31.62,32.22,71933738
2013-02-04,32.75,32.96,32.64,32.7,77089422
2013-02-05,32.91,33.26,32.88,32.88,154875541
2013-02-06,32.73,32.87,32.5,32.77,91643421
2013-02-07,32.66,33.08,32.52,32.77,54026860
2013-02-08,32.82,32.92,32.46,32.83,131400356
2013-02-09,32.62,32.71,32.43,32.59,146950300
2013-02-10,32.72,32.97,32.4,32.47,108222454
2013-02-11,32.54,32.58,32.43,32.49,81955832
2013-02-12,32.11,32.33,32.01,32.32,152365900
2013-02-13,31.96,32.11,31.5,31.93,144802588
2013-02-14,32.44,32.64,31.94,32.2,157880298
2013-02-15,32.03,32.04,32.0,32.01,150083699
2013-02-16,31.89,32.06,31.81,31.85,65841077
2013-02-17,32.24,32.34,32.16,32.32,104409665
2013-02-18,31.68,32.03,31.55,31.88,158500206
2013-02-19,31.97,32.11,31.84,31.93,90309320
2013-02-20,32.02,32.47,31.69,32.39,122697709
2013-02-21,32.69,32.85,32.42,32.65,63786089
2013-02-22,31.85,32.08,31.72,31.95,81979455
2013-02-23,31.68,32.91,31.2,32.01,52178799
2013-02-24,32.42,32.57,31.81,32.3,121235150
2013-02-25,31.51,32.35,31.15,31.82,81482912
2013-02-26,32.19,32.36,32.04,32.07,143659706
2013-02-27,33.03,33.59,32.97,33.05,142297902
2013-02-28,32.69,33.11,32.53,32.88,124940512
2013-03-01,33.33,33.47,32.76,32.93,63920838
2013-03-02,33.3,33.34,33.08,33.19,64425736
2013-03-03,33.01,33.05,32.57,32.85,159438366
2013-03-04,33.44,33.9,33.33,33.56,109623120
2013-03-05,33.24,33.41,32.97,33.28,146911042
2013-03-06,32.92,33.23,32.85,33.21,145930039
2013-03-07,33.47,33.85,33.34,33.55,133218498
2013-03-08,33.91,33.99,33.53,33.57,112351506
2013-03-09,34.5,34.91,34.21,34.3,142863691
2013-03-10,34.42,34.71,34.03,34.43,102481459
2013-03-11,34.47,35.45,33.39,34.55,62561712
2013-03-12,35.08,35.42,34.55,34.68,116231230
2013-03-13,34.46,34.66,34.24,34.61,62363894
2013-03-14,34.76,35.48,34.45,35.06,161904264
2013-03-15,35.4,35.74,34.91,35.31,137880371
2013-03-16,35.1,35.65,34.88,35.21,140018978
2013-03-17,34.48,35.11,34.35,34.91,125940375
2013-03-18,35.52,35.56,35.51,35.52,129648832
2013-03-19,36.42,36.85,35.87,36.18,100096556
2013-03-20,35.76,35.86,35.75,35.79,154199786
2013-03-21,35.83,35.96,35.76,35.86,96313670
2013-03-22,36.68,37.2,36.5,36.69,158456320
2013-03-23,36.69,37.02,36.65,36.72,134058319
2013-03-24,37.15,37.16,37.06,37.07,101392744
2013-03-25,36.41,36.95,36.19,36.9,128205136
2013-03-26,37.21,37.5,36.86,37.27,71720902
2013-03-27,37.47,38.46,37.46,37.86,58068054
2013-03-28,37.33,37.47,37.18,37.39,71646799
2013-03-29,37.88,38.1,37.37,38.03,126035702
2013-03-30,38.51,38.55,37.9,38.29,96335147
2013-03-31,38.96,39.76,37.82,38.3,86454641
2013-04-01,37.32,37.71,37.11,37.58,60701601
2013-04-02,37.48,37.49,37.36,37.41,77035286
2013-04-03,37.76,38.42,37.25,38.24,137106077
2013-04-04,37.68,38.29,37.55,38.02,123820079
2013-04-05,37.38,37.4,37.26,37.27,132532048
2013-04-06,37.47,37.48,37.37,37.47,106380949
2013-04-07,36.89,36.91,36.74,36.79,101621162
2013-04-08,36.5,36.69,35.72,36.46,140976265
2013-04-09,37.97,38.0,37.2,37.4,97329598
2013-04-10,37.75,37.82,37.24,37.32,86608252
2013-04-11,38.06,38.87,37.89,38.13,153276469
2013-04-12,39.61,39.62,37.86,38.66,77237053
2013-04-13,39.07,39.49,37.71,38.4,98606033
2013-04-14,38.64,38.72,38.58,38.66,156947544
2013-04-15,38.0,38.38,37.78,38.17,139301626
2013-04-16,37.44,37.8,36.99,37.07,180312563
2013-04-17,37.02,37.13,36.26,36.55,100629512
2013-04-18,36.77,36.99,36.3,36.59,124447814
2013-04-19,36.35,36.45,36.1,36.32,134889801
2013-04-20,36.44,36.45,36.32,36.35,138011680
2013-04-21,36.67,36.84,36.36,36.53,149871813
2013-04-22,36.42,36.42,36.38,36.39,75327494
2013-04-23,36.47,36.57,36.38,36.55,120036661
2013-04-24,37.87,37.88,36.03,36.83,59138796
2013-04-25,36.68,36.75,36.65,36.68,63410252
2013-04-26,37.05,37.09,36.18,36.48,143457416
2013-04-27,36.96,37.67,36.61,36.9,156246155
2013-04-28,36.94,36.96,36.31,36.81,115380493
2013-04-29,37.0,37.28,36.93,37.04,65278416
2013-04-30,36.94,36.95,36.93,36.94,120471339
2013-05-01,36.93,37.17,36.26,36.81,136749247
2013-05-02,36.23,36.25,36.23,36.24,73500047
2013-05-03,36.69,36.74,36.49,36.52,154883304
2013-05-04,35.79,36.14,35.55,35.9,135625777
2013-05-05,36.29,36.41,35.97,36.29,123242107
2013-05-06,36.37,36.64,35.35,36.5,64581832
2013-05-07,36.56,36.66,35.86,36.64,112133938
2013-05-08,37.04,37.65,36.64,37.19,107949347
2013-05-09,37.76,37.94,37.1,37.27,59936387
2013-05-10,36.65,36.97,36.4,36.79,70142752
2013-05-11,36.92,37.33,36.74,36.87,129030437
2013-05-12,37.82,38.14,37.33,37.74,183376304
2013-05-13,37.28,37.76,36.91,37.69,105647204
2013-05-14,38.24,38.36,38.08,38.21,78617381
2013-05-15,38.13,38.37,37.73,38.07,115696591
2013-05-16,38.15,38.75,37.73,38.46,96960433
2013-05-17,38.9,39.01,38.47,38.75,117191380
2013-05-18,38.32,38.45,37.87,38.29,113546042
2013-05-19,37.31,37.36,37.12,37.33,102126430
2013-05-20,36.63,36.67,36.51,36.52,83209722
2013-05-21,36.72,36.79,36.72,36.74,72761426
2013-05-22,37.38,38.43,37.16,37.41,152024316
2013-05-23,37.64,37.9,37.1,37.27,129696855
2013-05-24,36.49,37.01,36.46,36.67,152938449
2013-05-25,37.34,38.08,37.2,37.7,108928360
2013-05-26,37.89,38.33,37.84,38.14,61101795
2013-05-27,37.76,37.87,37.49,37.84,148900122
2013-05-28,36.98,37.59,36.83,37.37,145549663
2013-05-29,37.77,38.03,37.33,37.78,130588596
2013-05-30,38.81,38.88,38.4,38.55,124109575
2013-05-31,37.97,38.39,37.84,38.36,57070016
2013-06-01,38.22,38.34,37.85,38.12,93586773
2013-06-02,38.46,38.95,38.16,38.86,165980551
2013-06-03,38.98,39.41,38.54,38.63,112766090
2013-06-04,37.85,38.17,37.31,38.09,143286661
2013-06-05,37.87,39.0,37.85,38.66,121405453
2013-06-06,38.55,38.67,38.48,38.62,148209425
2013-06-07,38.1,38.17,37.99,38.13,123644388
2013-06-08,37.38,39.05,37.3,38.19,110350346
2013-06-09,37.92,37.93,37.69,37.78,59420556
2013-06-10,37.86,38.66,37.8,38.36,85275967
2013-06-11,38.45,38.74,38.4,38.55,121474424
2013-06-12,38.01,38.13,37.99,38.1,96349866
2013-06-13,38.15,38.66,37.81,38.5,58115553
2013-06-14,39.21,40.13,38.45,38.81,89708411
2013-06-15,39.15,39.22,38.44,38.47,138139624
2013-06-16,39.67,39.99,38.18,38.73,88878087
2013-06-17,38.71,39.25,38.49,38.76,144640265
2013-06-18,37.94,38.17,37.52,37.88,93361677
2013-06-19,38.14,38.24,37.64,37.79,78689763
2013-06-20,37.31,37.43,36.71,37.25,85240110
2013-06-21,37.13,37.36,36.96,36.97,119776201
2013-06-22,36.98,37.29,36.85,37.17,104342932
2013-06-23,38.27,39.31,37.73,37.82,126711190
2013-06-24,37.96,37.99,37.8,37.87,101219276
2013-06-25,37.46,38.33,37.11,37.63,76168839
2013-06-26,36.78,37.63,36.61,37.62,133663317
2013-06-27,36.86,37.07,36.63,36.98,166784755
2013-06-28,37.48,37.84,36.73,36.99,54308665
2013-06-29,37.03,37.09,36.87,37.01,147796246
2013-06-30,37.01,37.01,36.82,37.0,123645020
2013-07-01,37.39,37.74,36.7,36.84,118082837
2013-07-02,37.23,37.7,36.93,37.3,125861207
2013-07-03,37.91,38.11,37.48,37.78,158116595
2013-07-04,38.18,38.61,37.47,38.3,99520096
2013-07-05,38.19,38.62,38.18,38.44,121551527
2013-07-06,38.88,40.07,37.99,38.75,137423793
2013-07-07,38.99,39.07,38.54,38.81,151341737
2013-07-08,38.96,39.29,38.94,39.09,114563012
2013-07-09,38.54,38.82,38.06,38.42,118227540
2013-07-10,38.14,38.49,37.78,38.4,136436100
2013-07-11,38.46,38.63,38.3,38.47,56044382
2013-07-12,37.8,38.49,37.31,37.86,71076611
2013-07-13,38.36,38.39,38.18,38.25,89258485
2013-07-14,37.96,38.43,37.91,38.09,119585872
2013-07-15,37.68,37.91,37.5,37.57,145505060
2013-07-16,36.87,37.5,36.84,37.33,63186016
2013-07-17,38.35,38.68,37.67,37.73,118151341
2013-07-18,37.62,37.76,37.49,37.56,54803967
2013-07-19,37.77,38.51,37.77,38.2,95495937
2013-07-20,38.68,38.78,38.48,38.62,155077506
2013-07-21,37.86,38.71,37.77,38.6,92526996
2013-07-22,38.39,38.4,37.9,38.25,66431999
2013-07-23,37.95,38.58,37.72,37.91,135743578
2013-07-24,37.83,38.33,37.55,37.88,121573890
2013-07-25,38.19,38.19,37.78,38.03,55268246
2013-07-26,38.91,39.07,38.44,38.74,157148028
2013-07-27,38.04,38.56,37.31,38.03,102850674
2013-07-28,38.37,38.84,38.32,38.49,111960961
2013-07-29,38.4,38.86,38.36,38.53,74397172
2013-07-30,38.21,38.51,38.14,38.39,141714641
2013-07-31,39.5,39.88,39.09,39.33,131649196
2013-08-01,39.92,39.99,39.76,39.96,65164630
2013-08-02,39.77,39.8,39.42,39.78,75353261
2013-08-03,39.53,39.7,39.51,39.51,58879891
2013-08-04,39.66,39.94,39.09,39.44,144801945
2013-08-05,39.31,40.03,38.84,39.3,106824815
2013-08-06,38.93,39.36,38.77,39.03,82384991
2013-08-07,38.95,39.02,38.61,38.76,82633876
2013-08-08,38.3,38.96,37.96,38.76,138551521
2013-08-09,37.73,38.14,37.59,37.88,155206296
2013-08-10,38.9,39.08,38.28,38.47,165975219
2013-08-11,38.85,39.16,38.57,38.88,148536634
2013-08-12,38.1,38.75,37.92,37.96,155859453
2013-08-13,37.59,38.15,37.51,37.72,124843924
2013-08-14,37.69,38.12,37.58,37.74,71644023
2013-08-15,37.91,38.28,37.49,38.02,151644999
2013-08-16,39.63,39.84,39.6,39.65,102277853
2013-08-17,40.18,40.49,39.3,39.41,59009885
2013-08-18,37.99,38.53,37.95,38.52,145038766
2013-08-19,37.53,37.97,37.49,37.97,74007939
2013-08-20,38.44,38.7,38.3,38.36,104909464
2013-08-21,38.33,38.7,37.23,37.9,73584055
2013-08-22,38.32,38.69,38.04,38.38,117012533
2013-08-23,38.71,39.08,38.45,38.71,97289783
2013-08-24,38.46,38.6,38.35,38.59,55116008
2013-08-25,38.57,38.84,38.55,38.77,126275097
2013-08-26,39.29,40.39,39.06,39.67,63563269
2013-08-27,39.5,39.99,38.82,39.57,79427710
2013-08-28,40.3,40.5,40.24,40.35,154938123
2013-08-29,41.19,41.48,40.57,41.22,162079338
2013-08-30,42.42,42.44,41.89,42.19,110895968
2013-08-31,42.02,42.94,41.82,42.53,131542362
2013-09-01,41.95,42.15,41.9,41.91,155904510
2013-09-02,41.57,42.01,41.53,41.95,52220897
2013-09-03,41.85,42.69,41.8,42.32,126660822
2013-09-04,41.81,42.58,41.39,41.7,110435567
2013-09-05,42.46,42.8,42.1,42.38,138051607
2013-09-06,43.53,43.58,43.43,43.5,63592115
2013-09-07,43.32,44.04,43.21,43.44,88988469
2013-09-08,43.16,43.38,42.5,43.13,126120060
2013-09-09,42.86,42.9,42.37,42.8,120687908
2013-09-10,43.25,43.35,43.12,43.3,96346925
2013-09-11,43.4,43.8,43.19,43.22,103400733
2013-09-12,43.0,43.02,42.87,42.88,66145785
2013-09-13,43.32,43.78,43.31,43.55,111490077
2013-09-14,43.78,44.22,42.93,43.69,127666633
2013-09-15,44.28,44.81,43.79,44.14,151576649
2013-09-16,43.62,44.21,43.27,44.05,118749605
2013-09-17,43.81,44.01,43.76,43.95,150409796
2013-09-18,44.64,44.73,43.72,43.79,103346701
2013-09-19,43.95,44.16,43.87,44.06,140186717
2013-09-20,44.18,44.26,43.93,44.23,67273328
2013-09-21,44.34,44.53,43.65,44.5,74030551
2013-09-22,44.98,45.18,44.85,45.17,75497662
2013-09-23,44.83,45.82,44.59,45.29,111693575
2013-09-24,46.72,47.17,45.13,45.23,106608854
2013-09-25,44.93,44.98,44.69,44.95,151632153
2013-09-26,44.97,45.31,44.86,45.22,123874151
2013-09-27,44.85,45.07,44.31,44.62,82476824
2013-09-28,44.34,44.96,44.11,44.7,109524577
2013-09-29,46.05,46.33,44.45,44.99,91280403
2013-09-30,44.42,44.45,44.27,44.31,88401306
2013-10-01,44.29,44.34,44.23,44.32,67817570
2013-10-02,44.82,46.05,44.36,44.84,137308778
2013-10-03,45.96,46.35,45.02,45.34,159218999
2013-10-04,45.06,46.06,44.9,46.01,157186747
2013-10-05,45.73,46.88,45.51,46.4,105122207
2013-10-06,46.37,46.63,46.13,46.45,91178206
2013-10-07,46.49,46.63,45.91,46.17,57024177
2013-10-08,45.91,47.46,45.26,46.39,130730442
2013-10-09,46.83,47.22,46.75,47.03,75951221
2013-10-10,46.1,46.83,45.95,46.15,97227052
2013-10-11,48.08,48.71,46.6,46.93,60737751
2013-10-12,46.61,46.73,46.53,46.65,53372487
2013-10-13,47.21,48.16,46.2,46.61,71293568
2013-10-14,46.77,46.98,46.56,46.93,84407012
2013-10-15,45.68,45.75,45.07,45.7,81812289
2013-10-16,45.87,46.02,45.85,45.95,109197224
2013-10-17,45.44,45.95,45.36,45.63,58129884
2013-10-18,45.39,45.72,45.35,45.42,129459232
2013-10-19,46.44,47.3,45.97,46.22,133543943
2013-10-20,45.99,46.26,45.31,46.19,77856767
2013-10-21,45.96,46.8,44.54,45.47,59892130
2013-10-22,45.83,46.8,45.47,45.48,101587156
2013-10-23,45.88,46.34,45.18,45.86,144176540
2013-10-24,45.91,46.51,45.69,46.19,132607902
2013-10-25,44.89,46.95,44.88,45.28,99213373
2013-10-26,46.14,46.23,44.88,45.7,157369424
2013-10-27,46.08,46.15,45.72,45.8,137797720
2013-10-28,45.53,45.94,45.15,45.45,122746343
2013-10-29,45.47,45.58,45.44,45.48,75525851
2013-10-30,45.71,45.78,45.28,45.36,133472853
2013-10-31,45.44,45.65,45.41,45.63,80692048
2013-11-01,46.58,46.7,46.33,46.46,92926760
2013-11-02,46.97,46.98,46.74,46.76,122008049
2013-11-03,46.6,46.62,46.33,46.45,101303761
2013-11-04,46.54,46.76,46.44,46.54,71680380
2013-11-05,46.01,46.12,44.51,45.19,76024778
2013-11-06,45.32,46.25,45.02,45.84,67524179
2013-11-07,45.57,45.99,45.06,45.16,141223210
2013-11-08,45.1,45.34,45.07,45.29,116208697
2013-11-09,45.54,45.75,45.12,45.64,70308113
2013-11-10,45.85,46.16,45.46,45.94,150019719
2013-11-11,45.19,46.45,45.07,45.9,150903747
2013-11-12,46.64,46.83,45.89,45.91,144422238
2013-11-13,46.62,46.97,45.76,46.26,68550472
2013-11-14,46.29,46.72,46.11,46.36,101407141
2013-11-15,46.18,47.02,46.02,46.49,52008956
2013-11-16,46.1,46.43,46.0,46.33,150182919
2013-11-17,45.13,46.42,44.77,46.38,92046518
2013-11-18,46.52,46.65,46.21,46.64,139933195
2013-11-19,46.22,46.33,46.13,46.32,159025107
2013-11-20,47.63,47.65,46.73,47.02,126468446
2013-11-21,47.43,47.57,46.9,47.05,83780178
2013-11-22,46.69,46.95,46.55,46.67,61968066
2013-11-23,46.39,47.14,46.22,46.5,52899574
2013-11-24,46.53,48.31,46.43,47.89,148093663
2013-11-25,48.88,49.09,48.71,48.82,141491651
2013-11-26,48.65,49.14,48.27,49.06,99240380
2013-11-27,49.78,49.85,49.35,49.37,105290661
2013-11-28,48.82,49.52,48.35,48.82,161713207
2013-11-29,50.7,51.1,50.18,50.83,153821076
2013-11-30,50.25,51.45,50.22,50.81,142751884
2013-12-01,53.01,53.13,52.38,52.5,127933866
2013-12-02,51.97,52.55,51.15,52.34,54263472
2013-12-03,51.27,51.63,51.11,51.32,131610933
2013-12-04,52.56,52.67,51.75,52.03,166491519
2013-12-05,52.84,53.34,52.4,53.04,69460080
2013-12-06,53.98,54.86,53.78,53.89,61176120
2013-12-07,53.09,53.93,52.93,53.41,92817780
2013-12-08,53.9,54.69,53.46,53.82,123476494
2013-12-09,53.0,53.45,52.84,53.2,78436474
2013-12-10,54.11,54.17,53.83,54.09,152823094
2013-12-11,55.5,55.96,53.77,55.45,140476706
2013-12-12,55.26,55.64,54.46,55.11,157934769
2013-12-13,56.8,57.44,54.93,55.3,73081507
2013-12-14,54.92,55.18,54.71,54.99,61367639
2013-12-15,54.66,55.44,54.08,54.15,88059027
2013-12-16,55.03,55.24,54.74,54.95,132784886
2013-12-17,54.45,54.82,53.85,54.69,98462688
2013-12-18,55.75,55.96,54.34,55.6,150246378
2013-12-19,57.26,57.41,55.2,55.82,103465938
2013-12-20,55.9,56.03,55.43,55.53,62274647
2013-12-21,55.97,56.08,55.95,56.01,124970837
2013-12-22,54.86,56.18,54.71,55.86,135903283
2013-12-23,54.9,55.27,54.7,54.87,163443694
2013-12-24,55.54,55.94,54.36,55.76,148995342
2013-12-25,54.22,55.31,54.1,54.56,96323793
2013-12-26,54.02,54.23,53.9,54.09,138619142
2013-12-27,52.82,54.26,52.15,53.66,103772839
2013-12-28,52.06,54.54,51.83,53.5,92922654
2013-12-29,52.93,53.38,52.93,53.13,114022970
2013-12-30,52.63,52.88,52.22,52.74,136264239
2013-12-31,52.4,52.63,52.36,52.6,100957879
2014-01-01,53.53,53.93,53.26,53.67,64705383
2014-01-02,52.84,53.76,52.69,53.14,143148855
2014-01-03,52.57,52.67,52.11,52.4,87872144
2014-01-04,53.14,53.4,51.4,52.71,54140053
2014-01-05,53.38,53.48,52.24,52.76,79474546
2014-01-06,54.18,54.37,54.1,54.18,163811713
2014-01-07,52.68,53.87,52.21,53.05,138514246
2014-01-08,53.06,53.33,51.79,53.07,68752361
2014-01-09,53.88,54.16,51.98,52.51,71396666
2014-01-10,52.64,52.77,52.56,52.58,133709332
2014-01-11,53.2,53.23,53.07,53.09,104067655
2014-01-12,53.89,53.96,53.71,53.73,100722766
2014-01-13,52.54,53.04,52.28,53.04,112395449
2014-01-14,54.17,54.25,53.3,53.72,110580367
2014-01-15,54.01,54.03,53.92,53.94,61689045
2014-01-16,54.62,54.79,54.47,54.71,106876019
2014-01-17,54.78,55.04,54.14,54.59,137558415
2014-01-18,54.85,55.04,54.42,54.77,93727268
2014-01-19,55.18,55.26,54.01,54.87,101745143
2014-01-20,56.44,57.27,54.96,55.53,154396142
2014-01-21,53.74,54.51,53.18,53.72,159326656
2014-01-22,53.02,53.24,52.16,53.24,62602444
2014-01-23,53.09,53.77,52.77,53.54,117694246
2014-01-24,52.39,52.63,52.25,52.37,62921256
2014-01-25,51.45,51.98,51.42,51.47,135698029
2014-01-26,50.44,50.68,50.22,50.5,91855435
2014-01-27,51.51,51.96,51.32,51.75,137702663
2014-01-28,51.23,51.57,50.76,51.35,58514498
2014-01-29,51.38,52.51,51.17,51.85,71774585
2014-01-30,51.76,52.13,51.01,51.67,67755778
2014-01-31,51.11,51.48,50.87,50.95,132596404
2014-02-01,52.23,53.22,50.56,51.45,160208298
2014-02-02,49.96,51.23,49.65,50.65,127648995
2014-02-03,51.85,51.92,50.33,51.53,84520573
2014-02-04,51.75,52.19,51.05,51.41,140015448
2014-02-05,51.77,53.32,51.74,52.02,148812466
2014-02-06,52.87,53.07,51.87,52.55,67911790
2014-02-07,52.45,52.89,52.25,52.3,127683600
2014-02-08,52.16,52.6,52.09,52.19,113842533
2014-02-09,51.62,52.06,51.59,51.92,136000971
2014-02-10,51.58,52.88,51.56,51.7,55521764
2014-02-11,51.76,51.93,51.34,51.63,101988678
2014-02-12,52.63,52.92,51.83,52.07,146569381
2014-02-13,51.59,51.69,51.29,51.69,121729118
2014-02-14,52.57,54.34,50.74,51.57,70452817
2014-02-15,50.09,50.62,48.69,50.39,92231478
2014-02-16,50.92,51.94,50.15,50.39,57064378
2014-02-17,50.12,50.55,49.47,49.98,135122974
2014-02-18,49.35,49.39,49.34,49.36,85563249
2014-02-19,49.3,49.64,48.91,49.05,107186799
2014-02-20,48.44,48.92,48.36,48.74,137550649
2014-02-21,48.13,48.62,47.87,48.38,58064076
2014-02-22,48.07,48.43,47.38,48.25,108082729
2014-02-23,49.49,50.28,48.79,49.54,72230355
2014-02-24,50.22,50.27,49.38,49.97,111051209
2014-02-25,48.82,49.51,48.77,49.4,125705884
2014-02-26,47.94,48.38,47.87,48.12,168766403
2014-02-27,49.56,49.68,48.5,48.87,167275787
2014-02-28,48.45,48.57,48.04,48.47,83921702
2014-03-01,48.31,49.78,48.05,49.16,139684960
2014-03-02,49.75,50.23,49.62,49.7,119098115
2014-03-03,49.31,50.03,49.31,49.46,132805745
2014-03-04,48.77,48.96,48.27,48.88,102210979
2014-03-05,48.47,48.48,48.25,48.44,160897773
2014-03-06,49.24,49.63,48.3,48.93,76713162
2014-03-07,48.66,48.85,48.16,48.84,51613768
2014-03-08,49.42,49.85,49.24,49.37,166105442
2014-03-09,49.63,50.1,49.38,49.69,151384908
2014-03-10,49.73,49.75,48.78,49.69,100603020
2014-03-11,49.33,49.67,49.08,49.61,142241190
2014-03-12,50.11,51.13,49.21,50.55,96714163
2014-03-13,51.95,51.99,51.78,51.97,118543113
2014-03-14,51.5,51.64,50.87,51.32,116001041
2014-03-15,51.05,51.8,50.99,51.64,126571403
2014-03-16,50.91,50.98,50.75,50.85,164920537
2014-03-17,50.7,50.71,50.56,50.59,98113074
2014-03-18,50.61,51.13,50.45,50.96,115953904
2014-03-19,51.46,52.19,50.82,51.24,79755102
2014-03-20,51.08,51.81,50.49,51.02,128019043
2014-03-21,50.86,51.47,50.5,51.18,67897960
2014-03-22,52.29,52.91,51.74,52.05,109825391
2014-03-23,53.24,53.25,52.73,52.78,109490163
2014-03-24,52.79,53.08,52.52,52.69,101198523
2014-03-25,53.31,53.66,53.16,53.45,92077305
2014-03-26,52.42,52.96,52.34,52.65,167909100
2014-03-27,53.46,53.71,52.71,53.52,120624614
2014-03-28,53.25,53.73,53.07,53.4,125211683
2014-03-29,53.22,53.84,53.21,53.41,132727128
2014-03-30,54.05,54.4,53.48,53.59,128677357
2014-03-31,52.69,52.89,52.2,52.63,92723346
2014-04-01,52.44,52.77,51.8,51.82,133031712
2014-04-02,51.91,53.2,51.45,52.49,161728500
2014-04-03,52.97,53.01,51.96,52.73,62696535
2014-04-04,52.71,53.1,52.14,52.82,123374939
2014-04-05,53.42,54.42,53.25,53.73,128433543
2014-04-06,53.79,54.8,53.38,54.04,79506970
2014-04-07,53.36,54.05,53.35,53.89,66338186
2014-04-08,54.14,54.55,53.61,54.03,87669682
2014-04-09,53.44,54.01,53.04,53.56,119288194
2014-04-10,54.58,54.65,53.9,53.98,65704235
2014-04-11,53.6,54.05,52.1,53.26,58266959
2014-04-12,53.22,53.32,51.95,53.12,143765737
2014-04-13,53.48,53.74,52.82,53.56,134826554
2014-04-14,53.67,54.11,53.64,53.86,72616124
2014-04-15,54.06,54.51,53.93,54.15,116867791
2014-04-16,53.27,53.41,53.09,53.4,114852007
2014-04-17,53.47,53.88,53.4,53.5,87389236
2014-04-18,54.04,54.14,52.5,52.51,98961339
2014-04-19,50.79,52.04,50.1,51.18,104610001
2014-04-20,51.34,52.11,51.16,51.54,107077442
2014-04-21,52.34,52.64,51.96,52.14,111958538
2014-04-22,51.3,51.33,50.28,50.59,91544530
2014-04-23,49.67,50.29,49.28,49.36,184662208
2014-04-24,50.6,50.95,49.63,50.75,158900926
2014-04-25,50.74,51.59,50.45,50.64,80673278
2014-04-26,51.14,51.44,50.8,51.14,157349867
2014-04-27,50.14,50.66,50.13,50.34,87071988
2014-04-28,50.05,50.6,49.34,49.67,69160989
2014-04-29,49.73,50.21,48.57,50.02,124333771
2014-04-30,50.47,50.62,49.46,50.11,145760139
2014-05-01,50.1,50.22,49.85,50.03,140037227
2014-05-02,49.49,50.2,48.62,49.03,69204727
2014-05-03,48.58,49.14,48.35,48.98,102821653
2014-05-04,48.72,49.4,48.68,48.88,104495231
2014-05-05,49.84,50.24,49.77,50.2,164036236
2014-05-06,50.25,50.99,50.19,50.3,79010468
2014-05-07,50.35,50.86,49.96,50.43,121855152
2014-05-08,50.77,51.44,50.5,50.79,134746092
2014-05-09,50.04,51.48,49.84,51.08,88473665
2014-05-10,51.08,51.13,50.91,51.09,83014593
2014-05-11,51.01,51.4,50.23,51.31,122430529
2014-05-12,50.85,51.02,50.72,50.78,144043379
2014-05-13,50.25,50.76,50.04,50.22,132366659
2014-05-14,49.82,50.99,49.7,50.35,77339344
2014-05-15,50.97,51.17,50.48,50.88,92278280
2014-05-16,51.27,51.87,50.87,50.99,96967780
2014-05-17,51.56,51.97,51.15,51.3,68821432
2014-05-18,52.27,52.79,51.61,51.95,130926501
2014-05-19,51.25,51.58,51.09,51.4,64961662
2014-05-20,51.19,51.39,50.43,51.07,129169813
2014-05-21,51.22,51.61,51.07,51.61,108129146
2014-05-22,51.79,52.15,50.71,51.41,139334818
2014-05-23,52.07,52.43,51.26,51.3,95345096
2014-05-24,50.78,51.93,49.78,51.37,148308773
2014-05-25,52.3,53.43,52.0,52.07,73062844
2014-05-26,51.49,51.69,51.19,51.28,118841047
2014-05-27,51.49,51.56,50.97,51.44,57567535
2014-05-28,50.93,51.45,50.56,51.2,145035260
2014-05-29,51.52,51.61,50.96,51.51,125857899
2014-05-30,51.43,51.46,51.24,51.27,76884781
2014-05-31,50.56,51.78,50.21,51.61,80931617
2014-06-01,50.75,51.5,50.64,51.47,138513223
2014-06-02,50.46,50.8,50.43,50.77,90190368
2014-06-03,49.96,50.39,48.91,49.77,130769791
2014-06-04,50.05,50.16,49.45,49.89,105124007
2014-06-05,50.0,50.44,49.75,50.25,144331214
2014-06-06,50.22,50.68,50.09,50.59,141422545
2014-06-07,51.34,51.91,50.48,50.86,130590773
2014-06-08,50.98,51.04,50.78,51.04,73784400
2014-06-09,51.44,51.52,51.24,51.4,80657896
2014-06-10,50.67,51.63,50.67,50.98,89802994
2014-06-11,49.78,50.41,49.53,49.71,180081809
2014-06-12,50.66,50.71,49.68,49.69,76803393
2014-06-13,50.05,50.18,49.41,49.9,109666227
2014-06-14,50.53,50.77,50.07,50.13,135519119
2014-06-15,49.92,50.46,49.2,49.98,134650131
2014-06-16,51.31,51.35,50.55,51.16,164146904
2014-06-17,51.04,51.64,51.03,51.59,91230837
2014-06-18,52.97,53.02,52.28,52.57,104953237
2014-06-19,51.64,51.73,51.31,51.66,129552229
2014-06-20,51.76,52.3,50.61,51.55,55221433
2014-06-21,51.03,51.76,50.13,51.49,143563023
2014-06-22,51.32,51.43,50.86,51.01,132176291
2014-06-23,49.99,50.33,49.96,50.28,120669387
2014-06-24,51.68,51.69,51.52,51.65,178677040
2014-06-25,52.63,52.85,51.16,51.8,80536166
2014-06-26,50.9,51.19,50.33,51.09,151501653
2014-06-27,51.06,51.85,50.93,51.51,67841969
2014-06-28,53.33,53.44,52.4,52.41,74476543
2014-06-29,52.86,53.27,52.75,53.22,157826350
2014-06-30,53.36,53.55,52.68,53.43,134671933
2014-07-01,52.79,53.2,52.3,52.75,74074856
2014-07-02,52.74,52.83,52.49,52.73,67139953
2014-07-03,52.05,52.42,51.83,52.36,140653339
2014-07-04,51.71,51.92,50.99,51.16,172793873
2014-07-05,51.66,52.36,51.56,51.56,103513542
2014-07-06,51.96,52.12,51.44,51.67,96513079
2014-07-07,51.86,52.33,51.43,51.44,92275590
2014-07-08,51.56,51.63,51.16,51.17,62452075
2014-07-09,51.57,51.87,51.13,51.38,61497690
2014-07-10,52.38,52.67,51.65,52.12,142102738
2014-07-11,52.68,52.82,52.48,52.55,102807039
2014-07-12,54.42,55.57,53.62,54.43,170642853
2014-07-13,54.73,55.02,54.32,54.83,153041726
2014-07-14,55.45,56.56,54.66,54.95,115300642
2014-07-15,55.48,56.04,54.57,55.45,68319832
2014-07-16,54.64,55.38,54.53,55.17,136543579
2014-07-17,54.61,55.07,54.3,55.07,89754441
2014-07-18,54.29,55.08,54.09,54.41,130972607
2014-07-19,53.83,54.77,53.83,54.27,121542329
2014-07-20,53.56,53.65,53.19,53.5,116191471
2014-07-21,54.08,54.19,53.54,53.66,66413294
2014-07-22,53.72,53.91,53.47,53.86,75569459
2014-07-23,53.49,53.92,53.23,53.46,67661536
2014-07-24,53.78,54.19,51.85,53.0,133842543
2014-07-25,53.22,54.31,51.99,52.68,100961008
2014-07-26,53.7,54.13,52.79,53.55,62895807
2014-07-27,53.44,53.78,53.36,53.41,138046925
2014-07-28,53.39,54.46,53.12,53.54,56698231
2014-07-29,53.62,53.63,50.99,52.66,172830345
2014-07-30,53.26,53.29,52.47,53.19,121899568
2014-07-31,55.7,55.8,51.18,53.1,61257424
2014-08-01,54.25,54.5,53.74,54.27,100481932
2014-08-02,54.62,54.63,53.53,53.9,97580251
2014-08-03,53.83,54.06,53.25,54.01,60064576
2014-08-04,54.85,55.59,54.56,54.75,160908185
2014-08-05,54.2,54.29,53.96,54.2,107483942
2014-08-06,53.25,53.62,53.0,53.6,133968469
2014-08-07,53.99,55.29,53.48,54.75,123489549
2014-08-08,55.34,55.95,55.15,55.67,83576828
2014-08-09,57.19,57.24,56.69,56.82,81305171
2014-08-10,57.7,57.81,56.68,56.9,129228338
2014-08-11,56.87,57.7,56.59,56.61,111286809
2014-08-12,55.46,56.63,54.76,55.95,70339682
2014-08-13,57.01,57.1,56.38,56.71,139422644
2014-08-14,57.43,57.48,57.38,57.42,145372730
2014-08-15,58.3,58.74,58.26,58.33,152309559
2014-08-16,57.61,58.0,57.55,57.86,92673123
2014-08-17,57.96,58.32,57.62,57.92,146565548
2014-08-18,57.85,58.99,57.57,58.19,114146133
2014-08-19,58.36,58.45,57.77,58.07,111741770
2014-08-20,59.1,59.3,57.29,58.5,144764814
2014-08-21,58.21,58.39,57.78,57.85,137663203
2014-08-22,58.05,59.05,57.85,58.08,147515834
2014-08-23,58.01,58.59,57.9,58.23,151577655
2014-08-24,58.7,58.98,58.19,58.56,57311893
2014-08-25,58.26,59.84,58.18,58.49,96519504
2014-08-26,59.72,60.77,59.49,60.29,130346002
2014-08-27,62.15,62.19,60.86,61.43,107578494
2014-08-28,61.65,62.6,60.53,61.49,111882593
2014-08-29,61.95,62.26,61.34,61.6,85990729
2014-08-30,62.17,62.42,61.58,61.65,116990267
2014-08-31,61.24,61.26,61.09,61.11,68948974
2014-09-01,60.87,61.01,60.84,60.92,106106624
2014-09-02,61.98,62.42,61.63,62.15,107377302
2014-09-03,62.87,62.93,61.94,62.17,122890284
2014-09-04,61.86,62.17,61.51,61.75,147089821
2014-09-05,61.57,62.07,61.19,61.65,137658669
2014-09-06,61.09,61.98,60.83,61.69,112823550
2014-09-07,62.55,62.98,61.7,62.03,110406845
2014-09-08,61.78,61.81,61.75,61.8,120420367
2014-09-09,62.82,63.32,62.35,62.77,104342840
2014-09-10,62.78,64.22,62.47,63.08,117106436
2014-09-11,62.21,62.31,61.42,61.86,108982258
2014-09-12,61.96,62.67,61.27,62.5,136096029
2014-09-13,61.68,62.17,61.41,61.6,114760686
2014-09-14,61.41,62.76,60.98,62.25,107899475
2014-09-15,63.85,64.3,62.42,62.86,71963196
2014-09-16,62.64,63.03,62.56,63.02,141447485
2014-09-17,65.15,66.26,64.76,65.26,71305368
2014-09-18,65.3,65.76,64.8,65.43,77032927
2014-09-19,63.73,65.19,63.71,64.47,166921868
2014-09-20,65.74,66.19,65.21,65.64,66861654
2014-09-21,66.05,67.72,65.19,65.73,88227003
2014-09-22,64.71,65.74,64.48,65.18,68890671
2014-09-23,64.8,64.95,63.59,63.67,182888912
2014-09-24,63.38,64.18,63.03,63.81,93553646
2014-09-25,63.29,63.48,62.7,63.41,142542943
2014-09-26,63.84,64.36,63.8,63.94,90937611
2014-09-27,63.15,63.68,63.1,63.35,139748801
2014-09-28,64.14,64.5,63.09,64.11,79792105
2014-09-29,63.48,64.62,63.3,63.99,72357748
2014-09-30,64.5,64.57,64.33,64.36,136171842
2014-10-01,64.15,65.14,63.5,64.21,147456732
2014-10-02,65.97,66.74,64.71,65.99,120520380
2014-10-03,65.88,66.06,65.29,65.45,88866616
2014-10-04,65.51,65.63,64.89,65.04,152731977
2014-10-05,65.81,67.78,64.79,65.52,92463677
2014-10-06,64.26,65.09,64.26,64.81,119997753
2014-10-07,64.66,65.13,64.14,64.77,124624285
2014-10-08,64.45,65.76,64.43,65.37,119466772
2014-10-09,65.8,67.42,64.79,66.46,98209181
2014-10-10,65.68,66.18,65.55,66.03,72313965
2014-10-11,68.27,68.95,67.37,67.44,92849540
2014-10-12,67.83,68.16,67.52,67.79,153502294
2014-10-13,67.12,67.36,67.03,67.3,139301665
2014-10-14,68.23,68.54,67.02,67.56,81292262
2014-10-15,68.64,68.82,67.91,68.06,114859813
2014-10-16,69.12,69.77,68.03,68.73,124398107
2014-10-17,70.33,71.01,70.0,70.28,160550448
2014-10-18,70.84,71.37,70.14,70.48,125642851
2014-10-19,72.53,73.58,70.5,71.32,98255701
2014-10-20,70.72,71.04,69.63,70.05,162418096
2014-10-21,69.81,70.52,68.9,70.21,129299757
2014-10-22,70.51,71.6,69.21,70.76,120021970
2014-10-23,69.52,70.24,69.26,70.08,137797781
2014-10-24,70.25,70.46,70.04,70.26,89271256
2014-10-25,69.41,69.73,68.97,69.03,160409193
2014-10-26,68.98,69.06,68.57,68.8,149311105
2014-10-27,67.85,68.37,67.54,68.34,54068967
2014-10-28,68.72,69.5,68.37,68.61,97134275
2014-10-29,70.62,71.79,70.41,70.82,131130950
2014-10-30,69.34,69.54,68.71,69.09,163284694
2014-10-31,68.95,69.79,67.69,68.18,132214595
2014-11-01,66.57,68.74,66.2,67.6,122370939
2014-11-02,66.8,67.15,66.7,66.87,120845434
2014-11-03,65.98,66.99,65.83,66.31,75778972
2014-11-04,65.3,66.09,65.16,65.58,69400123
2014-11-05,65.3,65.57,65.25,65.28,151844795
2014-11-06,66.09,67.14,65.92,66.26,111750819
2014-11-07,66.32,66.7,66.32,66.54,74362264
2014-11-08,66.49,67.26,66.03,66.21,102370544
2014-11-09,66.19,66.28,66.08,66.23,91444427
2014-11-10,65.31,65.75,64.97,65.42,103340928
2014-11-11,66.2,66.22,65.67,65.78,56554102
2014-11-12,65.51,65.97,65.09,65.94,149509074
2014-11-13,65.14,65.5,64.87,64.99,88901405
2014-11-14,65.52,65.98,64.73,65.25,123767377
2014-11-15,65.27,65.3,64.93,65.04,115037894
2014-11-16,62.81,64.56,62.75,64.23,78173196
2014-11-17,64.94,65.39,64.88,65.39,92583547
2014-11-18,64.34,65.05,63.22,64.43,101791495
2014-11-19,64.42,65.51,64.35,64.78,129461063
2014-11-20,65.39,65.6,64.93,65.34,123046217
2014-11-21,64.24,64.53,64.14,64.48,150333739
2014-11-22,65.23,66.22,65.01,65.39,136844252
2014-11-23,66.65,67.67,66.42,66.82,129294625
2014-11-24,66.27,66.44,66.13,66.31,135179940
2014-11-25,65.78,65.9,64.71,65.54,158617074
2014-11-26,64.32,64.85,64.28,64.71,150996501
2014-11-27,65.11,65.52,64.41,64.81,122707618
2014-11-28,64.89,65.32,64.77,64.81,145120113
2014-11-29,62.44,63.85,61.45,63.82,106924343
2014-11-30,64.76,65.22,64.71,65.0,154189150
2014-12-01,65.32,66.11,65.25,65.72,132589300
2014-12-02,65.62,66.59,64.83,65.89,82756412
2014-12-03,66.53,66.82,66.35,66.68,113551913
2014-12-04,65.36,65.88,64.66,65.23,136877438
2014-12-05,65.77,65.93,63.95,65.29,119942149
2014-12-06,65.87,65.89,65.66,65.7,98786034
2014-12-07,64.4,65.61,64.13,65.15,72784269
2014-12-08,64.51,65.05,63.48,64.96,51783638
2014-12-09,64.75,64.83,63.78,64.55,137544551
2014-12-10,64.9,64.98,63.74,63.84,157421468
2014-12-11,65.01,65.04,64.09,64.91,114845833
2014-12-12,65.75,66.0,64.86,64.91,125395348
2014-12-13,65.83,66.16,65.28,65.82,133343757
2014-12-14,66.79,68.23,66.51,66.93,121440205
2014-12-15,66.39,67.95,66.31,66.72,76498452
2014-12-16,65.79,66.47,65.72,66.31,71066860
2014-12-17,67.82,68.01,66.66,66.94,119682593
2014-12-18,67.97,68.0,66.34,67.14,110382356
2014-12-19,68.16,68.2,68.15,68.15,171478910
2014-12-20,67.39,67.66,67.18,67.59,115057914
2014-12-21,66.46,66.75,66.12,66.55,163537661
2014-12-22,67.41,67.45,66.65,66.86,121702981
2014-12-23,65.33,65.52,65.08,65.4,169804780
2014-12-24,65.4,65.58,65.08,65.47,54197416
2014-12-25,65.81,66.55,65.66,66.18,154313451
2014-12-26,65.79,66.04,65.65,65.99,130836904
2014-12-27,65.8,66.3,65.08,65.91,145225406
2014-12-28,66.75,67.61,66.41,66.49,69941486
2014-12-29,65.6,65.86,65.34,65.56,80421585
2014-12-30,66.76,67.32,66.04,66.39,105261748
2014-12-31,66.03,66.36,64.99,65.35,71388309
2015-01-01,66.02,66.07,65.54,65.88,156532349
2015-01-02,65.97,67.11,65.23,66.89,63871048
2015-01-03,67.16,68.45,67.15,67.35,77871531
2015-01-04,67.35,67.41,67.2,67.21,150759118
2015-01-05,65.56,66.28,64.82,66.1,98853323
2015-01-06,66.38,67.4,66.25,66.99,61561989
2015-01-07,70.37,70.61,67.01,68.38,69936893
2015-01-08,68.75,68.88,67.85,68.61,90624011
2015-01-09,69.63,70.52,68.22,68.29,152433104
2015-01-10,68.73,68.76,68.52,68.65,133894845
2015-01-11,69.21,69.23,68.39,68.97,151232022
2015-01-12,67.88,67.94,65.76,67.44,77393515
2015-01-13,69.35,69.78,67.56,67.63,116183542
2015-01-14,66.78,67.05,66.67,66.75,68062283
2015-01-15,68.15,68.56,66.9,67.82,164799745
2015-01-16,69.08,69.21,68.43,68.81,85542706
2015-01-17,67.21,68.35,65.45,67.87,155447992
2015-01-18,66.85,67.43,66.58,67.36,91429103
2015-01-19,68.38,68.65,67.25,68.0,126612390
2015-01-20,67.59,67.96,66.24,67.22,83458485
2015-01-21,67.56,68.47,67.13,68.25,113513642
2015-01-22,69.29,70.13,69.05,69.37,61629823
2015-01-23,69.52,69.76,69.44,69.71,132862467
2015-01-24,69.11,69.21,67.49,68.17,69263712
2015-01-25,68.79,70.19,68.58,69.95,118619572
2015-01-26,69.46,70.37,69.1,69.96,56610506
2015-01-27,71.64,71.7,70.87,71.04,80264715
2015-01-28,71.87,71.92,70.73,71.3,80769296
2015-01-29,72.28,72.48,72.07,72.37,164529215
2015-01-30,73.93,74.04,72.22,73.45,60203432
2015-01-31,74.75,75.05,74.42,74.82,105295825
2015-02-01,72.67,73.85,71.99,73.64,157976329
2015-02-02,75.03,76.42,73.82,74.84,173209908
2015-02-03,74.57,74.66,74.46,74.49,130593173
2015-02-04,74.38,75.8,74.11,74.9,99387479
2015-02-05,74.69,74.8,74.38,74.55,128166817
2015-02-06,73.57,73.71,73.21,73.28,128033461
2015-02-07,74.36,74.86,70.6,72.62,146096002
2015-02-08,74.04,74.73,73.76,74.03,114090862
2015-02-09,75.84,75.88,75.2,75.26,109969970
2015-02-10,77.6,77.7,76.99,77.34,136937819
2015-02-11,78.25,78.33,76.34,77.33,95337882
2015-02-12,76.91,77.93,76.89,77.63,154117818
2015-02-13,78.6,78.65,76.94,77.74,63518528
2015-02-14,77.48,77.63,77.02,77.62,139234067
2015-02-15,79.22,79.68,79.17,79.42,87075083
2015-02-16,79.57,80.32,79.36,79.58,53059184
2015-02-17,79.45,80.62,79.16,80.24,87491462
2015-02-18,82.42,82.78,80.82,81.39,68917693
2015-02-19,80.66,81.56,79.69,80.49,115089581
2015-02-20,80.39,80.79,78.98,80.19,131371600
2015-02-21,80.41,80.83,79.66,80.1,57552719
2015-02-22,78.43,78.61,77.68,78.58,95007230
2015-02-23,79.64,80.29,77.46,79.31,63014358
2015-02-24,78.02,78.48,77.83,78.05,145926114
2015-02-25,78.92,79.35,77.12,78.57,109686328
2015-02-26,76.07,77.63,75.55,77.39,162453942
2015-02-27,79.85,80.05,79.17,79.38,159895589
2015-02-28,77.95,79.16,76.71,78.92,106582134
2015-03-01,76.75,79.02,74.19,77.54,116485201
2015-03-02,78.21,78.45,78.02,78.05,55601154
2015-03-03,78.63,79.05,78.14,78.51,89975361
2015-03-04,76.85,77.4,76.28,76.85,166724538
2015-03-05,74.04,75.82,73.97,75.35,161018555
2015-03-06,76.21,76.71,75.81,76.5,122206162
2015-03-07,78.93,79.08,77.84,78.49,137190722
2015-03-08,80.75,80.96,77.44,79.02,123673397
2015-03-09,78.04,79.88,77.1,77.86,63189551
2015-03-10,79.06,79.12,78.34,78.62,158767431
2015-03-11,78.52,79.89,77.96,79.39,62820352
2015-03-12,79.18,80.09,78.9,78.91,74698994
2015-03-13,77.92,80.08,77.84,79.0,119511983
2015-03-14,78.34,78.49,77.79,78.01,103450514
2015-03-15,77.19,79.07,76.49,77.53,115297667
2015-03-16,77.6,78.46,77.43,77.54,94896533
2015-03-17,78.04,78.08,78.01,78.08,118250718
2015-03-18,80.12,80.47,79.62,79.77,105799491
2015-03-19,79.35,79.68,79.07,79.27,92352101
2015-03-20,79.36,80.07,78.51,78.7,71716231
2015-03-21,79.31,79.84,77.88,78.87,109623657
2015-03-22,80.63,80.72,78.94,80.14,58781900
2015-03-23,78.29,78.87,78.18,78.77,173755828
2015-03-24,78.69,79.51,77.4,77.86,132912363
2015-03-25,77.58,77.96,76.92,77.6,72274772
2015-03-26,77.21,77.45,75.52,77.22,80982057
2015-03-27,76.89,77.15,76.53,76.6,68907591
2015-03-28,77.04,77.05,76.35,76.45,61861347
2015-03-29,78.48,79.03,77.86,78.32,94437949
2015-03-30,77.78,78.49,77.57,78.41,121597261
2015-03-31,77.42,77.44,77.02,77.18,72596110
2015-04-01,77.81,78.49,76.36,77.56,65135582
2015-04-02,77.98,78.68,77.57,78.07,117604906
2015-04-03,79.07,79.17,77.6,77.96,81736555
2015-04-04,78.05,78.53,78.0,78.42,126232323
2015-04-05,78.25,78.71,77.98,78.08,56298289
2015-04-06,77.09,78.88,76.9,77.73,143135675
2015-04-07,77.89,78.2,77.85,77.87,99951809
2015-04-08,76.91,77.64,76.57,77.11,159531122
2015-04-09,75.87,76.45,75.58,76.02,75952649
2015-04-10,74.05,74.5,73.64,73.78,74788570
2015-04-11,72.58,73.15,72.17,73.07,159118049
2015-04-12,73.59,73.87,73.09,73.52,85282550
2015-04-13,74.3,74.46,73.57,73.84,117857425
2015-04-14,72.6,73.16,71.18,72.99,100451026
2015-04-15,73.73,74.45,72.36,72.71,131278591
2015-04-16,73.94,74.81,70.75,72.43,122086318
2015-04-17,71.27,72.51,71.11,72.0,108507785
2015-04-18,71.06,71.07,70.86,70.98,131150573
2015-04-19,70.01,70.14,69.37,70.11,75166421
2015-04-20,70.76,71.71,70.29,70.45,124127275
2015-04-21,69.92,72.88,69.34,70.49,56239296
2015-04-22,70.67,71.24,69.13,70.9,124032797
2015-04-23,70.78,71.49,70.76,71.44,84890745
2015-04-24,70.38,70.4,69.54,70.24,83566825
2015-04-25,68.43,69.16,68.05,68.88,178441876
2015-04-26,71.53,71.58,70.14,70.36,97424212
2015-04-27,68.58,68.83,67.82,68.43,112652587
2015-04-28,67.54,68.56,66.89,68.08,106345659
2015-04-29,68.03,68.49,66.68,68.04,109871175
2015-04-30,67.67,67.69,66.98,67.13,94671968
2015-05-01,67.45,67.92,66.13,66.81,111798842
2015-05-02,67.43,67.54,64.94,66.79,86650507
2015-05-03,66.69,66.74,66.24,66.69,151484297
2015-05-04,66.86,66.96,66.4,66.53,98909924
2015-05-05,67.25,67.74,67.03,67.13,66040804
2015-05-06,67.93,69.61,67.05,68.06,131111005
2015-05-07,67.09,67.32,66.89,67.14,106824381
2015-05-08,66.95,67.19,66.84,66.97,104218624
2015-05-09,66.74,67.5,65.34,67.11,100671137
2015-05-10,66.37,66.57,65.8,66.25,60268865
2015-05-11,64.97,66.58,64.91,65.78,77936071
2015-05-12,66.75,67.5,66.6,67.13,150322060
2015-05-13,67.16,67.24,65.96,66.91,118039362
2015-05-14,65.41,66.18,65.28,66.02,98704832
2015-05-15,67.75,68.89,65.75,67.02,91601506
2015-05-16,67.36,67.68,66.14,67.1,125159546
2015-05-17,66.77,67.08,66.56,66.98,114023593
2015-05-18,68.44,68.66,68.25,68.55,71191234
2015-05-19,69.3,70.94,67.52,68.96,147493495
2015-05-20,68.7,69.51,68.7,69.45,135123934
2015-05-21,70.07,70.14,69.37,69.44,55168342
2015-05-22,69.04,70.3,68.97,70.01,133875457
2015-05-23,70.66,71.03,69.75,70.3,124146920
2015-05-24,70.63,71.27,69.93,70.59,94047966
2015-05-25,71.81,72.34,71.25,72.0,93381027
2015-05-26,72.18,72.19,71.8,71.91,90579847
2015-05-27,71.85,71.89,70.67,71.35,82204010
2015-05-28,71.94,73.0,70.86,71.22,116549548
2015-05-29,72.69,74.32,72.67,72.96,77058869
2015-05-30,71.28,71.76,71.03,71.72,95953249
2015-05-31,70.83,72.25,69.47,70.72,143112877
2015-06-01,70.78,71.18,70.37,70.5,145662374
2015-06-02,72.29,72.32,72.15,72.16,85114374
2015-06-03,71.78,73.27,71.5,72.25,57518579
2015-06-04,71.15,71.63,70.43,71.36,134422843
2015-06-05,70.66,71.66,69.78,71.52,64873420
2015-06-06,70.56,70.62,70.28,70.45,93215232
2015-06-07,70.95,71.46,70.58,70.85,134207765
2015-06-08,70.85,70.95,70.46,70.6,96075994
2015-06-09,69.64,70.95,68.92,70.79,140371456
2015-06-10,70.45,71.22,69.89,70.58,149415591
2015-06-11,69.5,69.91,68.08,69.87,72786441
2015-06-12,69.46,69.63,68.83,68.94,136981184
2015-06-13,69.44,69.53,67.71,69.38,154686111
2015-06-14,69.57,69.8,69.32,69.46,126909692
2015-06-15,69.71,70.75,69.23,70.04,82363030
2015-06-16,71.2,71.52,70.4,71.11,71293942
2015-06-17,72.54,72.7,71.24,71.74,135576847
2015-06-18,72.53,73.1,72.17,72.26,98290335
2015-06-19,71.02,71.58,70.2,71.33,161637014
2015-06-20,72.05,73.49,70.25,71.08,151420080
2015-06-21,72.79,73.57,71.49,72.06,119326243
2015-06-22,71.26,72.52,71.25,72.1,135858130
2015-06-23,72.41,72.96,70.9,72.18,53809151
2015-06-24,73.05,74.2,72.59,73.09,135432509
2015-06-25,74.21,75.06,72.42,73.42,93719826
2015-06-26,72.0,72.24,71.85,71.96,134087755
2015-06-27,71.07,71.76,70.99,71.47,95467602
2015-06-28,71.4,71.82,70.02,71.63,110979935
2015-06-29,72.92,73.32,71.67,72.22,102047420
2015-06-30,70.8,70.83,69.69,70.78,122563971
2015-07-01,70.57,71.57,70.34,70.45,135753365
2015-07-02,72.08,72.39,71.81,71.98,90806211
2015-07-03,71.26,73.11,71.04,72.15,63084041
2015-07-04,71.25,71.37,69.45,70.74,159056682
2015-07-05,71.4,72.03,70.93,71.63,110059533
2015-07-06,72.51,72.87,72.09,72.68,126420943
2015-07-07,72.22,72.64,71.97,72.22,99701930
2015-07-08,72.81,76.45,71.18,74.03,77514868
2015-07-09,74.34,74.67,73.74,74.02,61134443
2015-07-10,74.67,75.43,74.6,74.78,164122086
2015-07-11,73.88,75.87,71.88,74.82,80979849
2015-07-12,73.67,75.05,73.41,73.9,153055605
2015-07-13,73.48,74.7,72.97,73.41,86498810
2015-07-14,73.63,74.34,73.54,73.95,69744814
2015-07-15,75.12,75.55,73.75,74.34,73999002
2015-07-16,75.33,75.4,74.93,74.96,136219020
2015-07-17,75.62,75.67,75.38,75.57,100309008
2015-07-18,75.78,76.8,74.24,75.17,65715839
2015-07-19,75.12,75.16,72.94,74.49,158212827
2015-07-20,75.06,75.4,74.98,74.98,155505372
2015-07-21,75.39,75.96,75.09,75.5,90758152
2015-07-22,74.35,76.23,73.7,75.18,70599543
2015-07-23,75.99,76.41,75.75,76.41,126899406
2015-07-24,76.81,76.91,76.72,76.77,129095219
2015-07-25,77.45,78.34,77.41,77.45,149586360
2015-07-26,76.4,76.68,75.86,76.19,149801915
2015-07-27,76.15,77.24,76.08,76.7,132954745
2015-07-28,79.31,79.75,78.47,78.54,97091045
2015-07-29,77.72,78.29,74.21,76.95,116836804
2015-07-30,78.4,78.82,77.37,77.64,104746892
2015-07-31,75.48,76.16,75.26,75.56,156553325
2015-08-01,75.77,76.09,75.53,75.98,121792252
2015-08-02,77.6,77.64,77.4,77.49,122015250
2015-08-03,77.69,77.84,76.89,76.98,93258667
2015-08-04,75.63,76.76,75.39,76.73,116976534
2015-08-05,78.26,78.55,77.68,77.91,168975249
2015-08-06,76.27,76.57,75.48,76.04,103042819
2015-08-07,77.38,78.35,75.63,76.25,146579370
2015-08-08,79.38,79.58,77.03,78.17,96093128
2015-08-09,80.82,80.83,75.7,78.53,53194088
2015-08-10,78.22,78.39,77.3,77.57,97210500
2015-08-11,79.46,80.6,76.8,78.65,142122459
2015-08-12,78.59,79.51,78.02,78.84,128173741
2015-08-13,79.34,79.58,78.56,79.12,76271923
2015-08-14,78.66,79.36,77.58,78.92,72319176
2015-08-15,77.18,77.46,76.69,77.42,59641184
2015-08-16,77.14,77.69,76.24,76.44,135683847
2015-08-17,76.96,76.98,75.44,76.85,152014132
2015-08-18,75.99,76.99,75.38,76.32,72727451
2015-08-19,76.32,76.77,75.96,76.64,114291224
2015-08-20,76.37,76.92,75.64,76.01,112951313
2015-08-21,76.2,76.99,75.93,76.11,149547211
2015-08-22,76.54,77.33,75.53,76.37,79437466
2015-08-23,76.93,77.28,76.54,77.27,83618414
2015-08-24,80.18,80.63,78.38,78.91,107096501
2015-08-25,79.55,80.07,79.44,79.68,87054475
2015-08-26,81.6,82.43,81.31,81.54,179773832
2015-08-27,82.71,82.76,82.7,82.72,88793119
2015-08-28,83.98,84.58,83.14,83.72,162451089
2015-08-29,78.87,84.11,78.78,82.3,172201699
2015-08-30,82.52,83.2,80.1,81.62,86825387
2015-08-31,83.34,84.49,82.1,83.24,133077985
2015-09-01,84.96,85.95,83.48,84.21,144642438
2015-09-02,84.02,84.59,82.82,84.21,66613493
2015-09-03,84.29,84.42,83.66,84.22,95937369
2015-09-04,81.4,85.07,80.06,83.4,121338593
2015-09-05,81.81,82.22,81.55,81.75,138569286
2015-09-06,82.57,84.5,82.44,82.69,113845929
2015-09-07,84.2,84.21,82.59,82.85,117863542
2015-09-08,82.81,84.15,82.76,83.69,126437379
2015-09-09,84.09,84.9,80.66,83.16,155435721
2015-09-10,84.66,84.7,84.58,84.64,66727425
2015-09-11,83.19,84.59,82.76,83.12,120264936
2015-09-12,82.03,82.55,81.25,81.96,129033401
2015-09-13,79.42,80.92,79.02,80.75,103312890
2015-09-14,81.96,83.34,80.3,81.09,76434753
2015-09-15,81.47,82.25,79.24,80.13,56972432
2015-09-16,80.27,80.57,80.2,80.56,137920504
2015-09-17,80.09,80.76,80.04,80.58,70234353
2015-09-18,80.66,80.78,80.51,80.53,113892470
2015-09-19,80.8,81.22,79.07,79.63,142388373
2015-09-20,79.45,79.85,79.32,79.57,141583629
2015-09-21,79.18,79.21,79.11,79.2,98489624
2015-09-22,78.61,79.7,78.56,79.14,88068037
2015-09-23,79.34,79.55,78.57,79.18,64189037
2015-09-24,79.44,79.92,79.22,79.9,82267333
2015-09-25,77.68,81.2,77.53,79.58,91755104
2015-09-26,79.23,80.19,79.23,79.79,115915914
2015-09-27,79.76,80.83,79.19,80.18,117924460
2015-09-28,79.85,80.64,79.12,79.83,91416440
2015-09-29,81.8,82.71,78.61,80.26,59717571
2015-09-30,80.48,80.51,78.58,80.06,64747663
2015-10-01,81.11,83.29,80.63,80.81,80142181
2015-10-02,81.75,82.18,80.84,81.13,136573730
2015-10-03,81.31,81.39,81.11,81.31,52690064
2015-10-04,79.27,80.68,79.23,79.7,116009873
2015-10-05,78.18,79.32,78.0,78.37,147093728
2015-10-06,78.12,78.18,76.82,77.73,146222562
2015-10-07,78.09,79.96,77.55,78.5,81244268
2015-10-08,76.96,77.01,76.65,77.0,171209741
2015-10-09,78.29,79.32,78.11,78.7,67636845
2015-10-10,77.83,78.17,76.97,77.21,74409212
2015-10-11,78.87,79.29,78.0,78.48,130243539
2015-10-12,78.52,79.61,78.01,78.15,149689629
2015-10-13,79.2,79.51,77.73,78.14,89283822
2015-10-14,78.64,78.93,77.98,78.08,123228920
2015-10-15,78.88,79.53,78.44,79.0,155402034
2015-10-16,80.33,80.85,80.27,80.71,121253294
2015-10-17,79.57,80.17,79.54,79.97,133100118
2015-10-18,80.82,81.03,79.98,80.28,104036688
2015-10-19,81.22,81.42,80.41,80.44,149360185
2015-10-20,80.44,81.59,79.78,80.29,83695364
2015-10-21,79.35,80.86,79.28,80.39,116193596
2015-10-22,80.13,80.43,78.86,80.3,76014007
2015-10-23,80.78,81.3,80.57,81.26,166495959
2015-10-24,81.64,81.71,80.46,81.53,102278734
2015-10-25,81.85,82.12,81.01,81.46,101002544
2015-10-26,81.1,82.65,79.86,80.93,63197348
2015-10-27,80.21,80.36,79.71,79.85,95443019
2015-10-28,81.5,81.61,79.56,80.04,101149280
2015-10-29,78.56,78.91,78.1,78.73,149865619
2015-10-30,78.16,78.45,77.3,78.2,154112082
2015-10-31,79.02,80.44,78.49,79.92,115781591
2015-11-01,80.5,80.6,80.39,80.56,152152775
2015-11-02,78.11,78.39,78.03,78.35,74426722
2015-11-03,78.24,78.97,78.1,78.84,131148066
2015-11-04,80.42,81.68,79.83,80.99,145951195
2015-11-05,80.16,81.03,79.45,79.7,72495162
2015-11-06,81.9,83.3,80.34,80.46,140077034
2015-11-07,81.18,81.56,80.51,80.78,98276849
2015-11-08,80.47,82.11,79.67,81.79,76594818
2015-11-09,81.01,81.28,80.65,81.24,73906910
2015-11-10,81.05,81.55,80.89,81.22,66542728
2015-11-11,80.73,81.58,80.58,80.93,147982563
2015-11-12,83.72,83.99,78.84,80.85,131280496
2015-11-13,80.94,81.72,79.11,81.14,61483802
2015-11-14,81.66,81.95,81.55,81.8,117997173
2015-11-15,83.69,84.21,83.52,83.74,118707077
2015-11-16,82.41,83.34,82.41,83.15,99147925
2015-11-17,86.1,86.3,83.0,84.07,154562661
2015-11-18,81.81,85.46,80.87,82.56,62740568
2015-11-19,83.28,83.75,83.27,83.37,84105084
2015-11-20,81.72,81.92,80.1,81.58,137861250
2015-11-21,83.33,83.67,82.87,82.87,147859464
2015-11-22,82.85,83.08,82.13,82.8,115134354
2015-11-23,81.75,82.19,81.21,81.52,60194091
2015-11-24,82.83,83.77,81.05,81.21,73357084
2015-11-25,81.72,82.34,81.17,81.53,155025513
2015-11-26,80.83,81.09,80.4,80.99,56182324
2015-11-27,81.66,81.94,81.4,81.46,74451471
2015-11-28,82.29,83.09,81.15,82.86,78325337
2015-11-29,81.97,82.27,81.42,81.88,127871681
2015-11-30,81.79,82.0,81.43,81.83,125477726
2015-12-01,82.5,82.89,81.43,81.85,124676256
2015-12-02,82.49,82.9,81.52,81.67,73196538
2015-12-03,82.67,82.77,81.24,82.0,76017431
2015-12-04,80.65,82.09,80.4,81.56,94802040
2015-12-05,81.53,81.71,81.3,81.35,107509152
2015-12-06,80.72,80.87,80.23,80.6,96365630
2015-12-07,78.78,79.1,77.65,79.05,102473909
2015-12-08,79.04,79.22,78.4,79.03,65603259
2015-12-09,75.98,77.57,75.8,77.06,68641986
2015-12-10,75.21,75.68,74.93,75.42,160691127
2015-12-11,76.33,76.83,75.47,76.1,122169999
2015-12-12,74.98,75.3,74.19,74.68,91322762
2015-12-13,75.85,77.64,75.78,76.24,115938089
2015-12-14,77.51,79.46,76.73,77.98,69090007
2015-12-15,76.44,77.09,76.4,76.57,124752491
2015-12-16,78.16,78.21,77.43,77.73,75839805
2015-12-17,78.79,80.35,78.56,79.05,94383407
2015-12-18,80.06,80.69,79.72,79.84,58823430
2015-12-19,81.1,82.05,80.89,81.44,161213482
2015-12-20,82.45,84.45,81.48,81.5,145151049
2015-12-21,81.56,82.11,81.23,81.6,55504664
2015-12-22,83.17,83.56,82.39,83.0,86832258
2015-12-23,83.01,83.49,82.87,83.13,120356400
2015-12-24,82.34,83.77,81.89,82.82,155549240
2015-12-25,84.37,84.78,84.27,84.34,100787187
2015-12-26,84.13,84.22,83.26,83.51,135362422
2015-12-27,85.33,85.48,84.44,84.55,133210764
2015-12-28,84.35,85.21,83.06,83.48,105345624
2015-12-29,83.21,83.54,82.78,83.45,81587025
2015-12-30,82.88,82.89,82.6,82.68,156586446
2015-12-31,81.33,81.7,81.14,81.46,139307117
2016-01-01,83.05,83.46,82.28,82.84,139267441
2016-01-02,81.85,81.86,81.3,81.74,60797848
2016-01-03,81.37,82.34,81.25,81.77,85930909
2016-01-04,80.56,80.89,79.77,80.6,153584321
2016-01-05,81.96,82.49,81.22,81.74,100885772
2016-01-06,81.79,84.29,81.0,82.7,115461479
2016-01-07,84.33,85.41,83.13,85.15,173643303
2016-01-08,85.41,85.53,84.76,85.29,69960931
2016-01-09,84.62,85.8,84.4,85.16,136802166
2016-01-10,85.35,85.61,84.67,84.95,103272597
2016-01-11,85.01,86.23,84.18,85.8,154903399
2016-01-12,84.72,86.24,84.25,84.71,103565624
2016-01-13,83.65,85.96,82.38,84.7,94844064
2016-01-14,84.33,85.66,83.8,84.95,76966064
2016-01-15,85.12,85.4,84.88,85.3,135458951
2016-01-16,84.71,84.86,84.62,84.8,106113755
2016-01-17,85.01,85.94,84.86,85.73,68757857
2016-01-18,88.1,88.47,88.01,88.04,64419974
2016-01-19,88.0,88.23,87.74,88.05,118096757
2016-01-20,90.32,90.92,88.83,89.2,85805154
2016-01-21,86.02,88.75,84.79,87.95,69533919
2016-01-22,87.43,88.52,87.3,87.83,112765831
2016-01-23,87.43,88.13,84.95,87.37,82310979
2016-01-24,90.1,90.75,87.12,87.51,101354911
2016-01-25,87.29,87.41,87.08,87.13,107675471
2016-01-26,87.76,88.02,86.86,87.25,102423747
2016-01-27,85.38,86.95,84.04,86.67,155119116
2016-01-28,87.8,88.41,87.19,87.99,81932896
2016-01-29,85.34,85.66,84.31,85.25,157031932
2016-01-30,85.21,87.14,84.7,85.27,132593016
2016-01-31,84.49,84.83,83.75,84.34,97350172
2016-02-01,82.98,83.81,82.37,83.35,119056943
2016-02-02,84.3,85.77,83.59,85.06,121626095
2016-02-03,84.01,86.5,83.58,85.46,153722053
2016-02-04,86.94,87.02,86.33,86.63,128686552
2016-02-05,86.89,87.42,85.51,86.5,147892332
2016-02-06,85.03,85.73,84.15,85.38,151268657
2016-02-07,88.93,90.39,87.38,87.7,79119653
2016-02-08,86.44,89.78,86.43,87.46,76568182
2016-02-09,87.6,88.41,87.32,87.48,108489167
2016-02-10,87.14,87.46,86.12,87.13,110972348
2016-02-11,88.71,89.25,88.11,89.11,123732739
2016-02-12,92.06,92.11,91.24,91.76,137920534
2016-02-13,92.92,95.31,90.52,92.54,96256483
2016-02-14,93.72,94.2,91.94,93.77,77826265
2016-02-15,93.63,94.14,93.26,94.06,78684506
2016-02-16,93.39,94.54,92.23,92.72,96249303
2016-02-17,91.77,92.97,91.48,92.87,98622839
2016-02-18,90.83,93.13,90.81,91.63,162271828
2016-02-19,93.99,94.94,93.01,93.38,118788953
2016-02-20,93.52,95.17,93.28,94.8,108664401
2016-02-21,94.09,95.47,93.74,94.99,82625251
2016-02-22,94.9,94.92,94.75,94.78,92386513
2016-02-23,94.67,95.07,94.35,94.95,88167623
2016-02-24,97.42,97.86,95.57,96.61,66624114
2016-02-25,94.64,96.28,94.08,95.96,126887340
2016-02-26,97.53,97.84,96.05,96.55,65142515
2016-02-27,93.93,94.98,93.66,93.76,111169221
2016-02-28,95.63,96.98,93.79,95.25,93061238
2016-02-29,93.07,93.34,92.74,93.31,65895098
2016-03-01,92.61,93.49,92.58,92.77,115138864
2016-03-02,92.9,93.04,92.56,92.89,91580069
2016-03-03,95.15,95.17,93.63,94.52,95442523
2016-03-04,93.85,94.94,92.97,94.05,87199947
2016-03-05,93.21,93.81,92.7,93.28,86353234
2016-03-06,91.86,93.13,89.49,91.49,161995343
2016-03-07,92.63,93.11,91.91,92.72,120767206
2016-03-08,92.8,93.06,92.18,92.66,148917307
2016-03-09,93.33,93.6,92.82,93.13,137759030
2016-03-10,92.33,94.32,90.86,92.6,54802510
2016-03-11,94.23,94.34,93.5,93.58,105482642
2016-03-12,95.46,95.55,92.4,94.04,123118465
2016-03-13,92.64,94.26,91.85,93.75,134697656
2016-03-14,93.56,94.17,91.1,91.38,91778632
2016-03-15,92.86,93.48,91.4,92.04,102146258
2016-03-16,91.21,92.55,90.46,92.01,123892512
2016-03-17,90.81,90.93,90.72,90.93,72778529
2016-03-18,90.05,90.49,89.87,90.35,140428466
2016-03-19,90.35,90.44,89.03,90.41,52874814
2016-03-20,89.91,92.14,88.6,90.03,135064402
2016-03-21,90.3,91.14,90.13,90.67,102425252
2016-03-22,88.78,89.39,88.5,89.0,147307677
2016-03-23,86.68,88.52,86.28,87.42,88179798
2016-03-24,86.11,86.39,84.08,86.25,58828651
2016-03-25,85.39,86.02,84.61,85.64,92961662
2016-03-26,86.25,87.08,86.14,86.16,92331453
2016-03-27,85.71,86.23,85.34,85.63,54005100
2016-03-28,86.56,86.81,86.2,86.58,150070413
2016-03-29,84.84,86.04,83.36,84.73,70286028
2016-03-30,85.69,86.72,84.53,84.96,132908673
2016-03-31,83.87,85.75,83.82,84.04,139541266
2016-04-01,84.17,84.68,83.82,84.64,107752110
2016-04-02,84.7,85.39,84.23,85.21,83375355
2016-04-03,84.13,85.81,84.06,85.43,60650638
2016-04-04,86.95,87.33,86.49,86.53,87710810
2016-04-05,84.64,87.08,84.04,85.96,131164734
2016-04-06,87.32,87.89,86.68,87.03,139601907
2016-04-07,85.62,88.14,85.5,87.31,152860057
2016-04-08,88.41,88.47,87.41,87.47,91628098
2016-04-09,83.65,86.92,82.94,85.42,107960486
2016-04-10,85.75,85.85,84.37,84.94,150673951
2016-04-11,84.96,85.89,84.06,84.88,117598185
2016-04-12,82.73,85.62,82.33,85.49,125816539
2016-04-13,88.33,88.43,85.52,86.51,57782294
2016-04-14,87.34,87.5,82.79,85.7,95736428
2016-04-15,84.63,84.68,84.2,84.36,105660599
2016-04-16,84.64,85.06,83.82,83.87,137071997
2016-04-17,84.95,85.53,83.85,84.19,84943996
2016-04-18,85.75,86.25,85.4,85.44,125119095
2016-04-19,85.43,86.83,85.35,86.01,116817760
2016-04-20,85.53,86.3,85.4,85.45,117736350
2016-04-21,84.41,85.49,83.48,84.02,155976802
2016-04-22,84.13,84.75,82.84,83.91,137005073
2016-04-23,85.44,86.3,84.88,84.98,77862228
2016-04-24,85.74,85.94,84.77,85.36,74804146
2016-04-25,84.24,84.86,83.86,84.36,145791590
2016-04-26,83.73,84.54,82.75,84.34,104707846
2016-04-27,84.95,85.79,84.67,84.73,137405316
2016-04-28,84.77,85.82,83.97,84.9,136403088
2016-04-29,85.2,85.22,84.51,84.82,120015788
2016-04-30,86.4,86.58,85.57,85.93,105278600
2016-05-01,82.79,86.4,82.7,84.61,139640793
2016-05-02,85.08,87.53,84.48,84.53,109213682
2016-05-03,85.65,87.49,85.61,86.43,150989046
2016-05-04,87.79,87.98,86.59,87.79,107014505
2016-05-05,87.53,88.44,87.13,88.29,143227267
2016-05-06,87.2,88.53,86.78,87.85,95726797
2016-05-07,86.06,88.35,85.52,86.96,125463620
2016-05-08,87.56,87.92,87.02,87.48,140049274
2016-05-09,90.05,90.11,86.62,88.02,106033356
2016-05-10,88.15,88.32,87.22,87.54,80330647
2016-05-11,90.54,90.77,88.9,89.1,83784005
2016-05-12,91.98,92.03,88.33,88.65,76010624
2016-05-13,88.87,89.15,87.92,88.72,61626254
2016-05-14,88.69,88.77,88.2,88.28,141284926
2016-05-15,87.48,88.45,87.16,87.99,150306422
2016-05-16,88.03,88.52,87.18,88.11,67088329
2016-05-17,86.61,87.69,86.0,87.29,100719881
2016-05-18,85.05,85.3,84.54,84.71,140590120
2016-05-19,81.46,82.81,81.23,82.34,155102410
2016-05-20,83.93,84.65,83.76,84.0,78475612
2016-05-21,84.63,84.96,83.49,84.8,126159169
2016-05-22,87.4,88.14,85.95,86.81,105155973
2016-05-23,87.47,87.88,84.35,87.6,121120993
2016-05-24,88.63,89.12,86.69,86.87,135233646
2016-05-25,88.27,88.73,87.81,87.86,113590002
2016-05-26,87.81,88.56,87.68,88.17,75918925
2016-05-27,87.05,89.33,86.68,88.65,102834144
2016-05-28,88.45,89.29,87.74,88.63,102095838
2016-05-29,88.16,89.05,87.5,88.02,103593534
2016-05-30,87.31,88.57,87.13,88.55,135829262
2016-05-31,87.73,88.12,86.71,87.57,67494343
2016-06-01,87.48,87.49,87.16,87.22,89969802
2016-06-02,87.25,89.35,85.72,87.24,132720872
2016-06-03,85.88,87.2,85.76,87.11,136332858
2016-06-04,85.52,87.28,85.24,86.96,65052035
2016-06-05,88.58,88.83,87.31,87.54,68489087
2016-06-06,89.32,89.48,89.22,89.29,72421617
2016-06-07,91.84,92.56,89.18,90.28,131680715
2016-06-08,89.46,90.95,89.02,89.85,52724418
2016-06-09,89.46,90.11,89.32,89.54,101262997
2016-06-10,91.59,92.29,90.12,91.16,171843864
2016-06-11,90.6,94.74,90.48,91.84,133810394
2016-06-12,94.13,94.64,91.17,92.37,140614262
2016-06-13,93.58,93.95,93.39,93.44,151604976
2016-06-14,93.35,93.51,91.84,92.99,65291324
2016-06-15,93.02,94.54,91.26,92.93,137640856
2016-06-16,91.14,92.36,90.56,91.94,146706410
2016-06-17,90.8,91.22,89.91,90.39,67401229
2016-06-18,90.99,91.42,90.69,91.17,86230247
2016-06-19,92.31,92.47,90.62,92.14,102004216
2016-06-20,93.41,93.72,92.02,92.32,87211658
2016-06-21,92.28,93.33,92.23,92.25,67924985
2016-06-22,92.23,93.06,90.48,91.2,108002145
2016-06-23,93.48,93.71,91.2,91.44,52993639
2016-06-24,89.46,90.2,89.1,90.16,75963769
2016-06-25,91.38,92.26,91.33,92.03,141658192
2016-06-26,92.22,94.31,91.76,93.16,101647962
2016-06-27,93.97,94.24,93.27,93.39,75692771
2016-06-28,94.67,95.15,91.86,93.09,67113093
2016-06-29,93.33,94.1,91.17,91.26,149015195
2016-06-30,91.52,93.06,90.8,91.74,79435778
2016-07-01,91.28,92.46,90.53,92.35,68153694
2016-07-02,94.34,94.39,91.8,93.76,79478882
2016-07-03,92.95,95.57,92.36,93.83,99464559
2016-07-04,93.46,94.57,93.1,93.42,68085627
2016-07-05,93.99,94.22,93.59,93.69,57467194
2016-07-06,92.36,94.21,91.79,93.8,76617207
2016-07-07,96.82,96.96,93.98,96.71,100776913
2016-07-08,96.35,96.6,95.02,95.18,85909098
2016-07-09,94.5,97.67,94.39,95.86,79834735
2016-07-10,95.32,97.33,94.66,95.69,55508715
2016-07-11,92.73,95.76,92.72,95.2,53798946
2016-07-12,94.64,95.17,93.83,94.24,100161560
2016-07-13,97.73,97.94,96.36,96.69,108394526
2016-07-14,95.44,99.81,94.67,96.87,77738125
2016-07-15,99.62,99.79,99.61,99.63,67152754
2016-07-16,100.78,100.78,100.32,100.66,115216782
2016-07-17,99.47,100.51,98.39,100.3,51916574
2016-07-18,100.34,101.25,99.91,100.74,154354256
2016-07-19,100.77,100.77,99.3,100.41,122883573
2016-07-20,101.55,103.23,100.93,101.11,89439466
2016-07-21,98.51,100.5,98.29,99.86,111221419
2016-07-22,99.49,101.66,99.2,101.32,98951315
2016-07-23,102.22,103.47,102.16,102.72,73708827
2016-07-24,105.01,106.66,104.94,105.11,175676231
2016-07-25,104.95,108.25,102.15,105.74,90403679
2016-07-26,103.91,105.83,103.73,105.8,139421709
2016-07-27,106.77,106.84,106.74,106.78,133566312
2016-07-28,106.31,106.45,106.04,106.04,137972316
2016-07-29,110.21,110.4,107.27,109.1,127515619
2016-07-30,108.68,108.93,108.26,108.67,103869012
2016-07-31,108.21,110.02,107.53,108.37,121290565
2016-08-01,108.09,108.35,106.46,107.67,82829239
2016-08-02,107.39,109.48,106.21,107.46,86945792
2016-08-03,105.76,106.26,104.6,105.61,129161353
2016-08-04,109.2,110.29,108.25,108.75,147756680
2016-08-05,107.81,110.18,107.56,108.59,123640008
2016-08-06,108.06,109.29,107.85,108.77,78023368
2016-08-07,109.15,111.13,108.92,109.94,100596544
2016-08-08,110.05,112.17,109.28,110.68,129802658
2016-08-09,109.79,111.96,109.44,111.07,81277159
2016-08-10,108.53,109.36,108.37,109.19,91791418
2016-08-11,110.59,111.32,105.37,110.28,71257852
2016-08-12,114.88,115.92,110.69,113.29,116535505
2016-08-13,113.56,113.6,112.26,113.56,138649175
2016-08-14,116.62,117.39,113.27,115.85,84839948
2016-08-15,115.07,115.58,113.92,114.89,76931004
2016-08-16,112.77,112.87,112.4,112.76,73985355
2016-08-17,110.51,111.58,110.24,111.34,62411074
2016-08-18,111.18,113.71,110.71,112.2,123780706
2016-08-19,112.54,112.99,112.29,112.64,111338307
2016-08-20,112.76,112.96,112.3,112.45,110884657
2016-08-21,111.86,112.65,110.72,110.91,106184466
2016-08-22,111.06,112.22,107.82,110.29,103892422
2016-08-23,110.62,113.1,110.22,111.31,134840654
2016-08-24,111.56,112.22,111.39,111.66,86400023
2016-08-25,109.79,111.48,108.56,110.52,66416426
2016-08-26,111.23,112.21,111.11,112.03,157231883
2016-08-27,113.89,115.47,110.81,111.81,121741761
2016-08-28,110.47,111.06,110.13,110.6,104772169
2016-08-29,111.05,114.89,110.36,112.6,167610120
2016-08-30,113.19,113.66,111.3,111.94,143346553
2016-08-31,109.67,110.47,108.74,110.41,92213164
2016-09-01,108.86,110.82,108.51,109.95,106628851
2016-09-02,111.15,111.24,110.99,111.15,97642259
2016-09-03,115.15,115.92,110.27,113.62,177872033
2016-09-04,114.67,114.95,113.93,113.95,53819235
2016-09-05,110.61,112.11,110.19,111.9,148626441
2016-09-06,113.75,114.35,112.89,113.68,137678638
2016-09-07,113.2,114.63,112.54,113.76,124539161
2016-09-08,115.06,116.33,114.0,114.46,152964325
2016-09-09,114.43,114.88,114.12,114.25,105929025
2016-09-10,114.55,115.12,113.68,114.1,95599510
2016-09-11,113.54,115.98,112.95,114.26,120288284
2016-09-12,113.1,114.01,112.97,113.94,116911687
2016-09-13,116.84,117.21,113.71,115.84,146328296
2016-09-14,117.3,117.69,115.9,116.94,70179848
2016-09-15,117.1,117.1,117.02,117.04,136792760
2016-09-16,118.49,119.71,117.16,118.55,83908010
2016-09-17,119.3,120.41,117.29,117.82,152813402
2016-09-18,118.06,121.43,116.96,119.59,123976970
2016-09-19,123.05,123.18,121.64,122.08,93253045
2016-09-20,122.18,122.37,120.0,120.97,144792681
2016-09-21,121.62,121.85,120.5,120.63,72995492
2016-09-22,122.15,124.67,120.93,121.5,123207118
2016-09-23,121.92,122.49,121.32,121.77,149469950
2016-09-24,122.42,122.83,121.87,122.38,97774657
2016-09-25,124.59,124.68,122.01,122.75,66908223
2016-09-26,121.8,122.78,120.75,121.38,116625594
2016-09-27,124.39,125.17,123.92,124.86,80705600
2016-09-28,124.64,129.29,123.19,124.24,56896970
2016-09-29,124.63,124.78,120.65,122.71,68850598
2016-09-30,125.14,125.58,122.17,124.93,87364918
2016-10-01,127.75,130.01,125.52,125.8,123311956
2016-10-02,125.6,125.61,124.51,124.86,132900734
2016-10-03,124.8,125.99,124.28,124.87,74113183
2016-10-04,123.61,125.11,121.78,124.24,64669241
2016-10-05,124.96,125.05,123.81,124.11,96377990
2016-10-06,121.36,124.82,120.38,123.2,117369754
2016-10-07,124.54,126.24,123.76,123.97,57143601
2016-10-08,123.02,124.95,120.99,123.91,116492156
2016-10-09,125.7,126.18,125.11,126.07,155071881
2016-10-10,127.51,128.08,126.89,127.82,96560432
2016-10-11,129.83,129.84,129.64,129.74,72900743
2016-10-12,132.3,133.35,131.17,132.16,65648969
2016-10-13,135.4,136.42,135.2,136.1,100058572
2016-10-14,138.9,140.23,137.58,139.57,113204115
2016-10-15,141.74,142.73,140.73,140.76,124314956
2016-10-16,142.04,144.16,140.89,141.84,138387444
2016-10-17,139.74,140.89,137.16,140.2,121789773
2016-10-18,140.87,141.47,140.44,141.26,126513939
2016-10-19,139.04,140.19,136.1,138.91,131121010
2016-10-20,138.11,139.41,137.66,138.94,141171477
2016-10-21,140.68,142.79,138.9,140.93,120415518
2016-10-22,145.2,147.69,141.16,143.82,146673952
2016-10-23,142.38,143.02,140.51,141.23,93739021
2016-10-24,144.95,147.73,143.77,143.99,159566472
2016-10-25,144.2,147.45,141.83,141.96,118490825
2016-10-26,144.05,144.72,141.6,142.89,145468461
2016-10-27,141.88,142.59,139.27,140.26,103190587
2016-10-28,142.43,142.51,141.65,142.01,125228548
2016-10-29,139.61,141.34,138.89,140.26,90174490
2016-10-30,140.3,141.72,138.29,140.24,132987030
2016-10-31,139.43,140.94,138.16,139.84,81181772
2016-11-01,142.04,142.34,140.64,141.71,161880048
2016-11-02,141.98,142.64,141.06,141.2,78073788
2016-11-03,143.52,145.28,143.0,144.66,118528591
2016-11-04,143.27,143.59,141.65,142.18,61156951
2016-11-05,143.55,143.78,142.24,142.84,89753697
2016-11-06,146.02,147.09,143.85,144.17,91454545
2016-11-07,147.38,147.4,143.59,144.57,106177173
2016-11-08,142.85,143.32,141.07,143.17,111524201
2016-11-09,143.22,143.3,141.76,143.13,63378597
2016-11-10,143.17,145.31,143.04,143.3,132512353
2016-11-11,144.96,144.99,144.33,144.68,110422484
2016-11-12,143.18,144.98,142.99,144.9,145731701
2016-11-13,146.16,146.62,145.45,145.64,59419958
2016-11-14,147.07,147.36,146.85,147.0,162723890
2016-11-15,146.53,148.33,145.91,146.87,85420691
2016-11-16,144.74,145.39,142.8,144.64,168426870
2016-11-17,147.29,149.26,142.83,145.17,55833067
2016-11-18,148.41,148.54,147.72,148.05,113360575
2016-11-19,148.33,150.48,148.14,149.76,68244443
2016-11-20,150.45,151.69,149.87,150.56,127580054
2016-11-21,153.33,154.64,153.08,154.31,68726406
2016-11-22,155.73,157.8,152.58,153.52,120525540
2016-11-23,154.74,154.92,153.79,153.97,137189918
2016-11-24,153.41,154.31,152.61,153.91,100118251
2016-11-25,151.3,151.78,150.22,151.48,59081003
2016-11-26,151.56,154.29,150.72,152.18,111584163
2016-11-27,153.27,154.64,152.22,152.55,110581695
2016-11-28,152.67,154.78,152.52,152.87,78824827
2016-11-29,155.69,156.48,153.74,154.63,162108278
2016-11-30,155.31,159.3,155.27,157.43,170526963
2016-12-01,154.28,158.23,153.81,155.97,141114555
2016-12-02,152.53,153.94,152.1,153.9,161713501
2016-12-03,156.0,156.69,154.61,154.74,54256389
2016-12-04,155.74,157.67,153.02,154.58,78331362
2016-12-05,153.7,154.22,153.61,154.13,84753173
2016-12-06,153.79,156.2,153.14,153.24,63666706
2016-12-07,151.12,151.82,151.04,151.33,83050634
2016-12-08,150.2,150.87,149.93,150.1,139068860
2016-12-09,150.06,152.08,149.4,150.34,104018792
2016-12-10,147.9,150.03,147.37,148.21,66689705
2016-12-11,149.24,149.8,148.66,149.22,84406095
2016-12-12,149.73,149.94,147.65,148.73,60616768
2016-12-13,146.82,148.78,146.45,148.15,132531653
2016-12-14,145.72,148.37,145.02,147.45,70363194
2016-12-15,148.0,149.9,147.41,149.84,102700053
2016-12-16,149.35,150.5,148.85,150.41,81728089
2016-12-17,147.68,151.27,146.9,148.87,67446495
2016-12-18,148.37,151.76,147.11,148.99,92376909
2016-12-19,148.98,149.78,147.79,148.76,66741448
2016-12-20,150.14,150.72,145.99,149.63,81717948
2016-12-21,150.01,151.64,143.48,147.67,166420632
2016-12-22,149.13,149.43,148.28,149.18,139146033
2016-12-23,147.24,148.75,146.18,147.13,76598182
2016-12-24,151.8,154.42,147.48,151.04,160263859
2016-12-25,151.28,154.34,150.5,152.01,73422752
2016-12-26,154.27,155.12,152.69,154.88,95063051
2016-12-27,152.68,155.01,150.49,154.72,131349990
2016-12-28,158.18,161.05,157.02,158.38,82192592
2016-12-29,158.67,162.15,155.54,158.89,85245552
2016-12-30,160.01,161.44,157.87,160.64,63967785
2016-12-31,157.84,159.46,156.39,158.09,108102289
2017-01-01,155.58,156.95,153.33,155.93,89831646
2017-01-02,154.73,159.25,152.15,155.51,76396647
2017-01-03,159.43,161.06,158.94,159.08,106880476
2017-01-04,154.89,159.76,153.54,158.91,71438594
2017-01-05,159.84,160.14,159.52,160.07,71302178
2017-01-06,164.93,166.56,164.54,165.11,73748625
2017-01-07,168.38,170.56,167.88,169.7,168088861
2017-01-08,172.27,174.99,171.69,173.27,67627947
2017-01-09,171.23,173.04,169.22,172.09,58496421
2017-01-10,172.9,173.0,166.98,170.67,67570306
2017-01-11,171.98,172.77,169.92,170.89,125295155
2017-01-12,170.69,171.9,169.42,171.24,90281331
2017-01-13,167.06,170.6,167.06,168.73,96307873
2017-01-14,168.08,168.48,166.53,168.07,119805654
2017-01-15,165.11,166.09,162.45,163.34,85554426
2017-01-16,164.64,164.9,160.61,164.38,65430008
2017-01-17,163.22,164.63,160.56,162.23,62912609
2017-01-18,164.38,164.57,162.36,163.2,135014083
2017-01-19,163.09,163.71,160.92,162.39,127033897
2017-01-20,158.09,161.81,157.42,161.69,99622004
2017-01-21,162.39,167.4,162.31,163.18,94255296
2017-01-22,161.2,161.79,159.53,161.7,78852013
2017-01-23,160.58,162.09,157.99,159.0,122443842
2017-01-24,157.28,158.09,155.43,157.21,142972165
2017-01-25,158.18,158.59,155.2,158.07,88527944
2017-01-26,155.71,158.94,155.4,158.2,60143606
2017-01-27,156.31,157.31,155.2,156.49,103443175
2017-01-28,155.81,158.62,155.46,157.12,93521972
2017-01-29,158.93,159.97,158.67,159.46,142183342
2017-01-30,159.18,160.78,158.52,160.48,132640392
2017-01-31,158.45,159.79,156.93,158.96,109957025
2017-02-01,160.34,160.91,156.25,156.71,91732574
2017-02-02,157.36,158.74,154.41,156.96,111261401
2017-02-03,155.68,157.72,153.37,154.35,102558925
2017-02-04,153.65,155.75,151.13,154.21,114809534
2017-02-05,148.35,152.64,148.17,152.26,154599109
2017-02-06,152.06,154.93,149.66,153.13,151684656
2017-02-07,154.65,156.58,150.4,154.89,162023571
2017-02-08,152.55,154.56,151.4,153.43,82502560
2017-02-09,152.84,153.23,152.81,152.93,90061077
2017-02-10,150.4,150.45,149.54,150.29,62030441
2017-02-11,149.14,149.14,148.24,148.54,163344552
2017-02-12,150.52,152.3,150.34,151.17,149459510
2017-02-13,152.32,153.97,152.2,152.96,162563055
2017-02-14,154.22,154.57,154.11,154.25,82047304
2017-02-15,155.48,156.25,155.44,155.68,124154074
2017-02-16,160.92,161.68,154.06,157.8,104187323
2017-02-17,158.19,158.48,157.85,158.37,95149094
2017-02-18,154.91,155.21,154.49,154.59,117186679
2017-02-19,151.62,151.87,149.91,151.37,133968688
2017-02-20,148.74,151.22,147.44,150.45,92950404
2017-02-21,151.37,152.76,151.17,151.92,69044053
2017-02-22,152.86,153.12,152.06,152.73,123991368
2017-02-23,151.32,153.29,150.5,152.17,71407574
2017-02-24,153.1,153.66,151.87,152.37,71639455
2017-02-25,153.15,154.43,152.35,152.46,80781366
2017-02-26,150.59,151.04,149.64,151.01,103583177
2017-02-27,148.92,149.79,147.38,149.49,78497882
2017-02-28,149.82,150.78,148.96,150.24,70334537
2017-03-01,149.2,153.42,146.7,149.8,86545775
2017-03-02,148.08,149.92,146.39,149.78,67774816
2017-03-03,148.77,150.95,148.73,150.25,107460979
2017-03-04,152.16,153.22,149.68,152.25,63834521
2017-03-05,154.69,155.15,152.64,154.56,88954330
2017-03-06,150.81,152.38,150.55,152.2,140649773
2017-03-07,150.47,151.26,150.36,150.71,79721477
2017-03-08,149.85,149.95,148.48,148.81,58676902
2017-03-09,147.97,151.53,142.8,147.54,61713580
2017-03-10,148.36,149.63,145.76,145.99,117835510
2017-03-11,151.23,151.37,145.75,148.15,159730916
2017-03-12,148.24,148.36,147.92,148.31,113776568
2017-03-13,147.55,150.25,146.97,149.51,115161657
2017-03-14,147.41,150.72,147.38,148.78,147192348
2017-03-15,155.89,156.12,148.98,154.21,153439791
2017-03-16,155.89,156.23,154.57,155.53,158385835
2017-03-17,154.39,156.6,153.6,154.17,87346590
2017-03-18,154.62,155.41,153.34,153.39,75597247
2017-03-19,155.69,160.68,151.99,156.13,103054133
2017-03-20,153.5,155.53,153.19,153.9,164426593
2017-03-21,153.79,158.86,151.16,153.51,69049154
2017-03-22,154.62,159.15,151.29,154.56,103088254
2017-03-23,154.78,155.56,152.88,154.78,94756525
2017-03-24,157.24,157.45,154.71,154.91,143729964
2017-03-25,157.32,157.73,156.26,156.41,163864104
2017-03-26,156.47,156.65,155.91,156.48,69641729
2017-03-27,158.69,158.96,157.51,158.2,106190623
2017-03-28,157.8,158.69,156.55,158.12,125044080
2017-03-29,160.72,161.12,159.11,160.08,138987819
2017-03-30,166.76,167.92,162.84,163.25,84402539
2017-03-31,165.69,167.87,165.55,167.62,105167628
2017-04-01,170.27,175.07,167.48,168.99,85598398
2017-04-02,169.53,170.98,167.49,168.87,103852947
2017-04-03,169.74,171.22,167.01,168.63,100880947
2017-04-04,170.35,170.43,169.48,169.55,57104346
2017-04-05,168.88,168.91,166.61,166.76,74280731
2017-04-06,169.94,170.3,169.05,169.42,125162986
2017-04-07,166.11,168.39,165.67,166.82,100413878
2017-04-08,168.74,169.74,168.04,168.61,101055902
2017-04-09,172.32,172.42,167.71,169.52,123728612
2017-04-10,169.87,169.97,166.28,169.68,104626978
2017-04-11,170.91,171.31,168.26,169.9,126030038
2017-04-12,165.17,167.04,164.84,166.69,149244252
2017-04-13,167.88,170.57,163.51,169.7,129441405
2017-04-14,168.67,170.0,168.42,169.03,110849434
2017-04-15,169.1,169.74,168.79,169.3,105967964
2017-04-16,173.43,175.06,172.89,173.44,134291848
2017-04-17,175.84,177.22,174.23,175.19,105629680
2017-04-18,171.95,172.64,171.9,172.59,156826831
2017-04-19,168.26,172.25,166.88,170.28,70403912
2017-04-20,169.03,170.92,168.35,170.04,141684940
2017-04-21,170.32,170.69,168.91,170.17,128571493
2017-04-22,173.91,174.14,171.19,172.33,152793385
2017-04-23,169.25,171.78,168.86,170.01,129948563
2017-04-24,170.27,171.41,169.96,171.28,70271864
2017-04-25,172.01,173.19,166.03,170.32,131417466
2017-04-26,173.85,176.13,169.97,174.08,122527834
2017-04-27,169.88,171.7,169.21,171.45,62892974
2017-04-28,171.62,173.16,170.44,171.9,95389113
2017-04-29,173.55,175.47,171.66,171.98,98640720
2017-04-30,176.04,177.7,172.23,173.39,137983681
2017-05-01,171.35,171.66,170.72,171.06,165715756
2017-05-02,172.17,173.67,171.48,172.02,94005380
2017-05-03,168.84,169.06,168.21,168.75,73856310
2017-05-04,168.96,169.19,168.23,168.8,140823035
2017-05-05,169.37,173.14,168.9,169.75,154080290
2017-05-06,168.39,169.43,168.22,168.79,56871991
2017-05-07,171.73,173.48,170.75,171.62,150543758
2017-05-08,169.04,172.0,168.36,169.21,137245258
2017-05-09,169.5,169.73,169.25,169.71,126125485
2017-05-10,167.29,169.19,166.99,167.5,67355647
2017-05-11,170.36,170.48,169.32,170.46,60166368
2017-05-12,172.36,172.59,172.24,172.28,113196058
2017-05-13,174.77,176.45,172.63,174.62,110949313
2017-05-14,175.13,177.52,173.69,174.94,56060877
2017-05-15,182.0,182.18,177.08,180.81,98012506
2017-05-16,176.14,179.71,175.38,176.38,87650021
2017-05-17,174.98,177.8,174.42,175.48,54476750
2017-05-18,176.1,176.29,176.08,176.09,128296263
2017-05-19,173.47,176.59,173.29,174.06,62730759
2017-05-20,172.15,176.67,170.97,173.76,110038980
2017-05-21,176.87,177.81,171.57,174.07,90144924
2017-05-22,176.26,177.54,174.91,174.97,148052239
2017-05-23,176.01,179.13,175.41,176.32,150084585
2017-05-24,171.78,175.53,171.25,175.23,75692427
2017-05-25,177.09,177.24,176.55,177.12,156053699
2017-05-26,175.17,176.15,173.43,175.5,99948439
2017-05-27,174.79,175.98,174.37,175.11,120532527
2017-05-28,176.57,176.87,173.98,174.56,93457019
2017-05-29,173.28,173.83,170.77,172.75,89874626
2017-05-30,170.47,170.57,165.91,170.05,139792750
2017-05-31,171.2,171.54,169.46,169.59,97793432
2017-06-01,173.59,176.11,173.3,173.58,137199794
2017-06-02,173.18,174.08,171.47,171.64,149580877
2017-06-03,167.46,171.01,164.83,170.02,107035542
2017-06-04,168.48,169.29,166.88,167.35,164149413
2017-06-05,165.92,167.99,165.45,167.14,100332800
2017-06-06,170.44,171.75,170.1,171.09,125732681
2017-06-07,170.55,172.1,168.39,170.8,77861931
2017-06-08,170.3,176.17,167.26,170.36,140290801
2017-06-09,171.13,173.03,168.15,169.01,58113631
2017-06-10,171.64,174.43,170.81,171.67,85684281
2017-06-11,169.91,173.14,168.14,170.29,84911634
2017-06-12,168.17,168.18,165.59,166.99,67525723
2017-06-13,164.38,168.32,162.72,167.88,143943541
2017-06-14,168.05,168.54,166.82,167.28,146476631
2017-06-15,163.87,166.66,163.21,163.93,130890706
2017-06-16,164.58,164.62,163.12,164.24,83029585
2017-06-17,167.87,169.68,167.14,167.65,120759092
2017-06-18,167.79,168.14,165.56,166.44,141626213
2017-06-19,164.21,165.27,164.11,164.85,137812067
2017-06-20,165.97,171.74,165.11,166.41,134651485
2017-06-21,169.1,169.32,169.03,169.06,108160693
2017-06-22,170.9,171.3,170.34,171.11,66579993
2017-06-23,169.28,172.04,167.02,169.41,114832616
2017-06-24,169.53,171.98,166.69,169.23,56881059
2017-06-25,166.78,170.71,164.67,167.33,72643153
2017-06-26,169.56,170.98,165.57,165.67,56761459
2017-06-27,160.98,164.5,159.45,164.29,152327962
2017-06-28,164.52,165.72,162.16,163.68,152271690
2017-06-29,162.37,162.51,161.88,162.47,72075086
2017-06-30,159.97,161.01,159.89,160.82,146623079
2017-07-01,161.45,161.52,159.69,160.45,151173279
2017-07-02,160.7,164.44,160.02,160.76,126417889
2017-07-03,160.98,163.08,160.33,162.4,97696491
2017-07-04,161.64,163.09,160.54,162.15,107759278
2017-07-05,162.96,163.04,161.66,162.0,99725267
2017-07-06,165.82,168.16,159.91,164.76,65308858
2017-07-07,166.64,168.41,166.4,168.13,173041055
2017-07-08,169.57,169.89,168.39,168.78,109733541
2017-07-09,168.9,169.65,168.65,169.11,103253322
2017-07-10,168.92,171.02,167.68,170.76,59525914
2017-07-11,170.64,171.13,170.21,170.24,127095855
2017-07-12,170.55,172.1,169.83,170.89,123759397
2017-07-13,167.77,168.57,167.19,167.91,69552122
2017-07-14,165.97,167.92,165.65,166.61,110298855
2017-07-15,167.97,170.94,165.63,168.28,151260651
2017-07-16,167.6,169.37,166.54,168.25,98903212
2017-07-17,171.57,172.78,171.15,172.28,98806432
2017-07-18,173.62,174.77,166.64,168.13,126093219
2017-07-19,170.7,171.72,165.65,168.38,66009784
2017-07-20,173.03,174.58,171.77,172.16,130803973
2017-07-21,170.95,173.39,169.15,172.26,88792180
2017-07-22,176.34,176.47,174.62,175.12,143045255
2017-07-23,175.44,175.7,174.13,174.28,62725205
2017-07-24,175.07,178.78,174.46,176.56,116848656
2017-07-25,178.89,181.07,177.56,178.82,84564180
2017-07-26,181.02,181.91,179.26,179.96,146462162
2017-07-27,176.89,178.41,173.86,177.76,166067559
2017-07-28,181.13,181.92,179.87,180.23,87862339
2017-07-29,177.66,180.45,176.29,180.19,105638223
2017-07-30,179.58,182.11,177.81,180.04,141965775
2017-07-31,181.36,181.98,179.32,180.97,90552080
2017-08-01,179.86,180.13,179.65,180.06,97965262
2017-08-02,176.25,179.03,170.13,176.79,70426326
2017-08-03,175.81,177.05,175.6,177.04,64879350
2017-08-04,179.38,179.98,178.3,178.94,81965203
2017-08-05,177.17,179.44,176.86,177.85,63400441
2017-08-06,176.37,178.53,174.64,177.88,114003696
2017-08-07,181.2,184.54,180.81,181.12,60366813
2017-08-08,183.2,184.05,180.42,182.09,120444998
2017-08-09,179.74,180.03,178.05,179.71,100888864
2017-08-10,183.4,184.29,182.52,182.89,133016102
2017-08-11,181.48,182.28,177.99,179.85,101707686
2017-08-12,178.78,183.25,176.92,181.24,124214798
2017-08-13,184.16,185.3,182.81,185.14,160700096
2017-08-14,192.4,194.83,190.83,192.24,198399908
2017-08-15,195.02,195.17,194.35,194.56,133730729
2017-08-16,194.38,200.35,191.43,195.68,119407015
2017-08-17,193.52,201.66,190.01,200.53,158873409
2017-08-18,199.02,201.02,196.97,198.71,140148579
2017-08-19,197.57,204.54,197.1,201.02,78279091
2017-08-20,199.56,200.26,199.47,199.57,159519197
2017-08-21,199.11,202.42,198.78,201.65,81405876
2017-08-22,206.85,210.84,203.92,206.94,117468360
2017-08-23,212.41,212.47,211.04,212.44,175166138
2017-08-24,212.2,214.33,210.24,214.22,139322568
2017-08-25,214.94,221.08,214.82,216.32,124069480
2017-08-26,221.57,221.94,220.37,220.9,125952007
2017-08-27,221.0,221.43,219.89,220.13,96927866
2017-08-28,219.03,221.34,216.6,218.25,86390955
2017-08-29,219.18,223.79,217.66,221.08,99062407
2017-08-30,222.23,222.51,218.63,220.85,74959990
2017-08-31,223.91,225.27,223.36,223.79,71560372
2017-09-01,223.05,224.43,221.91,223.62,59564753
2017-09-02,219.67,225.52,215.14,221.55,123020413
2017-09-03,217.03,223.82,216.4,219.39,161003670
2017-09-04,217.46,217.56,213.55,216.03,74756751
2017-09-05,214.09,220.75,213.23,216.75,104615583
2017-09-06,220.25,222.16,220.07,220.41,121325327
2017-09-07,220.51,225.4,217.87,221.12,69098204
2017-09-08,221.33,224.56,220.71,222.53,66087449
2017-09-09,220.67,222.54,219.5,220.98,138198113
2017-09-10,221.67,222.5,221.19,222.25,89121586
2017-09-11,219.17,224.27,218.5,221.39,80852184
2017-09-12,220.74,222.42,218.24,220.89,122665300
2017-09-13,220.62,221.06,218.54,219.82,155525758
2017-09-14,223.05,224.68,222.52,224.34,118030238
2017-09-15,226.04,228.48,223.81,226.79,147239907
2017-09-16,227.09,230.32,225.84,229.7,154134469
2017-09-17,226.23,228.71,226.11,228.52,142652275
2017-09-18,225.29,227.78,224.77,227.22,102482107
2017-09-19,229.15,233.31,228.44,229.88,57843079
2017-09-20,229.52,229.87,226.44,228.82,126946134
2017-09-21,236.35,237.83,230.21,234.62,108986167
2017-09-22,233.76,235.77,231.12,233.59,93384444
2017-09-23,235.74,238.34,235.5,237.22,148411448
2017-09-24,233.91,237.51,232.71,233.25,137613915
2017-09-25,234.0,234.1,230.56,231.09,151154284
2017-09-26,235.69,237.84,226.3,231.05,73834072
2017-09-27,230.1,230.6,228.34,228.58,77425664
2017-09-28,234.61,237.4,229.13,233.95,162614960
2017-09-29,233.44,235.96,230.12,233.21,54368199
2017-09-30,233.72,235.01,231.6,232.94,102768062
2017-10-01,234.87,235.11,233.32,234.99,115234406
2017-10-02,233.93,237.69,233.25,235.18,131389190
2017-10-03,235.62,236.33,235.46,236.07,135853502
2017-10-04,237.93,239.86,237.09,239.06,133054854
2017-10-05,241.29,242.81,234.12,240.63,130068276
2017-10-06,242.75,243.36,240.26,242.47,136491738
2017-10-07,245.77,250.75,244.69,244.78,121158161
2017-10-08,243.47,245.1,243.2,243.39,151261393
2017-10-09,239.29,240.97,237.86,240.76,142356583
2017-10-10,248.04,248.16,242.6,242.87,121344118
2017-10-11,244.66,245.65,241.47,242.46,66694624
2017-10-12,241.74,242.24,240.75,241.77,81566805
2017-10-13,247.2,249.92,246.94,247.21,169529224
2017-10-14,247.68,253.46,247.32,250.26,64260082
2017-10-15,257.85,259.09,254.02,254.34,164882466
2017-10-16,249.68,251.55,249.07,251.34,125130600
2017-10-17,255.13,256.28,249.77,254.22,85054231
2017-10-18,252.84,257.32,252.48,255.16,80493653
2017-10-19,253.58,254.25,253.45,253.45,73368818
2017-10-20,252.27,257.94,252.2,253.55,70802594
2017-10-21,255.68,256.13,253.54,255.45,149636918
2017-10-22,261.99,264.52,256.93,258.38,164899093
2017-10-23,260.68,261.59,256.35,258.63,57024672
2017-10-24,261.94,262.68,253.37,257.06,57054309
2017-10-25,254.69,255.65,254.06,254.45,137151647
2017-10-26,256.35,261.41,251.87,258.2,70939412
2017-10-27,263.31,264.38,260.97,262.57,137426447
2017-10-28,258.71,261.36,253.65,259.43,66950230
2017-10-29,256.15,257.36,252.15,254.89,134357289
2017-10-30,254.55,262.97,254.18,260.12,166092783
2017-10-31,258.63,260.08,257.52,258.89,53169837
2017-11-01,258.57,261.66,258.0,260.67,116174246
2017-11-02,266.56,266.71,261.83,265.05,83256883
2017-11-03,265.73,266.29,262.33,264.21,132045452
2017-11-04,262.25,262.47,260.78,260.82,110880923
2017-11-05,260.44,264.0,259.67,260.96,145309817
2017-11-06,260.16,263.15,258.41,260.25,144500257
2017-11-07,261.17,261.44,256.32,260.24,71380126
2017-11-08,255.38,262.1,254.93,259.86,110825179
2017-11-09,259.69,260.65,258.89,260.58,87362031
2017-11-10,252.13,260.94,251.91,257.37,108821130
2017-11-11,262.07,262.72,259.28,261.34,163771875
2017-11-12,260.69,264.43,257.92,260.56,96623300
2017-11-13,269.53,270.07,266.65,267.63,83598399
2017-11-14,267.9,270.22,267.59,267.63,125754162
2017-11-15,268.57,270.26,267.26,269.58,73033734
2017-11-16,277.68,277.79,262.03,272.94,83048463
2017-11-17,271.83,275.54,271.82,272.69,61794589
2017-11-18,274.34,274.87,272.3,274.68,57968109
2017-11-19,262.8,266.95,262.57,265.18,194771166
2017-11-20,267.3,273.16,266.82,267.8,136937334
2017-11-21,269.95,270.04,268.38,269.06,109076846
2017-11-22,267.5,276.38,265.09,270.73,121305689
2017-11-23,272.01,274.16,264.97,267.23,94895170
2017-11-24,266.96,267.17,265.52,267.06,136473111
2017-11-25,272.94,273.46,266.63,270.81,129670895
2017-11-26,283.5,283.8,282.07,282.29,153089654
2017-11-27,281.21,284.59,280.71,281.95,54981854
2017-11-28,279.27,281.74,279.22,281.25,76989250
2017-11-29,284.16,284.18,272.69,279.67,98836918
2017-11-30,281.28,282.95,279.21,279.81,106164240
2017-12-01,274.08,281.05,271.36,277.06,106621664
2017-12-02,275.83,282.4,274.93,279.49,161167300
2017-12-03,279.72,286.77,275.36,278.69,96507641
2017-12-04,277.34,283.52,269.58,276.98,148184488
2017-12-05,276.12,281.58,274.02,280.39,75842795
2017-12-06,281.38,285.18,280.43,283.74,147686491
2017-12-07,281.74,284.12,279.84,280.44,154198714
2017-12-08,270.53,274.55,267.79,274.09,147129105
2017-12-09,278.03,279.76,276.03,279.14,130318536
2017-12-10,277.88,279.89,277.54,278.91,59763704
2017-12-11,274.68,278.6,274.32,276.54,59821350
2017-12-12,279.27,279.38,277.95,278.43,53551508
2017-12-13,279.01,288.92,277.61,285.69,76009883
2017-12-14,288.12,288.15,285.83,286.93,61514690
2017-12-15,291.17,292.75,284.13,287.38,52071190
2017-12-16,287.75,289.83,286.97,287.23,134565536
2017-12-17,286.92,288.82,286.66,287.98,127293324
2017-12-18,286.05,291.18,280.52,288.2,105987872
2017-12-19,289.03,295.77,288.18,289.91,150423556
2017-12-20,289.84,293.53,288.72,290.75,53775988
2017-12-21,292.71,296.26,287.02,292.69,106038282
2017-12-22,294.86,298.34,285.21,293.15,76482178
2017-12-23,293.26,293.77,293.17,293.69,113361253
2017-12-24,291.17,294.61,289.38,293.05,112694050
2017-12-25,298.36,301.45,295.38,298.19,103278432
2017-12-26,303.65,303.99,301.72,302.3,169094686
2017-12-27,299.45,301.07,295.16,297.28,66979186
2017-12-28,296.74,299.98,293.25,296.23,66503908
2017-12-29,297.05,300.32,295.62,298.57,55214601
2017-12-30,301.87,304.24,299.91,302.04,68492317
2017-12-31,300.04,302.49,299.43,300.52,101613319
2018-01-01,295.26,298.41,293.43,296.29,119612067
2018-01-02,294.58,298.03,294.03,296.05,64662373
2018-01-03,300.84,301.02,300.4,300.97,59439958
2018-01-04,309.22,310.5,307.49,308.0,183423099
2018-01-05,309.51,310.57,307.8,309.65,140667214
2018-01-06,315.68,316.38,312.32,314.16,156221058
2018-01-07,310.74,310.83,309.27,310.82,139965858
2018-01-08,319.3,321.18,312.05,312.4,55012403
2018-01-09,311.38,312.0,310.31,312.0,101804327
2018-01-10,316.35,320.32,315.4,315.99,56749408
2018-01-11,314.16,316.11,311.21,313.27,91539770
2018-01-12,317.52,321.05,308.56,315.08,72067228
2018-01-13,312.13,316.01,311.45,313.94,148733817
2018-01-14,317.25,317.7,313.83,314.36,69336856
2018-01-15,311.36,312.89,309.68,311.55,139499168
2018-01-16,310.87,312.59,310.2,312.37,113418560
2018-01-17,303.86,306.68,302.14,304.44,153783126
2018-01-18,301.72,303.76,300.86,303.66,82956644
2018-01-19,303.49,304.04,300.32,303.79,138532479
2018-01-20,301.7,307.18,301.12,303.43,57674483
2018-01-21,306.14,306.94,302.8,304.45,91390496
2018-01-22,301.3,301.42,299.56,300.75,158128811
2018-01-23,302.8,305.32,296.92,300.36,82402437
2018-01-24,296.72,297.29,295.05,295.64,82862155
2018-01-25,294.06,300.13,291.33,296.03,81829575
2018-01-26,288.96,292.56,287.98,292.43,125400732
2018-01-27,298.75,301.8,294.53,298.92,135239334
2018-01-28,293.87,295.02,290.29,294.93,86503019
2018-01-29,293.8,296.1,293.34,293.71,156080991
2018-01-30,294.99,296.28,294.94,295.95,136629717
2018-01-31,293.53,299.01,292.95,295.7,133615639
2018-02-01,290.26,296.28,289.47,292.89,142797508
2018-02-02,291.53,293.38,289.34,291.75,78990341
2018-02-03,298.18,300.95,295.39,297.3,155403324
2018-02-04,302.85,304.27,294.99,295.53,129776322
2018-02-05,288.42,289.76,287.89,288.86,157536267
2018-02-06,291.21,293.84,289.93,292.5,153058840
2018-02-07,292.77,293.03,290.9,292.2,99045648
2018-02-08,293.86,294.53,290.96,292.21,144056852
2018-02-09,292.63,295.02,287.98,293.94,143476203
2018-02-10,275.76,287.78,273.87,287.02,68069414
2018-02-11,288.35,289.12,284.24,287.86,94706318
2018-02-12,294.72,298.4,293.71,296.13,116728966
2018-02-13,293.45,297.42,293.28,297.26,87054855
2018-02-14,293.97,294.41,291.37,294.17,136195900
2018-02-15,291.56,292.17,289.3,290.52,120224021
2018-02-16,294.82,295.59,293.61,293.96,117779996
2018-02-17,287.07,291.17,284.44,286.99,133380264
2018-02-18,288.85,296.29,288.73,289.15,79699927
2018-02-19,284.21,292.9,280.17,290.02,144786659
2018-02-20,290.14,296.56,289.62,293.45,99112123
2018-02-21,293.92,294.09,291.23,292.54,117321500
2018-02-22,299.25,301.12,293.62,297.3,86457848
2018-02-23,314.36,316.02,304.38,307.59,90291006
2018-02-24,316.05,316.13,313.33,314.66,129241300
2018-02-25,315.87,316.45,311.93,315.83,146824763
2018-02-26,315.92,322.83,313.37,314.31,105334561
2018-02-27,312.02,312.4,310.03,310.59,91729013
2018-02-28,314.38,315.63,311.54,314.02,95795012
2018-03-01,313.31,314.25,309.57,313.51,85926666
2018-03-02,316.67,316.94,315.02,315.91,92864938
2018-03-03,312.09,316.47,304.72,311.42,119954011
2018-03-04,314.49,319.54,314.13,315.25,77553264
2018-03-05,319.62,329.96,317.9,324.72,120178422
2018-03-06,321.49,326.6,321.22,325.75,130822004
2018-03-07,330.98,331.31,326.5,329.81,123593547
2018-03-08,328.27,332.08,325.33,325.9,161757937
2018-03-09,314.77,324.25,313.86,319.31,111401758
2018-03-10,312.87,321.2,311.74,319.17,119506639
2018-03-11,326.09,326.26,318.58,325.89,147287608
2018-03-12,330.54,333.21,326.92,328.67,56224494
2018-03-13,326.55,333.03,323.25,329.52,68501277
2018-03-14,329.59,329.96,327.95,328.1,54333663
2018-03-15,324.72,326.5,321.33,323.98,139888938
2018-03-16,327.92,328.0,326.97,327.84,151313932
2018-03-17,323.68,324.85,321.81,323.08,64473747
2018-03-18,332.46,334.21,329.79,330.98,125702878
2018-03-19,343.29,343.97,339.77,340.32,162823579
2018-03-20,345.41,347.07,342.72,344.13,60977892
2018-03-21,338.97,341.48,334.89,338.25,108703196
2018-03-22,336.36,347.3,336.18,338.85,88291819
2018-03-23,339.34,343.13,338.38,341.12,99835355
2018-03-24,343.55,346.67,340.48,343.83,70622767
2018-03-25,340.6,346.64,336.61,344.64,127649084
2018-03-26,355.16,356.31,347.17,353.27,142409617
2018-03-27,357.71,360.37,356.97,358.55,165366799
2018-03-28,354.65,360.91,354.04,358.42,52693451
2018-03-29,363.89,364.77,359.52,363.62,135112130
2018-03-30,362.67,364.07,362.04,362.88,58102684
2018-03-31,371.57,374.14,363.21,369.45,61006859
2018-04-01,366.94,368.89,361.34,368.38,110217436
2018-04-02,370.6,381.95,370.22,372.39,72102655
2018-04-03,390.29,390.33,374.7,378.66,92069523
2018-04-04,371.55,374.06,368.69,370.32,69849118
2018-04-05,371.0,372.89,368.85,370.11,128433016
2018-04-06,370.25,372.14,368.87,371.36,132378311
2018-04-07,362.36,369.26,354.0,363.18,167261048
2018-04-08,368.23,376.77,358.66,370.22,91942179
2018-04-09,376.24,377.05,373.79,375.98,144492039
2018-04-10,368.87,382.13,368.02,369.07,107804995
2018-04-11,371.08,372.17,357.07,362.2,117096207
2018-04-12,359.74,363.88,359.45,359.75,116606284
2018-04-13,356.62,365.5,353.21,356.83,79253719
2018-04-14,359.84,360.0,358.62,359.56,72000096
2018-04-15,361.54,364.89,361.19,362.86,93306434
2018-04-16,358.79,361.95,358.52,361.04,79023524
2018-04-17,360.25,360.36,360.22,360.26,72632580
2018-04-18,357.14,358.64,354.94,358.13,129579871
2018-04-19,373.98,376.29,372.7,374.84,108199207
2018-04-20,371.94,372.38,371.87,372.18,99142192
2018-04-21,368.89,368.99,366.58,367.41,78367139
2018-04-22,362.94,370.5,360.96,364.42,121779854
2018-04-23,373.06,374.66,365.53,369.77,79785736
2018-04-24,359.48,368.58,356.75,364.91,82749974
2018-04-25,362.43,365.9,361.75,364.74,117806149
2018-04-26,372.65,379.41,363.31,369.18,111870860
2018-04-27,373.56,378.95,365.73,374.36,150590177
2018-04-28,371.05,372.29,370.49,371.84,126907729
2018-04-29,369.86,376.36,369.01,370.71,118469639
2018-04-30,376.17,386.39,372.73,375.35,134156641
2018-05-01,387.02,388.68,378.18,383.72,73044346
2018-05-02,382.72,385.09,381.58,383.78,145592180
2018-05-03,383.81,387.13,383.65,384.17,73556222
2018-05-04,376.28,383.13,374.08,382.31,102419621
2018-05-05,374.43,384.57,373.1,379.3,157877777
2018-05-06,383.66,387.43,383.57,385.7,158511884
2018-05-07,381.37,387.24,379.06,385.46,116133551
2018-05-08,390.51,394.11,388.77,390.6,102647143
2018-05-09,390.1,392.91,389.81,391.44,73227311
2018-05-10,389.56,395.64,389.07,390.93,138344498
2018-05-11,400.09,404.76,398.44,402.63,106445342
2018-05-12,404.63,407.82,400.44,404.02,68819072
2018-05-13,400.63,404.75,397.55,401.15,54290585
2018-05-14,400.77,402.99,397.66,398.32,154168092
2018-05-15,395.45,398.76,386.75,390.04,112497345
2018-05-16,375.41,380.31,369.78,375.64,80603006
2018-05-17,367.86,370.99,367.45,368.56,114702870
2018-05-18,374.66,375.45,368.54,372.24,98513656
2018-05-19,368.93,377.68,367.6,370.32,127546090
2018-05-20,373.03,376.62,369.92,371.23,59203630
2018-05-21,366.28,368.0,365.45,366.39,140792925
2018-05-22,367.14,368.69,366.28,367.71,71065022
2018-05-23,361.26,368.06,359.47,361.24,121706240
2018-05-24,369.29,370.07,360.48,363.47,70285595
2018-05-25,362.0,364.4,350.79,361.74,98351188
2018-05-26,365.18,365.56,362.34,364.56,118061541
2018-05-27,364.77,373.76,363.27,366.22,99851169
2018-05-28,366.47,379.63,364.07,365.91,85916292
2018-05-29,368.5,370.92,367.84,368.86,93607028
2018-05-30,365.21,369.67,357.08,367.71,104182903
2018-05-31,365.43,366.58,364.43,366.58,73782748
2018-06-01,363.28,366.11,363.04,365.09,135133396
2018-06-02,369.2,370.3,366.75,369.47,159166723
2018-06-03,374.94,376.28,371.8,372.62,151364476
2018-06-04,371.23,379.53,370.2,373.85,126969695
2018-06-05,375.86,378.52,368.27,372.69,107049609
2018-06-06,379.83,381.3,371.47,377.93,102278366
2018-06-07,382.87,385.16,374.22,382.96,107174445
2018-06-08,387.27,388.34,384.57,385.27,75359701
2018-06-09,393.8,395.39,378.33,387.62,155249244
2018-06-10,385.27,388.44,383.67,386.37,106692079
2018-06-11,391.75,394.59,389.41,390.9,135304634
2018-06-12,383.78,391.97,383.46,389.59,135500916
2018-06-13,385.22,390.07,382.16,387.31,86507446
2018-06-14,388.84,389.96,382.57,386.74,56082335
2018-06-15,386.1,386.82,384.48,385.74,152757146
2018-06-16,383.51,385.91,379.34,382.57,136015071
2018-06-17,382.6,384.46,378.97,382.68,52622502
2018-06-18,377.76,380.94,377.17,378.09,98440298
2018-06-19,384.81,394.69,374.9,380.81,92611309
2018-06-20,373.97,376.67,373.73,376.64,64895527
2018-06-21,376.55,379.47,375.48,378.42,137101977
2018-06-22,383.17,383.64,380.08,381.38,69763736
2018-06-23,387.58,392.74,384.05,388.68,79869754
2018-06-24,386.98,394.18,385.86,392.15,145085290
2018-06-25,385.13,389.62,380.25,381.79,90732456
2018-06-26,389.68,391.32,384.67,387.57,102381798
2018-06-27,388.36,400.48,379.29,391.99,163528576
2018-06-28,391.43,396.31,386.8,392.43,109228101
2018-06-29,395.35,398.69,392.51,392.7,119254899
2018-06-30,388.35,389.82,387.25,389.76,76450281
2018-07-01,403.38,404.96,401.86,403.59,132783239
2018-07-02,410.11,415.43,402.73,405.47,154329227
2018-07-03,394.44,405.62,393.35,401.13,120599971
2018-07-04,395.63,402.79,394.55,400.01,87786326
2018-07-05,404.78,409.4,404.32,405.53,126507490
2018-07-06,408.76,412.66,408.49,410.1,125682334
2018-07-07,417.47,425.84,413.58,415.95,112040881
2018-07-08,406.03,406.61,403.72,405.32,93910335
2018-07-09,401.22,406.65,399.94,404.43,64840047
2018-07-10,402.69,405.5,394.83,398.13,127542706
2018-07-11,407.38,409.55,393.96,397.68,100945049
2018-07-12,392.74,405.35,389.54,397.46,67400448
2018-07-13,395.25,399.36,389.49,398.24,118664607
2018-07-14,406.26,407.39,405.62,407.11,160543464
2018-07-15,402.13,406.89,401.46,404.55,115946121
2018-07-16,402.44,403.39,401.75,403.27,90345261
2018-07-17,402.5,407.0,401.74,403.97,77823574
2018-07-18,413.03,416.52,404.11,411.83,113922331
2018-07-19,409.14,413.01,408.72,412.51,113661429
2018-07-20,412.81,416.07,408.09,414.13,56920081
2018-07-21,407.84,412.29,407.09,408.65,129306460
2018-07-22,407.74,412.18,405.24,409.77,87665258
2018-07-23,403.61,410.95,401.65,408.57,72406847
2018-07-24,408.58,415.69,395.75,408.16,63937635
2018-07-25,405.11,409.93,402.66,405.78,136947752
2018-07-26,416.49,418.37,413.93,414.92,166518524
2018-07-27,404.52,415.6,398.38,412.54,137996459
2018-07-28,407.67,409.02,402.18,404.67,173021354
2018-07-29,403.83,404.72,401.36,402.86,137994102
2018-07-30,397.67,401.8,396.9,400.72,119931708
2018-07-31,392.33,397.48,388.73,396.9,126528383
2018-08-01,403.58,403.6,394.93,398.97,139268130
2018-08-02,403.85,408.51,403.51,406.45,84409766
2018-08-03,400.28,401.95,398.0,399.76,94490987
2018-08-04,396.29,402.95,392.58,398.74,106392080
2018-08-05,396.07,398.63,391.87,393.8,134005561
2018-08-06,383.01,387.43,380.88,385.47,154750818
2018-08-07,385.62,393.71,383.97,386.15,90368278
2018-08-08,393.1,396.19,392.94,393.31,95762938
2018-08-09,395.89,399.08,392.58,392.73,96330054
2018-08-10,387.94,388.38,384.91,386.74,98286553
2018-08-11,392.82,395.71,392.15,392.53,124781645
2018-08-12,398.15,400.14,391.4,396.55,102711370
2018-08-13,390.24,394.07,387.2,391.98,99140620
2018-08-14,383.53,384.63,382.71,383.36,106380648
2018-08-15,386.28,386.89,380.68,381.27,128807904
2018-08-16,382.81,383.94,382.28,383.63,105427473
2018-08-17,385.92,392.81,385.48,390.86,128758099
2018-08-18,393.22,399.03,388.28,392.73,151952058
2018-08-19,391.9,401.9,391.04,394.96,106334698
2018-08-20,399.96,400.72,393.39,395.37,124928744
2018-08-21,392.22,392.72,388.16,391.29,75092478
2018-08-22,399.09,401.61,393.96,395.75,113231041
2018-08-23,396.38,399.69,396.02,398.58,136243125
2018-08-24,405.87,407.23,402.91,404.39,71938454
2018-08-25,401.47,408.08,395.71,400.84,125130293
2018-08-26,397.26,402.25,393.17,398.61,55358925
2018-08-27,392.06,395.7,391.61,394.48,68050715
2018-08-28,392.29,400.95,389.78,397.52,132756549
2018-08-29,389.76,391.18,389.09,390.08,122051340
2018-08-30,380.4,392.83,379.91,383.9,115965098
2018-08-31,380.88,390.33,369.96,379.33,74988444
2018-09-01,391.26,393.23,387.56,387.9,119028572
2018-09-02,391.1,391.3,390.89,391.29,91363977
2018-09-03,390.07,393.3,382.25,383.43,120897931
2018-09-04,386.02,390.69,377.02,383.22,129319393
2018-09-05,385.63,391.63,377.66,387.72,93293238
2018-09-06,392.32,394.57,387.42,392.91,106172621
2018-09-07,386.53,388.45,386.18,386.67,80454224
2018-09-08,383.37,389.61,382.44,388.24,141596428
2018-09-09,393.38,394.27,392.65,393.96,93556679
2018-09-10,387.82,388.17,387.33,387.71,139658288
2018-09-11,393.36,397.43,393.14,395.17,138324121
2018-09-12,389.76,391.23,388.82,391.09,161833536
2018-09-13,387.58,394.12,380.54,390.23,122739960
2018-09-14,392.11,393.82,385.67,389.11,121683034
2018-09-15,399.19,402.78,391.15,393.4,108194528
2018-09-16,389.81,396.66,387.95,394.34,62750077
2018-09-17,400.01,400.98,399.42,400.73,143912851
2018-09-18,400.78,404.28,396.57,401.41,56224168
2018-09-19,404.21,412.19,403.66,407.5,66441782
2018-09-20,397.0,399.64,395.63,398.39,142503191
2018-09-21,392.83,398.17,389.53,392.22,90827402
2018-09-22,390.05,390.31,389.2,389.34,135846148
2018-09-23,386.92,397.53,386.61,396.02,150864254
2018-09-24,396.75,399.27,395.22,397.93,63013739
2018-09-25,392.96,396.14,392.69,395.84,119018865
2018-09-26,398.26,401.28,391.63,395.97,144161946
2018-09-27,397.92,399.52,396.88,398.49,61621754
2018-09-28,398.58,398.86,397.65,398.21,66511138
2018-09-29,391.81,392.61,391.23,392.57,151552720
2018-09-30,399.48,400.04,394.56,398.33,171494081
2018-10-01,391.52,393.76,390.05,393.19,131296305
2018-10-02,389.13,389.35,389.1,389.32,73373832
2018-10-03,380.66,389.06,378.12,386.81,113795810
2018-10-04,392.47,397.26,392.23,395.3,138117850
2018-10-05,398.07,399.79,397.3,398.26,71215851
2018-10-06,399.58,400.73,398.44,400.42,134018877
2018-10-07,409.11,410.04,408.53,409.94,183649708
2018-10-08,404.3,412.4,403.5,404.25,82566471
2018-10-09,405.63,410.95,403.59,404.09,68563266
2018-10-10,411.07,412.27,406.77,408.51,91802881
2018-10-11,417.79,420.63,410.11,411.75,91004985
2018-10-12,416.38,416.85,412.77,413.22,54119934
2018-10-13,410.79,415.67,410.27,413.91,126395006
2018-10-14,415.53,416.61,412.18,416.12,119235773
2018-10-15,425.89,427.74,421.24,424.52,174559340
2018-10-16,407.76,422.24,398.56,421.61,118120160
2018-10-17,424.94,435.67,422.57,426.6,79531438
2018-10-18,427.69,428.4,424.61,428.35,122470750
2018-10-19,428.45,429.18,427.14,427.63,72434371
2018-10-20,434.16,438.44,425.05,430.59,159040061
2018-10-21,425.64,434.65,423.7,430.36,102795041
2018-10-22,427.42,427.48,422.87,424.31,142574984
2018-10-23,419.13,425.32,418.82,422.05,70648113
2018-10-24,422.55,425.25,421.61,424.94,101538044
2018-10-25,437.15,437.3,419.42,428.06,121871446
2018-10-26,432.67,437.4,422.34,435.15,130553700
2018-10-27,438.39,449.58,436.56,439.41,74992642
2018-10-28,439.47,440.66,437.5,439.2,58850391
2018-10-29,437.11,441.54,434.83,439.19,87463719
2018-10-30,435.92,438.13,434.45,437.86,92216422
2018-10-31,434.77,435.97,432.43,432.83,161301575
2018-11-01,423.05,427.32,414.99,423.73,142812194
2018-11-02,421.92,423.41,419.01,421.36,116606773
2018-11-03,425.75,425.89,425.36,425.87,73530640
2018-11-04,422.72,423.93,421.49,421.81,153670887
2018-11-05,429.02,429.63,424.56,426.73,59422232
2018-11-06,435.64,436.55,427.91,430.42,142821383
2018-11-07,426.73,428.86,426.37,428.45,98676379
2018-11-08,423.24,428.54,409.25,418.74,118095069
2018-11-09,421.31,424.67,410.37,417.68,113321341
2018-11-10,412.29,420.09,408.23,414.71,105711879
2018-11-11,411.57,413.54,399.96,410.89,158056259
2018-11-12,402.73,409.35,402.69,408.61,57284394
2018-11-13,409.39,411.44,409.19,410.73,86574926
2018-11-14,422.6,424.06,416.94,418.53,80083104
2018-11-15,425.02,442.43,415.06,430.44,172542951
2018-11-16,443.0,446.25,433.7,438.99,78456817
2018-11-17,443.98,445.13,435.54,443.23,84204805
2018-11-18,443.6,445.16,443.38,444.14,117223348
2018-11-19,441.88,442.09,440.09,440.94,81362414
2018-11-20,437.0,441.52,430.15,435.85,159667515
2018-11-21,434.03,437.15,432.26,436.94,136696268
2018-11-22,440.81,442.71,431.75,437.68,73978347
2018-11-23,457.61,459.2,440.91,449.96,187329347
2018-11-24,453.45,456.68,445.3,452.43,132028332
2018-11-25,451.46,452.59,449.02,449.64,61203570
2018-11-26,445.34,446.57,440.24,444.93,62822810
2018-11-27,449.61,449.65,437.7,443.54,102864241
2018-11-28,443.35,458.26,443.0,449.0,129869144
2018-11-29,438.76,448.9,437.27,445.03,152016728
2018-11-30,427.61,445.58,423.1,440.77,154573048
2018-12-01,435.5,436.35,433.61,435.16,83550000
2018-12-02,442.24,443.6,433.37,438.09,153409297
2018-12-03,438.43,440.13,434.08,438.3,111732635
2018-12-04,443.53,445.57,441.49,444.09,114334533
2018-12-05,447.57,449.86,444.86,444.88,114561955
2018-12-06,439.65,444.57,437.58,442.33,55404320
2018-12-07,450.57,455.84,449.84,455.22,107168228
2018-12-08,464.09,468.57,458.55,467.97,72489925
2018-12-09,472.6,474.0,466.18,470.44,65064038
2018-12-10,476.8,481.74,467.51,473.02,92840679
2018-12-11,473.09,481.75,470.32,476.03,79978123
2018-12-12,468.45,470.53,465.6,466.97,131175994
2018-12-13,475.18,477.38,464.46,466.94,125573110
2018-12-14,467.61,471.75,464.71,468.92,97104776
2018-12-15,472.99,482.84,470.79,472.61,94996836
2018-12-16,481.3,486.09,469.64,472.62,67631118
2018-12-17,465.77,468.86,463.95,464.71,169624016
2018-12-18,476.37,480.37,475.52,476.01,119269726
2018-12-19,467.18,481.65,465.75,472.51,155008946
2018-12-20,465.75,473.55,463.9,471.16,64948224
2018-12-21,464.27,466.27,462.71,465.77,126091558
2018-12-22,468.54,470.65,458.56,468.37,91462709
2018-12-23,478.63,481.84,470.18,479.89,93928949
2018-12-24,480.25,487.29,474.93,485.35,128845216
2018-12-25,475.2,479.16,465.87,477.77,110802317
2018-12-26,476.19,477.56,475.43,476.32,52926513
2018-12-27,483.42,486.43,481.71,482.49,152516867
2018-12-28,480.13,482.82,478.53,482.17,63231051
2018-12-29,477.34,478.62,474.81,478.17,115282514
2018-12-30,466.35,480.33,464.55,476.55,67393000
2018-12-31,477.89,483.81,469.69,479.08,66058215
2019-01-01,486.75,487.85,475.18,483.04,70331188
2019-01-02,483.86,490.64,475.26,484.24,75337364
2019-01-03,480.39,485.56,472.8,482.41,71657564
2019-01-04,481.91,482.07,476.98,480.83,117771761
2019-01-05,481.25,481.95,480.53,480.82,59411117
2019-01-06,462.51,476.18,460.01,468.44,178918792
2019-01-07,465.42,470.93,465.39,467.68,100506009
2019-01-08,467.01,474.66,456.56,468.87,51323010
2019-01-09,464.68,469.57,457.26,467.89,93353070
2019-01-10,468.74,469.26,465.91,468.57,149700735
2019-01-11,479.22,481.7,475.95,477.11,139047467
2019-01-12,466.8,478.07,462.59,468.35,138361367
2019-01-13,469.55,475.57,468.74,471.51,102111476
2019-01-14,472.79,486.37,458.86,475.85,88758996
2019-01-15,475.44,478.2,471.03,473.8,88171810
2019-01-16,479.49,482.25,477.45,479.39,120682291
2019-01-17,485.92,489.44,479.01,479.2,96432682
2019-01-18,490.35,491.18,485.46,488.77,87069375
2019-01-19,497.45,499.24,474.37,488.46,140177969
2019-01-20,477.17,487.12,475.18,485.28,65701996
2019-01-21,491.51,491.87,483.34,486.21,98797535
2019-01-22,493.05,496.53,490.36,493.62,73744557
2019-01-23,480.69,487.13,480.17,485.53,173176807
2019-01-24,481.88,488.13,481.75,486.2,52849383
2019-01-25,488.85,489.35,483.76,487.08,135122452
2019-01-26,483.6,485.98,482.51,485.68,150961574
2019-01-27,490.06,491.91,483.17,487.67,153609352
2019-01-28,482.27,491.74,479.97,491.1,81303085
2019-01-29,481.6,485.55,477.5,481.76,94530683
2019-01-30,468.63,471.42,462.44,469.6,106960396
2019-01-31,456.66,457.49,452.73,455.57,189441384
2019-02-01,458.57,462.97,457.54,460.52,91812504
2019-02-02,460.77,466.22,448.03,462.15,54594417
2019-02-03,471.3,475.53,460.36,471.83,180433487
2019-02-04,469.49,477.32,463.65,472.91,130627218
2019-02-05,458.36,480.41,456.56,469.61,105172168
2019-02-06,473.64,478.7,468.31,474.38,55051044
2019-02-07,476.06,490.85,473.33,479.62,91479835
2019-02-08,475.14,477.71,474.19,476.51,109776737
2019-02-09,477.73,481.33,470.72,477.72,75931738
2019-02-10,469.11,470.74,467.53,468.88,158337759
2019-02-11,452.13,455.83,450.35,453.88,114754301
2019-02-12,460.81,477.67,448.92,460.18,138118256
2019-02-13,448.75,457.63,445.55,456.68,127213483
2019-02-14,447.74,453.38,444.19,450.01,170359887
2019-02-15,466.8,467.2,458.41,460.56,88528884
2019-02-16,471.14,473.31,462.64,464.71,70206316
2019-02-17,458.22,464.57,454.82,461.37,101669306
2019-02-18,465.73,468.66,460.34,463.8,94335154
2019-02-19,458.2,460.15,452.17,453.52,133029201
2019-02-20,457.76,466.08,454.4,460.49,171687243
2019-02-21,467.79,469.55,455.87,465.52,77709840
2019-02-22,472.63,474.43,471.17,472.29,77501767
2019-02-23,471.54,478.76,469.49,473.71,115818634
2019-02-24,476.24,478.18,463.4,465.85,58865211
2019-02-25,465.23,468.57,454.38,464.25,65308651
2019-02-26,454.84,458.76,454.0,456.37,153128080
2019-02-27,451.27,462.44,446.58,453.89,111488209
2019-02-28,455.42,458.25,439.7,450.31,155458065
2019-03-01,460.63,464.87,458.6,463.98,118928210
2019-03-02,455.08,465.4,452.0,458.31,88571247
2019-03-03,456.69,458.61,454.98,456.64,115557164
2019-03-04,462.91,464.89,461.14,462.39,145596664
2019-03-05,461.08,468.32,460.87,465.47,91813480
2019-03-06,477.75,479.32,475.76,478.56,126654954
2019-03-07,470.21,471.71,469.7,471.12,153054494
2019-03-08,482.02,482.71,481.86,482.27,174677469
2019-03-09,495.0,505.21,482.95,485.27,88376767
2019-03-10,482.51,485.98,478.0,484.02,128609843
2019-03-11,476.71,486.38,474.08,476.05,173244320
2019-03-12,478.11,480.32,477.84,478.47,142656180
2019-03-13,474.16,488.41,469.95,479.59,129772878
2019-03-14,479.57,480.26,477.46,479.96,58978161
2019-03-15,472.91,474.63,467.08,473.92,126459932
2019-03-16,466.35,471.6,465.94,468.15,164463000
2019-03-17,464.98,467.0,461.86,466.57,68296999
2019-03-18,474.75,481.87,470.44,472.46,83210583
2019-03-19,473.17,478.44,464.21,474.24,151542269
2019-03-20,486.59,489.32,476.44,482.14,156283720
2019-03-21,496.33,496.9,485.72,488.79,59094315
2019-03-22,491.47,491.9,490.37,490.84,137733842
2019-03-23,494.44,495.22,492.27,494.12,88064915
2019-03-24,504.52,506.12,494.27,499.45,72796860
2019-03-25,513.63,513.81,509.92,510.89,125932048
2019-03-26,501.34,504.65,500.97,503.28,131273530
2019-03-27,501.8,503.32,500.06,501.8,131970912
2019-03-28,509.33,515.75,498.73,506.85,161404871
2019-03-29,500.11,523.38,495.57,510.47,115807196
2019-03-30,508.77,517.13,506.12,514.01,100962193
2019-03-31,512.06,513.78,507.11,510.11,60191646
2019-04-01,510.57,514.27,510.11,513.94,123909021
2019-04-02,510.02,519.34,508.93,509.81,116348696
2019-04-03,525.36,525.43,514.39,518.2,131354736
2019-04-04,516.76,517.45,510.39,513.6,107688830
2019-04-05,512.4,513.36,504.51,512.43,63148578
2019-04-06,516.55,529.1,509.49,516.29,121901581
2019-04-07,515.54,518.58,504.74,507.45,174963992
2019-04-08,508.95,512.24,506.07,511.87,63838145
2019-04-09,507.92,508.19,502.45,506.21,84695504
2019-04-10,492.72,504.38,492.37,500.47,130656137
2019-04-11,504.48,506.28,500.31,503.05,58903399
2019-04-12,503.79,504.11,500.61,501.72,92906125
2019-04-13,505.61,524.68,504.76,507.66,83489277
2019-04-14,509.99,511.56,500.11,504.29,146686609
2019-04-15,502.93,505.61,501.06,502.5,117615846
2019-04-16,498.32,502.36,498.25,498.4,75017028
2019-04-17,486.64,487.47,484.53,487.28,132324325
2019-04-18,485.3,487.0,482.65,483.55,115473154
2019-04-19,479.67,480.51,477.04,477.32,73117968
2019-04-20,482.47,484.14,481.62,482.38,113158620
2019-04-21,475.71,477.2,468.47,473.62,69248760
2019-04-22,482.67,484.95,476.31,481.51,141867365
2019-04-23,476.6,485.25,472.88,479.59,115771646
2019-04-24,454.56,467.5,447.47,467.12,158509198
2019-04-25,470.63,472.14,461.14,462.46,139871221
2019-04-26,452.58,461.54,445.78,460.6,132513976
2019-04-27,460.8,461.14,457.44,458.35,88438455
2019-04-28,457.45,458.01,455.35,456.06,61221420
2019-04-29,453.66,456.16,448.67,454.15,59778811
2019-04-30,455.74,456.4,451.92,454.73,108239057
2019-05-01,448.99,455.37,447.98,451.9,62883851
2019-05-02,452.56,456.25,443.7,453.72,142391767
2019-05-03,447.34,451.01,445.13,445.49,175985896
2019-05-04,445.3,453.25,443.67,447.43,98906039
2019-05-05,454.33,455.0,452.27,454.62,111105403
2019-05-06,447.01,450.02,446.36,449.97,112927463
2019-05-07,449.65,456.1,449.09,449.87,77629205
2019-05-08,457.62,458.67,448.31,452.38,86820096
2019-05-09,447.38,450.19,445.31,448.36,114034513
2019-05-10,459.39,460.6,452.34,454.28,84213100
2019-05-11,456.32,456.35,453.87,455.36,83364726
2019-05-12,453.48,454.4,448.76,450.35,107099442
2019-05-13,456.05,459.97,445.11,453.8,69528350
2019-05-14,451.92,454.3,447.23,449.54,59409082
2019-05-15,444.51,464.53,443.3,453.8,57619113
2019-05-16,453.55,464.93,443.02,458.4,77670200
2019-05-17,462.72,467.29,460.19,460.56,114902842
2019-05-18,451.9,453.74,451.27,451.4,100967463
2019-05-19,451.36,451.42,451.09,451.26,58531405
2019-05-20,455.66,459.72,451.63,454.68,82266168
2019-05-21,456.02,456.91,452.97,454.65,68728958
2019-05-22,462.07,466.53,459.18,463.28,169086867
2019-05-23,467.75,468.32,467.46,467.54,78765044
2019-05-24,464.5,465.06,462.4,463.75,101086057
2019-05-25,455.81,455.98,446.44,454.07,158410280
2019-05-26,444.58,449.1,442.38,445.43,112136605
2019-05-27,452.48,459.82,444.78,449.93,103653571
2019-05-28,441.39,442.14,440.22,440.25,170502323
2019-05-29,444.1,444.44,442.76,442.83,105573386
2019-05-30,439.05,443.09,431.83,437.11,72401114
2019-05-31,436.95,454.21,422.04,433.82,78189448
2019-06-01,434.05,437.29,415.79,429.9,131883890
2019-06-02,425.23,425.39,417.08,424.56,158858577
2019-06-03,414.78,422.44,411.79,413.42,158546551
2019-06-04,422.07,427.43,420.85,422.15,93663412
2019-06-05,418.98,430.55,415.23,424.23,154202768
2019-06-06,432.91,436.65,425.76,431.33,118650501
2019-06-07,428.83,433.06,424.48,428.28,78961822
2019-06-08,422.72,426.97,422.04,425.44,57862625
2019-06-09,425.73,425.84,424.34,424.79,62474544
2019-06-10,435.0,437.13,426.24,431.37,169917447
2019-06-11,433.01,436.76,423.98,435.05,148601214
2019-06-12,428.82,447.91,425.28,433.62,126096734
2019-06-13,438.59,440.69,436.66,439.81,92936944
2019-06-14,442.84,443.72,440.96,442.2,76341991
2019-06-15,452.4,452.46,447.36,450.7,97104706
2019-06-16,453.87,461.73,450.89,455.6,143233038
2019-06-17,454.7,455.45,453.39,454.38,103770149
2019-06-18,452.15,456.66,449.9,453.18,147144027
2019-06-19,449.97,451.09,447.51,449.12,162729234
2019-06-20,453.28,458.73,439.46,450.61,119771905
2019-06-21,449.05,450.77,442.93,449.73,79733380
2019-06-22,439.34,452.13,437.4,446.87,100024040
2019-06-23,444.49,450.28,439.46,447.32,52924331
2019-06-24,453.46,456.02,448.37,452.14,67196299
2019-06-25,449.05,451.7,447.64,451.3,94587848
2019-06-26,454.67,459.94,435.04,452.96,85439330
2019-06-27,461.63,462.67,436.96,451.38,92553839
2019-06-28,455.65,456.8,450.98,452.92,108472002
2019-06-29,456.52,459.55,455.16,458.3,118415523
2019-06-30,451.42,453.42,451.26,451.77,164057276
2019-07-01,447.76,451.18,442.58,445.37,109716732
2019-07-02,448.97,456.57,448.64,450.6,107681962
2019-07-03,447.23,452.24,443.73,450.54,57844605
2019-07-04,451.71,456.22,450.56,454.26,154249631
2019-07-05,453.99,457.78,452.49,457.07,109979307
2019-07-06,457.53,459.85,452.93,457.94,101424593
2019-07-07,458.78,459.19,458.57,459.03,121555154
2019-07-08,453.5,461.68,452.74,455.97,107485306
2019-07-09,450.41,455.15,442.1,448.56,80616316
2019-07-10,456.46,458.35,441.76,443.23,165707580
2019-07-11,449.31,455.44,438.55,447.26,131959198
2019-07-12,446.14,446.15,445.46,446.11,80289644
2019-07-13,449.02,449.34,447.01,447.91,131613692
2019-07-14,447.36,447.81,445.08,447.23,81555872
2019-07-15,441.25,444.03,440.78,441.31,146868723
2019-07-16,450.23,452.13,448.62,451.15,132846144
2019-07-17,452.19,452.96,442.3,451.97,126670729
2019-07-18,443.87,452.43,443.84,451.97,149319876
2019-07-19,451.22,452.26,450.31,451.07,104862888
2019-07-20,451.4,452.36,450.23,450.4,76563619
2019-07-21,446.23,446.72,445.03,446.51,156330908
2019-07-22,452.33,453.96,447.92,450.12,123160036
2019-07-23,447.88,457.41,440.68,452.81,141850487
2019-07-24,456.56,472.83,444.23,453.24,62603859
2019-07-25,445.56,453.84,439.61,446.37,104725873
2019-07-26,437.6,452.75,436.48,446.48,143175161
2019-07-27,444.54,453.37,443.57,449.24,140678207
2019-07-28,458.77,463.6,455.39,458.15,166521151
2019-07-29,460.36,465.76,458.65,464.05,142974984
2019-07-30,468.18,470.24,462.25,468.2,117150090
2019-07-31,463.72,466.44,461.98,464.04,142261553
2019-08-01,464.86,464.94,462.45,462.46,87720042
2019-08-02,454.95,461.55,453.99,457.77,62341061
2019-08-03,454.25,455.47,452.26,454.83,121496612
2019-08-04,457.85,457.94,453.74,456.85,133887876
2019-08-05,453.07,456.41,450.58,451.67,162841373
2019-08-06,447.94,454.31,436.55,447.87,87295269
2019-08-07,455.79,456.09,438.81,444.17,67310671
2019-08-08,451.51,465.36,449.4,454.77,85770034
2019-08-09,454.46,454.88,452.12,452.36,63120639
2019-08-10,450.19,460.08,450.18,454.16,138404649
2019-08-11,454.99,458.74,450.96,457.9,70101802
2019-08-12,461.78,462.11,451.26,461.18,155923036
2019-08-13,469.45,476.24,461.21,462.89,97416764
2019-08-14,464.36,464.48,461.16,461.85,147274393
2019-08-15,447.61,460.46,446.65,456.41,148525988
2019-08-16,463.31,465.78,462.09,462.41,143927247
2019-08-17,465.96,466.67,464.09,465.57,63004377
2019-08-18,472.49,473.05,472.34,472.8,160781680
2019-08-19,468.5,477.15,463.63,470.31,90334971
2019-08-20,478.39,481.54,470.36,476.12,77296588
2019-08-21,469.7,473.59,466.8,473.56,82866969
2019-08-22,468.44,470.15,463.7,469.55,121644705
2019-08-23,485.66,487.42,482.81,484.03,75715206
2019-08-24,486.04,486.79,482.85,484.62,93800977
2019-08-25,481.91,486.54,479.4,483.32,130455150
2019-08-26,489.51,497.88,484.53,488.55,97466857
2019-08-27,482.75,487.83,482.15,483.8,134953966
2019-08-28,471.72,478.81,471.7,477.73,168090756
2019-08-29,478.0,483.03,468.68,478.64,111156022
2019-08-30,472.02,482.14,468.31,477.34,145620330
2019-08-31,475.88,485.01,468.62,474.11,98672437
2019-09-01,471.32,472.01,470.35,471.84,155204159
2019-09-02,478.65,481.08,474.02,479.88,68507948
2019-09-03,479.48,483.08,479.41,479.9,106923299
2019-09-04,479.89,483.5,479.66,483.23,153103666
2019-09-05,489.05,489.08,482.0,483.32,80280345
2019-09-06,473.81,480.15,466.25,475.49,87950566
2019-09-07,471.9,479.04,470.02,474.34,144529525
2019-09-08,469.32,471.43,462.64,470.36,156136039
2019-09-09,468.25,476.29,461.67,467.15,86983307
2019-09-10,455.74,465.77,454.13,459.89,64848126
2019-09-11,452.1,464.32,451.94,457.87,97520278
2019-09-12,450.24,455.06,448.98,449.35,157611067
2019-09-13,437.13,449.31,435.3,442.25,143338230
2019-09-14,435.4,440.47,427.07,438.96,77070996
2019-09-15,429.53,436.86,424.28,431.28,172716015
2019-09-16,433.24,437.13,431.01,431.69,76438949
2019-09-17,428.79,429.9,427.31,429.3,132832854
2019-09-18,431.38,434.75,427.32,428.51,114318332
2019-09-19,419.54,425.84,417.53,423.03,133786884
2019-09-20,428.94,430.22,428.02,430.09,106306856
2019-09-21,425.15,426.05,422.96,425.73,80537458
2019-09-22,427.6,431.87,425.18,427.32,72641753
2019-09-23,429.26,429.37,429.02,429.06,121559678
2019-09-24,434.7,441.14,426.97,435.14,136867054
2019-09-25,449.57,452.33,418.65,437.4,121617878
2019-09-26,436.91,442.51,436.55,439.7,99705208
2019-09-27,441.87,444.79,441.08,441.68,145390498
2019-09-28,430.03,430.05,426.98,428.87,112449372
2019-09-29,420.02,422.59,416.57,419.15,165378517
2019-09-30,416.29,418.69,413.18,418.02,89551072
2019-10-01,415.97,416.73,414.67,416.12,87592198
2019-10-02,418.41,431.53,413.85,424.32,102265041
2019-10-03,426.43,429.11,424.97,428.36,139165444
2019-10-04,421.67,423.88,420.45,423.06,103350045
2019-10-05,427.18,432.21,418.58,419.52,92035331
2019-10-06,414.41,419.21,405.8,407.65,186063313
2019-10-07,406.84,407.5,398.37,405.17,150860272
2019-10-08,408.06,409.07,407.11,408.48,127726801
2019-10-09,414.93,415.11,411.57,411.76,92255480
2019-10-10,402.59,410.24,401.53,407.32,120320219
2019-10-11,407.86,410.9,405.34,409.46,105433360
2019-10-12,416.06,419.53,414.94,414.96,137957834
2019-10-13,421.4,421.42,420.04,420.62,73826381
2019-10-14,413.2,417.19,411.77,414.07,169333386
2019-10-15,403.55,409.17,402.99,407.28,63984273
2019-10-16,417.42,418.02,408.05,409.4,127366279
2019-10-17,418.77,419.67,406.27,409.67,85943261
2019-10-18,399.02,402.21,398.47,398.94,156606653
2019-10-19,392.43,394.88,389.3,394.07,107626412
2019-10-20,402.44,402.95,385.41,397.57,159470872
2019-10-21,403.44,405.07,394.33,397.72,107757806
2019-10-22,402.55,404.75,402.1,402.87,112267580
2019-10-23,405.95,407.8,404.02,407.52,113871964
2019-10-24,407.05,410.25,404.77,407.38,68508449
2019-10-25,404.69,407.11,400.45,404.71,111827053
2019-10-26,410.6,414.35,407.89,409.6,120159642
2019-10-27,404.58,410.35,402.82,409.49,77757177
2019-10-28,404.81,404.98,395.43,401.41,143902964
2019-10-29,407.89,407.95,401.52,404.38,127608513
2019-10-30,409.08,409.69,405.86,406.03,150581307
2019-10-31,404.79,412.04,404.74,409.0,77965469
2019-11-01,407.86,413.7,396.82,409.78,108148262
2019-11-02,419.01,427.66,416.96,419.88,125388331
2019-11-03,420.98,427.73,420.86,422.73,83929138
2019-11-04,415.99,430.59,414.7,423.68,88737545
2019-11-05,424.16,428.37,423.99,427.17,58675626
2019-11-06,428.43,442.84,412.27,421.11,65900924
2019-11-07,414.68,417.95,414.11,416.96,139999273
2019-11-08,402.62,414.49,400.26,410.63,79152448
2019-11-09,403.6,422.35,401.75,412.81,127385313
2019-11-10,419.83,421.22,415.21,415.97,81078070
2019-11-11,405.9,408.11,400.56,404.16,109133712
2019-11-12,404.19,407.23,399.64,402.48,54654785
2019-11-13,407.76,410.55,403.43,409.1,110688539
2019-11-14,414.28,415.28,406.49,409.06,63645529
2019-11-15,403.82,404.21,397.79,403.35,133425407
2019-11-16,404.52,407.37,389.71,405.93,149920453
2019-11-17,408.81,409.26,406.93,408.04,84046904
2019-11-18,409.83,410.52,409.36,409.6,55133977
2019-11-19,394.78,405.75,394.02,401.22,166631086
2019-11-20,405.02,408.89,404.43,404.46,119279826
2019-11-21,410.06,413.49,409.74,411.18,107790667
2019-11-22,410.08,414.04,405.3,408.85,129012275
2019-11-23,411.69,415.0,410.77,412.46,96822693
2019-11-24,414.65,416.72,411.02,414.26,88525594
2019-11-25,421.78,422.07,419.28,420.55,94997545
2019-11-26,422.94,428.52,420.36,421.98,78664614
2019-11-27,416.54,420.78,413.6,419.09,91812597
2019-11-28,425.46,428.14,418.22,419.3,96435439
2019-11-29,418.66,421.49,411.69,415.1,114768595
2019-11-30,412.91,415.5,411.97,415.22,63138605
2019-12-01,420.39,420.71,418.8,420.5,87011670
2019-12-02,423.3,424.82,418.48,424.44,96905801
2019-12-03,426.91,430.19,426.77,427.16,69695170
2019-12-04,430.67,432.25,423.89,431.77,137858615
2019-12-05,429.25,432.02,427.68,431.7,88030169
2019-12-06,420.17,434.6,418.38,424.21,99104029
2019-12-07,425.74,426.3,424.92,425.25,67956742
2019-12-08,423.8,425.8,421.51,423.38,138120629
2019-12-09,411.15,419.22,408.08,418.07,70255787
2019-12-10,425.48,425.55,420.07,421.47,144639797
2019-12-11,427.6,429.21,416.9,422.0,91939347
2019-12-12,413.09,413.15,412.31,412.4,119410650
2019-12-13,412.01,412.65,407.72,411.7,63028537
2019-12-14,401.92,415.27,397.36,412.64,80775919
2019-12-15,410.68,412.0,408.32,408.35,87048979
2019-12-16,408.91,413.78,404.31,408.54,95257469
2019-12-17,412.03,420.81,398.98,409.45,152845183
2019-12-18,431.67,432.44,420.82,426.0,167287203
2019-12-19,426.08,429.01,425.39,428.99,85298908
2019-12-20,417.96,438.38,416.88,434.09,89975132
2019-12-21,436.49,439.5,430.3,432.61,63964076
2019-12-22,433.21,433.74,428.16,431.15,133754791
2019-12-23,437.34,440.41,434.36,439.85,146237451
2019-12-24,447.86,449.25,442.34,449.03,180619725
2019-12-25,445.69,447.69,441.39,442.84,162606365
2019-12-26,442.06,443.49,435.15,439.93,91179049
2019-12-27,436.19,437.46,435.22,435.69,157814119
2019-12-28,425.72,428.71,423.14,428.28,99626691
2019-12-29,420.6,425.78,418.89,420.71,124472750
