Date,Open,High,Low,Close,Volume
2010-01-01,15.29,15.33,14.73,15.04,148394656
2010-01-02,15.75,15.78,15.71,15.73,124562917
2010-01-03,15.89,15.95,15.58,15.9,164258243
2010-01-04,15.26,15.32,15.25,15.28,166213897
2010-01-05,15.25,15.25,15.19,15.23,102552315
2010-01-06,14.46,15.27,14.33,15.04,114303151
2010-01-07,15.97,16.78,15.74,15.83,205113387
2010-01-08,15.7,16.28,15.57,15.91,125966558
2010-01-09,15.68,16.39,15.5,15.52,111080688
2010-01-10,15.59,16.29,15.27,15.65,144274494
2010-01-11,15.83,15.96,15.53,15.92,162448657
2010-01-12,16.19,17.27,14.58,15.54,169851880
2010-01-13,15.6,15.63,15.17,15.33,80058160
2010-01-14,15.62,16.51,14.81,15.46,70668765
2010-01-15,15.94,16.04,15.4,15.8,157874858
2010-01-16,17.01,17.31,16.61,16.88,128557148
2010-01-17,17.37,17.38,17.13,17.29,155097449
2010-01-18,17.55,18.05,17.45,17.92,93257462
2010-01-19,17.57,18.02,17.46,17.77,55360879
2010-01-20,18.06,18.12,17.71,17.98,124629104
2010-01-21,17.72,17.89,17.35,17.87,109680992
2010-01-22,17.9,18.03,17.72,17.97,64907434
2010-01-23,17.03,17.99,16.99,17.63,112066282
2010-01-24,17.57,17.7,17.13,17.36,120414865
2010-01-25,16.08,16.77,15.48,16.43,113711281
2010-01-26,17.08,17.5,16.99,17.22,83607609
2010-01-27,17.27,17.46,17.0,17.38,153423929
2010-01-28,17.28,17.39,16.77,17.11,141699698
2010-01-29,16.47,16.57,16.46,16.52,162923609
2010-01-30,16.81,17.56,16.65,17.12,156809461
2010-01-31,17.02,17.31,16.34,17.0,130559676
2010-02-01,15.68,15.95,15.28,15.79,111212957
2010-02-02,15.32,15.37,15.27,15.32,106636967
2010-02-03,15.4,15.49,15.34,15.38,71179066
2010-02-04,15.58,15.71,15.25,15.7,124177529
2010-02-05,16.06,16.25,16.06,16.1,120449935
2010-02-06,17.16,17.27,16.7,16.85,147873468
2010-02-07,16.93,17.67,16.85,17.06,77455599
2010-02-08,16.62,17.15,16.11,17.0,108267519
2010-02-09,16.99,17.64,16.91,17.12,66766911
2010-02-10,16.5,16.65,16.13,16.57,140113643
2010-02-11,16.24,16.54,16.24,16.44,157668715
2010-02-12,16.16,16.5,16.14,16.29,61994736
2010-02-13,16.37,16.66,16.26,16.51,89582932
2010-02-14,16.2,16.42,15.89,16.23,114492070
2010-02-15,15.75,15.8,15.45,15.74,149790659
2010-02-16,15.13,15.55,14.95,15.34,120493641
2010-02-17,16.02,16.07,15.75,16.04,198593073
2010-02-18,16.5,16.57,16.18,16.34,60639230
2010-02-19,16.52,17.41,15.94,16.49,137874954
2010-02-20,17.3,17.65,16.59,17.1,102333541
2010-02-21,17.18,17.19,16.61,17.17,143037658
2010-02-22,18.84,18.84,17.44,17.9,200487774
2010-02-23,18.55,19.46,17.21,18.34,175728487
2010-02-24,17.49,17.94,17.11,17.72,78034120
2010-02-25,17.23,17.61,17.03,17.48,77097028
2010-02-26,18.17,18.54,17.32,17.67,56708776
2010-02-27,17.13,17.33,16.81,17.31,158182747
2010-02-28,17.66,18.39,17.61,17.72,158026682
2010-03-01,17.58,17.62,17.33,17.39,130262901
2010-03-02,17.24,17.39,17.11,17.31,108821739
2010-03-03,17.98,18.47,17.82,17.9,128881776
2010-03-04,18.49,18.51,18.19,18.22,96002865
2010-03-05,18.29,18.48,17.77,18.34,115622985
2010-03-06,18.93,18.96,18.58,18.7,172441875
2010-03-07,18.04,18.25,17.7,17.92,152966012
2010-03-08,17.52,17.77,17.35,17.4,191801299
2010-03-09,17.63,17.97,17.62,17.79,171149352
2010-03-10,18.0,18.82,17.83,18.26,163966043
2010-03-11,17.64,18.04,17.38,17.96,59190750
2010-03-12,19.31,19.41,18.54,18.99,140253745
2010-03-13,19.53,19.74,19.28,19.37,162029228
2010-03-14,18.07,19.14,17.75,18.7,175450176
2010-03-15,18.74,18.92,18.68,18.75,128150526
2010-03-16,19.05,19.07,18.77,19.0,126227618
2010-03-17,19.7,20.07,18.79,19.15,141394619
2010-03-18,19.45,19.67,19.25,19.66,169778304
2010-03-19,19.5,19.56,19.06,19.26,92214533
2010-03-20,18.94,19.01,18.28,18.79,95056709
2010-03-21,18.0,18.49,17.65,18.21,161914238
2010-03-22,18.46,18.49,18.11,18.44,65079288
2010-03-23,18.34,19.74,18.14,19.17,93079891
2010-03-24,19.99,20.25,19.92,20.08,79130169
2010-03-25,20.3,20.31,20.13,20.14,70459752
2010-03-26,19.51,19.92,18.66,19.62,109018170
2010-03-27,20.56,20.68,20.26,20.63,105819443
2010-03-28,20.66,20.71,20.53,20.65,63922980
2010-03-29,18.94,20.49,18.77,20.33,91730516
2010-03-30,20.13,20.25,19.85,19.94,168757255
2010-03-31,19.54,19.94,18.87,19.82,67051713
2010-04-01,21.18,21.38,20.35,20.71,114671399
2010-04-02,20.63,21.74,20.5,20.75,63874002
2010-04-03,21.41,22.22,20.57,21.16,65264163
2010-04-04,20.91,21.03,20.17,20.67,111788000
2010-04-05,20.09,20.19,20.03,20.17,156398965
2010-04-06,20.33,20.64,19.81,20.1,107438314
2010-04-07,20.09,20.27,19.61,19.99,125502993
2010-04-08,20.11,20.52,20.1,20.37,126374146
2010-04-09,19.86,20.62,19.08,20.1,69339666
2010-04-10,20.31,21.2,19.6,19.98,111657611
2010-04-11,19.57,20.09,19.11,19.85,129424441
2010-04-12,18.94,19.61,18.58,19.54,85210185
2010-04-13,19.4,19.46,18.91,19.14,85154834
2010-04-14,19.79,19.8,19.12,19.58,72543019
2010-04-15,21.21,21.32,20.08,20.26,136228529
2010-04-16,20.29,20.45,20.15,20.24,89263968
2010-04-17,19.45,20.23,18.74,19.44,118336478
2010-04-18,18.56,19.47,18.15,18.92,144169708
2010-04-19,18.4,18.84,18.39,18.67,114033108
2010-04-20,18.84,19.25,18.63,18.76,74590154
2010-04-21,18.27,18.77,17.84,18.26,158290629
2010-04-22,18.57,18.65,18.43,18.56,131725173
2010-04-23,19.91,20.12,19.45,19.7,80361103
2010-04-24,20.61,20.63,20.54,20.54,83379723
2010-04-25,19.6,20.37,19.39,20.15,150299519
2010-04-26,18.94,19.31,18.72,19.03,123424391
2010-04-27,18.88,19.13,18.29,19.02,56710314
2010-04-28,19.29,19.76,19.0,19.03,104225643
2010-04-29,19.34,19.43,19.1,19.39,127943719
2010-04-30,19.06,19.29,18.73,19.25,85920242
2010-05-01,18.32,18.36,18.24,18.29,126646810
2010-05-02,17.93,17.96,17.56,17.58,207796332
2010-05-03,18.8,18.81,18.53,18.56,214963545
2010-05-04,18.82,18.83,18.6,18.71,77929184
2010-05-05,18.97,19.08,18.35,18.68,102614956
2010-05-06,18.49,19.77,17.95,18.94,117819845
2010-05-07,18.7,19.19,18.41,18.76,137035631
2010-05-08,20.03,20.54,19.13,19.35,196148765
2010-05-09,19.61,19.92,19.58,19.67,155005317
2010-05-10,20.49,20.62,19.16,19.57,81944222
2010-05-11,19.33,19.62,19.33,19.5,121264273
2010-05-12,19.43,19.52,18.73,19.07,82071486
2010-05-13,18.89,19.09,18.79,18.88,110942790
2010-05-14,18.16,18.23,18.14,18.17,145293240
2010-05-15,19.09,19.1,18.52,18.88,170032280
2010-05-16,18.2,18.57,17.79,18.07,85855895
2010-05-17,18.03,18.11,17.26,17.77,146035791
2010-05-18,16.92,18.2,16.4,17.61,158794723
2010-05-19,17.15,17.67,17.14,17.42,125687919
2010-05-20,17.47,17.67,17.19,17.39,67620157
2010-05-21,16.92,17.37,16.67,16.91,161822526
2010-05-22,17.68,17.9,17.48,17.57,160289957
2010-05-23,17.45,17.78,17.31,17.69,114287913
2010-05-24,17.47,18.08,17.46,17.56,141565612
2010-05-25,17.88,18.19,17.54,17.86,62482500
2010-05-26,17.74,18.12,17.63,17.78,110003628
2010-05-27,18.41,18.43,18.09,18.25,178404182
2010-05-28,17.91,18.92,17.8,18.43,106504790
2010-05-29,18.5,19.03,17.99,18.26,70267405
2010-05-30,17.59,18.01,16.89,17.74,84700686
2010-05-31,17.56,17.99,17.31,17.41,64729038
2010-06-01,17.64,17.74,17.6,17.7,78363189
2010-06-02,17.56,17.62,17.54,17.55,68009015
2010-06-03,16.59,17.21,16.09,16.95,200062618
2010-06-04,16.98,17.45,16.85,17.29,133073132
2010-06-05,16.41,16.63,16.01,16.29,138087919
2010-06-06,16.14,16.42,16.08,16.35,152873768
2010-06-07,17.06,17.32,16.77,17.08,198549064
2010-06-08,16.62,16.69,16.57,16.69,164035382
2010-06-09,17.11,17.55,16.96,17.2,162348739
2010-06-10,17.05,17.46,16.9,17.03,156726552
2010-06-11,17.74,18.74,17.32,18.0,227408037
2010-06-12,17.54,18.7,17.32,17.6,68302606
2010-06-13,17.12,17.7,15.91,17.23,70504448
2010-06-14,17.76,17.88,17.42,17.75,100959739
2010-06-15,17.66,18.15,17.53,17.78,99816411
2010-06-16,17.82,18.46,17.26,17.64,131367979
2010-06-17,17.69,18.18,16.53,17.75,74557435
2010-06-18,18.13,18.17,17.56,17.71,78324420
2010-06-19,17.63,18.52,17.2,17.66,145483958
2010-06-20,17.92,18.08,17.3,17.75,56362094
2010-06-21,18.01,18.11,17.82,17.98,112083862
2010-06-22,17.73,17.82,17.43,17.55,145396357
2010-06-23,17.42,18.1,17.13,17.43,106207826
2010-06-24,17.5,17.62,17.31,17.31,73507089
2010-06-25,16.22,17.14,15.95,17.09,115373673
2010-06-26,17.34,17.35,16.83,16.86,132732666
2010-06-27,16.76,17.28,16.65,16.85,97845726
2010-06-28,16.54,16.79,16.5,16.72,67201040
2010-06-29,16.25,16.59,16.19,16.39,132508075
2010-06-30,15.94,16.48,15.65,15.92,118173888
2010-07-01,15.54,16.24,15.49,15.59,129033855
2010-07-02,15.33,15.73,15.17,15.56,107143964
2010-07-03,15.36,15.74,14.96,15.32,95885397
2010-07-04,14.86,15.45,14.84,15.4,104769684
2010-07-05,14.99,15.39,14.9,15.18,140558368
2010-07-06,14.87,15.41,14.6,15.13,71156844
2010-07-07,15.47,15.75,15.0,15.22,137526625
2010-07-08,15.63,15.73,15.02,15.24,117600430
2010-07-09,15.24,15.36,15.1,15.29,133194644
2010-07-10,15.02,15.14,15.02,15.05,168849355
2010-07-11,14.66,15.17,14.56,14.9,135904342
2010-07-12,15.04,15.22,13.91,14.71,74487867
2010-07-13,14.82,14.9,14.8,14.81,113961567
2010-07-14,16.34,16.38,14.8,15.46,121919569
2010-07-15,15.0,15.09,14.67,15.06,189035962
2010-07-16,14.85,14.91,14.54,14.71,105228655
2010-07-17,15.34,15.71,14.74,14.95,78609475
2010-07-18,14.63,15.05,14.59,14.68,141801628
2010-07-19,15.01,15.21,14.63,15.1,68767829
2010-07-20,14.31,14.85,14.18,14.43,136145932
2010-07-21,14.76,14.79,14.51,14.55,75756750
2010-07-22,14.85,14.99,14.64,14.7,160773896
2010-07-23,15.06,15.13,14.62,14.92,154865399
2010-07-24,15.41,15.77,15.35,15.38,116350933
2010-07-25,15.25,16.27,14.52,15.14,95645770
2010-07-26,15.31,15.85,15.0,15.26,64828154
2010-07-27,15.95,16.02,15.07,15.29,108304029
2010-07-28,15.12,15.29,15.02,15.28,110658977
2010-07-29,16.27,16.27,15.86,16.02,149208467
2010-07-30,16.26,16.38,15.84,16.3,166614586
2010-07-31,17.66,18.12,17.39,17.56,155197261
2010-08-01,17.04,18.16,16.82,17.84,81736688
2010-08-02,17.89,18.09,17.75,17.8,99676932
2010-08-03,18.01,19.28,17.96,18.25,153693826
2010-08-04,17.3,17.84,16.88,17.54,178522365
2010-08-05,17.51,17.68,17.38,17.5,72165608
2010-08-06,17.18,17.77,17.08,17.33,119316020
2010-08-07,17.2,18.05,17.14,17.63,136050958
2010-08-08,17.65,17.9,16.92,17.71,109102733
2010-08-09,18.18,18.42,18.14,18.32,184944284
2010-08-10,17.62,17.88,17.28,17.33,190723825
2010-08-11,18.03,18.29,17.87,18.23,148655042
2010-08-12,18.19,18.95,18.17,18.36,73306000
2010-08-13,18.65,18.74,18.5,18.69,134961537
2010-08-14,18.37,18.51,18.27,18.32,115978412
2010-08-15,17.13,17.87,17.11,17.79,69746602
2010-08-16,17.07,17.66,16.56,17.26,145821422
2010-08-17,17.34,17.54,17.26,17.42,124852315
2010-08-18,18.52,18.68,18.15,18.4,179544728
2010-08-19,18.11,19.41,17.82,19.04,92928266
2010-08-20,19.53,19.92,18.57,19.46,136804266
2010-08-21,19.94,20.79,19.37,19.69,146314546
2010-08-22,19.95,20.17,18.78,19.32,108568565
2010-08-23,19.33,19.53,19.29,19.45,65351447
2010-08-24,19.36,19.37,18.69,19.11,85989922
2010-08-25,19.35,19.86,18.5,18.66,166226062
2010-08-26,18.96,19.09,18.58,18.69,60722350
2010-08-27,18.45,18.93,17.95,18.57,123137822
2010-08-28,20.08,20.08,19.51,19.88,214523279
2010-08-29,19.48,20.21,19.27,19.86,91076215
2010-08-30,19.47,20.04,18.54,18.96,95069604
2010-08-31,18.43,18.7,18.18,18.45,162433608
2010-09-01,18.09,19.33,17.77,18.48,58637874
2010-09-02,18.17,19.24,17.93,18.61,142122446
2010-09-03,18.14,18.26,18.11,18.2,156352188
2010-09-04,18.43,18.89,18.34,18.36,74717119
2010-09-05,18.78,19.31,17.71,18.62,85557044
2010-09-06,17.66,17.74,17.59,17.69,106280577
2010-09-07,17.11,17.33,16.55,17.19,180704948
2010-09-08,16.93,16.97,16.88,16.94,154360498
2010-09-09,16.52,16.92,16.33,16.72,138824585
2010-09-10,17.42,17.78,16.96,17.54,171647762
2010-09-11,17.97,18.48,17.93,17.98,132787196
2010-09-12,18.37,18.45,17.39,17.91,61704462
2010-09-13,17.53,17.82,16.88,17.39,102987299
2010-09-14,16.77,17.15,16.75,17.01,87490497
2010-09-15,17.37,18.01,16.96,17.03,115614006
2010-09-16,16.98,17.94,16.93,16.97,141606334
2010-09-17,15.98,16.16,14.86,15.61,107686854
2010-09-18,15.09,16.16,14.97,15.7,126165818
2010-09-19,15.87,15.89,15.59,15.85,86335214
2010-09-20,16.34,16.41,16.14,16.2,61744763
2010-09-21,16.27,16.55,15.52,16.05,117195920
2010-09-22,16.05,16.19,15.73,16.03,99626497
2010-09-23,16.06,16.34,15.97,16.33,95335267
2010-09-24,16.47,16.54,16.09,16.24,55434320
2010-09-25,16.65,17.18,15.9,16.44,151446245
2010-09-26,17.01,17.11,16.86,16.89,167389658
2010-09-27,16.38,16.89,16.26,16.84,138903091
2010-09-28,17.6,17.74,16.85,16.86,104015645
2010-09-29,16.55,16.62,16.02,16.35,165411681
2010-09-30,15.96,15.98,15.31,15.89,134081558
2010-10-01,15.81,15.87,15.69,15.76,151505797
2010-10-02,16.03,16.03,15.41,15.62,161244222
2010-10-03,15.69,17.73,15.64,16.09,176182188
2010-10-04,15.35,15.98,15.33,15.86,140474762
2010-10-05,15.5,16.23,15.46,15.87,88163255
2010-10-06,16.03,16.18,15.86,15.95,53663283
2010-10-07,15.01,15.81,14.43,15.2,74436375
2010-10-08,15.34,15.84,14.66,15.24,117254303
2010-10-09,15.38,15.48,14.98,15.23,110091595
2010-10-10,15.03,15.28,14.98,14.99,97129524
2010-10-11,15.12,15.73,15.06,15.21,113888393
2010-10-12,15.34,15.36,15.11,15.24,115729980
2010-10-13,15.89,15.91,15.4,15.81,128069392
2010-10-14,15.49,15.72,15.01,15.39,137955360
2010-10-15,15.3,15.43,15.26,15.41,97263291
2010-10-16,15.77,15.83,14.9,15.46,104116001
2010-10-17,15.71,16.19,15.63,15.92,92448515
2010-10-18,15.11,15.45,14.07,15.32,180127681
2010-10-19,15.68,15.99,14.97,15.74,113598707
2010-10-20,15.98,16.25,15.7,15.87,65866935
2010-10-21,16.05,16.2,15.94,15.96,101695093
2010-10-22,16.45,17.04,16.37,16.38,79086132
2010-10-23,15.78,15.79,15.56,15.67,82963810
2010-10-24,15.84,16.0,14.43,15.36,148959217
2010-10-25,15.92,16.27,15.47,15.74,127414707
2010-10-26,15.7,15.92,15.6,15.68,119647444
2010-10-27,15.6,15.85,15.54,15.72,107190055
2010-10-28,15.91,16.72,15.39,15.81,153572435
2010-10-29,15.64,15.67,15.04,15.58,77677386
2010-10-30,14.72,16.68,14.47,15.73,126392741
2010-10-31,16.07,16.12,15.91,16.02,90164147
2010-11-01,16.15,16.6,15.63,16.49,95627163
2010-11-02,17.14,17.2,16.7,17.04,138494735
2010-11-03,16.97,17.01,16.9,16.97,57053170
2010-11-04,15.97,17.12,15.75,16.92,107119774
2010-11-05,16.2,16.6,16.16,16.29,164607901
2010-11-06,16.24,16.59,16.18,16.33,64126027
2010-11-07,16.64,17.43,16.46,17.18,195581845
2010-11-08,18.22,18.27,18.06,18.12,176109022
2010-11-09,17.39,17.78,17.11,17.51,109410962
2010-11-10,17.46,17.53,17.43,17.47,83263891
2010-11-11,17.39,17.52,17.37,17.5,84187069
2010-11-12,18.54,18.89,17.44,18.47,126060354
2010-11-13,18.97,19.04,18.56,18.69,64253795
2010-11-14,17.57,19.47,16.86,18.87,60487399
2010-11-15,19.22,19.87,19.1,19.19,95329972
2010-11-16,19.3,19.78,19.24,19.27,103051095
2010-11-17,19.27,19.29,18.33,18.68,156418505
2010-11-18,19.1,19.11,18.8,18.88,115496044
2010-11-19,18.58,18.74,18.54,18.72,160233203
2010-11-20,17.86,18.37,17.76,18.04,93498497
2010-11-21,17.75,17.81,17.52,17.57,83004605
2010-11-22,17.8,18.01,17.74,17.79,96306488
2010-11-23,16.88,17.54,16.87,17.33,163793211
2010-11-24,17.29,17.34,17.06,17.11,165471377
2010-11-25,16.19,17.07,16.06,16.38,140980118
2010-11-26,15.19,16.08,15.14,16.02,108864027
2010-11-27,15.3,15.67,15.25,15.27,149260390
2010-11-28,14.84,15.61,14.45,14.83,67295823
2010-11-29,15.09,15.25,14.77,15.03,112869118
2010-11-30,15.06,15.28,14.91,15.24,84685858
2010-12-01,14.85,15.2,14.74,14.97,170765720
2010-12-02,15.01,15.27,14.69,14.78,166720700
2010-12-03,14.85,15.05,14.26,14.65,155481409
2010-12-04,15.53,15.85,13.99,14.53,95044427
2010-12-05,14.44,14.57,14.29,14.29,75414760
2010-12-06,13.98,14.33,13.86,14.05,121717907
2010-12-07,14.42,14.43,13.48,13.8,98287733
2010-12-08,14.1,14.42,13.73,14.3,79169928
2010-12-09,14.56,15.2,14.03,14.73,137263890
2010-12-10,14.58,14.68,14.53,14.62,115546884
2010-12-11,14.9,15.0,14.73,14.92,146062460
2010-12-12,14.92,15.23,14.4,14.53,67774476
2010-12-13,14.79,15.09,14.36,14.87,135312898
2010-12-14,14.83,15.0,14.67,14.75,56074574
2010-12-15,14.68,14.7,13.9,14.47,162132989
2010-12-16,14.93,14.94,14.86,14.92,85862133
2010-12-17,15.08,15.26,14.81,14.96,53651480
2010-12-18,14.18,14.62,13.87,14.53,143780153
2010-12-19,14.71,14.98,14.28,14.61,139181391
2010-12-20,15.07,15.35,14.2,14.7,88925320
2010-12-21,14.59,14.69,14.48,14.68,87895918
2010-12-22,14.22,14.74,14.03,14.54,65316081
2010-12-23,14.51,14.73,14.47,14.54,101149156
2010-12-24,14.38,14.41,14.3,14.37,159642449
2010-12-25,14.89,15.07,14.82,14.86,185279471
2010-12-26,15.16,15.17,15.1,15.16,151094741
2010-12-27,14.9,15.03,14.73,14.97,136535322
2010-12-28,15.18,15.66,14.34,14.82,76584187
2010-12-29,14.73,14.79,14.61,14.75,61977071
2010-12-30,13.17,14.43,13.11,14.3,185266534
2010-12-31,14.24,14.41,14.15,14.37,122105152
2011-01-01,14.87,14.98,14.85,14.88,187512200
2011-01-02,15.08,15.17,14.87,15.05,77814627
2011-01-03,15.38,16.21,15.26,15.31,172671914
2011-01-04,14.84,14.98,14.15,14.55,189362760
2011-01-05,13.81,14.56,13.74,14.38,136674579
2011-01-06,14.13,15.01,13.01,14.09,101039253
2011-01-07,13.71,13.87,13.14,13.82,85072847
2011-01-08,13.34,13.83,13.21,13.24,159630204
2011-01-09,13.64,13.67,13.46,13.59,139515737
2011-01-10,14.07,14.73,13.52,14.16,144337145
2011-01-11,13.85,14.15,13.65,13.99,143787035
2011-01-12,14.27,14.57,13.29,13.7,88258569
2011-01-13,14.03,14.38,13.98,14.37,189532220
2011-01-14,14.29,14.59,14.06,14.45,135327351
2011-01-15,14.99,15.58,14.69,15.22,156212034
2011-01-16,15.07,15.19,14.67,14.91,96226400
2011-01-17,14.47,15.02,13.98,14.19,119373163
2011-01-18,14.5,14.64,14.12,14.53,109565071
2011-01-19,14.56,14.75,14.08,14.19,119955523
2011-01-20,14.08,14.14,14.05,14.07,112958511
2011-01-21,15.03,15.47,14.78,14.92,158731436
2011-01-22,14.7,15.09,14.69,14.85,151368701
2011-01-23,14.51,14.65,14.42,14.65,118069380
2011-01-24,14.26,14.51,14.09,14.26,139894683
2011-01-25,14.68,14.96,14.08,14.53,88814905
2011-01-26,13.65,13.85,13.64,13.66,224654832
2011-01-27,14.21,14.48,13.69,13.7,67784171
2011-01-28,13.41,13.44,13.13,13.41,76810418
2011-01-29,14.06,14.64,13.95,14.04,190156682
2011-01-30,13.8,14.62,13.66,14.12,149184524
2011-01-31,14.0,14.43,13.55,14.06,108625158
2011-02-01,13.31,14.02,13.21,13.8,133042951
2011-02-02,14.02,14.68,13.54,14.09,125480154
2011-02-03,14.4,14.54,14.3,14.31,133769977
2011-02-04,14.46,14.68,14.39,14.49,155414682
2011-02-05,15.18,15.36,14.26,14.97,77721023
2011-02-06,15.29,15.3,15.15,15.18,85211908
2011-02-07,14.92,14.92,14.44,14.61,83825049
2011-02-08,14.56,14.81,14.5,14.58,86443859
2011-02-09,14.32,14.6,14.26,14.55,55412316
2011-02-10,15.05,15.29,14.12,14.65,98550777
2011-02-11,14.21,14.44,13.78,14.18,71863311
2011-02-12,13.62,14.16,13.61,13.72,115074157
2011-02-13,13.54,13.94,12.61,13.42,85997689
2011-02-14,14.48,14.54,13.79,13.94,164677582
2011-02-15,13.95,14.0,13.7,14.0,92431468
2011-02-16,14.05,14.05,13.65,13.77,126992837
2011-02-17,13.87,13.9,13.78,13.87,68298586
2011-02-18,13.68,13.68,13.23,13.58,148229905
2011-02-19,13.15,13.78,12.77,13.75,148352412
2011-02-20,13.84,14.17,13.6,14.01,161789138
2011-02-21,14.26,14.38,14.22,14.37,121484741
2011-02-22,13.8,14.1,13.43,13.74,149906441
2011-02-23,13.03,13.12,12.6,12.91,240951393
2011-02-24,12.85,12.89,12.83,12.86,62484958
2011-02-25,12.83,13.11,12.27,12.6,155005120
2011-02-26,12.4,12.45,12.33,12.37,114401487
2011-02-27,12.85,12.89,12.38,12.57,145359067
2011-02-28,12.51,12.82,12.33,12.48,81311097
2011-03-01,13.02,13.28,12.68,13.22,192773537
2011-03-02,12.71,13.78,12.56,13.39,142420329
2011-03-03,14.09,14.13,13.83,13.9,179627942
2011-03-04,14.38,14.52,14.27,14.29,84999204
2011-03-05,15.11,15.27,13.93,14.15,153236981
2011-03-06,13.61,14.43,13.42,13.59,117923712
2011-03-07,13.56,13.85,13.39,13.6,68578806
2011-03-08,13.28,13.32,13.25,13.3,140607105
2011-03-09,13.65,14.36,12.9,13.44,65160957
2011-03-10,12.89,14.1,12.8,13.46,72640919
2011-03-11,13.2,13.69,13.15,13.45,95121418
2011-03-12,13.05,13.45,12.85,13.27,129647097
2011-03-13,13.38,13.52,13.02,13.09,158544104
2011-03-14,13.0,13.24,12.79,13.05,138091592
2011-03-15,13.32,13.4,13.22,13.3,120114384
2011-03-16,13.51,13.57,13.39,13.52,61400683
2011-03-17,13.38,13.75,13.04,13.34,86641812
2011-03-18,13.53,13.54,12.96,13.07,103154005
2011-03-19,13.28,13.5,13.07,13.35,110628355
2011-03-20,12.94,13.44,12.86,13.39,132119884
2011-03-21,12.56,13.1,12.34,12.74,165209907
2011-03-22,12.82,12.91,12.6,12.63,80259782
2011-03-23,12.69,12.8,12.56,12.64,69550800
2011-03-24,13.59,13.67,13.21,13.27,162610736
2011-03-25,13.4,13.63,13.17,13.29,130417767
2011-03-26,12.73,12.79,12.46,12.55,192765672
2011-03-27,12.7,13.35,12.63,12.96,101570703
2011-03-28,12.31,12.68,12.18,12.63,127299014
2011-03-29,13.02,13.08,12.76,12.89,171035882
2011-03-30,13.12,13.46,12.85,13.28,98566691
2011-03-31,13.81,14.31,13.81,14.04,81124825
2011-04-01,14.44,14.47,14.38,14.38,141604820
2011-04-02,14.81,14.89,14.4,14.63,155757998
2011-04-03,14.31,14.38,14.29,14.35,171591062
2011-04-04,14.49,15.34,14.45,15.26,225060331
2011-04-05,15.1,15.44,15.08,15.37,60048231
2011-04-06,15.67,16.17,15.14,15.84,171887589
2011-04-07,15.54,15.63,15.53,15.62,124545234
2011-04-08,15.58,16.82,15.57,15.68,111925442
2011-04-09,16.19,16.55,15.92,16.33,112953054
2011-04-10,16.42,16.51,15.45,15.67,99993414
2011-04-11,15.0,16.01,14.91,15.78,126228663
2011-04-12,15.91,15.97,15.82,15.88,98074373
2011-04-13,16.47,16.91,15.92,16.46,133746695
2011-04-14,16.29,16.32,15.89,15.89,149038439
2011-04-15,15.99,16.43,15.17,16.32,179064167
2011-04-16,16.49,16.58,16.3,16.37,111044165
2011-04-17,15.79,15.98,15.74,15.92,140284509
2011-04-18,15.55,15.57,15.27,15.35,88740350
2011-04-19,16.54,16.7,15.4,16.06,109911454
2011-04-20,16.71,17.44,16.12,16.69,166876070
2011-04-21,16.83,16.97,15.98,16.63,148564424
2011-04-22,16.64,16.66,16.52,16.53,108159521
2011-04-23,16.62,17.16,16.42,16.54,133427611
2011-04-24,16.24,17.08,15.8,16.42,69647687
2011-04-25,16.13,16.17,15.94,15.98,179921909
2011-04-26,15.55,15.7,15.54,15.59,80546926
2011-04-27,15.49,16.16,15.47,15.6,135246169
2011-04-28,15.57,16.72,15.37,16.03,127556184
2011-04-29,15.66,15.92,15.59,15.85,162760085
2011-04-30,15.93,16.12,15.53,15.85,69256814
2011-05-01,16.6,17.34,16.57,16.73,141189192
2011-05-02,16.6,17.62,16.33,17.39,116926642
2011-05-03,18.04,18.05,18.01,18.04,150661467
2011-05-04,18.58,18.79,18.09,18.22,152242727
2011-05-05,18.82,18.84,18.02,18.21,89466393
2011-05-06,17.21,17.95,16.85,17.82,122919785
2011-05-07,16.67,16.71,16.53,16.64,158971407
2011-05-08,16.04,17.13,15.73,16.42,105492407
2011-05-09,16.74,16.76,16.21,16.48,124008038
2011-05-10,16.41,16.45,16.39,16.44,98353069
2011-05-11,15.12,15.31,15.07,15.31,182338885
2011-05-12,15.48,15.58,14.99,15.43,115121697
2011-05-13,15.19,15.89,15.09,15.37,55323547
2011-05-14,15.79,15.88,15.55,15.63,151309999
2011-05-15,15.57,15.68,15.48,15.51,65771525
2011-05-16,14.79,15.61,14.56,14.79,84326015
2011-05-17,14.53,15.07,14.36,15.06,131096197
2011-05-18,15.18,15.3,14.96,15.07,65224192
2011-05-19,14.82,14.94,14.56,14.8,135679734
2011-05-20,14.64,14.79,14.55,14.62,72990956
2011-05-21,14.14,14.8,14.1,14.14,191223185
2011-05-22,14.57,14.85,14.16,14.72,102464837
2011-05-23,14.88,15.13,14.66,14.84,89258881
2011-05-24,15.24,15.51,15.23,15.25,161415562
2011-05-25,15.0,15.02,14.79,14.93,112621395
2011-05-26,14.85,14.95,14.68,14.87,88941326
2011-05-27,14.59,14.75,13.86,14.06,194806832
2011-05-28,13.37,14.35,13.27,14.01,140287969
2011-05-29,14.31,14.72,14.17,14.48,143826698
2011-05-30,13.88,14.19,13.4,13.97,180711657
2011-05-31,14.39,14.41,13.71,14.07,159324820
2011-06-01,14.47,14.49,13.56,14.26,69412418
2011-06-02,14.55,14.65,14.43,14.54,85576775
2011-06-03,15.28,15.32,15.01,15.09,84011439
2011-06-04,14.95,15.2,14.85,15.16,90902862
2011-06-05,14.86,15.69,14.74,15.26,86052797
2011-06-06,15.52,15.59,15.26,15.29,64432012
2011-06-07,15.89,16.08,15.72,15.81,165504462
2011-06-08,15.58,15.7,15.21,15.49,74983234
2011-06-09,15.85,15.99,15.56,15.87,145141092
2011-06-10,15.97,16.43,15.73,15.86,101172243
2011-06-11,16.07,16.12,15.81,16.06,135447664
2011-06-12,15.98,16.0,15.97,15.99,107578742
2011-06-13,15.54,15.84,15.21,15.57,129589984
2011-06-14,15.61,16.21,15.3,15.73,117751070
2011-06-15,16.64,16.96,16.03,16.07,71685883
2011-06-16,16.51,16.55,16.29,16.34,168500382
2011-06-17,17.73,17.82,17.54,17.61,166505524
2011-06-18,18.75,19.03,17.91,18.27,133546481
2011-06-19,18.41,18.73,18.11,18.42,89291537
2011-06-20,19.38,19.61,18.58,18.8,140363390
2011-06-21,19.25,19.89,18.8,19.19,62147023
2011-06-22,18.29,18.33,17.69,18.14,156768368
2011-06-23,18.54,18.54,17.71,18.28,79121430
2011-06-24,18.75,18.99,18.13,18.38,141168328
2011-06-25,18.6,18.79,18.53,18.55,58058511
2011-06-26,19.02,19.03,18.87,18.97,76347844
2011-06-27,19.72,20.12,18.02,19.49,162866503
2011-06-28,19.18,20.28,19.0,19.6,118271007
2011-06-29,19.07,19.47,18.31,18.87,123252621
2011-06-30,18.21,18.35,17.54,17.88,174105826
2011-07-01,17.9,18.55,17.45,17.57,65170798
2011-07-02,17.23,17.57,16.99,17.36,128740639
2011-07-03,17.12,17.36,17.01,17.2,79818321
2011-07-04,16.77,17.22,16.31,16.94,148004126
2011-07-05,17.25,17.52,17.23,17.48,123920334
2011-07-06,17.12,17.31,16.71,16.91,195017176
2011-07-07,17.11,17.56,17.02,17.25,99394999
2011-07-08,16.97,17.86,16.74,16.78,104418007
2011-07-09,17.05,17.17,16.41,16.92,61496434
2011-07-10,17.58,17.62,16.7,17.2,71689299
2011-07-11,16.69,16.84,15.47,16.2,212245768
2011-07-12,15.35,15.99,15.21,15.87,88785307
2011-07-13,15.99,16.15,15.9,16.12,71023839
2011-07-14,16.48,16.95,16.42,16.72,204402952
2011-07-15,16.08,16.14,15.87,16.02,115613820
2011-07-16,16.47,16.88,16.25,16.55,114514592
2011-07-17,16.72,16.9,16.5,16.52,83218978
2011-07-18,16.9,17.43,16.86,17.14,127373641
2011-07-19,16.55,17.09,16.27,16.41,205196104
2011-07-20,15.41,15.86,15.14,15.82,155687067
2011-07-21,15.99,16.37,15.61,16.05,167797729
2011-07-22,16.35,16.59,15.93,16.08,53815593
2011-07-23,16.32,16.33,16.15,16.26,78020698
2011-07-24,16.74,17.38,16.62,16.9,176223299
2011-07-25,18.46,18.72,17.05,17.41,135744015
2011-07-26,17.38,17.41,16.82,16.93,170306703
2011-07-27,17.27,17.36,16.75,16.96,128812576
2011-07-28,17.57,17.58,16.85,17.28,83266215
2011-07-29,17.48,17.5,16.33,17.49,149775371
2011-07-30,17.9,17.92,17.63,17.81,70001818
2011-07-31,17.8,17.88,17.42,17.5,147888256
2011-08-01,17.6,17.98,17.53,17.8,103207920
2011-08-02,18.13,18.16,18.05,18.16,114842578
2011-08-03,18.87,18.89,18.71,18.76,173093671
2011-08-04,17.76,18.27,16.99,17.86,173270180
2011-08-05,18.1,18.32,17.79,18.23,117250550
2011-08-06,18.72,19.06,18.11,18.48,161969105
2011-08-07,18.91,19.15,18.58,18.87,161045887
2011-08-08,19.58,19.71,19.35,19.49,161884601
2011-08-09,19.79,20.4,19.71,19.96,181153033
2011-08-10,20.63,20.71,19.82,20.49,164795032
2011-08-11,20.49,21.03,19.81,20.57,125489675
2011-08-12,19.83,20.05,19.33,19.95,97714019
2011-08-13,20.06,20.17,19.03,19.92,76571413
2011-08-14,20.44,20.76,19.93,19.94,144417510
2011-08-15,20.29,20.56,19.7,20.34,113097182
2011-08-16,21.6,21.86,20.56,21.06,69372727
2011-08-17,22.67,22.76,21.7,22.13,222773031
2011-08-18,21.5,22.19,21.25,22.03,85424416
2011-08-19,21.63,22.08,21.54,21.89,121032968
2011-08-20,22.35,23.08,22.3,22.33,84972350
2011-08-21,21.71,21.87,21.45,21.79,95271786
2011-08-22,22.98,23.94,22.87,23.02,126521123
2011-08-23,22.45,23.85,22.08,23.01,59782227
2011-08-24,23.51,23.53,23.42,23.42,121352314
2011-08-25,22.71,23.11,22.64,22.86,156677234
2011-08-26,22.91,23.3,22.8,23.26,122875402
2011-08-27,23.25,24.0,23.13,23.54,104191269
2011-08-28,23.71,24.01,22.69,23.53,56713150
2011-08-29,24.01,24.47,22.27,23.67,153948535
2011-08-30,23.99,24.01,22.95,23.37,63468049
2011-08-31,24.29,24.42,23.91,23.92,144946452
2011-09-01,24.24,24.32,22.25,23.27,97781317
2011-09-02,22.66,23.1,22.49,22.69,172603993
2011-09-03,22.95,23.04,22.49,22.74,119313119
2011-09-04,22.76,23.73,22.67,23.03,62918214
2011-09-05,22.4,23.05,22.33,22.7,129858160
2011-09-06,22.44,22.61,21.86,22.18,81122032
2011-09-07,20.65,21.57,20.62,21.41,136155500
2011-09-08,21.01,21.31,20.86,21.27,106179469
2011-09-09,20.43,20.72,19.91,20.44,99493328
2011-09-10,20.03,20.55,19.84,20.04,142412060
2011-09-11,19.66,20.08,19.27,19.43,173390240
2011-09-12,19.33,19.37,18.55,19.25,103994176
2011-09-13,18.62,19.85,18.37,18.77,178116987
2011-09-14,19.6,19.9,19.31,19.46,187819786
2011-09-15,20.12,20.41,19.39,19.82,148217673
2011-09-16,19.73,20.29,19.59,19.7,117005354
2011-09-17,20.77,21.02,19.88,20.27,87096449
2011-09-18,20.95,21.05,20.59,20.85,169248089
2011-09-19,22.26,22.31,21.29,21.53,92078517
2011-09-20,22.83,23.33,21.77,22.71,198498623
2011-09-21,23.96,24.89,23.13,23.41,188946467
2011-09-22,23.4,23.67,23.31,23.41,106173245
2011-09-23,24.27,24.39,23.32,23.77,152223841
2011-09-24,22.52,23.8,22.36,23.55,100129953
2011-09-25,23.91,24.21,23.4,23.77,59298409
2011-09-26,24.39,25.11,23.78,24.41,116176081
2011-09-27,24.4,26.01,23.12,25.11,101196477
2011-09-28,24.88,25.12,24.69,24.91,82232279
2011-09-29,24.52,24.85,24.1,24.54,121773878
2011-09-30,25.9,25.91,25.32,25.49,171848852
2011-10-01,27.04,27.22,26.21,26.64,180120924
2011-10-02,28.67,28.81,27.51,27.6,170624818
2011-10-03,29.07,29.32,28.68,28.79,174694737
2011-10-04,28.81,30.14,28.08,28.82,123544602
2011-10-05,27.7,29.45,27.53,28.57,93565540
2011-10-06,28.9,29.26,27.5,28.13,163715083
2011-10-07,28.17,28.24,27.59,28.04,139105495
2011-10-08,27.23,28.46,27.07,27.65,121814236
2011-10-09,27.47,28.47,27.3,28.36,69579437
2011-10-10,28.53,28.84,27.7,28.7,85716485
2011-10-11,29.66,30.01,28.47,28.94,121828308
2011-10-12,29.21,29.46,27.78,28.6,133490397
2011-10-13,28.03,28.79,27.53,28.73,121191666
2011-10-14,27.12,28.44,26.43,28.33,112265915
2011-10-15,29.09,30.69,28.22,28.98,183514588
2011-10-16,28.76,28.82,28.59,28.72,117316600
2011-10-17,29.75,30.39,29.3,29.47,146636266
2011-10-18,29.18,29.2,29.0,29.0,147471158
2011-10-19,26.99,28.25,26.83,27.54,112492893
2011-10-20,26.81,27.19,26.78,27.02,104864725
2011-10-21,26.77,27.26,26.06,26.31,138938299
2011-10-22,26.69,27.39,26.53,26.57,133482599
2011-10-23,26.34,26.78,26.17,26.51,53242216
2011-10-24,25.07,25.3,25.04,25.18,198398061
2011-10-25,25.82,26.62,25.7,26.32,75871322
2011-10-26,25.98,26.06,25.45,25.64,103883553
2011-10-27,25.61,27.43,25.61,26.63,142600563
2011-10-28,26.05,26.45,25.64,26.26,106008128
2011-10-29,27.58,27.75,27.55,27.56,157204552
2011-10-30,27.0,27.44,26.63,27.38,57793456
2011-10-31,26.69,27.46,26.41,26.84,154707626
2011-11-01,27.9,27.97,27.65,27.74,167214721
2011-11-02,26.14,27.02,26.02,26.85,168989298
2011-11-03,26.98,27.29,26.79,26.96,144135407
2011-11-04,26.99,27.35,26.96,27.03,78623343
2011-11-05,27.5,27.73,26.5,26.67,107922261
2011-11-06,25.59,25.69,25.58,25.67,186460326
2011-11-07,25.24,25.31,25.05,25.15,64088423
2011-11-08,24.67,25.1,24.42,24.65,108076246
2011-11-09,25.4,25.97,24.75,25.28,186026487
2011-11-10,25.03,25.23,24.84,24.97,68372943
2011-11-11,25.05,25.42,24.71,25.22,68860762
2011-11-12,24.97,25.28,24.62,24.9,98488520
2011-11-13,24.76,25.25,24.55,25.06,141865601
2011-11-14,25.29,26.22,25.21,25.36,155300556
2011-11-15,24.55,25.55,23.96,25.45,93454241
2011-11-16,25.16,26.08,25.08,25.88,163571922
2011-11-17,24.85,25.63,24.76,25.02,127675786
2011-11-18,25.97,26.48,25.01,25.89,192921936
2011-11-19,25.16,26.04,24.98,25.78,151624330
2011-11-20,26.49,26.5,25.51,26.35,76288340
2011-11-21,27.31,27.77,27.27,27.64,137433345
2011-11-22,28.03,28.64,27.0,27.79,94731174
2011-11-23,28.89,29.03,28.59,28.92,73763220
2011-11-24,30.16,30.51,28.96,29.26,76769592
2011-11-25,29.16,29.55,28.98,29.32,51993305
2011-11-26,30.0,30.09,29.62,29.68,107887510
2011-11-27,29.91,29.97,29.26,29.81,80351817
2011-11-28,29.71,31.13,28.33,29.89,69819105
2011-11-29,30.33,31.0,30.17,30.32,157825143
2011-11-30,30.55,30.99,29.7,30.76,158663914
2011-12-01,30.49,32.19,29.11,30.8,86786852
2011-12-02,31.14,31.84,30.91,31.73,169814903
2011-12-03,30.16,30.75,29.38,30.32,196335021
2011-12-04,30.36,30.98,30.35,30.35,89775614
2011-12-05,29.68,30.0,28.34,29.67,88669977
2011-12-06,29.97,30.9,29.61,29.73,137354626
2011-12-07,29.53,29.7,28.77,29.17,160742632
2011-12-08,28.23,28.87,27.93,28.87,134568955
2011-12-09,29.89,30.68,28.72,29.33,117382365
2011-12-10,30.31,31.27,29.61,30.08,154925131
2011-12-11,30.59,30.83,30.58,30.68,147021446
2011-12-12,30.19,31.76,29.56,30.88,126643861
2011-12-13,31.44,31.48,29.82,30.5,59755186
2011-12-14,28.87,29.44,28.6,29.4,135453868
2011-12-15,30.14,31.13,30.04,30.37,108695093
2011-12-16,30.96,31.41,29.44,29.46,100980239
2011-12-17,29.37,29.51,28.78,29.13,58195537
2011-12-18,28.16,30.85,27.94,29.1,146986050
2011-12-19,28.36,28.98,27.6,28.63,146769719
2011-12-20,29.72,30.19,29.06,29.38,97262099
2011-12-21,29.76,31.25,29.08,30.2,112569944
2011-12-22,30.04,31.98,30.01,30.71,79032600
2011-12-23,29.83,30.47,29.39,29.9,86014068
2011-12-24,27.92,29.94,27.45,29.75,96801019
2011-12-25,28.87,30.12,28.7,29.8,97479945
2011-12-26,29.93,30.91,28.55,30.09,83787395
2011-12-27,30.57,30.62,29.86,30.16,137363532
2011-12-28,31.0,31.36,29.93,30.9,149696005
2011-12-29,30.33,30.96,29.64,29.9,157575158
2011-12-30,31.9,32.56,30.82,31.72,114427117
2011-12-31,33.44,33.76,32.71,32.96,105897611
2012-01-01,32.59,34.67,32.2,32.97,64847905
2012-01-02,31.96,32.3,31.95,32.23,165492146
2012-01-03,32.71,32.76,32.31,32.66,133897879
2012-01-04,33.81,34.17,32.86,33.27,113866361
2012-01-05,32.53,33.36,31.62,31.84,208857537
2012-01-06,32.04,32.14,30.86,32.09,63915949
2012-01-07,32.15,32.42,31.99,32.16,75873678
2012-01-08,31.61,32.13,31.39,31.77,80970008
2012-01-09,31.12,31.97,30.67,31.79,134250176
2012-01-10,31.97,32.62,30.53,31.87,60849713
2012-01-11,31.47,31.98,31.42,31.86,93488726
2012-01-12,32.6,32.64,31.78,31.81,150700703
2012-01-13,31.32,31.53,30.71,31.04,171531387
2012-01-14,31.25,32.03,29.97,31.03,138121947
2012-01-15,30.56,30.75,30.44,30.55,112897742
2012-01-16,30.65,31.57,30.02,30.69,116918097
2012-01-17,30.71,30.88,30.05,30.49,125966264
2012-01-18,31.96,32.38,31.85,32.01,194844153
2012-01-19,31.42,32.12,31.34,31.39,92123550
2012-01-20,31.99,32.15,30.15,31.53,138727443
2012-01-21,32.18,32.32,31.35,31.81,101739908
2012-01-22,31.91,32.57,30.78,31.83,126168436
2012-01-23,30.95,32.0,30.62,31.02,70888398
2012-01-24,29.53,30.13,28.83,29.08,136907077
2012-01-25,26.96,27.6,26.62,27.32,136692759
2012-01-26,26.79,26.86,26.71,26.81,67316060
2012-01-27,26.42,26.93,26.21,26.55,94331507
2012-01-28,26.07,26.33,25.85,26.33,151327048
2012-01-29,26.08,26.17,25.83,26.05,128932667
2012-01-30,25.48,25.88,25.18,25.84,54716152
2012-01-31,26.9,27.08,26.62,26.9,121335727
2012-02-01,25.31,25.91,25.26,25.75,132880820
2012-02-02,26.73,26.93,25.56,25.78,100907501
2012-02-03,27.72,28.12,26.89,26.96,163184704
2012-02-04,25.82,25.9,25.28,25.76,203658535
2012-02-05,25.8,26.26,25.15,25.55,55516191
2012-02-06,26.02,26.03,25.1,25.73,56092247
2012-02-07,26.29,26.43,25.66,26.41,120566835
2012-02-08,25.54,26.18,25.12,25.6,174647166
2012-02-09,26.47,26.58,26.06,26.39,77796066
2012-02-10,27.82,28.04,26.75,26.76,163949747
2012-02-11,25.66,26.67,25.39,26.47,129633547
2012-02-12,28.09,28.59,27.18,27.73,182252401
2012-02-13,27.16,27.96,26.91,27.12,169013918
2012-02-14,26.77,28.03,25.26,26.67,154334118
2012-02-15,26.12,26.19,25.97,26.07,103479937
2012-02-16,26.13,26.76,25.8,26.16,87885689
2012-02-17,26.84,27.07,26.79,27.06,108368841
2012-02-18,27.72,27.91,26.38,26.7,159197493
2012-02-19,27.61,27.7,26.4,26.84,144231050
2012-02-20,28.65,29.24,27.04,27.54,137524719
2012-02-21,29.41,29.52,28.3,28.53,153732170
2012-02-22,28.89,28.92,28.45,28.71,63064992
2012-02-23,27.61,29.42,27.39,28.19,61559810
2012-02-24,28.64,28.66,26.4,26.95,133155219
2012-02-25,27.42,28.19,27.07,27.38,121421687
2012-02-26,28.01,28.16,27.67,27.71,125689866
2012-02-27,26.9,27.55,26.9,27.19,68764013
2012-02-28,27.68,28.03,27.2,27.6,60929716
2012-02-29,28.19,28.23,26.78,27.69,61561455
2012-03-01,27.95,29.88,27.82,28.36,162375620
2012-03-02,30.14,30.22,27.45,29.25,69633987
2012-03-03,28.94,29.54,28.63,28.67,178564936
2012-03-04,29.65,29.96,29.22,29.23,120457806
2012-03-05,29.17,29.41,28.77,29.36,131666273
2012-03-06,29.7,30.45,29.28,29.67,107891237
2012-03-07,30.05,30.68,29.99,30.07,147247661
2012-03-08,30.54,31.24,30.09,30.62,98390813
2012-03-09,31.23,32.37,30.05,31.73,88596718
2012-03-10,33.3,33.59,31.84,32.62,68664311
2012-03-11,33.16,33.36,32.29,32.85,91735582
2012-03-12,31.76,32.46,31.33,32.3,116494097
2012-03-13,30.5,30.59,30.35,30.57,83657229
2012-03-14,29.46,29.8,29.46,29.75,120074565
2012-03-15,30.33,30.55,27.99,29.36,103141370
2012-03-16,30.52,31.55,30.37,30.8,132676418
2012-03-17,30.49,30.96,30.45,30.75,139121989
2012-03-18,31.28,31.76,30.4,31.02,97842989
2012-03-19,32.03,33.76,31.21,32.66,79139536
2012-03-20,31.24,31.25,30.92,31.18,120790885
2012-03-21,31.47,31.59,30.08,30.55,113310001
2012-03-22,31.63,32.29,31.39,31.66,189358693
2012-03-23,30.93,30.95,30.28,30.7,69075788
2012-03-24,30.65,30.89,30.4,30.69,80122738
2012-03-25,28.82,30.15,28.04,29.63,79897536
2012-03-26,31.27,31.31,30.78,31.19,162850863
2012-03-27,30.89,31.34,30.61,31.28,148370398
2012-03-28,30.36,30.93,29.67,30.28,150923671
2012-03-29,30.89,31.96,29.38,30.47,100997620
2012-03-30,32.01,32.3,31.17,31.35,151582563
2012-03-31,29.89,30.76,29.43,30.29,103101267
2012-04-01,30.36,31.36,30.3,31.18,170614046
2012-04-02,32.18,32.25,31.29,31.83,109424435
2012-04-03,32.25,32.55,31.19,31.4,133163881
2012-04-04,30.92,31.15,30.16,30.69,168629249
2012-04-05,31.56,32.32,30.62,30.93,111034896
2012-04-06,31.63,31.71,30.01,30.89,79837364
2012-04-07,31.3,31.47,30.78,31.0,75878833
2012-04-08,31.73,32.55,30.92,31.71,66899846
2012-04-09,31.84,32.9,30.02,32.18,144101224
2012-04-10,31.82,31.94,31.22,31.42,145127939
2012-04-11,31.06,31.3,30.59,30.91,103358215
2012-04-12,32.23,32.46,30.89,31.3,95969413
2012-04-13,33.16,33.85,32.99,32.99,188310487
2012-04-14,33.14,33.17,32.33,32.95,112527830
2012-04-15,30.49,30.84,30.22,30.4,114485950
2012-04-16,29.65,29.88,29.53,29.79,171154639
2012-04-17,30.01,30.1,29.54,29.65,127387451
2012-04-18,30.6,30.68,30.36,30.45,173508800
2012-04-19,29.9,30.36,29.34,29.88,137822058
2012-04-20,28.42,29.85,27.38,28.3,100053123
2012-04-21,27.23,27.81,26.86,27.59,90009076
2012-04-22,27.37,29.24,27.36,28.09,153250783
2012-04-23,28.11,28.44,27.6,28.23,107423016
2012-04-24,25.49,27.07,24.96,26.82,118163894
2012-04-25,27.07,27.57,26.75,26.81,83765413
2012-04-26,27.46,27.93,27.09,27.48,88298387
2012-04-27,26.97,28.99,26.74,27.15,103029793
2012-04-28,26.36,26.88,26.25,26.41,69548817
2012-04-29,25.96,26.12,25.7,26.1,148446790
2012-04-30,25.93,26.52,25.61,26.19,83629356
2012-05-01,25.18,27.37,24.28,26.41,104140514
2012-05-02,25.93,26.6,25.71,26.21,132176667
2012-05-03,27.89,28.62,27.61,27.81,183831687
2012-05-04,27.33,28.03,26.75,27.12,165109094
2012-05-05,26.11,26.79,25.63,26.11,127641993
2012-05-06,26.84,27.4,26.82,26.85,165643699
2012-05-07,26.34,26.76,26.34,26.44,77508455
2012-05-08,25.67,25.79,25.0,25.08,203677009
2012-05-09,25.23,25.33,24.7,25.09,68684885
2012-05-10,24.27,24.99,24.25,24.39,176636940
2012-05-11,23.9,23.9,23.54,23.66,190387643
2012-05-12,24.66,24.76,23.86,24.72,162407282
2012-05-13,24.07,25.26,23.37,24.57,135818745
2012-05-14,23.61,23.76,23.52,23.74,163449434
2012-05-15,22.96,23.1,22.03,22.91,72364009
2012-05-16,22.68,22.88,22.65,22.86,58509979
2012-05-17,22.54,22.7,22.47,22.63,69690174
2012-05-18,22.7,22.89,22.42,22.78,158289506
2012-05-19,21.54,23.22,20.86,22.48,105093764
2012-05-20,21.68,21.82,21.6,21.79,85128877
2012-05-21,21.75,21.86,21.08,21.52,59171308
2012-05-22,21.83,22.33,21.69,21.86,76295399
2012-05-23,21.96,22.2,21.69,21.95,112721825
2012-05-24,21.83,22.01,21.62,21.88,124619230
2012-05-25,22.32,22.59,22.27,22.48,74661491
2012-05-26,23.49,23.75,23.41,23.53,181651296
2012-05-27,23.93,24.16,23.26,23.93,59102537
2012-05-28,24.54,24.88,24.48,24.58,182785764
2012-05-29,23.61,23.74,22.66,23.67,93067218
2012-05-30,24.7,25.09,24.28,25.07,172726905
2012-05-31,25.84,26.11,24.43,25.17,139596522
2012-06-01,24.28,26.19,23.93,25.24,126511865
2012-06-02,26.01,26.08,25.16,25.48,151822486
2012-06-03,25.38,25.43,25.37,25.38,56408689
2012-06-04,25.7,26.49,25.1,25.89,145171478
2012-06-05,25.56,25.95,25.44,25.7,103020286
2012-06-06,25.89,26.09,24.91,25.67,76391504
2012-06-07,25.63,26.53,25.31,26.32,64244606
2012-06-08,26.73,26.98,26.01,26.44,129839345
2012-06-09,26.66,26.66,26.37,26.46,63580539
2012-06-10,26.83,27.11,25.88,26.32,138124298
2012-06-11,27.28,27.31,26.76,26.81,116795418
2012-06-12,27.65,27.95,27.03,27.18,154951408
2012-06-13,26.67,26.92,26.01,26.37,105155526
2012-06-14,27.07,28.06,26.32,26.5,62746444
2012-06-15,27.02,27.53,26.4,26.54,137036109
2012-06-16,26.76,27.32,25.99,26.46,118729264
2012-06-17,25.82,26.36,25.43,26.07,125770416
2012-06-18,26.11,26.64,25.94,26.54,82596928
2012-06-19,26.67,26.71,25.87,26.65,78117800
2012-06-20,26.55,26.63,24.37,26.16,86350778
2012-06-21,25.79,26.78,25.42,25.88,158855248
2012-06-22,24.95,25.94,24.6,25.71,104374613
2012-06-23,27.37,28.1,24.85,25.71,103816177
2012-06-24,25.04,26.01,24.88,25.63,104368599
2012-06-25,26.36,26.67,25.46,25.74,100695832
2012-06-26,25.53,25.86,25.37,25.64,86885044
2012-06-27,25.55,26.51,25.21,25.41,120168564
2012-06-28,25.72,25.83,24.2,25.49,98550278
2012-06-29,24.18,26.14,24.1,25.5,65895024
2012-06-30,25.72,25.85,25.53,25.75,145914771
2012-07-01,27.0,27.14,26.23,26.39,153114929
2012-07-02,28.41,28.55,26.9,27.07,110007944
2012-07-03,27.24,27.85,26.55,27.11,101653001
2012-07-04,27.66,27.74,26.94,26.96,82567195
2012-07-05,27.1,27.3,26.49,26.6,139493982
2012-07-06,25.88,26.69,25.8,26.1,144606884
2012-07-07,26.38,26.59,26.14,26.53,158586183
2012-07-08,28.12,28.45,28.09,28.32,179461546
2012-07-09,27.07,27.34,26.64,27.32,95423521
2012-07-10,27.2,27.27,26.9,27.24,128798609
2012-07-11,27.04,27.36,26.29,27.02,104014958
2012-07-12,27.62,27.76,27.37,27.5,138823306
2012-07-13,28.04,28.36,27.02,27.27,95696899
2012-07-14,27.08,27.08,27.02,27.06,91540087
2012-07-15,27.11,27.53,26.74,26.97,120636490
2012-07-16,26.38,26.55,26.37,26.47,102048218
2012-07-17,25.8,26.92,24.55,26.61,141047171
2012-07-18,26.44,27.04,26.3,26.85,90196054
2012-07-19,27.94,29.22,27.62,28.0,82231213
2012-07-20,28.22,28.48,27.34,27.86,100372680
2012-07-21,27.09,27.75,26.6,27.68,87166150
2012-07-22,26.57,27.37,26.27,26.82,183940574
2012-07-23,26.93,27.53,25.73,27.08,151031661
2012-07-24,28.61,28.86,27.86,28.26,145194818
2012-07-25,26.95,27.35,26.44,27.32,112107955
2012-07-26,27.37,27.81,27.06,27.32,147460311
2012-07-27,26.92,27.32,26.68,27.05,109132740
2012-07-28,26.96,27.82,26.59,26.7,82101382
2012-07-29,26.75,27.19,26.5,26.78,139972478
2012-07-30,26.94,27.19,26.85,26.85,73906643
2012-07-31,27.56,28.29,27.38,27.9,71003156
2012-08-01,28.29,28.37,27.71,27.86,86732596
2012-08-02,26.51,27.44,25.69,26.82,121918064
2012-08-03,25.27,25.68,25.24,25.6,172474913
2012-08-04,26.06,26.32,23.75,25.05,174926236
2012-08-05,24.46,24.51,24.41,24.46,130315156
2012-08-06,23.87,23.97,23.39,23.55,113401936
2012-08-07,23.08,23.97,22.84,23.32,135700882
2012-08-08,22.33,23.84,20.61,22.57,189496904
2012-08-09,22.78,22.79,22.09,22.76,122308291
2012-08-10,22.37,22.47,21.94,22.44,120303773
2012-08-11,21.82,22.06,21.77,21.85,82294664
2012-08-12,21.18,21.53,21.16,21.36,173698875
2012-08-13,20.97,21.16,20.85,21.14,152696945
2012-08-14,20.7,22.0,20.47,21.42,126720481
2012-08-15,22.34,22.58,21.73,21.74,151144778
2012-08-16,22.66,22.81,22.5,22.57,112735044
2012-08-17,23.61,24.06,23.56,23.95,180295209
2012-08-18,24.47,24.75,24.4,24.64,102751006
2012-08-19,24.87,26.66,24.28,24.82,71746895
2012-08-20,24.18,25.75,23.78,24.88,67567075
2012-08-21,23.93,24.48,23.9,24.15,172279404
2012-08-22,22.84,23.26,22.52,23.01,108338209
2012-08-23,23.09,23.65,21.95,23.09,126623408
2012-08-24,22.13,22.93,21.43,21.61,193835399
2012-08-25,21.76,21.79,20.55,21.19,61473889
2012-08-26,22.11,22.36,21.66,21.87,95161893
2012-08-27,20.91,21.46,20.88,21.29,130787160
2012-08-28,20.98,21.43,20.83,20.94,113632925
2012-08-29,21.14,21.16,21.12,21.16,78383079
2012-08-30,21.24,21.53,20.87,21.21,128505942
2012-08-31,22.1,22.28,21.69,21.86,99648331
2012-09-01,22.15,22.29,21.66,21.99,86596887
2012-09-02,22.5,23.43,22.0,23.36,120607698
2012-09-03,23.99,24.09,23.72,23.97,62997940
2012-09-04,22.85,23.23,22.31,22.64,230188486
2012-09-05,21.99,22.21,21.83,22.19,177243358
2012-09-06,21.81,21.99,20.82,21.19,102685623
2012-09-07,22.65,23.03,21.81,22.46,120329420
2012-09-08,22.56,22.98,22.49,22.82,71359148
2012-09-09,23.9,24.01,23.88,23.97,91405151
2012-09-10,24.05,24.65,23.88,24.33,130283162
2012-09-11,24.94,25.82,24.75,25.33,180324347
2012-09-12,25.95,26.18,25.52,25.9,78777583
2012-09-13,25.38,25.56,25.3,25.47,153401243
2012-09-14,25.08,25.74,24.09,25.17,95606162
2012-09-15,25.42,25.67,25.3,25.54,134964458
2012-09-16,25.65,26.09,25.62,25.68,140752545
2012-09-17,25.12,26.12,24.85,25.77,153240427
2012-09-18,25.85,25.99,24.78,24.88,131851519
2012-09-19,24.18,24.25,24.03,24.03,113660715
2012-09-20,23.8,23.91,23.41,23.78,141213059
2012-09-21,23.27,23.74,22.74,23.18,174385605
2012-09-22,23.1,24.6,22.89,23.86,134168696
2012-09-23,23.88,24.21,23.8,23.95,149470225
2012-09-24,23.85,24.66,23.49,24.41,165844813
2012-09-25,24.2,24.58,23.36,23.98,112113623
2012-09-26,24.1,24.57,23.92,24.4,143409871
2012-09-27,24.79,25.42,24.37,24.67,79865386
2012-09-28,24.04,24.28,23.76,24.19,160321775
2012-09-29,24.28,24.35,23.13,23.82,109911312
2012-09-30,23.62,24.89,23.09,24.44,150945691
2012-10-01,22.93,22.98,21.64,22.92,111481037
2012-10-02,22.84,23.39,22.41,23.04,131255045
2012-10-03,22.36,23.64,21.96,22.59,78863344
2012-10-04,22.83,23.06,22.24,22.57,120230961
2012-10-05,22.87,23.22,22.2,22.26,161702989
2012-10-06,22.53,22.72,22.41,22.53,62747528
2012-10-07,22.37,22.9,22.37,22.84,150242154
2012-10-08,22.85,22.97,22.43,22.77,141234917
2012-10-09,23.33,25.48,23.22,23.79,91518173
2012-10-10,24.44,24.82,23.95,24.14,120882416
2012-10-11,24.47,26.17,24.32,24.93,143881544
2012-10-12,25.33,26.28,25.04,25.08,108843816
2012-10-13,24.92,25.21,24.88,25.07,66671830
2012-10-14,24.89,25.17,24.64,24.68,154200635
2012-10-15,25.54,25.61,24.74,25.02,162034125
2012-10-16,25.65,26.09,25.01,25.68,68565262
2012-10-17,25.8,25.92,25.19,25.66,144125327
2012-10-18,26.12,27.2,25.2,25.46,82134378
2012-10-19,26.62,26.85,25.57,25.81,72057394
2012-10-20,27.42,27.5,26.4,27.13,201131291
2012-10-21,29.03,29.61,27.0,27.83,74198072
2012-10-22,28.35,28.85,27.51,28.41,130454071
2012-10-23,28.49,28.6,27.52,28.3,69966836
2012-10-24,26.47,26.59,26.36,26.55,212946233
2012-10-25,25.96,26.3,25.36,26.12,134713493
2012-10-26,25.49,26.13,25.44,26.06,86856079
2012-10-27,27.13,27.22,26.24,26.83,72384150
2012-10-28,26.7,27.15,25.95,26.83,64894127
2012-10-29,26.56,27.42,26.12,26.65,124997806
2012-10-30,27.04,27.57,26.06,26.89,84053293
2012-10-31,27.63,28.29,27.21,27.82,130764129
2012-11-01,28.35,28.37,27.58,27.59,60594505
2012-11-02,26.4,27.74,26.34,27.04,72385734
2012-11-03,26.56,27.46,26.38,26.76,59697478
2012-11-04,26.79,28.89,26.45,26.68,95441926
2012-11-05,27.22,27.69,26.45,26.89,125939521
2012-11-06,26.41,27.11,25.32,26.44,72450811
2012-11-07,26.57,26.92,26.24,26.29,54875330
2012-11-08,26.11,27.2,25.71,26.25,117779977
2012-11-09,25.69,26.91,25.38,25.53,96500419
2012-11-10,25.18,25.52,24.85,25.24,146542182
2012-11-11,23.73,24.62,23.58,23.71,137958269
2012-11-12,24.37,24.83,24.34,24.73,153675368
2012-11-13,25.36,25.62,25.36,25.55,89495501
2012-11-14,26.75,26.85,26.33,26.48,152023406
2012-11-15,27.89,27.94,26.51,27.28,123120172
2012-11-16,26.7,26.89,26.5,26.62,157630886
2012-11-17,26.66,27.08,26.16,26.6,78935513
2012-11-18,25.98,27.21,25.77,26.46,149581026
2012-11-19,25.35,25.8,25.08,25.3,100182790
2012-11-20,26.43,26.54,26.1,26.29,77210124
2012-11-21,26.09,26.56,26.06,26.36,126300331
2012-11-22,25.54,26.01,25.34,25.74,111729382
2012-11-23,24.83,25.54,24.61,25.15,71462774
2012-11-24,25.15,26.58,24.73,25.38,105495410
2012-11-25,24.15,24.19,23.84,24.12,108634879
2012-11-26,23.77,23.93,23.61,23.66,67231936
2012-11-27,24.74,24.79,23.61,24.08,64285780
2012-11-28,24.02,24.71,23.54,24.28,65750959
2012-11-29,23.99,24.33,23.9,23.96,109035358
2012-11-30,23.94,24.39,23.78,24.29,160802728
2012-12-01,24.45,24.77,24.22,24.35,105583402
2012-12-02,24.13,24.13,23.09,23.77,95155517
2012-12-03,23.35,24.74,23.24,23.79,124773928
2012-12-04,24.22,24.31,23.59,24.01,145572287
2012-12-05,22.98,23.35,22.4,23.0,178919446
2012-12-06,23.14,23.24,23.05,23.14,75140903
2012-12-07,23.58,23.81,23.01,23.49,100207429
2012-12-08,23.83,23.95,23.61,23.91,174365101
2012-12-09,24.6,24.62,24.55,24.6,107607050
2012-12-10,24.71,24.77,24.15,24.71,103591234
2012-12-11,24.02,24.37,23.64,24.07,85445729
2012-12-12,24.09,25.14,23.78,23.82,144163275
2012-12-13,23.08,23.09,23.08,23.09,101113022
2012-12-14,23.44,23.53,23.2,23.26,71996877
2012-12-15,24.43,24.7,22.64,22.92,58936430
2012-12-16,22.45,22.82,22.32,22.74,125839808
2012-12-17,22.92,23.3,22.52,23.25,170032783
2012-12-18,24.18,24.48,24.13,24.21,179394409
2012-12-19,24.69,24.77,24.23,24.58,114012370
2012-12-20,24.34,24.47,24.32,24.42,113147252
2012-12-21,24.0,25.03,23.56,24.94,161510483
2012-12-22,24.65,25.05,24.58,24.94,130483083
2012-12-23,24.47,24.69,23.85,24.38,91569858
2012-12-24,25.0,25.05,24.29,24.49,87684756
2012-12-25,25.34,25.81,23.62,24.91,66460051
2012-12-26,24.78,25.6,24.52,25.08,73829190
2012-12-27,25.16,25.21,24.99,25.04,60070755
2012-12-28,25.3,25.86,25.06,25.28,110600504
2012-12-29,25.65,26.07,24.14,25.53,123832385
2012-12-30,24.99,25.7,24.44,24.67,162124535
2012-12-31,24.35,24.37,24.23,24.34,66984186
2013-01-01,25.53,25.66,24.77,25.4,179682948
2013-01-02,24.75,25.42,24.04,24.63,118271469
2013-01-03,23.61,24.89,23.5,24.67,141975982
2013-01-04,23.82,24.0,23.75,23.79,84438528
2013-01-05,24.58,24.59,24.32,24.43,119413194
2013-01-06,24.81,26.48,24.35,25.27,145345853
2013-01-07,25.92,26.18,25.62,25.76,116597739
2013-01-08,25.61,25.99,25.15,25.35,137312745
2013-01-09,25.6,25.96,25.1,25.52,104293885
2013-01-10,25.33,25.54,24.37,25.34,96105859
2013-01-11,24.92,24.93,24.91,24.92,130639910
2013-01-12,25.5,25.58,25.01,25.41,88340758
2013-01-13,24.35,24.4,23.73,24.09,219426218
2013-01-14,23.88,24.79,22.83,24.32,81171209
2013-01-15,24.7,25.09,24.5,24.99,96367492
2013-01-16,25.22,25.48,24.35,24.78,85854040
2013-01-17,25.38,25.73,24.3,24.38,98795328
2013-01-18,24.9,25.61,24.33,24.8,76327022
2013-01-19,25.43,25.63,25.33,25.44,166253621
2013-01-20,24.48,25.04,24.46,24.55,79705071
2013-01-21,22.6,24.75,21.7,24.19,128357468
2013-01-22,24.35,24.63,23.74,24.11,92737647
2013-01-23,23.91,24.0,23.89,23.99,130887339
2013-01-24,24.33,24.76,23.97,24.13,132141558
2013-01-25,23.95,24.28,23.9,23.92,114294368
2013-01-26,24.6,24.83,23.71,24.08,101930212
2013-01-27,24.75,24.98,24.64,24.86,163672383
2013-01-28,25.27,25.4,24.52,25.3,144573914
2013-01-29,25.77,26.43,25.72,26.08,171240340
2013-01-30,26.88,26.99,25.34,25.83,104224049
2013-01-31,27.21,28.15,26.75,27.72,94877547
2013-02-01,28.52,28.55,27.72,27.78,91995117
2013-02-02,28.57,28.71,28.24,28.33,172845440
2013-02-03,27.54,29.1,27.25,28.26,143913922
2013-02-04,30.01,30.27,28.45,28.76,172568622
2013-02-05,27.87,28.05,27.48,27.85,129606421
2013-02-06,30.2,30.3,29.11,29.56,143011924
2013-02-07,28.33,29.13,28.23,28.84,96957326
2013-02-08,28.52,28.65,28.38,28.63,157552582
2013-02-09,30.79,30.89,29.27,30.35,122134624
2013-02-10,31.08,32.46,28.9,30.32,114489819
2013-02-11,28.91,29.01,28.73,28.92,167041189
2013-02-12,28.87,28.91,28.3,28.47,129127595
2013-02-13,29.1,29.14,28.65,28.94,150402167
2013-02-14,28.79,29.58,28.15,29.18,82380831
2013-02-15,29.29,29.8,29.25,29.63,97779207
2013-02-16,30.02,30.1,29.43,29.63,126077118
2013-02-17,31.45,31.93,29.52,29.96,107582567
2013-02-18,29.9,29.95,29.86,29.88,111800105
2013-02-19,27.52,29.33,27.32,28.52,196100825
2013-02-20,29.23,29.37,28.67,28.82,90594934
2013-02-21,29.85,30.41,29.8,29.95,85476193
2013-02-22,31.09,31.15,30.03,30.36,143353826
2013-02-23,32.41,33.17,30.95,32.15,156220066
2013-02-24,31.15,31.56,29.34,30.36,214810840
2013-02-25,30.32,30.86,29.07,29.18,99799850
2013-02-26,30.37,30.57,28.75,30.39,108098889
2013-02-27,30.68,30.97,30.33,30.85,90566867
2013-02-28,29.08,31.23,28.58,30.39,133050581
2013-03-01,29.99,31.83,29.63,30.92,121170343
2013-03-02,30.16,30.58,29.28,29.66,204226489
2013-03-03,29.52,31.23,29.45,29.96,100719476
2013-03-04,31.06,31.57,30.33,30.83,67966199
2013-03-05,31.01,31.31,30.64,31.1,103597925
2013-03-06,31.92,32.69,30.63,30.76,115936768
2013-03-07,31.88,31.89,31.37,31.47,155126083
2013-03-08,31.68,31.85,31.47,31.49,85718719
2013-03-09,34.78,35.14,32.72,34.1,197226870
2013-03-10,33.34,33.54,32.87,33.48,110882856
2013-03-11,36.97,37.41,34.4,35.18,109838733
2013-03-12,33.42,34.49,33.29,34.21,178889256
2013-03-13,33.24,34.25,32.79,34.11,98170440
2013-03-14,35.34,36.52,34.48,35.44,196556729
2013-03-15,34.97,35.25,34.12,34.74,126458358
2013-03-16,33.52,34.12,32.92,34.06,174421546
2013-03-17,34.68,35.93,33.9,34.11,101819084
2013-03-18,32.94,33.35,32.55,33.21,86360170
2013-03-19,32.67,32.71,32.18,32.42,128951168
2013-03-20,31.21,31.33,30.71,31.0,156934862
2013-03-21,31.2,31.24,30.96,31.07,92822269
2013-03-22,30.74,31.06,30.45,31.02,96079943
2013-03-23,29.95,31.36,29.48,30.72,70758294
2013-03-24,29.84,29.94,28.72,29.45,207408542
2013-03-25,27.73,28.89,27.68,28.57,127271544
2013-03-26,28.69,28.77,28.4,28.68,132604263
2013-03-27,29.34,29.69,27.46,28.8,103974045
2013-03-28,30.55,31.16,28.5,29.2,101730359
2013-03-29,28.9,28.96,28.44,28.54,72682593
2013-03-30,28.7,28.98,28.03,28.37,111925005
2013-03-31,28.08,28.76,27.46,27.85,167303404
2013-04-01,27.1,28.46,27.08,27.16,162273030
2013-04-02,26.46,27.61,25.83,27.22,57302747
2013-04-03,28.35,28.44,27.86,28.06,142538775
2013-04-04,27.05,27.6,26.84,27.33,101293035
2013-04-05,27.57,28.24,27.22,27.29,150312049
2013-04-06,27.51,27.82,26.55,27.68,157465480
2013-04-07,25.82,26.53,25.71,26.52,108420556
2013-04-08,26.45,27.7,26.21,26.88,76129279
2013-04-09,26.64,27.49,26.33,26.74,115847173
2013-04-10,27.72,27.98,27.64,27.66,115387890
2013-04-11,27.74,27.93,26.79,27.73,132443998
2013-04-12,26.47,26.65,25.51,26.16,221877964
2013-04-13,25.34,26.1,25.22,25.29,127912291
2013-04-14,24.75,25.3,24.65,24.79,177769074
2013-04-15,24.87,25.76,24.82,25.5,157404257
2013-04-16,25.13,25.54,25.06,25.1,148542257
2013-04-17,25.37,26.11,25.2,25.3,95582805
2013-04-18,26.32,26.97,25.58,25.98,77780479
2013-04-19,25.57,25.58,25.34,25.38,164164567
2013-04-20,24.46,24.97,24.27,24.5,197760887
2013-04-21,24.94,25.27,24.85,24.99,114381284
2013-04-22,24.9,25.59,24.57,25.03,135869251
2013-04-23,25.79,25.92,23.83,25.21,97194206
2013-04-24,27.2,27.32,26.16,26.79,96749971
2013-04-25,27.25,27.51,26.02,26.17,112000479
2013-04-26,26.27,27.64,25.58,26.82,89380644
2013-04-27,27.47,28.08,27.4,27.56,187804015
2013-04-28,26.99,27.19,26.6,26.84,173543156
2013-04-29,25.8,26.27,25.74,25.95,163730399
2013-04-30,25.98,26.95,25.34,26.26,78329838
2013-05-01,26.73,26.9,26.69,26.8,152984283
2013-05-02,27.06,27.96,26.01,27.95,116504170
2013-05-03,26.5,26.73,26.36,26.66,191018225
2013-05-04,26.04,27.06,24.62,26.47,65313734
2013-05-05,26.36,26.63,24.88,25.27,122362923
2013-05-06,24.21,24.69,24.1,24.4,92305628
2013-05-07,23.79,24.11,23.59,23.86,88813790
2013-05-08,24.34,25.21,24.15,24.93,118548809
2013-05-09,24.89,25.06,24.72,25.02,123296839
2013-05-10,24.72,25.19,24.56,24.66,130309373
2013-05-11,24.58,24.81,23.96,24.08,164643976
2013-05-12,25.09,25.43,23.74,24.59,83188688
2013-05-13,24.5,24.52,23.66,24.15,102109751
2013-05-14,24.55,24.63,24.54,24.62,166753815
2013-05-15,23.92,23.96,23.75,23.87,161605338
2013-05-16,23.88,24.07,23.56,23.91,130822996
2013-05-17,24.31,24.65,24.14,24.39,121237464
2013-05-18,25.0,25.15,24.4,24.72,87549903
2013-05-19,24.45,24.45,24.32,24.34,138759207
2013-05-20,24.76,24.99,24.7,24.73,140886711
2013-05-21,25.19,25.35,25.09,25.13,66061625
2013-05-22,25.76,25.98,24.77,25.26,88564207
2013-05-23,25.91,26.02,25.28,25.63,58533056
2013-05-24,25.91,26.13,25.78,26.0,71769289
2013-05-25,25.58,25.7,24.95,25.67,68687609
2013-05-26,23.7,24.58,22.93,23.93,101151262
2013-05-27,22.85,23.65,22.73,23.41,127690090
2013-05-28,23.81,23.86,23.09,23.48,144254177
2013-05-29,23.57,23.62,23.39,23.53,106805413
2013-05-30,23.05,23.92,23.03,23.67,135248553
2013-05-31,23.35,24.4,23.18,24.05,139866205
2013-06-01,23.65,24.4,23.56,24.01,130205334
2013-06-02,22.62,24.1,22.25,23.09,156938661
2013-06-03,24.2,24.41,23.64,23.84,88946999
2013-06-04,23.25,23.86,22.97,23.15,76331461
2013-06-05,23.15,23.45,22.86,23.03,75585410
2013-06-06,23.45,23.74,23.24,23.66,125398318
2013-06-07,23.95,25.07,23.69,24.73,166605109
2013-06-08,24.81,25.22,24.78,24.97,103827580
2013-06-09,24.96,25.37,24.83,25.08,129867492
2013-06-10,23.71,24.06,23.2,23.7,128513557
2013-06-11,23.99,24.61,23.96,24.37,109135638
2013-06-12,23.0,23.76,22.36,23.41,131488267
2013-06-13,23.75,24.27,23.59,23.93,65288712
2013-06-14,24.41,24.58,23.61,24.02,58054518
2013-06-15,23.55,24.77,23.18,24.03,52648675
2013-06-16,23.26,23.36,23.15,23.18,164136454
2013-06-17,24.0,24.06,23.76,23.77,139703469
2013-06-18,25.1,25.28,23.08,24.08,128205952
2013-06-19,24.17,24.4,23.28,23.73,79286874
2013-06-20,23.12,23.48,22.9,23.47,142442665
2013-06-21,22.66,22.93,21.83,22.41,206523391
2013-06-22,22.79,22.91,22.49,22.73,75750811
2013-06-23,24.06,24.59,22.65,22.85,81611682
2013-06-24,23.05,24.09,22.05,22.91,72674987
2013-06-25,22.59,22.74,21.82,22.68,75693103
2013-06-26,22.06,23.12,21.99,22.62,91007826
2013-06-27,23.23,23.56,22.49,23.12,143544286
2013-06-28,23.35,23.47,23.25,23.39,86368696
2013-06-29,23.66,23.77,22.82,23.59,143088988
2013-06-30,23.74,24.5,22.98,23.6,101683079
2013-07-01,23.78,24.87,23.23,23.4,139352422
2013-07-02,23.09,23.17,22.34,22.94,115192487
2013-07-03,23.57,23.78,23.42,23.73,190158846
2013-07-04,23.79,24.21,23.62,23.95,114817614
2013-07-05,23.62,23.82,23.01,23.03,88444497
2013-07-06,22.85,23.02,22.59,22.64,116440525
2013-07-07,22.82,22.84,22.02,22.44,156211159
2013-07-08,21.29,23.35,20.12,22.03,70085615
2013-07-09,22.2,22.38,21.88,21.97,82286733
2013-07-10,20.79,21.5,20.71,21.11,192302011
2013-07-11,21.25,21.44,21.03,21.41,90918161
2013-07-12,21.78,22.49,21.1,21.52,70860646
2013-07-13,21.5,21.55,21.21,21.42,99171523
2013-07-14,22.05,22.16,21.47,22.08,192215246
2013-07-15,23.17,25.66,22.79,23.42,213465011
2013-07-16,24.31,24.4,23.94,24.14,130171668
2013-07-17,25.14,25.74,24.48,24.83,172641065
2013-07-18,25.97,26.67,24.46,25.44,114245670
2013-07-19,24.94,24.98,24.93,24.93,103504698
2013-07-20,24.28,25.4,24.04,25.26,74202158
2013-07-21,25.11,25.29,24.96,25.21,71038085
2013-07-22,25.88,26.06,25.8,26.02,179710136
2013-07-23,24.81,25.2,24.56,24.64,96676070
2013-07-24,24.06,24.18,24.01,24.11,126562092
2013-07-25,24.58,24.73,23.47,24.06,141500844
2013-07-26,23.62,23.96,23.07,23.4,160284481
2013-07-27,23.68,24.6,23.4,24.45,105644816
2013-07-28,23.28,24.5,23.11,23.83,153955256
2013-07-29,24.32,24.37,23.69,24.2,125309629
2013-07-30,24.54,24.62,23.97,23.97,154492999
2013-07-31,24.84,25.72,23.51,24.74,91295046
2013-08-01,24.64,25.49,24.09,24.68,73959030
2013-08-02,24.2,24.68,23.9,24.5,133738425
2013-08-03,25.27,25.8,24.49,24.85,91485169
2013-08-04,25.43,25.46,24.99,25.12,159186950
2013-08-05,25.52,27.06,24.8,25.8,75319816
2013-08-06,24.52,25.28,24.28,24.85,168462662
2013-08-07,24.81,24.86,24.29,24.46,78382395
2013-08-08,25.07,25.48,24.44,24.7,150565006
2013-08-09,25.78,25.91,25.21,25.88,206297303
2013-08-10,25.26,26.26,24.22,24.82,98591008
2013-08-11,24.82,25.5,24.52,24.76,116969089
2013-08-12,23.67,25.63,23.49,24.08,93630209
2013-08-13,22.98,23.85,22.69,23.67,117858177
2013-08-14,23.75,23.97,23.61,23.91,114243383
2013-08-15,24.07,24.54,23.44,24.12,133926937
2013-08-16,23.65,24.41,23.61,23.7,66375549
2013-08-17,23.74,24.0,23.63,23.89,88799896
2013-08-18,24.2,24.36,24.18,24.18,85293342
2013-08-19,25.66,26.97,25.35,25.96,145898687
2013-08-20,25.63,26.09,24.74,25.78,157808668
2013-08-21,25.98,26.18,25.23,25.61,72720334
2013-08-22,25.4,25.9,25.38,25.41,72231581
2013-08-23,25.28,25.64,25.19,25.56,137773484
2013-08-24,25.66,27.13,25.34,26.18,64301626
2013-08-25,24.81,26.04,24.32,25.86,141216051
2013-08-26,27.12,27.57,26.58,26.91,149740225
2013-08-27,26.47,26.66,25.55,26.07,80287598
2013-08-28,25.94,26.3,25.87,26.08,58644379
2013-08-29,25.46,25.53,24.56,25.41,89613156
2013-08-30,25.34,25.89,25.16,25.17,132788732
2013-08-31,25.3,25.36,24.49,24.92,74708139
2013-09-01,25.12,26.17,25.11,25.6,126375859
2013-09-02,25.89,26.02,25.28,25.3,104515998
2013-09-03,24.78,25.93,24.77,25.85,171095586
2013-09-04,26.01,27.49,25.64,27.07,92627035
2013-09-05,27.06,27.51,26.64,27.04,96250586
2013-09-06,28.35,28.47,27.73,28.12,176304976
2013-09-07,27.73,28.78,27.43,27.99,129149189
2013-09-08,28.48,28.86,27.82,28.56,105067447
2013-09-09,29.2,29.85,28.91,29.18,157628794
2013-09-10,29.78,29.97,27.44,28.82,137226518
2013-09-11,30.28,30.63,30.0,30.05,72461617
2013-09-12,31.03,31.23,30.75,31.02,177335655
2013-09-13,30.29,32.1,29.45,29.57,111073507
2013-09-14,30.76,31.59,30.73,31.45,202567262
2013-09-15,29.87,31.17,29.75,31.03,67823302
2013-09-16,31.75,32.54,30.47,31.02,141514304
2013-09-17,30.47,31.72,29.93,30.23,125403731
2013-09-18,30.07,30.16,29.59,29.86,133438847
2013-09-19,31.32,31.72,30.52,31.45,98488245
2013-09-20,31.45,31.46,31.05,31.16,71731466
2013-09-21,31.77,33.06,31.68,32.67,207370377
2013-09-22,32.06,32.69,31.93,32.33,90251828
2013-09-23,31.7,31.87,31.43,31.83,128193785
2013-09-24,32.11,33.83,31.87,33.68,191684960
2013-09-25,32.72,33.25,32.17,33.2,167620004
2013-09-26,32.81,34.19,32.33,32.75,108563374
2013-09-27,31.67,31.7,31.54,31.54,84989264
2013-09-28,31.13,31.73,30.46,31.46,77680646
2013-09-29,30.75,31.09,30.62,30.79,172109665
2013-09-30,31.47,32.18,31.35,31.47,102195557
2013-10-01,32.13,32.96,29.11,31.26,146665010
2013-10-02,32.54,33.04,31.7,32.65,136633873
2013-10-03,32.59,32.71,32.21,32.5,80611151
2013-10-04,29.88,32.17,29.81,31.89,97013648
2013-10-05,33.69,33.84,33.04,33.11,159070419
2013-10-06,32.13,32.69,29.71,31.42,206628996
2013-10-07,30.01,30.83,29.94,30.49,76668503
2013-10-08,30.05,30.25,30.0,30.11,94920893
2013-10-09,29.2,30.01,28.8,29.71,151290286
2013-10-10,29.47,30.38,28.96,30.15,69905642
2013-10-11,31.0,31.88,30.93,31.01,77919737
2013-10-12,30.38,31.85,28.98,30.83,76768184
2013-10-13,29.79,30.01,29.13,29.91,118933862
2013-10-14,31.41,31.63,28.92,30.75,91331099
2013-10-15,29.77,30.24,29.54,29.95,86613319
2013-10-16,28.63,29.3,27.95,29.08,171406419
2013-10-17,29.65,29.85,29.62,29.79,132713387
2013-10-18,29.61,29.7,29.24,29.55,103650193
2013-10-19,30.2,32.84,29.19,30.97,183384018
2013-10-20,31.41,31.71,29.75,30.2,104765348
2013-10-21,29.27,29.49,28.64,29.46,97677747
2013-10-22,30.09,30.46,29.42,29.43,124652762
2013-10-23,29.86,30.57,29.64,29.9,162845524
2013-10-24,30.92,31.3,30.72,30.72,99478132
2013-10-25,30.41,30.83,29.1,29.92,103845383
2013-10-26,30.16,31.26,29.29,29.79,85937245
2013-10-27,30.86,30.91,30.55,30.77,137682542
2013-10-28,31.23,31.59,31.08,31.2,58713897
2013-10-29,30.65,31.33,30.62,31.28,153385730
2013-10-30,30.76,30.95,30.72,30.85,62385431
2013-10-31,32.37,33.11,29.12,30.31,89492580
2013-11-01,30.34,30.54,29.96,30.0,112038566
2013-11-02,28.94,30.39,28.32,29.34,181646903
2013-11-03,28.98,29.74,28.13,28.46,75890976
2013-11-04,28.37,29.23,28.27,28.67,81709929
2013-11-05,27.71,27.98,27.52,27.86,161976423
2013-11-06,27.85,28.13,27.71,27.92,129477808
2013-11-07,27.24,27.69,27.08,27.52,90594226
2013-11-08,28.53,28.6,27.69,28.13,131234914
2013-11-09,29.03,29.65,28.39,28.71,147876448
2013-11-10,25.74,27.53,25.64,27.28,172784061
2013-11-11,27.25,27.28,27.11,27.23,100502500
2013-11-12,27.91,28.37,27.28,28.2,142065501
2013-11-13,28.22,28.37,28.07,28.28,111821442
2013-11-14,27.4,28.03,27.15,27.93,127839079
2013-11-15,27.41,27.98,27.03,27.91,55527620
2013-11-16,29.13,29.94,28.7,29.13,107982077
2013-11-17,28.73,29.91,27.4,28.69,113541420
2013-11-18,28.95,29.62,28.14,29.21,103029493
2013-11-19,29.19,29.25,28.67,28.88,64729079
2013-11-20,29.07,29.25,28.58,28.75,114432488
2013-11-21,28.88,29.04,28.02,28.65,91756492
2013-11-22,29.62,29.91,29.6,29.86,163058567
2013-11-23,29.58,30.16,28.11,28.93,126732749
2013-11-24,30.57,30.89,30.55,30.63,168628787
2013-11-25,30.08,31.66,29.99,31.15,135285315
2013-11-26,30.08,31.11,29.59,30.31,134195140
2013-11-27,30.86,31.52,28.99,30.01,151168715
2013-11-28,30.79,31.26,29.8,29.85,122746881
2013-11-29,28.85,29.71,28.15,29.13,156913339
2013-11-30,29.85,30.13,29.55,29.56,60668981
2013-12-01,29.21,29.83,28.89,29.72,112611582
2013-12-02,31.34,31.87,30.29,30.71,137874406
2013-12-03,31.03,31.61,30.0,30.5,157268406
2013-12-04,30.42,31.62,30.14,30.52,62338832
2013-12-05,30.74,30.98,30.48,30.7,104239107
2013-12-06,30.4,30.79,29.72,30.53,70131610
2013-12-07,31.64,31.7,28.89,31.15,174514140
2013-12-08,30.17,31.13,29.2,30.16,109646467
2013-12-09,29.86,29.91,29.66,29.73,127168233
2013-12-10,29.86,30.18,28.16,29.12,138134897
2013-12-11,29.08,29.64,28.26,28.85,121491532
2013-12-12,29.47,29.47,28.83,29.35,165286709
2013-12-13,29.28,30.32,28.84,29.55,149438584
2013-12-14,27.58,27.63,27.22,27.52,121002063
2013-12-15,26.04,27.72,26.02,27.16,165895260
2013-12-16,27.51,27.61,27.09,27.6,104649940
2013-12-17,27.76,27.83,26.0,27.48,76953562
2013-12-18,26.42,26.79,25.83,26.52,107346341
2013-12-19,27.8,27.98,26.85,27.42,139666741
2013-12-20,27.22,27.78,27.04,27.33,140191876
2013-12-21,26.74,27.25,26.68,26.86,166812894
2013-12-22,28.58,29.46,27.65,27.87,155798532
2013-12-23,27.76,28.47,27.45,27.69,85399788
2013-12-24,28.65,29.03,28.49,28.74,151071203
2013-12-25,28.51,28.58,27.81,28.13,179519164
2013-12-26,29.49,30.19,29.14,29.21,150106331
2013-12-27,29.16,29.53,28.7,29.17,136729037
2013-12-28,29.39,29.65,28.72,29.61,150204029
2013-12-29,30.55,30.57,30.54,30.57,89051999
2013-12-30,29.41,29.78,28.52,29.26,170975127
2013-12-31,28.94,29.23,28.92,28.93,109208684
2014-01-01,30.31,30.87,29.4,30.73,165603420
2014-01-02,30.32,30.62,30.28,30.33,129460218
2014-01-03,30.99,31.36,30.41,30.94,111305192
2014-01-04,30.99,31.25,30.73,30.9,61328768
2014-01-05,30.15,30.65,29.76,29.99,135649056
2014-01-06,29.89,29.92,29.46,29.53,84775865
2014-01-07,27.53,28.01,27.42,27.79,152571253
2014-01-08,29.53,29.97,29.05,29.11,154939900
2014-01-09,29.79,30.31,29.76,29.94,104509498
2014-01-10,29.98,30.82,29.85,30.51,103240705
2014-01-11,29.84,30.42,28.81,29.66,177194233
2014-01-12,27.8,28.25,27.39,27.88,126729033
2014-01-13,28.4,28.57,27.1,27.84,131305830
2014-01-14,28.12,28.41,27.21,27.63,79684614
2014-01-15,27.63,28.47,27.09,27.9,98613045
2014-01-16,28.26,28.36,28.03,28.15,96857008
2014-01-17,27.7,27.79,26.52,27.3,178711783
2014-01-18,27.63,27.66,26.95,27.52,120118382
2014-01-19,27.74,27.97,25.38,26.46,186422357
2014-01-20,26.72,28.09,26.44,26.62,101905259
2014-01-21,26.08,26.45,25.62,26.0,64989618
2014-01-22,26.16,26.65,26.02,26.45,154236498
2014-01-23,26.8,27.5,26.52,27.37,150500573
2014-01-24,27.25,27.31,27.13,27.18,140277343
2014-01-25,28.63,29.24,27.75,28.04,104798641
2014-01-26,27.07,28.0,26.82,27.46,157447606
2014-01-27,28.18,28.83,28.08,28.17,156057798
2014-01-28,30.69,30.73,28.19,29.36,124954504
2014-01-29,29.82,30.56,29.62,29.66,87965168
2014-01-30,30.76,30.99,30.58,30.75,94189419
2014-01-31,30.58,30.7,30.44,30.55,117944735
2014-02-01,30.9,31.71,30.19,30.62,120390945
2014-02-02,31.04,31.4,30.75,31.0,93981057
2014-02-03,30.94,31.07,29.9,30.56,64621846
2014-02-04,29.73,30.23,29.67,30.11,169910624
2014-02-05,32.53,33.35,30.6,31.02,72579042
2014-02-06,31.87,32.09,31.56,31.88,86039219
2014-02-07,32.91,33.21,31.16,32.67,78730099
2014-02-08,33.59,35.15,32.97,33.47,98296019
2014-02-09,34.52,35.3,32.91,33.61,91989320
2014-02-10,33.99,34.69,33.85,34.26,116781343
2014-02-11,33.21,34.47,33.09,33.8,157779397
2014-02-12,33.57,34.54,33.19,34.24,103535516
2014-02-13,35.33,35.35,35.24,35.29,161718696
2014-02-14,35.51,36.64,35.45,36.34,168395117
2014-02-15,36.34,37.14,35.86,36.64,134771866
2014-02-16,39.32,39.35,37.75,38.33,183688555
2014-02-17,38.32,38.43,38.04,38.43,57116287
2014-02-18,38.63,39.18,38.58,39.13,84397133
2014-02-19,37.65,37.67,37.44,37.58,150079187
2014-02-20,39.25,40.87,38.82,39.16,101064483
2014-02-21,36.49,39.51,35.81,37.77,143700550
2014-02-22,39.48,40.27,38.34,38.79,171024834
2014-02-23,38.81,39.48,37.46,39.44,168598339
2014-02-24,41.79,41.98,41.76,41.85,81517940
2014-02-25,43.81,43.95,43.35,43.41,154399858
2014-02-26,42.0,44.54,41.19,43.57,152805169
2014-02-27,42.86,43.89,42.79,42.94,131100209
2014-02-28,42.15,44.37,39.7,44.31,175119716
2014-03-01,46.02,46.15,44.96,45.12,115732296
2014-03-02,46.15,46.43,43.32,43.86,162530889
2014-03-03,44.42,44.57,44.32,44.52,136208277
2014-03-04,43.67,45.09,43.17,44.12,157238411
2014-03-05,42.76,43.58,42.55,42.92,113263635
2014-03-06,44.29,45.47,44.03,45.26,139722095
2014-03-07,44.27,44.51,41.56,43.26,146553358
2014-03-08,44.95,45.78,44.9,45.26,76698550
2014-03-09,47.22,47.99,47.01,47.24,136102294
2014-03-10,48.48,49.74,46.05,48.68,72054154
2014-03-11,50.29,50.44,49.19,50.28,187426194
2014-03-12,49.82,50.47,49.01,49.21,142157517
2014-03-13,49.49,52.52,49.35,49.87,159771965
2014-03-14,51.42,51.43,51.1,51.11,177722287
2014-03-15,50.14,50.2,48.93,49.96,67711956
2014-03-16,50.48,51.38,50.39,51.1,69642732
2014-03-17,51.72,52.36,51.49,52.35,139214336
2014-03-18,53.04,55.35,52.97,54.44,108511523
2014-03-19,55.93,57.26,53.82,55.24,72148705
2014-03-20,53.76,55.41,53.65,54.88,142465092
2014-03-21,54.87,55.7,52.15,53.4,66849766
2014-03-22,54.28,55.75,53.93,54.29,77153138
2014-03-23,52.63,53.61,52.22,52.85,70087278
2014-03-24,53.23,54.37,52.88,53.03,137899383
2014-03-25,55.18,55.19,53.44,54.16,112788583
2014-03-26,56.19,56.46,52.47,54.25,128461362
2014-03-27,53.54,53.82,53.36,53.8,148695584
2014-03-28,53.62,53.76,53.59,53.69,78180966
2014-03-29,54.52,54.68,54.46,54.5,61527592
2014-03-30,53.32,54.5,52.03,53.64,84053456
2014-03-31,54.07,54.69,52.55,54.09,59235409
2014-04-01,53.68,53.82,53.6,53.6,151845735
2014-04-02,57.03,57.92,54.53,55.43,127590980
2014-04-03,53.65,55.35,53.02,53.89,179251029
2014-04-04,54.75,54.92,53.45,53.71,85979605
2014-04-05,57.55,57.66,52.87,54.48,157530096
2014-04-06,55.64,57.09,55.57,56.94,131333627
2014-04-07,54.43,55.39,53.67,54.51,163488848
2014-04-08,53.62,55.05,53.34,54.61,149413952
2014-04-09,57.22,57.29,54.6,55.77,84852411
2014-04-10,55.34,56.43,53.88,55.83,98758549
2014-04-11,55.58,56.13,54.37,54.93,173244386
2014-04-12,55.26,56.51,54.01,56.06,120385907
2014-04-13,55.54,58.17,54.1,55.53,106975680
2014-04-14,54.52,56.43,52.95,56.07,123891203
2014-04-15,54.71,55.23,54.61,55.06,166781121
2014-04-16,52.7,54.41,52.03,53.31,67966630
2014-04-17,54.22,54.42,52.79,53.26,77668356
2014-04-18,52.56,53.0,51.9,51.94,80486379
2014-04-19,54.25,55.11,53.35,54.34,84968204
2014-04-20,54.75,54.94,54.72,54.74,156180937
2014-04-21,56.5,59.82,56.24,57.2,185291665
2014-04-22,58.58,59.05,57.71,58.05,70656280
2014-04-23,62.54,63.73,58.6,58.97,170060817
2014-04-24,59.15,61.7,56.31,58.77,115133413
2014-04-25,57.68,60.41,56.27,59.23,160728865
2014-04-26,59.36,60.08,58.53,59.99,101344947
2014-04-27,65.2,65.74,63.56,64.46,233951787
2014-04-28,61.51,63.19,61.46,62.14,74588565
2014-04-29,60.63,63.01,60.59,62.74,90580603
2014-04-30,62.88,63.71,61.29,61.63,140861073
2014-05-01,59.38,60.25,58.55,59.19,209122196
2014-05-02,59.92,60.24,59.36,59.48,140204443
2014-05-03,60.18,61.68,59.47,59.68,106504243
2014-05-04,59.84,61.57,58.12,59.73,132833462
2014-05-05,60.43,61.19,59.08,60.58,91954498
2014-05-06,61.42,62.62,59.48,60.64,54292324
2014-05-07,60.96,61.07,59.88,60.94,123395854
2014-05-08,60.9,61.82,58.1,60.21,124638789
2014-05-09,59.9,60.51,57.7,60.41,73053329
2014-05-10,62.45,62.71,62.44,62.52,144812194
2014-05-11,64.47,66.74,64.19,64.7,109703816
2014-05-12,64.55,65.38,63.26,64.36,53239031
2014-05-13,61.79,61.99,61.77,61.77,85383799
2014-05-14,61.22,61.37,60.0,61.24,85808693
2014-05-15,59.59,61.02,58.37,60.08,85363147
2014-05-16,57.95,59.96,57.9,59.26,98838427
2014-05-17,59.21,59.36,58.75,58.96,145235945
2014-05-18,58.71,61.27,58.61,61.26,174219375
2014-05-19,64.82,67.76,61.76,63.87,104114293
2014-05-20,61.32,61.82,61.16,61.46,151146982
2014-05-21,60.14,61.07,57.74,59.14,105553462
2014-05-22,61.41,61.65,59.27,59.7,159928387
2014-05-23,58.31,59.32,58.24,58.88,99958644
2014-05-24,60.88,61.21,60.17,60.27,62373123
2014-05-25,56.92,59.04,56.29,58.73,162025164
2014-05-26,58.8,59.27,57.47,58.62,123074962
2014-05-27,60.89,60.98,59.87,60.85,87673957
2014-05-28,63.88,64.16,61.79,62.24,144700397
2014-05-29,62.8,63.63,62.24,63.15,153541753
2014-05-30,64.53,65.16,63.69,64.98,86430997
2014-05-31,66.54,67.1,66.46,66.72,76439806
2014-06-01,66.19,67.42,65.73,66.81,62054964
2014-06-02,70.71,70.97,66.21,68.09,116529446
2014-06-03,67.87,70.5,67.57,68.84,149129417
2014-06-04,70.33,72.21,69.39,70.65,182413558
2014-06-05,70.31,79.31,70.25,73.04,136679842
2014-06-06,73.56,73.95,73.22,73.57,53672852
2014-06-07,71.1,71.67,68.62,71.4,126464908
2014-06-08,71.28,72.69,70.08,72.3,148462308
2014-06-09,73.51,73.78,72.15,72.64,124147518
2014-06-10,70.59,71.54,69.23,69.87,77337910
2014-06-11,68.54,70.18,68.17,68.7,137419303
2014-06-12,66.27,66.45,65.4,66.12,71234827
2014-06-13,64.65,65.58,63.07,64.0,80480925
2014-06-14,65.46,67.06,63.98,64.16,90823084
2014-06-15,67.17,67.7,65.43,65.78,167435213
2014-06-16,65.59,66.32,64.45,66.25,75910958
2014-06-17,68.05,68.95,66.71,68.8,125856030
2014-06-18,66.73,68.02,65.03,66.44,154412482
2014-06-19,62.52,69.52,60.88,67.25,90633583
2014-06-20,69.53,70.9,65.39,67.23,66696122
2014-06-21,69.24,70.17,68.69,68.99,162623211
2014-06-22,68.06,68.46,67.53,68.07,80527249
2014-06-23,68.9,70.81,66.93,68.54,58227974
2014-06-24,70.84,71.78,70.01,70.57,184554631
2014-06-25,69.23,70.37,69.09,69.86,134645306
2014-06-26,68.31,68.47,66.28,66.83,214097595
2014-06-27,67.8,68.98,66.73,67.89,145995817
2014-06-28,68.75,69.09,68.3,68.33,136396856
2014-06-29,68.67,71.33,67.5,71.08,113584553
2014-06-30,69.63,73.46,65.9,69.28,150568824
2014-07-01,66.05,67.43,65.13,67.11,138901824
2014-07-02,67.53,67.8,64.75,66.47,75664843
2014-07-03,69.2,69.29,68.4,68.43,69536417
2014-07-04,65.85,67.65,65.38,66.91,161676764
2014-07-05,66.39,67.8,65.18,65.61,110683427
2014-07-06,67.21,67.49,65.7,66.88,136337762
2014-07-07,67.64,69.76,65.96,67.06,64230817
2014-07-08,66.77,68.31,64.87,66.21,133879782
2014-07-09,68.22,68.76,68.06,68.67,159952798
2014-07-10,69.06,69.58,64.11,67.11,109148039
2014-07-11,67.26,67.44,64.63,67.23,79314604
2014-07-12,67.83,68.17,66.51,67.76,65828202
2014-07-13,66.84,67.43,65.9,67.1,67482307
2014-07-14,66.99,68.8,66.81,66.99,127976409
2014-07-15,68.78,69.03,68.47,68.61,138554714
2014-07-16,72.83,73.2,71.1,72.15,123678246
2014-07-17,73.43,73.72,73.32,73.39,115813854
2014-07-18,71.2,73.9,69.58,69.98,136273416
2014-07-19,67.44,69.44,66.99,68.92,151290172
2014-07-20,67.61,68.45,66.38,68.13,130797410
2014-07-21,67.83,69.62,67.27,68.51,71036540
2014-07-22,66.84,67.19,66.66,67.17,135480260
2014-07-23,66.82,67.42,66.54,67.06,116106484
2014-07-24,63.6,64.1,62.56,63.21,173794812
2014-07-25,63.56,64.5,63.44,64.05,83187354
2014-07-26,61.8,63.58,60.68,61.63,157117951
2014-07-27,66.12,66.52,61.93,62.71,66454626
2014-07-28,64.74,65.77,62.58,64.52,115732629
2014-07-29,61.19,61.53,61.04,61.2,219429439
2014-07-30,60.61,61.22,59.93,60.34,69827588
2014-07-31,63.18,64.7,63.17,64.65,144995589
2014-08-01,64.06,64.89,61.47,63.78,76589823
2014-08-02,66.98,68.12,66.18,66.51,168872062
2014-08-03,65.56,67.21,65.22,66.16,61323120
2014-08-04,63.46,66.12,63.4,63.93,110227882
2014-08-05,62.59,63.42,62.19,62.8,166311675
2014-08-06,62.92,63.98,61.47,63.2,60262855
2014-08-07,63.56,63.85,62.01,62.08,65188461
2014-08-08,62.04,62.42,59.67,60.65,86154731
2014-08-09,60.86,61.86,59.63,61.57,67267930
2014-08-10,61.57,61.86,60.87,61.34,117989722
2014-08-11,68.83,69.24,63.73,65.06,189527178
2014-08-12,67.46,68.17,67.22,67.69,172929080
2014-08-13,67.47,68.06,65.5,66.37,94079023
2014-08-14,66.09,67.93,65.89,66.04,75779776
2014-08-15,66.16,67.2,66.07,66.2,53878182
2014-08-16,66.44,66.62,65.78,65.86,54947142
2014-08-17,67.13,68.4,66.08,66.35,160250292
2014-08-18,67.16,67.45,65.58,66.93,157801656
2014-08-19,68.96,70.12,63.57,66.01,73743588
2014-08-20,65.64,67.2,65.57,65.76,96358453
2014-08-21,66.96,68.22,62.87,65.15,109751233
2014-08-22,63.18,65.05,62.7,64.62,147320057
2014-08-23,66.02,66.38,64.57,65.7,64976529
2014-08-24,63.81,64.16,59.91,63.76,184823698
2014-08-25,62.96,64.43,60.76,63.33,81823196
2014-08-26,63.99,64.53,61.79,63.91,161568898
2014-08-27,61.43,62.74,61.19,61.61,96103876
2014-08-28,62.17,64.84,61.75,63.37,136767772
2014-08-29,64.48,65.44,64.3,64.74,124425821
2014-08-30,67.24,67.26,65.04,67.22,107061717
2014-08-31,69.27,69.33,68.77,69.16,153007740
2014-09-01,72.22,73.57,71.74,72.19,172802693
2014-09-02,75.58,75.68,73.14,73.98,112817523
2014-09-03,73.22,73.32,72.72,72.77,92557378
2014-09-04,72.5,72.72,69.1,71.86,150505864
2014-09-05,73.03,73.73,72.12,72.78,143473493
2014-09-06,70.08,73.58,69.1,72.28,82227091
2014-09-07,73.86,75.7,71.52,74.31,108068425
2014-09-08,77.21,77.82,75.4,77.06,78475006
2014-09-09,72.49,76.38,72.25,75.61,128941068
2014-09-10,79.85,79.96,76.05,78.46,159677223
2014-09-11,80.65,83.28,80.14,81.18,133587681
2014-09-12,79.43,80.55,78.97,80.42,155697408
2014-09-13,85.13,85.61,84.51,84.82,85107342
2014-09-14,84.5,87.82,81.2,84.36,153746410
2014-09-15,81.46,83.44,81.46,82.67,108497976
2014-09-16,84.92,84.94,84.74,84.76,171002148
2014-09-17,84.31,86.72,82.71,83.17,140415975
2014-09-18,82.78,85.29,79.55,85.21,133680466
2014-09-19,88.83,90.02,87.41,89.04,162597385
2014-09-20,87.06,91.46,85.56,88.79,92233079
2014-09-21,84.17,86.56,79.65,84.87,175760647
2014-09-22,88.48,88.97,88.28,88.68,131038094
2014-09-23,90.85,96.59,88.95,90.05,161440057
2014-09-24,88.78,94.3,87.97,89.87,78389404
2014-09-25,94.27,94.88,93.04,93.51,199319111
2014-09-26,92.38,97.18,90.33,94.55,81149081
2014-09-27,97.14,97.94,93.7,94.7,87802591
2014-09-28,95.36,97.42,88.99,94.24,120943936
2014-09-29,98.11,99.09,96.56,97.47,76159117
2014-09-30,95.88,98.91,95.85,98.36,141540106
2014-10-01,96.0,100.51,94.79,100.32,114372132
2014-10-02,97.26,98.79,94.75,96.2,75102462
2014-10-03,97.58,101.97,96.49,96.55,87882532
2014-10-04,97.54,100.88,96.91,97.06,68518108
2014-10-05,95.49,96.38,95.12,95.66,113307223
2014-10-06,95.84,98.52,94.79,96.06,89193858
2014-10-07,94.79,98.17,94.26,96.03,126258472
2014-10-08,94.35,94.5,91.22,92.18,142424532
2014-10-09,91.14,91.91,89.75,91.18,95027635
2014-10-10,91.17,93.3,88.92,91.25,91780827
2014-10-11,91.36,92.0,91.14,91.51,121145541
2014-10-12,94.7,96.62,93.11,93.62,76154047
2014-10-13,98.28,100.11,97.15,98.5,183992158
2014-10-14,92.29,96.35,90.11,94.55,109849267
2014-10-15,93.82,93.86,93.19,93.72,137118513
2014-10-16,96.45,98.09,90.47,95.58,88861597
2014-10-17,92.85,100.01,91.93,94.21,91883327
2014-10-18,96.11,96.84,95.41,96.18,149301243
2014-10-19,93.61,93.98,92.89,93.4,77883011
2014-10-20,95.92,101.2,89.02,94.53,61826960
2014-10-21,92.82,93.2,92.62,92.88,111805348
2014-10-22,98.82,99.34,93.02,94.46,98083990
2014-10-23,100.5,102.74,95.42,96.97,164362442
2014-10-24,92.2,93.13,91.46,92.96,209592223
2014-10-25,95.89,103.93,95.68,98.71,162791462
2014-10-26,102.89,105.96,99.31,100.82,148628243
2014-10-27,95.77,99.59,92.76,99.12,95845103
2014-10-28,100.38,100.65,96.75,98.84,95606459
2014-10-29,95.73,98.54,92.8,98.17,68625183
2014-10-30,104.36,104.83,103.61,103.61,127839793
2014-10-31,103.49,105.57,103.36,104.64,88993110
2014-11-01,100.75,109.04,99.71,106.28,117838206
2014-11-02,110.17,114.49,107.87,109.84,89323460
2014-11-03,115.52,119.13,113.68,116.16,115020765
2014-11-04,116.95,117.53,116.19,116.72,116685759
2014-11-05,118.68,119.58,118.66,119.21,122025567
2014-11-06,120.03,123.3,117.8,119.36,100436621
2014-11-07,122.39,126.62,122.2,123.4,179717741
2014-11-08,125.04,125.41,124.48,125.32,160588825
2014-11-09,127.62,127.88,127.08,127.4,64855132
2014-11-10,125.97,137.22,125.07,129.68,73865847
2014-11-11,132.17,137.38,123.41,131.01,102823259
2014-11-12,140.86,141.27,137.91,139.52,197643655
2014-11-13,142.77,144.12,136.61,140.41,76107356
2014-11-14,142.04,145.05,141.67,144.51,116581655
2014-11-15,145.55,146.26,145.14,145.17,109651172
2014-11-16,142.52,145.24,140.68,143.05,165123044
2014-11-17,139.41,142.81,138.43,142.65,115870236
2014-11-18,139.54,153.5,139.28,143.92,87300302
2014-11-19,147.3,152.27,144.5,145.12,100419083
2014-11-20,152.81,154.15,148.83,149.26,113515122
2014-11-21,141.46,142.82,140.18,141.0,164370590
2014-11-22,143.56,145.13,132.67,142.47,157131665
2014-11-23,142.12,146.28,141.79,144.31,136691073
2014-11-24,139.4,141.89,138.55,140.62,158385565
2014-11-25,141.03,142.08,138.62,140.68,79554212
2014-11-26,139.09,143.56,138.02,142.09,70372193
2014-11-27,144.46,150.92,142.96,149.01,215036876
2014-11-28,154.03,155.23,151.63,152.76,112126882
2014-11-29,149.12,152.59,147.99,150.15,68690774
2014-11-30,145.85,148.25,145.47,146.41,134973283
2014-12-01,146.35,147.01,141.92,146.58,81244895
2014-12-02,140.42,141.01,140.14,140.44,133003475
2014-12-03,144.55,146.28,136.99,138.95,126021359
2014-12-04,145.64,152.97,142.42,151.11,200487761
2014-12-05,154.39,155.95,152.13,153.7,156205508
2014-12-06,164.58,173.17,160.91,161.65,166918791
2014-12-07,159.51,164.0,153.1,162.75,113034561
2014-12-08,167.39,170.25,164.67,169.12,136453295
2014-12-09,166.38,168.79,164.79,167.28,127964808
2014-12-10,172.62,173.84,167.13,169.46,130752896
2014-12-11,160.78,167.36,157.84,166.24,96483310
2014-12-12,163.4,165.59,162.18,164.59,112352895
2014-12-13,160.8,170.79,158.37,163.63,143750481
2014-12-14,165.71,168.96,159.96,163.25,119385767
2014-12-15,168.31,170.69,168.11,168.27,154570475
2014-12-16,160.68,168.57,156.38,164.84,126133939
2014-12-17,169.38,173.37,167.21,169.02,104359821
2014-12-18,165.91,169.86,165.25,168.6,74242724
2014-12-19,162.67,174.81,162.22,169.83,63024482
2014-12-20,169.64,174.44,169.0,173.29,175931331
2014-12-21,170.99,175.39,169.13,172.18,56828192
2014-12-22,179.19,179.3,169.11,173.97,112704858
2014-12-23,170.81,176.95,164.26,174.04,67977972
2014-12-24,180.81,183.28,179.9,180.43,187208624
2014-12-25,191.55,194.18,190.5,190.65,95632367
2014-12-26,182.16,182.36,173.37,180.41,175699761
2014-12-27,172.78,177.5,171.62,174.44,136549569
2014-12-28,178.78,180.43,177.08,179.32,100988689
2014-12-29,184.95,185.31,184.18,185.02,153848634
2014-12-30,180.92,184.4,179.3,182.01,81618461
2014-12-31,189.18,193.32,183.7,187.98,184450037
2015-01-01,181.86,186.35,176.12,185.3,158319568
2015-01-02,180.45,181.82,177.89,181.41,151067664
2015-01-03,192.46,194.32,172.42,184.35,134049205
2015-01-04,187.05,188.29,185.21,187.66,77860154
2015-01-05,188.0,190.61,184.57,186.76,72438788
2015-01-06,195.04,195.36,177.44,184.46,110078095
2015-01-07,189.83,194.3,187.58,190.83,88874890
2015-01-08,197.61,198.83,189.91,198.27,119804081
2015-01-09,194.59,199.83,192.4,194.55,140709806
2015-01-10,198.84,199.23,194.95,197.23,108781861
2015-01-11,205.16,208.12,193.8,198.09,70288692
2015-01-12,186.72,187.92,184.63,187.67,224201207
2015-01-13,191.95,192.43,187.21,187.95,151849058
2015-01-14,197.87,199.49,197.1,197.7,189397006
2015-01-15,197.89,203.1,197.63,202.01,124714335
2015-01-16,209.31,211.59,207.07,209.18,138922273
2015-01-17,206.57,212.24,204.65,209.43,141590739
2015-01-18,208.81,214.89,208.36,210.2,92144642
2015-01-19,214.92,226.81,209.36,211.14,145226793
2015-01-20,197.35,211.87,197.29,202.66,196546622
2015-01-21,208.09,211.35,208.07,210.97,122491589
2015-01-22,206.46,211.13,204.04,204.25,189439244
2015-01-23,207.5,212.81,205.88,209.19,152822329
2015-01-24,216.48,219.4,205.64,206.11,114114671
2015-01-25,212.74,216.37,205.22,208.66,60184605
2015-01-26,219.12,222.08,214.69,219.48,176521664
2015-01-27,230.35,230.38,224.33,227.6,161186586
2015-01-28,211.91,218.43,205.52,217.78,184502121
2015-01-29,217.01,224.78,215.47,223.54,118080344
2015-01-30,232.49,234.69,228.6,231.18,68965770
2015-01-31,221.54,224.54,204.0,217.37,227508682
2015-02-01,216.58,218.42,215.77,217.03,137426198
2015-02-02,215.07,219.12,195.9,214.58,70938900
2015-02-03,214.03,214.32,207.72,212.73,79341092
2015-02-04,230.73,231.72,226.74,226.82,123494723
2015-02-05,233.24,237.99,228.84,232.32,183779154
2015-02-06,240.54,242.33,233.41,237.14,141239830
2015-02-07,239.82,243.1,228.66,234.98,130212493
2015-02-08,233.94,247.8,232.07,241.79,103542928
2015-02-09,237.75,239.44,237.37,238.46,159509888
2015-02-10,241.09,249.49,237.52,239.48,154747856
2015-02-11,245.29,246.23,245.21,245.77,121263243
2015-02-12,256.08,286.17,255.96,258.63,102619115
2015-02-13,254.72,275.1,246.7,264.26,90549574
2015-02-14,254.03,262.76,253.54,260.1,71270645
2015-02-15,246.67,264.5,246.1,263.66,68364973
2015-02-16,265.31,267.96,264.95,266.47,159672671
2015-02-17,262.85,263.04,259.31,259.41,166564946
2015-02-18,272.37,273.27,261.95,267.65,111979263
2015-02-19,270.61,271.83,269.48,269.52,157048260
2015-02-20,264.81,267.37,253.72,259.5,156842007
2015-02-21,272.72,273.96,255.18,266.76,95579825
2015-02-22,267.53,269.74,267.01,269.13,69219546
2015-02-23,272.93,273.8,266.12,269.44,74892760
2015-02-24,274.86,279.39,269.81,270.55,133147993
2015-02-25,274.85,275.11,270.3,271.17,91366102
2015-02-26,274.19,281.54,270.77,276.94,176492057
2015-02-27,281.82,284.53,276.71,277.06,54782517
2015-02-28,303.03,303.79,283.11,287.57,109018046
2015-03-01,274.4,287.02,273.72,286.83,137643468
2015-03-02,273.72,284.37,268.13,281.86,166558246
2015-03-03,298.97,301.35,291.0,294.79,206332472
2015-03-04,321.5,322.92,298.02,303.91,158792789
2015-03-05,311.16,315.48,294.22,309.41,152814518
2015-03-06,315.36,317.92,314.38,315.67,70937939
2015-03-07,309.1,314.23,304.68,306.56,73694489
2015-03-08,309.84,313.54,306.94,309.13,58892662
2015-03-09,302.31,313.64,300.76,312.53,62670813
2015-03-10,296.86,324.14,294.52,314.49,131240879
2015-03-11,312.73,333.5,301.31,313.94,121290670
2015-03-12,310.05,322.14,304.89,315.7,141993037
2015-03-13,322.83,323.93,316.63,320.51,70418191
2015-03-14,325.58,330.69,310.81,317.17,138180045
2015-03-15,319.17,323.29,316.3,318.11,125320854
2015-03-16,322.71,324.98,299.01,314.76,81208762
2015-03-17,315.02,317.15,311.33,312.98,131913432
2015-03-18,313.86,333.34,308.05,318.48,93337582
2015-03-19,328.82,339.53,324.5,327.1,145429945
2015-03-20,317.57,333.31,313.06,319.53,176506557
2015-03-21,308.47,314.29,307.6,313.51,94605394
2015-03-22,303.57,309.7,301.18,309.5,165724258
2015-03-23,306.34,311.03,306.31,307.41,78181167
2015-03-24,304.55,307.53,296.57,302.03,144128397
2015-03-25,294.74,300.69,291.76,296.76,123847365
2015-03-26,288.37,290.48,278.55,289.29,178693336
2015-03-27,295.44,299.12,283.18,294.7,86033158
2015-03-28,286.36,288.93,284.39,286.62,129219764
2015-03-29,267.46,276.26,264.1,273.47,167112295
2015-03-30,280.41,286.08,271.81,274.79,128088725
2015-03-31,272.01,278.82,270.75,276.0,124885825
2015-04-01,271.9,272.87,267.64,272.57,157704479
2015-04-02,257.89,268.57,255.34,265.4,189771061
2015-04-03,264.68,268.74,262.22,267.29,96861630
2015-04-04,260.71,264.58,253.16,263.01,106530884
2015-04-05,257.81,260.84,254.5,258.48,110072562
2015-04-06,259.66,264.74,243.07,264.64,119803796
2015-04-07,248.81,273.71,246.32,254.67,83168717
2015-04-08,249.04,254.0,248.12,253.55,109480146
2015-04-09,246.42,253.97,245.88,245.97,73929762
2015-04-10,247.97,255.52,233.36,252.21,133984545
2015-04-11,256.62,256.77,254.51,254.79,86746377
2015-04-12,254.93,254.95,250.46,254.94,107795890
2015-04-13,261.89,262.32,254.04,262.24,154046586
2015-04-14,262.35,264.11,255.99,259.78,158403529
2015-04-15,259.61,260.62,257.85,258.25,103564191
2015-04-16,258.76,259.91,252.72,257.1,116184164
2015-04-17,247.79,249.19,241.57,248.12,78730001
2015-04-18,241.46,243.69,227.67,235.88,165126986
2015-04-19,246.56,250.31,231.76,243.04,181888641
2015-04-20,249.43,251.9,244.96,246.64,153501753
2015-04-21,252.37,255.95,248.95,251.46,132784692
2015-04-22,261.19,264.97,257.11,259.67,137574114
2015-04-23,239.16,259.97,238.17,257.31,114831356
2015-04-24,269.64,269.93,267.46,269.89,202096105
2015-04-25,280.86,283.31,274.94,277.27,88256785
2015-04-26,274.25,283.92,268.21,276.65,58223327
2015-04-27,275.63,287.06,266.3,274.65,106934329
2015-04-28,276.21,276.21,266.15,271.28,87143327
2015-04-29,264.79,274.76,248.27,252.24,163988757
2015-04-30,251.39,255.1,245.56,251.99,140678517
2015-05-01,279.9,280.32,266.29,270.29,211784032
2015-05-02,266.66,271.42,261.51,269.75,54579404
2015-05-03,274.76,279.54,268.72,269.42,151234328
2015-05-04,269.56,283.32,264.68,271.39,68031532
2015-05-05,267.0,268.09,262.07,266.38,79904380
2015-05-06,258.53,264.07,257.35,257.7,98286257
2015-05-07,259.18,260.45,256.59,259.2,59441756
2015-05-08,234.48,248.37,230.92,246.58,76063044
2015-05-09,249.96,250.4,245.29,246.04,131594213
2015-05-10,256.41,257.95,244.49,247.52,135401054
2015-05-11,235.67,247.06,233.67,241.64,82258010
2015-05-12,240.94,249.53,240.11,243.14,72498441
2015-05-13,242.51,245.09,237.1,243.45,105917192
2015-05-14,235.7,240.81,234.96,240.57,155669124
2015-05-15,240.11,243.14,222.38,234.6,110396782
2015-05-16,246.54,249.12,241.22,243.13,110419174
2015-05-17,237.86,239.17,237.61,238.11,148550132
2015-05-18,254.31,254.31,242.56,245.06,83908582
2015-05-19,249.99,252.95,248.34,251.07,64113376
2015-05-20,243.98,252.42,239.64,243.64,84789358
2015-05-21,244.8,246.37,240.78,245.5,151059724
2015-05-22,235.41,247.13,233.89,239.92,115402453
2015-05-23,248.16,258.35,241.61,246.92,179093513
2015-05-24,248.49,253.24,247.52,249.17,125505887
2015-05-25,248.01,261.71,247.84,249.7,142556027
2015-05-26,261.5,267.72,261.04,266.52,191003286
2015-05-27,263.16,264.07,260.53,262.81,78252854
2015-05-28,260.91,264.07,259.31,261.89,122475583
2015-05-29,250.85,251.56,250.48,251.23,107008892
2015-05-30,238.36,249.76,233.82,240.4,215169923
2015-05-31,248.39,252.97,231.0,247.87,183599221
2015-06-01,248.9,250.7,247.27,249.83,97914160
2015-06-02,254.08,257.73,246.46,251.55,147364299
2015-06-03,260.86,262.05,247.18,252.82,144578751
2015-06-04,248.96,255.28,247.89,253.11,89009369
2015-06-05,253.68,254.7,247.33,250.05,161879699
2015-06-06,256.35,265.86,252.68,252.77,152838217
2015-06-07,256.38,263.79,252.76,257.71,93380573
2015-06-08,262.66,265.52,259.84,260.02,131267026
2015-06-09,235.41,258.93,234.11,252.77,78048738
2015-06-10,269.01,278.2,255.68,259.3,147679589
2015-06-11,267.17,272.34,262.87,267.14,112454130
2015-06-12,262.78,266.24,262.26,263.32,153424218
2015-06-13,267.44,267.52,263.92,265.14,157400533
2015-06-14,275.69,286.73,266.26,268.76,124765485
2015-06-15,269.87,274.31,265.33,265.69,160154414
2015-06-16,262.76,268.31,259.76,261.06,138204238
2015-06-17,260.65,261.85,260.18,260.49,99259723
2015-06-18,248.21,252.24,244.09,250.38,148508441
2015-06-19,246.17,255.48,244.18,249.8,130443374
2015-06-20,236.55,249.15,235.7,241.82,70772461
2015-06-21,259.24,261.07,246.34,250.44,162732500
2015-06-22,238.9,245.1,237.75,244.21,156972321
2015-06-23,228.53,235.38,227.5,233.9,203968318
2015-06-24,222.48,248.98,219.86,236.55,91205642
2015-06-25,236.19,244.72,235.68,237.36,143266631
2015-06-26,233.21,235.25,229.36,231.55,148649946
2015-06-27,224.99,246.58,220.49,232.25,103808598
2015-06-28,238.5,242.96,226.2,231.28,112068531
2015-06-29,226.69,228.9,223.96,226.57,71891186
2015-06-30,223.07,225.9,215.31,216.63,178669341
2015-07-01,217.15,220.42,205.97,215.97,114179932
2015-07-02,208.2,209.69,207.41,209.55,80486777
2015-07-03,214.74,217.7,201.3,210.9,98055331
2015-07-04,214.1,214.37,213.96,214.27,139238647
2015-07-05,201.96,216.88,200.01,214.25,66094423
2015-07-06,207.75,211.52,205.82,210.58,98189323
2015-07-07,208.18,211.37,207.73,210.51,51960079
2015-07-08,203.07,209.69,185.2,206.71,152868064
2015-07-09,209.14,211.89,203.43,210.25,157809835
2015-07-10,212.99,220.34,212.54,215.46,124213847
2015-07-11,214.48,216.99,208.21,216.57,126506084
2015-07-12,220.58,224.19,220.32,220.67,136497679
2015-07-13,221.17,224.38,213.57,215.85,160496528
2015-07-14,212.77,219.54,202.11,207.66,173531278
2015-07-15,204.88,213.2,195.04,204.04,108039234
2015-07-16,205.77,205.83,205.56,205.67,137516537
2015-07-17,208.77,210.83,203.53,206.69,144140205
2015-07-18,219.72,220.34,216.0,220.33,189375890
2015-07-19,231.7,244.0,230.09,233.14,84510903
2015-07-20,241.95,246.68,237.58,239.21,77686509
2015-07-21,234.06,236.19,233.13,235.06,173864130
2015-07-22,232.47,233.28,231.44,232.08,152913692
2015-07-23,224.3,233.03,223.62,224.56,177040009
2015-07-24,220.29,222.1,216.98,220.97,90083800
2015-07-25,212.08,216.45,211.82,214.41,144985822
2015-07-26,224.19,225.43,214.61,220.26,182148739
2015-07-27,215.8,232.31,214.24,219.83,97374323
2015-07-28,219.65,226.43,207.77,216.07,103527764
2015-07-29,212.89,218.7,211.99,213.18,117946468
2015-07-30,213.61,222.87,212.36,212.84,139244607
2015-07-31,218.7,223.28,215.24,217.05,91867159
2015-08-01,199.71,210.16,197.48,208.83,191447730
2015-08-02,201.69,201.94,201.33,201.93,148727771
2015-08-03,199.78,202.66,190.56,199.32,146419604
2015-08-04,195.78,196.33,191.73,195.54,172403097
2015-08-05,183.14,190.32,182.06,185.16,152021085
2015-08-06,184.04,184.55,180.3,184.03,65609059
2015-08-07,187.88,188.1,183.28,184.58,110548589
2015-08-08,178.69,187.23,171.88,177.0,105156420
2015-08-09,184.17,184.8,174.23,183.85,156937162
2015-08-10,178.55,185.16,178.5,181.53,130395604
2015-08-11,187.69,192.16,186.52,188.64,124747714
2015-08-12,189.95,192.45,187.95,189.92,59782204
2015-08-13,188.47,193.19,187.48,192.48,109503169
2015-08-14,186.23,190.86,174.82,180.31,101651642
2015-08-15,189.89,190.67,189.5,190.21,193131237
2015-08-16,199.29,199.9,197.24,198.17,155690926
2015-08-17,203.09,204.39,199.39,199.87,106599655
2015-08-18,204.19,204.72,196.46,198.89,144521668
2015-08-19,209.51,209.73,195.87,203.09,101020287
2015-08-20,200.37,201.35,196.97,200.11,84465902
2015-08-21,202.27,203.49,194.24,197.72,108392270
2015-08-22,207.75,209.12,206.14,207.19,102364912
2015-08-23,213.82,214.65,210.34,211.44,157163414
2015-08-24,210.64,210.74,203.19,208.81,122828547
2015-08-25,215.33,216.11,213.68,213.93,122285998
2015-08-26,208.06,214.4,203.63,208.33,83832860
2015-08-27,213.76,216.34,212.74,215.91,109638661
2015-08-28,214.83,226.3,207.14,218.3,127171688
2015-08-29,212.16,221.05,212.03,220.27,57915642
2015-08-30,213.53,214.27,203.79,210.86,183810335
2015-08-31,212.13,227.24,209.61,217.42,155967105
2015-09-01,210.83,214.78,207.76,209.37,127776765
2015-09-02,207.45,209.24,205.87,207.92,76337226
2015-09-03,211.99,212.48,200.61,204.41,62790113
2015-09-04,202.93,203.29,190.4,202.15,123301332
2015-09-05,207.58,208.72,203.43,204.54,61377127
2015-09-06,203.88,206.65,203.08,203.76,54286670
2015-09-07,200.35,202.09,191.34,201.61,126301821
2015-09-08,212.76,213.69,207.24,208.76,129077927
2015-09-09,209.43,214.26,209.33,210.6,134310648
2015-09-10,222.28,226.15,204.77,210.18,118844020
2015-09-11,220.44,225.67,199.08,221.79,162286367
2015-09-12,223.51,228.57,218.93,221.37,59442325
2015-09-13,209.14,214.03,207.25,213.15,93793686
2015-09-14,206.3,213.17,205.22,212.32,78746428
2015-09-15,215.37,225.19,215.12,216.32,116179849
2015-09-16,218.17,218.22,215.48,217.16,58115044
2015-09-17,215.23,220.71,211.65,218.56,132723073
2015-09-18,216.66,218.84,212.42,215.24,120985938
2015-09-19,214.73,219.41,210.71,215.39,99055421
2015-09-20,214.14,222.43,210.55,216.96,99605541
2015-09-21,230.3,232.15,229.19,229.22,101512134
2015-09-22,225.74,228.82,218.49,225.81,138597005
2015-09-23,225.48,228.03,222.66,227.4,147277500
2015-09-24,234.1,238.24,233.48,236.93,155390908
2015-09-25,232.86,240.33,231.23,236.18,117902819
2015-09-26,231.66,236.99,230.27,235.04,90419056
2015-09-27,232.03,243.8,227.98,236.92,116810657
2015-09-28,232.31,233.07,223.91,228.14,147406435
2015-09-29,225.59,231.42,220.31,224.86,58360155
2015-09-30,206.46,220.75,206.3,218.07,160392149
2015-10-01,217.55,218.85,212.78,214.22,117365968
2015-10-02,208.03,208.42,203.86,204.25,217146310
2015-10-03,193.18,198.26,191.3,197.15,152665592
2015-10-04,202.0,210.9,196.41,204.44,83056153
2015-10-05,208.63,211.44,207.07,207.27,107211557
2015-10-06,219.57,221.88,205.54,212.17,159930789
2015-10-07,212.09,218.8,211.71,215.45,143404220
2015-10-08,212.05,220.46,210.35,214.18,111140497
2015-10-09,221.59,230.27,216.35,216.56,69185705
2015-10-10,201.63,203.34,199.65,201.32,96296935
2015-10-11,205.62,206.57,197.23,204.45,172802898
2015-10-12,209.46,212.57,205.13,210.2,162086981
2015-10-13,205.03,211.36,203.32,206.24,102427311
2015-10-14,201.8,204.93,197.98,203.47,90844184
2015-10-15,203.96,213.48,203.71,209.6,142691924
2015-10-16,200.64,202.45,200.33,201.1,208100293
2015-10-17,200.74,203.77,196.55,200.46,87285099
2015-10-18,202.67,202.69,196.15,201.72,96382749
2015-10-19,198.48,203.03,196.4,200.99,115941498
2015-10-20,190.05,198.76,187.1,194.43,81719505
2015-10-21,188.05,194.96,187.02,192.85,153486430
2015-10-22,186.48,189.48,185.33,187.55,66897083
2015-10-23,188.06,192.27,181.44,187.15,53281299
2015-10-24,183.44,192.22,181.96,188.33,116270001
2015-10-25,189.3,190.79,185.1,186.91,88232362
2015-10-26,188.99,189.07,184.55,185.81,105354828
2015-10-27,182.25,183.88,179.58,182.39,118207830
2015-10-28,189.68,192.29,189.17,190.99,128548068
2015-10-29,188.35,192.6,182.03,190.31,97534660
2015-10-30,197.38,199.63,182.7,193.15,146747059
2015-10-31,200.01,204.28,195.14,196.07,109032191
2015-11-01,193.88,194.26,188.11,193.57,92659851
2015-11-02,193.9,201.98,190.81,191.32,131198062
2015-11-03,190.29,191.1,187.85,191.05,59504082
2015-11-04,199.8,200.67,193.15,196.87,81144651
2015-11-05,190.58,192.92,187.87,192.18,143822804
2015-11-06,201.71,209.42,198.94,200.23,164570117
2015-11-07,195.78,197.2,189.39,197.02,127370331
2015-11-08,200.23,201.13,194.35,198.73,55478307
2015-11-09,196.6,198.83,195.98,196.58,59168307
2015-11-10,184.33,191.32,183.96,187.78,107601524
2015-11-11,195.16,195.5,188.99,191.79,165957068
2015-11-12,193.7,194.73,188.35,189.11,95957302
2015-11-13,196.43,197.03,190.02,194.79,146951064
2015-11-14,202.63,204.64,198.76,198.95,88141012
2015-11-15,196.73,205.87,196.18,200.03,55843195
2015-11-16,199.0,201.46,197.74,199.77,151399805
2015-11-17,196.76,201.15,195.81,198.15,130604022
2015-11-18,186.38,194.08,184.33,191.76,193727163
2015-11-19,191.55,191.91,185.57,187.37,89623751
2015-11-20,185.01,186.77,183.83,186.66,55190678
2015-11-21,194.71,197.73,183.79,184.84,132325577
2015-11-22,191.23,191.65,183.82,189.23,93015150
2015-11-23,191.68,203.42,189.47,194.74,141323436
2015-11-24,193.38,195.83,183.47,189.82,122801810
2015-11-25,188.37,193.55,179.84,191.59,96458007
2015-11-26,188.14,190.69,182.7,190.42,97314034
2015-11-27,183.29,188.36,183.29,186.13,126431462
2015-11-28,184.32,186.08,182.47,183.39,102230278
2015-11-29,182.94,194.53,181.3,186.16,124255450
2015-11-30,188.0,192.05,172.36,184.97,108710026
2015-12-01,179.57,184.5,178.6,178.8,164908096
2015-12-02,180.47,183.12,178.12,179.14,120474893
2015-12-03,179.19,181.07,175.14,176.94,65928675
2015-12-04,182.63,182.99,173.48,181.47,95981448
2015-12-05,180.21,189.85,176.17,183.24,96292230
2015-12-06,184.52,184.79,180.12,182.66,127465406
2015-12-07,188.09,192.14,185.25,186.47,82370657
2015-12-08,184.99,190.22,181.87,184.45,91867822
2015-12-09,188.86,192.75,180.97,184.05,136745395
2015-12-10,194.72,202.76,192.05,195.24,177948123
2015-12-11,195.52,197.47,190.83,195.44,134429498
2015-12-12,201.89,203.8,194.39,196.6,136265172
2015-12-13,197.71,204.04,192.66,196.67,126473994
2015-12-14,192.68,194.19,189.7,193.75,162562032
2015-12-15,196.13,196.51,194.55,195.86,57857928
2015-12-16,192.72,201.63,192.48,194.89,68871847
2015-12-17,189.46,207.27,189.19,192.04,60662230
2015-12-18,180.11,189.9,179.94,189.25,139895513
2015-12-19,188.67,189.21,185.6,189.18,144112563
2015-12-20,186.53,191.3,185.02,185.58,118415589
2015-12-21,179.22,184.85,178.02,181.68,111742702
2015-12-22,181.81,182.05,181.33,181.48,119915380
2015-12-23,183.18,185.81,180.0,182.96,81313461
2015-12-24,177.98,180.58,169.27,176.24,173039644
2015-12-25,182.76,187.76,179.84,180.65,171914074
2015-12-26,177.53,182.25,177.37,179.88,57914864
2015-12-27,185.27,186.54,179.77,181.24,94486939
2015-12-28,187.79,188.23,182.08,183.59,91586769
2015-12-29,170.37,184.2,170.08,176.84,159166566
2015-12-30,169.76,174.5,166.7,173.37,108884972
2015-12-31,174.69,175.71,165.31,166.11,112134472
2016-01-01,161.27,167.88,159.13,160.73,186350779
2016-01-02,167.52,167.81,165.36,166.24,83466851
2016-01-03,164.65,167.24,161.16,166.9,124225183
2016-01-04,167.62,171.44,162.61,165.42,119343283
2016-01-05,168.13,169.0,162.95,165.27,139657433
2016-01-06,158.37,168.37,157.9,167.19,144399451
2016-01-07,174.5,178.46,172.08,174.15,166391983
2016-01-08,179.29,186.14,178.4,178.63,164511456
2016-01-09,186.24,187.41,182.51,182.74,96173296
2016-01-10,185.27,188.27,178.31,180.22,139170670
2016-01-11,169.74,173.6,167.97,173.05,72927985
2016-01-12,173.81,176.87,173.58,176.54,97714267
2016-01-13,175.86,176.27,174.58,176.01,113846867
2016-01-14,179.39,193.39,170.96,180.17,64549423
2016-01-15,175.07,175.63,174.12,175.02,109468588
2016-01-16,165.13,168.73,163.96,164.51,188382297
2016-01-17,168.56,168.71,167.66,168.05,140990534
2016-01-18,158.85,164.77,152.91,164.15,103023780
2016-01-19,164.45,169.92,164.25,164.99,107358025
2016-01-20,166.31,168.43,164.98,165.51,102945334
2016-01-21,162.71,164.6,162.42,162.7,104808554
2016-01-22,151.86,164.79,150.12,157.05,92030767
2016-01-23,160.99,161.59,155.12,157.09,53022023
2016-01-24,164.2,169.29,155.43,160.06,152220161
2016-01-25,163.52,166.64,157.43,160.78,113777779
2016-01-26,154.74,156.04,152.93,155.55,163520468
2016-01-27,151.27,151.42,145.8,149.51,172602539
2016-01-28,150.18,150.66,146.42,148.47,58378938
2016-01-29,145.82,149.31,142.07,147.26,148330671
2016-01-30,144.71,146.14,144.54,145.86,149220556
2016-01-31,149.66,153.81,146.41,149.52,146542288
2016-02-01,154.38,158.03,153.04,156.53,94896783
2016-02-02,155.47,161.27,154.19,157.43,139253999
2016-02-03,165.01,166.66,163.27,165.44,126509132
2016-02-04,165.75,169.27,162.99,164.41,54937430
2016-02-05,166.17,167.25,161.59,164.56,145085253
2016-02-06,161.01,165.84,159.64,164.96,112706818
2016-02-07,168.09,169.97,163.43,165.37,152396483
2016-02-08,162.16,167.59,158.45,162.94,118367597
2016-02-09,172.86,174.56,170.53,173.48,180821665
2016-02-10,175.14,175.24,170.87,172.64,80112755
2016-02-11,167.49,170.59,163.71,168.65,91361247
2016-02-12,172.82,174.02,170.19,171.06,133506177
2016-02-13,164.08,166.17,158.72,162.98,175243627
2016-02-14,158.46,159.29,152.19,157.12,77795187
2016-02-15,153.42,156.49,153.09,155.56,134655405
2016-02-16,150.09,153.21,143.5,152.07,182637185
2016-02-17,143.94,144.06,143.13,143.92,91948324
2016-02-18,142.06,145.12,140.64,144.47,77421744
2016-02-19,144.35,145.66,142.9,145.59,128136569
2016-02-20,144.63,146.53,141.97,143.12,146182664
2016-02-21,145.31,146.46,144.74,144.84,151111699
2016-02-22,147.14,147.19,145.82,146.21,71416009
2016-02-23,147.8,148.09,145.19,146.43,140309501
2016-02-24,141.31,149.1,138.66,142.87,168266380
2016-02-25,137.5,141.78,135.65,136.6,119096872
2016-02-26,139.47,142.14,137.69,140.8,160859091
2016-02-27,141.07,147.29,140.22,142.8,70269043
2016-02-28,139.77,146.49,134.72,140.06,92322890
2016-02-29,139.26,139.29,137.42,137.43,83420766
2016-03-01,139.61,140.62,138.49,139.76,152571184
2016-03-02,143.5,151.03,140.44,147.38,105439287
2016-03-03,149.59,150.86,148.32,150.49,106822370
2016-03-04,146.33,149.2,140.4,148.37,57166707
2016-03-05,153.77,156.61,152.63,153.39,69670992
2016-03-06,157.1,157.43,154.1,155.81,82207972
2016-03-07,150.84,160.4,145.0,157.12,72678512
2016-03-08,151.86,151.89,151.4,151.65,158700565
2016-03-09,150.48,152.54,149.48,150.57,151162445
2016-03-10,153.06,154.73,150.8,152.94,115523547
2016-03-11,155.62,157.93,154.57,155.99,90196118
2016-03-12,150.93,156.34,150.19,153.8,159033060
2016-03-13,152.09,155.81,152.06,154.93,128603873
2016-03-14,149.81,156.14,149.52,153.38,97225237
2016-03-15,153.69,154.66,149.5,153.64,122746666
2016-03-16,151.7,152.72,147.51,151.64,167182227
2016-03-17,147.39,155.93,143.17,150.13,89146424
2016-03-18,145.41,149.47,142.11,145.88,187718271
2016-03-19,150.06,150.56,147.61,149.73,141087350
2016-03-20,147.07,149.68,145.89,146.44,162773922
2016-03-21,144.69,146.49,144.44,145.9,155515296
2016-03-22,146.75,146.77,144.43,145.65,66798135
2016-03-23,142.49,145.51,142.36,145.2,83577094
2016-03-24,144.74,146.49,142.03,145.54,69027114
2016-03-25,138.69,141.74,138.41,141.43,94778693
2016-03-26,145.12,145.66,141.33,144.09,65848356
2016-03-27,146.48,146.95,144.66,146.35,97352416
2016-03-28,142.96,148.59,139.51,146.67,61831886
2016-03-29,155.58,160.14,153.4,154.79,154086144
2016-03-30,152.22,154.25,150.47,151.44,91229756
2016-03-31,156.59,159.33,145.79,149.69,123066246
2016-04-01,147.4,148.55,146.5,148.38,138249729
2016-04-02,138.79,142.02,138.33,141.14,168240515
2016-04-03,141.62,144.81,141.28,142.21,100144442
2016-04-04,142.25,145.14,141.34,141.78,141017050
2016-04-05,140.9,141.2,140.45,140.8,157498082
2016-04-06,143.26,143.52,141.93,143.4,110508643
2016-04-07,140.16,140.64,140.14,140.59,141200029
2016-04-08,139.15,140.98,136.7,138.65,58992362
2016-04-09,145.29,151.62,145.0,145.99,123621221
2016-04-10,148.01,148.29,140.09,144.05,122749114
2016-04-11,141.14,146.05,134.35,138.28,104078716
2016-04-12,138.59,139.34,136.07,138.25,132957440
2016-04-13,135.94,136.84,135.0,136.07,82662782
2016-04-14,141.73,147.33,138.22,139.37,164691615
2016-04-15,135.67,136.36,134.85,135.68,87759135
2016-04-16,143.54,144.14,142.2,142.97,131267339
2016-04-17,148.69,149.75,145.7,145.78,135908500
2016-04-18,147.56,147.66,140.9,145.53,71922343
2016-04-19,147.49,150.11,141.92,148.52,120037991
2016-04-20,138.84,140.48,136.91,140.48,230229311
2016-04-21,137.12,138.02,135.66,137.64,115476873
2016-04-22,143.2,144.44,139.65,142.46,120976669
2016-04-23,145.5,149.12,145.3,148.21,179051006
2016-04-24,146.26,149.23,145.52,148.24,78872319
2016-04-25,160.56,164.36,145.58,149.93,56391967
2016-04-26,145.9,147.91,145.05,146.64,105121769
2016-04-27,144.1,146.5,144.05,144.07,170741421
2016-04-28,144.79,148.09,143.54,143.81,130233865
2016-04-29,140.21,149.66,135.62,142.33,153707661
2016-04-30,144.06,144.29,141.69,143.49,133622994
2016-05-01,150.18,151.08,148.78,149.96,158410183
2016-05-02,150.84,154.67,147.15,149.55,141502254
2016-05-03,149.32,149.45,140.62,146.57,80020466
2016-05-04,150.99,153.12,143.35,150.83,123475707
2016-05-05,155.57,157.84,155.48,155.67,182200212
2016-05-06,155.67,155.8,152.86,154.37,137661006
2016-05-07,155.12,166.96,155.07,156.72,169960553
2016-05-08,165.49,168.41,161.78,163.42,87499613
2016-05-09,160.44,162.78,159.06,161.47,126062090
2016-05-10,165.26,166.59,158.23,158.61,120025638
2016-05-11,156.44,157.04,155.99,156.72,89125724
2016-05-12,150.3,151.58,146.23,149.53,157754897
2016-05-13,146.9,148.6,145.54,148.26,117808890
2016-05-14,142.69,143.08,139.29,141.64,173276646
2016-05-15,139.5,140.46,138.96,140.0,86228723
2016-05-16,139.54,144.19,137.15,140.02,73733722
2016-05-17,134.79,136.66,133.86,136.34,83168577
2016-05-18,138.72,140.34,137.48,139.88,159976729
2016-05-19,145.54,147.16,143.6,146.38,115304066
2016-05-20,146.73,147.19,141.85,145.0,126970331
2016-05-21,155.05,156.2,149.89,151.08,147265894
2016-05-22,148.83,154.02,147.67,150.26,155373229
2016-05-23,151.17,151.74,149.91,150.97,72565592
2016-05-24,147.58,148.5,141.47,144.97,207133864
2016-05-25,140.22,146.77,139.29,142.38,147621421
2016-05-26,145.58,148.88,134.75,140.88,161730516
2016-05-27,133.8,137.96,130.33,133.99,140791641
2016-05-28,141.03,141.18,140.52,140.53,119566316
2016-05-29,137.92,138.75,136.64,138.07,60733735
2016-05-30,131.2,131.46,130.86,131.17,99562799
2016-05-31,132.06,137.79,130.12,130.78,132264966
2016-06-01,127.85,132.11,126.8,129.72,152052805
2016-06-02,131.14,133.35,119.63,130.93,147606652
2016-06-03,128.6,130.21,124.59,129.52,159722726
2016-06-04,130.79,136.44,127.52,133.15,173662176
2016-06-05,132.24,134.49,130.04,130.32,69622457
2016-06-06,132.45,134.43,131.6,133.22,121217331
2016-06-07,132.82,133.95,127.6,133.43,134319132
2016-06-08,130.5,132.28,127.85,131.91,107197073
2016-06-09,133.34,133.48,131.67,132.42,104681180
2016-06-10,126.6,129.16,126.33,126.66,124776877
2016-06-11,124.7,127.09,121.42,125.16,95573896
2016-06-12,124.97,126.44,124.47,125.17,62767919
2016-06-13,121.05,121.45,115.66,118.33,129785492
2016-06-14,115.38,118.09,114.68,118.01,151839655
2016-06-15,122.76,126.58,115.38,121.76,195392760
2016-06-16,121.39,122.19,118.58,119.72,109444464
2016-06-17,116.39,117.44,115.84,116.03,108408440
2016-06-18,112.41,118.45,111.8,114.97,142102239
2016-06-19,115.85,118.59,112.31,114.33,79190798
2016-06-20,115.2,115.42,114.0,114.41,68419212
2016-06-21,113.84,119.41,112.62,115.57,56963813
2016-06-22,118.35,122.68,112.65,117.95,136306217
2016-06-23,118.02,122.7,117.22,118.31,74076386
2016-06-24,111.14,117.53,109.68,114.09,186281454
2016-06-25,114.79,116.31,114.58,116.19,160485448
2016-06-26,112.29,113.81,111.8,112.67,80645252
2016-06-27,107.61,110.12,106.16,109.08,177304814
2016-06-28,108.33,108.69,106.77,107.0,174987241
2016-06-29,106.0,108.26,105.78,106.29,85587089
2016-06-30,101.81,106.28,100.89,101.62,113681386
2016-07-01,98.31,98.43,96.41,98.28,169566526
2016-07-02,101.4,105.34,92.0,96.49,133684009
2016-07-03,100.83,100.99,99.88,100.44,92006615
2016-07-04,99.13,100.37,96.24,98.49,174586623
2016-07-05,95.9,95.96,95.09,95.78,119188901
2016-07-06,97.86,97.95,96.73,97.77,150696337
2016-07-07,95.55,98.62,94.2,97.4,132286142
2016-07-08,97.32,97.44,95.6,96.55,103133182
2016-07-09,98.62,100.83,97.42,99.41,72039672
2016-07-10,103.89,104.77,102.83,103.31,88653093
2016-07-11,104.84,105.89,100.89,102.2,106226034
2016-07-12,102.0,105.09,100.85,103.48,136707617
2016-07-13,102.15,103.01,98.07,101.05,154009989
2016-07-14,102.94,104.01,100.82,103.08,60822056
2016-07-15,104.6,105.01,102.39,104.09,145077347
2016-07-16,104.2,106.97,102.73,103.07,154384605
2016-07-17,97.46,106.52,96.44,101.95,86757297
2016-07-18,104.12,106.81,102.77,106.02,207491429
2016-07-19,106.29,108.06,106.28,106.73,94921362
2016-07-20,109.18,110.09,108.42,108.78,169152172
2016-07-21,110.56,112.14,109.63,111.18,113596660
2016-07-22,107.21,109.58,102.42,102.93,230570435
2016-07-23,99.41,103.83,98.58,101.78,73236423
2016-07-24,102.48,103.11,102.25,103.0,83963596
2016-07-25,103.36,104.86,100.85,103.15,149785546
2016-07-26,101.28,101.76,101.01,101.26,64895895
2016-07-27,104.55,107.06,102.77,106.15,192087920
2016-07-28,105.83,106.06,98.36,105.53,126299035
2016-07-29,104.84,105.29,103.08,103.53,82201556
2016-07-30,104.37,104.48,101.92,103.36,91030584
2016-07-31,98.72,102.33,93.39,99.69,132908093
2016-08-01,95.5,96.04,94.42,95.63,193617724
2016-08-02,91.94,96.94,91.61,95.58,96165307
2016-08-03,95.21,95.24,94.07,94.36,100496981
2016-08-04,90.54,95.01,89.27,93.53,106568042
2016-08-05,91.96,95.67,88.86,93.23,92246241
2016-08-06,94.15,94.24,93.5,93.73,127219001
2016-08-07,94.55,94.75,88.38,91.15,181082130
2016-08-08,94.09,96.72,93.81,95.69,144385477
2016-08-09,96.35,97.94,95.99,97.41,166084106
2016-08-10,95.5,97.75,94.6,96.94,60287656
2016-08-11,94.09,94.26,92.09,93.53,139238620
2016-08-12,92.67,97.55,92.54,96.1,181335668
2016-08-13,94.92,97.2,91.77,93.94,116911657
2016-08-14,95.69,96.06,94.41,95.14,125294024
2016-08-15,93.45,94.15,92.28,92.33,90779483
2016-08-16,93.83,94.83,89.41,90.74,155623464
2016-08-17,91.56,92.88,89.23,90.45,103976148
2016-08-18,86.91,89.58,83.44,87.15,200493257
2016-08-19,90.31,90.57,86.74,87.06,130997300
2016-08-20,87.24,87.92,87.15,87.77,128049548
2016-08-21,90.58,92.59,87.83,89.07,156596854
2016-08-22,87.45,90.17,87.09,88.16,98049310
2016-08-23,89.23,90.09,88.86,89.77,176297874
2016-08-24,93.03,94.15,90.83,92.63,144936562
2016-08-25,98.42,103.03,89.5,92.79,81994273
2016-08-26,91.45,92.65,88.48,91.83,120415193
2016-08-27,87.92,97.85,87.1,94.31,99027370
2016-08-28,97.66,99.32,94.59,96.12,134220922
2016-08-29,101.77,101.83,99.73,100.08,81542281
2016-08-30,105.0,105.13,98.22,98.31,65399775
2016-08-31,100.67,102.91,97.21,102.67,170589302
2016-09-01,100.52,104.33,95.26,100.13,180661956
2016-09-02,101.39,102.27,96.82,98.29,128868153
2016-09-03,101.83,102.17,98.6,99.19,91756815
2016-09-04,96.53,98.44,96.48,98.3,116574100
2016-09-05,97.04,100.21,92.9,98.2,116291978
2016-09-06,92.67,96.96,91.8,95.94,153878636
2016-09-07,93.01,93.18,91.59,92.07,173427817
2016-09-08,98.0,98.3,95.44,96.85,181635402
2016-09-09,99.46,102.02,98.58,99.6,178988428
2016-09-10,99.88,100.19,96.95,99.43,103242729
2016-09-11,96.1,100.44,93.85,99.82,122858403
2016-09-12,97.15,99.56,94.14,98.28,110171397
2016-09-13,102.01,108.25,99.96,101.49,75173899
2016-09-14,100.66,102.64,96.1,100.77,80490186
2016-09-15,100.24,107.13,95.45,98.61,166265941
2016-09-16,99.04,101.07,97.54,98.67,105291795
2016-09-17,99.91,100.98,98.1,99.38,123416834
2016-09-18,98.0,100.71,96.76,97.17,95533090
2016-09-19,92.35,97.55,91.43,93.42,193527302
2016-09-20,91.27,91.58,90.81,91.37,140868625
2016-09-21,94.59,96.88,92.32,95.16,96991052
2016-09-22,95.21,98.07,94.87,96.11,101671921
2016-09-23,96.93,99.89,95.0,97.94,171066819
2016-09-24,98.19,98.21,97.85,97.96,96024676
2016-09-25,99.09,99.96,98.36,99.03,127624873
2016-09-26,95.76,99.9,95.72,98.79,107390955
2016-09-27,99.64,102.25,95.7,99.73,57329736
2016-09-28,101.33,102.15,97.35,101.32,86036951
2016-09-29,99.16,99.59,98.53,99.28,133177851
2016-09-30,95.8,96.21,92.96,95.01,97925946
2016-10-01,93.49,93.57,92.33,92.93,130007933
2016-10-02,92.11,92.53,91.11,91.6,165205905
2016-10-03,92.08,92.29,88.67,90.24,64608582
2016-10-04,89.21,90.75,85.99,90.05,114871943
2016-10-05,91.7,93.43,89.97,89.98,77245350
2016-10-06,88.88,91.05,85.28,90.44,117057302
2016-10-07,91.06,91.96,89.05,91.74,102988524
2016-10-08,94.49,94.85,93.59,93.85,151930419
2016-10-09,86.21,93.74,85.97,90.13,133193653
2016-10-10,90.01,91.73,88.9,89.37,161326973
2016-10-11,89.54,91.14,89.14,89.87,82570677
2016-10-12,89.34,89.58,88.88,89.03,61305468
2016-10-13,89.02,93.71,87.6,90.14,56294637
2016-10-14,94.17,94.75,93.4,94.44,148125113
2016-10-15,96.28,96.29,93.36,95.6,117011902
2016-10-16,93.88,95.17,93.62,93.81,158127462
2016-10-17,93.68,97.14,93.16,93.64,141508764
2016-10-18,97.92,98.67,97.75,98.19,176901111
2016-10-19,96.81,101.96,96.4,100.2,105923394
2016-10-20,103.67,103.81,102.66,102.8,128902005
2016-10-21,105.52,105.57,105.08,105.42,155054844
2016-10-22,107.56,107.75,104.26,104.42,119329627
2016-10-23,106.45,106.94,105.89,106.68,89409164
2016-10-24,104.97,105.2,104.16,104.89,146584242
2016-10-25,103.76,109.4,100.56,106.43,157371321
2016-10-26,114.09,115.49,111.3,114.53,128687581
2016-10-27,112.0,113.03,111.28,111.81,152800521
2016-10-28,108.0,109.31,105.69,108.51,95787938
2016-10-29,111.06,113.7,108.27,110.04,72431643
2016-10-30,108.81,110.0,107.84,108.94,69221381
2016-10-31,101.57,112.25,100.74,109.01,69078127
2016-11-01,107.2,109.35,107.09,109.03,96067438
2016-11-02,105.62,105.69,102.36,105.47,185015556
2016-11-03,108.43,110.22,106.21,107.16,111082216
2016-11-04,103.05,103.1,102.46,102.93,173313350
2016-11-05,102.89,104.43,101.22,101.52,153902126
2016-11-06,97.27,99.82,95.21,98.56,102713082
2016-11-07,99.21,100.79,96.47,97.48,142689236
2016-11-08,97.19,97.23,92.94,95.58,93662894
2016-11-09,96.85,98.74,96.1,96.55,81118225
2016-11-10,93.68,95.0,92.44,93.02,168044026
2016-11-11,93.53,94.61,88.73,92.43,54861910
2016-11-12,94.9,95.09,94.13,94.67,116726960
2016-11-13,98.24,99.97,96.07,99.15,145681175
2016-11-14,100.73,101.39,99.62,99.75,118251031
2016-11-15,97.82,100.9,97.15,100.38,94513266
2016-11-16,101.9,103.91,99.26,100.85,86772844
2016-11-17,99.34,100.94,98.83,100.77,52740958
2016-11-18,103.01,104.93,98.65,101.99,149204117
2016-11-19,102.88,103.54,101.59,101.88,65221653
2016-11-20,100.29,103.13,99.85,103.07,139570385
2016-11-21,100.47,105.71,99.89,103.82,58873853
2016-11-22,101.94,102.07,99.64,102.06,123073404
2016-11-23,108.78,109.01,103.95,107.38,205004394
2016-11-24,102.87,106.66,100.99,104.21,168527390
2016-11-25,105.52,106.13,101.76,105.55,89027754
2016-11-26,103.9,107.01,102.9,105.02,77394608
2016-11-27,105.27,106.62,98.87,104.73,132081474
2016-11-28,101.34,104.17,100.43,101.57,172558137
2016-11-29,98.01,102.8,96.27,99.39,171615399
2016-11-30,101.79,102.8,100.21,102.3,84806233
2016-12-01,102.11,102.67,100.78,102.59,152625801
2016-12-02,102.22,102.26,100.28,101.47,59958944
2016-12-03,99.45,99.69,99.15,99.47,127962254
2016-12-04,97.53,97.61,94.79,95.47,125706652
2016-12-05,95.16,96.42,95.1,95.13,130616256
2016-12-06,101.68,102.31,98.93,99.19,211395655
2016-12-07,97.89,101.45,92.69,97.81,111148309
2016-12-08,97.14,98.61,95.67,97.01,75733447
2016-12-09,97.94,100.42,97.22,98.41,111727512
2016-12-10,99.12,99.85,94.41,95.0,182508508
2016-12-11,88.13,91.03,87.32,88.71,155548277
2016-12-12,88.87,90.76,88.35,89.87,63211714
2016-12-13,92.27,92.98,91.2,91.76,137778608
2016-12-14,90.95,91.17,89.64,90.46,72435776
2016-12-15,91.86,92.87,89.08,91.29,109407654
2016-12-16,87.75,89.8,85.35,87.94,87141851
2016-12-17,85.8,86.9,85.34,85.9,152542735
2016-12-18,90.24,91.53,89.68,90.59,224433384
2016-12-19,87.62,87.96,84.08,85.11,201627119
2016-12-20,87.74,88.99,87.0,87.27,93686216
2016-12-21,87.2,89.19,85.77,88.97,132105621
2016-12-22,93.64,96.96,89.79,90.84,66943647
2016-12-23,93.58,95.42,93.31,94.24,96192974
2016-12-24,101.94,104.66,100.06,100.45,158866638
2016-12-25,97.36,98.24,97.17,98.24,183068362
2016-12-26,99.04,100.65,98.31,99.26,78927269
2016-12-27,96.24,96.26,95.56,95.71,153788817
2016-12-28,92.36,94.91,89.72,91.47,208137163
2016-12-29,90.83,92.55,90.31,91.53,54291109
2016-12-30,90.64,92.19,89.69,91.84,110155267
2016-12-31,91.38,97.43,89.84,91.69,89358353
2017-01-01,95.32,95.73,95.12,95.12,96961656
2017-01-02,88.58,89.75,88.07,88.83,102814856
2017-01-03,91.18,92.53,90.53,92.01,187315189
2017-01-04,85.49,87.0,84.45,86.82,126681291
2017-01-05,84.89,88.42,84.65,86.61,142461703
2017-01-06,87.7,88.97,86.07,86.13,102159130
2017-01-07,85.25,86.76,79.46,84.6,96084665
2017-01-08,87.56,88.02,86.36,87.49,100095778
2017-01-09,84.98,89.14,84.25,87.31,99096526
2017-01-10,84.52,87.13,83.44,85.04,102429615
2017-01-11,80.28,85.62,80.15,83.26,79056932
2017-01-12,82.03,83.33,79.25,81.63,86280588
2017-01-13,87.7,91.6,86.55,88.43,203204445
2017-01-14,86.35,88.41,86.29,87.54,150633212
2017-01-15,89.42,90.75,86.88,89.73,155013149
2017-01-16,91.17,96.23,87.49,91.89,150115274
2017-01-17,90.53,92.68,87.7,91.4,58144284
2017-01-18,91.12,91.93,84.75,89.35,182757147
2017-01-19,89.77,92.98,89.0,91.47,182782064
2017-01-20,92.32,97.12,87.39,94.91,125324674
2017-01-21,96.4,97.63,92.6,95.33,108435084
2017-01-22,97.22,97.32,95.41,95.81,81308828
2017-01-23,90.26,94.22,89.76,94.21,111500362
2017-01-24,89.57,92.37,88.95,91.99,66973777
2017-01-25,89.86,90.82,88.62,90.77,65568040
2017-01-26,87.08,91.11,86.31,88.91,123457423
2017-01-27,91.44,93.5,87.67,89.96,134215369
2017-01-28,87.43,93.35,84.2,89.53,118776578
2017-01-29,88.84,91.06,88.32,89.69,128558858
2017-01-30,91.07,91.78,91.0,91.05,75733017
2017-01-31,91.67,96.4,91.6,92.98,108663294
2017-02-01,95.25,96.42,93.05,95.47,132614189
2017-02-02,95.41,96.41,93.65,95.27,60520248
2017-02-03,95.5,97.11,92.2,93.12,174506589
2017-02-04,91.79,93.54,89.61,90.54,177693350
2017-02-05,89.32,93.8,84.89,90.08,67828004
2017-02-06,86.37,88.96,84.86,88.19,83897207
2017-02-07,87.96,88.47,85.52,88.23,123495807
2017-02-08,84.6,85.51,84.19,85.27,86633987
2017-02-09,84.61,85.71,84.09,85.33,65059079
2017-02-10,80.34,89.42,79.55,84.95,134776891
2017-02-11,85.82,86.2,84.16,85.83,73936825
2017-02-12,86.71,89.22,86.42,87.71,147641163
2017-02-13,85.6,86.15,83.77,84.75,193590584
2017-02-14,84.48,85.74,83.0,85.42,65723430
2017-02-15,86.25,86.27,84.65,86.15,109946129
2017-02-16,83.92,86.14,79.71,85.36,132047038
2017-02-17,85.34,87.03,84.88,86.93,97904179
2017-02-18,87.61,88.56,85.44,85.74,83025452
2017-02-19,84.63,85.59,84.52,85.41,83074267
2017-02-20,88.78,89.71,88.43,89.6,194302322
2017-02-21,91.24,92.26,90.72,91.02,70181477
2017-02-22,91.06,92.36,90.84,91.84,57728035
2017-02-23,89.85,89.97,89.79,89.89,61057758
2017-02-24,89.09,90.37,87.91,89.58,96681842
2017-02-25,89.57,94.68,89.36,91.11,111330627
2017-02-26,90.39,92.68,88.53,89.53,138990885
2017-02-27,89.42,91.53,86.93,89.34,55381564
2017-02-28,84.33,84.5,79.83,84.46,103139089
2017-03-01,85.89,85.9,84.02,84.12,70298915
2017-03-02,86.26,87.08,83.57,85.91,153196733
2017-03-03,82.24,83.7,80.33,81.67,217710599
2017-03-04,85.19,85.57,80.89,83.9,138409705
2017-03-05,79.38,81.03,78.46,80.65,171029030
2017-03-06,83.27,85.15,81.65,83.83,118679609
2017-03-07,85.35,85.66,84.43,85.5,92460868
2017-03-08,86.52,86.83,83.31,84.64,87285743
2017-03-09,82.59,82.82,79.78,80.97,104171033
2017-03-10,82.9,85.24,82.58,83.54,85599023
2017-03-11,87.13,87.76,80.74,84.59,165823980
2017-03-12,85.19,86.39,84.47,84.48,103253409
2017-03-13,85.05,85.21,84.69,84.75,146228632
2017-03-14,81.18,81.23,81.08,81.15,164619137
2017-03-15,80.68,83.67,79.37,83.6,155173927
2017-03-16,85.74,89.35,84.42,86.83,151494376
2017-03-17,84.89,90.57,83.21,88.28,159350241
2017-03-18,88.83,89.14,87.66,88.02,139209154
2017-03-19,88.19,91.78,87.77,88.89,138891506
2017-03-20,85.73,88.31,85.45,86.19,93283594
2017-03-21,83.15,90.45,82.29,84.61,162817024
2017-03-22,84.31,85.89,84.12,85.45,154254032
2017-03-23,86.59,88.87,86.35,86.4,106723957
2017-03-24,89.03,92.47,87.32,89.79,147209451
2017-03-25,82.75,87.16,81.48,84.05,138644338
2017-03-26,84.22,85.01,81.28,84.16,136520606
2017-03-27,81.94,84.01,80.67,83.55,62143164
2017-03-28,79.38,80.73,79.33,80.16,162150894
2017-03-29,82.29,82.46,81.21,81.64,96426441
2017-03-30,84.34,84.52,83.45,84.11,172044214
2017-03-31,88.1,88.8,87.56,87.99,212082039
2017-04-01,87.2,90.58,86.49,87.96,103784160
2017-04-02,85.89,86.26,84.66,84.81,68431301
2017-04-03,81.37,81.92,80.4,81.36,121308731
2017-04-04,80.26,82.93,80.12,81.51,152794189
2017-04-05,79.78,81.67,78.62,80.24,120017666
2017-04-06,76.16,79.53,75.62,76.88,80373404
2017-04-07,77.33,78.28,77.01,77.19,85930429
2017-04-08,79.27,81.02,78.91,78.98,107389627
2017-04-09,82.87,83.81,81.99,82.7,210006417
2017-04-10,88.98,89.38,88.07,88.48,105905273
2017-04-11,92.81,93.51,89.63,90.97,118475818
2017-04-12,89.82,94.8,87.86,92.04,131774559
2017-04-13,90.31,90.92,82.95,90.46,73248137
2017-04-14,95.34,95.85,93.95,94.84,111213423
2017-04-15,97.52,98.78,91.85,95.09,55326455
2017-04-16,92.01,92.52,90.82,92.49,126267142
2017-04-17,95.17,96.07,93.76,93.92,138176077
2017-04-18,95.6,98.08,94.29,94.73,81140865
2017-04-19,99.05,100.85,92.97,95.26,105351001
2017-04-20,93.52,97.31,93.46,95.19,127415633
2017-04-21,95.83,96.76,95.77,96.42,133857533
2017-04-22,97.38,100.55,96.86,97.45,124049649
2017-04-23,100.03,101.56,98.64,100.73,75419641
2017-04-24,99.27,99.36,98.32,98.98,140374758
2017-04-25,100.38,102.36,96.21,97.19,153212083
2017-04-26,87.76,95.8,86.68,92.56,163404457
2017-04-27,90.04,97.63,87.75,89.3,116564043
2017-04-28,86.66,87.9,86.27,86.7,135193411
2017-04-29,81.96,82.33,81.65,81.68,84499887
2017-04-30,83.76,84.57,81.86,83.81,177720970
2017-05-01,85.36,85.76,85.02,85.27,106820293
2017-05-02,86.98,87.71,85.49,85.71,127668225
2017-05-03,80.95,84.12,80.84,83.13,175041355
2017-05-04,82.08,84.55,82.08,82.26,130218625
2017-05-05,81.12,81.48,79.86,80.74,147674508
2017-05-06,82.01,82.46,78.56,79.79,73631692
2017-05-07,82.4,83.79,81.17,82.59,175468679
2017-05-08,82.97,84.43,82.53,83.12,146374116
2017-05-09,82.56,83.95,81.79,82.49,90611942
2017-05-10,76.49,79.75,76.16,78.19,140290353
2017-05-11,76.6,77.66,74.96,75.91,94211943
2017-05-12,76.04,76.3,75.61,75.67,141684094
2017-05-13,76.74,77.22,72.62,76.24,116051824
2017-05-14,79.18,79.65,75.98,78.0,112147629
2017-05-15,75.84,78.01,75.79,76.14,125944036
2017-05-16,72.96,76.69,72.47,73.68,152640252
2017-05-17,73.19,76.85,71.49,72.74,75494793
2017-05-18,72.2,76.61,71.88,75.25,188272107
2017-05-19,73.67,75.51,72.64,74.68,153629302
2017-05-20,75.54,78.37,74.77,75.17,135926332
2017-05-21,75.52,75.92,73.4,74.89,100753417
2017-05-22,82.31,84.34,77.46,79.69,170845751
2017-05-23,81.93,83.56,81.13,82.06,105070671
2017-05-24,79.3,79.55,78.69,79.32,90157527
2017-05-25,81.33,83.43,80.01,81.88,159040387
2017-05-26,80.91,84.23,78.86,80.59,141953566
2017-05-27,77.8,79.11,76.58,79.1,115630611
2017-05-28,80.52,81.19,80.42,81.17,132260939
2017-05-29,83.53,84.26,82.71,83.58,93093643
2017-05-30,83.18,83.3,81.3,82.92,57043887
2017-05-31,82.79,83.04,82.69,82.93,78284952
2017-06-01,82.26,87.82,78.53,82.84,74289724
2017-06-02,80.17,80.86,79.72,80.73,176207569
2017-06-03,84.34,84.61,78.84,80.06,62856657
2017-06-04,78.67,84.62,78.63,78.81,132075378
2017-06-05,78.73,80.65,77.6,78.95,116343258
2017-06-06,79.42,79.7,78.24,79.67,54872658
2017-06-07,76.22,77.01,75.55,75.75,176975656
2017-06-08,77.24,82.17,77.16,80.21,127481517
2017-06-09,85.05,85.09,83.27,84.24,194637664
2017-06-10,80.25,84.49,80.19,82.17,142199436
2017-06-11,87.13,88.41,85.77,86.36,117458885
2017-06-12,85.85,85.85,84.22,85.03,171706804
2017-06-13,87.37,87.74,84.94,85.5,129859540
2017-06-14,85.92,86.09,85.8,85.96,151938297
2017-06-15,89.58,90.08,85.15,86.46,74991896
2017-06-16,84.93,87.84,84.44,87.81,62791153
2017-06-17,92.93,94.95,89.65,91.45,191260653
2017-06-18,91.17,91.25,90.78,90.96,126440196
2017-06-19,89.03,89.68,85.61,87.83,199536437
2017-06-20,89.71,90.07,86.69,87.9,76383447
2017-06-21,83.17,86.18,83.11,85.17,108789762
2017-06-22,86.19,86.57,84.84,86.42,120548670
2017-06-23,83.17,83.66,83.1,83.24,174977002
2017-06-24,83.75,84.53,83.2,84.05,114699976
2017-06-25,85.63,87.71,81.63,87.31,116454546
2017-06-26,91.89,92.64,91.52,91.55,221137167
2017-06-27,91.67,92.1,90.29,91.56,83423355
2017-06-28,90.34,94.48,89.73,91.99,72383557
2017-06-29,89.75,92.68,87.5,90.66,101485596
2017-06-30,87.9,89.16,87.15,88.02,192355291
2017-07-01,87.08,92.06,84.93,90.2,74452621
2017-07-02,87.25,91.83,86.69,88.77,137993911
2017-07-03,87.93,89.35,87.47,88.35,126680908
2017-07-04,90.51,90.58,87.94,88.98,109330643
2017-07-05,88.71,89.99,87.31,88.32,145124275
2017-07-06,83.65,86.21,83.54,84.88,182715443
2017-07-07,82.77,83.78,81.87,83.46,161330866
2017-07-08,82.74,86.06,80.68,82.56,61887871
2017-07-09,84.19,84.46,84.04,84.46,66584466
2017-07-10,88.5,88.73,85.48,86.56,98820221
2017-07-11,87.86,89.49,86.94,88.32,70125753
2017-07-12,83.84,84.02,83.42,83.59,158138834
2017-07-13,86.92,92.09,85.93,87.56,121739411
2017-07-14,87.53,87.63,86.24,87.3,142414348
2017-07-15,90.54,90.83,90.52,90.77,110398575
2017-07-16,94.31,96.12,91.33,94.22,71367754
2017-07-17,92.69,93.31,90.79,92.67,126124473
2017-07-18,102.85,102.89,97.67,99.71,213130235
2017-07-19,103.92,104.91,101.81,103.34,136165094
2017-07-20,106.11,108.6,102.85,105.6,157113833
2017-07-21,101.11,106.33,101.06,103.18,79877523
2017-07-22,104.59,105.92,101.85,101.9,75719862
2017-07-23,101.19,101.31,99.39,99.92,137330705
2017-07-24,100.96,104.88,98.81,100.38,146526447
2017-07-25,98.21,101.77,97.57,101.01,155658382
2017-07-26,103.68,104.33,103.04,103.76,123495659
2017-07-27,112.56,116.85,110.0,110.3,157792737
2017-07-28,107.4,110.18,105.23,108.69,133612865
2017-07-29,110.03,111.68,105.3,106.96,143107485
2017-07-30,104.13,105.87,103.96,105.14,102016962
2017-07-31,103.35,104.64,102.74,103.62,136994752
2017-08-01,106.14,108.1,104.35,106.61,130062112
2017-08-02,105.75,106.4,105.62,105.89,133270208
2017-08-03,104.41,107.9,102.41,106.34,97537510
2017-08-04,110.91,111.46,110.39,110.87,170979943
2017-08-05,114.29,115.92,110.41,110.93,116244705
2017-08-06,109.55,115.65,109.37,111.56,110868263
2017-08-07,110.96,111.26,109.33,110.81,120922871
2017-08-08,110.74,112.45,100.41,109.93,150287625
2017-08-09,111.32,111.98,110.94,111.29,159874119
2017-08-10,109.23,109.42,104.34,105.02,93983779
2017-08-11,102.67,102.79,100.92,101.94,93295937
2017-08-12,107.17,109.94,103.32,105.92,200868031
2017-08-13,103.69,104.85,103.38,104.03,147635532
2017-08-14,111.96,114.71,102.74,104.36,139379077
2017-08-15,106.53,106.91,106.44,106.75,79657512
2017-08-16,108.83,109.28,107.57,108.27,156939880
2017-08-17,106.69,110.87,106.03,107.56,145730838
2017-08-18,112.6,114.04,112.44,112.88,74285502
2017-08-19,115.0,115.18,109.82,111.9,147483210
2017-08-20,113.78,114.27,107.49,114.0,115863589
2017-08-21,116.07,117.3,113.1,116.45,105617176
2017-08-22,113.23,114.28,108.71,111.12,141422650
2017-08-23,115.63,115.99,113.78,115.85,78445539
2017-08-24,122.8,122.95,116.97,120.51,113110599
2017-08-25,113.34,123.04,113.31,119.29,121897231
2017-08-26,119.7,122.33,116.41,118.85,93077923
2017-08-27,112.32,115.6,111.77,113.89,177404845
2017-08-28,110.4,117.5,108.99,113.24,104097763
2017-08-29,111.29,116.01,109.29,112.3,113548842
2017-08-30,115.2,116.76,111.37,113.23,90598861
2017-08-31,112.15,112.19,108.94,109.53,138077791
2017-09-01,113.55,117.48,104.3,109.18,94192498
2017-09-02,110.83,112.02,107.03,108.38,157427302
2017-09-03,104.3,104.65,102.2,102.29,146792016
2017-09-04,101.82,104.99,97.42,101.24,72392150
2017-09-05,111.62,112.2,103.86,104.48,183718346
2017-09-06,103.88,104.5,100.47,103.27,129470718
2017-09-07,109.46,109.52,105.46,106.8,86355916
2017-09-08,100.89,108.77,100.72,105.54,68948061
2017-09-09,103.31,113.09,99.45,106.07,71920242
2017-09-10,110.17,113.85,108.55,110.29,133466254
2017-09-11,108.7,108.74,106.54,108.28,134836682
2017-09-12,107.11,109.58,106.34,107.04,112911252
2017-09-13,104.69,105.48,104.01,105.13,79489936
2017-09-14,107.01,107.3,105.97,106.89,68836954
2017-09-15,108.61,114.34,104.61,110.24,162518482
2017-09-16,108.2,113.11,105.12,110.29,149270642
2017-09-17,106.28,107.74,106.19,106.96,115135024
2017-09-18,106.92,108.21,103.29,107.43,60475973
2017-09-19,112.85,113.13,112.29,112.77,170621281
2017-09-20,112.98,114.07,112.48,114.03,80171626
2017-09-21,109.9,110.54,109.57,110.29,131672418
2017-09-22,106.49,108.8,106.18,107.45,74056390
2017-09-23,110.45,114.8,108.64,110.1,81647181
2017-09-24,114.29,118.7,110.27,113.16,101253339
2017-09-25,116.53,117.42,115.58,115.61,143557160
2017-09-26,120.73,121.03,117.85,118.76,113305259
2017-09-27,117.55,119.62,116.9,117.82,155581196
2017-09-28,120.53,120.71,119.78,120.65,142472221
2017-09-29,124.75,126.27,119.59,123.78,77777289
2017-09-30,125.02,129.1,122.73,122.77,100308837
2017-10-01,127.34,127.95,126.19,126.2,81099356
2017-10-02,135.62,135.81,129.73,130.77,135939341
2017-10-03,131.19,134.35,130.69,132.95,138627608
2017-10-04,132.92,134.16,122.41,128.76,139792156
2017-10-05,128.62,134.89,126.23,128.01,70841094
2017-10-06,127.09,127.12,127.07,127.09,132900508
2017-10-07,134.24,135.01,129.47,132.31,194122612
2017-10-08,135.98,139.05,135.55,136.52,172128798
2017-10-09,138.09,138.73,137.13,138.52,120095804
2017-10-10,138.5,140.31,137.11,139.35,62917868
2017-10-11,140.75,140.86,138.7,139.73,116512768
2017-10-12,144.81,151.73,142.31,145.24,89547464
2017-10-13,149.22,149.9,149.07,149.8,167313004
2017-10-14,148.78,150.15,143.71,146.91,117238372
2017-10-15,150.31,151.44,145.08,147.21,76648247
2017-10-16,146.96,150.68,143.34,148.47,100243657
2017-10-17,145.45,146.64,143.03,146.52,76291491
2017-10-18,137.96,140.52,133.55,139.55,85847336
2017-10-19,136.76,137.91,133.49,136.75,75080964
2017-10-20,134.43,135.25,131.91,133.66,135470603
2017-10-21,136.9,142.4,129.98,135.58,75218148
2017-10-22,143.17,144.92,127.81,133.11,90241921
2017-10-23,140.9,145.86,138.15,139.04,92291581
2017-10-24,141.45,144.98,138.12,142.74,140347949
2017-10-25,138.0,139.59,137.14,139.45,118292213
2017-10-26,140.12,141.78,135.25,137.88,130300061
2017-10-27,133.03,136.0,126.29,134.43,122697385
2017-10-28,129.09,134.81,127.75,133.23,101166442
2017-10-29,139.5,140.48,124.42,131.61,63167144
2017-10-30,131.08,133.09,130.08,130.28,55989706
2017-10-31,129.18,135.53,127.23,134.26,157721798
2017-11-01,135.9,137.74,132.1,136.37,157206683
2017-11-02,145.91,146.24,141.39,143.4,143237619
2017-11-03,143.4,147.14,141.27,146.65,61833400
2017-11-04,140.03,141.74,135.09,139.09,176759892
2017-11-05,136.96,142.46,136.63,140.9,136184136
2017-11-06,147.63,148.43,139.85,143.4,75162354
2017-11-07,147.87,148.54,142.41,148.48,75096810
2017-11-08,149.93,152.26,146.2,147.13,79048955
2017-11-09,150.7,150.93,148.86,149.69,151423441
2017-11-10,140.33,143.6,139.47,140.62,86467647
2017-11-11,140.05,140.77,137.67,138.99,98783683
2017-11-12,141.04,146.44,137.95,139.53,114394896
2017-11-13,141.33,145.38,135.15,139.65,134480148
2017-11-14,136.98,140.33,136.28,139.13,97565057
2017-11-15,143.09,144.17,142.61,143.71,88417422
2017-11-16,146.83,149.31,141.35,143.93,90533369
2017-11-17,135.86,140.0,133.15,139.73,94226858
2017-11-18,138.18,141.1,136.89,140.53,112564381
2017-11-19,132.42,142.92,128.42,134.19,186082696
2017-11-20,128.18,132.98,126.19,131.1,118329244
2017-11-21,135.09,135.43,131.63,135.32,187001212
2017-11-22,139.79,141.51,139.69,140.25,87058534
2017-11-23,145.96,148.79,138.7,140.07,133738446
2017-11-24,142.64,144.75,142.11,144.65,168338278
2017-11-25,137.95,142.89,136.69,139.57,82650212
2017-11-26,140.94,143.02,139.89,141.09,64925601
2017-11-27,142.53,146.57,139.13,140.18,147453324
2017-11-28,136.19,140.93,135.36,138.56,88878229
2017-11-29,134.3,143.28,129.81,136.53,123208331
2017-11-30,135.27,136.15,124.91,129.7,189087816
2017-12-01,132.52,132.6,131.0,131.5,63768869
2017-12-02,133.9,138.32,133.59,133.72,69021381
2017-12-03,130.96,138.23,130.63,135.58,157960660
2017-12-04,140.75,144.68,136.09,139.77,189370039
2017-12-05,143.6,145.58,142.17,144.03,128568626
2017-12-06,145.44,148.16,142.05,143.99,82363107
2017-12-07,149.3,153.05,143.37,145.43,112501596
2017-12-08,145.11,146.18,143.12,143.32,73586584
2017-12-09,148.1,149.51,146.47,149.04,135467172
2017-12-10,148.39,148.7,148.23,148.56,99749555
2017-12-11,138.19,148.55,134.32,147.74,58503999
2017-12-12,145.71,149.02,144.25,145.66,152300466
2017-12-13,146.83,147.03,136.92,145.66,78595433
2017-12-14,149.1,151.81,141.77,148.06,97400721
2017-12-15,151.89,154.01,150.08,150.79,128921615
2017-12-16,160.24,161.18,156.68,157.17,205888381
2017-12-17,159.0,159.97,156.88,158.14,71255764
2017-12-18,164.35,164.96,162.92,163.62,102657489
2017-12-19,156.5,157.7,150.84,153.75,172392680
2017-12-20,148.13,149.5,144.06,148.73,113594165
2017-12-21,152.78,153.77,148.05,149.62,99914322
2017-12-22,158.07,158.47,148.25,150.77,136476365
2017-12-23,152.11,154.57,151.87,153.04,167753160
2017-12-24,160.75,164.73,160.59,161.44,121240750
2017-12-25,161.81,161.88,159.6,161.09,104336162
2017-12-26,160.62,164.05,160.49,162.78,151950117
2017-12-27,165.22,165.35,162.16,163.91,91720226
2017-12-28,160.17,168.0,156.88,165.55,118906793
2017-12-29,154.63,158.95,154.21,156.61,145568798
2017-12-30,166.62,167.15,157.57,162.24,72033116
2017-12-31,166.76,172.52,166.29,168.9,162336402
2018-01-01,157.71,167.28,156.67,163.72,126416264
2018-01-02,169.22,178.0,159.85,167.63,67129236
2018-01-03,174.38,175.07,169.11,170.29,105567468
2018-01-04,172.96,176.31,170.16,174.19,85673540
2018-01-05,171.64,174.98,169.74,171.6,99769350
2018-01-06,171.46,172.76,165.79,171.92,132222619
2018-01-07,163.56,168.71,161.25,165.36,120415790
2018-01-08,178.22,178.51,167.2,168.64,83857935
2018-01-09,163.94,167.93,159.53,159.79,127701367
2018-01-10,155.91,156.24,155.15,155.76,102672440
2018-01-11,149.15,151.15,148.19,148.65,106377555
2018-01-12,153.96,154.57,148.55,151.14,172307897
2018-01-13,147.76,148.2,143.02,146.31,73083798
2018-01-14,142.64,149.15,141.23,144.07,128371685
2018-01-15,153.19,155.53,144.07,148.47,75836811
2018-01-16,140.17,145.04,137.96,142.25,138958504
2018-01-17,142.96,150.49,138.62,142.4,83263776
2018-01-18,140.9,149.73,140.44,143.98,92431685
2018-01-19,144.57,148.12,140.17,143.59,56518447
2018-01-20,147.85,149.42,143.85,145.32,138913807
2018-01-21,152.53,154.94,141.42,150.15,191631000
2018-01-22,155.51,155.56,147.45,151.05,75471795
2018-01-23,149.5,149.77,146.11,149.74,91024283
2018-01-24,152.36,158.57,148.81,153.37,183356438
2018-01-25,149.28,153.61,147.43,150.54,74634630
2018-01-26,146.74,148.98,146.73,148.06,79364323
2018-01-27,148.86,150.0,142.71,143.98,155797782
2018-01-28,145.36,149.62,138.16,140.68,135809950
2018-01-29,140.99,148.79,139.52,143.59,167718551
2018-01-30,144.03,144.41,134.04,140.5,110965522
2018-01-31,146.1,147.24,140.3,141.51,110065100
2018-02-01,144.35,144.79,140.33,141.66,102306302
2018-02-02,145.49,146.04,144.94,145.63,162280291
2018-02-03,142.69,145.23,138.6,142.25,72588677
2018-02-04,137.12,141.08,132.87,138.97,181436225
2018-02-05,135.87,137.01,134.01,135.76,94707721
2018-02-06,138.32,140.87,129.18,136.42,81523856
2018-02-07,131.42,139.14,131.35,137.19,102497502
2018-02-08,130.17,136.0,126.78,133.46,176126992
2018-02-09,143.12,145.05,137.08,137.59,193590549
2018-02-10,138.81,140.34,136.53,137.69,119664239
2018-02-11,144.4,147.35,143.99,146.34,230460322
2018-02-12,156.55,158.28,155.76,156.44,188569238
2018-02-13,157.16,158.35,154.61,155.85,84271639
2018-02-14,161.27,163.3,152.88,155.65,74450652
2018-02-15,164.69,164.99,164.0,164.66,167904257
2018-02-16,166.26,167.81,163.44,163.98,126669708
2018-02-17,165.2,167.12,162.27,166.13,94888671
2018-02-18,172.42,174.78,170.93,171.15,118438189
2018-02-19,164.8,169.72,160.19,166.73,68106615
2018-02-20,161.56,169.27,158.06,164.76,114576078
2018-02-21,155.2,160.47,152.39,155.61,232087706
2018-02-22,154.26,158.08,150.74,154.65,74370291
2018-02-23,152.24,155.93,148.56,152.62,144466165
2018-02-24,153.87,154.83,151.99,153.43,84236199
2018-02-25,151.12,154.16,150.09,153.79,54799425
2018-02-26,158.84,158.94,153.36,158.17,169517480
2018-02-27,162.93,163.79,159.7,163.71,113799543
2018-02-28,163.28,164.49,158.76,160.4,175955692
2018-03-01,165.61,169.74,160.01,163.42,113449408
2018-03-02,166.86,168.32,166.14,167.69,116153518
2018-03-03,174.25,177.01,170.46,172.16,157664229
2018-03-04,178.8,180.72,176.09,177.04,171430721
2018-03-05,180.64,182.12,178.25,179.4,126269641
2018-03-06,171.27,175.19,168.96,173.79,114115501
2018-03-07,185.24,186.75,180.7,181.2,205605726
2018-03-08,178.24,178.67,176.53,178.6,157450311
2018-03-09,179.72,186.01,177.46,184.31,192426109
2018-03-10,182.16,183.35,181.98,182.69,80654275
2018-03-11,185.44,187.77,179.72,181.9,128583036
2018-03-12,185.0,186.52,183.59,185.81,142981282
2018-03-13,185.64,191.41,183.69,186.38,108687162
2018-03-14,187.21,190.97,183.11,189.04,166594065
2018-03-15,187.45,188.63,183.05,186.3,133458232
2018-03-16,186.06,186.71,184.29,185.89,69182464
2018-03-17,177.0,181.07,169.81,174.0,102881620
2018-03-18,174.6,176.25,173.52,176.23,161339008
2018-03-19,176.82,182.49,176.2,178.04,66931677
2018-03-20,177.85,185.03,177.65,184.8,118432860
2018-03-21,189.98,192.36,179.69,186.34,85918093
2018-03-22,179.45,181.2,170.04,176.89,172161939
2018-03-23,181.44,185.74,181.42,182.5,67639164
2018-03-24,174.24,181.3,168.41,174.42,162260594
2018-03-25,189.08,190.56,178.66,186.26,88114362
2018-03-26,180.11,180.19,178.78,179.78,103734585
2018-03-27,176.99,181.76,175.44,177.36,169493482
2018-03-28,177.96,178.89,176.28,178.24,76045988
2018-03-29,183.54,187.15,177.24,184.11,114201110
2018-03-30,183.05,184.12,180.36,182.02,103570209
2018-03-31,185.95,188.73,185.52,187.33,141590803
2018-04-01,186.53,188.16,185.23,187.13,115986639
2018-04-02,183.97,186.25,182.03,183.84,59218900
2018-04-03,193.41,193.99,193.23,193.51,107481686
2018-04-04,191.31,191.37,190.35,190.56,60448891
2018-04-05,195.89,205.45,192.77,196.67,146541069
2018-04-06,199.28,200.32,197.46,199.53,158201849
2018-04-07,193.35,195.13,192.03,193.2,136638854
2018-04-08,193.06,193.79,186.7,193.0,109051540
2018-04-09,185.06,185.49,179.47,183.53,177462012
2018-04-10,179.03,183.47,178.96,181.91,144384958
2018-04-11,179.31,182.5,169.72,172.99,117491463
2018-04-12,171.1,172.98,170.87,171.47,135321730
2018-04-13,176.74,181.9,172.6,179.51,102722151
2018-04-14,180.45,182.23,169.99,174.24,129579167
2018-04-15,179.49,188.85,171.68,178.43,157366298
2018-04-16,177.26,179.16,176.57,178.84,109131989
2018-04-17,176.3,181.82,176.23,176.41,86548360
2018-04-18,171.8,174.06,169.63,171.96,79651954
2018-04-19,181.04,183.85,178.0,180.34,186411611
2018-04-20,179.22,182.05,174.89,177.5,164809772
2018-04-21,183.84,184.41,178.38,180.14,154975752
2018-04-22,179.93,184.91,173.93,183.57,169403792
2018-04-23,178.44,179.32,175.14,177.83,191459095
2018-04-24,176.31,182.08,173.34,178.98,66966451
2018-04-25,183.81,186.47,175.29,180.24,79011975
2018-04-26,189.54,190.35,177.83,181.8,99807761
2018-04-27,178.63,180.12,174.24,179.52,163302347
2018-04-28,178.65,180.98,174.34,179.3,66554923
2018-04-29,171.03,174.28,168.01,170.29,122895990
2018-04-30,170.71,171.27,166.33,169.3,83265898
2018-05-01,183.61,186.98,173.89,178.31,79684180
2018-05-02,172.1,183.63,171.26,177.85,92216833
2018-05-03,172.56,173.67,170.65,173.56,63796631
2018-05-04,176.43,177.49,173.96,175.07,96671424
2018-05-05,180.68,180.84,170.81,176.89,138397231
2018-05-06,178.43,182.53,176.87,180.41,83084250
2018-05-07,183.07,185.74,181.08,184.39,62832155
2018-05-08,195.36,198.69,194.5,194.77,225105054
2018-05-09,194.43,199.03,190.16,196.37,126891765
2018-05-10,198.16,201.45,192.45,195.48,134436932
2018-05-11,195.74,198.98,190.96,197.17,63213564
2018-05-12,198.58,203.18,192.29,195.57,55723611
2018-05-13,192.79,194.08,189.25,192.13,160045002
2018-05-14,189.62,196.26,183.22,190.25,93803801
2018-05-15,190.29,194.54,185.8,191.22,150388241
2018-05-16,182.59,183.62,180.51,182.78,164356206
2018-05-17,191.02,194.98,190.97,191.0,153650345
2018-05-18,181.47,188.13,170.69,179.8,159540533
2018-05-19,172.08,173.89,171.76,172.11,150380562
2018-05-20,180.86,183.42,177.38,181.17,162330153
2018-05-21,181.73,185.88,180.79,182.55,72610873
2018-05-22,181.96,190.24,180.06,182.97,151555706
2018-05-23,186.13,186.96,178.21,181.85,57481071
2018-05-24,179.16,182.92,172.3,175.38,82233653
2018-05-25,170.52,175.47,168.89,172.0,134449024
2018-05-26,177.04,177.22,172.53,175.25,175015089
2018-05-27,182.1,185.52,173.42,180.34,113435041
2018-05-28,176.9,179.85,176.48,179.59,99445145
2018-05-29,173.7,175.6,173.42,173.59,91862366
2018-05-30,172.27,179.38,171.84,172.68,58961399
2018-05-31,170.57,173.34,167.62,168.02,138288856
2018-06-01,176.06,176.12,171.66,173.98,171894144
2018-06-02,176.99,183.32,175.68,176.28,112412731
2018-06-03,176.1,176.57,172.03,175.96,58459770
2018-06-04,185.95,187.58,182.63,185.54,193859068
2018-06-05,186.8,193.26,186.31,189.76,178708579
2018-06-06,197.87,198.97,194.85,195.16,150049386
2018-06-07,192.86,194.9,191.35,193.56,72669549
2018-06-08,203.47,209.07,198.38,200.48,74827008
2018-06-09,201.14,203.45,195.47,199.1,131499568
2018-06-10,200.61,203.85,199.25,200.65,146841143
2018-06-11,197.7,207.99,196.65,204.81,163809312
2018-06-12,206.59,208.52,206.2,207.14,68492528
2018-06-13,197.29,199.35,192.46,193.34,125212886
2018-06-14,197.73,197.76,193.5,193.95,110453949
2018-06-15,187.4,192.57,183.98,192.46,80885151
2018-06-16,181.41,182.53,175.91,179.54,205024115
2018-06-17,183.31,183.8,182.31,182.7,65924877
2018-06-18,183.34,185.56,179.32,182.03,131534485
2018-06-19,184.05,191.33,183.11,184.84,148261332
2018-06-20,181.86,186.17,181.51,184.1,102981579
2018-06-21,180.87,182.27,175.24,181.13,153401004
2018-06-22,183.47,184.83,180.21,183.38,61622421
2018-06-23,191.11,193.39,182.16,189.5,197940846
2018-06-24,191.47,191.85,180.74,189.08,84372349
2018-06-25,199.04,201.28,193.96,199.36,155496828
2018-06-26,206.78,208.51,199.64,202.06,96372280
2018-06-27,192.36,198.57,184.94,190.91,112049489
2018-06-28,191.48,194.49,189.34,192.63,72589836
2018-06-29,196.47,200.77,192.79,195.08,69575943
2018-06-30,189.46,189.5,186.85,188.45,186835547
2018-07-01,190.09,190.83,186.37,189.58,149473026
2018-07-02,196.47,197.38,190.67,191.25,76506354
2018-07-03,194.67,206.2,194.66,196.16,96315100
2018-07-04,199.26,204.64,196.58,202.17,177952039
2018-07-05,198.55,201.56,194.09,201.28,133899920
2018-07-06,196.48,199.63,188.32,197.74,125515718
2018-07-07,215.72,221.26,208.71,215.95,223058163
2018-07-08,209.68,214.04,204.69,212.46,96017061
2018-07-09,226.31,228.1,208.33,210.98,140939586
2018-07-10,206.05,212.51,204.34,210.92,143949758
2018-07-11,222.25,225.37,220.71,223.14,171925428
2018-07-12,217.79,218.8,216.05,216.91,81476137
2018-07-13,216.76,219.98,215.99,218.01,61658887
2018-07-14,210.37,216.13,208.6,214.39,80582266
2018-07-15,216.64,217.63,214.84,215.63,85945907
2018-07-16,211.06,213.04,208.9,210.61,118386612
2018-07-17,209.59,215.06,205.2,212.24,138584521
2018-07-18,210.63,213.69,208.05,209.21,84600713
2018-07-19,207.5,210.56,201.29,206.33,152961312
2018-07-20,209.39,210.22,209.25,209.74,166465366
2018-07-21,217.84,223.56,210.75,213.31,84448595
2018-07-22,215.34,217.37,213.67,216.07,127680858
2018-07-23,212.91,213.82,209.76,211.08,145888334
2018-07-24,223.53,226.48,221.48,222.2,89799319
2018-07-25,228.98,230.77,228.31,230.04,146186002
2018-07-26,232.91,235.42,224.81,225.93,75806069
2018-07-27,233.0,233.24,230.82,231.92,85705324
2018-07-28,216.44,246.56,212.19,230.64,156799235
2018-07-29,227.52,233.5,223.58,229.62,134883180
2018-07-30,225.16,225.47,222.46,224.78,63549935
2018-07-31,230.56,238.6,224.41,231.6,163438688
2018-08-01,242.26,244.7,235.73,236.46,133907497
2018-08-02,234.05,235.6,226.34,231.35,128494555
2018-08-03,229.32,233.03,229.06,232.8,135769180
2018-08-04,243.95,244.29,234.12,236.39,138834316
2018-08-05,245.95,247.93,233.92,236.67,103908071
2018-08-06,228.98,236.65,221.77,232.95,134711892
2018-08-07,232.53,237.5,229.2,233.12,69657703
2018-08-08,231.9,233.53,229.41,232.99,150833439
2018-08-09,232.14,234.53,230.19,231.03,118150525
2018-08-10,232.28,233.57,223.09,228.98,159085457
2018-08-11,238.15,239.76,235.44,236.51,114073303
2018-08-12,238.6,242.77,235.03,241.44,147559538
2018-08-13,238.98,241.3,230.18,239.85,95216996
2018-08-14,239.6,249.27,237.57,239.57,106997174
2018-08-15,235.64,240.75,231.85,233.84,116855012
2018-08-16,242.54,243.73,238.31,241.55,137403670
2018-08-17,261.81,264.09,260.98,262.54,109392101
2018-08-18,273.33,274.81,270.75,271.85,114279181
2018-08-19,281.73,288.01,278.53,278.64,129082057
2018-08-20,256.8,265.03,255.34,263.86,160339385
2018-08-21,254.23,257.54,251.3,255.86,93554961
2018-08-22,249.79,250.59,245.06,250.19,162315594
2018-08-23,240.58,245.56,240.51,244.87,152078279
2018-08-24,245.57,246.29,242.04,243.06,117333209
2018-08-25,236.89,244.0,236.56,240.22,79052861
2018-08-26,247.5,247.6,245.88,246.66,178225582
2018-08-27,239.33,242.81,237.66,241.75,133303436
2018-08-28,230.22,231.0,227.25,230.0,114275954
2018-08-29,232.04,236.64,225.76,228.49,96510545
2018-08-30,228.87,232.82,228.13,229.94,106614862
2018-08-31,232.67,235.7,230.68,231.89,109165541
2018-09-01,231.62,234.64,228.71,233.62,56260668
2018-09-02,237.57,237.73,231.03,231.87,81533164
2018-09-03,238.56,243.47,231.14,237.33,81741702
2018-09-04,221.22,226.68,219.3,221.95,174057212
2018-09-05,215.1,222.92,214.79,220.35,101367047
2018-09-06,211.02,211.67,210.97,211.01,213748665
2018-09-07,204.24,209.17,199.25,203.15,92094703
2018-09-08,206.79,216.35,204.26,209.71,126452733
2018-09-09,195.51,208.68,193.23,195.94,137569773
2018-09-10,204.48,206.16,195.4,197.46,133795651
2018-09-11,192.82,195.58,189.88,193.69,158529716
2018-09-12,186.86,198.59,184.93,192.95,100017733
2018-09-13,198.72,199.56,198.57,199.41,81805201
2018-09-14,190.34,191.57,189.43,189.87,122594360
2018-09-15,202.1,204.43,195.83,197.21,96443626
2018-09-16,193.23,203.39,192.27,194.44,68647163
2018-09-17,194.75,198.97,191.15,196.7,159180934
2018-09-18,196.91,196.99,193.37,194.69,62558672
2018-09-19,190.52,197.33,187.15,192.39,152682831
2018-09-20,190.71,191.36,190.49,190.78,67337215
2018-09-21,190.92,191.42,188.52,190.54,137639864
2018-09-22,201.42,206.39,187.3,196.98,185725360
2018-09-23,195.41,202.13,195.09,197.14,96324001
2018-09-24,191.9,194.12,191.66,192.44,130676424
2018-09-25,188.02,193.85,186.39,190.39,79218613
2018-09-26,181.91,189.16,178.73,183.35,106275393
2018-09-27,179.72,182.81,175.12,179.47,107198100
2018-09-28,177.41,183.42,176.84,180.28,97719506
2018-09-29,164.67,178.47,160.18,172.51,141781187
2018-09-30,184.31,187.82,178.06,180.24,77203057
2018-10-01,181.58,184.37,178.94,183.75,85120587
2018-10-02,175.6,177.34,171.45,176.56,104456585
2018-10-03,165.08,175.38,164.89,171.84,121781785
2018-10-04,174.67,179.75,172.78,177.45,70071825
2018-10-05,186.81,188.02,177.99,181.84,113104714
2018-10-06,174.63,178.69,171.53,176.94,100902296
2018-10-07,172.01,175.59,171.19,174.03,106060864
2018-10-08,165.85,170.03,163.98,168.29,78154726
2018-10-09,165.44,166.77,161.42,166.17,100445529
2018-10-10,175.03,175.36,167.3,170.97,162693049
2018-10-11,163.58,171.92,156.71,167.28,110940346
2018-10-12,163.07,166.4,161.85,165.22,160528349
2018-10-13,162.54,166.97,160.77,162.59,140387815
2018-10-14,169.74,170.28,169.1,169.65,138058666
2018-10-15,177.96,179.24,167.03,174.26,122142945
2018-10-16,178.25,181.42,177.78,178.64,87707406
2018-10-17,181.23,192.06,178.87,184.08,118533383
2018-10-18,188.97,190.88,185.88,189.24,130802786
2018-10-19,189.18,192.53,185.44,190.19,87344565
2018-10-20,180.44,188.31,176.9,183.0,70098102
2018-10-21,178.4,187.86,171.8,182.18,55831161
2018-10-22,177.76,183.72,173.82,183.17,114826245
2018-10-23,185.73,187.37,185.06,186.03,143044881
2018-10-24,190.54,191.52,189.41,191.45,190977264
2018-10-25,188.84,194.39,188.07,189.59,125331195
2018-10-26,194.81,195.55,185.47,187.39,91882013
2018-10-27,187.63,193.49,187.29,187.56,106181332
2018-10-28,180.66,184.07,177.59,183.19,98110686
2018-10-29,190.97,191.08,184.05,186.71,111767948
2018-10-30,190.29,192.52,189.81,192.06,104790512
2018-10-31,201.11,201.66,196.98,198.75,170492803
2018-11-01,201.4,206.7,194.46,199.57,137481314
2018-11-02,198.81,204.03,193.75,202.06,152911982
2018-11-03,195.74,211.91,193.15,200.95,108211802
2018-11-04,183.45,202.65,178.62,197.92,64637951
2018-11-05,199.3,201.9,197.92,201.59,177553591
2018-11-06,200.17,203.55,199.87,203.52,116495639
2018-11-07,194.92,201.45,192.09,192.76,212067289
2018-11-08,198.47,203.39,196.57,200.74,107738419
2018-11-09,199.44,200.3,199.27,199.51,63127912
2018-11-10,188.87,193.51,188.07,192.66,136731250
2018-11-11,185.39,185.51,183.55,185.02,92729147
2018-11-12,184.61,187.63,182.43,186.44,159912608
2018-11-13,169.19,193.3,165.28,184.36,59188493
2018-11-14,184.77,189.69,182.88,183.35,103625534
2018-11-15,189.97,191.59,186.81,189.16,128973416
2018-11-16,190.31,195.6,189.87,190.04,137140664
2018-11-17,195.31,199.81,194.02,194.15,171840914
2018-11-18,205.76,208.33,201.12,201.72,191994378
2018-11-19,194.6,201.23,191.79,200.89,53343099
2018-11-20,198.13,202.16,197.29,199.46,126396442
2018-11-21,193.6,198.88,193.14,195.92,159573195
2018-11-22,190.12,198.69,189.13,195.48,121853415
2018-11-23,196.84,201.19,195.55,200.96,153016016
2018-11-24,189.85,192.3,188.52,190.51,172663812
2018-11-25,191.34,202.15,191.2,194.26,165062215
2018-11-26,199.38,199.94,194.87,196.44,72942607
2018-11-27,204.13,207.18,194.59,200.51,125385302
2018-11-28,216.7,217.79,196.27,203.36,161299023
2018-11-29,197.17,202.29,195.52,200.32,164099775
2018-11-30,195.98,203.98,187.48,197.53,151917094
2018-12-01,214.26,217.5,194.23,209.71,140365726
2018-12-02,209.73,210.54,208.36,209.75,107512972
2018-12-03,207.6,210.18,204.72,208.14,108297715
2018-12-04,207.97,209.72,201.91,202.67,84978946
2018-12-05,196.29,207.97,196.16,200.88,138805393
2018-12-06,201.7,202.8,198.86,199.78,73737674
2018-12-07,201.08,202.02,195.59,196.19,158431117
2018-12-08,192.89,195.21,189.55,192.37,128380591
2018-12-09,191.64,192.29,185.56,190.45,145569314
2018-12-10,194.99,196.76,187.56,188.92,73111710
2018-12-11,195.63,203.52,188.95,197.16,181752888
2018-12-12,202.36,202.52,198.14,200.58,101414177
2018-12-13,197.91,208.41,191.11,194.03,152182059
2018-12-14,203.6,206.94,195.47,199.14,84412871
2018-12-15,195.22,208.4,192.68,199.08,63128094
2018-12-16,193.82,196.8,193.31,195.94,78303367
2018-12-17,200.76,201.29,199.86,200.78,85625173
2018-12-18,197.32,205.05,195.68,203.31,93681308
2018-12-19,209.06,214.54,207.7,209.68,65927100
2018-12-20,200.41,202.84,200.16,201.83,186519779
2018-12-21,207.54,216.96,206.41,210.57,183809711
2018-12-22,204.01,211.32,203.66,210.11,79046620
2018-12-23,217.83,220.66,213.43,216.28,173688157
2018-12-24,213.23,225.85,210.26,218.4,143220042
2018-12-25,206.47,207.3,206.29,206.37,198669786
2018-12-26,213.27,217.29,209.57,210.79,98301796
2018-12-27,206.72,224.2,206.14,212.71,132307875
2018-12-28,206.16,219.79,205.44,213.82,116931790
2018-12-29,211.37,213.79,205.61,212.37,133995576
2018-12-30,205.56,209.0,204.88,208.19,175048544
2018-12-31,226.04,234.19,208.83,214.9,197396715
2019-01-01,215.06,216.02,214.25,214.5,71366853
2019-01-02,230.89,234.9,228.57,230.05,165312862
2019-01-03,234.79,242.71,228.65,239.74,174800330
2019-01-04,254.14,258.57,247.84,249.16,95365352
2019-01-05,259.71,260.35,251.23,256.42,153502756
2019-01-06,251.52,256.17,251.49,255.15,83995781
2019-01-07,245.1,250.72,243.1,247.48,146256080
2019-01-08,242.5,246.2,237.67,245.16,80652591
2019-01-09,239.51,260.75,239.21,249.51,69728334
2019-01-10,245.67,247.96,239.04,242.77,100298806
2019-01-11,259.47,267.95,251.25,251.47,99605249
2019-01-12,255.83,261.35,254.34,258.92,173276727
2019-01-13,253.65,258.64,252.99,254.64,153443560
2019-01-14,260.27,266.86,260.2,264.65,168922960
2019-01-15,258.37,273.29,255.9,272.19,88885875
2019-01-16,282.23,284.48,270.58,278.01,84901505
2019-01-17,261.2,288.42,260.56,286.08,140359698
2019-01-18,297.24,306.58,291.11,301.21,196553522
2019-01-19,308.45,310.96,303.32,304.34,58613260
2019-01-20,295.21,301.89,294.16,299.46,107555702
2019-01-21,303.28,303.4,295.97,302.01,146915545
2019-01-22,294.72,298.29,287.03,294.77,101646516
2019-01-23,314.35,320.03,303.79,304.7,99492811
2019-01-24,283.08,294.08,281.54,291.04,74856166
2019-01-25,296.7,309.87,286.42,300.87,172115075
2019-01-26,315.49,327.6,303.77,311.86,179313226
2019-01-27,312.02,314.21,299.35,308.58,94496900
2019-01-28,308.12,309.93,307.27,309.85,53558203
2019-01-29,310.3,321.09,305.82,319.05,130241550
2019-01-30,327.27,329.25,323.95,325.04,88699074
2019-01-31,324.86,335.31,322.84,326.67,105107800
2019-02-01,312.45,315.39,308.36,314.42,200294336
2019-02-02,324.3,328.16,321.56,323.78,158075931
2019-02-03,329.92,331.32,320.28,323.37,74500972
2019-02-04,324.61,348.8,311.41,335.41,120698292
2019-02-05,325.88,352.41,325.01,338.62,138146296
2019-02-06,338.93,348.33,336.81,340.51,103893590
2019-02-07,328.29,337.08,319.71,331.11,92049411
2019-02-08,312.11,335.27,311.3,324.85,86879209
2019-02-09,325.18,340.33,322.44,334.56,189200181
2019-02-10,341.7,353.02,341.22,343.83,175734081
2019-02-11,335.4,343.47,326.23,339.45,92707591
2019-02-12,340.67,342.48,338.96,341.19,144140513
2019-02-13,336.83,339.18,333.84,334.84,169691103
2019-02-14,324.11,328.24,306.95,323.74,171419185
2019-02-15,314.95,321.92,312.32,313.1,164049611
2019-02-16,315.31,323.97,311.74,315.09,94395260
2019-02-17,334.03,338.82,321.82,328.12,210755100
2019-02-18,351.43,359.98,336.57,349.16,235114432
2019-02-19,364.08,375.71,349.51,364.29,186431629
2019-02-20,365.04,377.48,362.58,372.37,150966498
2019-02-21,374.55,383.3,359.23,359.94,142734708
2019-02-22,352.27,370.23,351.95,363.27,146603809
2019-02-23,379.53,380.66,368.92,378.72,103120360
2019-02-24,365.09,380.27,354.37,364.27,97662139
2019-02-25,353.25,355.44,347.37,352.41,115204782
2019-02-26,340.73,348.02,331.7,337.6,166482466
2019-02-27,353.27,353.3,347.74,348.6,169271840
2019-02-28,363.68,366.91,359.88,362.86,200484981
2019-03-01,386.05,390.28,380.47,382.29,200821100
2019-03-02,374.15,378.96,368.98,370.77,86871728
2019-03-03,361.3,385.99,357.33,359.9,108919284
2019-03-04,356.89,366.13,353.83,362.84,119204624
2019-03-05,355.7,365.73,345.76,360.82,150075501
2019-03-06,356.97,364.3,350.08,358.43,86094091
2019-03-07,362.43,378.89,356.58,358.33,76720059
2019-03-08,367.14,369.94,358.85,362.17,114433331
2019-03-09,363.79,371.05,360.21,368.24,137934377
2019-03-10,379.43,387.07,362.24,366.85,125880329
2019-03-11,363.21,365.34,358.79,362.68,143434493
2019-03-12,370.14,375.14,363.39,368.32,156693822
2019-03-13,369.27,376.69,366.74,373.19,167531362
2019-03-14,398.66,407.52,394.1,397.0,190002250
2019-03-15,408.11,415.3,401.68,404.05,139892139
2019-03-16,398.32,401.79,389.42,399.54,128373308
2019-03-17,398.16,400.13,395.2,398.94,101139740
2019-03-18,394.42,399.01,379.5,397.63,145753191
2019-03-19,370.67,394.22,369.49,381.12,204574712
2019-03-20,390.87,394.74,390.58,392.8,115021609
2019-03-21,400.75,406.6,397.0,398.76,149298328
2019-03-22,407.18,414.98,389.32,395.66,82404375
2019-03-23,382.79,389.47,373.47,387.57,80747566
2019-03-24,400.38,404.65,378.14,398.07,160933704
2019-03-25,399.43,410.53,390.46,396.79,93565407
2019-03-26,400.83,405.27,388.1,397.68,89556281
2019-03-27,399.03,411.2,396.65,403.3,152021516
2019-03-28,393.38,397.69,390.59,390.89,122864882
2019-03-29,399.08,404.42,397.16,397.9,100019711
2019-03-30,395.83,396.28,393.92,394.88,61921092
2019-03-31,405.22,411.59,398.58,405.37,162406036
2019-04-01,399.26,403.96,398.91,402.21,71639529
2019-04-02,425.99,430.32,403.72,411.37,135323004
2019-04-03,396.85,399.14,392.58,395.3,158373958
2019-04-04,401.42,401.59,397.63,400.29,150279469
2019-04-05,396.87,407.99,395.62,400.98,110965787
2019-04-06,402.34,414.28,400.32,401.75,105715556
2019-04-07,398.85,401.76,394.36,401.5,116710431
2019-04-08,396.05,405.26,393.24,405.18,84733495
2019-04-09,423.61,438.44,422.72,424.47,104826661
2019-04-10,420.29,425.01,409.41,419.6,140333892
2019-04-11,406.62,420.04,390.61,407.25,161651936
2019-04-12,419.64,422.1,410.53,415.02,88629388
2019-04-13,411.02,426.73,402.95,426.0,99697278
2019-04-14,427.06,427.27,423.27,424.98,77893631
2019-04-15,431.76,434.64,427.35,430.76,149509898
2019-04-16,439.59,447.1,429.23,439.33,68543979
2019-04-17,459.86,469.72,456.31,458.57,130243081
2019-04-18,463.89,464.54,460.73,464.26,121747136
2019-04-19,440.66,483.49,439.15,450.17,91044312
2019-04-20,462.99,472.86,438.75,454.14,145104025
2019-04-21,430.27,469.6,422.79,441.09,156944992
2019-04-22,468.2,473.61,464.93,470.41,186491455
2019-04-23,452.31,471.57,424.25,452.5,144055121
2019-04-24,441.57,459.63,430.5,451.91,89152163
2019-04-25,429.84,447.64,410.06,438.01,175727405
2019-04-26,430.34,439.57,425.91,437.54,64595258
2019-04-27,419.84,429.79,402.45,420.92,73452552
2019-04-28,415.96,419.92,406.26,409.77,153325415
2019-04-29,402.92,415.03,402.52,407.56,154147665
2019-04-30,421.53,429.3,417.99,423.78,77691223
2019-05-01,424.06,425.85,415.96,422.57,69285363
2019-05-02,430.1,431.65,409.14,429.42,170546122
2019-05-03,450.97,454.62,432.82,441.27,178805601
2019-05-04,412.9,417.65,409.25,413.88,136151567
2019-05-05,399.65,451.08,396.52,415.9,148454684
2019-05-06,416.67,417.72,407.06,413.98,101206291
2019-05-07,422.4,448.68,421.9,422.85,95485817
2019-05-08,425.64,430.16,421.03,428.4,116195334
2019-05-09,435.95,439.59,425.22,436.97,107465770
2019-05-10,427.29,459.03,426.02,429.9,148602964
2019-05-11,446.86,453.47,435.39,441.47,148682239
2019-05-12,419.36,438.1,416.34,429.12,175730455
2019-05-13,443.07,447.96,434.55,440.55,135220567
2019-05-14,444.97,446.34,439.63,443.66,151034315
2019-05-15,471.41,484.23,433.14,448.78,110603102
2019-05-16,459.8,460.16,453.07,455.18,58105810
2019-05-17,494.38,500.72,481.17,485.3,156650699
2019-05-18,499.02,518.92,497.16,507.27,192464539
2019-05-19,508.87,511.73,499.03,503.69,96752055
2019-05-20,489.13,505.11,484.65,500.52,69356041
2019-05-21,495.76,502.14,489.6,501.03,115645527
2019-05-22,512.87,521.66,499.28,506.64,145298682
2019-05-23,502.67,518.28,501.71,516.26,67745799
2019-05-24,518.82,523.45,498.16,510.74,106493045
2019-05-25,514.54,521.07,507.73,521.03,69674365
2019-05-26,530.33,538.32,509.53,514.49,148919912
2019-05-27,517.24,523.96,513.59,521.97,92146845
2019-05-28,523.93,526.59,511.93,517.55,131693824
2019-05-29,517.89,529.35,516.02,518.04,129522998
2019-05-30,509.74,509.91,505.34,509.88,123339074
2019-05-31,507.48,516.77,505.57,508.15,80619170
2019-06-01,480.19,490.08,478.13,483.34,189907275
2019-06-02,459.45,469.05,452.14,468.67,173114260
2019-06-03,468.78,478.44,466.29,471.58,80668688
2019-06-04,470.19,470.95,464.34,465.41,161950473
2019-06-05,461.87,463.41,457.42,460.99,92687544
2019-06-06,478.92,483.02,473.54,475.69,193584193
2019-06-07,488.41,493.6,477.89,485.48,109795132
2019-06-08,480.72,483.1,478.87,480.8,63533995
2019-06-09,488.89,492.34,477.24,482.83,141128562
2019-06-10,472.9,473.0,463.35,471.29,102667805
2019-06-11,473.14,486.5,462.37,466.98,106658593
2019-06-12,455.24,460.82,454.25,459.05,133925982
2019-06-13,452.9,463.46,428.08,460.23,142730833
2019-06-14,456.17,464.44,456.0,458.14,128139914
2019-06-15,464.52,473.3,440.44,460.63,66432395
2019-06-16,470.14,476.82,462.99,465.35,80611072
2019-06-17,499.66,508.33,478.31,483.79,186535039
2019-06-18,498.02,503.85,472.59,496.7,106452264
2019-06-19,515.35,518.23,499.05,507.77,65134275
2019-06-20,507.29,511.73,490.13,499.01,83819792
2019-06-21,499.77,515.77,479.38,501.89,132872659
2019-06-22,543.24,551.9,521.01,528.15,120470534
2019-06-23,523.01,549.75,520.43,541.15,152837267
2019-06-24,547.97,563.15,544.2,562.49,166335193
2019-06-25,548.91,554.27,540.12,550.49,75165288
2019-06-26,565.22,579.05,564.25,564.88,117648430
2019-06-27,598.3,609.23,589.32,604.89,120371183
2019-06-28,604.67,615.64,573.94,586.33,173544832
2019-06-29,593.6,607.04,588.54,593.73,116931894
2019-06-30,578.87,608.54,567.68,601.54,161942144
2019-07-01,605.74,607.35,600.01,604.16,109264433
2019-07-02,651.01,669.91,624.69,644.69,212308811
2019-07-03,630.23,631.84,626.66,629.93,95597664
2019-07-04,619.42,620.77,584.53,608.96,113186452
2019-07-05,602.73,610.39,598.73,602.64,96429495
2019-07-06,583.62,590.62,573.9,583.32,73398473
2019-07-07,580.8,589.1,578.15,583.13,76106464
2019-07-08,580.62,594.89,578.46,591.69,94396618
2019-07-09,613.04,633.02,585.23,593.93,78207458
2019-07-10,623.0,632.2,611.93,615.48,178180279
2019-07-11,608.59,614.39,599.5,605.8,136730856
2019-07-12,621.18,628.73,583.34,620.75,183396068
2019-07-13,613.77,621.4,598.17,617.92,111688749
2019-07-14,620.62,642.73,618.32,620.9,111425451
2019-07-15,643.44,643.54,620.27,620.9,101432323
2019-07-16,600.74,603.14,591.52,600.4,136947621
2019-07-17,587.93,606.25,578.94,594.84,71988220
2019-07-18,624.92,625.84,582.25,604.7,162752199
2019-07-19,586.7,601.13,582.03,597.26,121829031
2019-07-20,577.25,579.89,553.61,578.92,141957435
2019-07-21,571.82,593.57,560.96,571.74,86481132
2019-07-22,590.2,592.59,569.35,581.6,107569287
2019-07-23,583.9,600.92,582.35,595.49,123354628
2019-07-24,599.81,615.27,574.51,592.81,111734715
2019-07-25,587.55,589.35,573.86,583.89,135597010
2019-07-26,574.13,580.18,529.88,577.07,67911923
2019-07-27,548.79,555.72,544.44,548.41,201104422
2019-07-28,537.66,545.47,535.77,544.4,149618724
2019-07-29,547.78,548.29,532.17,545.05,97808908
2019-07-30,539.33,558.98,527.77,539.46,62841871
2019-07-31,538.71,578.47,535.16,562.23,123986841
2019-08-01,580.59,580.67,567.18,572.56,85470055
2019-08-02,578.77,579.67,568.78,576.35,58298687
2019-08-03,577.31,588.0,570.02,578.31,81070860
2019-08-04,563.08,576.62,560.77,575.75,98134432
2019-08-05,601.02,614.08,590.9,607.24,228469382
2019-08-06,603.29,604.15,594.36,598.71,126612620
2019-08-07,569.34,575.5,567.56,568.5,156575764
2019-08-08,582.41,597.61,578.55,581.51,157374045
2019-08-09,597.42,601.56,589.66,590.33,84973663
2019-08-10,577.28,594.34,566.43,577.43,125031399
2019-08-11,553.59,569.0,545.39,550.02,128291189
2019-08-12,553.56,559.34,552.06,555.62,89978477
2019-08-13,548.32,558.07,547.15,552.41,104258919
2019-08-14,573.92,580.35,565.03,574.97,188694257
2019-08-15,616.98,623.26,607.14,614.8,153858122
2019-08-16,600.85,612.19,591.67,611.09,79249227
2019-08-17,613.86,672.43,602.41,634.3,111932566
2019-08-18,644.2,656.7,637.5,646.0,176985923
2019-08-19,676.94,696.83,625.1,643.43,92171009
2019-08-20,620.1,626.3,608.9,615.74,109609070
2019-08-21,645.44,649.08,613.02,635.22,142453512
2019-08-22,649.36,658.15,646.08,654.35,177299485
2019-08-23,651.75,658.32,613.21,655.02,150934289
2019-08-24,642.33,655.66,620.92,638.4,94406950
2019-08-25,642.48,649.58,633.45,645.45,64385389
2019-08-26,622.6,661.02,622.27,646.35,79357398
2019-08-27,635.2,638.7,613.04,637.76,63486272
2019-08-28,638.94,643.66,626.54,637.42,85007586
2019-08-29,613.41,619.31,603.8,618.3,138615718
2019-08-30,621.99,645.69,557.45,616.48,116447806
2019-08-31,640.41,643.95,637.34,641.63,118426754
2019-09-01,639.48,664.23,635.33,663.85,158679965
2019-09-02,654.4,667.42,646.61,655.23,143422625
2019-09-03,651.52,659.83,640.76,652.56,118523603
2019-09-04,662.08,674.9,657.58,672.02,134486941
2019-09-05,639.45,676.14,624.17,659.31,177981017
2019-09-06,675.87,682.15,666.0,674.68,136545519
2019-09-07,688.82,690.99,681.46,686.85,171483760
2019-09-08,709.02,722.83,690.9,704.93,111307116
2019-09-09,681.02,688.08,665.26,687.79,111666234
2019-09-10,692.95,697.25,658.59,673.02,145733557
2019-09-11,654.01,665.67,648.09,654.49,83356155
2019-09-12,632.92,636.59,603.78,627.77,131400713
2019-09-13,609.27,637.78,608.77,624.73,135875357
2019-09-14,638.27,639.75,604.42,617.93,148149243
2019-09-15,592.52,616.19,570.67,607.58,144508700
2019-09-16,584.13,592.78,584.09,586.61,96304166
2019-09-17,569.44,576.07,566.08,569.69,175058599
2019-09-18,581.69,600.3,566.26,585.59,84993258
2019-09-19,571.98,595.03,564.65,577.6,70169559
2019-09-20,603.81,603.88,569.08,599.93,187013573
2019-09-21,611.61,623.56,602.75,606.67,147896932
2019-09-22,620.23,639.01,597.13,618.19,137818163
2019-09-23,621.81,641.77,569.76,610.88,122943141
2019-09-24,617.76,624.01,600.93,614.81,61911769
2019-09-25,591.31,612.57,580.44,604.06,155863128
2019-09-26,598.57,612.22,595.81,605.08,93233454
2019-09-27,595.9,615.25,594.22,603.14,69586661
2019-09-28,622.84,623.52,619.49,622.14,95042674
2019-09-29,637.49,638.2,626.3,628.87,138058430
2019-09-30,608.57,614.46,606.84,608.85,153153063
2019-10-01,596.98,604.82,589.19,595.58,169006153
2019-10-02,578.55,587.1,563.37,580.56,139443661
2019-10-03,593.51,603.65,593.14,596.46,190249918
2019-10-04,602.68,613.75,586.95,588.76,112634487
2019-10-05,587.6,595.31,584.58,594.89,62330714
2019-10-06,593.78,606.5,586.8,599.88,100723036
2019-10-07,563.63,580.83,559.06,578.6,120857881
2019-10-08,617.2,617.47,587.45,601.36,120650376
2019-10-09,617.34,619.76,596.21,612.71,169042687
2019-10-10,586.73,599.44,585.27,592.25,165032388
2019-10-11,586.84,588.25,566.36,567.31,149534260
2019-10-12,575.56,581.45,565.23,576.53,92895651
2019-10-13,588.63,618.04,571.48,614.72,202869421
2019-10-14,635.31,643.55,625.16,636.63,201539755
2019-10-15,640.89,657.89,620.57,643.06,76571980
2019-10-16,671.89,684.01,658.37,677.19,91711456
2019-10-17,667.16,692.1,666.51,673.02,125046062
2019-10-18,706.3,709.85,691.94,695.82,74724397
2019-10-19,716.34,725.28,716.11,721.92,189871118
2019-10-20,725.5,731.35,691.49,726.37,97277988
2019-10-21,729.44,740.75,692.72,705.56,94116581
2019-10-22,741.02,747.92,715.68,718.31,116488670
2019-10-23,714.75,727.73,670.67,712.57,121292074
2019-10-24,743.01,755.97,721.21,743.02,204911021
2019-10-25,713.38,733.37,679.92,696.37,161958305
2019-10-26,701.81,717.79,696.39,710.95,112033950
2019-10-27,707.25,720.65,687.76,712.73,75425165
2019-10-28,694.05,700.63,693.03,697.87,75091890
2019-10-29,708.05,716.59,703.82,709.74,127923399
2019-10-30,684.19,687.08,675.45,685.85,106682462
2019-10-31,723.3,738.96,702.72,715.76,179171049
2019-11-01,708.31,725.58,704.97,706.07,90387740
2019-11-02,682.29,689.34,677.73,683.32,158645143
2019-11-03,681.01,684.04,670.72,680.27,145604363
2019-11-04,684.06,700.3,656.39,680.53,51147744
2019-11-05,720.58,725.4,709.42,711.73,139801184
2019-11-06,699.49,718.06,679.06,703.66,84672431
2019-11-07,730.75,743.71,706.44,716.51,131414762
2019-11-08,713.93,749.34,703.5,703.89,67309647
2019-11-09,672.53,720.41,657.77,712.64,89418604
2019-11-10,744.97,755.63,707.98,725.7,86062974
2019-11-11,751.19,766.04,740.93,747.86,100570546
2019-11-12,751.57,754.67,737.3,748.64,86802736
2019-11-13,723.33,741.95,719.15,731.4,136654394
2019-11-14,715.63,726.39,704.22,720.76,92723321
2019-11-15,724.44,737.03,707.28,733.97,70206110
2019-11-16,738.4,740.78,718.43,731.02,96447915
2019-11-17,695.22,702.56,687.72,700.26,152471118
2019-11-18,688.71,716.78,665.16,712.52,108151127
2019-11-19,706.92,714.3,683.66,707.32,56659467
2019-11-20,712.36,718.24,706.2,709.57,150732000
2019-11-21,712.36,718.06,707.14,710.58,106633000
2019-11-22,666.93,709.23,650.56,701.63,136644273
2019-11-23,694.06,708.8,692.95,704.91,78779607
2019-11-24,708.89,711.28,707.2,710.55,85350786
2019-11-25,743.84,756.15,715.71,718.26,77926172
2019-11-26,713.93,738.02,697.91,716.57,73646261
2019-11-27,715.14,721.21,661.25,691.43,103559464
2019-11-28,659.1,678.08,651.48,664.62,98506171
2019-11-29,700.24,714.97,690.42,706.59,230069871
2019-11-30,746.22,749.64,727.36,743.79,203892172
2019-12-01,773.85,774.82,754.6,760.98,139098115
2019-12-02,740.47,758.82,720.12,754.77,136152096
2019-12-03,732.58,736.18,727.35,731.89,105082082
2019-12-04,687.18,723.82,678.94,715.11,128718754
2019-12-05,722.98,724.15,691.59,705.25,75462588
2019-12-06,651.38,662.48,650.92,657.45,158716847
2019-12-07,655.77,674.77,653.7,664.26,87492253
2019-12-08,685.66,696.21,680.29,691.8,130460783
2019-12-09,682.22,695.76,675.91,691.03,66762896
2019-12-10,689.5,713.94,686.04,692.58,136551133
2019-12-11,717.1,720.88,703.93,710.08,175286355
2019-12-12,735.53,736.83,725.07,726.98,143470457
2019-12-13,725.69,734.68,715.05,725.34,134318366
2019-12-14,731.29,739.59,703.01,717.06,97903153
2019-12-15,738.73,815.47,689.12,744.11,102949977
2019-12-16,741.61,798.08,707.66,763.27,66641131
2019-12-17,760.33,803.47,755.03,779.89,134994672
2019-12-18,788.77,814.42,772.45,805.6,92040175
2019-12-19,813.15,825.39,763.51,799.88,134133790
2019-12-20,774.94,795.26,767.64,783.87,74186633
2019-12-21,806.94,827.01,802.07,817.28,130901678
2019-12-22,804.04,806.72,803.42,803.94,124378057
2019-12-23,822.16,835.15,814.82,829.37,74432738
2019-12-24,828.04,828.49,803.09,810.67,86009188
2019-12-25,797.36,797.69,777.11,793.95,103414061
2019-12-26,737.04,770.78,724.0,751.13,142127111
2019-12-27,760.27,770.14,752.56,760.41,111916810
2019-12-28,746.95,757.38,728.08,753.67,137375805
2019-12-29,764.73,770.42,731.31,749.12,60588932
