Date,Open,High,Low,Close,Volume
2010-01-01,19.25,19.82,18.97,19.25,113964011
2010-01-02,19.52,19.71,19.15,19.62,166490546
2010-01-03,19.59,20.0,19.58,19.76,121179677
2010-01-04,21.34,21.4,20.64,21.05,82929049
2010-01-05,21.39,21.54,20.91,21.28,135938526
2010-01-06,21.52,21.86,20.92,21.26,93579900
2010-01-07,21.46,22.12,21.35,21.88,96165027
2010-01-08,21.05,21.64,20.99,21.37,160495243
2010-01-09,21.14,21.19,19.9,20.71,180118026
2010-01-10,20.13,20.25,19.67,20.14,94421304
2010-01-11,20.82,20.9,20.15,20.15,59631903
2010-01-12,18.98,19.39,18.81,19.1,169019405
2010-01-13,18.32,18.67,18.12,18.34,82791187
2010-01-14,17.99,19.27,17.67,18.42,124417953
2010-01-15,17.93,18.84,17.84,18.68,146246453
2010-01-16,18.24,19.19,18.04,18.46,138188534
2010-01-17,18.0,18.3,17.75,18.21,93582147
2010-01-18,17.42,18.01,17.29,17.85,101281087
2010-01-19,17.83,18.06,17.44,17.7,59783061
2010-01-20,18.11,18.17,18.02,18.08,130615881
2010-01-21,19.41,19.75,19.13,19.29,86875977
2010-01-22,20.56,21.3,19.79,20.3,124825743
2010-01-23,20.51,20.67,18.93,19.62,151998507
2010-01-24,21.18,21.44,21.1,21.18,252347085
2010-01-25,21.01,21.28,20.52,21.11,69618719
2010-01-26,22.0,24.16,21.53,21.87,124963870
2010-01-27,19.92,21.27,19.77,20.17,186560414
2010-01-28,19.9,20.41,19.76,20.22,84069232
2010-01-29,20.58,20.69,20.13,20.54,69218400
2010-01-30,21.29,21.96,21.03,21.06,166048575
2010-01-31,21.17,21.19,20.75,20.99,69560206
2010-02-01,20.82,20.98,20.74,20.95,124138979
2010-02-02,21.08,21.15,19.57,20.43,82847807
2010-02-03,20.22,20.69,19.97,20.48,146335985
2010-02-04,20.62,20.85,20.04,20.47,131087878
2010-02-05,20.45,21.08,20.24,20.55,68708663
2010-02-06,21.63,21.98,20.92,21.1,156141512
2010-02-07,20.55,21.59,20.52,21.26,124019893
2010-02-08,21.66,21.73,21.1,21.38,137029092
2010-02-09,21.67,21.82,21.54,21.57,162792818
2010-02-10,22.54,22.66,21.47,21.71,127926433
2010-02-11,23.84,23.87,21.82,22.98,212531589
2010-02-12,22.28,23.47,22.15,23.32,91556938
2010-02-13,21.98,22.61,21.87,22.32,121125189
2010-02-14,21.76,22.4,21.73,22.12,75575263
2010-02-15,22.52,22.93,22.42,22.69,124148234
2010-02-16,22.62,22.86,22.16,22.71,53016163
2010-02-17,22.36,22.6,21.88,22.11,85476200
2010-02-18,19.98,21.63,19.93,20.96,107764637
2010-02-19,21.31,22.2,20.97,21.25,122248514
2010-02-20,21.63,21.67,21.54,21.6,140946560
2010-02-21,22.32,22.42,21.58,21.76,93062047
2010-02-22,22.08,22.52,20.19,21.24,176618597
2010-02-23,20.4,21.69,20.36,21.47,102692344
2010-02-24,21.52,22.51,20.8,22.07,139667988
2010-02-25,20.58,21.18,19.62,20.88,138057645
2010-02-26,21.47,22.86,21.2,21.39,100644924
2010-02-27,19.86,23.87,19.77,21.55,58542707
2010-02-28,22.83,22.84,22.47,22.5,187425270
2010-03-01,21.98,22.77,21.19,22.31,136470536
2010-03-02,21.67,21.8,21.22,21.62,68328960
2010-03-03,21.24,21.31,21.1,21.31,84477269
2010-03-04,21.55,21.62,21.4,21.51,149311642
2010-03-05,21.92,22.17,21.39,21.88,71084746
2010-03-06,21.43,23.1,20.92,21.01,121345770
2010-03-07,20.83,21.87,20.79,21.51,118960799
2010-03-08,20.95,21.17,20.74,20.89,116813275
2010-03-09,21.36,21.91,19.99,21.48,141437300
2010-03-10,22.02,22.26,20.82,22.14,133151219
2010-03-11,21.92,22.16,21.74,22.16,131030795
2010-03-12,23.28,23.44,22.62,22.89,181251068
2010-03-13,25.04,25.15,23.66,24.35,155439722
2010-03-14,23.05,24.06,22.65,23.09,77349295
2010-03-15,24.34,24.36,23.68,24.27,112390243
2010-03-16,24.91,24.91,24.79,24.79,87199750
2010-03-17,24.36,28.0,23.66,25.57,155848391
2010-03-18,26.55,26.74,26.43,26.74,90966025
2010-03-19,25.97,26.73,24.68,26.44,62118523
2010-03-20,26.44,27.35,25.33,26.46,114891962
2010-03-21,26.85,27.01,26.56,26.81,68395244
2010-03-22,26.63,27.43,26.06,26.92,57445720
2010-03-23,27.23,27.32,26.65,26.68,72072176
2010-03-24,26.61,27.35,26.19,26.69,112535035
2010-03-25,26.0,26.81,23.82,25.2,225098621
2010-03-26,24.82,25.86,24.75,25.21,103760699
2010-03-27,25.26,25.34,24.85,25.28,71530148
2010-03-28,26.21,26.91,25.98,26.42,144343140
2010-03-29,25.88,26.31,25.64,25.67,164471050
2010-03-30,25.54,25.78,24.51,25.61,122209684
2010-03-31,26.58,26.8,25.55,26.19,83496939
2010-04-01,24.9,25.72,24.72,25.53,153278290
2010-04-02,24.33,24.43,23.49,23.93,192623390
2010-04-03,24.64,25.2,24.38,24.71,125157342
2010-04-04,23.97,24.06,23.88,23.9,94320719
2010-04-05,23.92,24.45,22.39,23.05,138076050
2010-04-06,22.17,22.96,22.15,22.89,66573320
2010-04-07,22.05,22.17,21.38,22.13,166392968
2010-04-08,21.56,21.94,21.24,21.59,177029719
2010-04-09,22.52,22.83,21.97,22.52,106269605
2010-04-10,21.79,22.53,21.67,22.26,93447875
2010-04-11,22.84,23.83,21.51,22.69,85932763
2010-04-12,23.71,23.93,22.47,23.08,77054218
2010-04-13,23.65,24.56,22.86,24.05,99578980
2010-04-14,24.49,24.55,22.74,23.98,149928986
2010-04-15,23.04,23.6,22.88,23.49,180380316
2010-04-16,23.1,23.79,23.03,23.57,84699220
2010-04-17,23.57,24.76,23.38,23.96,161031195
2010-04-18,23.27,23.55,22.65,22.88,211811290
2010-04-19,23.42,23.88,22.67,23.02,139047845
2010-04-20,22.64,22.66,22.41,22.62,163713704
2010-04-21,22.93,23.14,21.7,22.52,138795624
2010-04-22,22.36,22.92,21.87,22.43,102199969
2010-04-23,23.22,24.13,22.7,23.27,109818072
2010-04-24,24.63,24.64,23.79,24.34,214697169
2010-04-25,24.14,25.63,23.24,24.12,62168665
2010-04-26,24.99,25.08,24.16,24.78,63700330
2010-04-27,23.14,24.17,22.41,23.27,211535112
2010-04-28,22.87,23.07,22.43,22.98,93821649
2010-04-29,22.47,22.79,22.19,22.54,127376116
2010-04-30,20.71,22.33,20.21,21.42,159844079
2010-05-01,22.47,23.52,22.46,23.39,192137327
2010-05-02,24.24,24.88,24.11,24.39,175444125
2010-05-03,24.18,24.78,24.1,24.38,58576855
2010-05-04,24.76,25.54,24.72,24.81,82474032
2010-05-05,23.83,23.84,22.99,23.56,191984003
2010-05-06,23.34,23.8,23.09,23.49,94929109
2010-05-07,23.63,24.12,22.71,22.71,100264793
2010-05-08,23.35,23.51,22.74,22.89,125619630
2010-05-09,21.98,23.16,21.85,22.17,114387650
2010-05-10,21.57,21.68,21.3,21.63,185407215
2010-05-11,22.16,22.23,21.18,21.99,160234694
2010-05-12,22.33,22.6,21.99,22.25,150815897
2010-05-13,22.38,23.13,22.06,22.1,113056179
2010-05-14,21.7,22.4,21.69,22.11,82081860
2010-05-15,22.63,23.06,22.31,22.61,106460728
2010-05-16,21.57,22.9,20.14,22.55,141367258
2010-05-17,23.24,23.7,22.05,23.48,180891010
2010-05-18,22.23,22.72,21.8,22.3,201105683
2010-05-19,23.18,23.36,22.38,22.67,147322125
2010-05-20,23.63,23.74,23.09,23.34,120389944
2010-05-21,23.63,24.9,23.34,24.1,190309700
2010-05-22,25.07,25.21,24.66,24.95,144727667
2010-05-23,24.69,24.92,24.65,24.67,113551469
2010-05-24,24.16,25.42,22.4,24.03,170667256
2010-05-25,24.65,25.16,24.24,24.71,88739384
2010-05-26,25.28,25.37,25.26,25.28,80435532
2010-05-27,24.25,24.6,24.24,24.3,134929082
2010-05-28,23.58,23.75,23.41,23.44,129178927
2010-05-29,22.71,23.27,22.41,22.86,74758929
2010-05-30,23.55,24.62,22.61,23.4,148086020
2010-05-31,23.86,24.12,23.32,23.53,80523696
2010-06-01,23.42,23.88,23.1,23.4,129901585
2010-06-02,23.87,24.06,23.23,23.57,107050423
2010-06-03,24.3,25.25,24.06,24.6,96301714
2010-06-04,24.81,25.12,24.51,25.09,139856582
2010-06-05,24.58,24.9,24.07,24.34,76363024
2010-06-06,24.32,24.35,23.94,24.28,103278226
2010-06-07,24.2,25.23,23.87,24.17,58578039
2010-06-08,24.07,24.14,23.54,24.05,106314728
2010-06-09,24.21,24.64,23.65,24.08,115500688
2010-06-10,25.23,25.92,24.33,24.83,99958984
2010-06-11,24.78,24.81,24.36,24.78,136337384
2010-06-12,26.33,26.48,24.28,25.21,62974847
2010-06-13,24.81,25.05,24.73,25.03,128538218
2010-06-14,24.03,25.4,22.23,24.57,100892074
2010-06-15,24.26,25.1,24.22,24.7,97892531
2010-06-16,26.05,26.11,25.27,25.51,172823708
2010-06-17,23.75,24.72,23.2,24.51,148203294
2010-06-18,25.98,26.15,25.8,26.08,177239433
2010-06-19,25.97,26.62,25.15,25.51,147994966
2010-06-20,26.14,26.31,24.43,25.05,137176592
2010-06-21,23.55,23.63,22.35,23.54,233432136
2010-06-22,22.82,23.54,22.67,22.74,96516116
2010-06-23,21.34,21.47,20.83,20.83,142537331
2010-06-24,20.64,21.15,20.5,20.53,110450542
2010-06-25,19.57,19.71,19.45,19.58,161739049
2010-06-26,20.17,20.27,19.77,19.93,59720097
2010-06-27,19.43,21.3,18.61,19.31,105127154
2010-06-28,19.82,19.93,19.54,19.68,177184290
2010-06-29,19.38,19.41,18.79,19.33,59229426
2010-06-30,21.19,21.75,20.42,20.93,152081938
2010-07-01,20.57,20.62,20.3,20.6,127343558
2010-07-02,21.97,22.35,19.97,21.37,196730546
2010-07-03,21.51,21.57,21.22,21.26,63137645
2010-07-04,21.19,22.28,19.64,20.83,103563478
2010-07-05,21.22,22.05,20.56,20.66,143722841
2010-07-06,21.21,22.99,20.81,21.34,168685007
2010-07-07,19.99,20.46,19.93,20.43,93639085
2010-07-08,20.53,20.91,20.04,20.35,121441742
2010-07-09,20.51,21.3,20.27,20.68,86048673
2010-07-10,20.7,20.79,20.57,20.72,52943011
2010-07-11,20.5,20.77,20.29,20.53,101397834
2010-07-12,20.43,22.02,19.83,20.65,112724820
2010-07-13,21.06,21.16,19.34,20.87,162856040
2010-07-14,21.22,21.47,20.15,20.89,111974402
2010-07-15,21.43,21.67,21.17,21.49,141738261
2010-07-16,22.58,22.78,22.54,22.57,197888094
2010-07-17,22.84,23.04,22.26,22.42,104361311
2010-07-18,21.94,22.27,20.91,21.73,129148106
2010-07-19,21.87,22.16,21.67,21.92,154939975
2010-07-20,20.93,20.99,20.33,20.67,109624356
2010-07-21,19.13,21.01,18.96,20.45,110892843
2010-07-22,20.42,20.53,19.49,20.03,168467902
2010-07-23,18.82,20.1,18.3,19.37,164654812
2010-07-24,19.44,19.67,19.4,19.51,136507024
2010-07-25,18.27,18.34,18.26,18.27,220089199
2010-07-26,18.07,18.42,17.4,17.78,129696297
2010-07-27,17.8,17.9,17.37,17.77,128299462
2010-07-28,17.99,18.64,17.61,18.35,95110007
2010-07-29,18.78,18.92,18.45,18.46,145035458
2010-07-30,17.8,18.05,17.77,17.91,150115953
2010-07-31,17.34,18.71,17.22,18.17,104030257
2010-08-01,19.05,20.36,18.81,18.96,208425877
2010-08-02,19.26,19.39,19.04,19.28,164343422
2010-08-03,19.62,19.75,18.93,19.46,145754945
2010-08-04,20.05,20.06,19.04,19.14,124780422
2010-08-05,18.79,19.24,18.76,19.13,109971455
2010-08-06,18.23,18.71,18.23,18.48,189559160
2010-08-07,18.88,19.02,18.82,19.0,97423544
2010-08-08,19.14,19.77,19.07,19.41,136315957
2010-08-09,19.32,19.58,19.21,19.47,59736734
2010-08-10,21.42,21.43,19.41,19.98,117067518
2010-08-11,20.82,21.03,19.91,20.51,161278490
2010-08-12,20.25,20.45,19.19,20.24,90286647
2010-08-13,20.09,20.94,19.66,20.04,70435868
2010-08-14,20.84,20.97,20.78,20.92,144387105
2010-08-15,21.07,21.41,20.08,21.1,161924666
2010-08-16,20.01,21.21,19.32,20.25,174129595
2010-08-17,20.67,21.07,20.07,20.2,61345515
2010-08-18,20.72,21.24,20.34,20.81,103441397
2010-08-19,20.14,20.8,19.61,20.37,95852235
2010-08-20,21.57,21.71,21.01,21.2,104703009
2010-08-21,21.58,22.19,21.2,21.34,87299211
2010-08-22,20.33,20.94,20.31,20.94,161663786
2010-08-23,20.75,20.88,20.39,20.56,86902963
2010-08-24,21.17,21.81,21.0,21.09,116896438
2010-08-25,20.48,21.23,19.88,20.45,133235143
2010-08-26,21.58,21.81,20.57,21.4,168682866
2010-08-27,21.88,22.27,20.81,21.59,134493140
2010-08-28,21.45,21.94,21.12,21.27,166112931
2010-08-29,22.36,22.47,21.29,21.34,57183163
2010-08-30,21.5,22.01,20.46,21.25,110207332
2010-08-31,21.15,21.22,20.95,21.17,69835780
2010-09-01,20.98,21.1,20.58,20.68,72528479
2010-09-02,21.58,21.58,20.72,21.38,130290878
2010-09-03,22.14,22.35,21.01,21.86,72220837
2010-09-04,21.41,21.5,21.39,21.44,71851233
2010-09-05,20.97,21.24,20.57,20.76,70557964
2010-09-06,20.76,21.91,20.27,21.25,102233636
2010-09-07,20.48,22.42,20.25,22.26,218735194
2010-09-08,22.17,22.27,22.1,22.18,116241265
2010-09-09,20.73,21.23,20.69,20.92,101007922
2010-09-10,22.09,22.31,21.57,22.12,166980107
2010-09-11,21.29,22.36,20.68,20.77,153385517
2010-09-12,20.81,21.0,20.4,20.75,96075407
2010-09-13,21.71,21.95,20.62,21.68,118832285
2010-09-14,20.1,20.63,19.87,20.55,181551563
2010-09-15,21.03,21.12,20.58,20.93,92354405
2010-09-16,20.69,21.06,20.46,21.03,154266194
2010-09-17,21.83,21.97,21.79,21.95,213978330
2010-09-18,22.11,22.2,20.71,21.6,112124809
2010-09-19,21.03,21.43,20.45,21.43,112663167
2010-09-20,22.05,22.84,21.86,22.18,156093335
2010-09-21,21.74,23.06,21.55,22.68,173880976
2010-09-22,22.19,23.57,22.02,22.58,56262673
2010-09-23,22.61,23.1,21.93,22.47,135716467
2010-09-24,22.41,22.95,21.81,22.62,59247169
2010-09-25,23.39,24.43,23.01,23.2,107428101
2010-09-26,23.22,23.92,22.69,22.86,96254380
2010-09-27,21.64,21.78,21.19,21.42,205314160
2010-09-28,21.75,22.08,20.76,21.34,139350451
2010-09-29,21.31,22.31,21.25,21.82,84601398
2010-09-30,21.9,22.17,21.78,22.01,145097790
2010-10-01,22.3,22.51,22.08,22.38,105029482
2010-10-02,20.46,22.12,18.85,21.53,102456090
2010-10-03,19.99,21.11,19.78,20.79,133151344
2010-10-04,20.97,21.1,20.49,20.73,112923874
2010-10-05,21.02,23.25,20.8,21.17,74240573
2010-10-06,20.58,22.0,19.88,20.52,141491746
2010-10-07,21.46,22.15,20.5,21.02,131695230
2010-10-08,20.86,22.18,20.49,20.53,72227345
2010-10-09,20.45,20.47,19.31,19.81,171526691
2010-10-10,19.71,20.97,19.62,20.37,92671709
2010-10-11,21.41,21.41,19.98,20.74,99095337
2010-10-12,19.49,20.49,19.37,20.46,122574505
2010-10-13,20.36,20.56,20.13,20.45,144110409
2010-10-14,20.71,20.75,20.51,20.66,145999192
2010-10-15,20.3,20.63,20.1,20.1,73137668
2010-10-16,21.51,21.53,20.65,20.86,130598794
2010-10-17,20.6,21.01,20.43,20.88,88881897
2010-10-18,19.76,19.92,19.12,19.28,269055019
2010-10-19,18.5,19.41,17.73,18.42,131363544
2010-10-20,17.82,18.93,17.67,18.03,102093554
2010-10-21,18.48,18.52,17.59,18.35,150389202
2010-10-22,19.78,19.82,18.81,19.22,176244607
2010-10-23,19.92,20.79,19.68,20.17,153800394
2010-10-24,21.13,21.71,20.76,20.94,82602985
2010-10-25,19.97,20.12,19.97,20.06,133006285
2010-10-26,20.9,21.2,19.92,20.28,143637176
2010-10-27,19.09,20.83,19.0,20.04,164136547
2010-10-28,20.44,20.86,20.29,20.38,80855110
2010-10-29,20.06,20.37,19.99,20.11,61883832
2010-10-30,20.26,20.41,19.52,19.68,112645096
2010-10-31,18.6,18.89,18.31,18.75,181308635
2010-11-01,19.38,20.18,19.15,19.22,127261289
2010-11-02,18.69,18.9,18.22,18.89,62409702
2010-11-03,19.27,19.76,18.83,19.76,171986987
2010-11-04,19.81,19.87,19.28,19.39,161757141
2010-11-05,19.16,19.18,19.07,19.14,84970967
2010-11-06,17.79,18.4,17.77,17.89,116309042
2010-11-07,17.7,17.78,17.28,17.45,133684128
2010-11-08,17.37,17.44,17.17,17.24,134823270
2010-11-09,18.0,18.27,17.32,17.65,80275591
2010-11-10,17.53,18.16,17.12,17.88,159660603
2010-11-11,17.55,17.81,17.53,17.65,157840830
2010-11-12,17.67,18.62,17.42,18.01,155189372
2010-11-13,17.86,17.98,17.44,17.93,97586031
2010-11-14,18.39,18.88,18.33,18.71,142092662
2010-11-15,17.14,18.37,17.13,17.32,192737364
2010-11-16,17.87,18.14,17.69,18.1,202608397
2010-11-17,17.35,18.77,16.16,17.59,90906264
2010-11-18,18.62,18.85,18.61,18.62,91320649
2010-11-19,18.43,18.57,17.59,18.48,148227796
2010-11-20,19.23,19.63,18.34,18.41,127220598
2010-11-21,19.27,19.58,19.17,19.54,108733430
2010-11-22,18.45,18.47,18.41,18.47,120888359
2010-11-23,18.79,18.87,17.83,18.37,146676213
2010-11-24,18.84,18.95,17.8,18.19,76380467
2010-11-25,17.41,18.37,17.31,17.74,139368311
2010-11-26,18.19,18.59,17.38,18.02,167575453
2010-11-27,17.65,17.84,17.54,17.81,99735946
2010-11-28,17.4,17.71,16.76,17.49,100207827
2010-11-29,17.38,17.82,16.42,17.2,115326261
2010-11-30,17.58,17.59,16.49,17.26,107963164
2010-12-01,17.37,17.6,17.2,17.28,99656145
2010-12-02,17.08,17.44,16.91,17.32,115039993
2010-12-03,16.3,17.02,15.71,16.88,165439163
2010-12-04,17.59,18.17,16.77,17.1,96844698
2010-12-05,16.39,17.48,16.37,16.67,97032178
2010-12-06,16.28,16.62,15.9,16.58,122270703
2010-12-07,16.3,16.3,16.29,16.3,83995184
2010-12-08,17.89,18.74,16.75,16.79,130833025
2010-12-09,18.12,18.12,16.51,17.75,121849643
2010-12-10,17.64,17.75,17.11,17.2,197132383
2010-12-11,16.95,17.13,15.73,16.44,158003895
2010-12-12,16.94,17.07,16.27,16.66,133301062
2010-12-13,17.27,17.4,17.25,17.25,113199424
2010-12-14,17.24,17.64,17.02,17.12,104249230
2010-12-15,17.17,17.18,17.12,17.17,145277941
2010-12-16,17.54,18.62,17.16,17.81,125488429
2010-12-17,18.43,18.56,17.74,17.81,109967150
2010-12-18,18.93,19.16,17.81,18.2,127227304
2010-12-19,16.57,16.79,16.24,16.64,163329116
2010-12-20,15.73,16.02,15.5,15.99,163553956
2010-12-21,15.71,15.81,15.56,15.69,75099249
2010-12-22,15.9,16.72,15.56,15.65,98723159
2010-12-23,15.25,15.9,15.07,15.5,127833301
2010-12-24,14.7,15.1,14.56,14.64,195375173
2010-12-25,14.3,14.57,14.06,14.36,138175959
2010-12-26,14.3,14.66,13.46,14.04,163572010
2010-12-27,14.45,15.48,13.62,13.78,136866320
2010-12-28,12.84,13.85,12.6,13.05,139640991
2010-12-29,13.94,14.19,13.45,13.71,158271666
2010-12-30,14.53,14.89,14.38,14.72,143160670
2010-12-31,14.33,14.64,14.06,14.55,62013114
2011-01-01,14.46,14.52,14.09,14.34,58897594
2011-01-02,14.55,14.97,13.99,14.39,72066746
2011-01-03,14.9,15.02,13.7,14.27,78580634
2011-01-04,12.92,13.69,12.73,13.47,121742212
2011-01-05,13.28,13.9,13.22,13.69,126819148
2011-01-06,14.21,15.46,12.74,13.96,159506308
2011-01-07,14.18,14.34,13.73,14.09,129874154
2011-01-08,13.49,13.5,13.3,13.35,188064111
2011-01-09,13.62,14.12,13.41,13.59,122441737
2011-01-10,13.94,13.97,13.83,13.92,152991194
2011-01-11,13.84,14.31,13.82,14.09,148957877
2011-01-12,14.19,14.27,14.08,14.2,64199683
2011-01-13,13.18,14.28,12.93,14.06,140918526
2011-01-14,13.05,13.67,12.86,13.62,194484255
2011-01-15,13.19,13.4,13.18,13.29,126248671
2011-01-16,12.86,13.46,12.71,12.91,186798137
2011-01-17,13.07,13.11,12.25,12.96,97393791
2011-01-18,12.64,12.89,12.54,12.85,66297247
2011-01-19,13.09,13.29,12.95,13.19,182342350
2011-01-20,12.82,12.86,12.73,12.78,83903283
2011-01-21,13.4,13.61,13.35,13.36,73850549
2011-01-22,13.16,13.69,12.95,13.23,62303743
2011-01-23,12.22,12.48,12.04,12.34,133044474
2011-01-24,12.14,12.5,12.13,12.14,103978052
2011-01-25,13.36,13.67,12.86,13.09,93570188
2011-01-26,12.48,12.75,12.37,12.56,172031826
2011-01-27,12.91,12.97,12.7,12.86,159386334
2011-01-28,12.85,13.39,12.38,12.72,102350291
2011-01-29,13.23,13.3,13.18,13.23,152231954
2011-01-30,13.12,13.91,13.1,13.42,66135205
2011-01-31,14.21,14.49,13.1,13.74,90723236
2011-02-01,13.01,13.26,12.66,13.2,182267016
2011-02-02,13.6,13.75,13.34,13.42,150698385
2011-02-03,13.56,13.57,13.39,13.43,140927209
2011-02-04,13.23,13.66,12.92,13.41,112607275
2011-02-05,13.02,13.07,12.72,12.98,174878767
2011-02-06,13.24,13.34,13.14,13.33,186706071
2011-02-07,13.32,13.33,12.83,13.0,154079721
2011-02-08,13.42,13.68,13.09,13.35,152691945
2011-02-09,13.45,13.91,13.34,13.84,203663752
2011-02-10,14.33,15.11,14.14,14.69,145325753
2011-02-11,15.26,15.7,14.74,15.34,178908519
2011-02-12,15.37,15.9,14.92,15.38,138997877
2011-02-13,15.61,16.69,15.37,15.92,137135229
2011-02-14,15.14,15.96,14.72,15.31,75418432
2011-02-15,14.93,14.98,14.71,14.82,76007424
2011-02-16,14.81,14.88,14.74,14.87,107064771
2011-02-17,14.79,15.1,14.38,15.08,143467172
2011-02-18,14.41,14.42,14.4,14.41,197319327
2011-02-19,13.92,14.31,13.81,13.97,173310670
2011-02-20,14.02,14.09,13.91,14.01,75984910
2011-02-21,13.04,13.11,12.9,13.1,193452773
2011-02-22,12.73,12.77,12.69,12.69,147422705
2011-02-23,13.12,13.26,13.02,13.2,182369480
2011-02-24,13.0,13.08,12.99,13.06,150780724
2011-02-25,13.06,13.49,13.06,13.1,147692052
2011-02-26,13.89,14.12,13.16,13.7,152061912
2011-02-27,12.61,12.83,12.34,12.65,236800519
2011-02-28,12.74,12.96,12.56,12.85,81424496
2011-03-01,13.19,13.25,13.04,13.24,132157261
2011-03-02,13.8,14.04,12.99,13.48,74852360
2011-03-03,13.12,13.35,13.04,13.13,127913538
2011-03-04,12.87,12.97,12.74,12.78,113073380
2011-03-05,12.91,13.05,12.47,12.77,122979579
2011-03-06,12.37,12.91,12.33,12.89,111416180
2011-03-07,11.9,12.61,11.83,12.1,182348184
2011-03-08,12.21,12.41,11.16,12.26,79024543
2011-03-09,12.26,12.71,12.17,12.37,156914774
2011-03-10,12.12,12.13,11.85,11.99,180228714
2011-03-11,12.22,12.47,12.14,12.22,178833850
2011-03-12,11.77,12.25,11.59,12.01,137395049
2011-03-13,11.78,12.59,11.07,12.06,113801632
2011-03-14,11.95,12.04,11.75,11.94,152043499
2011-03-15,12.51,12.61,12.15,12.48,167270403
2011-03-16,12.4,12.5,12.13,12.25,86188181
2011-03-17,12.08,12.5,12.04,12.37,128507781
2011-03-18,12.78,12.89,12.53,12.85,141205362
2011-03-19,12.24,12.58,11.95,12.3,112561518
2011-03-20,12.06,12.49,12.03,12.26,112579833
2011-03-21,11.98,12.84,11.92,12.06,76078029
2011-03-22,11.26,11.29,11.1,11.21,240307583
2011-03-23,11.22,12.04,11.11,11.23,66926047
2011-03-24,10.89,11.01,10.72,10.91,178135271
2011-03-25,10.58,10.8,10.56,10.73,97526306
2011-03-26,9.76,10.43,9.74,10.15,106805641
2011-03-27,10.54,10.65,10.53,10.58,113497456
2011-03-28,10.46,10.64,10.24,10.63,57758155
2011-03-29,9.98,10.41,9.6,10.41,118642323
2011-03-30,10.6,10.68,10.58,10.63,133071898
2011-03-31,10.61,10.62,10.56,10.58,53232414
2011-04-01,10.51,10.51,10.33,10.39,74742868
2011-04-02,10.22,10.41,10.12,10.39,97145255
2011-04-03,10.41,10.54,9.79,10.13,172407158
2011-04-04,10.05,10.22,10.0,10.18,95896650
2011-04-05,9.69,9.87,9.34,9.82,94968179
2011-04-06,9.64,9.83,9.48,9.76,141766708
2011-04-07,9.59,9.67,9.21,9.65,158758541
2011-04-08,9.76,9.92,9.62,9.66,53607414
2011-04-09,9.93,10.01,9.91,9.93,165460840
2011-04-10,9.34,9.37,9.33,9.36,208156665
2011-04-11,9.99,10.04,9.55,9.77,161685046
2011-04-12,9.88,10.46,9.81,9.87,97623802
2011-04-13,9.37,9.8,9.28,9.65,146985285
2011-04-14,9.82,9.95,9.32,9.44,73570563
2011-04-15,9.99,10.09,9.88,9.94,179109886
2011-04-16,9.88,10.07,9.84,10.04,78837042
2011-04-17,9.3,9.74,8.93,9.43,206750824
2011-04-18,9.42,9.61,9.32,9.44,147751663
2011-04-19,9.24,9.51,9.17,9.31,89393772
2011-04-20,8.95,9.24,8.85,9.1,139879544
2011-04-21,9.2,9.36,8.97,9.26,133796925
2011-04-22,9.11,9.31,8.62,8.68,130988672
2011-04-23,8.9,8.95,8.9,8.93,69085592
2011-04-24,10.16,10.42,9.3,9.48,103932637
2011-04-25,9.76,9.82,9.18,9.65,108878125
2011-04-26,9.33,9.92,9.09,9.45,169858336
2011-04-27,9.05,9.4,8.93,9.34,165718132
2011-04-28,9.95,10.07,9.83,9.94,120193947
2011-04-29,9.14,9.29,9.08,9.18,95099254
2011-04-30,9.71,9.8,9.7,9.73,92776836
2011-05-01,10.49,11.01,9.58,9.73,91073097
2011-05-02,9.27,9.84,8.96,9.65,72005621
2011-05-03,9.41,9.74,9.29,9.46,148552789
2011-05-04,9.34,9.58,9.09,9.39,60401185
2011-05-05,9.88,10.08,9.85,9.91,169512772
2011-05-06,10.5,10.83,9.92,9.92,124008779
2011-05-07,10.09,10.2,9.36,10.01,133279387
2011-05-08,9.98,10.03,9.87,9.97,113459274
2011-05-09,10.09,10.1,10.05,10.09,85973232
2011-05-10,10.19,10.3,10.02,10.11,144236792
2011-05-11,10.25,10.29,10.13,10.24,99684977
2011-05-12,10.59,10.71,10.39,10.59,181387367
2011-05-13,10.52,10.56,10.24,10.45,74365721
2011-05-14,10.99,11.09,10.47,11.03,98847125
2011-05-15,11.48,11.74,10.97,11.46,169044839
2011-05-16,11.3,11.36,11.15,11.16,174922235
2011-05-17,10.61,11.23,10.5,10.91,168784058
2011-05-18,11.0,11.09,10.99,11.07,123886282
2011-05-19,11.16,11.25,10.76,10.99,96758364
2011-05-20,10.36,11.04,10.12,10.67,134980753
2011-05-21,11.13,11.43,10.58,10.84,171105761
2011-05-22,11.04,11.4,10.83,11.37,107754136
2011-05-23,11.56,11.6,11.31,11.37,63307830
2011-05-24,10.84,10.9,10.8,10.89,120350112
2011-05-25,10.95,11.25,10.76,11.06,82689054
2011-05-26,10.15,10.44,10.06,10.15,102931815
2011-05-27,10.32,10.49,10.3,10.38,152404980
2011-05-28,10.07,10.5,10.06,10.21,110255069
2011-05-29,10.02,10.73,9.93,9.93,145387207
2011-05-30,10.11,10.17,10.02,10.03,94840536
2011-05-31,9.32,9.68,9.28,9.51,112927155
2011-06-01,9.37,9.47,9.36,9.39,90843814
2011-06-02,9.26,9.6,9.23,9.33,102947172
2011-06-03,9.45,9.67,9.39,9.63,133880610
2011-06-04,10.13,10.21,9.69,9.93,165654990
2011-06-05,9.9,10.12,9.13,9.91,107829061
2011-06-06,9.37,9.59,9.34,9.46,100601602
2011-06-07,9.45,9.5,9.31,9.39,156049744
2011-06-08,9.67,10.14,9.52,9.76,85090981
2011-06-09,10.08,10.18,10.0,10.08,150244649
2011-06-10,9.87,10.25,9.7,10.15,87397118
2011-06-11,10.26,10.43,10.1,10.31,93992742
2011-06-12,9.58,10.42,9.13,9.84,211432970
2011-06-13,9.44,9.48,9.15,9.46,165472404
2011-06-14,9.17,9.25,8.84,8.99,172764907
2011-06-15,9.0,9.41,8.74,9.07,105898647
2011-06-16,8.9,9.19,8.81,8.88,142571213
2011-06-17,8.9,9.31,8.78,8.95,124626090
2011-06-18,8.75,9.39,8.73,8.96,122540477
2011-06-19,9.44,9.53,9.37,9.4,187085457
2011-06-20,9.33,9.42,9.25,9.36,84584373
2011-06-21,9.12,9.51,9.11,9.3,119947832
2011-06-22,9.26,9.27,9.16,9.21,104749440
2011-06-23,9.4,9.6,9.28,9.45,170051890
2011-06-24,9.48,9.57,9.3,9.45,106053790
2011-06-25,9.14,9.25,8.99,9.01,126659242
2011-06-26,9.49,9.59,8.97,9.17,80820907
2011-06-27,8.96,9.13,8.94,9.02,156540001
2011-06-28,9.07,9.64,8.86,9.54,105866370
2011-06-29,10.15,10.41,9.86,9.91,116474805
2011-06-30,9.67,10.08,9.67,9.9,86841001
2011-07-01,9.74,9.93,9.74,9.81,56513366
2011-07-02,9.76,10.07,9.69,9.78,146916858
2011-07-03,9.02,9.32,8.81,9.29,138939759
2011-07-04,9.15,9.37,9.12,9.32,111305441
2011-07-05,9.66,9.79,9.29,9.42,85149540
2011-07-06,9.14,9.67,8.88,9.26,148441887
2011-07-07,8.9,9.02,8.83,8.98,121424860
2011-07-08,8.41,8.62,8.21,8.57,142594307
2011-07-09,8.36,8.41,8.17,8.29,166679357
2011-07-10,8.38,8.47,8.33,8.38,135884651
2011-07-11,8.25,8.49,8.08,8.31,62828309
2011-07-12,8.74,9.02,8.27,8.81,101422042
2011-07-13,9.26,9.29,8.98,9.23,211960547
2011-07-14,9.88,10.09,8.98,9.35,156573120
2011-07-15,10.18,10.21,9.87,9.92,140321935
2011-07-16,9.99,10.08,9.97,9.99,144438238
2011-07-17,10.23,10.32,9.83,10.21,102533208
2011-07-18,10.88,11.11,10.84,11.08,122822535
2011-07-19,10.86,11.24,10.81,11.08,60647810
2011-07-20,11.86,12.18,11.51,11.87,146530771
2011-07-21,12.49,13.12,11.65,12.15,166197228
2011-07-22,11.78,11.87,11.71,11.71,95602885
2011-07-23,11.89,12.44,10.71,12.18,139994836
2011-07-24,11.95,12.45,11.79,12.22,52066059
2011-07-25,12.37,12.51,12.23,12.43,137637765
2011-07-26,11.95,12.08,11.84,11.95,177929381
2011-07-27,11.75,12.14,11.44,11.75,73711985
2011-07-28,12.19,12.85,12.16,12.46,171672072
2011-07-29,12.65,13.46,12.62,13.18,134369028
2011-07-30,12.98,13.44,12.84,13.06,112829593
2011-07-31,13.14,13.36,12.96,12.99,55647105
2011-08-01,12.72,12.85,12.48,12.52,128070898
2011-08-02,13.11,13.4,12.7,12.72,123409207
2011-08-03,13.32,13.61,13.22,13.52,156702127
2011-08-04,13.56,14.17,13.41,13.58,72306565
2011-08-05,12.71,13.03,12.52,12.63,99886611
2011-08-06,12.54,12.63,12.35,12.54,130055755
2011-08-07,12.34,12.59,12.2,12.52,141638474
2011-08-08,12.55,12.95,12.43,12.61,129355589
2011-08-09,12.95,13.83,12.67,13.15,188191228
2011-08-10,11.95,12.24,11.88,12.16,212769785
2011-08-11,12.33,12.35,11.84,12.25,96641571
2011-08-12,12.64,12.8,12.58,12.78,137166162
2011-08-13,12.47,12.73,11.84,12.24,149451186
2011-08-14,12.66,13.02,11.95,12.13,128872207
2011-08-15,11.88,12.09,11.86,11.97,81986758
2011-08-16,11.32,11.74,11.25,11.68,97991239
2011-08-17,11.33,11.62,11.08,11.12,157031924
2011-08-18,10.97,11.04,10.88,11.01,164966629
2011-08-19,11.2,11.65,11.11,11.35,79752368
2011-08-20,11.3,11.39,10.83,11.02,153910654
2011-08-21,10.53,10.9,10.49,10.74,162281155
2011-08-22,10.86,10.94,10.75,10.8,102275216
2011-08-23,11.13,11.15,11.06,11.08,77461918
2011-08-24,10.6,10.91,10.57,10.6,192681226
2011-08-25,10.19,10.23,9.84,10.21,203875721
2011-08-26,10.24,10.71,10.05,10.16,54453205
2011-08-27,10.0,10.24,9.84,10.23,114761151
2011-08-28,10.32,10.53,10.3,10.53,116252723
2011-08-29,10.64,10.83,10.35,10.65,157796536
2011-08-30,11.15,11.2,10.87,10.93,160056423
2011-08-31,11.18,11.22,11.1,11.14,141969320
2011-09-01,10.87,11.03,10.51,11.01,147075265
2011-09-02,11.54,11.56,10.98,11.36,124062359
2011-09-03,11.33,11.5,11.13,11.47,94720468
2011-09-04,11.58,11.7,11.34,11.63,121812657
2011-09-05,11.54,12.1,11.46,11.97,125476595
2011-09-06,12.57,12.67,11.88,12.32,180305405
2011-09-07,12.88,13.04,12.28,12.59,81392236
2011-09-08,13.11,13.62,12.85,12.91,124779087
2011-09-09,13.19,13.71,13.09,13.64,88165081
2011-09-10,13.36,14.08,12.97,13.68,63385386
2011-09-11,13.85,14.17,13.5,13.66,107807641
2011-09-12,13.73,14.25,13.55,13.56,151203184
2011-09-13,13.22,13.38,13.14,13.29,108014742
2011-09-14,12.85,12.89,12.82,12.89,153767445
2011-09-15,12.28,12.7,12.23,12.43,115391547
2011-09-16,12.37,12.6,12.37,12.54,117402878
2011-09-17,12.39,12.49,12.13,12.24,167883787
2011-09-18,11.92,12.14,11.72,12.01,135602615
2011-09-19,11.66,11.77,11.37,11.5,136382824
2011-09-20,11.71,11.76,11.14,11.53,93437393
2011-09-21,12.04,12.33,11.25,11.8,96365804
2011-09-22,11.59,11.89,11.33,11.64,123496067
2011-09-23,11.7,11.72,11.11,11.45,140304649
2011-09-24,11.44,11.51,10.96,11.44,139869683
2011-09-25,11.12,11.52,10.97,11.47,135329733
2011-09-26,12.22,12.26,11.5,11.93,117552203
2011-09-27,12.06,12.43,11.34,12.02,87041271
2011-09-28,11.42,11.87,11.17,11.48,183001115
2011-09-29,11.44,11.59,11.4,11.5,89648535
2011-09-30,12.1,12.27,12.06,12.15,157254805
2011-10-01,11.76,12.1,11.38,11.59,167064165
2011-10-02,11.26,11.73,11.13,11.47,55661343
2011-10-03,11.24,11.32,11.05,11.22,172341749
2011-10-04,10.56,10.57,10.08,10.51,245539018
2011-10-05,11.02,11.02,10.17,10.4,156143815
2011-10-06,10.17,10.86,9.9,10.36,147939525
2011-10-07,9.89,9.91,9.87,9.88,210084949
2011-10-08,9.91,10.03,9.9,9.96,132768298
2011-10-09,10.02,10.14,9.8,10.0,80772960
2011-10-10,9.32,9.7,9.24,9.63,108030343
2011-10-11,10.05,10.18,9.73,9.78,146625217
2011-10-12,10.37,10.4,9.91,10.08,98020003
2011-10-13,9.93,9.95,9.84,9.93,157377734
2011-10-14,10.51,10.9,10.05,10.3,81944000
2011-10-15,9.83,9.9,9.72,9.82,122391425
2011-10-16,10.44,10.99,10.06,10.15,130876745
2011-10-17,9.45,9.69,9.45,9.68,180381700
2011-10-18,9.37,9.43,9.01,9.41,117256174
2011-10-19,9.54,9.71,9.52,9.65,129541725
2011-10-20,8.87,9.53,8.78,9.29,104919541
2011-10-21,8.77,9.26,8.28,9.06,136445359
2011-10-22,9.35,9.37,9.26,9.27,115363611
2011-10-23,9.25,9.45,8.94,9.35,91931116
2011-10-24,9.42,9.73,9.29,9.47,160387705
2011-10-25,9.33,9.52,8.77,9.04,145515737
2011-10-26,8.71,8.76,8.48,8.71,69585797
2011-10-27,9.06,9.08,8.73,9.07,202600931
2011-10-28,9.58,9.65,9.47,9.49,133895187
2011-10-29,9.01,9.48,8.96,9.46,74980462
2011-10-30,9.38,9.97,9.24,9.73,140349370
2011-10-31,10.07,10.36,9.65,9.94,98284930
2011-11-01,9.62,9.78,9.44,9.62,67906889
2011-11-02,9.61,9.66,9.58,9.63,75513155
2011-11-03,9.88,10.01,9.67,9.7,142298466
2011-11-04,9.76,9.82,9.67,9.7,112117763
2011-11-05,10.37,10.88,10.35,10.57,241115402
2011-11-06,10.71,10.91,10.64,10.77,61419687
2011-11-07,11.59,11.84,11.25,11.41,203842471
2011-11-08,11.33,11.64,11.25,11.61,95501559
2011-11-09,11.35,11.39,11.07,11.08,175285992
2011-11-10,11.19,11.29,10.42,10.6,197747896
2011-11-11,10.56,10.64,10.37,10.64,137057503
2011-11-12,9.96,10.21,9.79,9.88,166912551
2011-11-13,9.95,9.97,9.7,9.95,153148964
2011-11-14,9.55,10.12,9.44,10.07,73351186
2011-11-15,9.82,9.86,9.27,9.61,169210239
2011-11-16,9.41,9.59,9.4,9.41,178206910
2011-11-17,9.12,9.32,9.08,9.15,77559931
2011-11-18,9.19,9.26,9.15,9.24,98227007
2011-11-19,8.94,9.2,8.84,9.13,107649396
2011-11-20,8.7,8.98,8.67,8.88,156594884
2011-11-21,8.96,8.99,8.53,8.7,67469639
2011-11-22,9.0,9.05,8.93,9.04,142624607
2011-11-23,8.93,8.97,8.86,8.94,153428581
2011-11-24,9.03,9.07,8.97,9.07,89707619
2011-11-25,9.29,9.32,8.94,9.27,91291812
2011-11-26,9.13,9.15,8.86,9.02,97806664
2011-11-27,9.13,9.21,9.0,9.09,61625333
2011-11-28,8.95,9.01,8.84,8.96,120814414
2011-11-29,8.66,9.71,8.5,8.97,144032757
2011-11-30,8.62,8.65,8.53,8.65,163304214
2011-12-01,8.7,8.84,8.68,8.71,69424011
2011-12-02,8.07,8.33,7.9,8.06,221814880
2011-12-03,8.25,8.54,7.91,8.33,172203237
2011-12-04,8.53,8.56,8.48,8.55,154926860
2011-12-05,8.28,8.49,8.27,8.37,117334276
2011-12-06,8.0,8.11,7.93,8.06,83878158
2011-12-07,8.35,8.65,8.07,8.29,116521235
2011-12-08,8.23,8.78,8.13,8.35,73195934
2011-12-09,8.91,8.95,8.41,8.62,83561080
2011-12-10,9.4,9.48,8.78,9.13,122029151
2011-12-11,8.4,8.54,8.24,8.47,224574315
2011-12-12,8.37,9.09,8.34,8.53,64103572
2011-12-13,8.36,8.93,8.2,8.77,137255034
2011-12-14,8.54,8.61,8.54,8.57,160152616
2011-12-15,8.56,8.57,8.49,8.49,129271507
2011-12-16,8.43,8.45,8.27,8.32,81148675
2011-12-17,8.18,8.48,7.83,8.12,145369734
2011-12-18,8.05,8.5,7.93,8.13,127572452
2011-12-19,8.03,8.5,7.95,8.28,71096978
2011-12-20,8.39,8.58,8.31,8.47,115787916
2011-12-21,8.59,8.59,8.55,8.59,158953218
2011-12-22,8.41,8.55,8.39,8.44,149327490
2011-12-23,9.09,9.26,8.61,8.76,88323279
2011-12-24,8.54,8.61,8.44,8.52,170251309
2011-12-25,8.34,8.36,8.26,8.35,82610217
2011-12-26,8.27,8.41,8.25,8.26,149726995
2011-12-27,8.56,8.6,8.55,8.56,101768011
2011-12-28,9.15,9.82,8.76,8.89,86735710
2011-12-29,8.49,8.8,8.3,8.59,136658224
2011-12-30,8.27,8.33,8.13,8.24,194605588
2011-12-31,8.19,8.35,7.81,8.11,88002966
2012-01-01,8.24,8.47,7.94,8.16,115014518
2012-01-02,7.53,7.68,7.44,7.66,121164306
2012-01-03,7.73,8.09,7.16,7.56,127535138
2012-01-04,7.27,7.48,7.08,7.37,129944072
2012-01-05,7.49,7.73,7.37,7.56,98302705
2012-01-06,6.93,7.58,6.77,7.29,120918188
2012-01-07,7.46,7.71,7.3,7.56,99357282
2012-01-08,7.71,7.77,7.61,7.72,99549467
2012-01-09,7.64,7.8,7.4,7.63,132860595
2012-01-10,7.63,7.75,7.24,7.69,147306215
2012-01-11,7.32,7.86,7.18,7.41,139085583
2012-01-12,7.68,7.71,7.4,7.59,167965372
2012-01-13,8.0,8.05,7.79,8.04,234829046
2012-01-14,7.66,7.85,7.62,7.75,193814097
2012-01-15,8.03,8.49,7.95,8.29,105052346
2012-01-16,7.95,8.28,7.85,8.16,152607378
2012-01-17,8.21,8.36,7.8,8.31,127878602
2012-01-18,8.19,8.2,7.96,8.16,163897030
2012-01-19,8.55,8.76,8.12,8.48,171937255
2012-01-20,8.51,8.69,8.51,8.59,168986851
2012-01-21,8.08,8.34,7.96,8.26,131068532
2012-01-22,8.08,8.33,8.03,8.19,69946254
2012-01-23,8.33,8.5,7.94,8.09,146685991
2012-01-24,8.33,8.72,8.27,8.57,197602343
2012-01-25,7.67,8.36,7.56,8.16,142139153
2012-01-26,7.76,8.05,7.65,7.75,143291784
2012-01-27,7.67,8.24,7.49,7.84,164601660
2012-01-28,8.25,8.26,8.16,8.22,83843060
2012-01-29,8.27,8.66,8.17,8.64,83610974
2012-01-30,8.84,9.16,8.67,8.94,111683891
2012-01-31,9.03,9.16,8.92,9.12,90423032
2012-02-01,8.95,9.38,8.56,8.61,116517239
2012-02-02,8.29,8.89,8.29,8.42,171640187
2012-02-03,8.61,8.68,8.59,8.66,179403548
2012-02-04,8.71,8.75,8.51,8.75,147724861
2012-02-05,8.82,8.93,8.76,8.8,121730625
2012-02-06,8.81,9.37,8.8,9.25,149007405
2012-02-07,9.12,9.64,9.12,9.35,104543482
2012-02-08,9.8,9.99,9.67,9.69,196023885
2012-02-09,9.18,9.2,8.96,9.13,123486908
2012-02-10,9.07,9.61,9.01,9.35,158524847
2012-02-11,9.24,9.38,9.08,9.31,73271624
2012-02-12,9.5,9.88,9.1,9.33,81367037
2012-02-13,9.47,9.49,9.18,9.38,126879454
2012-02-14,9.03,9.27,8.81,9.0,132590730
2012-02-15,9.2,9.22,9.18,9.22,185100918
2012-02-16,9.12,9.41,8.93,9.19,109474666
2012-02-17,9.02,9.3,8.38,9.01,157651774
2012-02-18,9.06,9.07,8.85,8.93,112700177
2012-02-19,9.03,9.23,8.51,8.79,73688020
2012-02-20,8.79,9.39,8.79,9.02,110828107
2012-02-21,8.64,8.9,8.59,8.69,85549763
2012-02-22,8.53,8.76,8.39,8.7,91083364
2012-02-23,8.66,8.71,8.52,8.58,94847998
2012-02-24,8.44,8.59,8.29,8.44,112160711
2012-02-25,8.54,8.63,8.46,8.62,148057327
2012-02-26,8.75,9.13,8.24,8.83,141386021
2012-02-27,8.92,9.2,8.65,8.71,161280412
2012-02-28,9.24,9.5,8.92,9.17,87130190
2012-02-29,9.15,9.19,9.11,9.15,126467357
2012-03-01,8.87,8.92,8.59,8.9,68629401
2012-03-02,8.94,9.31,8.92,9.0,126152518
2012-03-03,9.24,9.3,9.04,9.27,130782722
2012-03-04,9.06,9.53,9.02,9.18,62680494
2012-03-05,9.95,9.95,9.32,9.46,124599043
2012-03-06,9.86,9.9,9.36,9.85,85599289
2012-03-07,9.89,9.93,9.81,9.87,59035519
2012-03-08,9.63,9.72,9.25,9.71,161920374
2012-03-09,9.76,9.81,9.65,9.79,135092316
2012-03-10,9.82,10.11,9.67,9.72,146542670
2012-03-11,9.36,9.83,8.74,9.19,156353884
2012-03-12,9.62,9.68,9.3,9.35,144500494
2012-03-13,9.13,9.29,9.0,9.03,96164377
2012-03-14,9.39,9.42,9.14,9.3,108576927
2012-03-15,9.76,9.78,9.59,9.71,142603568
2012-03-16,9.25,9.71,9.18,9.67,113252420
2012-03-17,9.46,9.62,9.46,9.54,88686731
2012-03-18,9.64,9.88,8.67,9.49,156066163
2012-03-19,9.24,9.28,8.76,8.95,178263015
2012-03-20,8.8,8.8,8.46,8.71,172179965
2012-03-21,9.29,9.33,8.88,8.99,66157184
2012-03-22,8.9,8.9,8.76,8.83,158263939
2012-03-23,8.48,8.51,8.38,8.48,89866913
2012-03-24,8.72,9.06,8.34,8.61,107017167
2012-03-25,8.63,8.83,8.46,8.68,131151912
2012-03-26,8.88,8.9,8.81,8.87,159586179
2012-03-27,9.34,9.47,9.01,9.12,187124795
2012-03-28,9.98,10.01,9.54,9.69,168188211
2012-03-29,9.72,10.09,9.4,9.69,67669770
2012-03-30,10.1,10.12,10.07,10.1,126518386
2012-03-31,11.05,11.33,10.45,10.57,126022918
2012-04-01,10.06,10.79,9.16,10.26,110389458
2012-04-02,9.88,9.99,9.47,9.76,213547580
2012-04-03,10.42,10.56,10.28,10.39,183429046
2012-04-04,10.53,11.1,10.37,10.49,143078395
2012-04-05,11.1,11.11,10.91,11.02,94650137
2012-04-06,10.88,11.21,10.51,10.82,118701406
2012-04-07,10.67,10.7,10.31,10.43,129523439
2012-04-08,11.21,11.79,11.14,11.25,246570911
2012-04-09,11.16,11.51,10.65,11.1,106807706
2012-04-10,10.99,11.18,10.89,11.13,144796264
2012-04-11,11.05,11.05,11.02,11.04,121703236
2012-04-12,10.58,11.19,10.46,10.81,84605285
2012-04-13,10.79,11.23,10.67,10.83,121184493
2012-04-14,11.14,11.18,10.92,10.93,107166900
2012-04-15,10.47,10.79,9.84,10.33,207996891
2012-04-16,9.95,9.98,9.94,9.95,147955765
2012-04-17,10.72,10.9,10.32,10.51,148040256
2012-04-18,11.07,11.62,10.86,11.33,189463418
2012-04-19,10.6,10.84,10.26,10.71,199262821
2012-04-20,11.04,11.07,10.53,10.97,137835197
2012-04-21,11.44,11.74,11.41,11.64,131583003
2012-04-22,11.3,11.75,11.22,11.71,143997146
2012-04-23,11.61,11.68,11.43,11.49,64044362
2012-04-24,12.86,12.99,12.03,12.09,200149661
2012-04-25,12.25,12.29,12.23,12.28,127263158
2012-04-26,11.49,11.71,11.26,11.48,176459248
2012-04-27,12.47,12.66,11.38,11.92,76862645
2012-04-28,12.37,12.4,11.81,12.3,108546336
2012-04-29,12.36,12.53,11.86,12.3,129989241
2012-04-30,12.73,13.11,12.51,12.61,181895518
2012-05-01,12.7,13.12,12.34,12.39,135166824
2012-05-02,11.72,12.17,11.1,12.06,95504667
2012-05-03,11.68,11.7,11.42,11.43,100785931
2012-05-04,11.17,11.26,11.13,11.15,179740235
2012-05-05,11.79,11.85,11.57,11.67,88141136
2012-05-06,12.78,12.85,11.41,11.9,112358288
2012-05-07,12.16,12.71,11.79,11.82,111495230
2012-05-08,11.84,12.2,11.56,11.92,75009533
2012-05-09,12.71,12.9,11.61,12.46,96979263
2012-05-10,12.92,12.98,12.89,12.91,89413320
2012-05-11,12.92,13.21,12.91,13.13,154958088
2012-05-12,14.09,14.48,12.74,13.15,112751086
2012-05-13,13.31,14.03,13.15,13.57,161878552
2012-05-14,13.2,14.13,12.8,13.54,138664914
2012-05-15,12.94,13.59,12.36,13.35,133657509
2012-05-16,14.35,14.43,14.08,14.28,165251074
2012-05-17,14.48,14.53,14.11,14.48,134954751
2012-05-18,14.59,14.76,14.33,14.4,127130466
2012-05-19,15.35,15.65,14.45,14.53,87291245
2012-05-20,14.67,14.86,14.46,14.6,123072684
2012-05-21,14.1,14.18,13.98,14.02,154170302
2012-05-22,14.08,14.23,13.9,13.96,72568320
2012-05-23,13.67,14.09,13.57,13.98,120128935
2012-05-24,14.75,14.84,14.64,14.84,138965658
2012-05-25,16.57,17.1,15.94,15.95,219936443
2012-05-26,16.55,16.77,15.72,15.75,75666965
2012-05-27,15.64,15.88,15.63,15.78,52090375
2012-05-28,15.63,15.73,14.36,15.55,141361649
2012-05-29,15.96,16.27,15.38,15.54,80760585
2012-05-30,15.33,15.57,15.28,15.49,84159599
2012-05-31,15.66,15.78,15.38,15.6,101540172
2012-06-01,15.15,15.71,14.92,15.22,169794538
2012-06-02,15.53,15.69,14.64,14.94,104626056
2012-06-03,14.64,14.65,14.03,14.43,73315799
2012-06-04,13.97,14.46,13.85,14.25,105942179
2012-06-05,14.91,15.41,13.98,14.47,152204530
2012-06-06,15.75,16.37,14.74,15.29,217585885
2012-06-07,15.63,15.64,15.14,15.63,89580537
2012-06-08,15.39,15.48,15.28,15.33,119803444
2012-06-09,15.05,15.78,14.71,15.42,153735335
2012-06-10,16.02,16.16,15.15,15.56,140486171
2012-06-11,15.42,15.45,15.29,15.44,91993096
2012-06-12,14.59,14.96,14.48,14.74,184016826
2012-06-13,14.45,15.22,14.44,14.69,89172893
2012-06-14,14.18,14.63,13.57,14.34,95285748
2012-06-15,14.02,14.25,13.92,14.05,159140240
2012-06-16,13.9,13.93,13.87,13.92,109060162
2012-06-17,13.98,14.51,13.79,14.15,124611635
2012-06-18,14.65,14.84,14.44,14.47,132939942
2012-06-19,15.23,15.28,14.48,14.52,110802195
2012-06-20,14.51,14.56,13.76,14.15,65712140
2012-06-21,13.46,13.51,13.23,13.38,228557084
2012-06-22,13.0,13.55,12.3,13.1,112650399
2012-06-23,12.87,13.13,12.68,12.69,70581710
2012-06-24,12.09,12.38,11.86,12.37,174114367
2012-06-25,12.64,12.68,11.89,12.42,138987631
2012-06-26,13.28,13.31,12.23,12.53,144816534
2012-06-27,12.5,13.47,12.37,12.89,93889255
2012-06-28,13.55,14.81,12.89,13.58,180551760
2012-06-29,13.53,13.85,13.47,13.78,126940910
2012-06-30,14.04,14.22,14.01,14.06,120164478
2012-07-01,14.66,14.74,14.58,14.65,76812578
2012-07-02,14.63,15.04,14.37,14.54,117474384
2012-07-03,13.56,13.65,13.36,13.64,152443167
2012-07-04,13.27,14.09,13.2,13.75,111490887
2012-07-05,13.48,13.81,13.02,13.31,74059868
2012-07-06,14.78,14.89,13.77,13.77,162199389
2012-07-07,13.36,13.98,12.62,13.64,163171647
2012-07-08,13.38,13.63,13.28,13.47,150509887
2012-07-09,13.13,13.35,13.01,13.31,64096915
2012-07-10,12.56,12.81,12.34,12.45,85998859
2012-07-11,12.67,12.93,12.34,12.72,162641214
2012-07-12,12.57,12.87,12.48,12.61,143974938
2012-07-13,12.51,12.53,11.76,12.04,185067961
2012-07-14,11.6,11.73,11.22,11.58,135852759
2012-07-15,11.42,11.87,11.36,11.49,153342633
2012-07-16,11.35,11.92,11.19,11.43,82857951
2012-07-17,11.76,11.84,11.4,11.65,122433835
2012-07-18,11.91,12.42,11.71,12.1,185180236
2012-07-19,11.53,11.96,11.38,11.65,175198348
2012-07-20,11.26,11.28,11.23,11.24,120308322
2012-07-21,11.59,11.72,11.34,11.43,164594275
2012-07-22,12.07,12.09,10.8,11.63,155665584
2012-07-23,11.96,12.25,11.86,12.01,136209099
2012-07-24,12.18,12.28,11.4,11.92,135380540
2012-07-25,11.92,12.12,11.83,11.9,69880880
2012-07-26,11.76,12.04,11.7,11.78,157722036
2012-07-27,12.42,12.64,12.29,12.6,137385987
2012-07-28,13.14,13.32,12.79,13.05,197908659
2012-07-29,13.24,13.41,12.74,13.36,150172904
2012-07-30,12.77,12.89,12.68,12.82,73409901
2012-07-31,12.9,13.24,12.67,13.16,122261714
2012-08-01,12.52,12.65,12.2,12.61,199128466
2012-08-02,12.47,12.71,12.41,12.46,140604719
2012-08-03,12.66,12.82,12.45,12.61,142151895
2012-08-04,13.01,13.25,12.85,13.02,171000499
2012-08-05,13.08,13.26,12.46,13.01,82093584
2012-08-06,13.27,13.47,12.89,13.12,122099030
2012-08-07,12.88,13.15,12.48,12.87,172371288
2012-08-08,12.51,12.78,12.32,12.37,163889903
2012-08-09,12.07,12.22,11.86,12.16,73160487
2012-08-10,12.08,12.29,11.92,11.99,148146948
2012-08-11,12.93,13.06,12.68,12.81,154127704
2012-08-12,11.78,12.95,11.44,12.4,150869862
2012-08-13,12.11,12.57,11.99,12.51,117044555
2012-08-14,12.61,12.71,12.5,12.56,76030641
2012-08-15,12.19,12.2,12.19,12.2,97218345
2012-08-16,14.31,14.31,12.61,13.16,233965270
2012-08-17,13.18,13.31,13.15,13.24,157387475
2012-08-18,12.66,13.09,12.33,12.93,83765357
2012-08-19,13.54,14.12,13.44,13.6,115202084
2012-08-20,13.85,14.79,13.56,14.0,105502698
2012-08-21,14.2,14.4,13.46,13.66,170400948
2012-08-22,14.02,14.16,13.39,13.71,89756206
2012-08-23,13.73,13.76,13.09,13.47,141201655
2012-08-24,13.11,13.48,12.57,12.81,168794511
2012-08-25,13.13,13.61,12.98,12.99,99000046
2012-08-26,13.57,13.62,12.97,13.27,132419460
2012-08-27,13.95,14.18,13.66,13.74,143055327
2012-08-28,13.57,14.64,13.46,14.14,124952313
2012-08-29,14.81,14.92,14.59,14.78,106728813
2012-08-30,14.65,15.13,14.5,15.07,96327424
2012-08-31,15.12,15.57,14.36,15.37,120556529
2012-09-01,15.63,16.36,15.57,15.82,146177141
2012-09-02,15.74,16.12,15.34,15.78,93833492
2012-09-03,15.54,16.0,15.25,15.43,71771232
2012-09-04,16.04,16.2,15.78,15.86,119530583
2012-09-05,16.65,16.67,16.45,16.47,91905038
2012-09-06,16.58,16.61,15.83,16.13,135612646
2012-09-07,15.34,15.55,15.18,15.33,92212774
2012-09-08,14.99,15.41,14.44,15.28,99536105
2012-09-09,15.94,16.06,14.54,14.96,102776500
2012-09-10,14.9,14.9,14.83,14.87,149499815
2012-09-11,13.93,15.18,13.89,14.9,142350757
2012-09-12,14.25,14.92,13.62,14.75,86326101
2012-09-13,15.12,15.29,14.97,15.0,126600969
2012-09-14,15.12,15.75,15.04,15.3,117268834
2012-09-15,15.59,16.29,15.44,15.99,87499635
2012-09-16,17.03,17.29,16.34,16.62,131443477
2012-09-17,16.45,16.61,16.06,16.56,75054195
2012-09-18,16.7,16.97,16.63,16.91,105331081
2012-09-19,17.25,17.83,17.13,17.5,136581031
2012-09-20,16.55,18.97,16.47,17.29,160288956
2012-09-21,16.77,16.95,16.55,16.76,131536213
2012-09-22,17.52,17.89,17.12,17.68,198334804
2012-09-23,18.05,18.94,17.57,17.85,86338050
2012-09-24,19.1,19.71,17.56,18.53,102397848
2012-09-25,17.89,18.11,17.61,17.94,175202015
2012-09-26,16.89,19.44,16.8,18.11,67007934
2012-09-27,20.22,20.32,20.16,20.21,232743398
2012-09-28,19.67,19.7,19.22,19.48,86649640
2012-09-29,19.37,19.86,19.32,19.44,119207987
2012-09-30,19.43,20.39,19.41,19.63,150795792
2012-10-01,20.18,20.68,19.04,20.47,76388806
2012-10-02,21.08,21.61,20.85,20.97,169342124
2012-10-03,21.86,21.9,21.06,21.29,67307733
2012-10-04,21.87,22.93,21.47,21.75,121779453
2012-10-05,21.9,23.29,21.47,21.93,77368306
2012-10-06,21.65,21.82,21.1,21.7,56137802
2012-10-07,22.18,22.27,21.4,21.99,88133434
2012-10-08,21.42,21.85,20.86,21.55,64211648
2012-10-09,21.68,21.68,20.67,21.21,120988738
2012-10-10,20.55,21.23,20.45,20.64,173400069
2012-10-11,21.59,21.66,21.23,21.41,89489157
2012-10-12,21.75,21.87,20.6,21.47,128799833
2012-10-13,21.11,21.51,20.82,21.14,65934674
2012-10-14,21.47,21.54,21.31,21.35,155656135
2012-10-15,21.64,22.26,20.81,21.79,108737614
2012-10-16,22.09,22.92,21.75,22.1,133432220
2012-10-17,21.94,22.1,21.91,22.05,58761717
2012-10-18,22.88,22.93,21.88,22.63,151921048
2012-10-19,23.45,23.61,21.89,23.2,146825064
2012-10-20,22.57,24.62,21.67,23.91,116031927
2012-10-21,23.89,24.89,23.56,23.75,148654873
2012-10-22,23.55,24.02,23.26,23.43,87961849
2012-10-23,23.11,23.24,22.74,22.89,130681817
2012-10-24,22.25,23.27,21.77,22.49,146246348
2012-10-25,22.48,22.89,20.89,22.04,118044757
2012-10-26,20.57,21.73,20.42,21.2,155419211
2012-10-27,21.48,21.9,20.77,21.15,103678830
2012-10-28,20.28,22.46,20.18,21.3,130784710
2012-10-29,20.77,20.77,20.59,20.71,65917183
2012-10-30,21.06,21.41,20.87,21.4,183194762
2012-10-31,21.2,21.33,21.06,21.22,69415943
2012-11-01,22.48,22.93,21.27,21.87,73345505
2012-11-02,21.95,21.95,20.54,20.54,183528069
2012-11-03,21.26,21.27,20.89,21.14,107193078
2012-11-04,21.76,22.28,20.2,20.62,122031874
2012-11-05,19.98,20.12,19.73,19.88,199903909
2012-11-06,20.35,20.62,19.95,20.11,124115917
2012-11-07,21.52,21.76,19.95,20.43,126247418
2012-11-08,19.91,21.0,19.28,20.7,139864236
2012-11-09,20.84,20.99,20.74,20.76,151273007
2012-11-10,20.41,20.73,19.69,20.33,89673714
2012-11-11,20.35,20.79,20.34,20.67,73801620
2012-11-12,21.4,22.43,20.52,21.38,70247707
2012-11-13,21.53,21.8,21.3,21.6,138541527
2012-11-14,21.85,21.87,21.18,21.71,125423450
2012-11-15,22.93,23.11,21.34,21.71,118746147
2012-11-16,21.17,22.21,20.78,21.09,174867014
2012-11-17,22.67,24.16,22.06,22.41,211563188
2012-11-18,23.11,23.27,22.87,23.07,149846911
2012-11-19,24.69,25.29,24.0,24.59,120722311
2012-11-20,24.25,24.72,23.55,23.97,176835870
2012-11-21,23.3,23.88,23.11,23.55,137665960
2012-11-22,23.45,23.67,23.26,23.42,85054877
2012-11-23,23.17,23.39,22.94,23.31,102214326
2012-11-24,23.29,23.86,22.86,23.72,162184131
2012-11-25,24.99,26.24,24.14,24.2,88658748
2012-11-26,24.64,26.12,24.22,24.4,99785992
2012-11-27,25.14,26.06,24.62,25.34,190867439
2012-11-28,26.1,26.77,24.84,25.05,87766879
2012-11-29,23.44,23.73,23.18,23.24,257163571
2012-11-30,24.92,25.14,23.1,24.18,166734641
2012-12-01,25.01,25.15,23.93,24.58,162160782
2012-12-02,22.79,24.64,22.49,24.32,91112699
2012-12-03,24.24,24.46,24.07,24.1,150243487
2012-12-04,24.69,25.27,23.88,24.03,80369964
2012-12-05,24.34,25.11,22.21,24.04,90611845
2012-12-06,24.04,24.4,23.92,24.28,117378418
2012-12-07,24.64,26.08,24.44,24.97,145180965
2012-12-08,25.27,25.48,24.72,25.26,59249409
2012-12-09,25.45,26.71,25.21,25.31,138765855
2012-12-10,25.98,26.13,25.66,26.08,173310284
2012-12-11,26.57,26.65,26.26,26.49,173672022
2012-12-12,25.02,26.0,24.73,25.91,117596280
2012-12-13,27.09,27.77,26.63,27.26,92375492
2012-12-14,27.28,27.85,26.95,27.61,125112832
2012-12-15,26.79,27.59,26.7,27.47,138768402
2012-12-16,26.85,27.64,25.8,27.35,101408357
2012-12-17,25.71,26.09,25.45,25.76,236595295
2012-12-18,25.96,26.97,25.95,25.98,155493216
2012-12-19,24.57,24.91,24.13,24.77,149046473
2012-12-20,24.23,24.94,24.15,24.74,56458036
2012-12-21,26.27,26.4,25.73,25.79,194135114
2012-12-22,25.5,25.7,24.56,25.42,99170526
2012-12-23,24.84,25.62,24.46,25.35,151788746
2012-12-24,25.52,25.53,25.24,25.35,116272164
2012-12-25,25.33,26.16,24.59,25.47,94027096
2012-12-26,25.89,25.95,25.27,25.52,70153275
2012-12-27,25.46,26.16,25.24,25.45,146612557
2012-12-28,25.21,25.78,24.08,25.3,111936710
2012-12-29,24.23,24.56,23.81,24.26,190117316
2012-12-30,22.97,23.29,22.9,23.28,100104452
2012-12-31,24.5,24.64,24.12,24.25,204249054
2013-01-01,24.37,24.56,24.09,24.17,88399139
2013-01-02,24.96,25.24,24.39,25.1,176960968
2013-01-03,25.06,25.53,24.57,25.02,65021132
2013-01-04,24.13,25.18,23.6,25.04,126932661
2013-01-05,24.95,25.62,24.92,25.12,153399437
2013-01-06,26.07,26.13,25.49,25.84,86368567
2013-01-07,25.0,26.4,24.84,25.29,164570841
2013-01-08,21.95,25.97,21.63,25.22,83968331
2013-01-09,25.26,25.33,25.02,25.19,99905802
2013-01-10,25.32,26.03,24.75,25.37,108335888
2013-01-11,25.43,26.29,24.45,25.01,142109525
2013-01-12,24.23,24.49,23.31,24.2,117331605
2013-01-13,24.05,24.85,23.25,24.32,125816267
2013-01-14,24.54,25.14,23.88,24.19,64333014
2013-01-15,24.87,25.02,24.5,24.79,109330419
2013-01-16,24.36,24.5,23.94,24.28,137429517
2013-01-17,23.49,24.03,23.35,23.78,180832053
2013-01-18,22.51,22.9,22.47,22.67,158539069
2013-01-19,23.09,23.32,19.97,21.5,195246728
2013-01-20,20.87,21.59,20.52,21.0,136288765
2013-01-21,20.32,21.66,20.01,21.62,152965268
2013-01-22,19.76,21.37,19.49,20.9,110278311
2013-01-23,20.29,21.58,20.03,21.06,125067949
2013-01-24,21.61,21.66,20.89,21.27,71572730
2013-01-25,21.13,21.16,20.96,21.02,142500591
2013-01-26,20.95,21.39,20.78,21.04,88611407
2013-01-27,21.97,22.25,20.62,21.79,74758851
2013-01-28,22.71,23.15,22.19,22.26,117002139
2013-01-29,23.0,24.0,21.4,22.52,118674185
2013-01-30,21.28,21.65,21.1,21.46,103931273
2013-01-31,21.76,21.77,21.67,21.73,77253642
2013-02-01,22.52,24.17,22.12,23.18,226190059
2013-02-02,22.88,23.81,22.38,22.9,105894655
2013-02-03,22.18,22.85,22.1,22.84,140101111
2013-02-04,22.25,23.4,22.16,23.05,154643658
2013-02-05,22.05,22.59,21.95,22.41,68099576
2013-02-06,24.03,24.84,23.49,24.08,187435200
2013-02-07,24.7,25.05,24.46,24.63,157159627
2013-02-08,24.59,24.88,24.57,24.72,61201831
2013-02-09,25.99,27.22,25.27,25.86,162130609
2013-02-10,27.39,27.73,25.35,26.31,89921613
2013-02-11,25.17,25.75,25.0,25.54,157626864
2013-02-12,25.0,25.38,24.77,25.1,60180410
2013-02-13,25.42,25.69,25.17,25.55,119756739
2013-02-14,24.79,25.23,23.77,24.57,154882096
2013-02-15,22.75,24.39,22.67,24.14,106257138
2013-02-16,23.45,23.57,22.51,23.23,86426346
2013-02-17,23.39,23.39,23.28,23.33,119913219
2013-02-18,24.5,25.38,24.37,25.22,199834257
2013-02-19,25.3,25.45,24.74,25.08,130207747
2013-02-20,25.6,26.36,25.29,25.57,105731428
2013-02-21,25.94,26.15,24.18,25.64,97068545
2013-02-22,26.82,26.94,25.92,26.67,93601944
2013-02-23,27.93,28.74,27.73,28.29,135020093
2013-02-24,26.81,27.87,26.29,27.38,143179328
2013-02-25,28.84,29.29,28.59,28.61,106577702
2013-02-26,27.31,27.32,26.89,27.0,110273469
2013-02-27,27.75,28.11,26.95,27.37,67721207
2013-02-28,29.58,29.64,28.54,28.62,118740588
2013-03-01,29.61,30.74,27.92,29.28,64695310
2013-03-02,30.41,30.43,28.91,29.0,74051946
2013-03-03,30.89,31.41,29.96,30.35,113394915
2013-03-04,28.5,30.23,28.21,30.17,121159329
2013-03-05,30.12,30.55,30.09,30.33,143107122
2013-03-06,32.24,32.5,28.96,31.11,110331754
2013-03-07,32.61,34.02,32.57,33.19,214994031
2013-03-08,35.17,35.21,35.07,35.08,125131434
2013-03-09,35.84,36.1,35.5,35.56,152202940
2013-03-10,37.05,37.33,34.37,34.72,91305216
2013-03-11,34.16,34.39,32.25,33.91,125476778
2013-03-12,33.23,35.19,33.04,33.67,114526005
2013-03-13,33.52,33.75,33.36,33.68,122913103
2013-03-14,32.25,32.89,32.23,32.85,72432403
2013-03-15,33.08,33.56,31.62,32.64,107633679
2013-03-16,33.51,33.56,33.01,33.05,146729393
2013-03-17,32.09,32.98,31.94,32.38,141809356
2013-03-18,31.65,33.24,30.82,32.81,109402897
2013-03-19,34.71,36.11,34.3,34.71,79876627
2013-03-20,33.54,34.55,33.23,34.24,62824263
2013-03-21,35.27,35.88,34.21,34.35,79645081
2013-03-22,36.99,37.15,34.75,36.14,81664636
2013-03-23,38.78,39.27,36.66,37.25,173363165
2013-03-24,35.96,37.23,35.64,36.49,141501939
2013-03-25,34.83,36.6,34.28,36.15,156556714
2013-03-26,36.01,37.86,35.53,36.33,70634059
2013-03-27,35.56,39.22,35.17,36.84,69286397
2013-03-28,36.1,36.76,36.09,36.74,61055738
2013-03-29,38.94,38.95,36.65,36.92,89464677
2013-03-30,38.11,40.87,38.1,38.81,151311581
2013-03-31,37.86,40.03,37.52,39.07,124586431
2013-04-01,39.5,39.53,37.26,38.34,90630954
2013-04-02,36.75,36.98,36.33,36.92,72651253
2013-04-03,36.15,36.28,35.96,35.98,116986650
2013-04-04,38.33,39.26,37.4,38.5,229872139
2013-04-05,38.81,39.33,38.31,38.46,86312287
2013-04-06,37.45,37.92,37.42,37.88,154356987
2013-04-07,38.67,39.09,36.09,37.99,107150660
2013-04-08,37.21,37.97,36.6,37.49,77061787
2013-04-09,40.75,41.52,37.77,39.18,119035364
2013-04-10,40.71,40.79,39.11,39.82,173776361
2013-04-11,40.26,40.83,39.23,39.43,151352640
2013-04-12,40.22,40.27,37.15,39.96,140442858
2013-04-13,40.31,40.83,39.23,39.62,120051166
2013-04-14,39.51,40.06,39.47,39.67,101136826
2013-04-15,39.42,39.93,39.11,39.19,90692308
2013-04-16,41.85,42.62,41.03,42.04,249850010
2013-04-17,41.38,42.56,40.15,41.97,95646734
2013-04-18,42.05,42.83,41.85,42.52,133749533
2013-04-19,40.57,41.19,40.22,40.68,82075600
2013-04-20,40.69,42.97,40.63,41.63,84773215
2013-04-21,40.83,41.25,40.13,40.26,187967123
2013-04-22,40.8,40.89,40.38,40.86,108961481
2013-04-23,41.25,41.62,39.47,41.0,143615601
2013-04-24,41.23,42.08,40.75,41.01,146826629
2013-04-25,41.35,43.57,40.06,42.85,129738334
2013-04-26,45.29,45.85,43.94,44.26,159638102
2013-04-27,43.2,44.06,42.16,43.74,81711058
2013-04-28,44.0,44.07,41.57,42.59,139435194
2013-04-29,43.84,43.88,42.38,43.14,67125635
2013-04-30,46.51,46.9,45.3,46.45,165934311
2013-05-01,44.49,45.18,43.98,44.46,92844740
2013-05-02,43.02,45.11,42.84,43.38,173565471
2013-05-03,43.71,44.77,43.55,44.43,103551255
2013-05-04,43.47,43.88,42.78,43.84,92687506
2013-05-05,43.65,46.25,41.09,43.82,80575937
2013-05-06,46.72,47.53,46.06,46.87,146698743
2013-05-07,49.63,50.27,46.44,49.07,176048522
2013-05-08,43.74,45.81,43.68,44.44,281810818
2013-05-09,42.42,46.95,41.56,45.04,71267048
2013-05-10,43.25,45.86,42.96,45.42,91165804
2013-05-11,45.14,45.74,43.82,44.63,145793386
2013-05-12,46.73,47.27,44.45,46.84,145584565
2013-05-13,46.36,46.54,46.32,46.43,116559076
2013-05-14,50.17,50.48,48.93,49.4,204345881
2013-05-15,51.34,51.59,51.07,51.28,73723284
2013-05-16,49.8,51.61,49.51,51.1,99930695
2013-05-17,49.12,49.57,48.89,49.2,80502181
2013-05-18,50.11,52.25,48.86,49.47,123727159
2013-05-19,52.17,52.32,50.73,51.3,143164923
2013-05-20,50.64,50.97,50.48,50.66,143910283
2013-05-21,50.94,53.5,50.47,51.95,115134575
2013-05-22,48.9,49.39,48.5,48.52,87702092
2013-05-23,48.78,48.86,48.65,48.82,81948987
2013-05-24,49.44,50.29,46.98,49.22,87521514
2013-05-25,46.84,48.77,46.46,47.92,115010376
2013-05-26,47.12,48.65,46.67,48.61,91517192
2013-05-27,46.9,47.32,46.83,47.13,83234174
2013-05-28,44.3,45.16,42.68,44.47,220500864
2013-05-29,44.78,46.71,44.16,45.56,124725929
2013-05-30,42.25,46.56,41.79,45.79,81243439
2013-05-31,44.43,46.91,43.19,45.4,87270705
2013-06-01,42.32,46.84,42.16,45.18,109373452
2013-06-02,45.44,46.99,45.3,46.2,63058392
2013-06-03,45.59,45.62,44.83,45.22,64812107
2013-06-04,45.46,46.55,45.16,45.96,136638663
2013-06-05,46.71,47.27,45.95,47.04,77221993
2013-06-06,44.33,44.79,44.08,44.64,220422739
2013-06-07,46.81,47.3,44.79,46.6,104209238
2013-06-08,45.78,48.23,45.03,47.11,148180243
2013-06-09,44.43,45.22,44.03,44.93,204738524
2013-06-10,43.98,44.34,43.38,43.79,142721009
2013-06-11,44.76,46.93,42.06,43.85,122485643
2013-06-12,46.91,48.04,44.31,46.74,204322606
2013-06-13,46.87,48.36,45.01,45.41,128716494
2013-06-14,42.8,43.88,42.44,42.81,226884014
2013-06-15,44.66,44.77,43.77,43.83,165402285
2013-06-16,44.97,45.14,43.43,44.8,67930647
2013-06-17,45.51,45.72,44.13,44.98,65580735
2013-06-18,46.69,47.46,46.11,46.48,127969001
2013-06-19,43.21,44.02,42.61,43.54,228010981
2013-06-20,43.93,44.02,42.46,42.74,102740333
2013-06-21,44.54,46.24,42.59,43.27,105651132
2013-06-22,43.35,43.54,42.23,43.0,81792321
2013-06-23,46.73,46.93,41.34,42.91,98348923
2013-06-24,41.43,42.48,36.57,40.14,135295879
2013-06-25,38.89,38.98,38.25,38.59,143554644
2013-06-26,39.54,40.47,39.17,39.19,134429891
2013-06-27,37.22,39.12,36.91,37.07,102149214
2013-06-28,36.3,36.67,35.3,36.18,82291192
2013-06-29,35.82,36.79,35.41,36.15,87858882
2013-06-30,37.74,37.77,37.13,37.6,96758335
2013-07-01,36.24,36.26,35.12,35.68,133682704
2013-07-02,36.25,37.02,35.94,36.68,105739248
2013-07-03,40.33,42.43,36.83,38.9,82304985
2013-07-04,37.83,38.51,37.62,38.27,95740267
2013-07-05,39.85,40.19,38.82,39.96,87136532
2013-07-06,41.07,42.98,39.92,40.28,60024921
2013-07-07,39.28,42.65,38.08,38.93,143356362
2013-07-08,40.06,41.27,38.15,39.05,65684448
2013-07-09,39.03,40.49,36.53,36.95,164106229
2013-07-10,36.0,36.88,35.71,36.29,111482070
2013-07-11,40.24,40.32,36.99,37.38,189542865
2013-07-12,36.34,36.86,35.56,36.71,175428520
2013-07-13,35.48,35.71,35.39,35.66,148033395
2013-07-14,35.36,35.43,35.32,35.42,94323287
2013-07-15,35.2,36.56,33.48,35.23,92051239
2013-07-16,35.24,37.95,35.16,35.87,69007582
2013-07-17,38.7,41.96,37.96,38.86,148339407
2013-07-18,38.44,38.53,37.39,37.4,111811340
2013-07-19,36.85,39.81,34.85,38.04,61076711
2013-07-20,36.75,36.88,34.86,34.97,247673110
2013-07-21,35.06,36.59,34.91,35.23,93761196
2013-07-22,36.05,37.74,35.75,37.01,192941281
2013-07-23,41.9,42.97,39.24,41.43,288359942
2013-07-24,42.36,42.85,40.91,42.52,170999920
2013-07-25,42.38,43.01,42.21,42.52,140064282
2013-07-26,44.75,44.81,42.21,42.38,118677064
2013-07-27,40.43,41.98,38.2,39.15,218881750
2013-07-28,42.05,42.83,41.44,42.08,168649299
2013-07-29,40.92,41.56,40.85,40.97,98145047
2013-07-30,41.81,42.29,40.27,41.23,119337489
2013-07-31,40.62,41.09,39.66,40.27,80575087
2013-08-01,39.94,40.6,39.01,39.25,147177524
2013-08-02,38.46,39.52,37.95,38.63,136919942
2013-08-03,38.15,38.34,36.45,37.03,166787959
2013-08-04,37.33,39.05,36.83,37.29,115942448
2013-08-05,39.76,40.13,36.1,37.07,71475543
2013-08-06,34.23,35.78,34.16,34.91,202291379
2013-08-07,33.21,33.82,32.91,33.22,99205891
2013-08-08,34.27,35.09,33.72,34.49,84290477
2013-08-09,34.42,36.83,33.7,35.3,150068739
2013-08-10,37.07,38.22,35.33,37.01,101985055
2013-08-11,36.32,37.3,36.12,36.49,135593516
2013-08-12,34.96,35.83,34.35,35.68,85074795
2013-08-13,35.09,36.32,34.92,35.24,143024580
2013-08-14,35.43,35.73,34.62,35.11,67833343
2013-08-15,36.11,36.17,35.93,36.0,176357075
2013-08-16,34.77,36.25,34.62,35.15,71807601
2013-08-17,34.84,35.6,34.66,35.34,62676787
2013-08-18,35.43,35.87,34.79,35.69,159255810
2013-08-19,34.61,35.19,34.2,34.43,111931241
2013-08-20,35.2,35.96,34.71,35.64,129815488
2013-08-21,35.65,37.93,35.63,37.28,157495003
2013-08-22,37.86,38.74,37.56,38.3,81585926
2013-08-23,41.89,42.32,40.85,41.19,211109689
2013-08-24,38.65,39.1,38.45,38.98,189044989
2013-08-25,38.22,38.51,37.93,38.22,120648752
2013-08-26,39.52,42.0,39.32,40.75,202510454
2013-08-27,40.03,41.09,39.34,40.36,91279703
2013-08-28,40.89,40.95,39.96,40.5,118689874
2013-08-29,39.0,40.82,38.87,40.77,144231587
2013-08-30,41.31,42.04,41.04,41.62,150916625
2013-08-31,40.65,41.09,38.87,40.19,125627666
2013-09-01,40.41,41.51,39.87,40.37,136994416
2013-09-02,39.22,39.27,38.54,39.18,172053677
2013-09-03,38.53,39.98,38.46,39.85,87747087
2013-09-04,39.38,40.78,39.15,39.28,70424045
2013-09-05,39.21,41.02,38.95,40.17,114952444
2013-09-06,38.85,39.37,38.41,38.8,93081667
2013-09-07,37.16,37.72,37.16,37.5,105671144
2013-09-08,37.43,38.1,36.51,37.27,64721455
2013-09-09,36.47,37.82,34.37,37.69,87599978
2013-09-10,36.94,38.72,36.71,38.61,185089612
2013-09-11,37.87,38.61,37.42,37.75,127859708
2013-09-12,36.76,39.67,36.72,37.68,147907690
2013-09-13,38.39,39.38,38.29,38.64,86843495
2013-09-14,38.64,40.38,38.41,39.77,129867570
2013-09-15,41.29,42.04,41.25,41.95,135112187
2013-09-16,40.09,43.46,39.36,42.21,56988908
2013-09-17,41.81,42.54,41.71,41.72,61121857
2013-09-18,37.35,37.82,36.38,37.75,166095689
2013-09-19,36.55,38.72,36.07,38.53,127502490
2013-09-20,41.56,43.67,36.06,40.29,162522249
2013-09-21,41.15,41.2,40.69,40.97,114256541
2013-09-22,40.95,43.81,38.89,41.75,168496812
2013-09-23,43.05,43.44,41.5,42.81,161518710
2013-09-24,45.26,45.59,44.62,44.75,121600402
2013-09-25,46.66,47.45,46.04,47.08,153585420
2013-09-26,47.59,48.59,46.09,46.4,165145366
2013-09-27,46.99,47.12,45.35,46.27,152637182
2013-09-28,45.83,46.71,44.66,46.0,57341268
2013-09-29,44.99,45.08,44.79,45.03,133502753
2013-09-30,37.0,40.29,36.48,40.24,212419699
2013-10-01,38.92,40.26,38.68,39.35,77314507
2013-10-02,41.64,42.56,39.2,41.28,169956028
2013-10-03,40.92,41.29,39.48,40.32,117524980
2013-10-04,39.19,40.5,39.07,39.46,159228046
2013-10-05,40.35,40.81,39.71,40.37,149813608
2013-10-06,39.82,40.17,38.79,39.74,163342108
2013-10-07,38.53,39.43,38.41,38.84,62372576
2013-10-08,40.37,40.76,37.75,38.65,149282805
2013-10-09,38.99,39.59,36.99,37.73,137322504
2013-10-10,39.2,39.29,37.8,38.92,180481354
2013-10-11,37.32,38.0,36.81,37.77,98593990
2013-10-12,38.01,38.45,35.36,37.11,93823814
2013-10-13,35.8,35.8,33.5,35.55,116229501
2013-10-14,36.65,39.33,34.17,35.47,94352569
2013-10-15,34.92,35.52,34.91,35.39,102380498
2013-10-16,38.07,38.61,37.51,38.0,191997633
2013-10-17,38.88,39.47,38.59,39.25,195433801
2013-10-18,39.43,39.66,37.09,37.92,162960451
2013-10-19,34.63,37.31,33.39,35.94,114857141
2013-10-20,35.68,36.03,34.75,35.25,138004214
2013-10-21,34.76,35.68,33.74,34.24,87719021
2013-10-22,34.9,36.33,34.47,35.43,104906453
2013-10-23,35.97,36.51,35.19,35.52,97044886
2013-10-24,36.06,37.32,35.28,36.14,145785066
2013-10-25,36.73,39.36,36.52,38.18,230534360
2013-10-26,38.61,39.72,38.08,38.55,111916219
2013-10-27,39.18,39.28,37.05,39.09,114240907
2013-10-28,41.69,42.89,41.53,42.2,125917393
2013-10-29,41.64,42.06,41.01,42.06,140287084
2013-10-30,39.43,41.78,37.68,41.39,109593695
2013-10-31,41.46,42.05,40.95,41.38,89665092
2013-11-01,40.38,41.78,38.3,40.76,155022379
2013-11-02,40.93,42.04,39.97,40.26,168218991
2013-11-03,38.27,40.41,37.96,39.82,117376347
2013-11-04,39.36,40.41,39.29,40.39,128161069
2013-11-05,40.34,40.35,39.18,39.77,157364466
2013-11-06,39.79,39.99,38.39,38.94,99523409
2013-11-07,40.09,40.8,39.35,40.37,185343885
2013-11-08,41.69,41.93,41.26,41.36,155975251
2013-11-09,39.56,40.03,38.81,39.17,216810955
2013-11-10,39.02,39.77,38.1,38.52,114434262
2013-11-11,37.64,39.08,37.57,38.37,113095845
2013-11-12,38.41,38.76,38.4,38.42,54089025
2013-11-13,38.77,39.87,38.21,38.99,102027226
2013-11-14,39.04,39.4,38.82,38.89,55731872
2013-11-15,39.55,40.81,38.94,40.29,133434229
2013-11-16,39.86,40.62,38.76,39.86,117456542
2013-11-17,39.3,40.03,39.22,39.8,61722983
2013-11-18,40.19,41.15,40.08,40.21,154416456
2013-11-19,42.33,43.86,41.18,42.14,214842220
2013-11-20,39.62,41.5,38.85,39.96,163286204
2013-11-21,41.34,41.65,41.22,41.43,85208001
2013-11-22,40.2,42.03,38.68,40.87,94357875
2013-11-23,41.71,42.18,41.25,41.83,179759573
2013-11-24,44.09,44.47,43.85,44.05,118997622
2013-11-25,44.01,44.55,41.07,44.13,70713768
2013-11-26,45.07,45.22,44.55,44.56,104576160
2013-11-27,45.21,46.73,44.92,45.84,142874985
2013-11-28,48.85,49.82,48.72,48.82,97954696
2013-11-29,46.14,46.73,45.64,46.72,128283210
2013-11-30,46.97,47.01,46.77,46.86,79717482
2013-12-01,49.4,50.05,45.69,47.04,74210431
2013-12-02,46.84,48.89,46.77,47.33,81664227
2013-12-03,48.17,50.0,47.95,48.68,123755643
2013-12-04,51.75,53.45,50.78,51.18,91873958
2013-12-05,51.08,51.49,49.41,51.46,129254399
2013-12-06,55.42,55.43,53.18,53.87,91221092
2013-12-07,54.6,55.77,51.3,53.66,76856204
2013-12-08,51.35,51.4,49.55,50.76,160424766
2013-12-09,49.15,49.99,49.11,49.28,84152496
2013-12-10,50.97,52.55,48.94,49.99,122340742
2013-12-11,49.26,50.25,48.9,49.45,159247887
2013-12-12,48.99,50.96,48.58,50.25,116592945
2013-12-13,48.31,49.84,47.23,49.2,156816720
2013-12-14,49.59,51.12,49.27,50.93,127159667
2013-12-15,50.11,51.87,49.41,50.74,80659592
2013-12-16,51.16,52.32,50.65,52.17,94606202
2013-12-17,51.52,52.42,51.51,51.85,106140851
2013-12-18,51.46,51.84,49.83,50.19,129898112
2013-12-19,49.68,51.11,48.79,49.16,119817953
2013-12-20,50.12,50.59,48.92,49.87,91109899
2013-12-21,54.12,54.25,50.42,51.89,106568973
2013-12-22,51.86,53.51,51.85,52.41,119813813
2013-12-23,50.54,50.87,48.59,50.76,98069742
2013-12-24,50.25,55.27,49.38,52.23,71235291
2013-12-25,50.39,50.49,48.77,49.96,132092063
2013-12-26,50.42,51.72,49.2,50.78,153890496
2013-12-27,49.6,54.15,48.26,50.43,120423418
2013-12-28,48.84,53.09,48.66,51.97,127306275
2013-12-29,53.83,54.17,51.82,52.56,155755917
2013-12-30,53.04,53.35,48.43,51.08,182297212
2013-12-31,51.06,51.62,49.65,51.54,99350068
2014-01-01,54.31,55.31,53.62,53.88,156564502
2014-01-02,52.5,53.46,52.04,52.97,116167298
2014-01-03,51.97,54.79,51.45,53.33,100498515
2014-01-04,53.33,53.64,52.94,53.58,68754253
2014-01-05,58.89,59.56,57.06,59.21,251830059
2014-01-06,58.65,60.34,57.33,58.11,100662510
2014-01-07,59.93,61.01,55.15,58.01,105757894
2014-01-08,60.29,62.04,59.56,61.12,106968266
2014-01-09,63.7,63.84,62.86,63.32,74953508
2014-01-10,63.12,64.7,61.01,63.57,70909090
2014-01-11,63.61,64.36,62.34,63.19,59903696
2014-01-12,62.09,64.23,59.28,60.7,167433794
2014-01-13,60.74,62.72,59.93,61.71,163170185
2014-01-14,58.06,63.18,56.81,60.21,106613512
2014-01-15,66.03,67.22,64.04,64.86,107671176
2014-01-16,64.45,65.62,62.66,64.72,98986613
2014-01-17,64.36,67.63,56.1,61.93,115574962
2014-01-18,61.12,61.39,60.05,60.77,151907694
2014-01-19,62.27,62.39,61.49,61.56,142042545
2014-01-20,61.72,63.4,61.3,62.51,78306168
2014-01-21,62.92,64.48,59.76,61.14,92827218
2014-01-22,62.06,62.26,61.93,62.03,149084088
2014-01-23,61.95,62.53,60.8,61.45,64580949
2014-01-24,60.14,60.32,58.41,59.39,166962911
2014-01-25,59.17,60.89,58.43,59.22,97182367
2014-01-26,59.18,61.32,57.91,58.84,94513704
2014-01-27,56.5,56.56,55.74,55.74,172261179
2014-01-28,55.99,56.43,55.85,56.12,126644957
2014-01-29,56.96,59.42,56.49,56.89,158481964
2014-01-30,57.5,59.34,56.27,57.01,51817957
2014-01-31,53.03,54.66,52.75,54.32,161783452
2014-02-01,54.37,55.24,53.59,54.15,148141962
2014-02-02,53.79,54.85,52.72,54.76,63088495
2014-02-03,54.71,56.58,53.06,53.69,103436304
2014-02-04,53.64,56.28,53.12,53.64,140200268
2014-02-05,53.95,55.39,52.05,54.0,96608821
2014-02-06,54.87,56.29,53.5,53.66,148061982
2014-02-07,54.56,54.98,53.66,54.68,140554848
2014-02-08,55.79,57.41,55.49,55.92,117280033
2014-02-09,56.14,58.04,55.63,56.61,162750332
2014-02-10,55.5,55.53,53.57,55.08,84878110
2014-02-11,54.93,55.23,53.03,53.58,170449756
2014-02-12,53.33,56.08,48.07,52.33,146233121
2014-02-13,54.2,54.89,53.95,54.88,220038291
2014-02-14,59.05,60.18,57.0,57.9,152467444
2014-02-15,58.44,59.22,57.98,58.68,126225228
2014-02-16,58.47,59.66,58.23,59.59,73132302
2014-02-17,61.36,61.95,60.35,61.05,114234754
2014-02-18,63.28,64.28,63.2,63.64,204641000
2014-02-19,63.65,63.7,61.87,62.94,122577205
2014-02-20,60.5,60.55,58.22,60.21,193239293
2014-02-21,59.81,60.01,57.3,59.85,63332684
2014-02-22,59.83,62.54,58.84,59.2,151894743
2014-02-23,59.18,60.97,57.74,59.22,88562765
2014-02-24,61.77,62.31,61.16,61.57,188647554
2014-02-25,66.9,69.77,65.95,66.2,164853548
2014-02-26,64.76,65.11,63.83,64.26,73272679
2014-02-27,64.19,67.85,62.7,66.25,167263432
2014-02-28,66.71,67.81,65.61,66.36,67191681
2014-03-01,67.69,68.02,64.89,67.35,147472362
2014-03-02,69.76,71.76,69.19,71.48,186803952
2014-03-03,71.2,71.4,70.79,71.35,146915916
2014-03-04,75.85,76.02,72.66,73.8,197103477
2014-03-05,74.22,74.92,71.35,74.1,118653825
2014-03-06,69.2,71.46,63.28,70.45,93210721
2014-03-07,70.1,71.43,68.71,71.01,60745976
2014-03-08,73.03,73.72,71.41,72.23,98112283
2014-03-09,74.67,78.86,73.38,74.94,149806818
2014-03-10,72.24,73.24,71.54,72.18,161896314
2014-03-11,64.46,69.12,61.32,68.87,112645870
2014-03-12,69.13,70.02,67.73,69.9,165803212
2014-03-13,72.02,72.75,70.15,70.26,67311041
2014-03-14,66.62,68.8,66.11,68.43,72969167
2014-03-15,65.2,67.98,65.19,67.22,77884978
2014-03-16,65.52,69.19,65.38,67.12,137139458
2014-03-17,67.58,68.79,66.12,68.25,76775446
2014-03-18,67.87,68.62,67.27,68.11,85893374
2014-03-19,68.6,69.56,68.23,68.49,106396067
2014-03-20,70.49,71.06,68.23,68.56,79392853
2014-03-21,68.15,69.57,66.47,68.47,52943853
2014-03-22,68.44,69.18,65.42,67.31,73336029
2014-03-23,68.21,70.49,67.28,70.06,182029353
2014-03-24,66.73,67.06,66.65,67.04,108705666
2014-03-25,72.71,73.67,69.37,69.92,142843583
2014-03-26,73.65,74.99,73.09,74.38,144507185
2014-03-27,71.82,74.75,71.32,74.08,59118505
2014-03-28,73.21,73.78,72.09,72.65,72360859
2014-03-29,74.36,75.17,72.88,74.52,136465083
2014-03-30,73.55,78.46,72.62,78.32,138842064
2014-03-31,85.73,87.13,75.06,80.33,119983704
2014-04-01,80.29,81.35,80.11,80.75,153662707
2014-04-02,79.0,79.01,78.94,78.96,140201363
2014-04-03,75.29,77.52,74.65,76.49,126554094
2014-04-04,78.13,78.17,75.93,76.27,62453311
2014-04-05,73.03,75.0,72.14,73.9,148533472
2014-04-06,73.45,73.93,72.98,73.2,142548039
2014-04-07,73.87,74.94,73.09,73.11,119427844
2014-04-08,70.54,71.02,69.76,69.99,96978009
2014-04-09,74.83,74.83,72.84,72.86,125185300
2014-04-10,70.64,73.49,69.24,73.08,105469721
2014-04-11,67.64,71.28,64.82,70.39,162156148
2014-04-12,66.21,69.61,65.58,68.08,116143947
2014-04-13,68.67,69.5,68.57,69.3,85987988
2014-04-14,71.32,72.65,69.36,70.72,78625465
2014-04-15,74.38,74.75,74.34,74.68,86567487
2014-04-16,78.17,80.01,77.19,77.83,160656079
2014-04-17,79.06,80.22,77.44,78.89,93536207
2014-04-18,78.52,80.29,77.39,79.62,88377562
2014-04-19,82.93,83.02,81.06,81.29,140752146
2014-04-20,76.82,83.39,72.77,78.59,173826916
2014-04-21,80.67,82.41,80.33,80.6,76404379
2014-04-22,79.19,79.29,77.76,79.25,92901678
2014-04-23,81.57,82.5,77.99,78.97,135974454
2014-04-24,79.28,79.94,79.2,79.45,136802714
2014-04-25,79.93,82.44,76.03,79.74,103750852
2014-04-26,76.16,78.22,75.57,76.73,201703078
2014-04-27,79.1,81.51,77.8,79.98,76261574
2014-04-28,80.49,82.4,73.54,81.09,62335386
2014-04-29,81.48,83.4,80.51,82.75,95268859
2014-04-30,86.25,87.59,85.2,86.4,106776879
2014-05-01,84.03,88.52,81.28,86.15,107430614
2014-05-02,85.81,86.43,85.39,85.81,73062080
2014-05-03,87.7,91.21,85.06,87.81,88570393
2014-05-04,85.11,86.39,79.6,82.77,126547410
2014-05-05,92.0,92.85,90.61,92.06,299516045
2014-05-06,90.53,90.68,89.6,90.24,134819277
2014-05-07,89.11,94.37,89.05,90.81,104773450
2014-05-08,88.01,91.99,87.45,89.3,166716922
2014-05-09,90.75,92.34,90.44,90.47,91410882
2014-05-10,92.49,93.57,87.09,91.77,97984037
2014-05-11,94.03,95.79,88.46,92.97,74061336
2014-05-12,97.26,99.05,89.88,95.18,133458337
2014-05-13,93.33,94.47,88.71,92.24,78164778
2014-05-14,91.1,92.76,90.39,91.93,58949179
2014-05-15,87.69,89.11,86.76,87.38,184246903
2014-05-16,87.69,89.72,86.21,87.9,129758194
2014-05-17,85.75,87.18,85.49,87.13,125908225
2014-05-18,87.49,93.52,86.62,88.94,164019749
2014-05-19,91.57,91.58,90.98,91.52,151737293
2014-05-20,89.64,95.28,89.14,94.41,140734648
2014-05-21,97.93,98.76,95.57,95.96,109998467
2014-05-22,99.4,99.52,96.37,97.76,131301614
2014-05-23,99.25,99.68,95.98,99.05,135789782
2014-05-24,101.41,101.45,98.22,100.48,167140041
2014-05-25,101.44,101.46,100.78,100.93,98802871
2014-05-26,101.16,103.67,101.08,102.29,115188099
2014-05-27,107.22,108.32,103.36,105.29,174758566
2014-05-28,99.95,101.0,99.9,100.86,175409259
2014-05-29,103.99,104.13,103.46,103.57,171439950
2014-05-30,97.62,98.75,97.12,97.6,217704150
2014-05-31,94.76,96.66,94.27,94.7,183133909
2014-06-01,88.71,90.2,85.62,87.32,134921245
2014-06-02,89.07,89.26,83.19,88.3,116700765
2014-06-03,92.27,93.82,90.13,93.09,220715177
2014-06-04,90.96,92.06,89.43,90.75,137205212
2014-06-05,90.48,91.56,86.7,89.27,67128270
2014-06-06,86.01,89.4,82.22,87.66,74786301
2014-06-07,89.09,92.89,87.97,89.57,85758348
2014-06-08,94.71,95.31,89.71,92.03,175360956
2014-06-09,90.52,91.1,89.82,90.33,158657610
2014-06-10,87.65,90.11,84.42,88.2,126913845
2014-06-11,93.29,93.68,87.96,89.9,177294530
2014-06-12,89.8,91.48,89.32,90.38,102720284
2014-06-13,86.63,89.54,82.14,89.42,120467209
2014-06-14,87.53,91.36,86.63,89.53,51978848
2014-06-15,88.68,89.49,87.24,87.91,81671349
2014-06-16,86.51,87.0,83.16,84.15,169360419
2014-06-17,85.82,88.41,83.93,86.83,126246895
2014-06-18,85.72,87.2,84.74,86.56,97181382
2014-06-19,90.97,92.0,86.47,89.39,109604750
2014-06-20,86.73,87.52,84.47,86.39,108876014
2014-06-21,86.42,86.43,83.12,84.69,66849142
2014-06-22,88.88,91.2,82.58,84.48,139133549
2014-06-23,86.02,88.71,85.66,87.21,66974070
2014-06-24,80.83,83.8,80.32,82.7,93619416
2014-06-25,79.73,82.3,78.43,81.55,102321227
2014-06-26,86.1,86.67,84.62,85.09,199387942
2014-06-27,84.3,88.76,82.92,86.27,114291166
2014-06-28,93.77,95.0,93.63,94.26,263971173
2014-06-29,95.86,96.17,92.6,94.06,96533531
2014-06-30,98.87,102.47,96.13,97.6,101497671
2014-07-01,100.14,101.24,90.78,95.59,118043743
2014-07-02,98.57,98.9,93.2,97.66,98590908
2014-07-03,97.09,99.8,95.87,98.35,54413134
2014-07-04,106.69,108.28,100.61,102.78,112998306
2014-07-05,106.04,111.89,103.37,105.67,142839914
2014-07-06,108.12,112.51,106.68,108.15,153000732
2014-07-07,109.61,113.53,108.4,109.09,118819639
2014-07-08,108.49,110.83,107.94,110.14,90563757
2014-07-09,111.59,115.5,111.17,113.38,71983629
2014-07-10,110.95,111.71,110.86,111.38,128338309
2014-07-11,107.71,109.29,106.87,108.02,109688920
2014-07-12,111.46,114.18,108.44,113.17,194960210
2014-07-13,108.01,109.59,107.65,108.25,210978946
2014-07-14,108.04,109.13,106.9,108.81,65733731
2014-07-15,109.75,110.0,108.63,109.11,54080943
2014-07-16,108.13,111.08,105.49,108.76,68585442
2014-07-17,103.61,109.39,100.43,104.19,85189546
2014-07-18,104.18,104.94,102.91,104.43,132659376
2014-07-19,103.44,105.03,95.69,102.9,156812990
2014-07-20,101.97,105.76,99.95,105.43,155379674
2014-07-21,105.73,107.84,104.38,107.0,143077061
2014-07-22,101.45,108.3,100.96,105.76,134489961
2014-07-23,105.32,107.21,102.84,106.09,90663368
2014-07-24,106.05,106.23,105.71,106.0,93216285
2014-07-25,107.59,110.33,106.47,107.14,77669699
2014-07-26,99.44,107.54,98.78,102.15,192975565
2014-07-27,100.83,102.97,100.82,101.9,62021181
2014-07-28,106.42,107.52,105.61,106.53,77519186
2014-07-29,106.25,106.27,105.51,105.55,121027251
2014-07-30,113.82,116.75,110.65,111.11,170565879
2014-07-31,111.2,111.61,109.97,110.47,107797414
2014-08-01,113.59,113.97,108.53,109.33,74126891
2014-08-02,106.85,107.75,106.35,107.03,153377780
2014-08-03,107.28,109.63,100.34,106.82,96560683
2014-08-04,108.06,109.41,107.65,109.09,167779114
2014-08-05,107.33,108.11,106.48,106.9,169717893
2014-08-06,92.21,100.33,91.53,98.02,271793163
2014-08-07,92.26,95.23,90.66,93.69,115136468
2014-08-08,90.95,92.04,89.28,91.58,127805007
2014-08-09,91.94,96.87,88.5,92.31,93306612
2014-08-10,91.36,94.97,90.55,93.4,102814198
2014-08-11,92.4,93.54,88.08,92.62,85297358
2014-08-12,95.21,98.9,92.19,92.75,81621539
2014-08-13,94.43,94.47,91.72,94.36,125575029
2014-08-14,94.32,96.74,90.07,93.54,144005287
2014-08-15,91.66,91.96,90.78,91.16,97749182
2014-08-16,89.29,93.67,85.57,89.15,125584276
2014-08-17,84.15,88.6,80.82,87.47,164185809
2014-08-18,88.09,89.7,85.57,87.18,140718410
2014-08-19,82.87,84.33,82.31,84.01,149005317
2014-08-20,84.64,85.53,82.84,83.35,69113617
2014-08-21,83.9,83.98,82.0,83.8,82618155
2014-08-22,85.15,87.87,80.41,81.63,73014484
2014-08-23,83.05,83.09,79.61,81.51,141826096
2014-08-24,82.44,84.75,82.06,83.92,130250648
2014-08-25,88.76,89.17,88.18,89.01,80880228
2014-08-26,85.66,90.28,85.36,86.37,82290530
2014-08-27,83.77,87.7,82.53,85.67,98430545
2014-08-28,85.14,87.94,83.16,85.39,136123597
2014-08-29,82.05,82.65,77.62,80.26,172217160
2014-08-30,76.87,78.45,73.12,76.39,172012358
2014-08-31,77.81,80.36,77.12,77.2,85093459
2014-09-01,75.97,76.83,75.66,75.92,136370486
2014-09-02,82.57,82.78,78.89,80.24,136300230
2014-09-03,82.85,83.43,81.33,81.81,66087705
2014-09-04,83.74,84.3,81.04,81.7,67588654
2014-09-05,83.55,88.89,81.65,84.12,145144084
2014-09-06,82.9,83.18,81.68,81.91,160050429
2014-09-07,87.49,87.51,77.09,83.79,167780808
2014-09-08,77.83,78.62,74.07,78.1,137631991
2014-09-09,81.7,86.91,73.32,79.25,106972049
2014-09-10,80.89,82.51,79.35,80.97,69137007
2014-09-11,79.66,83.99,79.59,80.36,143341723
2014-09-12,83.51,84.23,78.4,80.82,126270581
2014-09-13,79.53,80.24,78.0,80.0,143415764
2014-09-14,77.12,77.56,76.86,77.3,160822027
2014-09-15,74.31,76.6,73.77,75.24,66162539
2014-09-16,70.4,72.64,70.26,71.7,128165965
2014-09-17,75.96,76.04,74.48,75.31,77363798
2014-09-18,79.67,79.83,77.84,78.02,200032478
2014-09-19,79.11,80.03,78.56,79.8,141833729
2014-09-20,77.8,78.94,76.82,77.65,168654661
2014-09-21,80.15,80.78,77.02,78.53,153363749
2014-09-22,79.69,84.92,76.35,78.99,59414145
2014-09-23,79.76,80.08,79.32,79.91,129597100
2014-09-24,77.87,81.67,77.49,80.71,88578110
2014-09-25,82.87,85.67,81.12,82.39,163090941
2014-09-26,86.45,87.18,83.51,86.23,130859910
2014-09-27,89.44,91.43,88.5,89.65,183120876
2014-09-28,95.01,99.1,91.99,93.79,74612986
2014-09-29,98.89,99.25,96.83,97.05,85513173
2014-09-30,94.46,95.17,93.75,94.85,168511697
2014-10-01,93.83,94.96,93.0,93.62,112534024
2014-10-02,95.83,96.85,91.52,92.09,63038701
2014-10-03,97.24,97.43,88.06,93.54,135475184
2014-10-04,89.11,90.67,87.99,89.34,104574652
2014-10-05,89.26,89.81,87.58,88.8,141340122
2014-10-06,85.29,89.12,83.34,87.42,161747017
2014-10-07,89.38,90.77,84.88,89.61,153891198
2014-10-08,96.43,96.75,94.7,95.02,82365961
2014-10-09,101.84,103.84,100.34,100.55,201765929
2014-10-10,96.97,97.8,96.76,97.06,114933326
2014-10-11,97.33,100.21,96.44,96.49,75120384
2014-10-12,97.31,97.74,96.94,97.72,158856668
2014-10-13,95.87,98.55,95.3,96.43,164153621
2014-10-14,96.81,97.49,93.15,95.07,127280172
2014-10-15,95.95,97.8,92.97,95.09,101939013
2014-10-16,92.99,96.65,90.71,92.59,137470249
2014-10-17,90.57,92.24,87.81,91.17,79896920
2014-10-18,85.68,86.57,84.5,85.04,136915059
2014-10-19,84.41,85.21,83.64,84.03,119939100
2014-10-20,84.37,85.0,80.69,81.76,171678207
2014-10-21,77.85,79.74,77.74,79.61,175667838
2014-10-22,82.84,83.01,78.85,79.9,55542139
2014-10-23,80.24,80.24,76.18,79.43,64236713
2014-10-24,78.84,79.22,76.23,77.47,168786889
2014-10-25,77.45,77.47,77.3,77.37,148340561
2014-10-26,80.88,82.43,80.86,81.79,195234238
2014-10-27,86.75,88.2,83.1,85.36,72913873
2014-10-28,87.67,88.08,83.41,83.44,70883648
2014-10-29,82.3,85.79,80.23,83.11,116551302
2014-10-30,86.26,87.04,81.28,83.45,94112944
2014-10-31,85.03,90.23,84.24,84.75,123879514
2014-11-01,88.01,88.05,87.58,88.02,132011853
2014-11-02,83.47,85.26,83.36,84.31,97937289
2014-11-03,82.1,86.47,82.01,86.26,132692412
2014-11-04,84.54,87.37,81.78,83.99,89221642
2014-11-05,87.73,87.97,84.26,85.16,103906887
2014-11-06,86.7,91.42,86.61,87.14,126071692
2014-11-07,96.36,97.96,91.93,93.85,261067719
2014-11-08,94.42,95.98,94.29,95.56,98680966
2014-11-09,97.13,99.62,95.25,97.99,117551121
2014-11-10,95.44,96.19,92.45,94.43,69174957
2014-11-11,89.07,89.31,88.91,89.3,100806480
2014-11-12,86.55,89.48,85.1,88.01,94658749
2014-11-13,89.89,90.93,88.07,90.2,171682591
2014-11-14,88.64,90.49,88.57,88.64,79392032
2014-11-15,86.78,89.95,86.59,87.54,139826752
2014-11-16,92.75,93.01,88.23,92.54,137965728
2014-11-17,88.97,91.47,88.29,89.65,80190034
2014-11-18,89.7,90.09,88.48,88.63,134813455
2014-11-19,88.0,92.47,87.67,87.93,60989303
2014-11-20,86.18,89.94,80.96,87.05,154286025
2014-11-21,86.35,91.22,85.74,90.14,185263381
2014-11-22,95.02,95.1,94.95,94.96,180091895
2014-11-23,92.95,95.4,91.64,94.12,108755271
2014-11-24,97.42,98.83,92.3,97.32,171430314
2014-11-25,96.27,100.86,93.32,97.73,152284473
2014-11-26,96.3,96.86,96.28,96.68,71875504
2014-11-27,91.43,95.82,87.92,92.5,76001686
2014-11-28,95.18,96.86,89.02,90.73,127717152
2014-11-29,94.85,94.91,91.74,93.41,180356553
2014-11-30,95.87,97.81,93.89,94.21,159575087
2014-12-01,96.62,97.37,95.94,97.08,75088556
2014-12-02,99.4,104.06,92.74,97.79,127375179
2014-12-03,102.73,103.33,101.44,101.58,75910456
2014-12-04,101.59,103.3,100.42,101.93,89901071
2014-12-05,107.32,107.62,103.5,104.95,136983772
2014-12-06,99.28,99.7,96.09,99.31,142546637
2014-12-07,93.24,104.43,91.21,98.89,131092118
2014-12-08,98.77,102.61,95.98,99.83,90075887
2014-12-09,99.32,99.75,97.73,98.18,112042702
2014-12-10,98.27,100.94,97.91,100.61,102906660
2014-12-11,101.18,103.82,98.91,99.57,143845862
2014-12-12,98.58,100.63,96.81,97.35,96237940
2014-12-13,94.14,95.12,93.44,94.18,164604438
2014-12-14,91.91,97.27,90.98,95.86,168099860
2014-12-15,96.88,102.31,92.81,94.34,136126325
2014-12-16,104.86,107.12,100.47,101.61,255925595
2014-12-17,103.36,103.53,101.18,101.58,55494949
2014-12-18,106.86,110.48,103.28,103.58,163337901
2014-12-19,107.81,108.03,106.79,108.01,138471133
2014-12-20,114.2,114.6,110.51,112.51,99904468
2014-12-21,115.12,116.51,113.75,115.61,172514608
2014-12-22,110.19,118.11,109.78,116.9,140311108
2014-12-23,112.73,117.31,107.4,111.89,126053727
2014-12-24,119.18,119.98,114.37,116.18,109853624
2014-12-25,117.04,117.75,115.85,117.46,92607342
2014-12-26,115.3,120.53,114.19,114.76,134628618
2014-12-27,115.79,118.46,115.64,118.04,148811894
2014-12-28,119.11,119.18,115.21,116.2,135305665
2014-12-29,116.15,116.78,115.4,115.67,143084098
2014-12-30,119.38,122.43,116.85,121.57,212288649
2014-12-31,121.36,134.32,120.72,126.86,179952655
2015-01-01,120.87,124.87,119.24,122.63,187474423
2015-01-02,133.36,138.2,131.15,132.73,240376511
2015-01-03,140.35,141.44,137.99,140.22,143244833
2015-01-04,135.43,135.72,133.53,134.26,128106844
2015-01-05,131.12,133.55,128.83,130.54,104921685
2015-01-06,121.28,124.11,120.96,122.26,154985317
2015-01-07,128.58,129.03,127.12,127.59,155812070
2015-01-08,129.53,132.44,127.4,131.18,129174987
2015-01-09,130.95,134.11,126.29,128.25,88552021
2015-01-10,127.58,129.33,126.68,127.53,69443390
2015-01-11,127.6,128.86,126.97,127.39,75155971
2015-01-12,121.83,125.19,121.1,123.17,199443601
2015-01-13,116.33,123.19,114.45,118.64,86838023
2015-01-14,116.03,116.53,112.71,116.13,113020039
2015-01-15,123.19,123.21,119.0,121.13,123399953
2015-01-16,123.96,124.95,123.95,124.27,66279211
2015-01-17,129.41,139.05,128.22,129.18,185396306
2015-01-18,133.78,135.21,133.66,135.04,178994236
2015-01-19,137.43,141.09,133.88,139.01,175207972
2015-01-20,144.31,150.1,134.73,144.18,82579436
2015-01-21,142.75,142.88,139.02,142.16,149794848
2015-01-22,136.79,138.14,134.26,134.32,78736459
2015-01-23,122.07,125.61,121.74,125.36,246732764
2015-01-24,129.75,131.33,126.12,127.21,92243175
2015-01-25,139.72,143.51,126.34,133.03,185174513
2015-01-26,120.6,128.68,119.81,122.2,163452860
2015-01-27,130.88,131.0,126.03,129.92,128737494
2015-01-28,132.45,141.03,130.47,130.88,109747153
2015-01-29,131.23,134.86,129.28,130.88,130633119
2015-01-30,128.65,132.05,125.99,131.32,90480321
2015-01-31,132.48,133.61,126.3,128.7,153091734
2015-02-01,130.0,134.16,123.02,126.54,138961823
2015-02-02,119.69,124.04,118.64,121.67,197769169
2015-02-03,117.66,118.88,116.99,117.78,74799842
2015-02-04,125.52,127.24,120.88,121.47,108221546
2015-02-05,121.64,122.84,120.58,120.67,152371545
2015-02-06,120.97,126.73,116.38,120.09,127059328
2015-02-07,118.15,119.31,117.44,119.01,154987418
2015-02-08,115.93,121.48,114.66,115.71,173244147
2015-02-09,116.87,117.9,115.88,116.48,62146809
2015-02-10,110.54,115.14,109.37,111.69,147665881
2015-02-11,112.26,116.76,110.22,114.22,176327434
2015-02-12,115.62,117.44,113.08,115.38,158516385
2015-02-13,113.57,114.66,111.31,114.51,102335664
2015-02-14,114.88,115.45,114.68,114.73,73502602
2015-02-15,118.9,121.83,117.84,120.55,177035075
2015-02-16,118.69,122.67,115.48,116.83,81129361
2015-02-17,123.69,126.64,118.97,119.13,89498928
2015-02-18,122.91,123.69,119.15,120.95,167724812
2015-02-19,127.69,136.81,125.34,129.52,222318895
2015-02-20,125.59,130.42,125.46,128.79,63691831
2015-02-21,133.5,137.83,132.41,132.9,183117557
2015-02-22,135.35,138.57,129.17,132.7,149571343
2015-02-23,130.94,133.3,130.74,132.0,86974178
2015-02-24,144.32,146.34,140.55,140.94,93574643
2015-02-25,147.08,152.11,142.1,144.64,155000842
2015-02-26,151.0,158.88,149.06,149.42,169354443
2015-02-27,148.37,152.64,143.82,148.68,122325679
2015-02-28,141.92,142.47,139.8,140.85,148292807
2015-03-01,149.56,149.73,146.2,147.74,144577171
2015-03-02,147.32,154.93,146.95,149.51,130827006
2015-03-03,147.38,148.68,142.92,146.52,110568426
2015-03-04,147.82,154.24,145.7,153.72,209654566
2015-03-05,151.07,153.33,150.31,150.38,174262332
2015-03-06,162.52,163.32,155.08,161.32,127742157
2015-03-07,158.4,163.12,157.42,160.87,73898390
2015-03-08,153.7,158.89,148.46,152.92,153390956
2015-03-09,156.68,158.22,154.31,156.65,68086738
2015-03-10,161.28,161.85,158.41,160.19,149528405
2015-03-11,157.98,159.68,156.97,159.47,110818928
2015-03-12,159.33,162.67,150.4,157.16,110563039
2015-03-13,153.44,157.97,150.9,154.78,147329127
2015-03-14,154.45,162.42,154.12,160.85,176302142
2015-03-15,167.11,168.18,163.78,164.48,108710591
2015-03-16,163.34,165.25,155.08,157.29,122908907
2015-03-17,167.82,173.12,166.03,170.61,141761311
2015-03-18,179.26,184.64,175.29,176.48,80054244
2015-03-19,171.47,177.3,170.44,177.13,122020090
2015-03-20,179.71,183.09,177.82,182.67,107711684
2015-03-21,188.68,190.0,182.93,184.65,141509445
2015-03-22,181.0,181.93,179.58,181.27,66645609
2015-03-23,180.74,184.6,177.97,181.43,73477873
2015-03-24,177.14,182.26,174.17,178.21,146109320
2015-03-25,183.5,186.1,182.13,183.88,139839865
2015-03-26,163.86,187.66,160.1,179.14,162551919
2015-03-27,172.76,181.47,170.39,179.67,72323630
2015-03-28,177.24,179.26,174.79,176.99,154032224
2015-03-29,189.71,190.83,186.14,187.76,220162287
2015-03-30,182.95,186.89,180.69,183.87,122753329
2015-03-31,187.2,194.3,181.04,192.89,131088679
2015-04-01,198.73,203.77,182.54,194.91,118932179
2015-04-02,190.46,190.58,185.87,187.88,142986200
2015-04-03,182.55,191.04,177.34,185.42,66343300
2015-04-04,177.17,182.93,173.89,182.58,96120353
2015-04-05,183.83,184.91,181.25,181.75,76891829
2015-04-06,179.62,183.44,179.53,180.45,131903619
2015-04-07,162.01,180.11,160.34,172.69,182446830
2015-04-08,181.57,181.73,171.01,174.81,106950642
2015-04-09,176.05,179.85,175.27,178.71,132629523
2015-04-10,173.85,176.08,172.97,175.68,165936680
2015-04-11,169.74,174.78,162.89,167.86,91278093
2015-04-12,171.0,177.21,159.33,175.94,202382891
2015-04-13,170.17,172.79,164.98,171.64,164320101
2015-04-14,170.45,178.39,170.25,176.97,140680654
2015-04-15,176.7,182.42,174.22,179.02,63160508
2015-04-16,168.12,183.54,167.72,178.98,108133629
2015-04-17,159.51,178.46,159.3,172.62,196595172
2015-04-18,172.21,172.71,171.28,172.13,134508439
2015-04-19,173.23,173.9,162.56,168.89,170110687
2015-04-20,162.27,165.48,156.77,160.57,196323925
2015-04-21,161.41,166.46,161.32,163.46,96193693
2015-04-22,160.2,169.84,159.19,168.86,139397149
2015-04-23,165.21,167.17,163.9,167.05,102300462
2015-04-24,177.21,185.18,165.44,170.0,100755596
2015-04-25,161.36,161.53,154.88,161.31,224353104
2015-04-26,165.24,173.33,164.96,170.19,190526466
2015-04-27,173.77,173.93,169.96,171.18,106527123
2015-04-28,164.99,169.49,162.98,168.15,69315152
2015-04-29,154.07,155.13,148.51,154.96,257143724
2015-04-30,167.97,169.54,160.9,167.68,261584193
2015-05-01,171.38,190.5,164.72,169.72,78811041
2015-05-02,177.77,178.34,177.46,177.64,109991167
2015-05-03,179.86,188.32,174.31,185.44,200856149
2015-05-04,200.76,203.69,184.99,189.5,172721112
2015-05-05,179.28,183.47,177.71,183.37,178463136
2015-05-06,181.92,182.33,180.92,181.08,97317137
2015-05-07,179.48,180.23,177.43,177.73,83417945
2015-05-08,182.28,183.35,180.63,181.45,122353109
2015-05-09,190.91,191.43,187.18,187.74,148306130
2015-05-10,183.04,196.32,179.9,186.3,68101380
2015-05-11,182.8,190.1,178.64,185.67,129474201
2015-05-12,177.72,182.77,175.11,180.04,123730189
2015-05-13,183.48,184.57,180.89,182.79,58332658
2015-05-14,181.97,188.25,178.64,182.24,141736168
2015-05-15,174.78,181.54,170.83,179.28,80009872
2015-05-16,176.6,176.94,165.95,175.12,105966762
2015-05-17,179.5,185.18,176.61,178.05,82923056
2015-05-18,181.77,183.53,177.22,178.46,78052025
2015-05-19,166.56,175.85,163.41,171.13,147832379
2015-05-20,169.51,177.14,168.99,173.08,109606074
2015-05-21,163.41,166.51,162.25,164.43,167245883
2015-05-22,162.05,166.95,160.81,166.46,68570466
2015-05-23,166.07,167.32,161.19,163.08,92818987
2015-05-24,161.51,163.12,161.38,161.77,145236881
2015-05-25,158.46,158.81,158.45,158.54,105131980
2015-05-26,157.03,165.42,150.33,160.15,92777931
2015-05-27,160.91,161.43,158.52,160.74,111339812
2015-05-28,155.87,157.86,152.64,156.62,183961294
2015-05-29,152.79,164.6,151.08,155.64,89096019
2015-05-30,156.58,158.03,151.15,156.0,153112001
2015-05-31,148.75,151.52,148.54,150.13,93653226
2015-06-01,153.62,162.57,150.96,153.88,116621411
2015-06-02,159.79,161.77,149.38,152.51,93717803
2015-06-03,151.67,152.74,151.27,151.58,135285771
2015-06-04,156.48,160.07,151.17,154.08,76503542
2015-06-05,151.59,157.66,151.2,154.11,110751346
2015-06-06,153.8,161.9,150.93,153.05,118931211
2015-06-07,148.1,150.43,147.51,147.81,190812360
2015-06-08,154.35,155.31,150.08,151.06,124062158
2015-06-09,151.77,153.04,150.0,151.86,58741303
2015-06-10,141.05,143.08,140.84,141.91,111939319
2015-06-11,139.35,143.61,139.26,142.85,157231290
2015-06-12,137.29,138.09,137.25,137.86,83834762
2015-06-13,139.45,140.39,124.96,138.46,108194239
2015-06-14,140.55,142.74,138.56,139.86,103298406
2015-06-15,142.66,143.34,140.53,142.17,122542257
2015-06-16,148.35,154.52,145.52,147.8,197020215
2015-06-17,139.4,144.05,137.53,142.91,193155745
2015-06-18,150.47,151.67,137.58,147.51,148753083
2015-06-19,141.35,151.1,141.25,148.42,152783262
2015-06-20,142.98,149.08,140.02,140.83,216597500
2015-06-21,135.35,143.54,128.39,134.53,108341322
2015-06-22,140.05,141.5,133.73,137.11,71136127
2015-06-23,143.65,146.81,139.2,141.89,145708820
2015-06-24,141.59,144.43,139.08,141.84,67083547
2015-06-25,136.5,139.59,136.22,136.56,72705413
2015-06-26,128.47,137.11,125.44,136.95,112939071
2015-06-27,133.41,136.79,132.01,134.55,93842390
2015-06-28,134.62,138.15,126.54,130.22,131120172
2015-06-29,122.35,129.62,121.2,127.88,59610824
2015-06-30,123.88,125.08,121.27,123.55,72205936
2015-07-01,127.15,127.54,127.11,127.13,92749727
2015-07-02,118.63,126.68,114.52,123.04,113216799
2015-07-03,120.69,125.13,117.99,122.43,73348471
2015-07-04,117.4,126.6,111.25,121.66,134423695
2015-07-05,118.6,119.09,115.91,117.71,191494357
2015-07-06,111.26,114.1,105.97,113.25,130591637
2015-07-07,114.98,115.42,114.68,114.77,155132624
2015-07-08,113.99,117.18,107.54,113.34,115337623
2015-07-09,114.23,114.94,109.84,110.75,105822420
2015-07-10,114.64,116.3,111.73,114.34,89454909
2015-07-11,115.28,115.44,114.45,114.78,147466977
2015-07-12,115.55,117.81,110.93,113.65,129350819
2015-07-13,107.35,117.07,104.96,113.97,103612536
2015-07-14,117.95,119.38,112.42,115.01,111492911
2015-07-15,119.41,120.29,113.54,116.02,129280011
2015-07-16,112.78,122.95,110.88,115.35,80454074
2015-07-17,128.21,129.18,118.72,124.81,216558664
2015-07-18,125.28,130.16,121.15,125.66,159135574
2015-07-19,119.49,127.34,113.96,124.87,107418531
2015-07-20,126.71,127.65,124.52,124.9,128271644
2015-07-21,122.23,122.27,121.93,122.08,151153774
2015-07-22,125.05,125.24,122.16,124.37,177754860
2015-07-23,126.07,130.57,123.92,128.09,190384364
2015-07-24,121.19,125.05,121.07,123.48,184020337
2015-07-25,118.82,121.51,118.49,118.78,151406842
2015-07-26,114.52,114.66,113.89,114.64,183571897
2015-07-27,118.26,118.9,117.34,117.67,100629506
2015-07-28,123.54,124.32,113.04,120.94,101250682
2015-07-29,114.48,120.26,111.48,114.92,215373498
2015-07-30,121.17,121.46,118.97,119.25,88015763
2015-07-31,120.03,126.88,117.98,120.6,157454172
2015-08-01,115.48,119.6,115.05,115.9,188164261
2015-08-02,117.21,123.43,116.27,119.17,170626913
2015-08-03,116.57,118.6,116.2,117.45,119581388
2015-08-04,118.51,119.25,116.22,118.14,153899483
2015-08-05,116.78,122.67,113.21,119.96,141577292
2015-08-06,119.31,124.22,119.21,120.11,106086446
2015-08-07,118.89,119.82,117.45,118.8,141441459
2015-08-08,115.21,121.16,114.38,115.65,146571835
2015-08-09,105.89,113.69,105.13,110.62,172101454
2015-08-10,112.06,112.53,111.47,112.04,87729305
2015-08-11,106.74,108.75,99.07,106.55,152968610
2015-08-12,111.97,115.03,108.41,110.9,91065970
2015-08-13,109.88,114.68,109.19,111.83,140740412
2015-08-14,110.06,113.85,107.97,112.57,57655484
2015-08-15,109.48,113.92,106.44,110.93,145009290
2015-08-16,113.49,114.83,112.98,114.51,154545056
2015-08-17,113.9,114.51,113.28,113.39,148909882
2015-08-18,108.66,110.36,105.3,108.33,149471426
2015-08-19,107.48,112.91,106.75,109.39,75297819
2015-08-20,114.88,116.53,112.39,114.41,196992075
2015-08-21,116.24,119.88,113.95,115.09,71927022
2015-08-22,113.64,115.13,107.64,114.86,72742399
2015-08-23,117.27,117.9,115.4,116.81,96853936
2015-08-24,119.3,122.79,118.79,119.99,86479732
2015-08-25,111.92,122.2,111.71,114.76,191934995
2015-08-26,116.83,116.83,116.21,116.29,140650663
2015-08-27,115.05,115.86,114.29,115.19,145603660
2015-08-28,111.77,115.71,111.56,112.36,152616260
2015-08-29,110.37,110.53,110.2,110.42,102741388
2015-08-30,108.17,114.88,107.49,110.53,63476821
2015-08-31,116.67,116.75,115.6,115.96,189543587
2015-09-01,115.93,128.6,112.8,113.25,78883480
2015-09-02,114.76,117.17,112.5,112.72,145839179
2015-09-03,112.5,112.63,110.18,112.43,121767164
2015-09-04,110.73,111.12,106.5,109.75,154828707
2015-09-05,110.0,111.27,109.82,110.05,101142834
2015-09-06,120.15,126.76,116.86,117.62,160796082
2015-09-07,114.49,121.09,113.84,119.21,110159084
2015-09-08,120.96,121.47,120.78,121.37,67212517
2015-09-09,122.52,123.13,121.01,122.01,61226292
2015-09-10,121.33,121.57,120.78,121.24,142715676
2015-09-11,122.47,125.51,116.87,121.77,75277369
2015-09-12,127.95,133.65,126.2,130.32,138552037
2015-09-13,130.76,135.41,129.3,133.43,82026162
2015-09-14,139.97,143.24,135.75,139.57,148996572
2015-09-15,139.87,140.29,134.35,137.48,153245964
2015-09-16,139.79,145.8,123.96,138.75,163631945
2015-09-17,141.64,144.29,134.32,135.3,153971958
2015-09-18,145.17,151.0,132.88,135.3,61675604
2015-09-19,127.77,132.42,124.85,127.59,162384025
2015-09-20,131.09,133.14,128.59,130.21,123479699
2015-09-21,121.9,125.76,117.39,125.42,157604808
2015-09-22,123.61,126.61,123.49,124.32,140536568
2015-09-23,135.44,136.36,124.98,126.77,65034331
2015-09-24,130.83,134.23,126.36,128.9,123556895
2015-09-25,127.63,132.06,127.08,127.91,83402067
2015-09-26,126.64,132.28,121.61,126.61,114205736
2015-09-27,126.49,127.68,123.63,126.69,56199621
2015-09-28,124.6,128.48,124.42,125.47,101808365
2015-09-29,128.33,130.11,127.49,128.8,73892087
2015-09-30,122.73,126.08,117.38,125.18,156985749
2015-10-01,126.99,128.42,124.58,128.32,130039743
2015-10-02,139.81,147.13,137.38,140.24,136459225
2015-10-03,141.28,149.01,138.96,146.15,137270556
2015-10-04,142.63,150.31,135.67,145.12,132064987
2015-10-05,142.64,144.5,139.35,140.93,111178331
2015-10-06,144.69,145.93,137.31,143.43,65082602
2015-10-07,148.19,150.23,146.48,148.08,139130842
2015-10-08,144.16,146.2,142.96,143.33,186149821
2015-10-09,138.58,141.75,137.63,138.28,184345459
2015-10-10,129.41,131.94,127.14,129.58,233302936
2015-10-11,132.53,137.48,131.78,134.26,166954506
2015-10-12,137.71,139.09,131.91,132.91,130031732
2015-10-13,124.3,126.84,121.68,126.67,196003714
2015-10-14,131.82,132.86,128.9,130.68,104385959
2015-10-15,135.09,138.84,132.45,132.58,166652472
2015-10-16,129.11,132.75,128.09,132.49,111676440
2015-10-17,135.89,142.42,134.83,140.46,140515445
2015-10-18,139.23,140.53,138.38,139.15,69072979
2015-10-19,147.31,147.47,140.77,142.44,102069540
2015-10-20,138.41,141.25,137.05,138.31,138921902
2015-10-21,141.26,142.29,135.7,138.57,61577693
2015-10-22,135.64,139.22,132.38,136.61,91158992
2015-10-23,136.1,138.64,132.64,136.16,78948476
2015-10-24,137.12,137.22,137.05,137.16,97455639
2015-10-25,131.55,132.57,131.21,131.56,144535055
2015-10-26,145.41,146.56,133.65,133.98,105258799
2015-10-27,136.32,140.34,128.43,134.73,125628287
2015-10-28,131.29,132.95,127.61,130.3,198490049
2015-10-29,128.47,129.85,121.87,123.77,97697919
2015-10-30,120.72,125.06,118.0,123.81,112581363
2015-10-31,124.24,127.03,122.97,124.86,156084084
2015-11-01,125.24,125.5,122.8,124.23,88530060
2015-11-02,115.88,121.3,115.72,120.91,176762997
2015-11-03,121.81,125.02,121.19,123.39,123628842
2015-11-04,137.08,138.72,120.29,126.8,78210179
2015-11-05,132.87,135.5,131.73,133.52,109167278
2015-11-06,135.29,135.33,133.67,134.34,89540164
2015-11-07,134.4,137.2,133.17,134.34,149493757
2015-11-08,130.54,136.41,128.32,135.7,162715934
2015-11-09,138.05,141.79,136.95,138.61,121012299
2015-11-10,139.56,141.72,133.3,138.82,94245779
2015-11-11,132.35,132.5,128.91,131.24,137432531
2015-11-12,128.28,132.99,127.97,129.22,141986518
2015-11-13,127.97,128.72,127.62,127.76,88119879
2015-11-14,132.52,136.4,127.32,130.38,122443642
2015-11-15,126.56,128.43,123.83,125.65,193650740
2015-11-16,122.05,124.14,120.83,122.84,149676621
2015-11-17,128.4,129.2,123.78,126.38,109419544
2015-11-18,128.6,132.31,126.3,129.89,186744912
2015-11-19,122.14,124.62,122.1,123.66,106737667
2015-11-20,119.65,124.18,119.4,119.81,78546483
2015-11-21,111.96,113.6,111.44,112.42,200326212
2015-11-22,113.91,118.61,112.89,115.64,80550528
2015-11-23,109.57,111.06,108.04,111.02,117770099
2015-11-24,105.76,108.39,101.88,105.93,151916801
2015-11-25,110.81,111.92,110.02,111.6,153165116
2015-11-26,111.66,117.83,111.22,117.69,164983571
2015-11-27,119.28,121.6,116.01,117.43,81328853
2015-11-28,121.32,122.87,120.45,120.81,157152885
2015-11-29,122.02,123.13,117.25,122.83,92827656
2015-11-30,125.99,127.26,125.77,126.13,87662092
2015-12-01,123.99,133.72,123.92,128.38,170338647
2015-12-02,129.27,131.16,127.39,128.59,132369536
2015-12-03,137.35,138.07,133.52,133.84,102446555
2015-12-04,130.19,130.26,130.08,130.16,142178958
2015-12-05,122.4,123.68,120.85,122.15,204631431
2015-12-06,123.82,127.1,119.78,125.22,122554969
2015-12-07,122.95,123.48,122.25,123.44,157728955
2015-12-08,120.2,120.91,119.17,120.09,112035491
2015-12-09,129.91,130.25,114.66,116.75,121495030
2015-12-10,115.9,116.34,115.08,116.15,92930952
2015-12-11,120.77,122.98,119.55,120.22,147599941
2015-12-12,118.32,123.52,117.57,122.57,135023793
2015-12-13,123.45,125.82,122.63,125.18,138571808
2015-12-14,126.52,129.94,120.68,124.97,140796653
2015-12-15,117.21,125.32,117.05,122.56,90544953
2015-12-16,119.9,122.49,119.71,121.8,113334395
2015-12-17,118.99,121.03,117.38,119.17,102748205
2015-12-18,124.98,129.18,117.2,125.55,146505508
2015-12-19,129.01,131.35,125.47,128.2,138043770
2015-12-20,125.67,128.13,124.31,127.26,117575368
2015-12-21,130.27,131.9,114.95,123.14,108209700
2015-12-22,123.56,127.98,123.24,123.49,115551128
2015-12-23,124.68,124.93,121.28,124.52,112444033
2015-12-24,122.13,123.02,122.05,122.45,158213553
2015-12-25,123.16,124.16,118.6,124.09,105542146
2015-12-26,117.82,124.94,112.45,118.83,171814765
2015-12-27,119.06,119.76,116.98,118.22,97074433
2015-12-28,118.09,119.4,115.54,117.77,100861955
2015-12-29,119.01,121.89,115.95,117.62,126467823
2015-12-30,117.27,119.08,112.36,117.54,87172820
2015-12-31,111.26,113.96,110.74,113.08,90248324
2016-01-01,115.81,118.34,113.4,114.08,103883488
2016-01-02,109.34,114.72,108.72,109.88,163294575
2016-01-03,107.41,109.1,106.39,107.15,107548222
2016-01-04,109.58,114.13,107.61,107.97,82070594
2016-01-05,107.45,110.14,106.12,107.2,54862162
2016-01-06,106.55,107.69,101.26,103.84,176782626
2016-01-07,103.52,107.84,100.9,104.92,122369384
2016-01-08,108.6,109.19,106.48,107.82,150178225
2016-01-09,104.35,106.76,102.19,102.98,202112487
2016-01-10,113.77,114.7,105.89,108.19,220209135
2016-01-11,109.28,110.69,105.85,110.42,132036683
2016-01-12,114.39,115.94,113.01,114.55,170616912
2016-01-13,116.97,120.88,116.06,118.93,102257118
2016-01-14,116.81,118.04,111.28,114.36,157907928
2016-01-15,116.48,120.9,115.84,117.87,180867443
2016-01-16,131.24,134.08,114.32,120.73,130361969
2016-01-17,122.71,124.32,121.47,122.45,166502443
2016-01-18,126.58,128.46,125.54,126.39,69933824
2016-01-19,128.0,129.25,125.17,125.75,137309774
2016-01-20,128.14,128.94,126.41,127.45,136665888
2016-01-21,122.61,126.07,116.48,124.94,168015404
2016-01-22,118.74,128.22,115.18,124.04,159247913
2016-01-23,128.26,129.57,126.96,128.49,104739610
2016-01-24,124.71,125.05,123.26,125.0,121485695
2016-01-25,129.34,132.57,126.09,128.02,133200620
2016-01-26,127.71,128.36,126.87,126.9,102285938
2016-01-27,122.49,124.56,122.1,123.91,126986328
2016-01-28,128.83,130.06,126.4,126.74,62141314
2016-01-29,122.08,123.52,122.03,122.19,117378052
2016-01-30,116.51,120.81,115.84,118.71,88555168
2016-01-31,118.59,119.3,111.42,114.89,152589047
2016-02-01,115.74,116.68,111.97,113.78,111618186
2016-02-02,116.95,118.7,115.22,118.04,128860555
2016-02-03,118.77,122.5,111.19,121.14,67240337
2016-02-04,121.58,124.33,114.17,119.07,152953634
2016-02-05,117.46,118.76,112.51,118.24,115752774
2016-02-06,118.53,121.16,116.71,120.23,77724536
2016-02-07,121.46,121.98,121.06,121.06,147761909
2016-02-08,123.31,127.13,118.74,119.43,158603054
2016-02-09,120.02,120.32,118.32,120.28,97518163
2016-02-10,116.78,120.4,112.69,113.02,133011735
2016-02-11,113.05,115.73,110.95,112.8,124609961
2016-02-12,113.05,120.86,112.41,113.44,142517711
2016-02-13,109.64,109.66,108.55,109.39,163984727
2016-02-14,106.7,106.89,104.84,105.09,145677163
2016-02-15,108.84,108.97,105.64,108.81,126538175
2016-02-16,105.59,106.33,104.56,106.25,152099690
2016-02-17,104.01,104.26,103.11,104.12,98977753
2016-02-18,109.76,110.44,107.44,107.67,187641182
2016-02-19,101.22,103.91,100.54,101.44,152369968
2016-02-20,100.04,103.84,99.22,101.2,87441238
2016-02-21,100.89,103.61,100.47,101.96,117048497
2016-02-22,108.17,108.75,107.64,108.09,193333404
2016-02-23,114.55,118.32,109.54,110.66,100715753
2016-02-24,116.03,121.58,115.57,119.84,124761530
2016-02-25,125.59,127.32,122.6,122.66,130984293
2016-02-26,125.29,131.75,122.55,123.4,151247267
2016-02-27,120.38,120.57,119.84,120.02,152225061
2016-02-28,127.56,131.78,126.79,127.33,115958181
2016-02-29,127.76,130.35,120.36,125.56,130554061
2016-03-01,125.5,126.65,122.48,124.73,75066263
2016-03-02,122.33,129.02,122.06,128.95,179679806
2016-03-03,120.24,123.51,118.3,123.21,109693154
2016-03-04,125.74,126.89,121.32,125.15,58666372
2016-03-05,125.01,138.45,120.57,129.11,92796853
2016-03-06,129.9,132.56,123.67,129.01,53873871
2016-03-07,122.64,131.06,119.7,130.76,103882696
2016-03-08,130.53,133.73,127.56,129.19,74935184
2016-03-09,130.64,131.17,127.0,128.26,62087792
2016-03-10,129.02,136.93,128.28,132.13,85431709
2016-03-11,134.83,135.37,130.19,131.82,114229059
2016-03-12,137.08,137.22,134.76,135.83,149641877
2016-03-13,131.73,136.36,131.71,136.15,115001391
2016-03-14,132.66,137.36,129.32,133.61,131817604
2016-03-15,125.61,135.11,123.28,127.26,155700794
2016-03-16,128.32,129.68,122.72,127.73,152413478
2016-03-17,127.04,128.07,125.16,125.82,141923073
2016-03-18,126.3,130.61,124.48,126.04,92120613
2016-03-19,127.82,128.85,119.98,122.73,97151164
2016-03-20,123.37,124.45,121.82,122.86,137502185
2016-03-21,122.19,123.76,120.42,123.58,117225883
2016-03-22,125.85,127.41,123.62,126.68,185757892
2016-03-23,120.12,122.57,117.99,121.77,154239396
2016-03-24,122.46,125.0,113.66,124.74,70020904
2016-03-25,126.48,129.55,125.27,126.22,124195283
2016-03-26,128.35,130.0,126.07,127.19,100210256
2016-03-27,128.78,129.84,122.49,125.85,114410348
2016-03-28,133.06,134.64,125.89,133.25,222438239
2016-03-29,132.5,133.45,129.03,131.34,171390422
2016-03-30,122.53,128.5,122.18,127.62,93889729
2016-03-31,127.57,135.14,126.83,129.21,129472345
2016-04-01,129.88,132.42,129.02,130.87,125182854
2016-04-02,139.69,141.08,133.34,136.75,163371773
2016-04-03,133.77,137.4,131.16,134.51,110053970
2016-04-04,136.72,138.06,136.5,137.57,109853136
2016-04-05,140.61,141.54,133.3,138.26,58240507
2016-04-06,137.06,138.28,136.0,137.23,105070005
2016-04-07,136.43,136.71,132.97,133.16,190817682
2016-04-08,138.73,141.44,136.87,137.53,66259326
2016-04-09,143.33,146.24,142.87,145.16,85270509
2016-04-10,141.02,142.67,136.03,141.55,180616640
2016-04-11,142.54,148.97,141.43,146.84,197925851
2016-04-12,140.03,151.48,138.77,147.92,121929606
2016-04-13,141.77,154.32,140.84,150.92,62682822
2016-04-14,148.65,165.27,142.63,155.23,138684612
2016-04-15,162.87,163.54,157.6,161.37,181202642
2016-04-16,161.08,164.12,156.79,162.85,102311426
2016-04-17,168.29,170.04,167.29,167.68,113524256
2016-04-18,164.68,166.5,164.24,165.18,165059235
2016-04-19,159.01,167.46,156.46,167.21,79202484
2016-04-20,164.14,166.02,162.48,164.66,59450464
2016-04-21,156.07,162.37,149.44,158.66,155310244
2016-04-22,162.65,174.58,159.36,163.99,96536658
2016-04-23,167.56,171.92,153.44,167.92,84975817
2016-04-24,167.92,167.92,160.78,165.99,160431351
2016-04-25,163.52,167.38,163.31,163.5,89044798
2016-04-26,171.28,171.3,171.23,171.25,155968790
2016-04-27,170.79,173.53,169.41,173.23,69505362
2016-04-28,173.83,177.52,166.04,169.22,119198594
2016-04-29,178.3,178.4,173.96,177.99,120810561
2016-04-30,179.05,183.32,179.04,182.68,107428513
2016-05-01,186.31,186.48,181.13,182.87,68857958
2016-05-02,180.84,181.24,174.99,179.93,93753856
2016-05-03,178.67,182.8,176.94,180.15,70635909
2016-05-04,171.76,173.45,164.7,172.31,142302575
2016-05-05,179.29,183.33,178.45,178.77,159622528
2016-05-06,175.57,177.45,175.16,177.0,107726149
2016-05-07,177.49,179.72,176.7,178.03,132505913
2016-05-08,171.69,172.5,168.97,169.89,166354674
2016-05-09,168.19,172.46,166.46,168.02,122840732
2016-05-10,166.78,166.88,154.05,163.42,83881333
2016-05-11,167.45,169.39,164.49,168.25,164786119
2016-05-12,160.03,172.34,155.62,167.56,66550500
2016-05-13,170.53,172.26,166.8,169.5,84510099
2016-05-14,181.97,182.06,168.87,175.52,85086067
2016-05-15,180.3,182.48,177.57,180.96,140470785
2016-05-16,171.95,173.01,171.3,172.8,111281749
2016-05-17,178.56,178.84,177.17,178.09,132945534
2016-05-18,173.11,180.46,171.45,177.38,69659020
2016-05-19,196.93,199.54,195.07,195.6,254138689
2016-05-20,197.3,204.12,191.52,195.72,120608068
2016-05-21,194.35,196.84,192.49,194.28,63277501
2016-05-22,194.78,196.03,192.35,192.39,120936089
2016-05-23,197.32,198.3,193.9,194.35,97745375
2016-05-24,192.07,196.71,190.22,196.44,140033299
2016-05-25,185.22,186.35,182.77,183.78,218527722
2016-05-26,185.39,187.4,179.45,185.28,90166164
2016-05-27,183.98,184.43,183.1,184.42,76776455
2016-05-28,175.39,178.11,172.26,176.82,124362421
2016-05-29,167.49,174.44,166.95,171.38,99218096
2016-05-30,166.71,169.61,161.65,167.75,124749012
2016-05-31,157.3,164.62,155.17,162.1,128505703
2016-06-01,170.69,173.49,160.52,169.73,89527871
2016-06-02,171.65,175.79,170.93,172.74,100512955
2016-06-03,181.83,187.12,175.97,179.2,114715229
2016-06-04,175.84,177.16,174.6,176.97,115047898
2016-06-05,172.28,173.65,168.75,172.58,182868600
2016-06-06,171.85,174.84,163.32,170.46,114159808
2016-06-07,160.8,175.97,160.3,174.41,101662435
2016-06-08,177.86,187.57,176.48,178.94,121817412
2016-06-09,181.74,181.75,176.04,180.72,88646977
2016-06-10,176.82,177.56,175.75,177.11,138411090
2016-06-11,175.46,177.12,173.63,174.82,105638348
2016-06-12,178.4,185.98,173.99,176.57,108502531
2016-06-13,175.63,177.14,175.11,175.85,154792332
2016-06-14,175.58,175.89,175.51,175.71,120891738
2016-06-15,184.54,185.41,181.9,182.63,72495033
2016-06-16,185.92,186.57,180.67,182.86,54843456
2016-06-17,182.45,193.34,180.92,185.94,171866287
2016-06-18,183.39,187.57,181.72,183.42,96999961
2016-06-19,181.02,190.0,174.64,185.11,111469869
2016-06-20,176.08,179.11,169.44,176.72,167736657
2016-06-21,172.5,175.49,166.46,169.76,158617412
2016-06-22,174.93,178.31,166.95,173.98,158204722
2016-06-23,172.66,173.25,168.94,169.33,122154652
2016-06-24,167.54,170.27,162.31,165.39,159760967
2016-06-25,163.77,164.63,162.46,163.17,138242059
2016-06-26,164.07,165.19,159.15,162.65,89703006
2016-06-27,157.82,164.6,156.6,160.51,84012989
2016-06-28,170.37,171.42,168.06,168.11,137019137
2016-06-29,163.83,178.86,162.61,169.39,105985388
2016-06-30,157.99,161.15,156.56,160.82,177027708
2016-07-01,160.41,164.34,158.76,160.37,67415184
2016-07-02,172.88,176.37,170.23,171.2,205818037
2016-07-03,181.69,182.66,179.64,181.34,102720800
2016-07-04,188.46,195.45,179.32,184.94,157904520
2016-07-05,180.36,193.43,177.11,187.53,72930598
2016-07-06,190.19,192.2,189.11,189.77,65300233
2016-07-07,186.28,208.27,184.96,188.13,126167243
2016-07-08,198.29,205.74,188.45,188.74,59415710
2016-07-09,181.87,187.22,180.64,186.98,160305006
2016-07-10,192.39,193.55,192.34,193.43,190670022
2016-07-11,188.18,192.13,184.1,190.36,149367967
2016-07-12,195.56,199.83,190.93,194.21,115110812
2016-07-13,186.31,200.14,181.93,194.28,55206758
2016-07-14,198.46,202.7,197.96,199.74,129647712
2016-07-15,187.27,191.75,185.92,190.52,188791416
2016-07-16,189.46,196.14,188.21,189.61,108131744
2016-07-17,189.82,191.54,187.35,189.36,129452989
2016-07-18,182.73,185.05,169.07,174.23,109159399
2016-07-19,168.79,168.93,167.08,168.03,203697512
2016-07-20,170.53,172.39,168.46,169.22,72110083
2016-07-21,171.63,179.8,164.9,166.58,73617883
2016-07-22,166.89,169.82,162.22,168.37,75491334
2016-07-23,163.59,164.12,163.38,163.88,160209103
2016-07-24,160.68,167.77,152.62,161.27,109353168
2016-07-25,162.89,171.06,158.2,162.55,88632540
2016-07-26,169.65,179.09,168.33,174.24,191712445
2016-07-27,171.31,171.41,170.64,171.01,106226597
2016-07-28,171.93,174.94,170.63,173.94,172770509
2016-07-29,172.1,173.52,168.95,171.41,81168930
2016-07-30,163.82,166.35,161.67,163.59,100651434
2016-07-31,158.95,162.55,157.78,158.25,99530315
2016-08-01,158.3,160.25,155.83,158.36,120516528
2016-08-02,158.1,158.38,148.96,153.43,140722250
2016-08-03,152.81,157.81,150.68,155.24,95698932
2016-08-04,158.25,166.62,151.24,154.78,81026888
2016-08-05,149.2,158.95,148.2,152.63,140153900
2016-08-06,152.06,154.0,151.98,153.4,69703080
2016-08-07,148.04,148.96,147.2,147.55,122663549
2016-08-08,147.64,154.31,141.62,148.33,150751358
2016-08-09,152.44,155.24,147.31,148.42,79527990
2016-08-10,150.29,153.96,149.61,150.89,153393553
2016-08-11,150.59,156.22,146.05,154.9,127394887
2016-08-12,168.29,172.26,163.26,168.59,136396617
2016-08-13,157.33,171.19,154.56,167.92,79422059
2016-08-14,169.43,171.52,169.21,171.3,126084910
2016-08-15,156.2,156.21,156.07,156.19,141377808
2016-08-16,156.47,158.96,154.12,156.19,92905596
2016-08-17,165.88,168.45,163.17,166.12,105033077
2016-08-18,165.5,166.51,165.14,165.75,134715831
2016-08-19,169.75,172.87,168.54,171.77,158074851
2016-08-20,172.87,177.86,168.43,174.18,137107050
2016-08-21,178.61,183.01,173.49,175.34,76304918
2016-08-22,167.59,176.77,160.19,174.68,124296547
2016-08-23,184.0,185.73,180.86,182.21,129696503
2016-08-24,193.97,203.74,188.55,196.6,94909091
2016-08-25,200.93,202.3,200.22,201.76,105904664
2016-08-26,210.47,217.13,209.96,212.78,100796462
2016-08-27,207.59,209.67,204.53,205.04,168356903
2016-08-28,207.54,210.36,207.51,208.32,119748251
2016-08-29,211.34,215.41,205.6,211.67,88886830
2016-08-30,209.34,215.83,207.83,211.07,117928445
2016-08-31,204.11,209.14,203.38,205.99,152552492
2016-09-01,199.29,205.41,199.12,201.8,99898297
2016-09-02,189.21,195.18,188.34,194.07,176661612
2016-09-03,189.5,191.62,188.52,188.67,89856759
2016-09-04,190.38,191.08,188.77,190.57,85170383
2016-09-05,181.7,186.62,181.2,183.34,102917678
2016-09-06,180.96,186.66,179.85,184.67,61292759
2016-09-07,189.34,192.38,185.43,188.86,85325144
2016-09-08,191.39,192.65,190.28,190.57,97968004
2016-09-09,182.41,187.22,181.56,184.58,185044978
2016-09-10,188.79,199.91,188.44,191.49,153365648
2016-09-11,187.69,199.82,186.09,197.78,197176251
2016-09-12,201.42,208.81,192.99,199.23,58567703
2016-09-13,197.54,198.7,196.93,197.19,121203976
2016-09-14,209.44,215.71,205.27,205.39,185225914
2016-09-15,208.25,208.83,206.26,206.66,145209513
2016-09-16,210.72,212.49,205.73,209.46,98373369
2016-09-17,217.84,222.73,212.27,221.11,159529518
2016-09-18,227.83,230.36,222.51,228.88,113351077
2016-09-19,220.52,224.51,220.42,221.83,91594549
2016-09-20,225.48,231.73,221.98,229.73,181098072
2016-09-21,223.49,227.27,216.91,222.81,157886726
2016-09-22,211.1,215.37,199.34,213.4,75749254
2016-09-23,216.42,220.77,209.23,216.13,163845522
2016-09-24,216.33,228.21,214.29,220.59,64038017
2016-09-25,214.11,227.6,213.16,222.64,55304855
2016-09-26,218.63,226.72,218.02,223.57,77059947
2016-09-27,218.09,219.16,210.92,213.8,148908718
2016-09-28,218.05,222.44,217.36,218.01,156210773
2016-09-29,216.64,224.29,210.15,217.0,109937285
2016-09-30,219.9,220.42,210.96,215.86,85703316
2016-10-01,204.9,217.96,203.12,209.53,178298330
2016-10-02,223.46,225.08,213.36,218.49,132069932
2016-10-03,212.55,218.0,207.32,214.17,160129379
2016-10-04,211.95,214.42,207.24,214.15,80557543
2016-10-05,220.07,221.27,213.92,218.1,90409431
2016-10-06,217.4,218.18,203.18,217.41,58290014
2016-10-07,227.24,228.55,213.13,228.32,80131467
2016-10-08,222.38,226.97,218.97,223.75,163100105
2016-10-09,227.77,228.75,201.34,218.23,140948872
2016-10-10,226.1,234.69,225.82,230.15,105859816
2016-10-11,223.56,225.81,220.16,223.51,106609695
2016-10-12,219.06,221.55,215.81,220.36,129088531
2016-10-13,232.61,236.36,224.4,227.93,69326537
2016-10-14,234.6,247.47,232.38,236.41,122718384
2016-10-15,237.27,237.48,228.4,232.9,156324561
2016-10-16,228.0,232.49,225.51,229.36,70585592
2016-10-17,233.37,245.84,232.51,238.47,78126236
2016-10-18,242.22,243.22,232.06,232.15,142630377
2016-10-19,220.74,241.0,216.78,222.97,115900956
2016-10-20,204.88,214.72,204.54,213.68,73449353
2016-10-21,215.02,218.85,211.44,217.12,66349298
2016-10-22,222.26,230.42,214.3,226.65,125390938
2016-10-23,217.51,227.63,205.75,223.3,167912840
2016-10-24,221.91,223.73,220.35,223.4,96598980
2016-10-25,231.34,231.66,228.52,229.18,99502353
2016-10-26,213.16,218.11,211.29,216.29,163540407
2016-10-27,215.45,225.87,215.32,218.24,147657024
2016-10-28,213.36,218.1,210.8,214.54,85952761
2016-10-29,228.04,228.04,222.2,222.78,205703809
2016-10-30,225.08,230.03,224.88,228.73,121199848
2016-10-31,243.62,245.41,229.4,233.02,126968279
2016-11-01,221.07,223.45,220.44,222.5,79668867
2016-11-02,225.99,238.65,225.93,233.28,155639606
2016-11-03,220.23,225.75,217.78,223.34,194723045
2016-11-04,209.83,218.47,204.05,214.58,113229672
2016-11-05,210.47,214.87,210.46,214.06,64460815
2016-11-06,227.95,228.72,216.95,221.32,108792295
2016-11-07,223.02,224.36,221.06,221.98,58763516
2016-11-08,215.02,216.07,214.43,215.91,68041994
2016-11-09,231.61,232.03,230.23,231.37,158884004
2016-11-10,241.14,241.84,230.93,234.22,65987661
2016-11-11,244.36,245.93,236.37,243.39,190967515
2016-11-12,249.06,251.23,243.31,245.19,96224739
2016-11-13,233.05,234.71,224.64,232.68,141250950
2016-11-14,238.19,239.75,226.72,233.58,150952018
2016-11-15,245.51,247.38,235.24,237.47,70895406
2016-11-16,224.61,236.0,224.27,227.2,164825072
2016-11-17,225.98,243.02,224.0,236.18,169664051
2016-11-18,247.08,247.38,241.21,241.3,103422383
2016-11-19,263.5,263.98,244.14,248.16,108073921
2016-11-20,259.74,272.06,253.51,256.17,86610124
2016-11-21,268.93,269.82,255.16,257.26,112028407
2016-11-22,249.01,251.4,247.39,250.93,178517542
2016-11-23,258.01,261.77,255.62,259.53,76582983
2016-11-24,259.4,261.43,258.96,259.79,88275671
2016-11-25,250.8,256.72,250.64,251.13,129304344
2016-11-26,248.17,250.7,244.29,246.18,136322430
2016-11-27,269.15,276.49,266.05,271.65,243426790
2016-11-28,288.6,293.65,272.43,275.04,69517232
2016-11-29,292.19,294.05,291.84,293.37,170634275
2016-11-30,290.75,299.02,285.88,294.64,144331021
2016-12-01,281.25,289.03,277.77,284.4,146238323
2016-12-02,287.71,290.77,282.03,282.55,139109682
2016-12-03,278.34,279.78,276.83,279.33,146340893
2016-12-04,257.48,265.73,249.38,256.92,272406195
2016-12-05,262.53,278.71,248.2,254.44,78151167
2016-12-06,256.8,265.46,256.7,265.15,104903996
2016-12-07,279.15,286.93,271.09,272.35,152121865
2016-12-08,299.06,306.51,263.62,278.14,175664898
2016-12-09,256.22,294.54,248.57,272.54,61064045
2016-12-10,282.24,289.65,281.98,285.09,156858105
2016-12-11,275.13,278.85,267.41,276.82,172935927
2016-12-12,275.46,275.68,269.29,274.08,148722901
2016-12-13,274.56,281.06,251.11,264.59,201029839
2016-12-14,267.51,268.62,261.47,266.84,135835357
2016-12-15,278.91,280.58,260.83,263.9,79837195
2016-12-16,257.49,268.57,254.95,261.93,104297398
2016-12-17,267.38,270.58,262.84,265.0,63541132
2016-12-18,279.0,281.29,256.39,281.25,186783975
2016-12-19,287.74,291.37,266.06,275.49,73845199
2016-12-20,272.18,278.25,265.23,271.65,154842782
2016-12-21,264.44,272.42,247.72,262.99,147795510
2016-12-22,260.88,265.31,259.62,259.72,154536080
2016-12-23,260.28,261.66,258.9,259.39,84881439
2016-12-24,256.3,258.05,255.74,256.05,80107554
2016-12-25,260.09,260.91,244.61,250.36,171691182
2016-12-26,256.25,268.67,251.22,252.84,112855539
2016-12-27,258.92,264.6,258.53,258.56,180664648
2016-12-28,265.15,280.7,257.41,264.43,88402839
2016-12-29,283.29,288.26,271.08,282.87,135208421
2016-12-30,266.45,273.96,265.81,269.32,111537460
2016-12-31,250.26,265.95,240.85,262.51,135001590
2017-01-01,260.61,271.98,256.21,267.38,61491933
2017-01-02,277.28,282.46,267.94,270.07,75951559
2017-01-03,277.88,285.29,271.75,284.03,116837035
2017-01-04,277.02,288.79,275.07,286.95,110697061
2017-01-05,305.59,327.98,285.16,302.85,149636458
2017-01-06,324.38,324.57,308.38,314.89,207943400
2017-01-07,328.65,340.9,311.94,315.8,144688500
2017-01-08,333.89,335.11,317.8,319.62,156104650
2017-01-09,342.84,343.35,330.35,331.59,179233536
2017-01-10,331.85,332.53,324.71,326.68,61811819
2017-01-11,329.19,355.55,323.05,335.73,154024144
2017-01-12,327.6,339.92,317.14,325.06,149099813
2017-01-13,309.63,319.36,296.8,318.61,91560140
2017-01-14,315.51,324.99,313.97,314.06,66244288
2017-01-15,314.02,330.71,303.53,316.73,125782758
2017-01-16,334.91,339.1,332.33,332.7,134395597
2017-01-17,340.03,345.3,331.39,331.61,136583758
2017-01-18,323.84,331.37,310.52,327.38,161307435
2017-01-19,326.27,327.19,318.68,321.62,135763045
2017-01-20,314.1,315.38,310.36,314.91,117391319
2017-01-21,317.61,322.75,307.59,309.96,130674303
2017-01-22,291.69,301.52,279.27,297.39,200970266
2017-01-23,303.07,308.65,293.34,300.51,140972300
2017-01-24,293.18,294.62,287.15,289.58,205149224
2017-01-25,298.47,300.92,289.68,290.73,78295094
2017-01-26,308.64,311.46,303.09,306.46,145036182
2017-01-27,304.43,305.16,292.25,296.6,116049274
2017-01-28,312.13,321.09,292.41,303.94,92110236
2017-01-29,288.74,291.19,286.36,290.2,84539067
2017-01-30,294.46,298.5,281.85,291.28,107728776
2017-01-31,292.26,295.12,290.91,291.87,104974204
2017-02-01,282.81,293.25,275.91,287.33,91330141
2017-02-02,263.85,265.96,260.23,260.54,287212252
2017-02-03,251.48,253.16,245.66,250.54,110435913
2017-02-04,252.06,268.0,249.17,254.82,76356221
2017-02-05,264.9,279.22,255.9,263.44,160773229
2017-02-06,273.22,275.48,267.46,268.1,144013893
2017-02-07,250.38,252.18,249.57,251.68,146985979
2017-02-08,252.56,252.77,247.17,249.96,134584059
2017-02-09,242.8,253.21,241.81,242.39,70843244
2017-02-10,244.12,247.28,237.27,239.06,134826081
2017-02-11,238.77,240.85,221.68,235.3,161167741
2017-02-12,245.65,248.16,238.52,241.24,181694377
2017-02-13,247.36,259.29,240.0,242.45,105223022
2017-02-14,228.39,238.9,227.73,233.93,152588684
2017-02-15,229.58,236.81,228.34,231.97,142708619
2017-02-16,226.63,232.17,225.54,231.29,91025085
2017-02-17,237.32,246.92,227.28,235.11,67555238
2017-02-18,240.33,241.75,231.7,233.78,78684499
2017-02-19,227.29,234.75,218.5,233.36,120378201
2017-02-20,246.12,247.51,237.38,239.91,95277903
2017-02-21,250.42,250.51,240.34,241.76,105486356
2017-02-22,258.79,261.14,248.76,255.59,210947678
2017-02-23,247.34,252.68,239.4,249.51,130967206
2017-02-24,266.2,272.57,257.81,264.96,192643127
2017-02-25,259.92,263.69,250.43,260.78,112135386
2017-02-26,252.46,262.62,237.84,245.97,195761289
2017-02-27,263.04,270.08,248.64,256.07,174679232
2017-02-28,241.13,249.4,233.17,242.1,226115788
2017-03-01,227.57,243.3,223.13,234.82,119421420
2017-03-02,234.12,244.97,233.82,242.51,188954391
2017-03-03,249.32,251.48,248.35,249.65,161936898
2017-03-04,235.36,252.7,231.88,237.35,89073819
2017-03-05,248.98,251.36,239.82,247.47,81402790
2017-03-06,255.49,258.62,238.77,251.18,71050650
2017-03-07,250.12,251.09,236.25,250.92,117053397
2017-03-08,248.35,252.54,248.19,249.62,149008775
2017-03-09,262.09,266.35,256.31,259.95,168090942
2017-03-10,251.66,253.71,245.32,248.13,106180674
2017-03-11,232.15,238.99,223.62,236.89,111803575
2017-03-12,220.85,234.8,218.41,226.31,166898335
2017-03-13,231.38,231.79,230.61,231.59,98868209
2017-03-14,238.98,240.48,238.8,239.44,124796458
2017-03-15,240.2,243.89,238.25,240.94,128950655
2017-03-16,252.65,253.3,252.21,252.62,183315961
2017-03-17,251.05,256.48,233.37,245.8,131520984
2017-03-18,240.7,251.98,240.6,251.1,74691226
2017-03-19,256.17,257.86,242.31,252.3,68414525
2017-03-20,262.52,262.58,256.39,260.29,128015595
2017-03-21,270.77,271.99,266.43,268.83,105020930
2017-03-22,281.24,289.28,262.93,269.44,104588050
2017-03-23,260.16,265.38,248.01,259.54,114693449
2017-03-24,253.7,260.3,251.8,251.84,114123659
2017-03-25,241.67,254.45,224.09,239.7,149922089
2017-03-26,245.33,256.45,242.23,245.61,96931757
2017-03-27,238.06,247.56,222.55,228.0,166655823
2017-03-28,218.51,221.74,217.6,221.35,127072573
2017-03-29,232.76,238.51,229.67,238.33,220634289
2017-03-30,242.62,245.77,236.45,241.62,62400041
2017-03-31,247.72,249.89,245.55,247.25,125468615
2017-04-01,233.3,237.5,228.7,231.8,165408382
2017-04-02,230.06,233.81,223.47,229.13,136926109
2017-04-03,245.6,248.64,242.76,244.0,200143264
2017-04-04,220.59,235.48,215.67,231.49,134562306
2017-04-05,228.17,237.16,220.75,231.79,118959614
2017-04-06,237.43,249.33,236.05,238.93,160087380
2017-04-07,237.99,246.1,237.4,242.2,113864596
2017-04-08,234.0,245.1,230.4,239.76,152402779
2017-04-09,240.08,245.32,235.75,244.27,81538301
2017-04-10,233.98,234.7,232.96,233.15,76780924
2017-04-11,236.04,240.72,232.56,237.34,100708245
2017-04-12,249.49,251.13,235.1,242.84,111325762
2017-04-13,237.91,252.06,230.26,236.88,159155372
2017-04-14,238.51,243.75,222.52,235.48,79816797
2017-04-15,228.44,228.92,226.07,226.27,139209303
2017-04-16,248.48,256.74,232.15,235.77,174746317
2017-04-17,234.43,237.84,228.13,234.35,67759664
2017-04-18,236.38,237.67,233.45,234.77,127477201
2017-04-19,229.2,231.69,222.48,226.84,113441557
2017-04-20,226.25,229.94,222.53,226.88,111187308
2017-04-21,229.46,234.45,229.08,230.33,124439397
2017-04-22,233.9,238.19,233.64,235.65,132706956
2017-04-23,238.29,241.35,236.93,239.26,94791850
2017-04-24,229.18,235.58,225.18,229.97,148728175
2017-04-25,240.54,241.94,238.21,238.9,154838332
2017-04-26,224.85,239.65,220.25,236.56,116773745
2017-04-27,240.4,242.59,240.12,241.94,100497314
2017-04-28,241.39,245.3,240.84,243.97,87759675
2017-04-29,249.32,256.34,248.84,253.44,199148474
2017-04-30,268.68,272.57,253.94,260.75,94261634
2017-05-01,249.05,254.7,245.55,252.43,174345490
2017-05-02,247.39,262.55,240.79,257.11,88720143
2017-05-03,231.36,238.47,231.21,238.27,144375771
2017-05-04,256.57,256.61,245.82,246.64,101564085
2017-05-05,253.42,255.57,238.52,242.0,62430669
2017-05-06,235.99,237.25,235.82,236.12,98749247
2017-05-07,249.83,250.89,242.37,248.77,217028112
2017-05-08,244.63,256.26,239.91,253.6,135985738
2017-05-09,248.55,249.51,246.47,248.28,86873106
2017-05-10,245.14,248.32,238.39,242.32,183480349
2017-05-11,231.91,244.65,231.73,235.84,160953655
2017-05-12,234.62,236.8,232.75,234.94,63896712
2017-05-13,249.42,258.5,233.0,241.8,107759437
2017-05-14,241.64,253.28,235.48,236.61,117961985
2017-05-15,253.44,257.32,242.57,248.04,192580817
2017-05-16,249.84,251.32,241.84,246.89,108075984
2017-05-17,253.43,257.86,245.66,246.65,97342403
2017-05-18,247.64,255.04,244.7,247.82,153490882
2017-05-19,250.05,250.95,246.66,250.08,122361421
2017-05-20,244.01,245.92,243.8,244.5,112316813
2017-05-21,238.63,241.26,236.14,238.08,161367058
2017-05-22,247.75,249.62,237.81,247.72,176932352
2017-05-23,252.78,255.33,250.88,255.31,73134226
2017-05-24,250.52,253.22,249.95,251.57,78420357
2017-05-25,248.92,251.67,236.01,248.91,65622481
2017-05-26,244.36,264.14,237.57,254.19,78946558
2017-05-27,240.57,242.86,240.52,242.69,181403127
2017-05-28,229.22,235.15,224.68,233.65,110332505
2017-05-29,232.48,245.28,229.1,241.5,116898826
2017-05-30,242.76,253.41,238.63,244.67,77408476
2017-05-31,242.54,242.93,235.54,237.47,79173483
2017-06-01,225.22,228.39,222.27,224.08,225965555
2017-06-02,219.51,219.61,217.14,218.44,131534976
2017-06-03,221.05,224.03,207.59,213.06,90638653
2017-06-04,203.02,207.23,201.38,203.79,90161745
2017-06-05,194.96,196.72,194.48,196.41,116959340
2017-06-06,182.96,194.22,181.4,193.98,94604283
2017-06-07,189.15,191.92,179.56,181.26,106593015
2017-06-08,190.24,192.34,183.78,187.89,143334767
2017-06-09,188.48,206.74,180.51,194.19,175032346
2017-06-10,192.82,204.14,187.73,192.01,131979048
2017-06-11,186.99,187.42,186.08,186.8,110672836
2017-06-12,185.65,190.66,183.88,187.31,80924150
2017-06-13,196.41,200.0,195.32,195.9,140060629
2017-06-14,199.38,201.18,198.45,201.05,90326530
2017-06-15,208.44,208.95,203.93,205.93,93302297
2017-06-16,203.66,205.0,201.22,203.57,147274196
2017-06-17,222.01,223.1,220.7,220.71,217882531
2017-06-18,211.14,215.09,208.23,210.19,106283520
2017-06-19,201.56,206.71,200.83,206.52,119362447
2017-06-20,208.88,209.38,207.31,207.58,146787623
2017-06-21,212.3,213.22,205.55,210.76,66355176
2017-06-22,203.48,209.73,191.32,204.43,171347885
2017-06-23,204.28,212.97,199.61,203.36,136827765
2017-06-24,197.32,203.72,196.22,196.5,106902323
2017-06-25,191.61,192.81,188.47,189.42,124149025
2017-06-26,184.47,185.14,184.45,184.49,78463692
2017-06-27,186.45,189.73,168.84,182.14,155845025
2017-06-28,182.85,186.03,182.74,183.19,115851079
2017-06-29,176.54,176.6,174.11,176.48,101782859
2017-06-30,181.2,191.25,172.99,177.48,135158888
2017-07-01,164.12,178.09,159.16,173.93,170116724
2017-07-02,178.26,183.01,174.69,177.29,135351794
2017-07-03,176.09,176.63,174.88,176.16,81061422
2017-07-04,178.14,180.12,176.23,177.24,113191445
2017-07-05,171.9,177.12,165.75,169.4,185538733
2017-07-06,163.36,165.65,159.3,164.9,178404148
2017-07-07,169.82,170.07,164.78,169.35,81013594
2017-07-08,170.18,170.78,163.83,166.5,164554577
2017-07-09,173.67,175.5,171.23,173.68,123207696
2017-07-10,164.58,169.1,161.89,166.08,129890123
2017-07-11,156.75,162.45,155.7,160.67,111861125
2017-07-12,156.2,162.78,143.71,157.61,98882232
2017-07-13,158.7,159.48,154.49,158.39,113396084
2017-07-14,162.73,170.3,160.34,165.74,179193334
2017-07-15,163.42,171.68,162.48,166.59,64064068
2017-07-16,169.81,171.03,166.93,169.95,140759486
2017-07-17,163.55,167.22,158.7,163.23,176220689
2017-07-18,161.69,161.76,161.2,161.37,152325544
2017-07-19,157.8,164.47,157.67,158.02,122921763
2017-07-20,159.12,167.51,158.02,160.21,148926245
2017-07-21,156.55,160.19,156.53,157.61,123640815
2017-07-22,154.47,155.7,153.39,153.65,86113859
2017-07-23,143.05,145.66,139.07,143.2,172896534
2017-07-24,139.15,142.81,132.5,142.37,136379672
2017-07-25,139.35,144.16,134.98,138.91,80362029
2017-07-26,149.79,150.43,141.98,144.02,99837802
2017-07-27,148.81,149.29,143.64,147.21,137439161
2017-07-28,152.59,159.9,143.79,146.81,145696557
2017-07-29,149.03,155.76,141.96,148.11,139812325
2017-07-30,147.34,150.4,146.66,148.74,145704158
2017-07-31,148.25,148.71,136.79,142.91,95896239
2017-08-01,149.31,150.98,144.04,145.12,74856362
2017-08-02,145.94,148.91,142.64,142.95,80597832
2017-08-03,136.13,146.88,133.77,138.01,170230952
2017-08-04,137.72,137.74,131.35,133.78,153265300
2017-08-05,131.58,132.31,130.3,130.82,135485901
2017-08-06,133.7,134.21,132.44,133.14,141217432
2017-08-07,136.36,146.1,133.21,137.15,150437298
2017-08-08,148.3,149.01,146.06,147.78,179905946
2017-08-09,153.21,159.04,144.82,151.37,111901913
2017-08-10,142.84,148.78,138.57,146.86,102761724
2017-08-11,147.05,147.93,143.93,147.44,148860616
2017-08-12,146.61,150.8,144.89,148.49,122475602
2017-08-13,157.31,161.46,151.27,154.3,131242481
2017-08-14,164.93,166.83,157.56,158.82,162373699
2017-08-15,154.87,155.83,152.33,155.6,156664794
2017-08-16,164.71,166.09,162.01,162.2,150392193
2017-08-17,158.9,161.13,155.51,155.64,164020686
2017-08-18,150.11,151.42,150.06,151.27,69281690
2017-08-19,152.73,153.23,149.81,152.57,80481681
2017-08-20,159.76,164.27,155.88,156.32,83010554
2017-08-21,148.84,161.3,137.2,159.94,101326518
2017-08-22,153.31,156.75,151.89,154.01,113167584
2017-08-23,158.26,164.55,155.23,159.01,162495397
2017-08-24,158.85,167.57,151.91,159.25,106474701
2017-08-25,168.09,170.09,167.87,168.17,80598328
2017-08-26,171.07,172.23,169.88,169.98,96513183
2017-08-27,165.22,165.84,163.19,165.43,138475226
2017-08-28,174.71,176.61,162.29,163.79,160128794
2017-08-29,155.44,157.41,154.46,156.64,122417304
2017-08-30,158.16,159.46,153.47,154.0,113767900
2017-08-31,157.71,158.16,150.52,153.31,57322565
2017-09-01,142.43,145.29,141.84,145.17,146973371
2017-09-02,139.09,147.88,131.74,144.42,94947946
2017-09-03,148.29,148.86,147.97,148.01,138918549
2017-09-04,150.61,153.22,150.44,151.14,70519855
2017-09-05,144.58,146.65,141.19,145.65,78900972
2017-09-06,149.75,150.98,149.62,149.97,67152095
2017-09-07,154.52,160.28,151.65,152.86,158016168
2017-09-08,142.17,151.21,142.15,147.68,118334749
2017-09-09,140.91,142.35,140.24,141.96,98680054
2017-09-10,135.96,136.77,132.61,133.1,107837569
2017-09-11,129.15,138.47,122.02,132.02,126686529
2017-09-12,124.25,125.22,124.01,124.41,233867075
2017-09-13,131.28,135.13,127.26,128.11,66417834
2017-09-14,130.6,132.97,119.53,126.25,130315523
2017-09-15,126.78,129.26,120.78,124.44,125869929
2017-09-16,120.49,121.92,117.82,119.22,166888094
2017-09-17,131.03,132.14,122.67,124.07,168105993
2017-09-18,125.1,125.3,122.96,123.0,146862950
2017-09-19,128.73,130.26,128.51,130.2,201024338
2017-09-20,126.3,132.53,125.8,129.17,61992417
2017-09-21,130.19,134.06,128.52,132.75,103933686
2017-09-22,132.15,139.13,130.64,133.77,114039388
2017-09-23,143.44,144.26,120.61,131.94,86595225
2017-09-24,129.97,130.28,128.0,129.87,145962456
2017-09-25,120.66,124.0,120.6,123.23,224746307
2017-09-26,119.84,122.94,117.44,119.12,122533396
2017-09-27,117.61,119.21,115.02,118.53,103355700
2017-09-28,125.25,129.41,122.48,123.08,128136922
2017-09-29,124.26,125.41,117.83,122.41,54818758
2017-09-30,118.54,120.98,116.54,118.17,78034894
2017-10-01,114.83,115.87,113.6,115.29,118817564
2017-10-02,114.13,121.6,112.85,118.07,170451281
2017-10-03,119.12,120.84,115.97,117.31,154504722
2017-10-04,124.36,125.73,119.43,119.58,117722511
2017-10-05,117.1,120.07,115.4,117.99,76863700
2017-10-06,114.57,118.3,112.83,117.0,59058760
2017-10-07,116.27,121.65,115.86,121.08,85810155
2017-10-08,123.9,123.92,118.56,119.68,101254208
2017-10-09,116.67,117.77,116.32,116.44,107070606
2017-10-10,116.96,119.81,113.82,116.2,143107253
2017-10-11,115.78,121.23,111.7,114.2,96629373
2017-10-12,115.25,116.02,115.09,115.18,106177273
2017-10-13,117.22,118.63,116.27,117.26,136381924
2017-10-14,106.59,112.02,106.0,110.31,147036347
2017-10-15,111.44,112.18,104.92,109.24,62173138
2017-10-16,110.52,111.88,108.41,111.62,128053399
2017-10-17,108.49,112.15,107.46,109.05,69593920
2017-10-18,107.44,107.88,105.71,107.34,160699882
2017-10-19,105.73,109.03,104.47,107.57,90688798
2017-10-20,108.64,110.12,105.89,106.62,130540012
2017-10-21,109.14,114.6,109.04,111.17,118062649
2017-10-22,109.22,114.36,108.64,112.59,127790373
2017-10-23,125.73,126.6,107.03,113.86,81345530
2017-10-24,125.27,130.96,121.41,123.79,120980994
2017-10-25,131.66,133.96,130.08,132.66,207110044
2017-10-26,137.55,144.61,137.37,138.41,84456761
2017-10-27,138.55,139.49,134.73,137.55,84730779
2017-10-28,138.15,140.46,138.01,138.08,105769285
2017-10-29,136.72,142.27,130.44,138.84,73175371
2017-10-30,138.9,139.08,134.24,136.38,89292257
2017-10-31,129.81,130.1,129.02,129.61,171384904
2017-11-01,137.03,137.53,128.35,128.37,81577419
2017-11-02,128.69,130.38,126.98,128.21,133875718
2017-11-03,141.05,141.75,126.4,134.79,147372677
2017-11-04,132.38,134.15,129.98,133.6,115808540
2017-11-05,138.02,138.42,132.64,137.21,95030454
2017-11-06,136.92,138.09,134.52,135.69,164157481
2017-11-07,132.16,132.65,130.51,132.52,134827576
2017-11-08,137.9,139.51,137.62,138.06,170046052
2017-11-09,143.37,145.23,138.34,144.21,142365961
2017-11-10,149.88,153.89,147.48,150.11,133335368
2017-11-11,153.75,160.63,149.97,154.91,97897877
2017-11-12,154.27,154.98,152.03,152.1,105786441
2017-11-13,155.96,157.7,155.1,155.3,176093803
2017-11-14,145.23,150.1,136.52,147.97,166465381
2017-11-15,140.8,146.12,133.65,143.04,118770314
2017-11-16,153.79,154.32,152.76,153.62,136925921
2017-11-17,153.58,160.13,151.85,152.53,154230665
2017-11-18,150.39,152.94,144.23,148.65,185257865
2017-11-19,151.45,160.77,149.76,156.99,183718607
2017-11-20,163.08,165.16,155.3,156.66,97351070
2017-11-21,157.07,157.22,155.82,156.66,112058424
2017-11-22,159.88,160.73,157.17,158.15,68137159
2017-11-23,168.74,169.3,159.56,167.13,218215623
2017-11-24,170.78,174.5,158.39,167.23,118806457
2017-11-25,174.3,179.64,166.25,172.78,167700830
2017-11-26,165.47,179.8,160.59,168.78,136558389
2017-11-27,169.59,171.67,151.92,157.28,105999129
2017-11-28,158.62,165.64,156.98,160.31,163453228
2017-11-29,155.25,155.99,153.42,155.36,159252362
2017-11-30,154.08,154.66,150.54,153.89,79707076
2017-12-01,156.76,158.31,151.86,153.94,132771055
2017-12-02,155.07,156.4,153.93,155.13,66283060
2017-12-03,150.41,151.79,148.75,149.11,124562264
2017-12-04,148.95,152.05,147.99,149.51,109795053
2017-12-05,150.43,160.62,150.29,157.22,216010085
2017-12-06,170.37,173.28,169.95,170.3,247511454
2017-12-07,169.04,176.2,167.54,172.31,162290060
2017-12-08,175.46,180.9,167.02,172.15,72172900
2017-12-09,176.79,177.88,172.83,174.11,101801192
2017-12-10,182.05,184.87,169.81,181.63,139079888
2017-12-11,166.02,183.83,157.03,178.56,68932496
2017-12-12,182.57,182.98,175.05,179.81,83267201
2017-12-13,172.34,179.92,164.3,175.96,85471556
2017-12-14,182.19,184.14,181.56,183.0,188383919
2017-12-15,188.17,191.85,184.66,186.82,118537196
2017-12-16,184.68,185.48,183.22,183.92,82575663
2017-12-17,187.1,188.26,184.77,185.9,91125991
2017-12-18,191.76,192.67,187.81,190.43,166877068
2017-12-19,195.86,197.54,193.64,194.81,74897145
2017-12-20,194.18,202.54,193.95,200.2,145721386
2017-12-21,199.19,203.22,196.11,197.57,117720705
2017-12-22,180.79,191.22,180.61,191.08,113161416
2017-12-23,185.53,188.87,184.91,187.98,118737432
2017-12-24,176.75,178.48,176.01,178.04,131665534
2017-12-25,162.17,186.01,162.11,173.78,124250214
2017-12-26,165.4,175.86,160.65,164.52,192824723
2017-12-27,145.86,154.02,144.15,153.08,138387398
2017-12-28,147.52,148.43,146.13,146.49,205146776
2017-12-29,149.96,153.63,147.26,149.02,161577092
2017-12-30,149.52,155.65,147.46,148.39,107577626
2017-12-31,144.77,147.92,144.57,146.94,130202499
2018-01-01,139.81,151.7,139.04,146.66,99298890
2018-01-02,152.38,154.7,149.76,152.44,155322207
2018-01-03,154.32,157.67,149.99,153.42,106508554
2018-01-04,135.85,142.0,135.4,138.51,189959526
2018-01-05,143.11,145.24,139.87,144.3,202926953
2018-01-06,147.73,149.41,142.69,144.52,72742249
2018-01-07,148.91,153.7,145.77,151.28,160841754
2018-01-08,163.27,163.46,160.93,161.18,209630734
2018-01-09,160.27,163.99,156.16,160.97,145859398
2018-01-10,160.59,165.06,152.21,162.65,157341281
2018-01-11,171.75,180.93,159.59,165.32,104576516
2018-01-12,161.81,161.96,160.22,160.4,185734423
2018-01-13,168.9,170.74,167.12,169.38,172184116
2018-01-14,163.87,163.88,162.7,162.86,84127746
2018-01-15,154.82,155.04,152.7,154.28,93083380
2018-01-16,161.02,163.23,157.34,157.75,73826661
2018-01-17,168.48,169.28,161.72,167.42,116740930
2018-01-18,172.5,172.59,170.16,170.57,60031736
2018-01-19,169.69,171.51,165.66,167.07,144684777
2018-01-20,159.51,161.5,151.87,153.3,206809290
2018-01-21,155.69,156.0,155.65,155.82,77314280
2018-01-22,159.47,161.11,152.45,156.76,98085896
2018-01-23,145.78,160.3,144.67,159.49,112806926
2018-01-24,160.7,164.91,159.52,162.32,150365800
2018-01-25,167.28,168.33,163.27,165.3,88984986
2018-01-26,153.52,156.35,147.96,154.76,205634064
2018-01-27,166.45,167.77,165.83,167.57,187789526
2018-01-28,168.94,171.87,166.41,168.61,93181152
2018-01-29,169.81,169.93,165.98,166.08,128660470
2018-01-30,166.22,172.48,165.21,167.56,97886680
2018-01-31,162.25,164.58,161.33,161.88,93146482
2018-02-01,166.9,174.05,166.06,169.53,144698788
2018-02-02,180.04,180.53,176.84,177.75,91921077
2018-02-03,173.71,175.77,172.11,173.37,127625983
2018-02-04,175.07,177.96,172.38,176.45,117710139
2018-02-05,171.8,172.3,169.92,171.92,78116060
2018-02-06,171.74,173.42,169.92,170.05,162807950
2018-02-07,170.51,172.03,168.93,169.75,123887795
2018-02-08,178.84,184.77,174.14,178.8,148939204
2018-02-09,187.03,188.83,183.29,185.7,166217200
2018-02-10,178.85,186.63,177.94,183.08,64405583
2018-02-11,181.67,188.97,175.47,182.45,87238087
2018-02-12,185.2,185.36,184.2,184.33,89118236
2018-02-13,172.27,183.78,171.31,178.28,127877692
2018-02-14,175.3,179.44,158.63,176.29,133603582
2018-02-15,173.95,186.82,173.73,180.44,132695680
2018-02-16,178.0,181.16,171.08,180.88,54619437
2018-02-17,167.21,187.03,164.17,179.21,102130765
2018-02-18,178.84,182.2,177.26,181.75,76877570
2018-02-19,175.16,175.93,172.0,173.07,95152033
2018-02-20,179.13,182.16,170.88,174.03,104675537
2018-02-21,179.65,183.57,171.28,176.08,91396932
2018-02-22,173.9,175.55,167.59,174.99,158126963
2018-02-23,164.35,170.27,162.53,166.49,78000942
2018-02-24,167.19,170.02,156.26,162.66,159452519
2018-02-25,163.35,164.9,158.83,161.98,81237066
2018-02-26,167.43,168.72,160.7,166.49,97994157
2018-02-27,169.66,172.26,167.48,169.8,68566658
2018-02-28,171.2,175.53,165.78,169.46,81469386
2018-03-01,174.61,175.25,164.49,168.33,116121958
2018-03-02,171.58,176.29,166.87,167.85,75392331
2018-03-03,165.06,170.52,164.38,170.12,110385322
2018-03-04,177.25,179.26,165.59,172.3,161878464
2018-03-05,169.68,170.83,168.43,169.39,124232944
2018-03-06,159.95,168.99,159.3,165.54,95506008
2018-03-07,165.25,166.12,165.15,165.97,141981331
2018-03-08,164.5,168.91,161.89,168.15,157353529
2018-03-09,162.7,165.22,158.09,161.35,189130228
2018-03-10,166.3,171.82,161.58,167.77,200986627
2018-03-11,178.08,178.43,170.26,172.58,117951773
2018-03-12,171.48,184.84,169.74,173.58,84778468
2018-03-13,182.92,184.05,164.04,176.5,121219606
2018-03-14,176.38,181.18,169.45,175.04,159376583
2018-03-15,188.22,191.96,186.04,187.19,174601655
2018-03-16,193.19,197.37,191.27,194.96,130254912
2018-03-17,195.04,209.3,190.6,193.39,56322503
2018-03-18,187.48,189.14,181.03,185.1,90621519
2018-03-19,190.32,191.8,186.64,190.65,140805272
2018-03-20,192.89,193.1,180.2,185.66,67679364
2018-03-21,191.71,193.15,190.02,191.06,119617227
2018-03-22,188.5,194.14,185.83,187.02,73303375
2018-03-23,197.77,209.28,193.74,197.25,214405123
2018-03-24,207.15,208.22,205.2,206.66,197185741
2018-03-25,197.73,202.3,197.6,200.85,82833754
2018-03-26,203.61,204.92,198.71,203.88,131770851
2018-03-27,204.33,207.68,204.22,207.42,78241483
2018-03-28,215.5,218.39,213.7,214.95,101302527
2018-03-29,217.59,225.03,217.29,218.45,66843141
2018-03-30,215.12,219.44,206.75,211.79,113425385
2018-03-31,218.98,227.01,218.51,218.85,96150292
2018-04-01,221.76,233.56,217.36,224.72,162031765
2018-04-02,242.67,243.19,232.68,235.04,80364693
2018-04-03,232.32,236.51,227.27,231.98,82796361
2018-04-04,235.58,240.3,235.48,237.15,88527267
2018-04-05,249.52,249.54,248.05,249.34,119884455
2018-04-06,238.66,244.02,226.81,234.35,164672918
2018-04-07,229.12,237.1,225.74,232.3,85985788
2018-04-08,234.14,236.19,233.66,235.78,106561837
2018-04-09,230.22,244.99,222.42,243.14,70934582
2018-04-10,232.99,233.29,232.06,232.63,140882124
2018-04-11,245.5,247.1,225.98,231.49,116363349
2018-04-12,220.89,232.14,209.21,223.38,132810184
2018-04-13,228.82,233.21,221.98,227.01,147377654
2018-04-14,226.75,242.83,219.74,231.35,111333168
2018-04-15,222.43,237.28,221.6,236.37,141963752
2018-04-16,247.25,249.26,236.73,244.89,153242099
2018-04-17,240.78,260.78,237.64,250.75,132453749
2018-04-18,274.8,279.57,244.95,265.89,87314302
2018-04-19,276.97,279.24,262.09,264.82,147940562
2018-04-20,251.53,265.79,251.42,260.56,71666114
2018-04-21,257.6,291.05,255.65,269.81,142939338
2018-04-22,280.69,287.37,280.34,283.56,126184225
2018-04-23,290.8,291.61,279.54,285.6,94057269
2018-04-24,314.12,314.46,312.72,313.14,140639392
2018-04-25,303.54,305.74,300.4,300.98,84898600
2018-04-26,299.45,302.83,295.87,302.31,59414473
2018-04-27,310.57,317.59,288.35,300.6,87304441
2018-04-28,295.36,302.48,292.06,292.67,165559211
2018-04-29,290.34,309.0,286.66,292.59,102969342
2018-04-30,294.4,300.33,270.63,280.78,154217943
2018-05-01,283.41,290.19,277.91,287.38,113948645
2018-05-02,270.62,283.99,262.0,269.84,165473541
2018-05-03,278.66,279.66,270.7,276.43,169492934
2018-05-04,290.56,293.95,289.79,290.22,143707572
2018-05-05,285.92,288.71,285.04,288.61,150204469
2018-05-06,285.56,310.29,269.64,285.47,61350921
2018-05-07,287.42,294.38,283.74,283.81,154876683
2018-05-08,280.75,292.11,277.67,291.69,122433303
2018-05-09,292.13,297.37,291.25,291.75,82863510
2018-05-10,313.11,313.13,300.65,304.17,145063242
2018-05-11,324.84,325.16,321.36,323.99,177271400
2018-05-12,325.37,327.53,316.98,322.16,97190610
2018-05-13,302.69,306.17,298.25,304.97,201148440
2018-05-14,299.78,311.82,294.55,305.48,83576728
2018-05-15,316.61,323.37,308.11,310.37,103607878
2018-05-16,324.0,324.64,310.23,318.95,169140616
2018-05-17,311.36,311.79,308.82,310.32,89890800
2018-05-18,321.39,324.64,315.35,320.9,194058691
2018-05-19,313.66,347.91,304.63,315.99,156132154
2018-05-20,303.62,304.74,294.91,301.9,208477045
2018-05-21,285.41,303.24,276.61,289.59,212162822
2018-05-22,292.85,296.72,287.85,291.41,53244875
2018-05-23,290.8,303.7,286.73,291.75,101704774
2018-05-24,294.43,309.0,285.91,292.01,122829900
2018-05-25,287.75,291.5,272.54,283.51,158926717
2018-05-26,277.07,282.02,273.71,281.67,105940104
2018-05-27,277.63,287.26,277.56,282.65,93804709
2018-05-28,265.2,270.74,254.43,266.56,191665459
2018-05-29,271.91,272.98,268.69,268.99,95794785
2018-05-30,248.98,260.05,242.21,253.35,173317427
2018-05-31,234.25,258.69,229.11,257.14,86052670
2018-06-01,253.31,261.35,251.34,252.94,105595721
2018-06-02,258.1,259.4,251.38,257.94,84152805
2018-06-03,256.65,262.33,254.72,259.11,91549005
2018-06-04,266.56,270.82,255.63,261.91,131157790
2018-06-05,252.26,264.44,233.61,250.2,155752429
2018-06-06,247.98,252.19,245.15,249.45,67849572
2018-06-07,263.03,264.03,256.64,257.84,85372669
2018-06-08,244.27,252.77,242.86,247.53,71127321
2018-06-09,240.39,244.66,239.45,241.28,188247348
2018-06-10,234.01,237.06,230.33,236.8,86620313
2018-06-11,234.48,240.57,231.52,233.76,105712599
2018-06-12,241.1,248.05,236.05,240.05,188735672
2018-06-13,230.51,230.81,225.51,228.55,163384567
2018-06-14,229.67,239.08,223.7,229.91,96107474
2018-06-15,236.36,248.27,234.09,236.12,154187797
2018-06-16,245.49,248.47,244.44,246.93,161384187
2018-06-17,252.66,258.99,248.29,257.21,106011810
2018-06-18,258.49,262.72,255.23,262.11,69619583
2018-06-19,272.24,275.59,269.06,269.35,182287506
2018-06-20,279.77,284.94,278.33,280.98,211990298
2018-06-21,269.72,270.3,267.85,269.33,174025003
2018-06-22,274.41,279.44,267.62,276.54,84073044
2018-06-23,272.29,291.22,268.71,270.45,103790281
2018-06-24,267.91,271.1,260.89,266.82,96904541
2018-06-25,259.51,261.55,258.52,260.59,111680487
2018-06-26,249.47,254.4,246.73,250.27,102016412
2018-06-27,263.26,265.74,263.0,264.76,165778788
2018-06-28,266.98,269.41,266.22,268.37,75400567
2018-06-29,262.38,273.7,261.43,271.07,161160535
2018-06-30,278.13,282.35,257.72,270.91,128838640
2018-07-01,257.95,260.39,243.41,259.09,119817550
2018-07-02,254.75,259.58,247.0,249.72,140579180
2018-07-03,259.56,273.5,246.91,259.1,172973982
2018-07-04,247.41,247.91,247.36,247.38,165409900
2018-07-05,246.18,249.29,245.1,246.28,152706437
2018-07-06,228.69,238.93,227.37,229.01,87502727
2018-07-07,222.06,223.62,221.46,223.1,119829854
2018-07-08,223.47,231.14,214.92,229.51,86939339
2018-07-09,224.59,232.47,209.18,222.66,162362964
2018-07-10,217.54,220.25,216.46,218.93,103280159
2018-07-11,220.33,221.65,216.35,218.46,91571240
2018-07-12,212.31,218.53,209.5,215.53,63859427
2018-07-13,222.27,222.72,220.55,222.41,102358381
2018-07-14,220.6,224.26,202.56,222.34,116414812
2018-07-15,238.36,238.73,234.41,236.66,243601415
2018-07-16,240.73,246.1,239.17,240.3,77945002
2018-07-17,253.48,254.27,252.74,253.65,84206049
2018-07-18,268.84,282.11,259.31,260.69,69562488
2018-07-19,251.58,262.16,250.46,252.19,144442672
2018-07-20,242.02,248.64,241.19,245.98,83510696
2018-07-21,239.33,240.44,237.56,239.32,92891952
2018-07-22,233.05,234.82,230.77,231.49,91747779
2018-07-23,235.85,237.35,227.52,234.48,142424110
2018-07-24,227.53,227.74,223.78,226.52,88341647
2018-07-25,224.8,225.21,224.5,224.75,153043920
2018-07-26,217.84,227.85,214.46,225.78,88457061
2018-07-27,226.89,232.12,222.09,229.63,168704882
2018-07-28,239.88,247.59,239.09,243.83,109942281
2018-07-29,244.59,246.8,243.09,244.8,53278713
2018-07-30,244.96,249.94,243.3,243.44,85345000
2018-07-31,239.39,240.17,236.01,239.34,64550452
2018-08-01,242.19,242.93,235.53,241.41,155631471
2018-08-02,239.8,254.59,238.26,249.24,129138164
2018-08-03,262.42,266.37,253.82,255.6,125290778
2018-08-04,258.7,259.67,257.84,259.05,123176448
2018-08-05,251.0,256.74,248.54,250.66,73428666
2018-08-06,274.38,277.97,256.0,265.02,194494032
2018-08-07,271.06,279.87,266.29,270.83,163046788
2018-08-08,268.75,277.49,263.08,268.88,118692527
2018-08-09,312.07,314.85,297.52,301.21,211403996
2018-08-10,302.71,305.98,302.29,304.08,130450318
2018-08-11,308.76,310.88,301.08,308.62,140581920
2018-08-12,304.23,310.34,301.54,305.77,123990375
2018-08-13,316.68,320.51,311.7,314.65,118316582
2018-08-14,330.38,333.03,287.17,313.79,67690213
2018-08-15,336.55,337.98,284.7,320.16,133333800
2018-08-16,312.88,317.03,310.48,315.94,60151127
2018-08-17,325.68,326.28,310.46,319.46,150540753
2018-08-18,304.4,324.49,289.53,306.08,163776005
2018-08-19,303.28,312.36,296.12,301.55,155552668
2018-08-20,283.99,301.64,280.36,295.59,76179494
2018-08-21,287.35,289.25,286.08,287.02,175950420
2018-08-22,278.78,280.36,277.55,277.8,189259386
2018-08-23,275.02,276.82,274.49,275.83,114359991
2018-08-24,247.44,259.87,244.59,259.34,241109967
2018-08-25,252.92,264.46,242.37,263.3,165474545
2018-08-26,252.11,255.72,251.03,254.89,135354177
2018-08-27,254.14,267.33,244.02,248.68,181879176
2018-08-28,255.89,259.65,250.32,257.38,166991537
2018-08-29,254.21,262.7,252.23,256.06,72398371
2018-08-30,276.2,276.88,254.5,265.56,107757125
2018-08-31,252.31,259.45,248.14,258.07,65324036
2018-09-01,275.34,280.05,269.62,273.1,136628548
2018-09-02,263.85,270.87,261.03,269.05,119720950
2018-09-03,274.72,286.64,274.11,277.49,129369774
2018-09-04,300.96,301.38,297.17,297.33,145683735
2018-09-05,281.89,284.67,279.87,281.36,178780247
2018-09-06,289.5,296.52,278.87,282.03,99386998
2018-09-07,284.87,285.08,281.49,284.75,115733941
2018-09-08,290.97,297.29,285.11,285.72,78830369
2018-09-09,290.42,292.1,279.01,280.7,86261380
2018-09-10,282.55,287.29,281.74,286.97,110597863
2018-09-11,283.21,293.98,281.47,284.48,109015497
2018-09-12,288.09,290.76,281.02,285.63,109400658
2018-09-13,297.53,299.44,286.01,288.21,142397459
2018-09-14,311.04,314.51,293.98,304.6,224633003
2018-09-15,311.22,315.09,302.26,311.12,75932570
2018-09-16,302.84,303.45,294.66,303.21,71756986
2018-09-17,303.32,308.88,300.21,304.85,84852709
2018-09-18,308.56,311.95,305.59,310.52,78736060
2018-09-19,302.21,313.02,290.96,303.95,148169103
2018-09-20,300.61,301.57,278.52,296.68,119233898
2018-09-21,286.63,291.66,281.91,285.18,121712027
2018-09-22,291.25,294.98,283.2,289.26,157437393
2018-09-23,290.6,296.47,277.16,294.75,100817238
2018-09-24,283.3,286.98,282.14,284.49,198823264
2018-09-25,271.22,289.47,268.75,283.23,60082082
2018-09-26,281.71,284.36,272.46,281.87,110003666
2018-09-27,280.51,287.66,277.79,286.6,160061226
2018-09-28,294.97,296.96,284.93,285.01,138931110
2018-09-29,290.27,295.6,282.85,285.73,76256495
2018-09-30,284.26,288.56,282.32,285.1,106761144
2018-10-01,280.34,287.57,271.6,278.82,86422715
2018-10-02,270.84,283.64,268.63,278.39,94372815
2018-10-03,288.65,288.98,279.45,282.62,89687869
2018-10-04,303.51,306.43,290.43,293.04,93210399
2018-10-05,290.37,292.0,286.62,291.31,145126300
2018-10-06,300.02,305.97,289.98,296.8,110363806
2018-10-07,302.2,303.31,275.64,293.03,143612182
2018-10-08,289.19,290.19,275.14,285.14,103677435
2018-10-09,273.56,298.47,266.48,282.51,134327222
2018-10-10,285.42,285.51,281.74,285.07,104961833
2018-10-11,289.6,290.57,273.04,285.89,70817270
2018-10-12,280.0,284.48,275.43,282.27,123582237
2018-10-13,301.59,306.78,279.14,287.07,145681758
2018-10-14,282.38,290.33,280.55,281.89,162798303
2018-10-15,283.58,284.8,269.52,270.61,195647037
2018-10-16,284.72,288.32,279.56,280.72,187083800
2018-10-17,282.33,284.92,273.5,278.08,68147876
2018-10-18,269.6,270.24,267.58,269.19,127996446
2018-10-19,266.79,278.35,261.8,272.74,113756587
2018-10-20,270.62,278.39,268.69,269.29,75585098
2018-10-21,268.6,274.12,267.11,268.57,143779571
2018-10-22,263.61,268.4,258.98,266.49,69185808
2018-10-23,265.76,278.49,258.43,262.4,134783578
2018-10-24,244.46,262.9,240.55,257.51,135543188
2018-10-25,267.37,272.68,265.15,265.59,138130623
2018-10-26,261.19,265.87,259.91,263.91,79644777
2018-10-27,261.41,272.19,252.48,258.94,120907134
2018-10-28,270.47,271.3,270.08,270.96,178615019
2018-10-29,280.78,281.49,273.0,275.94,143648580
2018-10-30,277.59,282.58,274.98,281.31,160777784
2018-10-31,283.65,285.4,277.34,281.0,133669610
2018-11-01,281.47,286.27,273.1,274.52,154775158
2018-11-02,281.54,282.0,271.16,273.55,108145102
2018-11-03,271.55,277.7,269.43,274.54,101710449
2018-11-04,265.7,279.1,264.59,266.08,138935168
2018-11-05,263.0,282.3,257.65,280.88,162771438
2018-11-06,292.19,293.39,274.41,285.92,147085422
2018-11-07,283.11,302.49,281.08,285.51,122109866
2018-11-08,287.0,291.06,284.86,287.37,94479519
2018-11-09,281.33,291.81,273.79,286.36,130473252
2018-11-10,287.59,295.11,286.22,289.25,81342243
2018-11-11,302.66,303.51,302.42,303.45,117065390
2018-11-12,300.68,301.04,297.78,299.9,107351991
2018-11-13,303.86,306.86,298.03,302.85,73182880
2018-11-14,294.41,301.61,292.78,296.65,175554390
2018-11-15,303.44,309.14,301.77,305.4,86903346
2018-11-16,316.03,329.44,297.07,306.43,124958230
2018-11-17,330.57,335.59,317.44,317.65,82694200
2018-11-18,314.85,316.5,289.18,309.41,168278323
2018-11-19,316.23,319.61,314.95,316.58,71116629
2018-11-20,324.1,325.3,321.34,322.96,176998572
2018-11-21,319.55,324.95,307.04,323.19,68041475
2018-11-22,324.4,331.95,314.14,322.3,107551087
2018-11-23,333.66,334.64,314.96,329.3,167715559
2018-11-24,335.25,337.76,334.61,337.73,100968957
2018-11-25,322.64,335.39,320.51,331.58,111230367
2018-11-26,335.15,339.78,329.64,339.77,90927043
2018-11-27,333.88,336.06,326.39,334.97,114406025
2018-11-28,318.72,333.14,312.68,329.08,88276576
2018-11-29,318.54,319.56,312.84,316.42,114359368
2018-11-30,308.33,314.84,303.07,314.35,118596161
2018-12-01,319.12,324.22,288.43,315.16,93588362
2018-12-02,323.54,328.56,315.74,317.37,59399037
2018-12-03,320.18,320.49,318.49,319.16,57689172
2018-12-04,319.82,337.78,314.31,315.42,166823613
2018-12-05,310.03,312.28,304.85,308.72,180770810
2018-12-06,305.98,333.06,290.91,304.63,84547366
2018-12-07,319.37,326.72,312.87,321.53,178735664
2018-12-08,319.22,322.94,317.9,321.81,92504489
2018-12-09,325.94,326.73,313.76,315.44,62667308
2018-12-10,318.19,324.87,302.59,313.74,119422646
2018-12-11,330.78,333.26,330.0,333.23,98521169
2018-12-12,323.24,326.08,321.72,324.99,74263026
2018-12-13,332.16,357.15,325.51,334.79,115766134
2018-12-14,333.4,338.44,327.15,333.95,55612619
2018-12-15,317.4,327.92,313.37,319.71,86569170
2018-12-16,310.74,311.45,306.19,310.74,152050932
2018-12-17,328.78,339.44,313.59,319.76,145828197
2018-12-18,328.32,331.6,315.3,317.83,109108863
2018-12-19,321.07,322.91,303.61,317.32,100385700
2018-12-20,327.53,332.83,313.81,325.35,175934889
2018-12-21,325.56,335.75,318.86,323.09,84029090
2018-12-22,302.61,312.01,299.04,312.0,114194614
2018-12-23,312.86,330.89,312.66,316.48,150224335
2018-12-24,335.25,339.06,329.78,334.99,187065834
2018-12-25,325.75,332.89,319.28,330.26,129922018
2018-12-26,316.17,351.99,314.91,333.27,125684732
2018-12-27,327.3,343.51,321.71,337.37,166969992
2018-12-28,337.22,339.46,332.85,338.6,123524738
2018-12-29,358.74,365.71,352.42,357.15,159656972
2018-12-30,348.54,349.01,346.64,348.65,126233730
2018-12-31,345.57,354.7,327.05,342.35,146006117
2019-01-01,340.58,340.96,334.91,336.43,138861998
2019-01-02,332.61,347.48,326.46,342.47,131340785
2019-01-03,353.97,354.68,347.85,350.6,80218343
2019-01-04,359.53,370.17,341.76,361.76,131826006
2019-01-05,346.42,349.25,333.37,342.71,82175455
2019-01-06,345.44,345.91,342.85,345.41,114472467
2019-01-07,365.0,369.19,362.97,366.33,110014309
2019-01-08,378.32,381.58,354.53,362.36,61744560
2019-01-09,375.48,389.61,352.09,376.32,76321441
2019-01-10,368.69,379.24,355.95,367.08,103395101
2019-01-11,344.29,371.17,335.12,364.18,55401367
2019-01-12,357.46,360.39,355.0,357.67,60140717
2019-01-13,356.19,359.28,338.35,359.1,62898230
2019-01-14,343.4,353.12,336.98,346.85,135328437
2019-01-15,358.37,359.99,324.53,345.69,56574189
2019-01-16,333.5,342.4,322.91,337.06,65179766
2019-01-17,332.36,339.33,297.77,329.08,80774758
2019-01-18,333.22,337.29,332.3,333.17,78566408
2019-01-19,321.71,326.91,319.07,322.18,185381199
2019-01-20,338.33,339.94,323.42,325.1,103697216
2019-01-21,327.25,333.45,325.64,326.66,102120961
2019-01-22,328.12,328.69,326.99,327.2,115990756
2019-01-23,334.88,346.28,318.6,326.96,74423018
2019-01-24,331.54,338.79,323.1,338.27,152936086
2019-01-25,344.2,345.71,340.23,342.15,93932378
2019-01-26,342.02,345.75,329.64,341.29,87891645
2019-01-27,332.04,340.82,327.75,332.89,145581968
2019-01-28,333.99,339.65,327.81,329.27,113577993
2019-01-29,334.02,335.38,316.58,321.05,148280790
2019-01-30,334.36,350.29,331.33,340.24,144218595
2019-01-31,350.44,350.88,326.93,345.11,169648954
2019-02-01,340.21,345.23,331.49,345.1,132820537
2019-02-02,369.62,373.61,360.46,361.77,95295725
2019-02-03,364.95,372.73,357.27,361.3,145776077
2019-02-04,351.99,357.47,350.26,356.15,124826149
2019-02-05,370.77,377.64,342.12,354.15,118520819
2019-02-06,346.1,350.71,341.2,346.01,168904988
2019-02-07,359.71,361.4,348.06,352.86,63867188
2019-02-08,343.05,373.42,331.32,358.56,135372803
2019-02-09,376.39,382.51,369.71,374.48,205982993
2019-02-10,379.36,386.55,377.82,380.96,84620922
2019-02-11,377.19,382.19,376.73,378.69,105868845
2019-02-12,379.58,383.3,370.15,376.18,106878223
2019-02-13,354.93,360.38,353.04,359.28,167714210
2019-02-14,372.65,383.3,358.95,380.12,228031758
2019-02-15,369.08,372.82,366.11,367.88,99289037
2019-02-16,377.8,393.59,364.05,379.13,148697417
2019-02-17,385.34,392.43,378.03,383.71,88263637
2019-02-18,361.39,363.57,358.89,361.48,204447706
2019-02-19,359.97,364.01,356.9,358.02,135480037
2019-02-20,366.48,371.61,363.39,365.34,149972067
2019-02-21,387.24,391.41,379.7,384.5,126197676
2019-02-22,385.55,388.62,380.29,380.95,144730488
2019-02-23,383.4,385.48,380.27,384.17,108583783
2019-02-24,383.61,387.93,382.13,384.48,103298841
2019-02-25,375.07,394.79,345.36,381.39,84575771
2019-02-26,380.92,386.7,377.52,383.92,97910905
2019-02-27,393.29,410.42,385.86,406.23,183506827
2019-02-28,434.13,439.03,408.22,429.89,183623831
2019-03-01,442.47,447.3,435.11,446.11,135563449
2019-03-02,451.51,466.42,449.71,460.1,95947030
2019-03-03,448.75,465.25,429.21,446.31,144414069
2019-03-04,454.16,468.69,447.05,452.47,133151542
2019-03-05,472.53,499.06,440.25,464.59,136328238
2019-03-06,474.22,478.1,472.51,474.29,173469002
2019-03-07,483.46,501.29,480.58,491.02,71570977
2019-03-08,507.51,514.88,469.57,484.91,131160558
2019-03-09,484.36,500.24,462.5,483.01,52620028
2019-03-10,467.46,492.33,464.44,478.6,85377305
2019-03-11,480.22,481.8,473.04,478.54,134245578
2019-03-12,475.43,478.49,461.95,478.1,135811015
2019-03-13,500.57,520.82,484.43,485.29,146871543
2019-03-14,496.49,499.71,495.73,497.76,107335203
2019-03-15,487.68,492.05,446.25,474.87,107523887
2019-03-16,453.7,457.27,449.66,451.18,218232991
2019-03-17,453.38,453.48,446.61,450.99,95395603
2019-03-18,456.06,459.11,430.53,448.99,100967760
2019-03-19,428.96,432.14,424.04,431.44,110081004
2019-03-20,404.05,416.7,399.75,406.85,236927043
2019-03-21,413.33,422.61,410.42,411.81,103671445
2019-03-22,405.44,410.47,405.28,406.01,57685554
2019-03-23,421.25,423.24,412.84,419.23,98917148
2019-03-24,452.21,462.04,424.59,427.81,86024110
2019-03-25,438.73,450.81,432.97,435.67,141802168
2019-03-26,450.42,459.75,432.11,445.16,61694720
2019-03-27,473.23,475.31,465.42,466.8,182981060
2019-03-28,488.53,492.6,485.15,491.73,214168925
2019-03-29,476.99,480.32,458.48,475.6,130205929
2019-03-30,467.15,479.59,465.05,465.3,83650142
2019-03-31,458.75,465.77,448.43,449.36,120311079
2019-04-01,469.11,476.22,435.83,454.64,96261582
2019-04-02,458.32,460.74,452.87,458.0,158444109
2019-04-03,476.02,484.92,472.61,476.92,115310817
2019-04-04,492.48,512.23,484.48,498.94,189501868
2019-04-05,511.98,518.55,499.75,500.85,131028207
2019-04-06,481.65,501.9,475.84,478.1,201645620
2019-04-07,448.51,449.7,447.78,448.01,244783203
2019-04-08,441.39,459.78,426.03,452.82,139383208
2019-04-09,455.26,457.63,452.86,457.16,161256711
2019-04-10,476.97,482.44,476.81,478.69,201550831
2019-04-11,460.42,462.29,457.63,458.32,117133192
2019-04-12,502.03,506.4,482.9,487.51,158422594
2019-04-13,493.04,494.43,488.4,489.31,134308937
2019-04-14,501.2,501.75,465.38,480.39,110241460
2019-04-15,458.45,470.97,451.32,461.46,95988336
2019-04-16,479.35,479.73,463.63,474.07,100708542
2019-04-17,473.26,488.17,472.64,486.24,79618663
2019-04-18,492.79,519.42,474.69,476.83,107376775
2019-04-19,472.06,483.41,467.69,481.21,153608409
2019-04-20,470.68,493.5,469.99,482.05,141724527
2019-04-21,477.74,487.38,454.36,480.11,124894377
2019-04-22,449.33,479.81,432.13,463.15,145499062
2019-04-23,434.57,465.04,427.1,446.93,139238958
2019-04-24,416.07,426.89,411.6,424.95,196180590
2019-04-25,453.9,475.48,445.18,462.38,265044136
2019-04-26,448.59,450.51,448.36,448.93,118772050
2019-04-27,480.57,482.21,460.04,481.85,161513684
2019-04-28,477.83,492.96,469.82,484.38,123300727
2019-04-29,499.04,499.69,497.27,499.07,154725738
2019-04-30,509.65,518.21,504.11,507.25,120886141
2019-05-01,513.55,513.88,513.37,513.38,98802817
2019-05-02,500.95,515.93,462.43,511.24,142878568
2019-05-03,553.43,556.57,520.93,532.61,211351594
2019-05-04,558.77,595.84,527.12,552.95,177570317
2019-05-05,515.33,518.63,512.01,517.67,178149735
2019-05-06,492.13,519.05,488.68,517.5,148659529
2019-05-07,525.07,530.81,519.19,529.9,113922265
2019-05-08,529.58,532.62,521.12,524.62,122027857
2019-05-09,502.81,516.89,500.94,515.66,125068064
2019-05-10,507.01,515.27,495.34,504.14,137571034
2019-05-11,500.65,517.14,489.18,512.2,85635353
2019-05-12,525.9,537.95,518.86,531.56,174486746
2019-05-13,538.47,541.18,530.73,537.67,109475143
2019-05-14,541.73,553.16,531.91,544.93,63760970
2019-05-15,534.01,549.04,526.02,544.08,77569001
2019-05-16,551.82,583.48,544.66,571.76,119489740
2019-05-17,582.47,586.53,581.68,581.72,114695793
2019-05-18,571.71,585.44,560.8,564.68,77119350
2019-05-19,581.12,582.01,554.81,579.36,110850966
2019-05-20,605.33,610.73,566.31,586.73,66771167
2019-05-21,588.25,604.68,559.11,579.6,68451018
2019-05-22,585.07,591.48,584.97,588.86,104480623
2019-05-23,585.19,603.52,577.15,578.33,93641099
2019-05-24,556.77,563.5,553.74,556.81,144639578
2019-05-25,546.67,558.67,545.01,547.35,78952451
2019-05-26,544.04,544.66,524.8,534.46,168158527
2019-05-27,543.3,550.97,530.32,535.6,147023346
2019-05-28,529.55,541.55,506.42,534.76,114179823
2019-05-29,539.29,540.94,531.57,538.98,120250181
2019-05-30,544.68,553.25,540.99,543.31,103555894
2019-05-31,550.42,550.46,530.49,540.65,143401588
2019-06-01,524.19,557.66,515.24,548.89,58797874
2019-06-02,562.62,582.48,506.11,540.61,119047355
2019-06-03,535.45,549.63,524.0,542.77,148050909
2019-06-04,544.29,550.82,531.21,535.46,157863901
2019-06-05,543.74,553.09,542.83,551.51,168919719
2019-06-06,520.49,547.46,510.26,536.53,84597862
2019-06-07,540.47,540.91,508.09,526.69,169192986
2019-06-08,518.78,539.68,518.23,535.25,150363725
2019-06-09,526.64,528.07,524.45,526.53,101315536
2019-06-10,537.38,537.43,534.43,535.34,151667071
2019-06-11,521.03,554.98,520.66,542.06,143425697
2019-06-12,553.68,563.84,541.95,552.05,145161961
2019-06-13,565.11,572.89,543.81,551.33,66977984
2019-06-14,572.81,579.55,568.33,569.33,87463925
2019-06-15,595.5,603.84,595.28,600.27,216942111
2019-06-16,601.01,617.52,561.5,616.68,147105388
2019-06-17,601.02,625.1,593.85,602.09,173097552
2019-06-18,616.6,628.87,591.03,599.67,72224871
2019-06-19,598.26,617.0,571.67,589.65,76883712
2019-06-20,558.94,564.55,548.26,556.61,130525940
2019-06-21,525.57,545.68,518.44,537.8,198166386
2019-06-22,578.94,581.19,560.1,570.17,215742028
2019-06-23,597.96,599.72,596.23,596.92,126442991
2019-06-24,598.72,613.36,593.81,610.23,132802556
2019-06-25,637.68,655.66,612.1,629.62,176534217
2019-06-26,608.04,639.98,581.46,620.0,136824397
2019-06-27,598.91,601.92,594.56,600.78,174999006
2019-06-28,587.18,621.72,586.52,594.93,107132075
2019-06-29,593.56,620.44,581.49,595.01,108509208
2019-06-30,627.1,635.09,611.58,626.39,124496900
2019-07-01,652.42,661.55,627.19,634.87,98246545
2019-07-02,649.41,658.5,638.86,648.71,106561939
2019-07-03,635.29,663.27,629.29,648.61,123920311
2019-07-04,614.48,625.91,604.59,623.29,79412623
2019-07-05,622.18,662.69,614.01,634.43,169065829
2019-07-06,634.47,637.58,610.82,618.89,85012041
2019-07-07,570.05,636.92,563.48,599.64,124082555
2019-07-08,603.59,612.36,599.37,606.0,135935615
2019-07-09,567.47,568.28,542.19,564.62,177021355
2019-07-10,587.1,590.16,577.64,585.34,74324779
2019-07-11,567.29,596.76,544.61,584.72,83343442
2019-07-12,612.79,624.63,599.89,604.57,107501719
2019-07-13,634.8,643.62,600.11,610.64,101920980
2019-07-14,556.24,597.65,548.04,582.91,76116580
2019-07-15,622.77,635.44,604.8,631.43,141807343
2019-07-16,638.31,642.13,628.11,631.85,79277554
2019-07-17,606.02,632.15,605.43,624.51,84310598
2019-07-18,633.12,648.03,621.46,639.36,137211728
2019-07-19,589.01,590.26,581.77,588.96,126673394
2019-07-20,597.97,612.42,597.67,599.31,154044654
2019-07-21,580.6,584.87,571.97,579.44,175159406
2019-07-22,566.36,567.37,560.48,563.38,140442031
2019-07-23,575.63,577.05,553.7,560.94,116007321
2019-07-24,559.81,605.75,533.99,562.26,123707248
2019-07-25,558.45,574.96,556.87,570.8,69601438
2019-07-26,553.59,568.66,511.98,541.94,81859458
2019-07-27,563.08,566.51,552.87,553.24,171524479
2019-07-28,583.38,591.16,562.9,568.12,93463488
2019-07-29,572.75,577.12,562.56,567.98,61146854
2019-07-30,562.38,576.77,546.96,567.3,70347387
2019-07-31,585.75,587.09,575.04,576.81,59390480
2019-08-01,567.52,598.79,534.96,569.04,85031337
2019-08-02,588.49,607.88,566.24,576.31,130465729
2019-08-03,559.01,572.48,544.81,553.56,101945284
2019-08-04,568.74,569.92,546.36,556.42,154359237
2019-08-05,570.48,571.65,562.96,569.33,178966449
2019-08-06,542.05,548.64,537.8,547.69,107961916
2019-08-07,531.38,532.99,526.3,528.81,154347389
2019-08-08,575.66,579.62,548.3,551.72,175533357
2019-08-09,522.97,530.93,507.65,514.71,190832038
2019-08-10,513.24,554.7,503.16,526.44,154366948
2019-08-11,529.64,532.12,518.59,527.98,149447170
2019-08-12,546.45,563.68,534.18,540.0,75344588
2019-08-13,537.4,537.93,533.32,536.74,153791678
2019-08-14,531.98,560.04,528.39,544.38,167890279
2019-08-15,567.01,568.77,553.66,564.06,100602520
2019-08-16,550.34,569.36,541.42,563.21,102118930
2019-08-17,555.9,561.43,535.81,549.92,86718773
2019-08-18,569.8,574.11,548.85,552.48,133303770
2019-08-19,563.99,564.75,559.91,560.51,66137319
2019-08-20,588.36,588.69,580.7,588.03,189507326
2019-08-21,580.1,587.0,559.89,576.32,174316856
2019-08-22,578.08,578.69,573.58,577.2,95675504
2019-08-23,581.1,589.94,578.91,588.93,94326917
2019-08-24,591.37,593.48,575.44,587.63,140646541
2019-08-25,590.23,593.29,589.32,590.72,71910227
2019-08-26,604.47,611.73,557.4,598.82,92915217
2019-08-27,625.55,629.79,596.04,629.28,137898450
2019-08-28,649.91,652.59,648.51,651.9,109772984
2019-08-29,636.57,723.88,620.11,664.13,106210212
2019-08-30,684.4,688.12,645.43,649.94,175403345
2019-08-31,646.59,655.88,635.65,654.4,122694495
2019-09-01,655.48,670.68,623.55,645.01,156557693
2019-09-02,666.15,674.18,647.67,647.79,115084661
2019-09-03,663.11,723.38,646.8,660.93,69004047
2019-09-04,676.38,686.76,675.29,683.09,170364857
2019-09-05,702.85,730.39,699.68,715.78,89904109
2019-09-06,710.3,712.9,706.56,709.56,59060382
2019-09-07,675.87,692.9,654.44,691.63,117326256
2019-09-08,705.34,723.89,673.27,678.32,129350277
2019-09-09,657.6,669.73,651.8,658.3,95459141
2019-09-10,676.98,688.66,675.78,681.52,163532324
2019-09-11,681.66,695.94,643.78,660.74,103467626
2019-09-12,661.09,666.69,652.52,664.96,148116629
2019-09-13,662.42,667.9,641.73,648.83,186547564
2019-09-14,675.81,692.45,665.16,688.64,135006459
2019-09-15,700.97,720.72,671.57,687.26,74858378
2019-09-16,696.11,697.58,695.19,695.36,97337557
2019-09-17,767.13,768.61,717.59,759.3,215785241
2019-09-18,771.75,792.24,768.08,780.48,176975534
2019-09-19,764.64,791.26,745.2,764.18,115066071
2019-09-20,749.77,760.06,746.41,746.53,135823006
2019-09-21,807.94,825.13,791.74,800.05,217955409
2019-09-22,801.7,807.08,783.91,789.87,143873635
2019-09-23,780.15,784.55,762.94,773.95,139768362
2019-09-24,811.07,816.66,796.95,799.25,176323429
2019-09-25,796.7,799.19,777.85,788.19,88043716
2019-09-26,808.32,808.48,805.94,806.12,81279337
2019-09-27,790.22,829.11,786.57,818.2,127434564
2019-09-28,793.15,810.18,787.94,802.42,95407105
2019-09-29,828.18,828.55,791.72,820.85,166164477
2019-09-30,754.51,764.65,746.47,747.62,127024290
2019-10-01,764.9,767.01,764.03,766.74,123403794
2019-10-02,774.3,790.99,762.69,776.79,137309370
2019-10-03,776.82,800.91,776.38,781.86,120667452
2019-10-04,722.45,751.06,708.39,747.58,195591855
2019-10-05,744.19,754.39,719.75,724.35,128613410
2019-10-06,707.24,726.37,690.4,715.73,106897775
2019-10-07,702.94,720.96,692.71,713.46,63492280
2019-10-08,699.68,711.21,679.13,704.23,109346492
2019-10-09,696.88,729.0,689.97,695.23,76289964
2019-10-10,672.76,699.98,650.92,665.5,210114448
2019-10-11,655.13,679.86,650.21,662.21,130518396
2019-10-12,641.45,646.53,638.33,638.39,89888897
2019-10-13,649.76,653.59,648.68,651.02,173667370
2019-10-14,643.81,646.8,642.97,646.77,157982252
2019-10-15,682.47,685.86,656.24,676.51,206441768
2019-10-16,697.43,704.4,684.96,685.8,157281972
2019-10-17,665.73,686.19,658.1,680.27,157387921
2019-10-18,701.71,711.69,683.05,696.92,66631319
2019-10-19,719.29,750.81,715.65,719.1,94840909
2019-10-20,766.76,785.82,746.81,768.19,169968100
2019-10-21,764.8,766.16,748.85,765.62,97360330
2019-10-22,746.98,778.89,731.96,763.66,141877867
2019-10-23,767.06,813.61,747.71,766.81,112733767
2019-10-24,717.64,766.42,701.74,720.25,206829495
2019-10-25,686.47,695.75,682.91,694.22,128483499
2019-10-26,642.95,668.96,631.76,659.19,210282779
2019-10-27,665.2,677.7,657.57,666.93,155251121
2019-10-28,674.21,697.09,659.0,684.81,182060302
2019-10-29,771.5,775.68,705.58,725.93,103966027
2019-10-30,733.22,739.7,724.37,732.99,78308008
2019-10-31,689.49,764.35,674.11,697.36,190261676
2019-11-01,705.87,706.59,691.28,693.77,135964068
2019-11-02,685.73,708.03,684.31,693.0,136540748
2019-11-03,672.26,679.97,667.11,676.74,150030896
2019-11-04,638.98,669.9,638.07,648.38,176614069
2019-11-05,631.0,645.48,625.2,644.5,56244550
2019-11-06,664.15,668.03,650.2,659.85,174347758
2019-11-07,665.03,675.6,643.86,654.21,104035922
2019-11-08,654.45,661.1,649.2,659.52,124251634
2019-11-09,664.9,665.71,651.97,653.7,122422513
2019-11-10,657.27,664.92,622.82,643.22,119413085
2019-11-11,575.07,646.86,565.8,607.19,202753749
2019-11-12,629.23,685.83,587.41,618.7,97017060
2019-11-13,622.3,622.52,612.63,614.82,77956040
2019-11-14,616.94,627.5,607.65,621.0,131208444
2019-11-15,623.63,652.29,616.46,640.91,156422873
2019-11-16,646.91,647.36,646.59,647.23,90641709
2019-11-17,620.57,621.61,614.73,616.41,156900914
2019-11-18,577.64,600.32,566.01,587.64,162315747
2019-11-19,603.34,604.0,596.71,597.83,87696132
2019-11-20,582.2,601.66,549.8,595.93,128467440
2019-11-21,591.9,597.66,588.16,597.0,57396826
2019-11-22,601.19,601.55,555.67,590.86,99318290
2019-11-23,601.08,616.58,587.64,605.95,115960961
2019-11-24,599.12,599.31,591.82,597.15,165782079
2019-11-25,573.22,582.44,566.96,570.62,187871166
2019-11-26,530.19,560.55,526.44,554.09,179699184
2019-11-27,578.91,581.57,572.06,573.23,134750091
2019-11-28,575.78,592.16,556.22,574.67,136746236
2019-11-29,579.87,591.92,577.92,578.24,100642794
2019-11-30,610.07,628.54,601.52,615.75,168023467
2019-12-01,629.6,655.22,595.98,626.35,90419808
2019-12-02,596.29,621.59,591.47,609.46,120580119
2019-12-03,597.04,616.09,592.19,592.66,135496682
2019-12-04,565.74,577.02,558.94,575.19,136502113
2019-12-05,582.62,594.62,564.0,578.07,114689145
2019-12-06,608.96,619.27,582.69,585.24,154205694
2019-12-07,591.25,605.94,576.78,591.02,157352317
2019-12-08,583.71,593.92,582.11,584.97,154412006
2019-12-09,588.65,592.29,562.26,589.62,148995485
2019-12-10,588.82,615.84,556.12,595.06,76507133
2019-12-11,599.2,614.04,584.21,601.03,55411443
2019-12-12,603.52,610.14,597.88,607.37,128669457
2019-12-13,621.74,628.98,617.4,621.9,72412866
2019-12-14,643.15,646.5,622.7,629.73,132377321
2019-12-15,653.56,661.76,623.02,649.45,90758280
2019-12-16,619.17,706.58,608.06,654.33,55329688
2019-12-17,639.03,651.75,612.41,631.24,193351241
2019-12-18,656.87,663.34,619.29,640.77,170878774
2019-12-19,640.14,663.84,639.67,640.02,97927101
2019-12-20,614.91,626.57,607.58,611.28,154372079
2019-12-21,563.26,574.25,560.43,567.87,235582343
2019-12-22,545.08,565.11,530.74,562.38,125252325
2019-12-23,573.99,596.68,566.51,576.94,80687940
2019-12-24,599.4,616.16,586.22,597.55,105798851
2019-12-25,598.79,628.46,575.56,596.25,134092778
2019-12-26,616.96,625.17,613.77,623.5,95762150
2019-12-27,675.84,678.22,649.2,663.37,111614336
2019-12-28,702.09,741.03,663.09,682.1,138332212
2019-12-29,660.62,666.31,659.38,666.24,160597097
