Date,Open,High,Low,Close,Volume
2010-01-01,80.84,81.11,80.32,80.47,95993085
2010-01-02,81.4,81.58,80.98,81.08,117224373
2010-01-03,80.06,80.85,79.38,79.73,64970782
2010-01-04,80.0,80.94,79.56,80.26,104625954
2010-01-05,78.6,79.39,77.66,79.02,135376580
2010-01-06,77.66,78.05,77.59,77.94,122657872
2010-01-07,78.03,78.5,77.95,78.09,144770184
2010-01-08,77.43,79.76,76.59,78.59,146183467
2010-01-09,77.36,78.3,76.87,77.7,143022910
2010-01-10,78.78,78.93,77.69,78.88,169673042
2010-01-11,79.18,79.41,78.78,78.97,51070620
2010-01-12,79.58,79.71,79.1,79.47,121376842
2010-01-13,79.3,81.67,79.0,80.45,95819114
2010-01-14,79.3,79.73,79.06,79.32,120061207
2010-01-15,77.64,78.28,77.22,78.26,70607344
2010-01-16,78.32,78.56,78.2,78.24,66866339
2010-01-17,77.23,78.13,76.57,77.88,69260805
2010-01-18,77.73,78.7,77.3,77.59,76339070
2010-01-19,77.76,78.51,76.51,77.62,143948843
2010-01-20,77.35,78.73,76.49,77.48,102146731
2010-01-21,78.18,78.4,77.07,77.39,111740040
2010-01-22,76.56,77.37,76.13,77.05,131572250
2010-01-23,78.01,78.5,77.79,78.12,77954302
2010-01-24,77.25,77.83,76.6,77.28,147460725
2010-01-25,77.83,78.09,77.32,77.82,152837433
2010-01-26,78.91,79.6,78.75,79.29,123051133
2010-01-27,78.03,78.98,77.94,78.98,97003771
2010-01-28,79.55,79.77,79.47,79.66,62705004
2010-01-29,81.01,81.04,80.29,80.44,62347868
2010-01-30,80.54,81.12,80.16,80.66,136254120
2010-01-31,77.97,78.6,77.12,78.06,82485744
2010-02-01,78.54,79.25,78.49,78.55,72520050
2010-02-02,78.54,78.62,78.3,78.58,143178999
2010-02-03,79.49,79.52,77.34,78.76,117126617
2010-02-04,79.07,79.59,78.65,79.05,120748521
2010-02-05,77.67,78.3,76.66,77.83,58185439
2010-02-06,78.02,79.11,76.66,78.76,90570205
2010-02-07,78.84,79.95,78.27,78.86,108671575
2010-02-08,79.03,79.18,78.62,78.78,115714568
2010-02-09,78.44,79.13,78.34,78.55,113025847
2010-02-10,78.33,78.42,77.57,78.3,115021628
2010-02-11,78.65,80.18,78.33,79.09,113933423
2010-02-12,78.36,80.03,78.32,79.27,66307612
2010-02-13,80.09,80.6,78.54,80.4,132311270
2010-02-14,79.06,79.96,79.06,79.27,116858349
2010-02-15,78.36,78.37,78.14,78.14,79565014
2010-02-16,79.08,79.73,78.08,78.41,85460643
2010-02-17,78.34,78.45,77.41,77.68,163448204
2010-02-18,76.39,76.73,75.98,76.67,142322648
2010-02-19,78.41,78.85,78.22,78.46,126013364
2010-02-20,77.41,78.0,77.26,77.31,62741850
2010-02-21,77.84,78.46,77.5,77.85,75976505
2010-02-22,78.03,78.2,76.81,77.23,66009083
2010-02-23,76.84,76.9,76.76,76.77,154544440
2010-02-24,76.29,77.9,75.61,77.43,115408068
2010-02-25,77.47,77.75,77.02,77.65,127118501
2010-02-26,79.38,79.48,77.52,78.91,126830481
2010-02-27,80.18,80.59,77.81,80.25,64969773
2010-02-28,80.06,81.98,79.66,80.67,57268055
2010-03-01,81.54,82.05,81.21,81.73,79568733
2010-03-02,81.89,82.31,81.79,81.82,134652610
2010-03-03,82.83,83.27,82.59,82.84,98954623
2010-03-04,83.94,84.05,83.5,83.65,66158476
2010-03-05,83.06,83.55,82.84,83.35,94610273
2010-03-06,83.39,85.56,82.59,83.68,83256625
2010-03-07,84.17,84.19,82.97,83.69,80172444
2010-03-08,84.73,85.65,82.58,85.4,124905610
2010-03-09,87.53,87.65,86.18,86.74,152858088
2010-03-10,85.61,85.89,84.42,85.2,136596709
2010-03-11,84.23,85.18,84.14,84.64,61294015
2010-03-12,84.89,84.94,84.88,84.93,122510084
2010-03-13,84.92,85.18,84.8,84.89,102168940
2010-03-14,84.6,84.95,83.77,84.15,107425936
2010-03-15,84.28,84.77,82.29,83.65,135232684
2010-03-16,84.65,85.84,84.31,84.88,68438021
2010-03-17,83.34,84.06,83.02,83.59,70740943
2010-03-18,85.49,85.81,85.25,85.65,139160819
2010-03-19,87.78,87.9,86.7,86.82,167125090
2010-03-20,87.94,88.06,87.15,87.26,69628888
2010-03-21,87.74,88.19,86.96,87.34,100339977
2010-03-22,86.25,86.72,86.25,86.47,70803180
2010-03-23,86.89,87.01,85.82,86.5,145145835
2010-03-24,86.35,86.36,86.14,86.28,70241711
2010-03-25,86.27,86.54,84.64,86.51,139127787
2010-03-26,86.99,87.64,85.54,86.83,147090262
2010-03-27,87.16,87.34,87.02,87.3,152986470
2010-03-28,87.35,87.52,86.74,87.31,56902279
2010-03-29,85.46,85.83,85.04,85.28,179909289
2010-03-30,86.55,86.84,85.23,85.69,94833492
2010-03-31,85.99,86.02,85.16,85.42,53734529
2010-04-01,84.27,84.39,84.15,84.22,88583479
2010-04-02,82.84,83.2,82.56,83.16,63888451
2010-04-03,81.87,84.96,81.31,83.44,97097379
2010-04-04,83.83,85.78,83.6,84.7,144529560
2010-04-05,87.1,87.3,87.09,87.18,120267487
2010-04-06,87.79,87.95,86.68,87.52,84583583
2010-04-07,85.87,86.83,84.89,86.66,150954506
2010-04-08,86.89,87.31,85.82,86.45,87148531
2010-04-09,85.3,87.28,85.21,86.66,125907832
2010-04-10,86.71,87.63,85.77,87.43,54612132
2010-04-11,87.39,88.05,86.0,87.34,92101290
2010-04-12,86.99,87.26,86.54,87.06,131066568
2010-04-13,86.29,87.08,86.11,86.18,106635503
2010-04-14,86.95,88.89,84.67,86.08,109539903
2010-04-15,86.22,86.68,85.1,85.72,94691389
2010-04-16,85.17,86.1,84.07,84.54,66528398
2010-04-17,83.89,84.83,83.42,84.1,101957173
2010-04-18,84.58,85.09,83.97,84.04,108194841
2010-04-19,83.51,85.43,81.85,84.66,89143408
2010-04-20,85.69,86.19,84.52,85.45,157474353
2010-04-21,84.5,84.82,84.31,84.61,69472356
2010-04-22,83.75,83.87,83.32,83.33,109815447
2010-04-23,84.63,84.89,84.23,84.46,84900199
2010-04-24,84.44,86.01,84.41,84.92,100794562
2010-04-25,83.84,84.35,83.42,83.48,71586449
2010-04-26,85.0,85.73,82.64,83.85,125844730
2010-04-27,82.39,83.18,81.83,82.38,94095871
2010-04-28,82.18,82.3,80.52,82.27,103009131
2010-04-29,83.29,83.42,81.55,82.24,94686946
2010-04-30,81.35,82.85,81.14,82.12,113821047
2010-05-01,82.15,82.6,81.66,82.03,88765974
2010-05-02,84.07,86.05,83.44,83.63,123717354
2010-05-03,83.94,85.0,83.26,83.9,83230374
2010-05-04,83.56,84.08,83.2,83.86,101182584
2010-05-05,84.22,84.96,83.27,83.5,76145327
2010-05-06,83.45,83.7,83.04,83.4,149368924
2010-05-07,83.05,83.08,81.49,82.51,80070673
2010-05-08,82.39,83.74,82.08,83.08,117640981
2010-05-09,84.15,84.19,83.62,84.15,59414990
2010-05-10,83.94,84.01,82.61,83.13,142131159
2010-05-11,81.86,82.16,81.6,81.98,156478587
2010-05-12,80.44,81.97,80.21,81.8,56774141
2010-05-13,81.99,82.55,81.93,82.03,153987799
2010-05-14,82.67,83.18,81.94,82.24,70560186
2010-05-15,82.38,82.49,81.48,82.31,106633318
2010-05-16,84.06,84.16,82.34,83.08,124599815
2010-05-17,84.62,85.57,83.91,84.36,140999465
2010-05-18,84.08,86.39,83.48,84.31,56580726
2010-05-19,84.85,84.88,84.01,84.11,147971915
2010-05-20,82.97,85.02,82.6,84.07,77295507
2010-05-21,82.84,83.31,82.78,83.21,81799499
2010-05-22,83.72,84.63,83.2,84.21,123039584
2010-05-23,83.72,86.24,83.63,85.5,144592739
2010-05-24,83.59,84.32,83.51,84.16,102343340
2010-05-25,85.06,85.47,84.31,84.55,74265122
2010-05-26,83.98,84.81,83.76,84.54,97254384
2010-05-27,85.41,85.58,85.21,85.46,89847184
2010-05-28,84.52,85.25,83.83,83.84,178356549
2010-05-29,82.43,84.95,82.06,83.77,102263377
2010-05-30,83.51,84.7,83.02,83.47,75265281
2010-05-31,81.86,82.95,81.54,81.92,128655831
2010-06-01,82.0,82.72,81.69,82.65,139017407
2010-06-02,83.11,83.49,82.93,83.15,63238491
2010-06-03,84.57,84.74,81.71,83.67,142307024
2010-06-04,82.91,83.69,82.74,83.12,83783098
2010-06-05,84.09,84.38,82.95,83.64,139296071
2010-06-06,83.28,83.94,82.22,83.54,91579480
2010-06-07,83.35,84.29,82.14,83.45,98347425
2010-06-08,83.22,83.35,82.89,83.05,97340220
2010-06-09,82.11,82.33,82.02,82.27,149421153
2010-06-10,82.66,82.74,82.29,82.33,59442359
2010-06-11,84.12,85.1,83.85,83.86,132945492
2010-06-12,85.98,86.1,84.36,84.6,84849320
2010-06-13,85.32,86.14,85.29,86.02,170447067
2010-06-14,87.41,88.01,85.67,87.31,95712272
2010-06-15,87.19,87.33,86.46,87.26,130689923
2010-06-16,87.25,88.62,86.94,88.58,142630945
2010-06-17,88.47,88.49,88.26,88.38,112599277
2010-06-18,87.08,88.01,86.46,87.25,165041632
2010-06-19,87.46,88.72,86.66,87.3,149297833
2010-06-20,87.18,87.69,86.98,87.19,132061252
2010-06-21,88.09,89.15,87.73,87.83,101192686
2010-06-22,89.46,89.61,88.68,89.56,108319745
2010-06-23,92.44,92.48,87.97,88.99,72853687
2010-06-24,89.13,89.98,86.88,88.72,90580710
2010-06-25,88.38,90.2,88.26,89.17,94761485
2010-06-26,89.39,90.52,88.71,90.16,104061184
2010-06-27,89.29,89.96,88.93,89.29,87997059
2010-06-28,90.61,91.22,90.47,90.76,158169647
2010-06-29,89.19,90.47,88.97,90.21,147308418
2010-06-30,90.68,90.8,90.23,90.5,101599726
2010-07-01,87.96,88.64,86.52,87.85,93946908
2010-07-02,86.74,87.06,84.77,86.32,105007464
2010-07-03,86.43,86.6,85.74,86.18,61106963
2010-07-04,84.56,85.12,83.6,84.68,161494527
2010-07-05,83.29,83.87,82.33,82.79,99508500
2010-07-06,82.82,83.41,82.67,82.71,90308690
2010-07-07,83.65,83.81,83.65,83.74,119835936
2010-07-08,86.22,86.66,83.14,83.87,128171553
2010-07-09,84.92,85.11,83.13,83.16,108180212
2010-07-10,85.93,86.45,82.81,84.25,159956495
2010-07-11,84.94,85.07,83.63,83.96,67017801
2010-07-12,84.74,85.5,83.43,84.3,55114543
2010-07-13,83.09,83.87,82.96,83.26,57016326
2010-07-14,82.14,83.73,81.88,82.3,68257340
2010-07-15,81.96,82.12,81.92,82.09,68039304
2010-07-16,81.62,81.79,80.85,81.14,113708225
2010-07-17,82.05,83.71,81.64,82.1,88047158
2010-07-18,81.27,81.33,81.22,81.24,95039882
2010-07-19,81.72,82.32,80.94,81.61,141092440
2010-07-20,83.84,84.45,82.73,83.29,108477434
2010-07-21,83.16,83.67,82.36,83.13,137886012
2010-07-22,82.62,82.82,82.33,82.7,81381310
2010-07-23,80.71,81.1,80.08,81.09,118355001
2010-07-24,82.34,82.85,81.94,82.05,159454109
2010-07-25,82.22,85.03,81.13,82.33,143999745
2010-07-26,82.65,82.74,82.61,82.72,83745388
2010-07-27,84.09,85.77,83.66,83.83,105903481
2010-07-28,83.36,86.02,81.55,85.22,159384872
2010-07-29,85.96,86.09,85.3,85.79,80561427
2010-07-30,84.76,85.63,84.65,84.92,85603739
2010-07-31,84.83,85.67,84.55,84.87,113058163
2010-08-01,83.46,84.31,82.86,83.69,134100052
2010-08-02,82.54,83.47,81.93,83.02,61155509
2010-08-03,83.83,84.38,83.78,84.05,133591802
2010-08-04,85.28,85.42,84.84,85.08,112624671
2010-08-05,83.44,85.05,83.09,84.05,130434199
2010-08-06,82.78,83.03,82.65,82.73,170524553
2010-08-07,84.09,84.13,83.19,83.95,124579463
2010-08-08,84.24,84.34,83.98,84.08,62686497
2010-08-09,85.8,85.97,83.85,84.26,124075172
2010-08-10,85.27,85.74,85.09,85.47,58017831
2010-08-11,86.36,87.19,85.55,86.28,158919704
2010-08-12,87.04,89.09,86.93,87.96,145548406
2010-08-13,86.36,87.64,86.16,87.42,89050666
2010-08-14,90.98,91.09,88.85,89.3,133218837
2010-08-15,91.23,91.31,91.19,91.21,156255861
2010-08-16,91.12,92.08,89.55,91.21,139976515
2010-08-17,90.01,90.89,89.94,90.8,102228133
2010-08-18,90.06,90.83,90.03,90.06,128774465
2010-08-19,90.38,91.09,89.35,90.62,55567083
2010-08-20,89.28,91.12,89.18,90.47,104448762
2010-08-21,89.18,91.89,89.07,90.31,149293332
2010-08-22,90.37,90.78,88.27,89.78,71440032
2010-08-23,90.46,92.3,89.76,90.27,108863576
2010-08-24,89.82,90.85,86.64,89.51,63206295
2010-08-25,91.4,91.44,90.77,91.08,100717727
2010-08-26,90.44,91.66,90.38,91.08,149991338
2010-08-27,91.27,92.15,90.7,91.38,125306850
2010-08-28,93.11,93.66,92.01,92.8,142715889
2010-08-29,93.66,97.27,91.76,94.5,94984819
2010-08-30,94.67,96.28,94.23,95.35,73533730
2010-08-31,95.64,97.08,94.4,95.93,115194631
2010-09-01,95.12,95.33,93.87,94.78,152434009
2010-09-02,96.49,96.83,95.67,96.19,133714746
2010-09-03,95.38,95.47,94.47,94.5,64283585
2010-09-04,93.19,93.85,92.41,92.97,144793395
2010-09-05,90.86,91.03,90.28,90.96,87565135
2010-09-06,92.26,92.68,90.17,90.74,150575521
2010-09-07,90.67,91.39,89.93,90.95,98142708
2010-09-08,91.52,91.86,89.97,90.8,70865292
2010-09-09,90.88,91.64,89.97,90.87,115778223
2010-09-10,90.16,91.87,89.88,90.85,144726798
2010-09-11,88.36,88.91,87.52,88.54,87065473
2010-09-12,87.99,88.18,87.77,88.16,90713838
2010-09-13,88.24,88.73,88.05,88.15,113449178
2010-09-14,88.35,88.44,86.85,87.44,57336257
2010-09-15,87.07,87.25,86.82,86.95,108971208
2010-09-16,87.32,87.97,87.14,87.21,137000004
2010-09-17,87.99,90.41,86.7,88.03,70189488
2010-09-18,85.86,86.5,85.79,86.2,109939971
2010-09-19,85.78,87.28,85.06,85.61,88746314
2010-09-20,85.41,85.55,84.21,85.25,74808641
2010-09-21,82.89,83.34,82.82,83.3,158244543
2010-09-22,83.41,84.04,82.32,82.94,77920673
2010-09-23,83.59,85.9,82.89,83.48,126743064
2010-09-24,83.9,84.45,83.71,84.03,116798176
2010-09-25,83.27,84.65,82.66,83.98,71111763
2010-09-26,83.69,84.55,83.62,84.0,149859722
2010-09-27,85.17,86.64,84.61,85.48,168238206
2010-09-28,85.99,86.7,85.72,86.26,112828753
2010-09-29,86.1,86.3,86.01,86.27,104325155
2010-09-30,85.99,87.31,85.57,86.38,149999693
2010-10-01,85.27,86.05,84.5,85.35,118843480
2010-10-02,85.1,86.95,84.26,85.4,143481659
2010-10-03,86.65,87.07,83.63,84.86,53794386
2010-10-04,84.55,85.87,84.05,85.84,102611321
2010-10-05,84.57,85.2,83.84,84.51,112356882
2010-10-06,83.76,83.77,82.99,83.55,63746759
2010-10-07,83.7,84.11,81.43,83.61,128222083
2010-10-08,84.7,85.94,84.19,84.39,138976199
2010-10-09,85.2,85.44,84.86,85.06,157902001
2010-10-10,83.02,85.32,82.4,83.98,109963642
2010-10-11,83.85,84.46,82.88,83.71,72038128
2010-10-12,81.33,82.83,81.25,82.21,138461762
2010-10-13,83.38,83.52,82.16,82.31,89698422
2010-10-14,81.56,82.48,80.94,81.92,89785351
2010-10-15,80.82,81.26,80.64,80.85,160105475
2010-10-16,79.84,81.69,79.61,80.21,124510701
2010-10-17,80.51,80.79,80.26,80.57,128308463
2010-10-18,80.85,81.98,80.58,80.81,86893334
2010-10-19,79.5,81.38,79.21,80.63,80395913
2010-10-20,80.32,81.15,79.88,80.25,54005669
2010-10-21,80.21,81.09,79.96,80.85,136772685
2010-10-22,81.02,81.15,80.48,81.0,79693972
2010-10-23,79.21,80.41,79.07,79.92,109177738
2010-10-24,81.52,81.71,81.38,81.45,160434168
2010-10-25,81.84,82.92,81.53,81.68,147042101
2010-10-26,83.08,83.37,82.34,82.69,156728110
2010-10-27,84.06,84.37,83.9,84.31,155718847
2010-10-28,83.99,85.04,83.25,83.45,132684218
2010-10-29,83.25,83.63,83.24,83.47,52691708
2010-10-30,82.92,83.55,82.1,83.01,158113076
2010-10-31,83.11,83.94,82.69,83.24,90731282
2010-11-01,83.05,84.76,80.55,82.54,118587714
2010-11-02,82.38,84.28,81.47,82.87,116582516
2010-11-03,83.94,84.34,81.37,83.32,77576093
2010-11-04,82.74,82.86,81.62,82.55,63816418
2010-11-05,83.02,83.41,80.93,81.74,122791065
2010-11-06,82.31,82.41,81.43,81.67,149123118
2010-11-07,82.0,82.38,81.66,81.7,60973584
2010-11-08,80.75,83.49,80.13,82.23,94380506
2010-11-09,81.93,81.97,81.3,81.78,140761670
2010-11-10,85.53,85.6,83.35,84.27,117729903
2010-11-11,84.38,85.11,84.31,84.64,94962061
2010-11-12,85.53,86.12,84.46,85.8,60261829
2010-11-13,85.22,85.53,84.61,85.11,112559513
2010-11-14,86.7,87.94,85.57,85.8,75211091
2010-11-15,85.34,85.89,84.69,85.45,150373148
2010-11-16,86.21,87.23,85.57,86.1,123313208
2010-11-17,86.07,86.53,85.06,85.67,152373336
2010-11-18,85.49,86.6,84.97,86.3,94335917
2010-11-19,86.07,87.0,85.63,86.0,112435971
2010-11-20,85.92,86.56,85.36,85.57,118570949
2010-11-21,86.53,87.37,86.32,87.16,175302162
2010-11-22,87.18,88.01,86.98,87.75,113938990
2010-11-23,87.49,88.09,87.4,87.56,140534688
2010-11-24,87.21,87.58,86.76,87.28,93906047
2010-11-25,87.83,89.1,87.23,88.76,157006116
2010-11-26,90.27,90.33,88.18,88.67,113923692
2010-11-27,87.23,88.57,86.93,87.97,144770762
2010-11-28,89.15,89.33,88.06,88.34,67852549
2010-11-29,88.38,88.69,87.99,88.51,54615600
2010-11-30,88.89,89.2,88.61,88.72,139890252
2010-12-01,87.59,88.91,87.54,88.74,109973202
2010-12-02,92.21,92.5,89.51,89.83,149921134
2010-12-03,90.05,90.46,88.99,89.66,99392541
2010-12-04,88.4,91.3,88.33,90.11,78888029
2010-12-05,90.2,92.4,89.69,91.08,69956608
2010-12-06,91.31,91.76,90.68,91.09,113977156
2010-12-07,90.27,91.43,90.19,91.27,61154067
2010-12-08,93.57,94.39,89.93,91.07,123929246
2010-12-09,90.71,91.93,90.66,91.18,115510343
2010-12-10,92.54,92.65,92.18,92.59,168455194
2010-12-11,94.98,95.59,90.75,92.68,120944617
2010-12-12,96.47,96.89,96.15,96.36,170447786
2010-12-13,96.6,96.85,94.74,95.75,101526601
2010-12-14,94.88,95.87,92.84,94.88,118915793
2010-12-15,92.51,93.64,92.48,93.11,86123562
2010-12-16,93.86,94.54,91.51,92.56,135250364
2010-12-17,94.23,94.59,92.12,92.53,62786658
2010-12-18,92.79,93.62,91.4,92.44,117034068
2010-12-19,93.33,93.56,93.25,93.52,136391854
2010-12-20,94.85,95.15,93.02,94.02,81601952
2010-12-21,92.33,92.41,92.33,92.4,121934327
2010-12-22,93.02,93.51,92.24,92.83,110979601
2010-12-23,92.07,93.16,89.45,91.69,88662144
2010-12-24,93.71,94.61,93.13,93.55,91514187
2010-12-25,94.76,96.16,91.75,94.27,134026063
2010-12-26,95.04,96.27,93.95,94.86,127966641
2010-12-27,98.95,99.3,97.15,97.25,176539955
2010-12-28,95.68,97.08,95.39,96.34,102759643
2010-12-29,95.77,96.39,95.68,95.77,73686148
2010-12-30,96.1,96.48,95.55,95.95,75523265
2010-12-31,98.1,99.29,97.37,97.59,165270074
2011-01-01,97.1,97.77,96.93,97.4,87989932
2011-01-02,97.4,98.07,97.06,97.08,152349737
2011-01-03,98.01,99.94,97.83,98.51,138464535
2011-01-04,98.29,100.3,97.94,98.65,111651622
2011-01-05,97.85,99.07,94.54,96.24,147791654
2011-01-06,94.63,94.64,93.95,94.42,167850452
2011-01-07,93.27,93.98,92.79,93.96,137362944
2011-01-08,96.07,97.01,93.27,94.43,79816846
2011-01-09,94.94,95.0,94.07,94.74,108701941
2011-01-10,96.28,96.52,95.65,95.87,98445673
2011-01-11,95.55,98.39,93.61,95.87,112772670
2011-01-12,97.45,98.38,97.01,97.52,150662999
2011-01-13,97.87,97.91,95.54,97.82,139939738
2011-01-14,97.91,97.99,96.17,97.99,125772227
2011-01-15,99.12,99.55,97.86,99.12,152646370
2011-01-16,99.87,100.36,99.63,99.97,135755059
2011-01-17,99.93,99.94,99.77,99.86,89362416
2011-01-18,99.03,101.54,98.83,100.28,53632949
2011-01-19,99.53,100.35,97.98,99.44,76242428
2011-01-20,99.93,99.94,99.57,99.67,53313959
2011-01-21,100.83,100.93,100.15,100.86,73346763
2011-01-22,101.6,102.46,100.44,102.31,167853590
2011-01-23,103.6,104.61,102.61,103.17,153925101
2011-01-24,104.17,104.69,104.08,104.51,160365358
2011-01-25,103.11,104.05,103.02,103.54,127951308
2011-01-26,103.85,104.06,103.16,103.95,65338994
2011-01-27,102.15,103.36,102.08,103.31,94839639
2011-01-28,103.11,103.21,102.14,103.0,111457735
2011-01-29,104.65,105.17,103.44,104.56,76868466
2011-01-30,105.33,105.7,103.78,104.56,120829855
2011-01-31,105.32,105.92,104.56,104.9,125277744
2011-02-01,106.21,106.53,105.44,105.67,152085685
2011-02-02,109.26,110.31,105.75,106.71,122467140
2011-02-03,109.28,109.96,107.17,107.97,77868137
2011-02-04,107.02,109.43,104.91,107.72,131878714
2011-02-05,107.01,109.52,106.85,107.99,128673517
2011-02-06,108.45,108.46,107.71,108.18,61074785
2011-02-07,107.47,109.27,106.86,109.14,99366923
2011-02-08,113.12,113.71,110.13,110.56,165055702
2011-02-09,109.9,110.75,109.04,110.42,142473412
2011-02-10,109.91,110.79,108.33,110.12,117995715
2011-02-11,111.95,113.35,110.47,111.23,75411131
2011-02-12,109.57,110.2,109.23,109.94,76910485
2011-02-13,109.32,110.2,108.46,109.65,153571860
2011-02-14,110.21,111.06,109.61,110.12,130377439
2011-02-15,110.7,111.06,110.33,110.63,129015282
2011-02-16,109.95,113.66,109.79,111.5,144550240
2011-02-17,110.48,111.37,110.4,110.54,81641405
2011-02-18,109.72,109.82,106.57,108.96,100163257
2011-02-19,107.58,108.07,107.28,107.51,120167812
2011-02-20,107.05,108.89,106.72,107.42,98870538
2011-02-21,108.77,108.9,108.7,108.76,117860268
2011-02-22,109.72,109.88,109.03,109.47,140466258
2011-02-23,110.77,110.87,109.16,110.29,141392936
2011-02-24,112.02,113.24,110.65,111.49,155489942
2011-02-25,109.73,111.66,109.14,110.52,154030301
2011-02-26,109.14,111.38,109.09,109.55,152895385
2011-02-27,107.61,109.07,107.56,108.77,101438796
2011-02-28,107.88,107.9,105.03,107.55,82697497
2011-03-01,108.35,109.05,107.98,108.93,95090446
2011-03-02,108.33,108.74,106.48,107.12,74408699
2011-03-03,107.45,108.54,106.05,108.13,103745782
2011-03-04,108.27,108.38,108.16,108.24,103625314
2011-03-05,110.01,111.77,109.67,110.59,136606733
2011-03-06,108.49,109.33,107.05,107.98,154354510
2011-03-07,108.44,108.68,107.67,108.61,70533659
2011-03-08,109.61,111.71,109.4,110.09,65083658
2011-03-09,109.2,109.37,108.78,109.28,86676468
2011-03-10,109.32,109.74,108.53,109.67,75436342
2011-03-11,110.27,110.92,107.78,109.8,137988110
2011-03-12,109.08,110.38,108.33,109.95,61786807
2011-03-13,108.49,109.36,106.42,108.96,68284892
2011-03-14,110.42,110.93,109.6,110.66,161838953
2011-03-15,111.73,113.16,109.78,111.65,95564132
2011-03-16,111.02,112.79,109.06,110.63,112485365
2011-03-17,110.71,111.9,109.16,109.44,79133304
2011-03-18,111.21,112.19,110.8,110.94,83169214
2011-03-19,111.36,112.06,111.26,111.52,89556270
2011-03-20,110.25,110.59,109.17,110.01,149773358
2011-03-21,109.7,110.73,109.19,110.3,104547931
2011-03-22,112.46,112.57,110.03,111.29,106238145
2011-03-23,110.95,110.99,110.19,110.26,67159466
2011-03-24,108.27,109.31,107.71,109.18,158378940
2011-03-25,110.08,110.18,109.5,110.0,72521381
2011-03-26,108.28,109.7,108.23,108.97,103065526
2011-03-27,106.9,110.76,105.23,107.9,72686822
2011-03-28,107.38,108.04,105.96,107.02,80476518
2011-03-29,106.36,107.32,103.71,106.87,143689640
2011-03-30,107.53,107.71,106.36,107.16,99365978
2011-03-31,107.61,110.02,106.52,107.16,141211128
2011-04-01,107.41,107.79,105.83,107.05,102829227
2011-04-02,110.63,111.01,108.73,109.36,151786733
2011-04-03,111.5,112.74,109.83,110.86,76584232
2011-04-04,111.51,112.14,110.85,111.6,144075313
2011-04-05,113.33,114.72,112.43,113.25,154800367
2011-04-06,110.4,110.66,108.97,110.35,112305582
2011-04-07,108.09,109.22,107.61,108.33,168174119
2011-04-08,108.42,110.6,106.48,108.13,139461373
2011-04-09,107.13,109.45,105.57,108.27,108814821
2011-04-10,108.64,110.2,108.09,108.56,100512009
2011-04-11,106.9,107.55,106.11,106.77,141609459
2011-04-12,107.16,108.37,106.71,107.91,116875978
2011-04-13,105.61,106.37,105.24,105.62,147845707
2011-04-14,106.11,106.29,104.31,105.87,112674530
2011-04-15,106.37,106.46,105.71,106.34,138437573
2011-04-16,107.29,108.08,105.41,107.01,55495363
2011-04-17,105.88,105.95,104.36,105.72,116904038
2011-04-18,106.49,107.9,105.75,106.24,107554393
2011-04-19,105.09,107.21,102.2,105.54,63494104
2011-04-20,105.28,105.36,103.93,104.92,146767867
2011-04-21,105.98,106.41,105.6,106.16,115308650
2011-04-22,107.93,108.05,107.09,107.25,122772737
2011-04-23,108.62,109.59,106.25,107.67,122804980
2011-04-24,108.28,108.33,107.78,107.87,85548500
2011-04-25,109.48,110.65,108.49,109.31,91399782
2011-04-26,110.58,110.89,109.06,109.37,82525810
2011-04-27,111.32,111.75,109.77,109.92,115512162
2011-04-28,109.53,112.12,109.38,111.62,89900059
2011-04-29,111.65,112.21,109.2,110.85,157017033
2011-04-30,113.18,114.28,112.89,113.14,74401699
2011-05-01,112.53,112.6,108.74,112.54,59600251
2011-05-02,113.98,114.03,113.85,114.01,58076148
2011-05-03,113.81,114.96,112.44,113.61,57356228
2011-05-04,113.15,113.73,112.43,113.33,151479491
2011-05-05,112.88,113.53,111.38,111.92,63610329
2011-05-06,114.03,115.06,113.84,114.98,112790876
2011-05-07,117.03,119.06,115.95,116.32,160166557
2011-05-08,115.73,117.8,114.86,117.04,93289988
2011-05-09,118.11,118.98,116.85,117.92,109930034
2011-05-10,117.04,118.8,117.04,118.13,109176548
2011-05-11,118.32,119.19,117.39,118.6,64700183
2011-05-12,120.09,120.18,119.59,120.13,143361375
2011-05-13,122.84,123.93,119.25,121.41,88616981
2011-05-14,121.61,123.25,120.07,121.2,86083422
2011-05-15,121.18,121.73,121.0,121.33,99173532
2011-05-16,120.89,121.25,119.33,120.18,138755757
2011-05-17,119.5,120.75,118.8,120.22,97717893
2011-05-18,123.25,123.32,120.41,121.45,118210836
2011-05-19,120.68,123.13,120.4,121.81,114887429
2011-05-20,119.6,123.09,119.37,121.87,148238738
2011-05-21,123.51,126.35,122.41,122.87,68727395
2011-05-22,122.94,123.96,122.27,122.94,150663541
2011-05-23,124.75,125.19,122.81,123.08,126303968
2011-05-24,122.79,124.77,121.12,123.69,107595972
2011-05-25,124.53,124.66,119.12,124.02,57982844
2011-05-26,125.89,127.52,123.44,124.64,97933019
2011-05-27,127.54,128.27,127.21,128.08,98381669
2011-05-28,130.55,131.71,130.24,130.83,163687657
2011-05-29,131.89,131.97,128.25,131.27,118099201
2011-05-30,131.95,132.57,129.34,131.26,63155155
2011-05-31,130.09,130.35,128.99,129.55,136922672
2011-06-01,129.62,129.67,127.48,128.83,113014175
2011-06-02,131.6,133.49,128.21,129.83,143251270
2011-06-03,130.88,132.88,127.99,129.95,97000960
2011-06-04,132.3,133.87,131.55,132.39,163257015
2011-06-05,132.12,132.32,131.27,131.65,130951742
2011-06-06,132.51,133.58,131.06,132.05,137764391
2011-06-07,133.65,134.51,132.3,132.37,120493169
2011-06-08,130.6,132.02,129.57,131.24,96967468
2011-06-09,131.42,131.45,130.11,131.35,68609144
2011-06-10,131.86,133.33,131.81,132.83,147683538
2011-06-11,132.86,133.62,132.2,133.43,110867068
2011-06-12,138.26,138.65,133.23,134.86,108655626
2011-06-13,136.5,136.74,135.61,135.72,143089604
2011-06-14,136.09,138.03,136.06,137.24,120639149
2011-06-15,138.27,139.25,135.35,135.36,92720682
2011-06-16,136.64,137.33,136.01,136.67,139102344
2011-06-17,138.4,140.42,137.47,138.11,155497371
2011-06-18,137.65,137.7,134.89,136.88,67564768
2011-06-19,135.71,137.62,134.9,135.89,93622141
2011-06-20,138.01,138.44,135.92,136.22,69194955
2011-06-21,135.95,137.23,135.57,136.5,71110767
2011-06-22,136.23,136.89,135.7,135.89,151748949
2011-06-23,136.0,136.35,135.98,136.28,55150475
2011-06-24,133.73,133.78,133.54,133.6,152274991
2011-06-25,133.49,133.55,132.27,133.22,130409193
2011-06-26,132.98,134.26,130.01,132.03,92856578
2011-06-27,133.08,133.27,132.48,133.02,129681325
2011-06-28,134.54,136.77,133.95,134.58,162161840
2011-06-29,133.36,133.99,132.89,133.31,74176102
2011-06-30,132.15,132.4,130.57,130.81,86574079
2011-07-01,130.96,131.22,129.47,130.81,89469814
2011-07-02,132.06,134.44,132.03,132.69,154135203
2011-07-03,134.04,135.17,131.09,132.61,112410885
2011-07-04,135.33,135.35,133.7,133.77,98801481
2011-07-05,133.37,133.42,133.11,133.2,106631608
2011-07-06,134.36,134.86,132.28,133.41,52246874
2011-07-07,137.82,138.64,133.74,134.42,95140040
2011-07-08,133.96,134.07,132.55,133.2,73894649
2011-07-09,134.93,135.11,133.98,134.05,69355147
2011-07-10,132.35,134.88,131.02,134.51,89386675
2011-07-11,133.34,133.77,132.2,133.42,59414589
2011-07-12,133.62,134.61,132.88,132.98,93408249
2011-07-13,131.57,133.49,131.47,132.58,80566670
2011-07-14,132.15,133.57,128.85,131.92,78863028
2011-07-15,134.96,134.98,132.25,133.28,134464821
2011-07-16,133.57,133.62,133.14,133.45,71900219
2011-07-17,135.13,136.9,135.09,135.82,135249897
2011-07-18,137.18,137.34,136.0,136.81,111229357
2011-07-19,139.62,139.74,138.36,139.16,108966650
2011-07-20,136.42,141.45,135.3,139.66,154308694
2011-07-21,139.35,139.65,138.25,139.23,89911540
2011-07-22,140.09,140.63,138.86,139.54,143391682
2011-07-23,139.56,143.65,139.33,140.07,105827845
2011-07-24,139.43,139.71,139.24,139.58,114674342
2011-07-25,139.2,140.16,138.35,139.0,124532100
2011-07-26,140.53,141.3,139.73,139.87,147280298
2011-07-27,144.77,145.58,139.44,141.51,76985842
2011-07-28,141.13,142.19,139.96,140.94,101726287
2011-07-29,138.09,143.06,137.74,141.69,67042622
2011-07-30,140.18,142.25,139.61,141.52,116005743
2011-07-31,139.59,140.31,139.4,140.12,89641822
2011-08-01,141.66,141.87,140.02,141.12,77833905
2011-08-02,141.78,144.32,140.33,143.08,142952893
2011-08-03,141.32,142.8,140.59,141.09,129883287
2011-08-04,145.39,146.38,142.65,142.95,158178270
2011-08-05,145.65,146.92,144.52,145.44,142186597
2011-08-06,146.81,147.49,146.53,146.89,72413485
2011-08-07,143.92,145.95,143.66,145.53,153374093
2011-08-08,145.15,145.23,144.91,145.04,61779488
2011-08-09,146.97,147.12,145.25,145.28,90975675
2011-08-10,150.28,150.42,142.28,146.17,151763658
2011-08-11,144.67,145.1,144.62,144.93,147949457
2011-08-12,143.83,148.04,142.98,146.18,115503411
2011-08-13,149.37,150.85,143.31,146.49,60004623
2011-08-14,146.29,147.53,145.46,146.28,65752275
2011-08-15,145.19,145.75,143.25,145.09,88725799
2011-08-16,144.98,146.13,144.14,144.88,81657428
2011-08-17,144.18,145.69,143.82,145.35,126941080
2011-08-18,145.21,145.79,145.01,145.29,81035068
2011-08-19,142.84,144.76,142.21,144.32,153136676
2011-08-20,143.0,146.23,142.49,145.38,150767688
2011-08-21,144.49,145.05,144.17,144.42,93372055
2011-08-22,145.17,145.68,143.52,144.93,82770264
2011-08-23,148.32,149.57,146.63,148.32,179323867
2011-08-24,149.06,149.58,147.95,149.33,62728347
2011-08-25,149.8,149.9,147.4,148.04,95565787
2011-08-26,148.35,148.76,148.23,148.34,99531718
2011-08-27,147.79,148.88,147.37,148.24,142390761
2011-08-28,148.21,148.25,147.65,148.22,98088791
2011-08-29,147.97,148.97,146.65,146.99,107629064
2011-08-30,145.43,145.74,143.93,144.61,113595447
2011-08-31,144.25,144.96,143.91,144.28,85668210
2011-09-01,141.05,141.73,139.66,141.2,72757821
2011-09-02,140.41,140.94,140.3,140.52,102043480
2011-09-03,140.84,144.39,138.36,141.17,57830501
2011-09-04,143.56,144.37,142.06,142.46,79724382
2011-09-05,144.97,146.15,143.72,145.31,83322841
2011-09-06,149.53,150.78,147.48,148.16,165930560
2011-09-07,147.56,148.0,147.1,147.83,138992588
2011-09-08,154.0,154.55,149.65,150.79,99733628
2011-09-09,149.22,151.28,148.67,149.29,134136834
2011-09-10,151.21,152.33,150.46,150.58,130932341
2011-09-11,148.46,149.05,145.96,147.61,169563623
2011-09-12,148.17,148.83,147.35,148.2,98045601
2011-09-13,149.92,150.58,148.78,149.77,78345789
2011-09-14,145.93,149.88,145.19,147.6,125271232
2011-09-15,146.21,147.28,145.98,147.26,83463908
2011-09-16,150.11,150.26,148.26,148.48,159884974
2011-09-17,147.14,147.4,147.0,147.4,120060111
2011-09-18,150.52,150.73,145.23,147.21,55685053
2011-09-19,148.41,151.82,145.65,149.37,153374525
2011-09-20,148.11,148.12,147.18,148.04,101703938
2011-09-21,146.0,146.94,145.91,146.85,155542394
2011-09-22,149.26,149.71,145.89,148.06,79856561
2011-09-23,151.82,154.37,149.46,150.28,123514163
2011-09-24,149.41,150.07,148.56,149.83,62452302
2011-09-25,148.71,149.25,147.85,148.17,160216787
2011-09-26,147.58,151.11,147.44,149.33,80563091
2011-09-27,148.42,150.39,147.05,149.46,139037943
2011-09-28,149.29,152.61,149.15,149.38,136576005
2011-09-29,151.3,151.95,151.17,151.4,153385992
2011-09-30,151.75,151.85,150.52,150.57,71297213
2011-10-01,153.07,153.81,151.1,151.71,146037933
2011-10-02,153.29,153.5,151.12,152.91,54785620
2011-10-03,153.26,153.41,151.94,152.74,143209136
2011-10-04,153.63,153.82,153.1,153.32,59863983
2011-10-05,154.22,155.01,154.16,154.73,121280621
2011-10-06,154.92,158.99,152.7,156.98,120386494
2011-10-07,156.52,158.02,156.35,157.78,128642753
2011-10-08,158.1,159.14,157.74,158.05,129596914
2011-10-09,155.86,159.48,153.21,157.64,67218095
2011-10-10,161.27,166.12,161.04,161.5,69558373
2011-10-11,164.55,165.6,164.34,165.1,167382023
2011-10-12,164.95,165.77,164.11,164.58,54003581
2011-10-13,164.68,167.03,164.16,164.78,136520892
2011-10-14,164.9,166.22,164.24,165.2,68735325
2011-10-15,167.25,168.56,163.36,163.6,84617080
2011-10-16,165.65,165.8,165.2,165.57,125158698
2011-10-17,164.91,165.57,164.41,165.2,132259197
2011-10-18,166.15,168.75,164.73,165.42,90187410
2011-10-19,164.14,164.87,160.95,162.26,128668471
2011-10-20,163.14,164.9,162.33,162.75,107454222
2011-10-21,163.11,164.09,163.11,163.44,62053395
2011-10-22,162.55,165.56,158.66,163.2,116219207
2011-10-23,159.57,162.13,159.14,160.06,128834165
2011-10-24,157.6,159.37,157.27,159.26,54296896
2011-10-25,161.98,162.33,159.35,162.09,124828059
2011-10-26,168.12,168.92,166.35,166.45,152188230
2011-10-27,168.71,170.53,166.34,167.25,97802394
2011-10-28,165.05,168.14,164.41,166.96,94128288
2011-10-29,165.31,165.72,163.59,164.45,126250402
2011-10-30,162.55,166.0,159.93,163.18,160518310
2011-10-31,165.84,166.09,164.63,165.23,66102703
2011-11-01,165.7,168.36,165.27,167.51,78577359
2011-11-02,168.88,169.84,167.25,169.07,126874839
2011-11-03,165.92,166.58,163.03,164.51,166598134
2011-11-04,162.71,164.86,162.44,164.04,98406041
2011-11-05,167.02,167.48,166.63,166.93,136051357
2011-11-06,170.9,175.08,169.09,170.65,181250737
2011-11-07,173.65,174.65,172.56,174.07,75098594
2011-11-08,172.18,175.64,171.74,175.18,105842953
2011-11-09,172.63,175.49,172.12,173.43,76013984
2011-11-10,170.92,171.14,170.73,170.85,164324740
2011-11-11,167.43,169.11,166.86,167.81,92757266
2011-11-12,168.16,168.71,165.45,168.29,98619672
2011-11-13,168.85,171.99,166.37,168.84,112422498
2011-11-14,170.05,172.25,168.31,169.93,65779264
2011-11-15,172.55,174.74,170.12,170.19,149159975
2011-11-16,163.7,169.1,163.03,167.73,84794737
2011-11-17,167.8,167.94,167.06,167.64,135596667
2011-11-18,168.15,168.8,166.4,167.64,60057021
2011-11-19,168.07,169.01,168.05,168.74,126588405
2011-11-20,168.59,169.76,167.68,169.13,100442779
2011-11-21,170.75,171.02,170.05,170.06,104444865
2011-11-22,167.85,168.59,166.73,168.15,120701819
2011-11-23,165.79,166.94,164.29,166.57,130472466
2011-11-24,165.27,170.13,163.9,166.86,78730333
2011-11-25,165.91,167.84,164.77,165.61,130629105
2011-11-26,162.61,164.26,162.43,163.65,67071892
2011-11-27,165.22,165.24,160.17,164.06,134858857
2011-11-28,164.75,165.27,163.95,164.95,155543369
2011-11-29,164.72,164.92,163.98,164.41,71614555
2011-11-30,163.37,164.08,162.58,163.49,71471838
2011-12-01,162.95,163.35,162.29,162.86,57842749
2011-12-02,164.6,165.22,163.63,163.68,80841367
2011-12-03,164.86,166.19,164.17,164.19,85909145
2011-12-04,168.62,169.82,167.98,169.19,189989364
2011-12-05,168.27,168.52,166.06,167.08,80067722
2011-12-06,168.07,168.46,165.89,167.44,68934528
2011-12-07,171.99,173.33,167.8,169.7,124512583
2011-12-08,170.91,171.24,170.01,170.78,148915634
2011-12-09,167.42,168.98,164.79,166.24,189892854
2011-12-10,163.94,165.17,163.27,164.93,140484343
2011-12-11,167.01,167.63,166.72,166.95,92443201
2011-12-12,167.55,169.23,163.55,166.12,140850778
2011-12-13,162.2,163.75,162.13,162.51,138511759
2011-12-14,162.63,163.58,161.46,162.5,136338146
2011-12-15,159.25,159.81,158.4,158.68,103298685
2011-12-16,160.75,160.83,155.7,158.85,98028139
2011-12-17,160.65,160.85,159.5,160.4,137148900
2011-12-18,159.8,159.94,159.68,159.85,106701412
2011-12-19,157.87,158.18,157.25,158.05,166859278
2011-12-20,156.94,157.3,156.71,157.02,123838239
2011-12-21,155.23,158.43,154.67,156.75,59411054
2011-12-22,153.83,154.59,152.5,153.6,129873469
2011-12-23,153.84,154.82,151.61,152.93,90162337
2011-12-24,159.14,159.17,157.36,157.59,77944523
2011-12-25,159.23,159.28,156.99,157.89,112218124
2011-12-26,160.23,162.2,159.55,160.75,124676110
2011-12-27,162.64,164.68,159.59,163.0,151602642
2011-12-28,160.39,160.75,160.02,160.16,150534981
2011-12-29,160.13,160.33,159.44,159.45,144168230
2011-12-30,157.26,158.96,157.16,157.64,105421884
2011-12-31,159.75,163.17,157.32,158.78,142955269
2012-01-01,157.55,157.78,156.94,157.43,138392618
2012-01-02,159.69,160.2,158.36,159.44,80901568
2012-01-03,160.88,162.63,157.85,158.99,63767839
2012-01-04,160.54,161.75,160.42,161.16,90740838
2012-01-05,163.08,164.16,162.12,163.6,71195138
2012-01-06,163.53,163.98,161.29,163.24,135179683
2012-01-07,162.42,165.97,161.53,163.33,110846499
2012-01-08,165.62,166.12,164.05,164.31,84663839
2012-01-09,166.42,166.46,166.09,166.27,155981268
2012-01-10,170.97,172.35,169.41,169.66,105385527
2012-01-11,170.99,171.53,168.52,170.32,137449070
2012-01-12,170.16,171.13,169.97,171.13,96443418
2012-01-13,167.85,167.86,166.99,167.83,116597929
2012-01-14,167.85,168.23,164.11,167.4,152491174
2012-01-15,167.26,168.46,166.26,166.38,82362386
2012-01-16,169.03,175.83,168.97,170.88,91305300
2012-01-17,173.09,174.87,170.22,171.26,122467223
2012-01-18,169.48,169.61,168.31,169.57,90215239
2012-01-19,170.78,171.26,170.25,170.69,74194074
2012-01-20,172.62,173.91,170.87,173.02,166944794
2012-01-21,175.23,177.34,171.69,173.86,113917124
2012-01-22,176.56,177.72,176.51,177.43,179892552
2012-01-23,178.81,180.34,178.27,178.48,66460140
2012-01-24,178.51,180.79,178.29,180.18,104372574
2012-01-25,178.75,179.28,177.86,178.52,139781375
2012-01-26,180.44,180.69,178.86,180.06,140274706
2012-01-27,175.0,177.51,173.39,176.42,122907135
2012-01-28,179.5,180.24,177.47,177.76,85694939
2012-01-29,176.06,178.25,175.71,177.06,121952085
2012-01-30,171.06,176.04,170.34,174.73,115438534
2012-01-31,176.42,181.43,176.11,177.41,66133744
2012-02-01,174.66,176.52,174.27,176.28,89199525
2012-02-02,175.52,176.15,175.49,175.55,57861582
2012-02-03,176.04,177.91,172.79,176.0,62804921
2012-02-04,174.6,175.45,172.17,172.5,112058352
2012-02-05,171.77,173.4,171.72,172.32,117186292
2012-02-06,171.9,177.81,170.23,175.22,174095842
2012-02-07,173.39,178.37,173.08,174.54,148186214
2012-02-08,176.54,178.33,174.58,176.19,103914543
2012-02-09,175.32,177.97,174.0,175.33,75066320
2012-02-10,174.68,175.23,173.38,174.6,76855933
2012-02-11,174.25,174.42,169.97,173.33,60503682
2012-02-12,171.39,173.21,170.23,172.11,91672829
2012-02-13,174.86,175.48,173.89,175.23,94464552
2012-02-14,182.86,183.91,176.43,179.93,142864639
2012-02-15,180.15,181.76,179.3,180.88,144660986
2012-02-16,178.93,179.43,178.86,179.08,110143975
2012-02-17,176.72,178.38,176.02,177.18,113659524
2012-02-18,176.48,176.93,175.74,176.25,123363779
2012-02-19,175.81,177.04,175.13,175.77,88579389
2012-02-20,176.3,178.64,176.24,177.04,125100528
2012-02-21,173.57,179.35,171.36,178.2,62254793
2012-02-22,183.71,184.05,178.27,179.03,101868139
2012-02-23,179.86,183.05,179.29,180.96,157358460
2012-02-24,184.16,186.65,182.22,182.31,65691967
2012-02-25,182.61,184.87,179.79,184.64,131474297
2012-02-26,179.71,181.52,178.8,180.82,76461342
2012-02-27,182.43,185.23,178.55,181.97,55426122
2012-02-28,183.18,183.5,181.55,181.78,138995515
2012-02-29,182.82,185.35,180.04,183.23,79427487
2012-03-01,182.27,183.53,180.15,181.22,68532446
2012-03-02,182.49,183.27,182.37,182.75,113455308
2012-03-03,184.47,185.03,183.9,184.16,120529208
2012-03-04,181.56,185.34,178.19,183.51,53461907
2012-03-05,182.24,189.87,180.03,182.42,82347476
2012-03-06,186.5,186.82,184.12,184.93,88845814
2012-03-07,184.49,184.55,182.96,184.49,53838189
2012-03-08,186.2,187.09,186.1,186.31,107903496
2012-03-09,181.67,183.58,181.24,182.79,67872110
2012-03-10,187.31,188.24,183.7,184.62,65017105
2012-03-11,187.16,187.23,183.23,185.52,155224982
2012-03-12,188.77,189.66,184.4,184.46,111324639
2012-03-13,183.34,186.3,183.26,186.23,65454584
2012-03-14,185.61,187.31,185.47,186.58,148234898
2012-03-15,186.85,187.09,184.53,186.76,146593056
2012-03-16,186.41,186.53,181.74,185.14,80852119
2012-03-17,183.93,184.86,182.8,183.86,159428040
2012-03-18,183.81,187.71,183.17,186.24,60735699
2012-03-19,184.84,188.71,179.51,186.62,132921908
2012-03-20,185.88,187.89,184.96,185.59,153327105
2012-03-21,189.09,191.2,187.92,189.35,82266532
2012-03-22,190.09,192.46,189.48,190.17,112922368
2012-03-23,193.63,194.78,192.27,193.11,85289329
2012-03-24,196.82,197.51,192.72,192.8,146007724
2012-03-25,194.83,195.78,191.41,193.98,150481524
2012-03-26,193.42,196.04,192.88,193.34,116626189
2012-03-27,192.12,193.98,191.9,192.88,82346753
2012-03-28,195.83,197.71,191.23,193.41,149989572
2012-03-29,193.54,195.6,193.36,194.82,81882627
2012-03-30,197.6,197.88,191.07,193.53,154258719
2012-03-31,192.7,193.72,191.02,192.92,82374663
2012-04-01,194.59,197.47,192.05,194.35,79139172
2012-04-02,195.3,195.6,191.16,195.11,144907119
2012-04-03,198.74,199.0,197.76,198.04,112474270
2012-04-04,199.06,199.43,196.26,198.19,55298208
2012-04-05,203.38,203.54,197.68,200.51,81029486
2012-04-06,201.81,202.89,200.62,201.52,134413019
2012-04-07,203.69,204.55,198.59,199.01,91249456
2012-04-08,198.69,199.95,197.21,198.0,76642390
2012-04-09,194.51,197.46,193.92,197.41,144530950
2012-04-10,197.28,197.56,196.28,197.21,117073727
2012-04-11,200.31,201.02,195.02,195.69,71073823
2012-04-12,194.06,194.19,192.92,193.78,65475221
2012-04-13,194.1,195.08,193.51,193.53,114960034
2012-04-14,191.23,194.88,189.04,191.63,124383235
2012-04-15,190.32,193.37,187.78,192.74,147865340
2012-04-16,190.51,191.21,189.38,190.84,99484747
2012-04-17,191.96,191.97,189.4,190.74,54925423
2012-04-18,190.67,190.8,187.91,190.77,85480111
2012-04-19,188.48,190.14,188.09,188.78,136636627
2012-04-20,187.15,187.41,185.84,186.61,131384723
2012-04-21,187.13,188.0,183.74,184.63,85896522
2012-04-22,188.2,188.4,185.96,187.95,66988449
2012-04-23,186.1,186.48,185.38,186.26,61590628
2012-04-24,188.32,188.68,188.22,188.24,145355537
2012-04-25,188.75,190.17,187.09,188.03,130424615
2012-04-26,187.15,187.43,186.6,187.39,94657858
2012-04-27,186.92,187.23,183.63,185.62,127223512
2012-04-28,183.7,183.76,183.05,183.59,104996242
2012-04-29,184.49,185.33,182.64,183.29,87496832
2012-04-30,184.61,189.87,184.54,186.43,81457340
2012-05-01,186.91,188.65,186.68,188.11,129204059
2012-05-02,189.99,190.47,188.38,188.67,119882659
2012-05-03,188.65,189.08,188.43,188.76,93065329
2012-05-04,185.6,188.29,183.79,186.69,95952298
2012-05-05,186.03,187.75,185.93,186.42,63167353
2012-05-06,190.62,190.77,190.15,190.7,181606038
2012-05-07,188.26,189.98,188.04,189.9,63308187
2012-05-08,186.99,188.99,185.82,188.13,158639673
2012-05-09,183.12,183.44,181.41,183.11,177565403
2012-05-10,182.43,182.46,180.64,181.46,83974682
2012-05-11,180.8,184.69,180.54,184.02,78617368
2012-05-12,185.39,187.01,184.74,185.93,101845106
2012-05-13,187.29,188.22,183.61,186.72,58985760
2012-05-14,190.15,190.71,189.67,189.93,103499964
2012-05-15,187.74,191.62,186.88,189.34,136164071
2012-05-16,186.07,190.88,185.15,189.12,126515341
2012-05-17,189.12,189.32,187.09,188.84,91519460
2012-05-18,188.02,190.85,186.29,188.48,81159160
2012-05-19,187.4,188.91,186.79,187.89,112552635
2012-05-20,189.47,191.07,184.86,188.61,52466793
2012-05-21,186.5,192.82,185.94,192.04,119962958
2012-05-22,193.0,194.83,190.78,191.46,134249368
2012-05-23,190.8,192.09,190.28,190.48,146949099
2012-05-24,193.48,195.71,192.91,193.23,91036340
2012-05-25,195.56,196.19,190.65,194.82,152827395
2012-05-26,193.16,194.04,190.44,193.32,128584613
2012-05-27,197.75,197.76,196.33,196.87,72463439
2012-05-28,196.23,196.95,195.19,195.74,88125704
2012-05-29,199.38,199.54,196.85,198.46,69038770
2012-05-30,196.11,196.59,195.63,196.27,64291377
2012-05-31,193.75,197.0,191.71,192.82,147580641
2012-06-01,190.98,193.55,190.41,193.45,129926661
2012-06-02,190.38,191.16,187.97,189.71,80603809
2012-06-03,190.82,191.0,190.76,190.8,118267853
2012-06-04,186.79,196.63,186.24,190.63,63314182
2012-06-05,188.62,191.87,187.21,190.93,128113619
2012-06-06,191.12,192.12,191.02,191.3,102153941
2012-06-07,187.63,189.15,185.85,188.83,111404450
2012-06-08,187.03,187.95,186.5,187.05,161652353
2012-06-09,193.8,194.6,188.85,190.22,124559399
2012-06-10,191.87,200.6,187.8,191.75,130573181
2012-06-11,186.52,189.77,184.82,188.55,160993259
2012-06-12,187.3,189.12,184.89,187.6,79312675
2012-06-13,189.02,189.14,187.69,188.71,126863088
2012-06-14,187.98,190.49,184.86,187.25,152546869
2012-06-15,183.68,184.37,182.42,183.1,96502793
2012-06-16,185.08,185.22,184.37,184.7,55729588
2012-06-17,183.97,186.03,183.78,185.73,74403191
2012-06-18,185.81,187.46,185.74,186.64,66451532
2012-06-19,187.12,188.91,186.27,187.37,133281078
2012-06-20,184.94,186.89,184.91,186.58,127897423
2012-06-21,184.13,185.19,183.82,183.95,148813399
2012-06-22,185.4,186.98,182.97,184.32,85764017
2012-06-23,187.05,187.5,183.79,184.68,134735518
2012-06-24,180.47,180.74,179.8,180.05,68121129
2012-06-25,180.47,181.5,179.7,179.76,107473528
2012-06-26,179.91,180.04,177.87,178.48,96888653
2012-06-27,177.71,181.81,175.78,179.62,122259611
2012-06-28,181.93,183.14,177.73,178.64,77656741
2012-06-29,178.53,181.07,178.25,179.87,148295667
2012-06-30,180.21,180.73,179.1,179.11,91716198
2012-07-01,178.82,179.27,177.84,178.99,128958686
2012-07-02,183.05,183.42,179.75,182.91,143807821
2012-07-03,181.73,181.77,179.84,181.25,96280543
2012-07-04,183.68,185.46,181.86,184.85,113694919
2012-07-05,186.7,186.73,184.39,185.32,52869922
2012-07-06,186.32,187.75,184.8,186.74,72182210
2012-07-07,185.9,188.25,185.49,187.27,82550569
2012-07-08,189.78,190.2,187.47,188.59,116603275
2012-07-09,185.8,187.53,184.76,186.87,69335971
2012-07-10,187.09,188.08,185.58,186.66,113960882
2012-07-11,187.03,187.91,185.56,187.43,139682699
2012-07-12,189.8,192.98,188.22,190.73,84456754
2012-07-13,192.28,194.46,191.9,192.09,157682740
2012-07-14,196.84,197.95,194.37,195.61,137894135
2012-07-15,196.34,197.13,194.48,195.88,119447029
2012-07-16,197.82,197.93,196.6,197.34,72647514
2012-07-17,197.99,201.4,196.33,197.73,70249387
2012-07-18,194.94,196.49,194.55,196.01,140476870
2012-07-19,194.96,196.78,193.75,194.57,118621984
2012-07-20,192.33,193.34,191.29,191.8,134982528
2012-07-21,196.01,198.7,193.71,194.58,144747383
2012-07-22,195.65,197.04,193.37,194.68,114567401
2012-07-23,199.08,202.73,198.71,200.62,163259286
2012-07-24,202.77,204.05,202.59,202.76,136056644
2012-07-25,205.31,205.73,203.12,203.53,135105572
2012-07-26,208.5,210.32,203.53,203.54,100700566
2012-07-27,205.21,206.05,204.53,205.36,64779592
2012-07-28,204.17,209.08,204.04,206.37,137450433
2012-07-29,207.0,209.58,206.88,207.46,100155756
2012-07-30,209.64,210.09,209.24,209.83,91091882
2012-07-31,210.68,211.87,206.9,207.43,87693334
2012-08-01,210.2,211.96,208.36,210.38,132191553
2012-08-02,210.91,218.12,210.75,213.77,148787634
2012-08-03,213.83,214.62,213.45,214.4,150584811
2012-08-04,212.98,214.74,211.69,213.84,141033088
2012-08-05,209.85,212.13,209.71,211.35,134648410
2012-08-06,211.49,211.78,209.82,210.6,70546240
2012-08-07,213.74,213.87,211.9,212.75,123010014
2012-08-08,212.64,215.84,212.53,214.13,116070149
2012-08-09,211.54,216.6,211.06,213.12,92670313
2012-08-10,216.5,217.57,213.21,215.27,157682791
2012-08-11,217.71,220.17,214.64,216.71,57686556
2012-08-12,219.09,219.8,218.17,219.61,145781160
2012-08-13,219.2,219.34,218.3,218.71,135424569
2012-08-14,214.1,219.64,213.74,217.9,111607786
2012-08-15,221.89,222.13,219.5,220.25,156448954
2012-08-16,215.37,219.02,214.8,218.15,147001900
2012-08-17,214.83,218.06,213.67,215.66,92422484
2012-08-18,213.85,215.73,213.55,213.8,87949943
2012-08-19,210.56,212.99,210.08,210.92,105257921
2012-08-20,207.21,208.08,206.85,207.53,65661709
2012-08-21,210.68,217.18,208.85,211.48,174635795
2012-08-22,207.61,212.04,207.54,210.23,114347457
2012-08-23,211.9,212.32,210.42,210.94,149162914
2012-08-24,218.72,219.31,206.26,211.15,131590394
2012-08-25,211.21,211.72,207.98,210.55,123040740
2012-08-26,214.49,215.28,213.83,214.01,131411585
2012-08-27,217.38,217.4,213.94,215.48,116690393
2012-08-28,218.52,221.35,215.04,219.19,66394339
2012-08-29,217.2,221.23,217.04,220.71,67686855
2012-08-30,219.0,220.85,218.18,219.2,100157873
2012-08-31,219.63,222.75,219.06,220.7,80759533
2012-09-01,217.12,218.75,216.96,217.11,154826263
2012-09-02,217.63,218.62,213.85,216.54,84259349
2012-09-03,215.51,216.89,213.21,215.53,110838510
2012-09-04,209.81,217.29,208.96,213.67,87030510
2012-09-05,209.28,209.44,208.62,209.0,163919070
2012-09-06,216.95,219.25,211.12,214.47,109770207
2012-09-07,214.03,218.85,212.84,215.28,92783320
2012-09-08,216.52,217.01,215.35,216.18,155427464
2012-09-09,223.7,229.83,220.59,220.66,127015868
2012-09-10,224.98,225.5,223.6,224.06,110605343
2012-09-11,221.05,224.03,220.18,223.23,83770792
2012-09-12,229.71,229.83,228.36,228.56,72475153
2012-09-13,232.08,233.96,231.05,231.54,57778334
2012-09-14,233.61,233.98,232.17,233.47,99279386
2012-09-15,240.11,240.35,234.46,235.85,65150780
2012-09-16,236.6,237.03,231.79,232.27,111266149
2012-09-17,228.94,229.36,228.59,229.18,166840962
2012-09-18,226.16,233.66,224.72,226.65,115575465
2012-09-19,226.94,227.15,225.26,226.12,148712347
2012-09-20,227.06,230.35,226.24,229.39,144509125
2012-09-21,226.09,229.16,225.72,228.09,83766613
2012-09-22,225.97,227.79,224.48,225.04,116136292
2012-09-23,225.93,227.48,223.08,224.09,144868210
2012-09-24,224.31,225.07,223.49,224.18,80017317
2012-09-25,227.5,228.19,226.32,227.42,104395418
2012-09-26,231.9,231.95,228.67,229.84,79126867
2012-09-27,228.25,228.26,227.94,228.24,67823967
2012-09-28,227.58,228.8,225.33,228.51,66988103
2012-09-29,224.72,234.24,223.26,229.63,155694241
2012-09-30,230.81,231.93,229.96,230.25,124041764
2012-10-01,231.05,232.63,229.74,230.89,125745766
2012-10-02,233.47,234.33,227.74,230.34,124985094
2012-10-03,239.13,241.69,238.31,240.86,137218670
2012-10-04,245.24,247.99,242.0,244.97,132080300
2012-10-05,240.14,242.29,238.04,238.77,80186385
2012-10-06,239.79,240.58,239.58,239.95,67587226
2012-10-07,242.34,246.73,241.77,243.36,57898136
2012-10-08,242.66,244.27,240.23,242.33,62642894
2012-10-09,245.69,246.11,243.11,244.63,92723749
2012-10-10,243.3,245.05,242.72,244.69,132020083
2012-10-11,242.66,245.0,241.38,241.92,106474633
2012-10-12,242.51,244.23,242.16,242.58,93579220
2012-10-13,244.33,245.17,242.96,243.3,151164165
2012-10-14,242.58,245.57,241.56,244.37,120064086
2012-10-15,245.14,249.54,242.36,244.65,55528952
2012-10-16,241.84,249.56,241.18,245.32,76500320
2012-10-17,248.11,249.24,244.04,244.1,70451670
2012-10-18,243.18,243.33,242.76,242.89,52852962
2012-10-19,246.38,247.52,242.04,244.1,55206347
2012-10-20,243.43,250.19,241.11,244.21,88503731
2012-10-21,248.92,252.59,247.98,248.42,123455324
2012-10-22,248.45,251.25,248.24,248.66,119846086
2012-10-23,251.04,252.2,247.73,249.62,126982540
2012-10-24,250.19,250.67,249.44,250.34,120794785
2012-10-25,255.97,258.15,253.65,254.42,118604536
2012-10-26,260.49,265.94,250.79,259.43,101800569
2012-10-27,262.59,263.15,260.84,261.25,147035337
2012-10-28,266.5,266.84,266.13,266.38,81789742
2012-10-29,266.95,273.84,264.72,270.96,76592254
2012-10-30,275.04,278.21,271.46,272.38,139293052
2012-10-31,271.11,271.39,264.54,268.31,96158517
2012-11-01,270.48,275.25,269.26,271.57,83419908
2012-11-02,264.62,271.91,260.48,271.81,122514987
2012-11-03,274.15,275.99,270.99,272.25,122629233
2012-11-04,269.17,269.84,268.58,269.64,65332319
2012-11-05,274.36,274.37,271.61,272.78,118951534
2012-11-06,271.92,272.74,271.8,272.07,133109150
2012-11-07,269.25,270.06,264.22,267.64,123307164
2012-11-08,263.52,267.76,260.41,263.92,65105422
2012-11-09,265.67,266.19,263.94,264.25,64547374
2012-11-10,262.73,263.06,261.31,263.02,136685841
2012-11-11,268.75,271.21,268.7,270.83,162495265
2012-11-12,271.67,272.1,270.58,271.62,131272954
2012-11-13,266.47,266.73,265.31,266.05,72120929
2012-11-14,265.27,271.01,263.42,265.98,89457233
2012-11-15,263.83,266.58,262.68,262.75,64524663
2012-11-16,262.46,266.46,262.32,265.85,94263508
2012-11-17,271.07,271.62,265.32,268.91,139768765
2012-11-18,271.71,274.09,269.38,271.36,126970996
2012-11-19,272.27,272.28,270.84,271.2,135506751
2012-11-20,267.15,271.34,266.51,269.19,126012483
2012-11-21,267.18,272.55,266.53,269.6,87162151
2012-11-22,267.19,269.34,265.34,267.87,103483560
2012-11-23,267.66,268.61,266.38,267.09,135071243
2012-11-24,266.26,268.22,264.11,266.45,147770563
2012-11-25,262.3,269.53,257.64,263.28,133665865
2012-11-26,262.34,265.87,260.69,263.65,118418985
2012-11-27,265.68,265.96,265.44,265.6,118301780
2012-11-28,266.65,267.78,264.61,267.77,117844452
2012-11-29,271.84,272.41,268.36,270.5,119568656
2012-11-30,267.43,267.56,266.66,267.32,144930283
2012-12-01,259.82,262.59,258.76,261.18,129966437
2012-12-02,264.68,268.39,264.39,265.71,162265740
2012-12-03,267.34,273.99,265.15,268.34,105480411
2012-12-04,269.53,272.88,268.75,270.39,55153787
2012-12-05,271.23,273.67,269.12,273.56,110452302
2012-12-06,276.0,279.37,275.34,275.76,99031543
2012-12-07,279.85,281.08,278.89,279.07,92994005
2012-12-08,284.92,285.23,278.65,280.19,110278427
2012-12-09,280.6,283.73,280.27,281.09,60698928
2012-12-10,282.83,283.65,282.72,283.23,158929680
2012-12-11,281.43,283.73,280.89,282.4,153179226
2012-12-12,283.8,289.27,282.86,287.78,102514683
2012-12-13,288.99,290.33,286.64,288.09,56590426
2012-12-14,291.91,293.86,289.15,292.33,104422780
2012-12-15,294.98,295.93,292.53,295.2,94060623
2012-12-16,293.57,294.36,293.39,294.13,52432558
2012-12-17,297.37,299.28,295.48,295.65,137476711
2012-12-18,298.45,300.16,296.98,299.97,61619237
2012-12-19,301.24,309.8,300.25,300.9,113030463
2012-12-20,303.08,307.53,295.37,300.42,137945000
2012-12-21,292.83,296.54,292.28,293.72,93369867
2012-12-22,293.35,297.47,289.04,295.1,76438876
2012-12-23,294.08,298.35,293.33,294.74,145349475
2012-12-24,295.5,296.04,290.42,293.11,71702835
2012-12-25,294.29,297.08,293.12,296.32,155694960
2012-12-26,297.85,297.92,296.19,297.3,79134596
2012-12-27,301.0,303.12,297.87,299.11,133040766
2012-12-28,295.67,302.17,289.01,299.1,145841118
2012-12-29,300.18,302.4,297.5,300.71,128208974
2012-12-30,298.94,308.02,298.87,302.73,74551378
2012-12-31,301.48,302.13,292.51,299.1,158779955
2013-01-01,301.54,302.75,298.96,300.17,129708434
2013-01-02,299.72,303.19,296.54,300.37,87771621
2013-01-03,300.52,301.7,295.37,298.26,158706566
2013-01-04,304.08,306.05,301.12,303.23,138456733
2013-01-05,304.39,305.96,302.85,303.41,141353066
2013-01-06,298.78,300.81,297.1,299.65,123890431
2013-01-07,302.35,305.03,302.13,302.8,64257604
2013-01-08,302.47,305.55,302.2,304.22,122726321
2013-01-09,314.56,315.07,314.2,314.43,128396462
2013-01-10,314.59,318.98,312.53,315.31,137843183
2013-01-11,312.99,318.85,312.31,313.68,93518645
2013-01-12,305.6,307.63,299.51,307.28,167628114
2013-01-13,312.43,313.57,306.81,309.94,161288100
2013-01-14,305.69,315.19,302.53,314.63,64859819
2013-01-15,319.79,320.65,319.35,320.6,176622572
2013-01-16,318.26,321.67,312.52,316.08,161823276
2013-01-17,312.94,316.18,311.76,315.79,143515647
2013-01-18,317.65,319.09,316.7,317.98,101823574
2013-01-19,321.17,321.36,317.4,319.09,154974518
2013-01-20,311.13,312.03,310.0,311.19,141317164
2013-01-21,313.06,315.15,312.1,312.2,104801422
2013-01-22,316.47,318.18,308.76,314.42,70918524
2013-01-23,315.85,319.09,315.04,315.91,148561423
2013-01-24,317.68,318.1,310.59,315.99,65171782
2013-01-25,318.73,320.21,316.09,316.4,64073081
2013-01-26,312.01,315.44,310.27,311.9,139440165
2013-01-27,315.53,316.27,314.39,314.71,108260880
2013-01-28,312.88,313.44,312.51,312.7,112150523
2013-01-29,304.67,310.31,304.45,308.67,137125097
2013-01-30,310.64,319.46,304.73,308.69,71171034
2013-01-31,304.63,307.5,299.31,303.8,91548018
2013-02-01,301.9,303.63,291.1,298.91,65627056
2013-02-02,298.26,300.17,296.41,299.01,137277763
2013-02-03,296.96,302.56,296.89,299.71,102773634
2013-02-04,296.41,299.3,294.36,296.85,154909383
2013-02-05,296.44,296.55,295.1,296.43,120664661
2013-02-06,287.49,294.75,287.47,292.25,122824888
2013-02-07,295.15,298.53,294.88,297.69,152554500
2013-02-08,300.9,303.18,299.99,300.59,102215740
2013-02-09,302.55,302.64,300.83,300.88,116940759
2013-02-10,298.25,300.04,292.81,299.83,51887407
2013-02-11,298.14,300.39,294.71,299.76,148543162
2013-02-12,299.93,303.53,298.59,302.74,91555628
2013-02-13,302.99,303.82,301.7,302.9,107209456
2013-02-14,301.74,303.79,300.97,302.92,96567392
2013-02-15,301.98,304.6,300.09,303.33,125804826
2013-02-16,299.49,304.14,299.17,302.76,95964687
2013-02-17,303.0,308.52,301.12,303.3,84543936
2013-02-18,304.06,304.65,300.15,302.88,87757686
2013-02-19,302.59,303.02,300.2,301.55,119063690
2013-02-20,310.55,311.83,307.22,308.93,127045746
2013-02-21,304.97,321.65,304.8,315.7,141425990
2013-02-22,313.52,314.4,312.39,314.32,85769142
2013-02-23,315.63,317.05,311.08,311.79,89349317
2013-02-24,311.47,313.04,309.87,310.27,143069268
2013-02-25,313.86,313.89,307.01,310.0,73275205
2013-02-26,307.34,312.01,304.16,307.55,117814262
2013-02-27,301.8,302.06,300.45,301.49,154628404
2013-02-28,301.36,301.37,301.21,301.35,88430930
2013-03-01,306.13,307.01,304.12,306.21,63527458
2013-03-02,303.2,306.9,299.77,304.25,84719084
2013-03-03,301.56,309.06,301.17,301.72,146413720
2013-03-04,303.99,305.05,300.52,301.59,68660388
2013-03-05,303.49,303.83,300.99,302.26,58853494
2013-03-06,304.44,307.69,303.7,305.83,122800982
2013-03-07,310.99,311.02,305.34,308.55,67350870
2013-03-08,316.07,316.69,309.28,313.31,143841848
2013-03-09,314.04,315.47,310.41,313.29,50667890
2013-03-10,312.27,312.32,305.78,308.44,75395567
2013-03-11,313.32,314.43,313.15,314.37,120346521
2013-03-12,317.2,321.12,315.44,319.17,157040077
2013-03-13,325.7,327.08,322.0,322.33,90037889
2013-03-14,331.99,332.25,317.61,322.09,53409869
2013-03-15,325.1,330.76,323.02,324.03,114703849
2013-03-16,328.34,328.71,327.93,328.06,167795860
2013-03-17,327.03,330.27,323.85,328.55,56745413
2013-03-18,337.86,338.14,334.58,336.49,99505103
2013-03-19,333.41,336.45,332.36,335.26,152626986
2013-03-20,330.93,335.98,329.43,335.42,128157714
2013-03-21,337.61,340.51,332.26,336.1,106089375
2013-03-22,331.49,332.65,330.37,331.96,83556731
2013-03-23,331.02,334.39,327.66,332.31,75562845
2013-03-24,332.43,334.77,330.69,333.6,153238980
2013-03-25,333.66,336.88,333.53,333.75,142123986
2013-03-26,330.98,336.28,330.33,333.21,145848296
2013-03-27,328.24,329.56,325.72,329.13,147747241
2013-03-28,329.27,329.88,327.76,328.4,98922261
2013-03-29,322.15,322.59,320.5,321.99,134398067
2013-03-30,326.45,327.41,323.98,325.57,81377229
2013-03-31,326.08,328.43,326.05,327.75,157701049
2013-04-01,326.69,328.31,325.24,327.79,138040750
2013-04-02,325.32,326.83,323.74,324.5,82341543
2013-04-03,326.78,327.65,325.76,326.88,103161186
2013-04-04,317.5,323.71,314.56,319.73,169662898
2013-04-05,320.34,321.27,317.65,318.6,149571392
2013-04-06,315.83,317.78,314.03,314.92,62643130
2013-04-07,311.0,312.75,309.84,311.01,162862101
2013-04-08,314.26,315.21,313.9,315.11,68369084
2013-04-09,314.88,317.3,313.75,315.3,76402238
2013-04-10,311.9,313.1,311.41,311.97,112782791
2013-04-11,303.56,311.02,303.21,308.14,77925612
2013-04-12,308.28,311.58,307.08,309.88,83689654
2013-04-13,305.64,308.7,305.13,307.01,130985921
2013-04-14,309.23,309.65,301.15,307.66,141502261
2013-04-15,309.04,310.4,307.48,307.74,144177086
2013-04-16,301.69,304.47,298.94,303.74,79604218
2013-04-17,316.81,318.31,308.46,310.89,151918833
2013-04-18,304.58,313.45,303.1,307.57,117194177
2013-04-19,300.39,303.94,299.13,300.81,117673889
2013-04-20,299.44,299.73,296.19,297.77,117038100
2013-04-21,298.61,299.35,294.81,296.99,95513425
2013-04-22,300.4,301.44,288.07,298.1,130827609
2013-04-23,295.54,296.24,293.57,294.89,144226025
2013-04-24,302.77,307.66,297.54,299.53,110046841
2013-04-25,300.57,304.24,300.26,302.25,78274017
2013-04-26,311.15,311.93,299.0,308.2,81771205
2013-04-27,304.01,308.49,300.84,305.25,63124986
2013-04-28,311.02,312.8,309.46,310.99,165741334
2013-04-29,306.88,311.35,305.5,310.0,80970406
2013-04-30,306.32,307.34,305.53,306.8,143087906
2013-05-01,307.11,311.66,304.06,305.57,140566624
2013-05-02,300.3,304.3,298.97,303.98,115476624
2013-05-03,300.61,308.47,299.72,307.39,66936835
2013-05-04,306.07,306.65,304.56,305.35,124090874
2013-05-05,315.75,319.61,302.76,306.81,106283467
2013-05-06,307.43,309.15,305.2,308.37,99955706
2013-05-07,311.03,315.95,304.84,309.51,59309753
2013-05-08,318.79,319.77,309.38,309.71,71238029
2013-05-09,306.44,309.73,305.08,305.35,157565194
2013-05-10,306.78,307.45,305.87,305.95,86704411
2013-05-11,305.09,305.27,303.26,305.07,92786264
2013-05-12,301.05,303.34,300.19,302.77,111192720
2013-05-13,315.92,318.11,311.73,312.74,137699108
2013-05-14,317.66,318.02,316.48,317.18,119215858
2013-05-15,320.86,321.01,314.49,319.73,158333807
2013-05-16,317.48,318.45,316.06,317.2,140978695
2013-05-17,317.31,324.06,310.82,319.06,155631997
2013-05-18,322.13,323.81,320.54,322.08,89337004
2013-05-19,323.54,323.76,323.2,323.36,155701352
2013-05-20,326.08,326.43,316.13,322.96,144751681
2013-05-21,320.58,324.04,318.37,319.19,66685788
2013-05-22,318.61,318.85,318.31,318.79,96351819
2013-05-23,320.39,320.82,318.75,319.92,90449268
2013-05-24,315.19,317.2,311.53,315.7,157974987
2013-05-25,321.25,323.53,318.67,318.86,119908702
2013-05-26,323.75,329.03,322.08,325.82,139531689
2013-05-27,319.08,320.19,317.62,318.01,132880558
2013-05-28,317.29,317.89,312.94,315.53,154135446
2013-05-29,316.26,321.62,313.24,317.56,71010339
2013-05-30,313.6,315.2,313.1,314.25,90389622
2013-05-31,312.46,313.64,309.38,311.52,110371236
2013-06-01,315.11,318.0,313.23,316.43,107943629
2013-06-02,321.24,323.61,315.47,319.76,143783661
2013-06-03,314.13,318.17,313.15,315.93,111857891
2013-06-04,316.86,318.08,314.45,315.64,86553319
2013-06-05,316.96,317.3,315.56,316.09,97912975
2013-06-06,311.66,314.17,311.46,314.1,104953621
2013-06-07,325.85,326.15,323.37,324.43,163897742
2013-06-08,329.64,329.82,327.49,328.45,150239574
2013-06-09,338.51,340.13,321.16,330.61,147064419
2013-06-10,325.62,325.66,325.01,325.48,109619943
2013-06-11,327.9,329.43,327.44,327.75,59155171
2013-06-12,332.65,334.17,330.78,332.52,158651431
2013-06-13,330.21,333.06,325.97,329.18,95450216
2013-06-14,329.32,331.84,327.2,331.41,101348464
2013-06-15,325.65,333.2,324.69,330.21,54152129
2013-06-16,330.2,332.4,328.89,329.95,52984376
2013-06-17,330.69,332.53,325.63,329.03,57896063
2013-06-18,333.41,334.09,330.06,330.86,108142371
2013-06-19,327.59,339.53,322.09,328.6,84290584
2013-06-20,322.37,329.82,316.77,325.34,57855273
2013-06-21,324.52,324.71,321.29,323.08,150649435
2013-06-22,318.44,324.37,317.8,321.85,53451418
2013-06-23,323.38,326.1,322.51,324.24,128627864
2013-06-24,324.6,325.68,322.66,323.86,147713070
2013-06-25,322.6,329.68,321.63,323.49,84286989
2013-06-26,321.91,323.47,315.16,320.69,141976725
2013-06-27,325.6,326.84,321.02,324.5,150849923
2013-06-28,332.12,332.39,323.29,328.98,89579591
2013-06-29,328.76,333.04,327.39,331.23,126717777
2013-06-30,328.14,329.31,327.71,328.99,72086834
2013-07-01,330.21,330.39,327.76,328.84,125643753
2013-07-02,325.07,326.98,324.51,325.12,111916958
2013-07-03,320.71,323.28,309.95,316.44,124977322
2013-07-04,320.98,321.03,318.93,319.77,110306789
2013-07-05,313.85,315.54,310.0,314.31,88951663
2013-07-06,312.49,312.51,311.79,312.47,146721790
2013-07-07,314.03,314.11,312.55,312.87,82941415
2013-07-08,316.51,318.22,315.09,316.05,141584045
2013-07-09,312.84,315.12,310.87,314.11,116443028
2013-07-10,312.69,314.73,310.54,311.05,100820320
2013-07-11,312.58,313.08,310.74,312.48,152404806
2013-07-12,313.33,315.42,308.82,312.27,53573065
2013-07-13,311.71,312.31,309.25,312.04,87166073
2013-07-14,316.89,317.65,309.88,312.48,94338038
2013-07-15,311.88,313.97,311.2,312.8,108777626
2013-07-16,308.1,310.64,306.16,306.9,63860302
2013-07-17,312.1,312.69,301.25,309.92,79994216
2013-07-18,311.87,314.19,309.39,312.97,115638480
2013-07-19,317.2,323.09,313.57,317.57,158717700
2013-07-20,315.65,316.68,315.23,316.0,56335341
2013-07-21,314.33,315.07,312.78,313.54,64413641
2013-07-22,313.28,314.06,307.58,312.5,150173539
2013-07-23,315.33,316.83,311.43,313.28,100619347
2013-07-24,307.74,307.9,305.66,305.67,122929213
2013-07-25,309.68,312.02,306.96,310.03,58530287
2013-07-26,305.4,310.07,305.38,308.29,132629483
2013-07-27,304.2,304.7,302.61,303.97,94353066
2013-07-28,312.4,313.93,310.39,312.66,122950931
2013-07-29,307.26,307.71,303.16,306.06,100505800
2013-07-30,312.32,314.93,310.24,311.47,78959256
2013-07-31,314.97,316.72,311.39,312.57,65755459
2013-08-01,307.85,308.45,297.3,305.76,144461941
2013-08-02,305.28,307.98,299.57,304.44,63386241
2013-08-03,305.17,308.57,303.97,307.96,63098724
2013-08-04,313.25,316.07,304.81,308.93,85425447
2013-08-05,302.09,304.34,299.63,302.74,93842034
2013-08-06,307.68,307.95,297.56,304.04,75395257
2013-08-07,307.98,310.62,304.17,307.86,151651345
2013-08-08,306.33,307.53,302.52,305.26,82810850
2013-08-09,305.72,306.99,305.11,306.59,88872621
2013-08-10,305.16,313.71,304.91,309.48,86844932
2013-08-11,310.49,315.93,310.08,312.82,63222032
2013-08-12,321.44,322.26,313.24,315.58,108798844
2013-08-13,312.48,313.33,309.58,312.49,101341237
2013-08-14,314.7,315.86,313.54,315.48,153242767
2013-08-15,322.8,324.34,314.83,322.47,93806231
2013-08-16,315.62,315.75,314.22,315.0,111751023
2013-08-17,310.54,313.13,306.22,311.88,132815146
2013-08-18,312.42,313.41,310.41,311.71,125029601
2013-08-19,313.53,320.97,311.5,313.35,82051878
2013-08-20,313.85,316.27,313.43,315.11,132218240
2013-08-21,313.19,315.81,307.93,313.09,86464791
2013-08-22,308.57,312.82,306.15,311.91,132189668
2013-08-23,312.57,314.33,309.65,310.85,137766903
2013-08-24,311.25,318.12,309.55,312.39,79815157
2013-08-25,314.25,315.06,312.85,314.42,105105108
2013-08-26,314.7,315.38,311.14,314.26,52032154
2013-08-27,306.17,311.21,302.77,309.18,114774820
2013-08-28,305.78,307.43,303.63,305.71,156465349
2013-08-29,300.34,313.69,298.4,308.21,134679599
2013-08-30,305.57,306.43,305.3,305.5,156017507
2013-08-31,304.39,306.91,304.22,305.86,134598339
2013-09-01,304.17,307.51,302.1,305.67,106856600
2013-09-02,307.02,310.38,301.64,306.34,105945370
2013-09-03,302.35,304.33,301.88,302.66,113494098
2013-09-04,304.6,307.0,302.38,302.77,116803229
2013-09-05,300.88,301.73,300.2,301.73,131356127
2013-09-06,298.03,305.79,297.32,303.33,99450592
2013-09-07,303.05,306.78,302.87,305.17,137701553
2013-09-08,304.85,305.72,303.64,304.36,116927044
2013-09-09,302.12,303.59,301.13,302.66,60951586
2013-09-10,302.05,304.18,297.8,301.93,88879187
2013-09-11,307.34,309.16,306.61,307.71,105042884
2013-09-12,308.84,310.78,304.0,309.02,135368592
2013-09-13,309.37,309.5,305.76,307.28,97691780
2013-09-14,308.3,309.85,306.35,306.9,135844236
2013-09-15,316.36,319.19,316.3,316.98,92207377
2013-09-16,312.32,316.12,311.26,315.83,64336146
2013-09-17,321.42,324.17,321.28,323.11,93490152
2013-09-18,325.56,328.62,325.3,327.12,148123910
2013-09-19,325.79,326.72,324.27,325.65,59503001
2013-09-20,326.18,326.29,326.18,326.28,99634611
2013-09-21,329.91,333.09,323.31,326.13,99999461
2013-09-22,334.31,337.41,326.54,332.15,134681758
2013-09-23,329.06,329.17,328.44,329.0,56282539
2013-09-24,328.34,330.98,324.36,330.37,78926488
2013-09-25,329.1,329.24,322.83,328.57,135934841
2013-09-26,329.8,333.96,326.84,328.73,82445983
2013-09-27,330.15,331.43,328.78,330.99,127371932
2013-09-28,333.57,333.99,329.84,331.4,86808844
2013-09-29,336.0,337.24,331.99,334.75,73739976
2013-09-30,332.19,334.23,329.85,333.38,148519180
2013-10-01,332.37,334.48,331.92,334.12,122011216
2013-10-02,333.31,335.55,332.69,335.27,138611422
2013-10-03,335.87,336.22,333.39,334.6,54335789
2013-10-04,328.38,331.8,327.69,327.98,120828360
2013-10-05,330.41,331.93,330.21,330.89,150790449
2013-10-06,326.05,328.1,322.26,324.74,97647072
2013-10-07,329.26,331.36,325.98,330.55,132971036
2013-10-08,333.77,335.8,328.7,333.75,69420492
2013-10-09,336.1,337.14,335.09,336.08,140929800
2013-10-10,330.67,342.22,330.3,333.77,94959201
2013-10-11,328.87,332.61,326.49,329.9,75673841
2013-10-12,328.11,328.14,322.55,326.94,129212704
2013-10-13,329.34,330.42,325.34,329.64,74454742
2013-10-14,331.5,333.83,329.43,329.83,50369818
2013-10-15,327.95,331.83,327.58,331.6,61154313
2013-10-16,334.14,334.95,327.1,331.71,82153051
2013-10-17,329.16,332.49,327.57,329.4,155251258
2013-10-18,329.71,330.52,327.88,329.51,112445221
2013-10-19,327.24,330.84,326.58,327.11,122794442
2013-10-20,323.71,326.8,323.67,323.68,75259817
2013-10-21,319.52,321.75,316.19,319.2,86070329
2013-10-22,314.97,318.97,311.91,316.82,154314703
2013-10-23,317.84,320.73,316.21,317.33,125538829
2013-10-24,319.55,320.31,317.67,320.06,160029589
2013-10-25,325.49,326.86,323.62,323.81,89333810
2013-10-26,325.06,325.51,323.39,323.6,59526497
2013-10-27,329.91,332.15,328.09,328.4,134600621
2013-10-28,344.22,344.76,334.59,336.02,148453825
2013-10-29,332.68,334.15,332.07,332.31,81366601
2013-10-30,333.34,334.1,330.2,330.44,84660097
2013-10-31,329.16,342.4,329.1,332.04,69402158
2013-11-01,345.63,345.92,341.28,341.79,157978571
2013-11-02,343.17,343.58,342.4,343.11,107469909
2013-11-03,346.89,348.39,341.28,343.24,116351038
2013-11-04,328.61,335.15,326.15,329.24,73381347
2013-11-05,327.9,334.29,315.08,330.5,85657096
2013-11-06,335.28,335.7,332.6,334.66,116182789
2013-11-07,335.98,339.76,329.58,332.01,71769087
2013-11-08,330.76,331.94,327.1,330.34,134733844
2013-11-09,335.32,338.3,331.0,334.48,111488283
2013-11-10,337.68,337.93,333.91,337.0,152806242
2013-11-11,333.7,338.23,329.57,333.37,68587879
2013-11-12,335.28,335.45,331.44,333.49,132238714
2013-11-13,329.26,330.09,329.24,329.54,68834467
2013-11-14,332.83,333.02,331.27,331.66,132589338
2013-11-15,333.67,336.05,333.53,335.46,95446628
2013-11-16,337.38,338.57,333.19,335.14,73977783
2013-11-17,339.17,343.3,334.63,337.35,129234094
2013-11-18,335.37,339.71,333.68,338.65,134654407
2013-11-19,347.24,348.81,334.86,340.1,77419335
2013-11-20,340.86,344.31,336.0,340.56,140872213
2013-11-21,339.66,341.1,337.96,339.11,104409488
2013-11-22,343.48,344.83,342.71,343.82,90592463
2013-11-23,345.71,348.82,341.85,345.08,137674444
2013-11-24,344.79,346.48,344.27,346.12,151075294
2013-11-25,349.42,350.45,346.06,349.78,93449723
2013-11-26,352.81,355.55,351.92,352.36,77087014
2013-11-27,356.42,360.43,350.57,355.91,67074643
2013-11-28,345.8,361.26,342.27,354.13,145565931
2013-11-29,359.64,361.21,351.68,353.33,119781977
2013-11-30,354.43,364.33,354.29,355.5,143189461
2013-12-01,355.96,357.92,352.88,357.49,80435472
2013-12-02,358.66,359.17,357.9,359.13,102035465
2013-12-03,359.47,362.44,348.42,357.18,79024049
2013-12-04,363.76,368.72,357.45,359.07,86417131
2013-12-05,361.0,364.43,358.58,364.09,64804497
2013-12-06,353.06,355.48,352.46,355.37,155961756
2013-12-07,361.36,362.54,354.99,356.41,64334331
2013-12-08,373.66,374.25,362.7,363.57,90227392
2013-12-09,361.53,363.31,356.45,359.38,164195038
2013-12-10,357.12,360.79,357.05,360.3,108439472
2013-12-11,351.74,367.83,350.34,358.57,73637256
2013-12-12,357.94,358.71,357.56,357.73,102210144
2013-12-13,358.71,359.32,357.51,359.02,59887359
2013-12-14,352.91,357.23,350.46,354.66,146756219
2013-12-15,359.2,361.21,357.23,358.07,73115452
2013-12-16,363.21,363.72,362.55,362.97,79686354
2013-12-17,359.83,360.72,355.32,359.39,118160582
2013-12-18,361.11,362.99,360.12,360.55,95577778
2013-12-19,362.65,363.25,359.53,359.57,103956972
2013-12-20,356.48,358.86,355.99,358.53,133382571
2013-12-21,348.81,353.87,346.62,350.84,68852679
2013-12-22,356.45,357.29,355.17,355.87,137699736
2013-12-23,357.99,361.52,356.56,360.23,89568563
2013-12-24,365.71,368.86,362.05,365.6,120660201
2013-12-25,366.87,369.09,362.46,366.55,74024604
2013-12-26,368.68,369.89,365.91,368.94,107071211
2013-12-27,379.69,379.74,376.96,377.27,132236125
2013-12-28,373.27,380.31,370.28,376.85,55156302
2013-12-29,373.2,376.65,372.58,374.06,141392683
2013-12-30,375.3,379.01,374.47,376.42,126773835
2013-12-31,372.37,376.02,371.82,372.31,139040556
2014-01-01,374.94,377.35,359.71,367.77,149336215
2014-01-02,375.29,375.96,357.2,371.2,98048792
2014-01-03,375.07,375.49,375.0,375.07,91869525
2014-01-04,367.16,367.17,363.69,367.04,109383976
2014-01-05,373.17,378.99,369.6,370.6,119390156
2014-01-06,368.86,369.44,368.56,369.37,73905093
2014-01-07,364.99,380.43,364.41,375.27,62211830
2014-01-08,374.64,375.16,370.22,370.78,70526204
2014-01-09,373.69,376.38,366.28,372.44,69943817
2014-01-10,378.43,381.46,376.81,379.32,99945024
2014-01-11,377.44,380.44,371.35,378.18,64953793
2014-01-12,374.36,378.47,374.28,378.13,65635472
2014-01-13,390.18,390.77,384.43,387.87,139967531
2014-01-14,382.66,384.27,373.18,384.25,106758347
2014-01-15,382.06,384.01,380.96,383.9,107706884
2014-01-16,382.68,384.72,379.72,381.73,103405517
2014-01-17,385.7,387.25,381.66,385.28,107110961
2014-01-18,376.06,380.43,374.58,376.81,108026570
2014-01-19,370.46,382.17,365.27,370.31,91337414
2014-01-20,375.2,376.85,373.62,374.3,88365333
2014-01-21,381.26,384.61,377.86,379.59,82532580
2014-01-22,368.61,377.59,367.85,376.94,80786900
2014-01-23,376.51,379.11,376.31,378.88,140547027
2014-01-24,376.28,377.2,373.63,374.92,69423885
2014-01-25,370.28,372.09,368.77,370.94,98654698
2014-01-26,367.83,372.1,367.01,370.09,118217537
2014-01-27,383.06,383.87,379.8,380.35,139224363
2014-01-28,382.03,387.47,380.46,386.3,169246579
2014-01-29,387.17,389.61,383.4,385.76,77980434
2014-01-30,385.09,392.76,383.94,384.71,116761395
2014-01-31,392.48,392.75,370.2,381.87,77899190
2014-02-01,383.87,387.68,383.14,385.13,87279237
2014-02-02,381.13,384.2,376.55,380.52,96668343
2014-02-03,379.53,380.91,379.17,380.41,136969114
2014-02-04,381.45,384.22,381.24,382.47,56246847
2014-02-05,378.34,378.34,373.98,376.28,99710707
2014-02-06,377.4,379.08,376.85,378.68,91856086
2014-02-07,383.77,386.02,372.57,378.72,136139716
2014-02-08,376.68,385.5,372.49,374.96,122623328
2014-02-09,379.43,385.19,379.25,381.19,110657222
2014-02-10,370.55,377.02,370.45,376.65,105702947
2014-02-11,377.03,379.07,376.51,376.69,98098976
2014-02-12,367.84,371.02,367.42,368.77,167921978
2014-02-13,363.38,371.24,359.8,368.2,119053750
2014-02-14,377.68,377.8,373.86,375.88,82934386
2014-02-15,368.08,369.39,367.66,369.31,138186670
2014-02-16,373.43,378.0,368.78,372.36,94413475
2014-02-17,364.42,374.17,361.79,365.06,68052445
2014-02-18,359.78,368.76,357.05,363.67,146993796
2014-02-19,371.23,374.49,365.42,370.0,94246879
2014-02-20,380.89,381.94,375.67,376.65,114720580
2014-02-21,386.08,387.13,376.97,379.91,73484901
2014-02-22,385.56,385.64,384.36,385.61,86717897
2014-02-23,390.48,394.56,390.24,391.08,158779863
2014-02-24,394.77,394.92,392.67,394.55,89391602
2014-02-25,398.4,399.51,397.78,398.55,151243960
2014-02-26,390.26,394.33,375.62,390.5,121704631
2014-02-27,392.3,399.3,389.3,397.16,147172473
2014-02-28,402.02,402.14,400.16,400.7,160244229
2014-03-01,398.51,399.7,393.23,395.46,145478508
2014-03-02,391.59,395.37,387.64,392.69,91022712
2014-03-03,387.35,395.95,383.17,393.0,54944809
2014-03-04,395.33,395.56,394.85,395.56,103186673
2014-03-05,400.63,402.02,399.93,400.49,102743086
2014-03-06,404.13,404.32,398.76,403.14,83839556
2014-03-07,407.28,415.91,406.58,410.05,60097981
2014-03-08,413.19,414.29,411.61,412.77,105011259
2014-03-09,412.66,414.79,408.51,414.25,65026019
2014-03-10,415.66,419.43,412.09,415.44,142350098
2014-03-11,410.47,416.15,408.86,412.33,65406394
2014-03-12,419.21,422.59,417.01,419.32,97322342
2014-03-13,420.92,422.57,420.61,422.49,80701816
2014-03-14,432.47,432.6,432.09,432.31,67365909
2014-03-15,433.5,443.9,429.07,430.02,68298988
2014-03-16,432.73,434.53,431.91,434.09,92302276
2014-03-17,437.2,440.24,432.8,436.37,81792323
2014-03-18,442.03,444.82,435.72,443.72,144100977
2014-03-19,438.54,439.32,438.09,439.23,145231458
2014-03-20,433.05,436.6,433.04,433.49,154142975
2014-03-21,429.15,432.65,428.12,432.47,143809445
2014-03-22,426.51,438.27,423.12,425.63,173057555
2014-03-23,421.68,423.29,419.04,421.72,88353942
2014-03-24,427.15,427.41,420.99,423.02,145078817
2014-03-25,418.17,422.14,417.11,418.41,104554936
2014-03-26,425.01,426.03,420.24,421.0,90688530
2014-03-27,424.25,429.07,413.22,418.47,134613039
2014-03-28,413.97,419.33,413.64,417.05,116328862
2014-03-29,421.02,425.67,418.41,419.46,54671165
2014-03-30,420.23,426.69,418.11,422.86,71504221
2014-03-31,423.48,423.67,406.76,419.63,58608178
2014-04-01,420.2,421.44,416.07,418.65,130736360
2014-04-02,416.37,419.63,413.06,418.15,56630975
2014-04-03,423.65,424.59,402.6,414.83,141814797
2014-04-04,417.76,421.18,417.69,418.4,114793566
2014-04-05,413.42,430.19,410.29,423.53,97386364
2014-04-06,424.35,431.44,423.68,429.39,77199329
2014-04-07,425.42,432.7,421.88,426.94,146877781
2014-04-08,426.08,431.51,424.2,429.03,93180111
2014-04-09,431.22,434.86,428.02,434.05,142797613
2014-04-10,432.41,439.1,431.09,437.12,60529494
2014-04-11,446.18,447.49,444.17,446.23,140334644
2014-04-12,443.56,450.41,442.12,444.08,131055051
2014-04-13,449.93,453.64,447.78,447.98,125042929
2014-04-14,449.46,450.72,449.21,450.03,91788739
2014-04-15,453.27,453.91,451.67,453.01,141291585
2014-04-16,443.97,449.74,438.7,445.87,60132108
2014-04-17,454.35,454.47,452.9,453.27,157017056
2014-04-18,456.91,462.35,453.22,455.28,124178127
2014-04-19,455.16,456.49,453.3,455.37,57611887
2014-04-20,453.65,456.93,452.72,456.41,148347976
2014-04-21,458.21,463.87,453.14,458.69,148474986
2014-04-22,456.26,458.56,448.3,454.34,155655849
2014-04-23,443.77,445.86,443.03,443.14,155852674
2014-04-24,441.55,442.07,438.39,441.94,54884139
2014-04-25,438.8,442.92,436.96,438.66,67420714
2014-04-26,437.86,441.22,432.34,432.83,66177790
2014-04-27,431.24,434.56,429.77,432.55,118048247
2014-04-28,429.24,430.96,426.73,429.41,129109631
2014-04-29,424.09,424.22,423.97,424.16,122948729
2014-04-30,424.81,429.34,421.3,422.65,143107326
2014-05-01,426.26,428.28,425.05,426.24,55809933
2014-05-02,426.73,427.12,424.46,425.12,73920009
2014-05-03,430.21,431.26,427.0,429.63,69379048
2014-05-04,435.92,437.6,428.68,430.71,61662559
2014-05-05,423.8,432.05,423.59,428.38,69275661
2014-05-06,424.95,428.8,424.71,428.17,110554247
2014-05-07,427.06,431.05,421.6,422.64,56680087
2014-05-08,411.24,414.95,408.78,414.12,144768860
2014-05-09,402.7,404.77,401.34,404.2,95850938
2014-05-10,400.36,403.14,398.24,401.96,94477254
2014-05-11,393.98,395.49,392.67,394.4,77833831
2014-05-12,405.94,411.83,403.2,407.64,73773280
2014-05-13,411.2,417.37,397.5,404.9,110131335
2014-05-14,404.29,406.33,404.22,405.72,149734413
2014-05-15,398.94,400.16,393.27,395.5,150812669
2014-05-16,394.71,395.46,387.16,388.03,120570064
2014-05-17,389.29,390.37,387.86,388.86,132198528
2014-05-18,388.01,392.55,387.2,387.29,153447977
2014-05-19,382.38,385.4,382.36,384.86,65475468
2014-05-20,387.13,387.84,383.79,385.17,59941501
2014-05-21,384.14,385.25,380.25,383.04,155841377
2014-05-22,382.52,384.3,380.55,383.74,125148982
2014-05-23,371.07,378.14,367.86,375.82,101660904
2014-05-24,377.42,380.99,372.55,375.84,140943165
2014-05-25,387.87,392.47,383.82,385.81,115299292
2014-05-26,375.41,380.4,374.22,376.81,119507829
2014-05-27,374.1,384.42,371.85,378.57,98366011
2014-05-28,376.58,377.99,372.5,375.94,103010888
2014-05-29,382.42,383.87,377.32,377.32,142734396
2014-05-30,375.32,380.53,371.35,379.1,117648043
2014-05-31,389.63,390.92,384.12,386.19,177147656
2014-06-01,383.58,384.91,380.73,383.8,144760064
2014-06-02,379.7,385.2,379.54,383.85,65588180
2014-06-03,381.31,382.54,377.29,381.86,96275484
2014-06-04,378.66,385.6,371.75,381.66,142494919
2014-06-05,378.64,383.87,368.56,377.96,97980891
2014-06-06,377.85,386.77,373.36,380.54,54382943
2014-06-07,380.73,384.87,378.31,382.79,145651751
2014-06-08,385.93,386.02,382.51,383.38,127488324
2014-06-09,381.19,382.28,376.64,379.97,88202369
2014-06-10,384.9,387.26,382.77,383.45,147141018
2014-06-11,390.11,391.94,388.35,390.3,60843302
2014-06-12,380.99,391.15,380.99,385.68,87381765
2014-06-13,386.81,387.27,385.98,387.18,84244502
2014-06-14,386.65,394.3,386.09,391.85,104910622
2014-06-15,385.46,387.59,385.17,386.26,87984531
2014-06-16,385.04,385.32,383.96,385.18,120913260
2014-06-17,376.06,379.29,374.48,376.36,127995497
2014-06-18,375.79,376.56,370.34,374.94,126499528
2014-06-19,373.6,375.24,370.52,374.38,107705436
2014-06-20,367.27,373.03,359.29,371.16,158311991
2014-06-21,367.22,375.61,367.04,374.77,128555529
2014-06-22,376.21,378.14,369.86,372.36,93272610
2014-06-23,374.43,374.55,368.26,368.45,106244995
2014-06-24,371.16,372.76,369.36,371.84,153640647
2014-06-25,357.63,363.35,357.49,362.14,117647452
2014-06-26,365.41,368.65,359.51,363.21,108566656
2014-06-27,369.42,369.91,367.64,368.4,150187320
2014-06-28,354.0,366.93,352.99,363.5,99311551
2014-06-29,365.84,366.8,361.82,366.15,141335866
2014-06-30,365.74,368.11,364.32,366.16,123018031
2014-07-01,364.57,368.23,362.89,363.72,63436292
2014-07-02,360.5,360.66,357.53,359.61,56664419
2014-07-03,363.42,365.04,356.26,360.06,144241090
2014-07-04,359.59,359.86,358.45,359.06,111329695
2014-07-05,360.18,361.06,358.95,359.14,60928012
2014-07-06,359.65,363.89,353.57,363.35,123151193
2014-07-07,366.27,366.44,363.26,363.61,120321067
2014-07-08,363.97,368.66,363.56,366.38,145084509
2014-07-09,373.12,374.57,368.55,372.11,65271717
2014-07-10,370.66,372.24,368.53,369.44,73395730
2014-07-11,362.82,365.81,361.5,365.17,165258268
2014-07-12,363.63,365.57,362.86,363.71,65436997
2014-07-13,363.39,363.4,363.32,363.36,62863026
2014-07-14,371.24,373.23,358.42,366.7,72956440
2014-07-15,360.7,374.93,358.69,368.36,152033341
2014-07-16,365.66,369.04,365.08,366.85,78591161
2014-07-17,368.78,373.39,368.53,369.44,90388488
2014-07-18,367.56,371.9,357.92,368.94,100450879
2014-07-19,368.4,371.31,364.97,370.46,94015968
2014-07-20,366.76,370.26,366.73,370.15,129194488
2014-07-21,360.86,371.04,359.98,362.19,127135164
2014-07-22,360.72,363.58,359.23,360.36,76773272
2014-07-23,361.87,362.76,358.97,361.74,155488288
2014-07-24,353.93,360.86,347.34,355.07,71802291
2014-07-25,359.78,380.55,348.68,355.25,130507440
2014-07-26,354.95,356.59,353.75,354.65,79302966
2014-07-27,360.18,367.33,359.93,361.06,108532960
2014-07-28,357.6,361.99,356.22,361.4,130543144
2014-07-29,363.72,365.28,360.32,364.68,106789828
2014-07-30,360.62,363.45,357.39,361.21,158836070
2014-07-31,365.81,369.27,359.63,364.4,141575600
2014-08-01,367.85,370.19,365.51,368.13,55661501
2014-08-02,372.87,374.14,371.81,371.9,87037302
2014-08-03,367.0,372.52,361.92,367.53,140194224
2014-08-04,368.59,369.99,366.79,367.82,92691250
2014-08-05,364.48,366.37,361.12,365.37,111330778
2014-08-06,361.42,361.52,360.4,360.74,131306197
2014-08-07,355.93,357.13,353.65,356.27,127564253
2014-08-08,359.54,363.57,357.17,359.4,110371301
2014-08-09,355.26,356.71,350.29,354.51,143167900
2014-08-10,355.99,356.08,352.28,355.2,70687153
2014-08-11,353.06,354.66,353.05,354.63,120846965
2014-08-12,349.69,351.76,349.31,351.76,149404472
2014-08-13,362.74,362.81,356.15,356.31,159187426
2014-08-14,368.01,369.82,366.53,368.83,80286034
2014-08-15,369.09,373.31,368.91,370.74,108171180
2014-08-16,369.89,370.03,366.71,367.4,122943060
2014-08-17,376.78,378.51,368.42,371.75,146340117
2014-08-18,372.05,373.71,370.83,372.91,145157203
2014-08-19,365.24,366.92,364.93,365.9,90155080
2014-08-20,364.51,365.83,361.46,364.15,143641440
2014-08-21,370.17,371.53,365.75,369.05,151518456
2014-08-22,371.41,375.53,365.6,367.84,103093845
2014-08-23,362.88,371.89,362.44,368.74,138706780
2014-08-24,365.88,369.23,365.58,366.12,70792625
2014-08-25,361.42,363.0,360.14,362.28,142578097
2014-08-26,372.43,374.77,369.76,372.14,124594353
2014-08-27,372.63,373.3,369.9,372.21,86965827
2014-08-28,372.52,374.65,369.6,373.93,116528736
2014-08-29,372.72,380.01,372.05,374.84,116380343
2014-08-30,384.07,388.68,380.91,383.6,144475936
2014-08-31,389.09,391.49,378.96,385.59,118811014
2014-09-01,384.88,385.9,384.36,385.34,96402951
2014-09-02,382.7,391.93,375.73,382.32,63412703
2014-09-03,386.03,389.88,384.71,386.16,93870940
2014-09-04,393.13,393.65,392.17,392.65,173478461
2014-09-05,398.86,401.93,389.61,394.3,80214251
2014-09-06,403.31,403.97,393.33,394.03,61775295
2014-09-07,402.32,403.22,379.59,387.08,68002649
2014-09-08,390.06,394.9,383.36,385.23,109120935
2014-09-09,379.58,379.63,377.7,378.82,89515840
2014-09-10,378.05,386.72,377.91,377.93,56051289
2014-09-11,375.16,380.69,373.44,377.23,79024600
2014-09-12,383.08,385.24,374.6,382.8,98661944
2014-09-13,384.13,385.9,378.69,384.19,154160917
2014-09-14,381.14,381.82,380.51,381.04,140299509
2014-09-15,394.65,398.85,385.29,388.32,119730669
2014-09-16,385.38,389.54,384.83,389.02,84200740
2014-09-17,384.35,385.84,379.38,383.18,130022079
2014-09-18,381.13,382.71,380.26,380.67,146512391
2014-09-19,379.97,390.96,379.31,384.77,70100016
2014-09-20,370.42,384.08,370.3,377.8,139385501
2014-09-21,376.74,379.44,374.8,379.06,150280642
2014-09-22,384.73,385.76,382.7,384.05,66497667
2014-09-23,383.24,384.95,374.32,381.96,53723276
2014-09-24,383.96,387.32,380.93,383.99,77526730
2014-09-25,386.15,387.48,385.58,386.21,125063978
2014-09-26,390.94,391.49,386.21,387.49,120749920
2014-09-27,383.47,386.83,381.27,382.37,169247830
2014-09-28,385.95,386.21,381.86,383.78,82537915
2014-09-29,379.49,384.96,379.43,379.52,87771861
2014-09-30,375.2,375.33,373.67,374.74,105429231
2014-10-01,374.89,375.3,374.46,375.11,116259233
2014-10-02,376.95,378.13,374.66,377.56,87042679
2014-10-03,380.8,381.69,371.3,376.57,143302146
2014-10-04,370.79,373.09,370.22,371.66,160897161
2014-10-05,365.61,371.1,363.31,366.62,149497728
2014-10-06,369.52,373.84,367.1,370.52,104378189
2014-10-07,376.07,378.17,372.52,374.56,74694563
2014-10-08,372.68,381.69,369.61,372.81,155141196
2014-10-09,377.82,391.85,377.01,377.7,122816446
2014-10-10,377.56,378.5,376.66,378.03,125662059
2014-10-11,382.82,384.28,381.64,383.46,93549280
2014-10-12,386.79,388.14,381.36,386.49,108386586
2014-10-13,386.72,393.0,386.31,392.43,152738322
2014-10-14,396.2,398.7,394.61,395.59,151223486
2014-10-15,403.73,404.71,403.02,403.1,166068692
2014-10-16,406.91,410.39,400.09,403.93,56657633
2014-10-17,403.18,403.58,402.05,403.53,114761372
2014-10-18,413.88,414.37,406.24,406.36,55650145
2014-10-19,409.6,409.8,408.91,409.08,115099012
2014-10-20,412.17,416.27,408.58,413.06,110583069
2014-10-21,421.03,432.32,413.08,419.21,111489784
2014-10-22,420.37,426.87,420.03,420.56,117399204
2014-10-23,427.96,429.11,419.75,421.72,118377483
2014-10-24,423.37,430.22,413.09,419.33,122048822
2014-10-25,416.11,418.4,412.34,417.1,145196703
2014-10-26,409.16,416.2,404.31,410.83,134025609
2014-10-27,408.27,409.21,407.59,408.39,116297848
2014-10-28,404.38,407.41,402.2,403.44,73470018
2014-10-29,402.32,410.76,400.57,405.75,107052952
2014-10-30,401.14,404.0,401.02,401.1,67593865
2014-10-31,392.63,398.13,390.6,395.92,149478241
2014-11-01,403.02,408.73,398.11,398.55,129667916
2014-11-02,406.32,407.02,405.44,406.09,96456084
2014-11-03,403.86,404.63,403.57,404.15,121526391
2014-11-04,406.98,416.5,402.21,407.43,148224385
2014-11-05,406.65,408.45,404.99,408.29,114894504
2014-11-06,401.98,407.92,400.35,405.52,149183846
2014-11-07,401.34,405.88,399.56,404.19,142542832
2014-11-08,394.28,400.63,391.68,397.87,131457036
2014-11-09,402.58,406.98,401.42,406.33,82400621
2014-11-10,409.75,411.25,407.96,408.36,93890695
2014-11-11,404.24,414.2,401.98,409.08,145647453
2014-11-12,415.91,416.7,410.55,411.02,114576198
2014-11-13,416.92,418.92,412.48,416.89,149078904
2014-11-14,420.63,424.55,419.57,421.65,160098787
2014-11-15,420.61,423.75,418.77,423.29,136758612
2014-11-16,422.19,427.75,419.4,427.04,54668506
2014-11-17,428.6,429.78,421.78,426.71,144214700
2014-11-18,426.72,433.55,418.01,431.69,70604529
2014-11-19,426.45,426.68,421.68,425.81,95985588
2014-11-20,432.83,434.93,423.45,430.23,128908626
2014-11-21,422.67,427.97,422.5,425.28,138703852
2014-11-22,413.8,414.38,411.52,412.7,150631792
2014-11-23,416.92,417.54,415.3,417.31,71568653
2014-11-24,428.23,439.47,422.16,425.36,151619397
2014-11-25,426.31,430.08,425.56,426.86,140773487
2014-11-26,428.08,434.16,425.62,430.62,86172601
2014-11-27,434.58,437.63,420.12,428.37,147145617
2014-11-28,422.67,423.36,420.77,423.08,99415589
2014-11-29,431.07,435.12,423.19,426.92,147079203
2014-11-30,434.87,437.65,430.4,433.85,87094454
2014-12-01,433.26,434.89,433.15,434.58,105332943
2014-12-02,440.33,441.89,434.42,436.05,118480525
2014-12-03,433.72,435.07,429.38,432.7,117969310
2014-12-04,425.64,432.38,422.34,430.28,152451022
2014-12-05,438.46,440.74,435.73,437.38,96166239
2014-12-06,442.62,442.78,437.8,442.47,108107988
2014-12-07,442.1,450.12,438.36,441.66,134245709
2014-12-08,447.51,454.94,443.58,447.41,58604741
2014-12-09,446.65,450.51,445.87,446.03,113289313
2014-12-10,445.31,449.95,442.85,445.48,143464804
2014-12-11,435.13,446.2,429.1,440.6,64745999
2014-12-12,439.27,445.28,436.73,443.91,62383307
2014-12-13,438.21,439.11,437.07,438.64,92943140
2014-12-14,432.79,436.57,431.42,432.85,146692635
2014-12-15,433.96,434.31,429.67,431.89,141344912
2014-12-16,441.84,443.27,439.78,440.46,111763527
2014-12-17,441.74,451.37,435.05,443.68,104957692
2014-12-18,445.18,447.11,441.67,446.99,102332754
2014-12-19,441.83,449.84,439.6,444.5,61577401
2014-12-20,449.37,452.9,431.08,436.87,74661752
2014-12-21,439.64,444.68,433.19,438.15,105573048
2014-12-22,437.77,440.84,437.63,440.23,144683666
2014-12-23,437.28,441.79,429.49,436.05,118139965
2014-12-24,438.26,438.33,435.5,436.81,90518408
2014-12-25,433.17,434.73,432.08,433.96,134053736
2014-12-26,436.63,439.48,422.5,432.56,114316070
2014-12-27,435.97,438.18,425.94,435.32,142561833
2014-12-28,432.94,433.53,432.0,432.69,90102347
2014-12-29,450.94,451.39,437.95,441.45,136976323
2014-12-30,439.12,444.61,439.01,440.55,119037068
2014-12-31,441.78,442.99,440.12,440.96,134657249
2015-01-01,430.87,438.85,428.25,432.3,104676270
2015-01-02,430.93,433.98,428.99,431.67,128751382
2015-01-03,439.62,440.28,435.1,437.52,159279690
2015-01-04,439.02,448.9,436.71,440.94,113202756
2015-01-05,444.53,447.61,439.61,443.72,138473900
2015-01-06,441.35,447.4,439.3,443.76,86957448
2015-01-07,435.55,439.79,435.17,435.77,65414469
2015-01-08,442.12,442.92,427.48,432.46,127613783
2015-01-09,438.8,439.63,433.59,437.85,140596862
2015-01-10,437.11,437.74,435.5,436.94,100587899
2015-01-11,450.18,457.28,427.04,444.06,141382517
2015-01-12,455.44,455.6,451.15,453.51,131541664
2015-01-13,448.53,453.74,446.94,453.3,53756775
2015-01-14,448.51,449.68,445.51,448.35,110276637
2015-01-15,444.24,446.92,442.05,446.11,140628599
2015-01-16,443.63,451.64,443.43,446.56,67256825
2015-01-17,447.01,450.09,446.05,446.89,50608734
2015-01-18,447.42,456.98,446.4,451.34,99680370
2015-01-19,452.93,458.14,451.81,455.27,154208667
2015-01-20,462.48,463.64,458.86,460.96,129293821
2015-01-21,451.7,454.01,444.68,450.94,137834438
2015-01-22,458.68,459.11,453.39,457.64,119025588
2015-01-23,468.37,471.51,466.91,468.59,87941837
2015-01-24,471.61,474.43,467.99,470.85,90841867
2015-01-25,464.55,464.68,464.22,464.42,105866220
2015-01-26,462.81,467.52,452.26,462.34,138463821
2015-01-27,467.33,473.0,463.22,467.71,130310682
2015-01-28,470.15,471.49,469.12,470.76,127854726
2015-01-29,476.49,477.2,475.73,476.82,149586498
2015-01-30,480.14,481.01,471.44,478.31,130480265
2015-01-31,476.36,477.16,475.26,475.29,66560078
2015-02-01,479.86,482.68,476.72,478.9,119996342
2015-02-02,469.77,489.54,468.1,481.72,64410978
2015-02-03,485.19,485.46,483.47,485.13,143795005
2015-02-04,495.72,496.47,489.34,491.29,149034940
2015-02-05,486.48,494.71,473.28,485.53,86988672
2015-02-06,482.62,482.83,482.29,482.8,71984972
2015-02-07,486.9,487.36,477.59,480.7,75109765
2015-02-08,490.8,502.03,483.73,487.12,56856349
2015-02-09,475.34,479.41,467.66,477.18,114891699
2015-02-10,477.42,489.81,477.03,478.76,65295232
2015-02-11,484.54,486.46,481.28,484.39,139423232
2015-02-12,486.11,490.4,483.48,483.76,97741293
2015-02-13,489.5,496.22,472.91,484.19,144534991
2015-02-14,493.89,495.13,488.36,489.41,86782732
2015-02-15,486.35,489.11,479.23,482.15,145029461
2015-02-16,491.63,494.46,489.97,492.19,113681774
2015-02-17,490.26,497.41,490.09,493.99,100092776
2015-02-18,497.15,497.33,495.52,497.16,90907166
2015-02-19,484.42,492.0,483.47,484.22,129440608
2015-02-20,485.51,493.26,484.92,485.72,122546155
2015-02-21,481.57,490.19,480.77,484.05,63418959
2015-02-22,489.04,489.41,484.8,484.88,143783840
2015-02-23,493.7,493.89,492.2,492.56,164953638
2015-02-24,493.29,496.31,491.05,495.07,155239921
2015-02-25,496.42,501.31,494.76,495.29,106607772
2015-02-26,496.67,507.53,488.54,494.76,74160181
2015-02-27,490.89,493.53,489.02,490.86,159836124
2015-02-28,483.03,493.11,481.94,489.39,56572262
2015-03-01,485.53,487.36,485.1,487.33,103975604
2015-03-02,472.29,476.16,466.17,474.22,139115065
2015-03-03,475.89,481.6,470.85,472.59,121314158
2015-03-04,466.71,473.87,459.9,465.46,71421107
2015-03-05,466.25,466.86,462.64,463.51,119900686
2015-03-06,465.81,466.34,463.15,463.65,106831487
2015-03-07,468.5,474.91,461.19,469.08,149680784
2015-03-08,473.39,479.08,464.86,468.01,131179510
2015-03-09,465.42,468.35,460.83,463.69,162208777
2015-03-10,470.28,473.59,465.47,468.18,71261963
2015-03-11,472.68,473.25,465.22,466.23,68465144
2015-03-12,455.38,462.95,451.53,460.44,103216403
2015-03-13,449.52,454.06,447.32,451.28,140720146
2015-03-14,437.81,437.96,427.72,434.06,175448274
2015-03-15,437.71,441.66,436.89,438.08,109655182
2015-03-16,442.32,444.58,434.96,443.6,74231798
2015-03-17,440.55,443.6,439.63,442.36,99947178
2015-03-18,446.88,447.78,438.26,440.06,91890669
2015-03-19,437.01,440.46,433.65,434.97,118154143
2015-03-20,433.81,436.84,430.83,433.15,78972580
2015-03-21,427.16,432.48,426.74,428.4,83176989
2015-03-22,430.36,430.84,428.62,429.94,67371959
2015-03-23,439.21,454.31,432.43,441.52,91030752
2015-03-24,440.72,446.25,434.48,440.79,79542252
2015-03-25,443.88,444.4,443.46,444.22,145544949
2015-03-26,452.57,457.36,446.85,451.98,165594754
2015-03-27,441.14,444.18,438.46,442.98,150057202
2015-03-28,443.65,447.0,434.44,440.47,111027508
2015-03-29,436.14,438.69,436.06,436.29,68015815
2015-03-30,441.29,443.68,437.9,441.59,60807285
2015-03-31,441.1,443.48,438.34,440.93,100332943
2015-04-01,450.93,455.34,440.78,442.22,114136632
2015-04-02,449.42,454.04,447.28,447.87,66069642
2015-04-03,451.2,456.37,450.74,451.86,118184003
2015-04-04,455.54,458.21,442.84,452.74,107798836
2015-04-05,462.14,463.72,454.78,457.37,96906190
2015-04-06,457.51,460.08,456.46,458.85,146777042
2015-04-07,457.16,463.62,456.57,456.87,102591422
2015-04-08,464.16,466.15,447.89,456.86,80134604
2015-04-09,459.05,459.28,457.99,458.46,66616653
2015-04-10,468.51,472.01,455.04,463.2,63982760
2015-04-11,467.56,468.02,461.97,467.24,107918023
2015-04-12,471.02,473.52,468.29,471.58,119231369
2015-04-13,465.19,471.5,461.03,467.29,87565556
2015-04-14,466.35,470.52,463.94,466.58,78424975
2015-04-15,458.65,474.53,457.99,469.29,153367048
2015-04-16,474.61,477.36,472.2,475.11,124240650
2015-04-17,469.03,469.87,466.58,469.03,105503983
2015-04-18,470.65,472.36,466.47,466.5,110873750
2015-04-19,468.97,472.73,463.45,466.63,88042040
2015-04-20,474.69,478.48,472.25,472.57,138689392
2015-04-21,472.52,473.36,468.97,472.69,107235300
2015-04-22,469.46,471.72,464.8,467.93,68237540
2015-04-23,471.45,472.45,470.85,471.71,78262725
2015-04-24,466.56,468.47,466.26,468.27,110633353
2015-04-25,470.62,472.53,465.12,470.63,147318609
2015-04-26,470.52,475.01,470.2,474.78,87111497
2015-04-27,474.6,481.53,471.77,477.38,131423220
2015-04-28,483.72,486.17,469.47,480.64,81373751
2015-04-29,476.97,480.98,470.07,478.67,87841692
2015-04-30,469.35,480.53,463.24,476.32,129133142
2015-05-01,489.09,489.23,479.08,485.69,61439594
2015-05-02,487.2,494.92,486.67,492.39,117745590
2015-05-03,493.98,496.52,489.15,493.06,56258033
2015-05-04,489.68,489.78,487.33,488.29,65456793
2015-05-05,474.28,482.18,474.12,479.96,79550241
2015-05-06,475.13,478.16,473.73,477.79,66077070
2015-05-07,473.51,480.6,469.88,477.65,128570983
2015-05-08,487.67,491.45,483.1,485.65,81835573
2015-05-09,484.4,489.77,476.49,483.09,58585234
2015-05-10,481.22,482.75,480.17,481.54,148445781
2015-05-11,483.69,485.65,471.18,478.4,63987831
2015-05-12,468.06,476.31,467.75,471.45,116626036
2015-05-13,468.45,480.44,465.9,475.24,103263270
2015-05-14,471.62,472.6,468.93,472.58,73739783
2015-05-15,477.78,477.98,472.42,473.06,121435989
2015-05-16,476.16,478.42,469.28,471.06,105844552
2015-05-17,479.49,483.54,477.19,477.48,160677775
2015-05-18,485.01,485.8,484.44,484.62,97407161
2015-05-19,480.02,487.6,471.65,479.96,80274156
2015-05-20,475.15,479.29,464.58,471.14,72282161
2015-05-21,469.74,471.29,461.07,465.91,114385507
2015-05-22,463.04,466.65,459.32,465.52,72671667
2015-05-23,457.93,458.24,455.31,457.09,92536335
2015-05-24,479.04,479.37,469.89,470.69,108706333
2015-05-25,469.5,471.05,469.13,469.9,67392141
2015-05-26,476.44,483.98,473.59,478.03,109214333
2015-05-27,485.76,486.49,477.73,479.46,108950621
2015-05-28,483.99,492.46,483.58,484.6,98706175
2015-05-29,487.08,490.68,481.37,483.9,57063602
2015-05-30,470.06,482.91,469.31,478.27,76449343
2015-05-31,472.88,476.32,468.63,474.06,70320759
2015-06-01,476.47,477.4,473.76,476.49,58557694
2015-06-02,480.92,489.52,470.04,474.53,139302843
2015-06-03,474.43,482.57,474.25,479.02,102531026
2015-06-04,475.18,482.67,473.33,477.92,134730301
2015-06-05,475.28,478.33,471.92,476.22,105425297
2015-06-06,486.62,488.85,484.51,485.39,71122879
2015-06-07,492.01,492.81,484.87,487.53,100965779
2015-06-08,488.96,490.05,487.43,488.95,151879691
2015-06-09,494.28,494.88,488.73,492.85,112764687
2015-06-10,490.24,503.74,486.86,490.18,64987435
2015-06-11,493.92,502.78,479.26,486.93,84458328
2015-06-12,491.74,492.42,474.97,486.27,102659600
2015-06-13,493.02,497.5,491.5,494.34,141742020
2015-06-14,480.25,493.01,470.75,484.5,97510598
2015-06-15,488.73,505.63,485.37,487.8,117371813
2015-06-16,497.43,498.47,473.77,484.38,109642485
2015-06-17,479.84,482.93,478.38,481.54,140524168
2015-06-18,487.58,489.22,479.21,483.17,147138682
2015-06-19,482.83,484.49,474.42,482.76,134407046
2015-06-20,476.3,482.59,474.16,479.79,74075254
2015-06-21,480.97,484.63,474.71,476.12,71610665
2015-06-22,486.42,491.18,485.52,487.89,82093996
2015-06-23,492.55,503.54,490.47,492.34,88926876
2015-06-24,488.66,491.28,482.45,483.34,139699537
2015-06-25,484.69,495.54,482.96,485.13,81684411
2015-06-26,477.6,479.99,476.51,479.14,164008461
2015-06-27,485.81,487.22,483.79,486.73,112372087
2015-06-28,492.98,495.69,488.74,495.19,122278228
2015-06-29,500.91,505.82,497.07,505.58,119012210
2015-06-30,502.21,507.99,500.32,504.72,51905200
2015-07-01,507.76,511.94,505.23,506.27,140430416
2015-07-02,515.36,517.87,514.09,517.67,154935351
2015-07-03,514.63,516.58,506.92,513.9,74257296
2015-07-04,511.78,514.91,509.08,511.83,123497824
2015-07-05,505.09,507.31,504.74,505.22,107927008
2015-07-06,516.11,517.16,510.73,511.03,90688994
2015-07-07,517.95,522.22,515.05,516.59,61212292
2015-07-08,507.11,508.65,504.92,508.08,148953678
2015-07-09,501.48,503.33,495.03,501.91,110317445
2015-07-10,506.29,510.31,505.11,507.53,115628052
2015-07-11,506.44,507.1,502.23,506.92,132794828
2015-07-12,514.38,526.15,506.47,515.21,82892390
2015-07-13,519.7,521.79,513.77,519.49,95932455
2015-07-14,513.5,520.52,512.82,519.41,68131921
2015-07-15,518.14,528.91,517.3,520.89,152586028
2015-07-16,525.41,532.26,515.8,519.79,118620642
2015-07-17,523.64,545.77,516.37,521.66,84885464
2015-07-18,520.25,522.64,514.73,515.52,121561762
2015-07-19,504.54,514.29,501.76,511.49,105114391
2015-07-20,522.03,528.31,515.48,516.06,154873383
2015-07-21,522.65,527.73,509.83,524.28,58001984
2015-07-22,518.84,533.07,512.84,525.83,108426503
2015-07-23,521.08,533.81,501.35,523.89,98537268
2015-07-24,525.25,526.33,516.12,519.93,109233925
2015-07-25,522.95,525.24,520.67,523.28,120762299
2015-07-26,520.1,522.58,514.73,516.73,112058222
2015-07-27,524.35,527.14,515.79,519.91,109859549
2015-07-28,512.88,520.12,507.83,515.0,61960125
2015-07-29,531.43,532.94,521.81,525.52,65588317
2015-07-30,523.7,524.19,513.68,517.0,72913380
2015-07-31,524.11,524.62,522.32,523.63,137674270
2015-08-01,526.78,538.87,520.18,534.48,153728931
2015-08-02,536.9,541.13,534.75,536.09,95182115
2015-08-03,537.4,539.98,532.41,536.07,120210847
2015-08-04,529.08,531.89,526.63,530.97,117158444
2015-08-05,519.6,522.79,515.19,520.19,62186033
2015-08-06,523.38,531.26,505.52,519.63,62359426
2015-08-07,511.52,515.48,506.02,514.21,150914624
2015-08-08,519.88,520.13,511.89,517.33,80344552
2015-08-09,521.22,522.89,515.25,516.27,104710619
2015-08-10,522.48,530.87,520.93,526.4,132397094
2015-08-11,526.93,537.68,519.13,535.05,103931594
2015-08-12,538.92,544.75,537.7,537.78,58421724
2015-08-13,530.72,532.85,530.03,532.36,135024307
2015-08-14,529.84,531.11,523.17,529.87,83367586
2015-08-15,526.87,533.33,525.48,530.21,76337928
2015-08-16,521.97,526.03,521.78,523.84,161216631
2015-08-17,518.84,522.64,515.83,521.87,85703650
2015-08-18,519.06,521.99,514.71,520.57,126922497
2015-08-19,515.68,525.07,512.62,522.16,118569309
2015-08-20,520.07,531.71,517.53,520.21,72454188
2015-08-21,515.1,534.22,506.87,525.41,126414150
2015-08-22,519.92,520.78,519.74,520.59,109603592
2015-08-23,508.71,526.81,506.72,514.13,121512313
2015-08-24,505.0,510.03,501.14,509.66,129396472
2015-08-25,508.82,513.24,497.9,510.13,82540616
2015-08-26,506.2,508.99,505.84,508.62,145372326
2015-08-27,500.84,504.97,500.66,504.72,160341737
2015-08-28,487.69,502.19,480.38,499.6,68156500
2015-08-29,503.81,506.61,501.58,505.38,60796675
2015-08-30,496.47,503.29,494.53,495.85,121301869
2015-08-31,495.88,498.86,494.58,494.98,54655480
2015-09-01,505.78,507.83,504.91,505.74,64219787
2015-09-02,499.53,505.91,498.69,501.87,91134644
2015-09-03,510.9,514.22,510.52,513.03,154819459
2015-09-04,509.08,511.27,508.99,509.86,127957445
2015-09-05,514.97,515.84,505.47,513.01,98080162
2015-09-06,514.77,518.25,510.48,514.49,82205493
2015-09-07,505.8,506.77,504.8,506.3,141268189
2015-09-08,503.6,506.98,499.58,501.02,164655098
2015-09-09,499.94,517.78,498.85,505.39,149422451
2015-09-10,520.76,527.71,520.3,522.04,156593335
2015-09-11,519.09,526.76,518.81,525.68,118357518
2015-09-12,523.06,526.39,516.71,522.89,68617225
2015-09-13,523.16,530.96,521.81,526.54,75336905
2015-09-14,533.75,542.37,530.63,530.64,137585373
2015-09-15,534.19,534.55,532.86,533.05,106051745
2015-09-16,541.13,542.3,535.76,537.35,132431568
2015-09-17,531.19,538.05,530.66,537.38,149160733
2015-09-18,537.12,538.19,522.7,532.45,105819110
2015-09-19,534.66,536.14,533.27,533.5,138120665
2015-09-20,533.2,534.76,533.13,534.3,120107501
2015-09-21,542.11,545.07,532.74,534.38,105024814
2015-09-22,542.55,543.23,534.85,537.33,139821030
2015-09-23,531.86,540.64,527.31,532.36,138948842
2015-09-24,539.45,540.12,529.17,536.39,54294621
2015-09-25,531.69,536.13,531.06,534.37,78650616
2015-09-26,544.14,549.42,536.77,544.46,86364268
2015-09-27,548.54,557.11,538.94,545.29,76342452
2015-09-28,537.14,545.32,535.4,536.36,74123561
2015-09-29,523.03,532.97,515.98,528.09,66508433
2015-09-30,510.7,528.69,509.71,523.04,116841596
2015-10-01,518.18,522.59,514.92,516.76,166749263
2015-10-02,525.4,530.16,510.6,517.71,102415458
2015-10-03,508.17,510.65,506.95,509.11,72268632
2015-10-04,506.33,509.03,505.22,508.69,56229964
2015-10-05,506.19,510.56,498.06,507.15,54104221
2015-10-06,523.05,527.83,512.39,517.08,86088563
2015-10-07,511.14,517.38,508.94,514.66,146442762
2015-10-08,508.37,509.0,507.23,507.63,128280734
2015-10-09,498.94,518.16,497.56,510.16,103245018
2015-10-10,509.45,522.74,498.7,512.11,126357520
2015-10-11,519.76,522.06,509.52,519.28,97609464
2015-10-12,532.24,535.17,529.33,531.77,91367528
2015-10-13,532.83,534.82,529.45,530.53,147541003
2015-10-14,541.58,545.32,538.04,539.53,88561086
2015-10-15,547.57,558.99,538.67,540.43,126012551
2015-10-16,530.45,544.66,529.73,541.31,52966967
2015-10-17,546.47,548.18,544.38,545.4,154046394
2015-10-18,541.77,544.52,541.1,544.32,108988639
2015-10-19,544.72,550.24,543.3,545.22,108464937
2015-10-20,551.99,555.1,541.04,553.94,95750704
2015-10-21,557.62,560.07,553.39,559.01,57943848
2015-10-22,558.77,566.75,544.2,562.82,59072559
2015-10-23,567.48,573.67,560.87,564.18,54967100
2015-10-24,563.34,567.15,562.9,563.0,152578328
2015-10-25,561.6,565.8,556.39,561.95,146970541
2015-10-26,564.94,565.82,564.58,565.01,137555262
2015-10-27,563.82,568.52,558.29,565.26,146041758
2015-10-28,561.28,566.51,560.94,562.86,155076344
2015-10-29,553.86,572.69,543.68,563.38,104510143
2015-10-30,584.57,584.58,567.93,576.37,154697346
2015-10-31,581.51,586.47,576.06,580.99,148856246
2015-11-01,580.42,583.3,579.88,582.47,134052004
2015-11-02,593.63,594.25,577.74,585.74,121885028
2015-11-03,595.77,603.27,589.25,591.3,106947359
2015-11-04,587.43,592.18,579.62,588.12,98206426
2015-11-05,594.0,611.65,584.32,596.51,168060335
2015-11-06,596.22,596.91,594.08,595.06,133261500
2015-11-07,593.38,598.08,592.01,595.07,134079900
2015-11-08,605.14,606.51,603.51,603.79,147766602
2015-11-09,606.86,607.97,595.18,602.2,119337002
2015-11-10,603.8,613.05,597.66,608.65,146046508
2015-11-11,614.02,623.42,607.61,610.5,82890727
2015-11-12,620.16,629.89,614.72,619.96,120969030
2015-11-13,628.2,637.9,615.97,627.94,113937493
2015-11-14,637.9,646.87,619.45,630.32,154601539
2015-11-15,625.45,632.89,625.21,626.51,81693567
2015-11-16,631.11,637.32,613.82,633.53,67125215
2015-11-17,638.73,639.26,625.54,634.92,148891207
2015-11-18,614.61,617.05,603.42,615.91,147075190
2015-11-19,616.23,629.08,613.44,624.44,114504144
2015-11-20,636.17,637.39,635.18,635.2,92816011
2015-11-21,632.47,636.74,632.33,636.35,112460585
2015-11-22,630.57,647.0,626.34,639.91,118958624
2015-11-23,643.13,645.07,638.24,642.33,108428136
2015-11-24,636.27,640.65,630.28,639.34,88728639
2015-11-25,641.85,648.13,640.34,644.64,146355049
2015-11-26,652.09,659.19,651.68,654.53,80858790
2015-11-27,651.41,662.74,649.84,652.08,137018775
2015-11-28,651.41,657.58,649.81,657.51,142022300
2015-11-29,659.9,664.67,652.07,653.43,153578033
2015-11-30,656.39,659.3,653.51,655.89,114994256
2015-12-01,656.9,658.4,652.06,657.83,55752665
2015-12-02,647.65,649.52,641.49,648.39,141039984
2015-12-03,652.92,661.05,651.75,656.73,130261831
2015-12-04,670.68,675.59,664.37,667.44,121483672
2015-12-05,658.4,664.2,656.6,662.52,155827358
2015-12-06,650.47,662.79,649.87,656.05,65615692
2015-12-07,642.52,653.12,642.02,645.08,168205055
2015-12-08,653.11,660.09,649.76,652.68,85796966
2015-12-09,655.36,657.87,642.05,651.48,88513146
2015-12-10,648.47,656.28,642.35,644.78,140373573
2015-12-11,645.65,646.54,640.56,646.24,89576075
2015-12-12,651.25,656.83,647.69,654.17,109205038
2015-12-13,657.11,661.83,653.94,654.87,128797030
2015-12-14,660.22,662.02,657.3,657.98,69480832
2015-12-15,645.74,655.42,642.57,648.14,79781482
2015-12-16,646.29,648.14,645.43,646.44,69510045
2015-12-17,649.42,667.74,639.84,648.39,94247298
2015-12-18,637.47,641.43,632.81,639.11,63828500
2015-12-19,635.79,647.9,633.73,643.05,111588790
2015-12-20,640.4,648.25,634.42,637.89,68029544
2015-12-21,630.79,635.3,629.23,634.09,83524474
2015-12-22,649.22,653.8,643.19,650.7,70849448
2015-12-23,651.81,653.17,640.3,649.83,131498455
2015-12-24,649.55,660.89,647.09,657.07,60459511
2015-12-25,660.77,661.44,654.98,655.7,111064156
2015-12-26,651.74,659.68,651.34,652.08,68855140
2015-12-27,662.29,663.07,660.8,662.52,87919512
2015-12-28,671.81,673.7,657.54,667.36,130036618
2015-12-29,660.67,662.08,655.17,659.17,107308720
2015-12-30,671.68,672.91,669.91,670.11,132010659
2015-12-31,676.46,680.97,666.72,677.89,132162867
2016-01-01,677.57,682.64,670.25,675.03,87988063
2016-01-02,678.26,678.5,675.7,677.54,69084321
2016-01-03,684.73,697.04,674.74,679.54,73065568
2016-01-04,657.74,676.36,655.72,669.34,137059649
2016-01-05,666.15,673.34,660.23,668.22,97096384
2016-01-06,664.51,669.13,663.47,668.4,110588331
2016-01-07,662.09,668.34,659.98,666.13,154148129
2016-01-08,662.77,663.41,658.53,661.27,119977510
2016-01-09,675.81,677.55,670.81,671.05,65684355
2016-01-10,666.85,667.39,660.97,661.52,73644591
2016-01-11,650.07,656.35,645.64,653.18,118116045
2016-01-12,649.81,649.96,647.69,648.87,135503772
2016-01-13,655.81,656.46,653.03,653.14,132025791
2016-01-14,645.35,647.28,633.26,638.78,146771770
2016-01-15,640.4,645.05,638.3,643.09,92814207
2016-01-16,629.6,640.61,628.76,634.28,164455422
2016-01-17,636.08,638.64,628.17,636.84,151660212
2016-01-18,628.82,633.68,622.49,629.43,114138040
2016-01-19,626.62,627.84,621.42,626.73,131264751
2016-01-20,630.01,635.1,629.87,633.95,92900856
2016-01-21,646.99,648.44,645.39,646.18,136189345
2016-01-22,634.65,638.87,634.5,636.03,136085935
2016-01-23,620.3,628.85,615.15,627.31,110876007
2016-01-24,634.33,637.43,632.5,636.47,71590632
2016-01-25,648.22,651.48,639.54,646.94,127724475
2016-01-26,654.56,666.16,643.42,650.5,138095529
2016-01-27,655.92,657.59,645.76,651.59,62895116
2016-01-28,648.58,652.3,643.71,649.91,135484214
2016-01-29,649.16,649.49,645.81,647.31,75930293
2016-01-30,648.44,651.96,644.56,651.12,108171226
2016-01-31,641.84,656.85,631.21,635.12,164566387
2016-02-01,642.99,646.49,627.25,637.1,68513911
2016-02-02,628.59,630.79,624.74,626.28,110894678
2016-02-03,631.97,639.11,618.26,629.22,91746392
2016-02-04,622.76,625.61,620.27,623.08,163962376
2016-02-05,620.28,631.19,616.6,623.68,141916814
2016-02-06,611.03,622.78,609.85,621.14,149408398
2016-02-07,623.44,626.79,621.33,623.5,96515684
2016-02-08,617.07,620.98,612.4,616.46,110545118
2016-02-09,626.18,627.55,608.23,619.26,145856514
2016-02-10,627.68,632.04,625.53,629.03,142057412
2016-02-11,631.03,634.7,625.92,626.83,52291933
2016-02-12,636.15,637.72,635.86,636.76,109289315
2016-02-13,649.42,649.84,648.43,649.44,126639743
2016-02-14,646.29,646.36,641.04,642.44,93970391
2016-02-15,633.52,649.82,629.16,636.32,63638807
2016-02-16,639.4,639.6,636.22,639.38,127534635
2016-02-17,641.9,641.95,637.09,637.93,142277339
2016-02-18,642.63,645.82,638.52,641.95,133987838
2016-02-19,647.77,648.71,643.04,646.87,63817001
2016-02-20,654.09,662.8,651.65,651.91,73937206
2016-02-21,658.47,661.61,652.14,653.33,128167952
2016-02-22,648.91,664.89,646.67,657.96,67821373
2016-02-23,668.63,675.2,664.78,665.03,165127875
2016-02-24,660.73,668.78,658.05,665.16,140093460
2016-02-25,669.26,675.53,663.69,669.31,87917136
2016-02-26,672.39,684.41,671.24,678.34,101906223
2016-02-27,669.88,676.53,663.47,674.87,98392661
2016-02-28,672.89,675.62,663.0,673.28,102588396
2016-02-29,683.86,692.72,683.71,685.75,131560314
2016-03-01,694.48,694.66,685.79,686.26,87628304
2016-03-02,698.11,698.98,694.85,694.92,64075051
2016-03-03,696.51,700.59,696.16,699.04,147500525
2016-03-04,708.18,709.15,704.99,706.91,162429521
2016-03-05,716.7,716.8,712.62,716.21,84111761
2016-03-06,696.42,716.76,694.07,704.65,79851911
2016-03-07,698.34,700.17,692.41,697.33,119944731
2016-03-08,699.76,706.99,693.99,695.09,125732124
2016-03-09,693.9,698.54,681.58,698.24,135841693
2016-03-10,704.21,712.01,699.99,710.65,146290747
2016-03-11,712.26,713.8,707.11,710.23,136782966
2016-03-12,700.03,700.6,699.86,700.21,62850258
2016-03-13,698.99,703.24,698.0,701.65,139304751
2016-03-14,710.16,711.63,703.8,706.9,120614336
2016-03-15,711.84,712.37,702.29,704.97,116902619
2016-03-16,698.01,708.72,689.3,694.1,146684787
2016-03-17,695.65,712.36,689.13,711.8,73407409
2016-03-18,709.73,712.65,708.85,711.45,142685803
2016-03-19,709.52,712.11,694.79,703.92,156516000
2016-03-20,705.82,706.82,701.38,705.32,105878507
2016-03-21,700.39,701.05,697.01,700.77,98401411
2016-03-22,712.55,720.98,696.13,706.79,160679446
2016-03-23,723.02,723.05,714.13,717.35,160919522
2016-03-24,717.62,724.24,707.83,723.83,149711961
2016-03-25,743.54,744.8,704.55,735.36,117975853
2016-03-26,721.24,723.94,720.15,722.71,102647597
2016-03-27,721.8,723.03,716.42,719.03,157549117
2016-03-28,707.8,714.85,705.11,710.8,89898114
2016-03-29,717.41,718.04,713.2,716.84,162622819
2016-03-30,728.55,739.24,722.27,724.99,137911452
2016-03-31,720.86,721.02,715.9,718.69,109203645
2016-04-01,710.69,719.63,708.04,716.71,145777656
2016-04-02,720.41,722.6,711.98,712.54,116627528
2016-04-03,697.91,709.03,695.87,702.07,149686743
2016-04-04,705.25,707.96,699.27,700.45,91475853
2016-04-05,715.86,716.39,711.11,715.24,171175162
2016-04-06,713.32,713.53,692.82,709.8,114529745
2016-04-07,685.43,686.81,684.24,686.51,106400622
2016-04-08,683.52,684.55,676.75,682.54,73732262
2016-04-09,686.36,702.0,680.2,684.33,139211172
2016-04-10,698.05,698.07,682.93,690.62,141650502
2016-04-11,699.03,705.87,689.38,696.59,92656871
2016-04-12,693.95,697.11,690.97,691.84,94172363
2016-04-13,688.22,689.29,682.53,684.75,86955094
2016-04-14,701.81,702.52,695.94,697.48,82139816
2016-04-15,710.61,714.52,704.2,706.12,110455041
2016-04-16,717.61,719.16,710.09,711.08,138459795
2016-04-17,708.18,719.23,703.35,717.87,151091592
2016-04-18,717.71,731.13,715.84,727.52,83389371
2016-04-19,716.75,723.56,708.66,715.37,163491375
2016-04-20,720.48,727.0,714.38,718.54,64148003
2016-04-21,724.52,727.84,706.15,722.27,99196045
2016-04-22,715.15,724.62,714.41,717.47,128631259
2016-04-23,709.24,721.77,706.95,712.57,107160286
2016-04-24,707.75,708.98,706.13,707.83,111772565
2016-04-25,724.92,733.7,714.33,722.35,120294525
2016-04-26,727.11,739.64,723.61,731.57,69219317
2016-04-27,722.77,730.15,721.93,727.38,108045144
2016-04-28,708.22,709.71,702.51,703.59,149074479
2016-04-29,710.78,716.55,697.58,708.93,124812580
2016-04-30,713.81,717.1,694.07,707.81,63251068
2016-05-01,693.8,699.31,691.33,696.55,131769053
2016-05-02,701.85,703.44,697.75,702.2,113740800
2016-05-03,698.02,698.11,694.63,696.54,58491247
2016-05-04,690.48,701.67,688.04,697.47,92880879
2016-05-05,699.99,704.01,694.61,694.61,130707445
2016-05-06,690.49,696.61,683.09,692.95,95227676
2016-05-07,687.1,687.77,686.25,686.27,58703597
2016-05-08,685.33,690.15,679.5,687.05,116269213
2016-05-09,695.87,702.49,694.48,699.65,106257754
2016-05-10,709.32,715.24,699.37,708.65,116301121
2016-05-11,701.14,701.32,687.69,697.25,152005943
2016-05-12,683.18,685.78,679.78,681.53,80316656
2016-05-13,678.5,690.17,674.89,683.33,108719389
2016-05-14,674.45,701.81,672.22,700.1,154808871
2016-05-15,724.36,730.57,708.97,712.67,67771805
2016-05-16,686.48,720.21,675.24,707.24,125597875
2016-05-17,702.76,712.84,700.43,712.5,116092575
2016-05-18,707.74,723.72,706.2,716.96,110854029
2016-05-19,704.88,706.56,704.82,706.08,166651249
2016-05-20,701.29,722.42,693.82,704.46,140739463
2016-05-21,708.5,713.4,702.54,705.04,107878973
2016-05-22,718.91,720.75,714.03,720.16,179943015
2016-05-23,721.54,724.48,718.03,718.96,71601095
2016-05-24,717.45,731.0,710.49,719.47,136915764
2016-05-25,734.34,735.52,727.57,732.01,66665802
2016-05-26,730.21,732.72,725.33,731.88,130848151
2016-05-27,732.61,738.99,729.38,734.57,109160571
2016-05-28,730.46,751.88,725.12,730.55,113990497
2016-05-29,751.75,762.16,741.51,742.99,114241777
2016-05-30,735.06,737.46,734.22,736.47,86767158
2016-05-31,747.46,748.99,730.46,745.9,81107144
2016-06-01,730.5,742.8,719.89,740.98,128935024
2016-06-02,724.39,732.35,722.23,727.54,76611875
2016-06-03,741.0,746.4,728.73,733.59,71853532
2016-06-04,725.43,729.14,723.99,728.64,92890268
2016-06-05,728.12,728.7,724.56,726.26,138148195
2016-06-06,719.89,728.61,716.56,725.44,58094571
2016-06-07,718.24,740.81,711.18,721.81,100026412
2016-06-08,711.72,720.03,703.89,718.35,100792191
2016-06-09,710.38,711.62,700.71,705.17,171965416
2016-06-10,698.57,705.43,686.86,703.16,62839979
2016-06-11,707.21,708.85,707.16,707.4,117794933
2016-06-12,725.25,732.18,698.22,713.25,133253442
2016-06-13,714.28,718.26,710.75,716.25,62828059
2016-06-14,720.45,729.19,708.47,725.3,112329199
2016-06-15,727.95,732.37,717.67,728.26,69174847
2016-06-16,719.76,730.61,716.38,724.8,55384390
2016-06-17,727.18,732.07,722.2,725.37,92565355
2016-06-18,714.11,732.03,705.39,727.56,148942546
2016-06-19,719.87,731.44,716.17,727.13,64694181
2016-06-20,718.27,741.72,716.38,725.05,75661027
2016-06-21,732.74,736.92,731.96,733.33,83732501
2016-06-22,742.74,768.87,740.61,750.44,92821794
2016-06-23,751.66,766.25,736.86,741.2,138374816
2016-06-24,750.1,751.18,749.52,750.21,71151348
2016-06-25,740.65,751.79,740.59,744.42,81537340
2016-06-26,743.46,743.91,738.84,741.3,73791674
2016-06-27,745.71,747.53,744.6,744.68,124913102
2016-06-28,739.89,751.6,735.48,737.02,156161443
2016-06-29,729.6,732.49,726.9,729.34,143577423
2016-06-30,722.21,734.87,719.36,732.98,55680268
2016-07-01,737.21,740.06,735.32,736.36,132103816
2016-07-02,729.22,742.1,725.89,736.63,126108072
2016-07-03,741.9,742.62,740.63,741.59,57025165
2016-07-04,722.91,743.55,719.14,738.8,72077826
2016-07-05,758.17,759.51,734.33,742.28,100639214
2016-07-06,759.19,766.03,755.88,765.97,170716221
2016-07-07,758.07,782.69,756.5,772.49,103109550
2016-07-08,762.26,766.36,759.93,763.24,155739797
2016-07-09,766.81,780.78,757.22,765.56,152821331
2016-07-10,770.33,772.03,765.89,767.13,118349234
2016-07-11,777.09,778.11,746.8,764.09,103551023
2016-07-12,774.8,775.48,763.76,765.87,67087219
2016-07-13,781.1,783.16,770.15,774.07,114287648
2016-07-14,774.97,781.37,774.5,778.55,121643146
2016-07-15,781.3,781.34,780.78,781.04,134045556
2016-07-16,764.83,765.75,754.06,758.88,165346063
2016-07-17,761.4,763.97,754.45,755.89,150557673
2016-07-18,761.6,763.13,755.28,755.57,75699671
2016-07-19,752.04,754.0,747.6,748.89,90145078
2016-07-20,730.65,743.67,721.37,734.29,113569021
2016-07-21,736.64,739.7,731.76,732.08,129005308
2016-07-22,730.14,737.2,726.58,731.89,53313676
2016-07-23,732.8,739.7,732.72,736.59,105150280
2016-07-24,732.99,741.71,729.84,733.81,60796097
2016-07-25,730.58,751.25,719.65,735.15,67169757
2016-07-26,730.6,737.87,722.44,726.12,160016164
2016-07-27,700.95,707.75,700.55,704.67,149485188
2016-07-28,718.35,726.12,718.23,721.9,88843632
2016-07-29,713.79,723.55,711.76,721.95,137285667
2016-07-30,732.03,747.7,726.54,734.31,174890497
2016-07-31,747.79,755.39,739.7,746.71,162728243
2016-08-01,748.63,757.66,748.5,749.58,133052737
2016-08-02,753.09,753.95,732.93,742.14,127218908
2016-08-03,752.65,753.6,746.33,752.27,166446866
2016-08-04,740.09,743.75,738.16,742.0,163813404
2016-08-05,732.38,733.43,727.82,731.88,135292975
2016-08-06,731.3,756.07,721.11,738.14,107753410
2016-08-07,748.15,750.55,742.3,748.41,134852009
2016-08-08,737.52,757.61,737.17,751.39,137614177
2016-08-09,767.75,772.24,760.66,762.65,149744130
2016-08-10,770.54,772.16,769.15,769.29,153997077
2016-08-11,775.29,782.19,741.6,754.89,150533594
2016-08-12,753.78,758.3,733.8,751.17,106397550
2016-08-13,731.16,735.08,731.06,732.13,83324605
2016-08-14,725.04,746.23,722.48,733.97,52245986
2016-08-15,724.28,725.77,722.48,723.66,134615206
2016-08-16,722.7,728.08,713.26,727.6,119387850
2016-08-17,699.18,726.16,696.37,713.51,94136182
2016-08-18,697.37,707.62,695.02,699.23,150679369
2016-08-19,696.04,707.97,683.76,703.3,57250267
2016-08-20,707.81,712.35,703.86,710.85,77403675
2016-08-21,706.81,716.69,704.44,713.66,63944398
2016-08-22,717.13,721.6,710.23,718.44,77382883
2016-08-23,715.24,715.43,708.26,715.28,122838032
2016-08-24,711.4,712.45,701.94,710.72,138069722
2016-08-25,702.66,712.31,701.72,710.25,106491728
2016-08-26,703.63,704.57,695.88,704.09,106204256
2016-08-27,699.81,709.5,697.76,700.62,142757523
2016-08-28,697.93,703.7,695.12,698.51,93525091
2016-08-29,679.79,696.14,677.46,684.65,94678419
2016-08-30,682.28,693.18,680.56,688.03,103688943
2016-08-31,694.79,699.26,693.01,695.22,83465609
2016-09-01,694.78,697.79,692.67,695.94,69344183
2016-09-02,685.74,693.01,681.55,683.52,120599786
2016-09-03,691.91,695.87,689.33,690.4,148975697
2016-09-04,690.62,694.87,682.16,687.38,124026179
2016-09-05,687.72,690.47,678.66,687.02,141531462
2016-09-06,699.94,705.37,696.23,700.54,148035442
2016-09-07,713.76,718.64,698.6,699.88,71646535
2016-09-08,702.89,702.97,701.11,701.35,118847176
2016-09-09,719.9,721.32,716.15,717.06,69803394
2016-09-10,726.56,726.76,719.84,720.71,75672131
2016-09-11,731.32,731.42,726.05,730.87,134279394
2016-09-12,733.92,754.11,717.45,732.47,96976708
2016-09-13,738.06,749.37,726.62,735.03,58701842
2016-09-14,738.74,748.12,734.74,735.44,117270098
2016-09-15,741.11,742.73,710.53,718.95,76268782
2016-09-16,706.66,714.38,701.75,705.0,123625435
2016-09-17,714.34,714.54,706.48,708.39,61996692
2016-09-18,699.55,700.1,687.42,696.93,124649880
2016-09-19,700.05,707.67,696.04,702.9,147705371
2016-09-20,705.41,705.74,701.54,703.56,81515935
2016-09-21,709.29,711.07,696.83,700.6,112316277
2016-09-22,700.67,722.25,697.82,703.07,55251928
2016-09-23,712.25,714.56,706.99,708.33,124647117
2016-09-24,718.43,720.04,711.9,714.74,92835333
2016-09-25,716.94,717.03,715.64,716.93,105322279
2016-09-26,711.6,716.58,706.5,713.48,130403922
2016-09-27,726.65,731.6,706.28,724.08,137668351
2016-09-28,724.88,726.44,713.45,715.61,57931775
2016-09-29,716.95,722.74,712.9,716.2,83477535
2016-09-30,718.77,721.34,712.15,713.34,78819359
2016-10-01,709.12,716.62,708.48,715.58,92265170
2016-10-02,711.19,722.12,710.85,720.15,86917764
2016-10-03,722.74,734.02,720.14,722.55,53547794
2016-10-04,719.93,733.76,716.66,721.9,54121240
2016-10-05,728.05,735.01,709.95,728.6,155920541
2016-10-06,734.32,734.97,727.01,728.92,112700246
2016-10-07,734.92,735.53,727.19,735.15,150131264
2016-10-08,735.66,740.08,733.89,739.54,124451891
2016-10-09,736.94,741.71,726.91,739.01,116727535
2016-10-10,723.37,735.99,718.61,729.34,136909394
2016-10-11,706.35,715.36,705.0,713.69,64374700
2016-10-12,705.92,712.5,704.87,706.11,141270759
2016-10-13,712.25,713.9,707.52,711.35,71117608
2016-10-14,706.53,713.81,696.38,709.08,85485239
2016-10-15,691.88,701.81,684.75,700.52,68362095
2016-10-16,714.63,716.66,707.0,712.72,111002549
2016-10-17,717.86,726.64,682.97,710.27,129625761
2016-10-18,705.96,713.56,703.4,707.93,81845518
2016-10-19,711.48,711.49,709.46,711.16,146558362
2016-10-20,716.56,721.44,713.66,714.78,64214920
2016-10-21,726.62,731.07,710.3,710.53,101036047
2016-10-22,702.16,705.98,702.09,705.82,137423655
2016-10-23,698.85,707.28,694.52,697.81,164278062
2016-10-24,695.82,704.08,683.31,690.94,58803848
2016-10-25,686.72,689.8,660.14,679.61,73763855
2016-10-26,683.45,690.9,672.49,686.41,60205644
2016-10-27,682.43,683.03,677.07,679.28,162481218
2016-10-28,681.84,684.08,677.39,683.17,60788713
2016-10-29,689.44,692.46,685.47,687.55,108947833
2016-10-30,696.28,705.34,693.33,694.97,81108189
2016-10-31,683.54,695.39,673.45,691.09,157913600
2016-11-01,698.32,721.37,697.68,708.7,122478969
2016-11-02,707.1,707.83,698.99,704.62,90826328
2016-11-03,703.62,706.51,702.94,703.34,152219356
2016-11-04,706.26,713.1,700.3,704.96,140328671
2016-11-05,716.7,718.78,708.43,712.1,124477251
2016-11-06,720.35,726.73,716.92,720.08,56081399
2016-11-07,722.53,731.05,719.63,721.87,84163294
2016-11-08,702.73,706.75,695.75,705.72,82520010
2016-11-09,712.19,720.35,708.7,719.24,101208697
2016-11-10,727.34,730.95,723.61,727.0,121661020
2016-11-11,727.61,738.81,722.12,726.59,85509283
2016-11-12,733.48,739.4,733.37,734.43,56022158
2016-11-13,762.64,763.31,743.56,751.52,129551820
2016-11-14,749.36,751.67,719.29,745.46,126744276
2016-11-15,742.97,749.74,742.52,747.83,80966305
2016-11-16,741.8,749.55,736.33,739.44,86907956
2016-11-17,738.5,743.74,731.43,737.69,80398067
2016-11-18,733.82,735.61,730.77,732.9,94930417
2016-11-19,746.59,746.73,739.02,740.68,123104681
2016-11-20,745.3,745.36,737.8,743.56,83826994
2016-11-21,755.48,758.0,752.62,757.89,87547728
2016-11-22,755.27,756.14,747.0,749.17,158190141
2016-11-23,767.49,775.56,751.85,755.71,73753321
2016-11-24,752.25,754.31,750.98,752.24,87166123
2016-11-25,750.09,764.41,731.73,745.66,97798588
2016-11-26,762.18,766.92,731.21,746.84,66149584
2016-11-27,746.72,747.86,743.96,745.98,95480296
2016-11-28,754.47,756.81,737.84,746.48,149561268
2016-11-29,750.99,754.41,738.29,740.76,122082408
2016-11-30,741.77,747.17,729.31,741.1,145752455
2016-12-01,744.31,751.94,741.43,745.34,157838391
2016-12-02,746.85,747.67,746.68,746.92,72049514
2016-12-03,736.28,740.14,729.99,736.09,151039217
2016-12-04,718.84,722.11,714.28,720.45,168781395
2016-12-05,727.05,728.15,719.23,722.47,144307753
2016-12-06,722.53,729.46,710.86,719.48,103973545
2016-12-07,717.79,726.5,714.44,725.53,59334697
2016-12-08,732.89,738.78,725.23,736.6,128610232
2016-12-09,727.7,728.85,716.34,727.71,145526388
2016-12-10,729.6,736.29,723.46,732.13,82104967
2016-12-11,734.95,742.09,732.86,736.49,83846713
2016-12-12,737.48,750.04,734.55,736.15,102263964
2016-12-13,741.51,756.52,732.81,745.04,145705857
2016-12-14,755.5,755.63,751.93,755.54,158492466
2016-12-15,756.85,771.53,748.21,754.68,117938766
2016-12-16,756.51,768.68,754.27,756.75,65020546
2016-12-17,747.15,766.68,746.44,755.68,51640009
2016-12-18,762.27,762.84,758.58,759.64,135917555
2016-12-19,743.01,751.24,741.81,750.83,153151359
2016-12-20,742.86,744.14,736.75,740.72,89456120
2016-12-21,717.91,724.72,715.71,722.05,81412619
2016-12-22,716.54,717.1,710.08,713.57,82248270
2016-12-23,719.3,729.83,700.36,713.83,61949018
2016-12-24,723.18,723.35,719.93,721.17,81626330
2016-12-25,727.78,738.95,704.34,714.52,98020457
2016-12-26,707.31,708.36,703.0,706.11,156923083
2016-12-27,707.94,711.56,705.48,709.2,103658797
2016-12-28,690.13,697.17,685.1,696.34,95805475
2016-12-29,703.45,717.95,701.02,704.26,151333495
2016-12-30,701.86,705.64,698.29,702.18,84606328
2016-12-31,706.74,711.53,698.08,708.08,131514882
2017-01-01,682.51,694.25,680.87,689.74,75832134
2017-01-02,670.94,674.6,667.9,670.2,109796308
2017-01-03,669.51,673.79,664.83,672.13,123676128
2017-01-04,667.08,668.41,666.12,666.84,98238631
2017-01-05,664.05,676.11,663.02,669.17,65236873
2017-01-06,667.43,670.0,662.41,667.14,122345225
2017-01-07,657.38,667.58,652.52,661.04,95817176
2017-01-08,666.57,674.14,655.77,661.65,142016131
2017-01-09,656.88,657.2,653.01,654.04,135344592
2017-01-10,651.8,653.59,646.36,652.38,143442399
2017-01-11,658.7,669.36,657.52,660.6,98630016
2017-01-12,650.38,652.96,648.85,650.88,71753411
2017-01-13,647.86,650.5,642.04,648.86,135463066
2017-01-14,648.96,660.04,647.28,659.19,85321200
2017-01-15,661.38,665.66,657.58,660.4,53752871
2017-01-16,654.91,663.5,651.69,663.35,150525264
2017-01-17,663.51,664.46,660.72,663.04,58825757
2017-01-18,657.77,661.74,654.19,658.91,123398965
2017-01-19,646.41,654.78,642.66,648.92,171289882
2017-01-20,649.52,656.28,639.25,652.08,155412481
2017-01-21,658.45,660.14,658.16,659.08,119913193
2017-01-22,672.45,672.64,659.41,670.64,62252377
2017-01-23,679.99,682.12,679.49,679.52,68988956
2017-01-24,672.13,672.16,670.1,672.03,75384008
2017-01-25,679.27,682.55,677.61,681.07,68906707
2017-01-26,689.38,695.42,688.35,690.61,152996019
2017-01-27,709.84,715.23,708.43,711.34,158296770
2017-01-28,694.23,701.21,689.12,700.05,87979548
2017-01-29,691.67,710.27,682.19,694.23,149157278
2017-01-30,702.84,707.62,702.05,707.49,85117085
2017-01-31,697.58,698.95,694.68,695.83,116364532
2017-02-01,691.07,697.15,686.48,694.79,65572613
2017-02-02,693.83,697.96,685.23,694.72,103984821
2017-02-03,696.86,701.83,693.77,699.15,109300021
2017-02-04,686.97,690.97,683.99,688.79,132920001
2017-02-05,688.12,701.04,681.78,685.3,98640080
2017-02-06,686.33,692.9,683.42,684.13,58926707
2017-02-07,684.64,690.43,681.42,685.43,84436881
2017-02-08,679.42,687.89,672.96,682.77,149001594
2017-02-09,678.27,678.93,676.23,677.86,94378560
2017-02-10,664.37,693.27,659.63,677.84,63720334
2017-02-11,673.84,675.87,671.69,673.99,138914736
2017-02-12,661.0,664.88,654.42,660.26,146224636
2017-02-13,656.42,665.72,651.04,655.54,64628403
2017-02-14,661.96,672.11,658.44,663.06,119653340
2017-02-15,658.13,671.47,653.47,659.71,116373524
2017-02-16,660.73,664.51,654.7,661.13,148568538
2017-02-17,661.79,666.97,654.41,661.26,106992747
2017-02-18,651.33,654.42,647.65,649.59,176326698
2017-02-19,653.73,655.78,649.9,653.92,65526741
2017-02-20,645.37,654.12,632.46,642.4,81662657
2017-02-21,635.04,648.94,632.22,639.02,58788570
2017-02-22,640.42,641.69,637.76,637.9,92383178
2017-02-23,646.47,648.38,642.27,643.76,120212198
2017-02-24,626.92,631.55,615.29,625.42,174487403
2017-02-25,628.87,636.7,622.38,622.45,64925545
2017-02-26,640.92,644.03,634.42,638.29,157336078
2017-02-27,639.7,642.78,637.38,641.12,113412982
2017-02-28,656.41,664.75,650.28,654.34,73264842
2017-03-01,660.15,664.74,649.92,654.71,96723672
2017-03-02,648.36,649.44,642.74,645.16,109446560
2017-03-03,643.08,643.59,631.56,638.88,91446163
2017-03-04,639.01,640.98,633.01,639.72,113588425
2017-03-05,633.96,641.45,628.49,632.2,70398115
2017-03-06,636.29,638.69,624.76,633.27,139211750
2017-03-07,624.44,632.17,623.76,627.23,118535242
2017-03-08,624.87,631.28,624.57,626.43,136496284
2017-03-09,624.07,627.4,620.52,624.93,113580521
2017-03-10,624.03,626.81,618.26,622.38,65426562
2017-03-11,630.53,630.56,607.0,616.09,146853324
2017-03-12,629.63,633.1,622.5,627.52,75425882
2017-03-13,632.91,651.99,627.07,643.3,117490199
2017-03-14,643.78,649.39,637.21,644.75,137267682
2017-03-15,653.23,655.65,642.84,643.14,75569842
2017-03-16,640.95,659.0,639.23,649.52,106076420
2017-03-17,659.88,661.97,652.94,654.43,128856030
2017-03-18,641.02,641.54,636.55,639.01,146255525
2017-03-19,623.51,632.42,618.56,628.89,79138274
2017-03-20,640.04,645.23,624.23,634.69,104658287
2017-03-21,615.82,638.79,613.6,636.19,145194976
2017-03-22,642.98,645.88,641.57,644.7,70732577
2017-03-23,650.89,666.9,649.53,650.97,128705409
2017-03-24,646.62,654.91,644.78,650.49,62281095
2017-03-25,661.61,665.92,659.79,665.63,154758613
2017-03-26,667.87,673.59,661.65,666.97,52498897
2017-03-27,673.47,676.11,668.51,672.9,123526186
2017-03-28,665.95,672.02,656.26,662.48,76415704
2017-03-29,660.89,664.35,660.0,664.12,90290129
2017-03-30,670.38,677.15,669.63,672.6,67196295
2017-03-31,654.27,660.38,652.7,658.14,154691872
2017-04-01,677.88,682.7,665.29,669.28,117638184
2017-04-02,667.56,669.17,664.06,667.71,65344826
2017-04-03,668.75,674.75,664.47,671.2,79104605
2017-04-04,674.61,677.87,672.78,675.04,78269299
2017-04-05,663.48,691.77,658.69,674.78,64368726
2017-04-06,678.11,678.92,667.88,670.4,142005495
2017-04-07,660.3,663.09,657.19,660.14,119030566
2017-04-08,664.48,676.53,656.9,665.89,113047492
2017-04-09,673.15,678.94,667.9,676.17,154332035
2017-04-10,678.26,680.51,677.44,677.82,59263192
2017-04-11,682.04,684.65,680.05,680.47,142988615
2017-04-12,680.8,687.82,672.53,679.68,119100147
2017-04-13,666.36,683.08,648.36,677.72,66373317
2017-04-14,681.72,691.77,679.43,688.89,151796945
2017-04-15,685.85,686.78,683.64,686.64,141335053
2017-04-16,697.22,701.03,678.99,683.99,129460751
2017-04-17,680.45,682.09,678.6,681.36,80994875
2017-04-18,682.37,687.82,679.82,682.07,74598101
2017-04-19,674.91,697.02,673.85,679.76,62703133
2017-04-20,684.66,687.78,683.38,687.07,149828673
2017-04-21,674.98,675.59,667.32,674.76,121792752
2017-04-22,674.33,689.86,664.92,677.6,56026553
2017-04-23,675.88,679.16,674.37,676.03,79204193
2017-04-24,670.98,679.84,670.5,671.82,93459694
2017-04-25,695.73,696.05,682.85,688.95,71494696
2017-04-26,687.3,697.3,687.16,690.84,64997505
2017-04-27,679.06,680.63,674.85,679.76,135040532
2017-04-28,698.08,702.53,693.55,696.52,79906052
2017-04-29,695.18,696.14,683.74,693.33,81452800
2017-04-30,690.55,695.37,686.16,692.89,76108525
2017-05-01,687.28,704.75,685.41,701.38,144826514
2017-05-02,689.84,697.74,679.0,695.64,146681621
2017-05-03,688.5,693.99,687.26,688.8,140294603
2017-05-04,698.02,699.11,689.83,696.16,57393845
2017-05-05,708.11,709.69,703.34,703.34,74961841
2017-05-06,706.49,712.7,702.23,711.53,58275277
2017-05-07,720.53,724.38,713.73,716.07,136727330
2017-05-08,706.91,710.53,705.83,710.51,76585420
2017-05-09,716.14,717.58,712.04,712.3,117934889
2017-05-10,719.86,721.16,709.49,715.98,85955117
2017-05-11,720.96,728.74,717.36,727.0,169918943
2017-05-12,736.22,742.38,728.06,733.67,106586882
2017-05-13,725.12,737.01,720.92,730.87,120491128
2017-05-14,740.83,746.48,730.75,734.53,80855319
2017-05-15,739.81,745.58,738.38,738.64,156299100
2017-05-16,741.7,743.14,730.83,740.41,114887132
2017-05-17,729.12,748.22,716.98,735.74,151092965
2017-05-18,746.3,749.55,729.0,733.88,77691570
2017-05-19,725.46,734.92,720.03,733.6,116458332
2017-05-20,731.33,740.64,727.63,734.91,120880900
2017-05-21,730.64,735.13,729.18,730.01,128816595
2017-05-22,745.98,746.58,731.27,739.09,88155718
2017-05-23,741.51,753.6,737.6,744.21,124322173
2017-05-24,731.7,733.99,717.26,730.95,100341687
2017-05-25,735.39,735.52,725.3,732.41,64901927
2017-05-26,723.3,726.57,722.17,722.73,90392577
2017-05-27,742.67,746.73,735.97,737.89,125222718
2017-05-28,728.32,734.59,727.83,733.67,80730246
2017-05-29,729.24,733.18,727.3,731.47,60100265
2017-05-30,710.72,716.21,709.74,714.19,77616434
2017-05-31,718.14,720.3,712.55,715.83,124482468
2017-06-01,700.87,709.34,698.75,707.86,159489002
2017-06-02,714.01,720.98,713.04,713.34,53983413
2017-06-03,709.51,724.68,707.39,711.41,148938924
2017-06-04,703.65,704.12,699.26,699.86,88024031
2017-06-05,690.42,692.24,687.17,687.75,167662378
2017-06-06,691.47,697.26,688.61,694.4,80700874
2017-06-07,712.94,713.49,704.0,708.19,146942020
2017-06-08,710.9,718.03,707.25,712.73,126513898
2017-06-09,710.31,718.2,700.36,716.96,150346610
2017-06-10,724.57,724.82,704.64,716.76,64115271
2017-06-11,735.64,750.0,729.78,730.1,98936754
2017-06-12,719.86,738.13,715.1,724.92,129009639
2017-06-13,741.56,744.09,737.43,739.83,120920126
2017-06-14,737.55,740.66,732.32,734.06,98452677
2017-06-15,706.54,735.91,704.91,726.21,81360881
2017-06-16,724.09,726.78,722.29,724.61,73658530
2017-06-17,726.55,735.26,718.15,719.67,56292568
2017-06-18,727.22,729.13,718.43,727.69,152757261
2017-06-19,735.11,737.55,732.39,733.49,58184744
2017-06-20,728.86,730.96,710.05,725.83,111916508
2017-06-21,731.4,738.39,729.27,735.11,61705225
2017-06-22,739.04,742.0,733.83,737.94,94658683
2017-06-23,740.53,746.72,734.11,740.14,122856599
2017-06-24,756.55,768.47,746.97,755.33,142659395
2017-06-25,746.15,756.2,745.33,749.44,132900414
2017-06-26,751.06,753.84,749.58,751.03,122695331
2017-06-27,742.61,744.54,738.45,744.01,56855522
2017-06-28,750.52,768.01,732.42,747.01,64666070
2017-06-29,750.56,754.8,746.34,753.82,91465348
2017-06-30,754.43,756.08,747.89,755.41,86573341
2017-07-01,720.17,745.26,718.62,733.65,99597251
2017-07-02,716.73,731.59,714.58,731.39,61707310
2017-07-03,722.22,736.37,716.44,728.38,68248993
2017-07-04,741.08,752.97,729.76,739.63,118826906
2017-07-05,738.89,739.93,733.27,735.78,125965822
2017-07-06,736.07,739.06,713.78,733.53,148831055
2017-07-07,743.79,750.68,741.48,745.08,158868174
2017-07-08,761.28,762.02,725.42,744.65,63504947
2017-07-09,746.93,779.28,734.57,761.43,93178263
2017-07-10,779.33,780.72,761.94,768.08,70837708
2017-07-11,772.93,774.17,746.12,762.95,92976583
2017-07-12,770.29,771.05,762.84,767.91,141222616
2017-07-13,779.0,785.91,759.87,778.37,152918801
2017-07-14,778.97,785.11,775.55,780.91,122384489
2017-07-15,792.72,811.06,788.12,791.19,91139860
2017-07-16,788.3,792.2,772.65,787.92,107475300
2017-07-17,788.41,789.62,788.27,789.31,109190924
2017-07-18,812.83,814.38,810.78,814.16,104445411
2017-07-19,802.53,819.93,800.92,815.47,107533205
2017-07-20,814.06,819.5,805.6,811.52,128715270
2017-07-21,807.16,822.39,805.96,812.47,97389921
2017-07-22,837.38,840.21,814.71,820.16,159304987
2017-07-23,827.98,835.11,806.16,814.73,93603962
2017-07-24,813.01,824.17,804.83,813.14,135054746
2017-07-25,819.16,819.3,812.71,813.97,89088026
2017-07-26,829.3,830.41,819.69,822.45,98408049
2017-07-27,806.94,816.09,798.01,811.98,97467326
2017-07-28,822.89,823.81,820.42,822.64,144559533
2017-07-29,821.34,825.08,807.03,812.2,142436188
2017-07-30,805.39,808.25,795.61,805.86,147769969
2017-07-31,809.57,819.84,806.45,810.62,128949950
2017-08-01,822.21,824.47,804.95,811.81,67369520
2017-08-02,804.56,816.03,803.98,804.57,60616855
2017-08-03,812.19,814.92,806.08,811.25,76418570
2017-08-04,812.62,822.19,800.9,801.91,58933476
2017-08-05,787.37,818.86,785.65,796.71,73429269
2017-08-06,784.27,800.0,783.59,791.83,89948847
2017-08-07,813.13,813.85,787.49,794.3,82815322
2017-08-08,799.65,802.67,794.39,799.3,62079790
2017-08-09,795.97,806.27,795.32,800.3,139605059
2017-08-10,793.35,803.83,793.32,800.38,134209661
2017-08-11,810.44,817.06,803.67,816.22,124706428
2017-08-12,827.73,831.27,822.79,829.01,134151091
2017-08-13,814.55,815.05,813.31,814.0,143436177
2017-08-14,830.03,834.76,807.27,826.52,78958873
2017-08-15,810.0,824.04,797.22,815.12,130680580
2017-08-16,801.03,813.37,798.36,805.64,76661274
2017-08-17,802.02,814.23,790.49,806.01,88987913
2017-08-18,814.41,820.36,812.22,815.98,73366419
2017-08-19,813.84,815.23,812.95,813.1,56106643
2017-08-20,802.81,808.95,793.45,807.75,63309784
2017-08-21,810.57,817.9,807.27,814.31,158098759
2017-08-22,812.31,825.98,801.92,806.19,100986416
2017-08-23,804.34,812.61,803.09,809.82,78124749
2017-08-24,790.58,801.31,785.89,795.21,157518997
2017-08-25,782.72,811.99,775.16,792.59,84958208
2017-08-26,802.73,807.9,778.87,785.13,94457203
2017-08-27,781.21,785.07,780.34,784.29,74044681
2017-08-28,791.09,791.75,789.24,791.49,112948842
2017-08-29,786.97,790.35,782.03,784.08,147124787
2017-08-30,793.3,793.58,780.67,791.39,59395350
2017-08-31,778.3,788.66,763.02,782.6,116686195
2017-09-01,782.67,794.9,777.44,792.95,82462348
2017-09-02,795.85,807.71,788.52,800.65,136446826
2017-09-03,809.04,811.11,805.6,808.62,122726902
2017-09-04,816.53,817.07,807.26,813.28,83313389
2017-09-05,824.15,829.27,822.61,824.31,77681042
2017-09-06,837.22,840.08,833.63,834.38,68168463
2017-09-07,834.67,835.71,816.43,822.28,63187280
2017-09-08,798.24,809.67,778.8,804.92,163393410
2017-09-09,803.16,803.88,795.5,796.37,150273548
2017-09-10,802.18,804.75,796.6,801.97,84402590
2017-09-11,796.48,814.07,796.28,802.72,57172300
2017-09-12,790.3,806.03,781.83,803.46,70668467
2017-09-13,792.88,794.34,787.4,790.69,95656110
2017-09-14,771.09,776.46,766.0,766.38,70431537
2017-09-15,776.15,784.69,774.7,776.76,168550358
2017-09-16,773.7,775.31,765.04,769.61,144719319
2017-09-17,740.39,747.39,740.04,743.56,174162791
2017-09-18,750.01,751.67,739.2,743.57,140374694
2017-09-19,755.58,757.05,754.95,756.71,139627123
2017-09-20,771.7,776.63,741.24,752.07,80728917
2017-09-21,751.62,753.95,745.71,753.32,80624060
2017-09-22,750.98,752.17,748.35,749.14,121120963
2017-09-23,757.57,762.72,742.18,756.14,64587692
2017-09-24,752.82,756.88,751.21,754.65,98243532
2017-09-25,765.33,766.43,759.07,761.77,120451505
2017-09-26,749.22,765.12,748.96,754.09,129199796
2017-09-27,748.97,758.39,740.55,748.11,98070993
2017-09-28,738.26,746.32,732.74,742.3,78394967
2017-09-29,744.99,746.27,736.08,743.66,67988544
2017-09-30,741.18,751.94,738.65,742.8,134083018
2017-10-01,721.69,723.45,718.16,721.94,173327249
2017-10-02,727.96,731.67,717.13,725.15,119093065
2017-10-03,734.26,738.53,726.12,732.76,148833758
2017-10-04,733.73,740.44,721.26,729.97,81917195
2017-10-05,727.22,730.42,719.65,725.47,145670924
2017-10-06,734.37,735.68,729.4,732.06,113286111
2017-10-07,714.78,728.72,714.36,724.06,68807178
2017-10-08,729.13,730.96,728.71,729.49,158220518
2017-10-09,730.11,735.82,728.1,729.19,119461109
2017-10-10,730.92,731.51,726.56,731.34,93580212
2017-10-11,721.48,723.77,716.26,723.73,165410276
2017-10-12,717.01,745.17,716.09,725.14,77957881
2017-10-13,732.09,737.56,725.92,731.35,86820146
2017-10-14,745.89,748.39,744.43,746.44,143998111
2017-10-15,734.84,735.25,734.5,735.05,67045608
2017-10-16,758.91,764.66,755.53,757.34,173421014
2017-10-17,769.9,777.36,768.55,771.57,168749457
2017-10-18,778.3,779.8,773.16,774.42,77267192
2017-10-19,777.19,810.6,768.39,777.16,70151969
2017-10-20,774.15,774.39,759.89,774.38,104654174
2017-10-21,769.08,782.07,768.75,776.22,91194135
2017-10-22,779.87,784.26,778.05,779.71,119056250
2017-10-23,792.67,793.88,792.04,792.76,71214331
2017-10-24,797.03,808.46,792.65,799.53,55672965
2017-10-25,800.49,804.41,798.51,798.92,50670259
2017-10-26,792.41,806.42,780.01,796.47,153301738
2017-10-27,798.81,806.95,787.75,800.27,87046089
2017-10-28,792.38,805.09,783.63,797.96,117638060
2017-10-29,795.89,799.36,793.83,797.23,51696138
2017-10-30,799.74,805.94,796.47,798.61,51987498
2017-10-31,777.63,783.11,775.84,776.8,181138348
2017-11-01,795.82,796.47,786.06,787.76,72502026
2017-11-02,800.85,802.32,781.38,799.85,144165614
2017-11-03,789.57,796.74,787.66,794.73,106988988
2017-11-04,788.03,810.47,783.93,799.19,113216596
2017-11-05,821.72,825.53,814.18,815.98,79204817
2017-11-06,807.49,811.8,804.15,807.26,71101163
2017-11-07,808.88,814.73,800.11,811.78,98943128
2017-11-08,818.21,821.79,811.7,817.64,103033282
2017-11-09,816.7,820.56,801.26,816.23,132448340
2017-11-10,839.92,843.64,838.58,841.1,136770255
2017-11-11,841.25,846.1,837.28,843.43,90914790
2017-11-12,839.3,846.43,835.26,836.88,136129819
2017-11-13,825.13,825.15,817.32,818.63,172915388
2017-11-14,820.43,822.64,818.69,821.19,116987351
2017-11-15,836.01,839.45,799.07,814.63,110592482
2017-11-16,812.29,818.24,808.15,809.77,126062621
2017-11-17,807.43,815.62,806.2,810.2,83087182
2017-11-18,800.22,813.79,793.53,801.66,81420781
2017-11-19,795.6,797.62,792.34,792.83,154841431
2017-11-20,785.25,794.44,785.04,789.45,142649876
2017-11-21,787.25,789.17,785.14,785.4,80903678
2017-11-22,768.48,779.54,761.47,770.59,128659356
2017-11-23,758.88,764.98,754.83,755.4,104377722
2017-11-24,747.6,760.6,740.44,750.8,80253966
2017-11-25,746.63,747.36,740.21,747.05,89205675
2017-11-26,760.79,761.79,755.14,761.7,94409161
2017-11-27,751.17,759.93,750.76,755.37,105696259
2017-11-28,770.27,777.13,770.04,775.07,117425564
2017-11-29,769.11,769.89,763.89,767.99,126645808
2017-11-30,781.2,790.38,780.1,788.06,98574060
2017-12-01,806.25,808.3,806.02,808.03,177540775
2017-12-02,811.48,815.38,802.09,815.16,70961053
2017-12-03,814.62,819.38,813.05,815.22,92124187
2017-12-04,797.12,809.06,796.12,805.76,149334301
2017-12-05,791.24,796.6,791.24,794.15,103238308
2017-12-06,795.92,800.01,786.88,788.7,123172870
2017-12-07,800.28,804.69,794.16,801.06,60201989
2017-12-08,811.15,825.57,807.03,810.46,124507880
2017-12-09,792.96,801.58,787.8,801.11,56934710
2017-12-10,812.74,818.8,788.11,802.85,69270634
2017-12-11,787.58,793.94,781.38,789.05,100148291
2017-12-12,775.65,782.89,775.37,782.36,117469334
2017-12-13,768.81,784.64,762.49,777.7,58741371
2017-12-14,774.48,785.18,764.5,781.19,95854989
2017-12-15,789.71,796.38,787.84,792.15,59044837
2017-12-16,791.94,794.82,790.67,792.99,116327211
2017-12-17,790.4,791.19,787.18,789.42,145104008
2017-12-18,799.07,804.57,790.15,792.11,153201164
2017-12-19,818.56,819.1,803.83,806.11,157539057
2017-12-20,814.82,822.1,796.68,818.67,143586412
2017-12-21,814.17,828.0,799.03,815.9,136912440
2017-12-22,813.72,816.5,807.91,810.59,96315090
2017-12-23,816.48,820.79,815.24,817.45,138127412
2017-12-24,796.98,818.35,795.6,816.49,53039652
2017-12-25,818.42,819.99,815.55,817.29,106510849
2017-12-26,816.02,817.16,815.49,815.81,83694568
2017-12-27,812.33,820.4,809.78,819.94,141463935
2017-12-28,833.48,839.88,820.78,826.96,60543986
2017-12-29,807.22,813.08,796.81,804.4,123922195
2017-12-30,821.19,828.76,805.7,816.66,68392954
2017-12-31,818.91,824.67,811.73,820.05,64241932
2018-01-01,805.5,834.5,796.92,815.71,129263493
2018-01-02,815.22,826.48,809.04,825.66,66063509
2018-01-03,822.76,837.45,819.79,824.82,50674590
2018-01-04,828.76,837.31,826.77,827.23,111643820
2018-01-05,806.48,807.1,800.96,806.22,161708518
2018-01-06,805.04,824.15,803.38,811.05,117560762
2018-01-07,804.49,815.74,775.84,807.6,83707363
2018-01-08,813.9,814.98,800.45,804.6,78858870
2018-01-09,796.16,801.28,783.92,795.48,86985183
2018-01-10,782.98,793.45,782.53,783.62,133866844
2018-01-11,776.26,777.66,760.28,773.03,155675935
2018-01-12,776.56,779.61,775.4,776.77,112353064
2018-01-13,804.84,814.28,793.97,799.72,130384967
2018-01-14,802.72,803.33,798.63,800.67,71935035
2018-01-15,800.77,808.5,796.85,806.06,88749344
2018-01-16,804.34,805.22,802.95,805.11,144055454
2018-01-17,799.9,805.13,790.03,798.9,54866414
2018-01-18,801.1,809.11,800.62,805.14,80434132
2018-01-19,812.63,815.37,796.55,809.65,107928713
2018-01-20,810.68,814.69,801.06,803.83,153506568
2018-01-21,819.93,824.58,816.11,819.08,74069128
2018-01-22,814.41,816.68,809.75,813.87,136944207
2018-01-23,818.57,823.9,812.35,817.03,148430667
2018-01-24,820.69,822.78,815.71,816.54,90058447
2018-01-25,815.82,816.89,814.41,816.36,92963195
2018-01-26,809.23,813.68,806.76,809.25,96004885
2018-01-27,808.91,816.17,806.17,813.38,58892667
2018-01-28,783.55,785.47,780.54,785.33,169190782
2018-01-29,786.19,797.05,783.16,794.53,59199155
2018-01-30,777.35,807.11,768.29,790.47,130139042
2018-01-31,782.77,786.67,780.89,783.84,138055017
2018-02-01,758.77,780.29,753.7,775.35,158828969
2018-02-02,787.27,790.5,781.75,786.18,57416378
2018-02-03,767.17,776.29,766.25,776.08,132305187
2018-02-04,754.74,785.5,747.1,772.4,72990591
2018-02-05,795.19,799.87,792.07,795.62,193458160
2018-02-06,794.1,799.83,791.84,792.83,62956348
2018-02-07,796.2,807.3,788.49,796.52,97800295
2018-02-08,811.25,812.14,793.86,811.37,151593933
2018-02-09,822.53,822.79,811.15,818.76,133207043
2018-02-10,823.75,823.78,817.75,819.17,125420050
2018-02-11,804.47,810.62,797.96,800.09,103688557
2018-02-12,809.1,816.75,808.48,812.13,67802278
2018-02-13,802.85,817.7,787.97,805.29,151739380
2018-02-14,830.56,833.45,814.52,820.65,71035296
2018-02-15,822.75,823.94,816.34,816.34,145672992
2018-02-16,822.7,835.77,815.79,824.37,79155428
2018-02-17,836.14,836.73,832.83,835.2,140354606
2018-02-18,839.19,839.22,838.12,839.02,118756960
2018-02-19,827.01,828.76,817.23,825.95,80493042
2018-02-20,811.85,812.79,811.36,812.38,71034627
2018-02-21,801.77,813.5,798.24,807.83,75089115
2018-02-22,795.98,814.45,786.01,806.16,128259167
2018-02-23,791.93,807.55,788.12,799.03,99289897
2018-02-24,798.76,805.53,795.14,802.64,69605515
2018-02-25,801.07,806.51,787.99,791.34,121246424
2018-02-26,784.9,796.63,775.71,790.52,124478075
2018-02-27,795.58,810.97,784.22,795.87,134692226
2018-02-28,808.04,809.12,794.29,802.73,98821416
2018-03-01,794.24,801.04,792.84,799.76,59276700
2018-03-02,805.02,809.59,804.59,807.14,143834044
2018-03-03,811.65,820.62,810.6,815.95,77226698
2018-03-04,813.26,814.6,790.97,802.47,129472265
2018-03-05,815.35,818.45,811.56,815.04,79539536
2018-03-06,815.1,818.59,809.67,818.39,76361544
2018-03-07,834.43,846.81,811.3,828.99,163062153
2018-03-08,827.42,843.22,822.26,830.06,129661042
2018-03-09,827.31,829.42,821.59,825.65,139884494
2018-03-10,830.09,838.03,828.92,835.19,164613877
2018-03-11,836.99,846.2,819.57,835.13,146492470
2018-03-12,841.03,851.85,838.22,847.2,142678027
2018-03-13,858.64,863.12,838.49,851.43,154094068
2018-03-14,842.6,852.84,842.2,844.58,78623517
2018-03-15,847.02,847.3,816.97,843.37,95422480
2018-03-16,856.71,868.13,856.53,861.61,99837912
2018-03-17,859.04,860.71,841.7,854.76,69011973
2018-03-18,868.97,873.62,857.55,870.4,151156340
2018-03-19,856.1,866.63,852.02,866.62,93773573
2018-03-20,884.08,892.27,877.6,882.31,157239674
2018-03-21,871.33,896.62,871.28,888.49,117910865
2018-03-22,882.17,885.16,881.7,883.44,135630614
2018-03-23,893.88,896.12,887.85,891.58,91206775
2018-03-24,903.83,909.66,896.77,897.42,151513492
2018-03-25,911.5,917.74,910.65,914.37,105799572
2018-03-26,918.35,923.14,910.47,918.48,78519178
2018-03-27,895.65,896.13,893.58,895.91,130370502
2018-03-28,910.69,910.71,904.74,908.86,126122093
2018-03-29,931.68,931.75,920.21,924.96,70375671
2018-03-30,916.36,922.61,913.39,914.55,140628334
2018-03-31,930.77,935.11,924.99,933.43,157920979
2018-04-01,940.15,965.08,935.22,948.09,164560983
2018-04-02,947.43,950.13,941.78,944.63,109128871
2018-04-03,947.44,951.54,936.02,947.56,110085756
2018-04-04,943.27,951.71,942.02,944.51,92022372
2018-04-05,944.45,954.42,940.35,947.07,122969946
2018-04-06,942.82,954.67,940.25,947.01,114647999
2018-04-07,940.88,945.9,933.0,939.62,61111075
2018-04-08,933.98,934.89,929.24,933.34,61184230
2018-04-09,928.14,937.42,920.93,928.69,153158637
2018-04-10,932.96,943.46,928.48,932.77,86069773
2018-04-11,949.28,950.61,942.44,948.19,58973612
2018-04-12,958.62,968.3,949.16,958.05,77144463
2018-04-13,960.1,963.38,947.02,959.52,117171511
2018-04-14,962.37,973.66,960.42,961.34,142085290
2018-04-15,960.96,973.43,960.75,967.81,74892199
2018-04-16,965.56,970.09,948.99,955.38,140845793
2018-04-17,961.87,966.59,948.75,953.51,134038376
2018-04-18,928.25,939.53,917.72,934.33,86262246
2018-04-19,938.06,942.86,937.81,939.09,55792584
2018-04-20,939.87,953.2,934.89,947.07,130368069
2018-04-21,935.65,940.37,934.29,936.86,108430199
2018-04-22,950.45,957.6,913.53,939.78,128821309
2018-04-23,909.1,926.07,905.51,920.79,113536444
2018-04-24,928.01,930.11,924.77,925.1,86651779
2018-04-25,930.62,947.65,925.69,939.0,62339138
2018-04-26,919.04,928.18,908.41,923.01,105749684
2018-04-27,901.41,921.5,900.19,904.22,98288579
2018-04-28,911.33,915.59,901.66,909.03,84630480
2018-04-29,918.75,927.88,917.49,919.82,85676508
2018-04-30,903.28,911.05,903.09,903.16,94106042
2018-05-01,897.73,905.2,886.62,904.01,112610814
2018-05-02,905.66,905.98,902.79,905.43,141673745
2018-05-03,900.53,901.38,889.81,897.84,98529851
2018-05-04,913.27,917.89,908.35,909.49,140581496
2018-05-05,930.89,946.61,921.9,931.69,106919532
2018-05-06,927.58,932.28,923.22,929.57,86280834
2018-05-07,907.26,920.74,903.34,910.03,87197524
2018-05-08,925.24,929.26,918.41,921.25,80963644
2018-05-09,916.52,917.53,897.28,902.82,109169140
2018-05-10,909.91,915.12,897.76,900.83,55052642
2018-05-11,893.94,915.19,890.75,901.71,68150761
2018-05-12,909.48,916.35,909.26,910.81,67985295
2018-05-13,913.97,922.07,911.48,911.97,133422404
2018-05-14,908.33,910.5,906.58,909.08,85347968
2018-05-15,899.4,899.47,894.2,895.51,146257639
2018-05-16,898.29,899.61,888.42,889.24,117989237
2018-05-17,874.45,904.94,856.27,868.6,179024531
2018-05-18,882.11,884.92,853.53,871.56,67286782
2018-05-19,855.81,857.47,853.11,854.55,162750194
2018-05-20,847.88,849.57,841.99,849.52,142767420
2018-05-21,847.91,848.51,836.6,842.6,125211890
2018-05-22,822.41,826.38,819.04,820.25,101718889
2018-05-23,815.47,816.27,812.83,814.96,72022111
2018-05-24,826.22,826.75,819.11,820.87,104469613
2018-05-25,844.23,847.32,804.57,821.63,105628330
2018-05-26,846.97,860.49,835.47,840.07,116829480
2018-05-27,821.06,829.1,820.46,823.88,161113549
2018-05-28,829.46,832.38,828.42,829.0,64686457
2018-05-29,829.91,833.81,814.72,828.55,118787013
2018-05-30,820.49,831.23,803.76,825.02,130889953
2018-05-31,810.73,825.8,806.45,815.02,156311247
2018-06-01,821.53,830.33,810.81,816.27,81488479
2018-06-02,806.02,814.23,803.52,812.12,151294418
2018-06-03,822.45,826.67,815.98,817.3,148770044
2018-06-04,819.58,819.71,803.41,807.29,61306189
2018-06-05,817.5,819.99,807.44,817.5,158697762
2018-06-06,822.85,824.17,821.24,821.6,54208025
2018-06-07,819.11,823.67,818.98,820.29,91751066
2018-06-08,802.4,831.25,797.86,825.89,87571807
2018-06-09,826.31,835.52,815.72,821.13,85573169
2018-06-10,814.15,826.4,804.56,806.85,154750685
2018-06-11,823.58,849.65,810.66,815.43,83205015
2018-06-12,819.18,827.74,813.78,816.92,94315348
2018-06-13,801.01,803.93,787.44,801.94,68250492
2018-06-14,803.12,807.86,790.57,804.82,107213620
2018-06-15,804.15,807.35,794.64,801.05,58806976
2018-06-16,807.03,811.01,795.21,803.15,109507763
2018-06-17,795.35,798.89,794.62,796.75,77250375
2018-06-18,808.0,808.59,790.14,804.58,84373723
2018-06-19,812.65,820.92,809.32,819.37,72109403
2018-06-20,823.47,838.42,802.59,814.16,145938918
2018-06-21,836.69,843.0,814.61,828.75,78647974
2018-06-22,831.39,837.73,824.36,831.52,65823528
2018-06-23,820.29,828.26,810.19,818.29,170808008
2018-06-24,810.74,815.23,810.74,814.8,150605598
2018-06-25,818.59,827.48,814.45,819.07,78041180
2018-06-26,801.58,810.91,798.27,808.54,99315685
2018-06-27,816.03,831.31,815.44,816.34,132776108
2018-06-28,830.09,839.45,825.32,825.56,97480485
2018-06-29,829.48,831.16,820.03,826.06,74164628
2018-06-30,813.28,824.03,810.94,819.48,159828470
2018-07-01,826.0,827.64,822.76,826.68,145736698
2018-07-02,826.4,831.07,823.61,829.32,119246471
2018-07-03,830.86,847.49,826.32,834.2,68820488
2018-07-04,838.01,845.58,837.4,838.44,88455358
2018-07-05,823.2,831.35,816.2,831.1,110358293
2018-07-06,827.51,827.61,819.62,825.88,73987170
2018-07-07,833.07,838.42,832.98,837.6,84549539
2018-07-08,842.33,844.87,828.58,842.56,108886570
2018-07-09,845.42,848.3,844.07,847.09,127096696
2018-07-10,849.45,865.99,846.76,852.89,142382655
2018-07-11,865.45,867.56,864.35,865.02,78044885
2018-07-12,871.56,875.99,870.05,871.63,134180156
2018-07-13,874.93,882.74,841.53,872.46,64826177
2018-07-14,870.31,870.31,859.04,865.46,65802003
2018-07-15,887.15,892.87,879.53,882.93,68466740
2018-07-16,902.69,904.8,898.09,899.52,139099181
2018-07-17,885.29,890.68,879.01,888.98,74863575
2018-07-18,887.46,887.89,886.29,886.75,113311129
2018-07-19,903.23,904.05,897.45,900.09,60205114
2018-07-20,911.1,924.75,903.91,914.51,133622890
2018-07-21,899.65,922.86,894.09,921.37,133063826
2018-07-22,936.86,941.03,933.26,933.36,57068442
2018-07-23,932.19,939.24,928.47,934.63,109216864
2018-07-24,925.44,933.95,919.81,920.64,159555480
2018-07-25,915.76,917.37,912.19,914.76,81261153
2018-07-26,898.23,915.81,884.37,914.13,79228592
2018-07-27,915.81,927.64,904.2,912.81,97353813
2018-07-28,911.49,922.46,908.05,919.01,104622046
2018-07-29,927.26,933.63,919.04,924.94,141151778
2018-07-30,918.9,919.2,917.33,917.65,158098747
2018-07-31,903.85,927.18,902.96,914.39,65227884
2018-08-01,917.43,919.72,897.96,909.31,120480663
2018-08-02,906.59,910.77,898.75,907.82,80325641
2018-08-03,930.44,931.4,920.77,922.24,88688779
2018-08-04,926.02,926.25,922.66,925.67,154637696
2018-08-05,918.84,927.94,912.58,918.46,135318649
2018-08-06,917.56,922.02,916.87,918.49,80648926
2018-08-07,911.31,924.76,908.4,916.32,145284313
2018-08-08,931.94,937.28,907.14,923.24,57751353
2018-08-09,916.88,924.64,915.76,919.17,76066272
2018-08-10,905.26,911.16,899.97,907.56,86287663
2018-08-11,925.55,928.92,923.87,927.46,157586772
2018-08-12,938.96,945.37,922.13,942.26,82219589
2018-08-13,940.02,942.11,918.69,930.97,73732914
2018-08-14,935.54,935.65,934.2,934.38,131797769
2018-08-15,937.54,954.93,937.3,940.14,140056519
2018-08-16,946.23,949.06,942.61,944.35,67544600
2018-08-17,923.48,938.18,909.8,927.0,161801909
2018-08-18,927.72,947.37,925.85,931.14,72623751
2018-08-19,970.37,972.59,953.55,954.67,91585832
2018-08-20,935.87,949.61,925.03,941.26,156891583
2018-08-21,954.35,957.87,952.03,954.12,103364852
2018-08-22,950.39,956.96,944.3,955.89,128680626
2018-08-23,957.39,970.0,951.32,954.17,64665379
2018-08-24,957.94,964.29,951.75,956.46,122707768
2018-08-25,957.85,958.21,956.87,956.96,73802614
2018-08-26,971.04,976.29,970.19,975.39,96046544
2018-08-27,969.27,975.53,966.75,969.1,144940341
2018-08-28,967.82,973.17,948.05,963.12,109918573
2018-08-29,969.13,983.07,966.17,976.6,85260767
2018-08-30,972.73,979.22,966.45,971.91,55005498
2018-08-31,975.47,978.86,963.0,968.27,155226805
2018-09-01,995.08,997.96,985.16,989.38,100722045
2018-09-02,993.3,996.31,987.56,990.44,151354570
2018-09-03,992.49,1013.42,979.42,987.84,74668441
2018-09-04,982.73,985.0,982.47,983.1,59717979
2018-09-05,988.96,1005.07,980.8,990.7,127696519
2018-09-06,1003.71,1007.86,988.22,995.28,98592572
2018-09-07,1004.76,1010.51,1002.38,1006.04,133583183
2018-09-08,995.75,996.95,984.76,992.43,88103322
2018-09-09,981.28,1017.25,967.26,995.26,124884342
2018-09-10,1005.58,1014.34,982.22,1000.2,116483258
2018-09-11,1027.83,1035.8,1017.93,1019.35,86966621
2018-09-12,1023.84,1046.23,1003.77,1014.86,125163859
2018-09-13,1010.73,1016.26,1008.25,1011.43,52386218
2018-09-14,1023.57,1037.77,1002.07,1007.73,114303604
2018-09-15,1013.74,1015.91,1011.22,1012.2,58136005
2018-09-16,1011.36,1018.08,1010.3,1011.85,88633570
2018-09-17,998.86,1013.48,994.62,1008.44,68295805
2018-09-18,1007.0,1008.93,983.26,1001.17,149896126
2018-09-19,1005.6,1016.32,994.31,1008.33,66739223
2018-09-20,1010.12,1025.88,998.71,1002.78,144892580
2018-09-21,982.23,993.71,979.24,986.05,122007494
2018-09-22,983.28,985.98,971.7,976.2,67946534
2018-09-23,969.43,998.46,968.46,980.64,100163931
2018-09-24,979.4,980.03,967.52,970.1,149540970
2018-09-25,976.65,988.81,970.32,982.15,68798339
2018-09-26,965.6,977.58,954.43,972.01,65818459
2018-09-27,976.53,979.33,959.45,966.44,69548577
2018-09-28,953.56,968.0,937.03,947.41,132547305
2018-09-29,981.46,988.81,941.4,959.72,95530000
2018-09-30,964.24,966.25,950.13,957.25,52330913
2018-10-01,956.44,965.01,951.47,963.31,87428316
2018-10-02,973.77,991.35,962.33,972.29,81915458
2018-10-03,981.52,982.94,978.73,982.28,107600944
2018-10-04,991.23,998.24,977.14,991.49,156077005
2018-10-05,985.96,987.78,978.62,986.79,82450318
2018-10-06,972.67,996.25,970.87,971.34,129775037
2018-10-07,964.06,974.51,956.6,968.76,140285118
2018-10-08,973.97,976.6,966.77,973.25,94555510
2018-10-09,974.62,986.22,969.42,977.69,69970226
2018-10-10,987.63,991.47,986.44,989.17,122276180
2018-10-11,995.89,998.4,993.38,995.18,115184336
2018-10-12,996.28,999.31,986.87,994.39,80424910
2018-10-13,990.82,994.37,982.35,993.77,136763387
2018-10-14,983.9,997.27,943.65,980.32,95753537
2018-10-15,976.69,981.52,959.37,978.86,92436127
2018-10-16,994.04,996.49,982.21,996.2,168280628
2018-10-17,991.04,999.26,985.93,989.64,67896397
2018-10-18,988.97,991.42,985.29,987.75,98639282
2018-10-19,999.31,1009.68,986.65,994.62,121083324
2018-10-20,1000.19,1012.61,978.49,989.13,106350241
2018-10-21,998.67,1006.82,986.52,998.39,63150084
2018-10-22,1008.53,1013.76,1007.85,1008.68,58143956
2018-10-23,1026.01,1027.18,1013.78,1020.59,138575845
2018-10-24,1017.21,1042.93,1006.49,1035.86,81690690
2018-10-25,1020.71,1035.85,1018.19,1021.13,95973029
2018-10-26,1047.59,1061.69,1046.46,1049.24,129628346
2018-10-27,1045.26,1047.97,1028.58,1042.19,129396692
2018-10-28,1054.28,1055.1,1024.81,1042.61,141848115
2018-10-29,1030.59,1069.59,1024.28,1051.23,157724115
2018-10-30,1051.77,1058.43,1034.3,1037.08,122149994
2018-10-31,1016.05,1043.48,1010.97,1043.33,80332582
2018-11-01,1039.41,1041.43,1033.61,1037.95,84371845
2018-11-02,1055.22,1058.98,1048.53,1052.48,120488755
2018-11-03,1062.87,1073.82,1043.45,1056.63,116959954
2018-11-04,1039.57,1045.32,1031.88,1039.17,60498693
2018-11-05,1044.16,1047.94,1043.04,1045.4,81521865
2018-11-06,1052.5,1068.85,1049.88,1055.76,111619792
2018-11-07,1040.55,1052.48,1029.95,1042.38,106040197
2018-11-08,1050.77,1065.87,1027.0,1052.17,151334461
2018-11-09,1050.56,1082.82,1045.8,1057.88,59410083
2018-11-10,1074.44,1088.95,1066.44,1076.96,151257488
2018-11-11,1103.94,1108.31,1090.12,1099.64,178319042
2018-11-12,1089.36,1093.11,1078.9,1080.42,77179249
2018-11-13,1077.86,1078.1,1073.34,1076.04,132420192
2018-11-14,1067.3,1081.63,1062.51,1065.48,147573076
2018-11-15,1025.31,1037.53,1011.51,1033.93,100132066
2018-11-16,1013.32,1019.59,1011.83,1012.71,133193978
2018-11-17,1007.79,1029.8,993.88,1004.48,132002880
2018-11-18,998.66,998.94,992.24,992.91,129835229
2018-11-19,982.79,989.92,971.23,983.63,64701049
2018-11-20,978.36,986.56,976.21,979.12,59086532
2018-11-21,972.18,981.23,967.6,969.4,67079808
2018-11-22,968.09,968.4,963.72,963.99,63816999
2018-11-23,968.21,980.12,958.54,969.22,126889335
2018-11-24,965.52,969.85,945.97,965.23,137406695
2018-11-25,969.89,978.25,949.72,961.02,71972111
2018-11-26,964.26,967.58,959.11,963.47,53396793
2018-11-27,994.68,1008.69,971.22,993.63,97014095
2018-11-28,1000.78,1004.38,996.38,999.01,55931184
2018-11-29,1010.09,1014.04,991.15,1003.61,135559207
2018-11-30,989.49,994.43,983.8,989.01,87784773
2018-12-01,975.5,980.59,969.21,974.21,73656496
2018-12-02,993.73,998.26,987.28,992.08,129656408
2018-12-03,984.52,984.69,984.42,984.44,156231909
2018-12-04,990.22,990.66,984.93,985.51,150452647
2018-12-05,994.63,997.83,987.19,996.34,99350279
2018-12-06,1011.06,1013.2,1006.36,1009.86,78293630
2018-12-07,1011.0,1011.58,997.46,1009.94,114745276
2018-12-08,1005.32,1013.61,1005.16,1009.8,85261371
2018-12-09,986.68,1003.33,961.99,977.28,163850250
2018-12-10,986.43,992.92,957.35,980.16,51754414
2018-12-11,968.12,982.24,966.67,978.04,72884060
2018-12-12,962.42,963.5,955.8,960.59,106481668
2018-12-13,974.41,986.54,972.87,973.15,61346991
2018-12-14,971.35,971.72,962.3,966.19,106171830
2018-12-15,972.77,989.04,970.4,975.92,164713723
2018-12-16,966.93,984.89,955.31,976.78,111223405
2018-12-17,987.18,1005.78,973.48,989.06,73872663
2018-12-18,1011.19,1017.24,998.55,1005.53,126307702
2018-12-19,1016.62,1020.18,1007.43,1014.85,113280451
2018-12-20,1019.0,1024.37,1011.61,1017.45,78470277
2018-12-21,1005.48,1016.89,996.07,1007.38,58645114
2018-12-22,989.77,996.76,988.4,995.02,93550559
2018-12-23,994.92,1009.54,986.42,994.64,104639493
2018-12-24,1007.51,1009.88,1002.55,1006.94,138912328
2018-12-25,1005.93,1010.44,998.08,1001.28,130817405
2018-12-26,995.82,999.32,988.74,998.06,130233203
2018-12-27,999.8,1008.75,995.42,1006.71,109818259
2018-12-28,1020.31,1043.76,1018.55,1020.76,105873842
2018-12-29,1024.28,1039.0,1009.41,1015.91,106298949
2018-12-30,997.97,1004.66,994.82,998.63,78340110
2018-12-31,1002.31,1022.8,1001.25,1005.97,60505724
2019-01-01,995.81,1007.76,993.97,995.09,92770800
2019-01-02,1009.02,1017.27,1007.91,1008.83,154519490
2019-01-03,1018.56,1018.69,994.27,1006.79,85570848
2019-01-04,1031.83,1035.88,1006.3,1016.52,156170247
2019-01-05,1007.6,1034.92,1005.5,1021.91,126355308
2019-01-06,1035.54,1047.55,1033.03,1040.61,132670790
2019-01-07,1024.81,1039.88,1022.99,1024.07,143971451
2019-01-08,1025.65,1031.35,1013.04,1020.45,74710807
2019-01-09,1029.42,1033.4,1010.43,1023.87,127420899
2019-01-10,1035.38,1047.57,1028.65,1040.04,104178667
2019-01-11,1022.61,1026.61,1016.52,1023.17,77727394
2019-01-12,1036.58,1043.23,1033.97,1042.56,124716341
2019-01-13,1033.08,1046.0,1029.58,1040.38,51707378
2019-01-14,1051.96,1058.09,1035.05,1050.83,83981283
2019-01-15,1035.4,1052.84,1024.66,1044.64,149766798
2019-01-16,1029.61,1037.97,1029.5,1033.39,149958389
2019-01-17,1047.78,1082.29,1037.71,1056.66,116540505
2019-01-18,1051.74,1053.64,1037.48,1051.71,59128564
2019-01-19,1048.15,1059.56,1043.52,1054.92,104249685
2019-01-20,1053.89,1060.16,1050.17,1051.23,64178954
2019-01-21,1034.14,1041.53,1018.37,1030.67,99850069
2019-01-22,1048.85,1052.18,1045.93,1046.71,81001428
2019-01-23,1047.08,1051.97,1042.04,1045.71,53076579
2019-01-24,1052.02,1056.69,1026.76,1032.68,151826583
2019-01-25,1029.74,1032.99,1028.06,1031.8,102004132
2019-01-26,1029.71,1036.56,1022.79,1032.33,134943044
2019-01-27,1024.51,1058.77,1022.48,1032.66,77310463
2019-01-28,1049.89,1056.37,1042.61,1045.25,81047238
2019-01-29,1020.82,1025.74,1019.29,1022.97,66220283
2019-01-30,1029.61,1030.76,1021.69,1022.79,145108165
2019-01-31,1008.27,1015.18,1001.29,1011.01,121572691
2019-02-01,1068.02,1069.6,1029.08,1035.46,163954635
2019-02-02,1020.97,1037.34,1020.36,1033.39,135048247
2019-02-03,1064.24,1066.93,1059.42,1062.74,179165019
2019-02-04,1023.35,1060.02,1003.47,1032.46,157700543
2019-02-05,1058.37,1059.52,1038.63,1048.08,146842211
2019-02-06,1043.88,1046.84,1029.05,1045.05,70045547
2019-02-07,1057.09,1064.48,1054.91,1055.0,160146064
2019-02-08,1044.37,1048.01,1041.95,1047.61,133703893
2019-02-09,1030.66,1031.69,1029.93,1030.86,107626999
2019-02-10,1022.39,1029.12,1019.56,1025.69,154786978
2019-02-11,1009.62,1018.22,1005.11,1006.17,175973835
2019-02-12,1017.71,1035.26,1012.05,1029.25,132943595
2019-02-13,1049.63,1050.39,1044.83,1046.86,102433932
2019-02-14,1058.17,1066.22,1056.1,1063.95,71089819
2019-02-15,1069.26,1070.21,1064.54,1067.78,83869401
2019-02-16,1056.5,1071.82,1053.35,1062.08,97088474
2019-02-17,1069.38,1076.6,1049.19,1061.68,94251963
2019-02-18,1068.64,1068.87,1058.83,1064.26,70917741
2019-02-19,1074.59,1077.46,1043.47,1058.19,102582405
2019-02-20,1056.78,1065.02,1054.14,1057.04,129143909
2019-02-21,1036.45,1071.16,1034.19,1060.45,153614025
2019-02-22,1064.85,1078.93,1063.71,1070.44,59460667
2019-02-23,1079.43,1092.45,1069.85,1074.23,71469810
2019-02-24,1045.34,1055.72,1042.96,1053.3,175501091
2019-02-25,1084.14,1088.71,1062.6,1068.99,117593651
2019-02-26,1059.04,1065.91,1055.86,1059.38,72560607
2019-02-27,1050.67,1054.15,1045.31,1045.51,60627155
2019-02-28,1044.46,1058.26,1038.45,1051.9,108933037
2019-03-01,1036.38,1054.71,1035.43,1038.03,143540378
2019-03-02,1029.14,1033.12,1022.91,1030.47,155523304
2019-03-03,1000.38,1051.06,1000.16,1034.45,95841067
2019-03-04,1055.61,1060.03,1044.2,1049.08,59524410
2019-03-05,1064.02,1094.19,1059.39,1066.96,157197010
2019-03-06,1053.87,1077.15,1040.32,1072.97,77989420
2019-03-07,1067.17,1078.37,1042.76,1066.74,148683763
2019-03-08,1063.65,1082.23,1060.46,1076.28,142461712
2019-03-09,1062.83,1078.19,1045.84,1069.58,102549509
2019-03-10,1050.9,1072.09,1048.08,1062.33,138248072
2019-03-11,1092.77,1094.5,1084.21,1086.92,161721682
2019-03-12,1101.15,1120.49,1084.36,1090.24,68670346
2019-03-13,1107.6,1108.1,1091.97,1099.3,54607296
2019-03-14,1104.46,1111.4,1076.27,1104.28,155927618
2019-03-15,1118.7,1142.48,1113.6,1118.79,74191225
2019-03-16,1128.35,1130.09,1103.03,1120.82,138973726
2019-03-17,1116.58,1145.54,1096.58,1116.01,82091860
2019-03-18,1103.62,1120.83,1103.07,1114.66,85087504
2019-03-19,1101.97,1113.43,1097.63,1109.82,77680389
2019-03-20,1113.0,1121.61,1098.46,1103.29,116893625
2019-03-21,1075.42,1076.11,1074.63,1075.8,83766693
2019-03-22,1072.84,1084.42,1060.48,1066.53,158954115
2019-03-23,1073.21,1097.54,1053.84,1074.77,133124371
2019-03-24,1059.39,1066.54,1058.35,1062.58,128321466
2019-03-25,1074.01,1085.97,1064.81,1079.22,58982220
2019-03-26,1085.94,1092.77,1079.83,1086.28,120956211
2019-03-27,1073.34,1077.94,1066.31,1074.21,79586007
2019-03-28,1065.12,1070.01,1059.57,1066.31,129733361
2019-03-29,1090.12,1091.88,1085.72,1089.06,139935123
2019-03-30,1076.08,1080.84,1064.83,1072.46,77520432
2019-03-31,1070.74,1072.84,1064.89,1071.79,55282189
2019-04-01,1068.03,1069.41,1061.88,1068.76,107471539
2019-04-02,1068.93,1092.05,1064.42,1071.38,51966940
2019-04-03,1068.32,1073.47,1062.17,1071.16,143181856
2019-04-04,1084.03,1088.33,1061.77,1068.09,91562569
2019-04-05,1066.18,1078.48,1049.59,1055.36,142927635
2019-04-06,1049.52,1058.61,1043.11,1055.45,100100364
2019-04-07,1081.52,1084.02,1050.8,1067.98,114712118
2019-04-08,1053.0,1096.14,1040.24,1061.35,105082362
2019-04-09,1052.37,1054.45,1040.26,1050.58,83832647
2019-04-10,1063.62,1100.1,1025.96,1055.89,83644015
2019-04-11,1077.61,1079.86,1063.84,1070.93,144621119
2019-04-12,1063.46,1064.76,1063.17,1063.29,69984497
2019-04-13,1047.06,1060.48,1044.44,1045.84,145843266
2019-04-14,1059.15,1064.3,1056.32,1059.56,141840069
2019-04-15,1095.28,1095.49,1080.26,1082.42,175953602
2019-04-16,1089.3,1106.54,1083.28,1089.26,60476435
2019-04-17,1092.67,1105.64,1081.03,1089.74,140842593
2019-04-18,1070.25,1082.62,1064.79,1078.51,93563479
2019-04-19,1040.33,1040.42,1037.38,1038.91,203913876
2019-04-20,1043.16,1061.56,1031.64,1035.43,125925600
2019-04-21,1051.58,1056.82,1042.02,1046.66,60228004
2019-04-22,1041.82,1061.25,1035.02,1045.15,56917060
2019-04-23,1031.47,1033.18,1029.58,1031.72,108438655
2019-04-24,1029.74,1030.53,1013.6,1017.02,105568179
2019-04-25,1016.13,1019.59,1000.7,1002.36,115979627
2019-04-26,997.81,1007.35,976.79,997.91,135866039
2019-04-27,1010.5,1011.71,1005.94,1008.39,114855784
2019-04-28,1010.26,1013.3,998.62,1010.42,124610353
2019-04-29,1016.13,1021.39,999.97,1010.04,109231011
2019-04-30,988.11,989.76,984.31,987.18,93228184
2019-05-01,964.64,972.99,950.77,972.1,135534849
2019-05-02,983.98,985.2,973.98,975.0,78218701
2019-05-03,980.18,986.32,972.38,976.83,128526574
2019-05-04,976.81,983.59,954.51,967.53,116863032
2019-05-05,962.38,973.09,956.95,968.62,148609415
2019-05-06,969.49,977.64,964.98,966.19,151927004
2019-05-07,970.57,977.92,961.98,966.98,146394299
2019-05-08,964.53,974.54,961.81,973.46,139480213
2019-05-09,982.5,992.81,979.98,989.95,64466407
2019-05-10,972.02,976.78,970.21,975.84,118956285
2019-05-11,969.68,969.95,968.9,969.31,116418856
2019-05-12,976.5,980.04,970.81,971.43,125341707
2019-05-13,971.15,977.2,962.36,974.05,75510005
2019-05-14,967.78,982.76,962.0,976.31,96198499
2019-05-15,976.24,976.89,975.0,976.72,84323117
2019-05-16,993.7,1003.96,988.6,997.4,139894862
2019-05-17,991.78,1013.55,991.16,995.47,120687231
2019-05-18,979.13,982.7,967.48,976.6,103419607
2019-05-19,992.78,1005.04,984.29,988.88,166716032
2019-05-20,985.05,985.97,973.27,982.18,118130694
2019-05-21,979.36,981.8,973.4,974.67,78090844
2019-05-22,981.89,992.19,966.61,971.21,136132092
2019-05-23,951.03,989.21,946.83,972.32,67736339
2019-05-24,970.7,989.67,963.14,976.19,67674333
2019-05-25,971.55,975.15,969.52,971.27,101919516
2019-05-26,960.56,968.53,957.27,966.49,125156674
2019-05-27,969.37,981.97,961.96,975.09,78176114
2019-05-28,993.26,997.12,975.75,983.97,143523623
2019-05-29,931.01,970.45,926.36,970.44,117919385
2019-05-30,977.13,978.17,975.19,977.54,86577037
2019-05-31,975.39,979.42,975.11,977.59,100626565
2019-06-01,992.8,993.61,989.71,990.13,118854715
2019-06-02,1013.37,1014.16,1003.91,1013.42,63785878
2019-06-03,1019.28,1021.51,1003.71,1015.27,80319235
2019-06-04,1017.47,1030.98,1011.4,1020.32,83931909
2019-06-05,1014.13,1021.22,1006.43,1008.21,89465641
2019-06-06,1002.97,1005.17,994.47,998.88,117067097
2019-06-07,1016.54,1026.67,1009.01,1018.11,71104775
2019-06-08,1016.53,1022.82,1013.45,1016.04,108448479
2019-06-09,1007.97,1008.46,998.62,1000.22,77349586
2019-06-10,1018.16,1019.94,997.52,1001.36,130050624
2019-06-11,1002.59,1010.26,992.46,1004.36,139097210
2019-06-12,1021.03,1024.27,1003.79,1007.21,149067068
2019-06-13,988.58,993.68,986.26,990.3,75920681
2019-06-14,986.24,986.39,983.35,985.31,111906694
2019-06-15,992.4,1022.69,980.6,984.12,93538086
2019-06-16,970.1,981.96,967.47,976.88,114038318
2019-06-17,965.63,968.02,962.13,966.1,134158147
2019-06-18,959.76,959.84,954.68,954.88,153804168
2019-06-19,948.22,948.71,946.13,946.82,126173570
2019-06-20,959.43,965.88,957.15,962.0,168444729
2019-06-21,938.02,962.71,937.51,953.18,143153285
2019-06-22,950.95,956.62,949.88,951.89,132906418
2019-06-23,959.33,979.4,954.6,963.71,139866800
2019-06-24,955.32,964.92,953.94,957.98,152654903
2019-06-25,960.67,969.1,958.73,963.63,120279654
2019-06-26,973.66,975.29,968.07,969.77,89109209
2019-06-27,973.98,980.98,960.03,971.99,113001868
2019-06-28,980.0,981.03,966.37,969.94,62769635
2019-06-29,974.84,980.48,969.18,974.71,78551253
2019-06-30,978.2,987.48,974.58,975.63,134175352
2019-07-01,983.93,1003.82,960.57,983.33,57013539
2019-07-02,963.18,970.44,947.71,969.38,117194597
2019-07-03,964.94,967.85,958.77,963.33,59254106
2019-07-04,940.87,961.06,927.76,944.26,172130141
2019-07-05,929.77,930.02,924.18,928.19,112574235
2019-07-06,939.48,944.91,927.9,933.13,129843689
2019-07-07,934.85,937.98,931.07,932.72,149713272
2019-07-08,930.96,941.67,921.02,932.66,77208148
2019-07-09,947.54,949.87,934.55,938.58,54707872
2019-07-10,945.66,947.95,941.8,942.19,85738597
2019-07-11,945.88,953.19,943.72,943.94,68155950
2019-07-12,934.67,948.98,923.73,937.29,99194753
2019-07-13,952.11,955.32,946.76,947.32,68155542
2019-07-14,936.34,941.49,931.57,940.33,79448459
2019-07-15,941.77,946.55,936.48,940.0,130390843
2019-07-16,926.28,935.12,926.13,928.91,123341900
2019-07-17,924.48,932.04,921.27,926.12,76834861
2019-07-18,941.93,944.03,931.0,937.27,57147359
2019-07-19,929.54,936.03,919.55,933.47,81414654
2019-07-20,944.15,951.68,916.73,947.58,104846880
2019-07-21,959.92,969.68,953.3,958.61,59422479
2019-07-22,961.6,973.43,960.92,970.93,158928913
2019-07-23,958.28,962.73,950.54,955.64,113766936
2019-07-24,961.43,978.37,959.94,971.75,151965676
2019-07-25,969.55,972.49,966.74,967.14,155803159
2019-07-26,970.32,972.71,966.01,967.06,53670543
2019-07-27,985.18,995.46,969.54,980.03,79959708
2019-07-28,982.59,988.31,974.77,982.62,62457259
2019-07-29,994.15,994.73,989.38,991.53,97187564
2019-07-30,991.93,996.9,985.23,985.52,100423801
2019-07-31,996.05,1009.69,989.71,994.21,150822456
2019-08-01,986.06,996.56,980.52,996.05,80579451
2019-08-02,983.09,991.1,978.51,989.38,131995411
2019-08-03,978.83,987.14,970.29,975.37,101248824
2019-08-04,975.08,989.93,974.65,980.1,75979567
2019-08-05,986.36,989.42,978.45,985.61,95303298
2019-08-06,990.07,995.66,976.16,983.52,126992391
2019-08-07,984.3,991.43,983.29,988.46,65875814
2019-08-08,986.16,987.98,977.95,987.37,80878092
2019-08-09,1001.62,1015.74,985.09,1002.7,77790738
2019-08-10,1008.93,1010.76,1007.49,1009.29,116104373
2019-08-11,1025.76,1026.64,1000.06,1011.53,96164308
2019-08-12,997.79,1004.66,997.26,1003.23,107177205
2019-08-13,990.21,1008.7,989.51,1006.05,127636886
2019-08-14,1008.13,1011.0,993.78,1009.84,57177492
2019-08-15,1028.78,1028.87,1018.83,1021.3,152295989
2019-08-16,1023.72,1039.57,1022.25,1035.21,90472239
2019-08-17,1045.17,1055.76,1017.6,1041.25,130574668
2019-08-18,1019.74,1034.25,1016.7,1028.82,133973412
2019-08-19,1028.47,1035.37,1027.55,1029.97,137851891
2019-08-20,1011.41,1042.28,995.89,1029.38,113714883
2019-08-21,1013.23,1027.47,1011.09,1020.4,160174722
2019-08-22,1061.2,1066.02,1030.05,1048.26,171978538
2019-08-23,1042.87,1056.98,1025.56,1052.61,124628432
2019-08-24,1074.34,1076.17,1065.93,1066.22,158764085
2019-08-25,1066.06,1066.83,1062.43,1065.69,102180392
2019-08-26,1050.13,1061.11,1035.34,1054.23,146975649
2019-08-27,1061.34,1073.48,1056.19,1064.94,101091616
2019-08-28,1035.98,1036.98,1030.28,1035.95,143046293
2019-08-29,1026.86,1028.87,1023.55,1028.79,120652160
2019-08-30,1041.36,1050.03,1040.46,1045.89,153844713
2019-08-31,1053.54,1057.43,1045.26,1054.09,101281299
2019-09-01,1050.41,1051.22,1015.29,1042.44,57067706
2019-09-02,1041.78,1052.18,1030.77,1041.04,102023772
2019-09-03,1018.95,1034.44,1007.43,1031.5,121703090
2019-09-04,1042.1,1050.12,1035.21,1040.43,150085515
2019-09-05,1052.99,1054.85,1051.61,1054.44,142260079
2019-09-06,1033.69,1053.67,1027.78,1040.73,158101800
2019-09-07,1033.8,1050.31,1028.48,1040.56,124214599
2019-09-08,1047.85,1055.03,1044.75,1048.66,117364715
2019-09-09,1039.98,1058.32,1038.23,1056.34,103845163
2019-09-10,1063.66,1075.98,1059.59,1069.27,150411734
2019-09-11,1084.21,1088.47,1069.4,1078.62,114256415
2019-09-12,1078.95,1107.15,1074.9,1096.48,60365650
2019-09-13,1083.35,1094.38,1074.54,1083.3,63496795
2019-09-14,1092.65,1109.88,1075.41,1098.25,107034098
2019-09-15,1108.99,1111.93,1106.12,1111.08,113186386
2019-09-16,1106.46,1107.47,1098.44,1105.52,147846040
2019-09-17,1129.98,1136.18,1118.04,1126.18,102356042
2019-09-18,1146.32,1147.88,1141.59,1145.32,165585141
2019-09-19,1151.65,1177.94,1140.99,1163.06,133159523
2019-09-20,1173.13,1173.52,1168.73,1170.94,139204579
2019-09-21,1162.8,1167.82,1144.82,1159.61,76580403
2019-09-22,1151.05,1152.79,1144.75,1148.43,128458603
2019-09-23,1152.47,1186.85,1126.08,1148.07,90502203
2019-09-24,1143.7,1144.86,1130.32,1140.9,53252660
2019-09-25,1130.32,1146.82,1114.2,1145.38,74591158
2019-09-26,1148.02,1148.02,1135.24,1136.56,88306955
2019-09-27,1146.94,1165.39,1136.49,1138.78,51471135
2019-09-28,1128.69,1142.41,1128.66,1137.48,56482615
2019-09-29,1159.26,1168.96,1131.22,1134.82,150962726
2019-09-30,1147.85,1150.73,1120.79,1131.96,59906671
2019-10-01,1154.73,1158.96,1137.7,1157.48,61910727
2019-10-02,1176.9,1178.97,1124.58,1156.29,92647074
2019-10-03,1168.49,1181.2,1165.95,1169.66,56923923
2019-10-04,1154.41,1161.48,1150.04,1151.33,160269054
2019-10-05,1141.36,1159.37,1140.47,1151.18,102922427
2019-10-06,1166.51,1202.7,1160.57,1170.71,116101910
2019-10-07,1177.49,1178.08,1171.44,1177.79,98911947
2019-10-08,1180.6,1192.66,1171.79,1182.68,103717583
2019-10-09,1193.38,1204.21,1183.28,1200.9,172750609
2019-10-10,1191.71,1196.45,1186.12,1193.78,120080653
2019-10-11,1184.69,1191.9,1184.48,1189.2,114028388
2019-10-12,1189.66,1192.37,1184.94,1186.11,111029231
2019-10-13,1168.11,1212.45,1152.22,1165.15,153432784
2019-10-14,1165.55,1169.02,1148.83,1163.69,141927087
2019-10-15,1134.4,1177.77,1127.43,1156.76,115625309
2019-10-16,1141.65,1149.95,1141.18,1141.32,104144299
2019-10-17,1146.32,1157.09,1136.56,1145.47,147977067
2019-10-18,1138.32,1152.34,1133.76,1142.47,52827754
2019-10-19,1131.99,1132.07,1124.33,1125.1,108398147
2019-10-20,1142.88,1154.07,1130.57,1133.04,146821107
2019-10-21,1127.16,1127.25,1119.31,1124.53,130216374
2019-10-22,1134.38,1141.7,1130.6,1135.68,59270217
2019-10-23,1133.91,1142.53,1133.29,1139.95,104497679
2019-10-24,1145.19,1156.5,1134.34,1143.48,99281015
2019-10-25,1132.04,1138.97,1131.76,1136.25,117410430
2019-10-26,1153.05,1163.88,1140.26,1152.32,164829007
2019-10-27,1138.61,1172.45,1133.45,1143.55,93089482
2019-10-28,1157.98,1181.14,1154.65,1160.69,90509148
2019-10-29,1155.84,1158.39,1144.9,1149.32,111465687
2019-10-30,1160.53,1170.09,1159.48,1166.67,83225994
2019-10-31,1177.28,1192.55,1171.74,1178.86,124919830
2019-11-01,1186.79,1200.7,1185.24,1196.47,96442178
2019-11-02,1224.11,1253.59,1188.47,1212.32,163417049
2019-11-03,1191.06,1197.89,1187.59,1194.78,114457010
2019-11-04,1191.98,1194.6,1191.47,1191.48,59647059
2019-11-05,1205.64,1221.83,1205.52,1215.86,164608786
2019-11-06,1206.51,1209.84,1204.34,1209.13,127189350
2019-11-07,1231.53,1240.35,1210.61,1223.99,163927715
2019-11-08,1215.74,1240.04,1214.22,1228.18,98297154
2019-11-09,1202.57,1227.82,1165.56,1220.66,81066714
2019-11-10,1252.71,1261.99,1243.33,1243.66,101336398
2019-11-11,1263.38,1265.48,1249.28,1253.93,150845723
2019-11-12,1279.77,1291.55,1256.03,1269.95,116724725
2019-11-13,1287.18,1298.31,1272.81,1278.5,158634198
2019-11-14,1293.89,1299.58,1268.26,1283.33,155648505
2019-11-15,1288.65,1302.63,1279.93,1286.07,128681063
2019-11-16,1278.41,1281.25,1270.73,1280.63,82286161
2019-11-17,1283.37,1296.22,1281.03,1282.36,134348452
2019-11-18,1290.61,1291.12,1288.05,1290.35,143079015
2019-11-19,1294.2,1298.48,1274.16,1285.05,88026410
2019-11-20,1263.96,1282.14,1263.21,1278.51,93450011
2019-11-21,1260.26,1263.54,1259.73,1263.31,133227724
2019-11-22,1281.91,1291.89,1250.42,1271.16,91065065
2019-11-23,1273.05,1305.45,1261.83,1282.31,144738682
2019-11-24,1298.03,1311.79,1295.33,1295.42,70355589
2019-11-25,1260.44,1302.67,1254.35,1289.96,65626544
2019-11-26,1292.97,1302.07,1279.1,1295.75,69174776
2019-11-27,1287.27,1287.3,1273.36,1280.93,77593927
2019-11-28,1303.71,1306.96,1280.44,1282.53,109651888
2019-11-29,1261.52,1281.21,1242.12,1264.84,110965947
2019-11-30,1263.91,1267.98,1256.43,1260.75,84504164
2019-12-01,1266.81,1288.44,1254.49,1268.84,98500197
2019-12-02,1277.7,1283.2,1270.31,1278.29,149568624
2019-12-03,1278.24,1281.89,1266.3,1271.88,142153187
2019-12-04,1276.5,1278.38,1250.02,1264.34,152200228
2019-12-05,1261.75,1266.17,1247.89,1264.64,137888526
2019-12-06,1258.48,1268.67,1255.42,1264.82,95615086
2019-12-07,1250.2,1271.0,1239.74,1247.18,138739481
2019-12-08,1216.52,1222.33,1211.66,1221.06,135094844
2019-12-09,1228.9,1238.37,1228.48,1232.02,82114179
2019-12-10,1252.68,1262.15,1239.34,1247.27,115713638
2019-12-11,1269.1,1270.68,1222.54,1242.53,72432503
2019-12-12,1247.31,1249.38,1228.27,1234.88,137102478
2019-12-13,1238.47,1253.35,1224.3,1240.12,89505344
2019-12-14,1237.28,1240.49,1213.38,1227.17,93061828
2019-12-15,1212.17,1239.64,1201.98,1232.09,129807682
2019-12-16,1260.31,1282.92,1251.51,1266.56,155037768
2019-12-17,1286.38,1295.67,1248.35,1272.92,86705857
2019-12-18,1318.65,1334.06,1307.25,1307.51,108880727
2019-12-19,1309.1,1336.52,1299.45,1309.28,111801538
2019-12-20,1311.77,1318.62,1302.54,1311.63,144223368
2019-12-21,1333.43,1363.27,1314.64,1333.31,168360553
2019-12-22,1332.97,1347.99,1332.16,1342.74,88900366
2019-12-23,1366.14,1380.17,1350.92,1363.43,155299233
2019-12-24,1340.38,1347.87,1338.08,1346.92,161250539
2019-12-25,1322.14,1322.93,1312.54,1322.17,91309231
2019-12-26,1324.91,1333.78,1315.4,1333.36,59705737
2019-12-27,1365.4,1383.66,1341.49,1351.05,112577661
2019-12-28,1345.74,1369.7,1337.08,1360.5,119514452
2019-12-29,1363.56,1367.47,1362.02,1363.12,61806584
