Date,Open,High,Low,Close,Volume
2010-01-01,50.53,50.65,50.41,50.51,93812354
2010-01-02,51.29,51.67,50.79,51.31,87190876
2010-01-03,51.18,51.2,51.16,51.2,109048224
2010-01-04,51.23,51.93,51.03,51.25,69077060
2010-01-05,51.44,51.78,50.04,51.13,75111009
2010-01-06,51.11,51.77,50.78,51.31,125038461
2010-01-07,51.33,51.91,51.25,51.57,82950270
2010-01-08,51.23,52.07,49.54,51.21,61007318
2010-01-09,50.17,51.15,49.95,50.33,86542075
2010-01-10,50.67,50.69,50.26,50.32,52221138
2010-01-11,50.04,50.4,49.46,49.74,150379896
2010-01-12,50.08,50.09,50.01,50.03,139751492
2010-01-13,50.05,50.24,49.85,50.16,59138366
2010-01-14,49.91,50.03,49.84,49.9,60537154
2010-01-15,49.76,50.29,49.3,49.77,128317097
2010-01-16,49.58,49.97,49.4,49.57,109678748
2010-01-17,49.74,50.11,48.87,49.1,150704833
2010-01-18,49.26,49.53,49.14,49.48,158785221
2010-01-19,49.46,49.73,49.22,49.65,143712687
2010-01-20,49.58,49.61,49.38,49.55,83466601
2010-01-21,49.4,49.66,49.36,49.41,103840558
2010-01-22,49.8,49.85,49.48,49.49,96106484
2010-01-23,49.51,49.57,48.57,49.25,153103594
2010-01-24,48.24,49.28,48.18,49.03,77528596
2010-01-25,48.54,49.33,47.95,48.43,155929197
2010-01-26,47.78,47.8,47.31,47.68,164543277
2010-01-27,47.86,48.07,47.71,47.88,53826129
2010-01-28,48.12,48.21,47.34,48.16,100483200
2010-01-29,48.57,48.74,48.54,48.54,154358654
2010-01-30,48.85,48.89,48.67,48.69,102887933
2010-01-31,48.04,49.11,47.74,48.42,155195504
2010-02-01,47.73,48.4,47.68,48.02,117618935
2010-02-02,47.48,47.96,47.46,47.87,77627703
2010-02-03,47.43,47.76,47.41,47.64,85747254
2010-02-04,47.48,48.31,47.33,48.12,135954961
2010-02-05,48.29,48.32,47.83,47.85,95502334
2010-02-06,48.36,49.25,48.24,48.32,136716796
2010-02-07,48.4,48.52,48.01,48.32,67745180
2010-02-08,47.59,47.75,47.2,47.73,123893974
2010-02-09,47.26,47.46,46.54,47.23,143581305
2010-02-10,46.44,46.79,46.41,46.75,132403267
2010-02-11,46.0,46.09,45.89,46.02,165032063
2010-02-12,46.65,46.66,46.6,46.65,141515056
2010-02-13,46.91,46.95,46.65,46.76,142927252
2010-02-14,47.19,47.23,46.69,46.92,69854085
2010-02-15,47.4,47.58,46.88,47.11,70383042
2010-02-16,46.94,47.08,46.59,46.96,75492674
2010-02-17,47.16,47.2,46.25,46.88,121258417
2010-02-18,47.04,47.12,46.25,46.68,111561985
2010-02-19,46.49,47.06,45.83,46.83,60524292
2010-02-20,46.9,47.71,46.86,46.99,90676730
2010-02-21,46.6,47.01,46.53,46.83,105218054
2010-02-22,46.25,46.42,45.75,46.15,73615099
2010-02-23,47.94,48.15,47.15,47.41,130234954
2010-02-24,47.65,47.91,47.31,47.69,111213269
2010-02-25,47.66,48.31,47.31,47.91,58852414
2010-02-26,47.7,47.73,47.07,47.71,115243780
2010-02-27,48.0,48.0,47.93,47.94,52584816
2010-02-28,47.98,48.57,47.86,47.98,135001277
2010-03-01,47.88,48.32,47.77,48.25,119834939
2010-03-02,47.71,47.81,47.51,47.74,131616967
2010-03-03,47.92,48.01,47.91,47.96,94492819
2010-03-04,46.41,47.42,46.36,47.23,96993850
2010-03-05,46.79,47.74,46.6,46.93,76049783
2010-03-06,47.16,47.73,46.97,47.49,84518493
2010-03-07,47.91,48.32,47.39,47.44,119054933
2010-03-08,47.36,47.65,46.54,47.64,108287595
2010-03-09,47.44,47.63,47.33,47.55,115578974
2010-03-10,47.66,47.87,47.53,47.57,140625430
2010-03-11,47.65,47.71,47.51,47.63,74963665
2010-03-12,48.42,48.83,48.07,48.15,66625704
2010-03-13,48.75,48.91,47.56,47.86,121045194
2010-03-14,47.68,48.08,47.54,47.58,120797009
2010-03-15,48.05,48.37,47.78,47.85,95519980
2010-03-16,47.91,48.38,47.6,48.18,140510766
2010-03-17,47.14,48.17,46.8,47.67,100501921
2010-03-18,47.96,48.05,47.66,47.73,118171400
2010-03-19,48.29,48.37,48.13,48.21,111952960
2010-03-20,48.52,48.98,47.4,48.49,117641229
2010-03-21,47.24,48.04,47.19,48.01,114402011
2010-03-22,48.23,48.28,48.19,48.27,116591632
2010-03-23,49.24,49.32,48.71,48.79,135541638
2010-03-24,48.35,49.24,48.33,48.94,87234128
2010-03-25,49.44,49.97,49.38,49.53,104737780
2010-03-26,49.48,49.54,49.2,49.3,132482702
2010-03-27,49.23,49.66,49.13,49.25,90998719
2010-03-28,50.06,50.48,49.37,49.69,113842900
2010-03-29,49.65,49.67,49.03,49.4,123294297
2010-03-30,48.85,49.18,48.67,49.14,58020313
2010-03-31,49.1,49.26,49.02,49.06,133790450
2010-04-01,49.24,49.89,48.67,49.3,97967642
2010-04-02,49.7,49.78,49.54,49.6,134064437
2010-04-03,49.45,49.62,49.31,49.62,130104109
2010-04-04,49.36,49.38,49.28,49.35,64697791
2010-04-05,49.73,50.06,49.71,49.79,134215752
2010-04-06,49.8,50.3,49.76,49.81,144040788
2010-04-07,50.32,50.37,49.96,50.16,129499245
2010-04-08,50.77,50.81,50.1,50.32,61181352
2010-04-09,50.03,50.54,49.89,50.21,88083300
2010-04-10,50.2,50.25,50.12,50.18,64535800
2010-04-11,49.97,50.24,49.46,49.85,92015051
2010-04-12,49.68,49.71,49.39,49.51,100159157
2010-04-13,49.65,49.65,49.48,49.54,132791693
2010-04-14,49.42,50.17,49.09,49.56,52439625
2010-04-15,48.81,49.08,48.72,49.07,129304334
2010-04-16,48.84,49.07,48.82,49.05,69857919
2010-04-17,49.23,49.24,49.22,49.23,112158909
2010-04-18,49.49,49.62,49.38,49.38,135453777
2010-04-19,49.11,49.49,48.84,49.0,114135113
2010-04-20,49.43,49.74,49.18,49.61,154834787
2010-04-21,48.63,49.28,48.49,48.84,157809543
2010-04-22,49.19,49.21,48.86,49.04,100479144
2010-04-23,49.53,49.64,48.55,49.26,102579189
2010-04-24,49.34,49.55,49.05,49.22,79938126
2010-04-25,49.49,49.82,49.11,49.23,115037829
2010-04-26,48.97,49.22,48.61,49.13,87529936
2010-04-27,48.94,49.01,48.81,48.95,119167517
2010-04-28,49.15,49.56,48.56,48.75,139385584
2010-04-29,48.23,48.27,47.97,48.03,92415024
2010-04-30,48.61,48.86,48.03,48.32,132328701
2010-05-01,47.51,48.04,47.4,47.98,122851030
2010-05-02,48.53,48.7,47.84,48.39,110599000
2010-05-03,48.88,48.96,48.87,48.92,134347885
2010-05-04,48.16,48.62,48.1,48.57,97835606
2010-05-05,48.21,48.53,47.72,48.05,66853945
2010-05-06,48.06,48.11,48.03,48.1,51843121
2010-05-07,48.65,48.89,48.46,48.51,78191621
2010-05-08,48.72,48.89,48.28,48.72,152275264
2010-05-09,48.19,48.55,47.9,48.27,72894052
2010-05-10,48.52,48.71,47.28,47.75,146882170
2010-05-11,47.61,47.64,47.23,47.52,69948720
2010-05-12,46.95,47.27,46.88,47.26,118655050
2010-05-13,46.81,47.51,46.67,47.25,64547827
2010-05-14,47.57,47.64,46.71,47.44,142681158
2010-05-15,47.99,48.0,47.72,47.82,78215582
2010-05-16,47.61,47.91,46.85,47.62,55797501
2010-05-17,47.61,47.67,47.06,47.34,98441646
2010-05-18,47.1,47.3,46.84,47.05,60014099
2010-05-19,46.77,46.91,46.67,46.72,79027998
2010-05-20,46.93,46.94,46.87,46.88,83229524
2010-05-21,47.02,47.05,46.97,47.04,133878071
2010-05-22,46.99,47.12,46.35,46.84,85054611
2010-05-23,46.79,46.81,46.52,46.57,73532636
2010-05-24,46.24,46.83,46.17,46.56,101145681
2010-05-25,46.72,47.14,46.63,46.82,149191731
2010-05-26,47.2,47.26,46.57,46.79,91320132
2010-05-27,46.18,46.75,46.09,46.74,110633374
2010-05-28,46.31,47.01,46.19,46.52,86984401
2010-05-29,46.38,46.59,46.35,46.58,140761258
2010-05-30,46.63,46.88,46.52,46.69,115683349
2010-05-31,46.48,46.64,46.32,46.36,128844700
2010-06-01,46.72,46.87,46.7,46.85,65585426
2010-06-02,47.27,47.36,45.8,46.55,154623231
2010-06-03,46.52,46.53,46.25,46.29,108399672
2010-06-04,46.15,46.15,46.05,46.14,111015468
2010-06-05,46.12,46.13,45.62,45.71,91653370
2010-06-06,45.7,45.86,45.22,45.6,105403805
2010-06-07,45.04,45.21,44.64,44.81,122811316
2010-06-08,45.28,45.5,44.91,45.13,102128384
2010-06-09,44.6,45.62,43.61,45.48,125026885
2010-06-10,44.96,45.55,44.55,45.2,108615942
2010-06-11,44.87,44.92,44.79,44.86,151681789
2010-06-12,44.72,44.86,44.29,44.53,119683459
2010-06-13,43.91,44.47,43.66,44.18,102779035
2010-06-14,43.79,44.44,43.75,44.1,106720917
2010-06-15,43.46,44.83,43.08,44.2,109706378
2010-06-16,43.76,44.48,43.61,43.77,108397714
2010-06-17,43.99,44.11,43.59,43.75,118485725
2010-06-18,43.98,44.47,43.77,43.95,72013774
2010-06-19,44.65,44.89,44.23,44.41,92108491
2010-06-20,45.17,45.67,44.3,44.89,118945596
2010-06-21,45.38,45.55,44.83,45.14,137035126
2010-06-22,46.01,47.1,45.6,45.72,120338311
2010-06-23,45.65,46.12,45.48,46.02,74108233
2010-06-24,45.68,45.71,45.39,45.6,67967618
2010-06-25,45.13,46.16,45.11,45.95,86785995
2010-06-26,46.02,46.35,45.44,46.09,103424480
2010-06-27,45.86,46.28,45.41,45.86,147293052
2010-06-28,45.91,46.03,45.68,45.91,78302997
2010-06-29,45.81,45.83,45.8,45.82,78524546
2010-06-30,45.47,46.07,45.15,45.56,138186042
2010-07-01,45.97,46.13,45.04,45.35,71684268
2010-07-02,45.47,46.68,45.19,45.86,141296063
2010-07-03,45.13,46.32,44.95,45.77,105655008
2010-07-04,45.7,45.9,45.61,45.85,107051868
2010-07-05,46.0,46.01,45.64,45.97,109998396
2010-07-06,46.38,47.11,46.2,46.33,108566174
2010-07-07,45.93,46.13,45.86,46.1,56666033
2010-07-08,46.85,47.31,46.23,46.63,63247788
2010-07-09,47.6,47.76,46.72,46.94,104675664
2010-07-10,45.74,46.25,45.3,46.08,90573548
2010-07-11,45.62,45.69,45.37,45.59,157518945
2010-07-12,45.28,45.88,45.1,45.51,66909245
2010-07-13,45.68,45.78,45.65,45.73,130617961
2010-07-14,45.71,45.89,45.63,45.86,137967776
2010-07-15,46.27,46.45,45.95,46.31,75103399
2010-07-16,45.85,45.86,45.34,45.64,78363014
2010-07-17,45.68,45.79,45.52,45.74,89009092
2010-07-18,45.93,46.08,45.68,46.02,89238560
2010-07-19,46.0,46.27,45.96,46.24,82294689
2010-07-20,46.0,46.17,45.57,45.88,75884266
2010-07-21,46.51,46.61,46.37,46.37,66226322
2010-07-22,44.93,46.07,44.85,45.92,98476079
2010-07-23,45.52,45.76,45.5,45.65,66693378
2010-07-24,45.21,45.41,45.19,45.31,98951663
2010-07-25,45.07,45.37,44.89,45.29,65371553
2010-07-26,44.94,45.24,44.84,45.06,121962213
2010-07-27,45.77,46.21,45.45,45.63,69814949
2010-07-28,45.3,46.43,45.29,45.65,59896705
2010-07-29,45.77,45.9,45.39,45.65,132613653
2010-07-30,45.53,45.65,45.29,45.3,108092177
2010-07-31,44.96,45.4,44.78,44.91,85255882
2010-08-01,45.35,45.53,44.36,45.04,109102425
2010-08-02,45.49,46.02,44.61,44.86,77790867
2010-08-03,44.62,44.7,43.95,44.28,103998786
2010-08-04,45.15,45.22,44.2,44.8,128656606
2010-08-05,44.33,44.72,44.17,44.4,114035840
2010-08-06,44.63,44.72,44.59,44.69,84945335
2010-08-07,43.71,43.99,43.56,43.95,132733499
2010-08-08,44.35,44.41,44.18,44.31,79339919
2010-08-09,44.29,44.43,44.05,44.26,129423346
2010-08-10,44.37,44.58,44.08,44.18,87160947
2010-08-11,44.35,44.7,44.02,44.15,99100971
2010-08-12,44.11,44.14,44.08,44.1,125140042
2010-08-13,43.72,44.27,43.62,43.95,71336781
2010-08-14,44.7,44.83,44.45,44.66,70709992
2010-08-15,45.14,45.25,44.99,45.13,96563535
2010-08-16,44.92,45.43,44.84,44.85,157730486
2010-08-17,43.77,44.36,43.58,44.16,101849009
2010-08-18,44.07,44.65,43.6,44.0,126028795
2010-08-19,44.26,44.41,44.25,44.29,55413735
2010-08-20,44.33,44.51,43.97,44.29,146259650
2010-08-21,44.08,44.64,43.75,44.07,113166465
2010-08-22,43.55,43.94,43.55,43.75,139125147
2010-08-23,44.0,44.07,43.67,43.92,95654816
2010-08-24,43.48,43.99,43.39,43.48,151742364
2010-08-25,43.72,43.76,43.34,43.49,60252805
2010-08-26,43.75,44.18,43.63,43.85,88052086
2010-08-27,43.32,43.46,43.12,43.24,78194476
2010-08-28,43.41,43.54,42.93,43.27,119974851
2010-08-29,43.54,43.61,43.44,43.58,146535223
2010-08-30,44.0,44.32,43.68,44.28,112449302
2010-08-31,44.53,44.58,44.53,44.53,146778258
2010-09-01,44.12,44.41,43.95,44.17,138011032
2010-09-02,44.2,44.41,44.04,44.38,154848347
2010-09-03,43.77,43.83,43.65,43.82,142758609
2010-09-04,43.99,44.92,43.94,44.47,60874742
2010-09-05,45.16,45.43,44.44,44.49,135698736
2010-09-06,44.9,45.35,44.53,45.12,137152729
2010-09-07,45.27,45.27,43.84,44.42,74942656
2010-09-08,44.36,44.76,44.0,44.15,69617875
2010-09-09,44.95,45.77,44.79,45.19,178262785
2010-09-10,45.62,45.7,44.7,45.28,128913613
2010-09-11,45.1,45.79,45.08,45.71,134424358
2010-09-12,45.4,46.21,45.14,46.02,87762633
2010-09-13,45.97,46.26,45.87,46.16,149548540
2010-09-14,46.24,46.49,45.98,46.13,138229116
2010-09-15,46.35,46.6,46.13,46.18,114437631
2010-09-16,46.5,46.55,45.19,45.92,58240155
2010-09-17,46.88,46.96,46.59,46.75,64708487
2010-09-18,46.84,47.32,46.76,47.1,147809977
2010-09-19,46.67,46.85,46.6,46.81,145102394
2010-09-20,48.27,48.64,47.28,47.44,152077133
2010-09-21,47.61,48.0,46.92,47.48,144297012
2010-09-22,48.44,48.59,48.41,48.42,169619561
2010-09-23,47.88,48.41,47.88,48.19,69593421
2010-09-24,47.82,48.27,47.61,48.04,67447187
2010-09-25,47.92,48.63,47.65,48.23,93692104
2010-09-26,47.95,48.39,47.86,48.15,57994370
2010-09-27,47.36,47.99,47.3,47.76,126839460
2010-09-28,47.55,47.82,47.08,47.63,149610773
2010-09-29,47.65,47.96,47.63,47.71,109687455
2010-09-30,48.18,48.18,47.73,48.12,115690117
2010-10-01,47.86,48.08,46.84,47.32,150330334
2010-10-02,47.57,47.78,46.97,47.29,93112986
2010-10-03,46.91,46.93,46.76,46.78,83325605
2010-10-04,46.85,47.14,46.6,46.93,141015995
2010-10-05,46.71,47.1,46.51,46.96,72319068
2010-10-06,47.25,47.3,47.13,47.18,153163350
2010-10-07,46.73,46.88,46.65,46.69,57438253
2010-10-08,45.96,46.12,45.4,45.85,155955102
2010-10-09,46.0,46.34,45.23,45.7,126787063
2010-10-10,44.63,45.38,44.31,45.19,166087874
2010-10-11,45.1,45.39,44.96,45.31,132539076
2010-10-12,45.28,45.4,44.95,45.36,68293192
2010-10-13,45.14,45.2,44.58,45.2,136922518
2010-10-14,44.95,45.2,44.93,45.13,52696051
2010-10-15,45.25,45.32,44.86,45.28,87030406
2010-10-16,45.29,45.37,44.92,45.04,110651196
2010-10-17,45.02,45.08,44.87,44.98,65890621
2010-10-18,45.18,45.4,44.77,45.16,76572132
2010-10-19,44.66,45.11,43.67,44.67,111171891
2010-10-20,44.54,44.73,44.05,44.38,72799563
2010-10-21,44.24,44.81,44.1,44.36,88592776
2010-10-22,44.73,45.0,44.47,44.69,88900351
2010-10-23,44.72,44.74,44.47,44.71,57475755
2010-10-24,44.65,44.75,44.07,44.55,89684433
2010-10-25,44.34,44.93,43.64,44.59,85512164
2010-10-26,44.47,44.58,44.09,44.53,113821915
2010-10-27,44.88,44.92,44.72,44.73,72101328
2010-10-28,43.91,44.4,43.84,44.38,89897263
2010-10-29,44.81,44.85,44.71,44.71,153473155
2010-10-30,44.89,44.97,44.86,44.96,75526475
2010-10-31,44.44,45.53,44.25,45.14,68899052
2010-11-01,45.24,45.29,44.73,45.01,92528049
2010-11-02,45.3,45.38,44.81,44.91,126020364
2010-11-03,44.23,44.89,43.62,44.57,66307318
2010-11-04,44.82,45.24,44.76,44.91,84620695
2010-11-05,45.11,45.25,45.03,45.25,83920517
2010-11-06,46.06,46.08,45.49,46.05,110913341
2010-11-07,46.94,47.13,46.5,46.56,125192298
2010-11-08,46.18,46.44,45.96,46.42,109190545
2010-11-09,46.84,46.94,46.21,46.76,144875491
2010-11-10,46.55,46.89,46.28,46.34,155776199
2010-11-11,46.5,46.67,46.24,46.63,71505949
2010-11-12,47.16,47.2,46.87,47.06,104418509
2010-11-13,47.02,47.26,46.94,46.99,74499233
2010-11-14,47.36,47.73,46.91,47.2,116826603
2010-11-15,47.64,47.78,47.63,47.69,127304421
2010-11-16,47.66,48.03,46.89,47.37,151442490
2010-11-17,47.68,48.0,47.27,47.8,117619075
2010-11-18,47.45,47.7,47.01,47.39,95888834
2010-11-19,47.27,47.39,47.09,47.12,54472159
2010-11-20,47.69,47.7,47.39,47.41,62237761
2010-11-21,47.13,47.28,46.87,47.09,111268731
2010-11-22,46.88,47.28,46.81,47.17,55539107
2010-11-23,47.23,47.9,47.15,47.36,133124524
2010-11-24,47.45,47.52,47.36,47.38,66581417
2010-11-25,47.69,47.69,46.67,47.54,126889342
2010-11-26,47.34,47.48,47.21,47.24,75277677
2010-11-27,47.42,47.55,47.28,47.55,77839491
2010-11-28,47.43,47.86,47.35,47.71,117345069
2010-11-29,47.89,48.38,47.77,47.91,72073316
2010-11-30,46.45,47.65,46.0,47.37,134377084
2010-12-01,47.49,48.45,46.97,47.56,60961500
2010-12-02,47.35,47.8,47.24,47.78,134241770
2010-12-03,47.95,47.96,47.66,47.84,144094169
2010-12-04,48.17,48.74,47.55,48.06,115226517
2010-12-05,48.32,48.5,48.12,48.39,81191256
2010-12-06,48.14,48.18,47.43,47.95,158803908
2010-12-07,47.66,47.9,47.41,47.5,136622879
2010-12-08,47.34,47.83,47.19,47.42,134730714
2010-12-09,47.29,47.37,46.93,47.05,80428006
2010-12-10,47.62,47.66,47.59,47.65,74872011
2010-12-11,47.86,48.3,47.07,47.91,59550525
2010-12-12,48.15,48.47,47.77,48.21,149659761
2010-12-13,48.01,48.09,47.9,48.0,118341408
2010-12-14,48.08,48.24,47.18,47.62,112856272
2010-12-15,48.26,48.3,47.84,48.26,60128860
2010-12-16,47.77,48.08,47.14,47.55,117478253
2010-12-17,47.99,48.14,47.98,48.08,136480926
2010-12-18,48.47,49.11,48.46,48.56,163654564
2010-12-19,48.92,49.52,48.89,49.2,121800339
2010-12-20,49.38,49.72,49.35,49.45,144212587
2010-12-21,49.05,49.11,48.99,49.0,154922231
2010-12-22,49.68,49.91,49.13,49.4,151996519
2010-12-23,49.13,49.14,49.05,49.09,142579447
2010-12-24,48.97,49.25,48.85,49.04,74652049
2010-12-25,49.45,49.53,49.22,49.3,125031457
2010-12-26,49.12,49.75,48.7,49.63,150180658
2010-12-27,49.07,49.23,48.31,48.71,171982792
2010-12-28,48.86,48.97,48.76,48.86,94986412
2010-12-29,48.9,48.98,48.21,48.8,59489810
2010-12-30,48.64,48.92,48.34,48.59,88149500
2010-12-31,48.68,48.71,48.57,48.59,140303856
2011-01-01,47.51,48.24,47.35,47.83,89454398
2011-01-02,47.8,47.85,47.41,47.55,152709280
2011-01-03,48.0,48.48,47.8,48.04,159888134
2011-01-04,47.91,47.99,47.65,47.81,59701327
2011-01-05,47.69,48.04,47.29,47.66,118576952
2011-01-06,47.77,47.85,47.28,47.5,89183820
2011-01-07,47.94,48.04,47.79,47.83,139719121
2011-01-08,48.16,48.3,47.71,48.17,62874051
2011-01-09,47.74,47.9,47.56,47.59,118461349
2011-01-10,47.96,47.99,47.53,47.6,120693274
2011-01-11,47.88,48.09,47.72,47.94,94908991
2011-01-12,47.46,47.79,47.08,47.76,64528100
2011-01-13,47.86,47.95,47.4,47.81,134586657
2011-01-14,47.23,47.25,46.77,47.15,95382517
2011-01-15,47.4,48.34,47.28,47.79,81539887
2011-01-16,47.3,47.6,47.12,47.43,72740387
2011-01-17,47.06,47.13,46.98,47.06,121061599
2011-01-18,46.41,46.48,46.29,46.43,73238638
2011-01-19,46.64,46.88,46.45,46.77,153675013
2011-01-20,47.5,48.12,46.87,47.31,69166609
2011-01-21,47.78,47.94,47.3,47.87,70106499
2011-01-22,46.87,46.95,46.83,46.93,124121518
2011-01-23,46.65,46.76,46.6,46.64,82676054
2011-01-24,46.37,46.56,46.3,46.4,146030349
2011-01-25,46.86,47.04,46.55,46.79,107170987
2011-01-26,46.83,46.95,46.8,46.82,91730036
2011-01-27,46.57,47.12,46.54,46.71,53304570
2011-01-28,47.08,47.46,46.91,47.11,76109531
2011-01-29,47.63,47.88,46.79,46.81,75960118
2011-01-30,46.31,47.07,46.26,46.86,115419024
2011-01-31,47.44,47.95,47.19,47.66,150701947
2011-02-01,46.49,46.59,46.37,46.49,105690016
2011-02-02,46.53,46.64,46.34,46.39,105034918
2011-02-03,46.57,46.9,46.5,46.72,110605373
2011-02-04,46.77,47.12,46.69,46.78,118286816
2011-02-05,46.88,46.96,46.72,46.94,61107263
2011-02-06,46.47,46.97,46.47,46.69,92268070
2011-02-07,46.78,47.2,46.07,46.5,126375395
2011-02-08,46.89,47.01,46.22,46.83,121546089
2011-02-09,46.95,47.38,46.71,46.77,133992672
2011-02-10,47.01,47.34,46.64,47.29,136888048
2011-02-11,46.69,47.1,46.58,46.87,85480349
2011-02-12,45.52,47.11,45.43,46.38,82349862
2011-02-13,46.57,47.69,46.19,46.31,143823517
2011-02-14,47.35,47.5,47.28,47.44,62494527
2011-02-15,47.23,47.34,46.65,47.14,122478805
2011-02-16,48.09,48.26,47.66,47.78,143834645
2011-02-17,48.22,48.82,47.66,48.1,105518809
2011-02-18,47.87,48.06,47.4,48.03,108702664
2011-02-19,48.27,48.6,48.03,48.1,61360311
2011-02-20,48.33,48.42,47.91,48.33,117920863
2011-02-21,48.3,48.65,47.89,48.34,92132971
2011-02-22,47.49,49.06,47.03,48.41,145627386
2011-02-23,49.25,49.55,48.59,48.8,129273609
2011-02-24,48.56,48.59,48.13,48.42,81296905
2011-02-25,48.06,48.07,48.03,48.06,113155741
2011-02-26,48.05,48.29,47.83,48.05,116969035
2011-02-27,48.26,48.28,48.08,48.27,56777448
2011-02-28,49.02,49.48,48.36,48.45,67491272
2011-03-01,48.59,48.74,48.44,48.63,88351872
2011-03-02,48.92,49.44,48.58,49.12,66243564
2011-03-03,50.09,50.12,48.22,49.63,77790885
2011-03-04,49.65,49.72,49.36,49.49,135887083
2011-03-05,48.98,49.72,48.74,49.39,139481090
2011-03-06,49.86,50.08,49.5,49.75,114147305
2011-03-07,50.1,50.14,50.01,50.09,85864608
2011-03-08,50.11,50.32,50.04,50.16,92447885
2011-03-09,50.14,50.21,50.02,50.04,112252001
2011-03-10,49.6,50.2,49.19,49.72,79616468
2011-03-11,49.7,50.26,49.49,50.07,121990452
2011-03-12,49.63,49.93,49.38,49.49,128391364
2011-03-13,48.53,48.65,48.45,48.63,113946201
2011-03-14,48.36,48.63,48.26,48.58,135222997
2011-03-15,48.58,48.82,48.44,48.6,117192033
2011-03-16,48.9,49.03,48.5,48.51,68068877
2011-03-17,47.62,47.77,47.22,47.58,144283230
2011-03-18,47.1,47.71,47.08,47.52,147473951
2011-03-19,47.84,48.23,47.3,48.04,104813433
2011-03-20,48.4,48.67,47.96,48.22,83619002
2011-03-21,48.8,48.98,48.75,48.85,66548061
2011-03-22,49.54,49.77,49.22,49.39,164535087
2011-03-23,50.0,50.34,49.83,49.9,117663264
2011-03-24,49.66,49.82,49.58,49.62,58888359
2011-03-25,50.17,50.52,49.42,50.14,102731250
2011-03-26,50.49,50.54,50.23,50.53,158096060
2011-03-27,50.47,50.73,50.01,50.45,103438466
2011-03-28,50.74,51.78,50.73,51.17,63169382
2011-03-29,52.45,52.84,52.37,52.51,164595203
2011-03-30,51.8,52.15,51.76,52.09,152370503
2011-03-31,52.05,52.35,51.91,52.11,83030339
2011-04-01,51.92,52.66,51.84,52.05,59338353
2011-04-02,51.89,51.92,51.87,51.88,151835668
2011-04-03,52.56,52.74,52.01,52.47,77774308
2011-04-04,52.34,52.44,52.02,52.31,68794697
2011-04-05,52.13,52.31,51.93,52.24,97725097
2011-04-06,52.41,52.63,52.33,52.54,102456228
2011-04-07,51.81,52.68,51.67,52.32,108389564
2011-04-08,51.91,51.99,51.62,51.64,128430314
2011-04-09,51.03,51.42,50.67,51.35,64976965
2011-04-10,51.36,51.57,51.28,51.34,125787999
2011-04-11,51.54,51.7,51.32,51.62,95857514
2011-04-12,51.8,51.96,51.69,51.84,139072969
2011-04-13,51.61,52.1,51.23,51.76,128723577
2011-04-14,52.0,52.16,51.92,52.1,53516051
2011-04-15,51.8,52.23,51.7,52.05,135223259
2011-04-16,52.02,52.06,52.02,52.05,94997006
2011-04-17,51.46,52.13,51.09,51.91,56266573
2011-04-18,51.88,51.92,51.41,51.57,142570820
2011-04-19,50.45,51.05,50.1,50.83,127280611
2011-04-20,49.89,50.62,49.42,50.11,71197548
2011-04-21,49.72,49.97,49.68,49.81,150137188
2011-04-22,49.58,49.68,49.42,49.53,65130067
2011-04-23,50.01,50.25,49.1,49.34,90945798
2011-04-24,49.31,49.61,49.02,49.54,138133574
2011-04-25,49.35,49.54,49.13,49.36,111276127
2011-04-26,49.32,49.75,49.0,49.22,71551028
2011-04-27,48.88,48.95,48.64,48.81,108276712
2011-04-28,48.47,49.4,48.39,49.27,104249417
2011-04-29,49.24,49.42,49.14,49.19,95739775
2011-04-30,48.76,48.96,48.59,48.67,155031334
2011-05-01,47.94,48.45,47.94,48.1,157741415
2011-05-02,48.15,48.56,48.11,48.39,78157212
2011-05-03,47.89,48.35,47.7,48.22,132036574
2011-05-04,49.41,49.53,48.01,48.42,73366475
2011-05-05,48.29,48.43,47.89,48.01,98937676
2011-05-06,46.69,47.53,45.86,46.88,66812529
2011-05-07,47.29,47.81,47.28,47.45,107103361
2011-05-08,47.45,47.9,47.2,47.37,113135343
2011-05-09,47.72,47.87,47.27,47.78,149893127
2011-05-10,47.68,48.01,47.46,47.65,114474700
2011-05-11,47.91,48.72,47.73,47.97,85999268
2011-05-12,48.32,48.37,47.93,48.1,75150215
2011-05-13,48.02,48.11,48.0,48.09,129565830
2011-05-14,49.02,49.1,48.51,48.59,66791575
2011-05-15,49.54,49.62,49.21,49.21,166492478
2011-05-16,49.3,49.66,49.14,49.36,141667315
2011-05-17,49.61,49.92,49.44,49.53,115050341
2011-05-18,49.78,49.88,49.71,49.85,54534619
2011-05-19,50.05,50.11,49.92,50.06,67683182
2011-05-20,50.19,50.37,49.99,50.21,86339426
2011-05-21,51.96,52.16,51.1,51.61,79148947
2011-05-22,51.1,51.48,50.97,51.14,147908659
2011-05-23,50.51,50.51,50.41,50.48,97171017
2011-05-24,50.89,51.5,50.48,50.77,130265080
2011-05-25,50.22,50.49,49.83,50.14,78442652
2011-05-26,50.15,50.25,49.74,49.93,149107837
2011-05-27,50.83,50.86,50.71,50.8,131917294
2011-05-28,50.63,51.32,50.32,51.04,151068193
2011-05-29,50.85,51.04,50.65,50.95,70327394
2011-05-30,50.8,50.93,50.59,50.9,75965397
2011-05-31,51.19,51.23,51.13,51.14,54395883
2011-06-01,50.82,51.01,50.68,50.89,152718636
2011-06-02,50.58,50.62,50.24,50.31,106428055
2011-06-03,49.87,50.21,49.63,49.68,155869404
2011-06-04,49.11,49.2,48.55,49.08,162094796
2011-06-05,48.55,48.64,48.22,48.39,116873042
2011-06-06,48.81,49.2,48.78,48.99,86154708
2011-06-07,49.43,49.79,49.17,49.61,135670892
2011-06-08,49.71,49.93,49.37,49.44,95200875
2011-06-09,49.04,49.35,48.64,49.09,157729023
2011-06-10,48.79,49.32,48.56,48.99,124239625
2011-06-11,48.76,48.83,48.57,48.72,105209765
2011-06-12,48.72,49.18,48.39,48.72,130973375
2011-06-13,48.89,49.11,48.33,48.6,60155744
2011-06-14,49.05,49.85,48.71,49.11,126097685
2011-06-15,50.0,50.06,49.75,49.91,132936143
2011-06-16,49.36,49.58,49.29,49.56,145767008
2011-06-17,49.65,50.04,49.6,49.76,153610945
2011-06-18,49.25,49.8,48.7,49.6,102217364
2011-06-19,49.66,49.72,49.52,49.61,144816878
2011-06-20,49.69,49.84,49.15,49.72,74010640
2011-06-21,50.13,50.22,49.5,50.02,64711968
2011-06-22,50.12,50.14,49.98,50.04,56339775
2011-06-23,50.49,51.0,50.18,50.67,60980534
2011-06-24,50.42,51.01,50.36,50.76,77443279
2011-06-25,50.39,50.74,50.2,50.52,80770566
2011-06-26,50.47,50.63,50.23,50.35,64679327
2011-06-27,49.87,50.24,49.8,50.05,83839213
2011-06-28,50.73,50.86,50.51,50.77,154789124
2011-06-29,51.03,51.11,50.61,50.91,122335552
2011-06-30,51.08,51.31,50.98,51.02,140951765
2011-07-01,51.16,51.35,50.69,50.78,80520761
2011-07-02,51.21,51.47,50.49,50.88,57701370
2011-07-03,51.28,51.49,50.95,51.19,144119308
2011-07-04,52.06,52.15,51.99,52.07,93543895
2011-07-05,51.93,52.29,51.68,51.93,124140976
2011-07-06,51.6,52.6,51.51,52.12,146284147
2011-07-07,51.76,51.97,51.72,51.86,151907779
2011-07-08,51.63,51.64,51.2,51.28,75512621
2011-07-09,51.7,51.95,51.13,51.6,87064755
2011-07-10,51.76,51.84,51.55,51.63,109749101
2011-07-11,51.89,52.28,51.71,51.91,96736786
2011-07-12,51.39,52.04,51.32,51.8,126727020
2011-07-13,51.42,51.81,51.41,51.47,105968133
2011-07-14,51.2,51.28,51.04,51.22,132280569
2011-07-15,51.95,52.06,51.43,51.72,102515245
2011-07-16,51.92,52.19,51.89,52.06,59976201
2011-07-17,52.21,52.32,52.01,52.3,62272538
2011-07-18,52.58,52.71,52.48,52.57,76836210
2011-07-19,52.99,53.1,52.96,53.02,107551685
2011-07-20,53.79,54.65,53.16,53.66,106132509
2011-07-21,54.53,54.79,54.51,54.59,69777664
2011-07-22,54.51,55.09,53.78,54.57,143078803
2011-07-23,54.55,54.75,53.54,54.16,101985078
2011-07-24,54.26,54.59,54.07,54.36,53127312
2011-07-25,53.85,54.85,53.7,54.01,112330196
2011-07-26,54.42,54.93,53.94,54.21,73684402
2011-07-27,53.74,53.76,53.44,53.64,116964496
2011-07-28,54.25,54.31,53.94,54.21,74529588
2011-07-29,54.39,54.43,53.75,53.85,69725338
2011-07-30,54.69,54.86,53.86,54.19,59681524
2011-07-31,53.22,53.95,52.95,53.81,148173346
2011-08-01,54.19,54.51,53.94,54.13,70611613
2011-08-02,54.77,54.86,54.74,54.75,116705287
2011-08-03,54.47,54.77,54.45,54.48,131220783
2011-08-04,53.69,54.33,53.64,54.26,102678208
2011-08-05,54.23,54.42,53.85,53.87,74429737
2011-08-06,53.36,53.51,53.14,53.2,56801336
2011-08-07,53.23,53.31,52.79,52.96,151846711
2011-08-08,52.4,52.7,52.23,52.62,154351371
2011-08-09,51.86,52.16,51.74,52.14,159609810
2011-08-10,51.32,51.62,51.3,51.47,166167143
2011-08-11,52.23,52.52,51.92,52.31,149677453
2011-08-12,52.59,52.96,52.08,52.56,113154726
2011-08-13,52.31,52.36,52.14,52.17,115605311
2011-08-14,52.66,52.87,51.72,52.25,128867989
2011-08-15,51.94,52.14,51.71,52.07,114420513
2011-08-16,51.63,52.24,50.31,51.78,106528108
2011-08-17,51.22,51.42,51.18,51.3,119739148
2011-08-18,51.17,51.29,51.07,51.17,76096973
2011-08-19,50.73,51.03,50.48,50.93,143156203
2011-08-20,50.94,51.54,50.85,51.11,132192600
2011-08-21,51.2,51.28,51.17,51.19,74118896
2011-08-22,52.03,52.41,51.26,51.68,139510245
2011-08-23,51.88,52.07,51.2,51.35,111297959
2011-08-24,51.2,51.2,50.52,50.86,55633668
2011-08-25,50.64,50.95,50.58,50.61,100981561
2011-08-26,51.08,51.35,50.8,51.19,130161952
2011-08-27,51.13,51.59,50.64,51.5,149886427
2011-08-28,51.94,51.96,51.27,51.4,101417746
2011-08-29,51.61,52.16,51.41,51.88,161361519
2011-08-30,52.34,52.39,52.27,52.35,140457951
2011-08-31,52.59,52.8,52.53,52.53,73131111
2011-09-01,52.11,52.27,51.7,51.88,109994622
2011-09-02,51.91,52.12,51.63,51.9,87438611
2011-09-03,51.29,51.76,51.05,51.27,129537847
2011-09-04,51.18,51.53,51.01,51.3,52113277
2011-09-05,50.74,51.52,50.69,51.09,140773709
2011-09-06,51.04,51.49,50.53,50.94,123318416
2011-09-07,51.77,51.77,51.29,51.55,118701427
2011-09-08,51.69,51.84,51.68,51.69,92583443
2011-09-09,51.48,51.74,51.1,51.36,158517088
2011-09-10,52.14,52.74,52.07,52.38,66730321
2011-09-11,53.69,53.7,52.29,52.99,122753706
2011-09-12,53.29,53.88,53.09,53.44,160696291
2011-09-13,53.99,54.02,53.72,53.92,76621190
2011-09-14,54.48,54.71,54.22,54.52,116954100
2011-09-15,54.23,54.6,54.02,54.5,122522506
2011-09-16,53.79,54.99,53.39,54.46,77014369
2011-09-17,54.84,54.89,54.81,54.86,149453970
2011-09-18,55.53,55.56,55.51,55.55,114648717
2011-09-19,55.65,55.85,55.51,55.65,74347031
2011-09-20,55.64,55.74,55.5,55.61,97091504
2011-09-21,56.16,56.49,55.98,56.32,77572090
2011-09-22,55.81,56.84,55.2,56.17,63454901
2011-09-23,55.58,55.59,55.37,55.51,74307599
2011-09-24,55.7,55.75,55.13,55.58,82136673
2011-09-25,55.7,56.21,55.57,55.97,58966655
2011-09-26,54.75,56.93,54.52,56.28,112260626
2011-09-27,55.91,55.96,55.89,55.89,154526932
2011-09-28,55.38,55.38,55.28,55.3,104794426
2011-09-29,56.19,56.21,55.79,56.13,117858631
2011-09-30,56.69,57.21,56.48,56.73,133177937
2011-10-01,56.55,56.6,56.37,56.57,147447815
2011-10-02,56.69,56.99,56.22,56.81,84123761
2011-10-03,56.05,57.14,54.86,56.47,54116052
2011-10-04,56.86,57.27,56.5,56.54,117238172
2011-10-05,57.54,57.64,56.97,57.6,117007493
2011-10-06,58.1,58.38,57.58,58.13,161703821
2011-10-07,57.76,57.76,57.5,57.73,124760992
2011-10-08,57.97,58.19,57.7,57.8,128842419
2011-10-09,58.02,59.27,56.92,57.63,104186631
2011-10-10,57.57,57.58,57.24,57.32,153276697
2011-10-11,58.29,58.47,58.05,58.35,135756111
2011-10-12,58.07,58.49,57.6,58.3,134305155
2011-10-13,58.71,58.79,57.94,58.35,77072609
2011-10-14,58.71,58.86,57.73,58.49,146638265
2011-10-15,59.2,59.81,59.17,59.31,143381638
2011-10-16,58.64,58.96,58.26,58.73,136731952
2011-10-17,58.71,59.21,58.17,58.61,97524651
2011-10-18,58.18,58.32,58.03,58.1,108890992
2011-10-19,58.47,58.49,57.45,58.0,110149720
2011-10-20,58.42,58.42,58.23,58.31,130704443
2011-10-21,57.86,58.36,57.35,57.85,140095050
2011-10-22,57.75,58.11,57.59,57.67,93207019
2011-10-23,57.77,57.94,57.04,57.59,133416235
2011-10-24,58.13,58.57,57.82,57.96,54521615
2011-10-25,57.76,58.05,57.68,57.87,115328415
2011-10-26,57.45,58.31,56.97,57.79,147639807
2011-10-27,57.65,58.08,57.22,57.72,62777419
2011-10-28,57.82,58.22,57.31,57.79,58663064
2011-10-29,58.03,58.09,57.97,57.99,151584111
2011-10-30,58.15,58.19,57.41,57.97,106005757
2011-10-31,57.82,58.42,57.63,58.2,96619745
2011-11-01,58.12,58.22,58.01,58.07,121136195
2011-11-02,57.35,57.62,57.34,57.61,80086415
2011-11-03,56.94,57.33,56.73,57.3,109178936
2011-11-04,56.78,56.93,56.73,56.73,96389160
2011-11-05,55.99,56.47,55.97,56.26,139873582
2011-11-06,55.87,55.99,55.78,55.87,156536543
2011-11-07,55.71,55.73,55.54,55.65,63344605
2011-11-08,55.87,56.22,55.67,55.87,118810134
2011-11-09,55.87,55.9,55.41,55.64,56881706
2011-11-10,55.61,55.62,55.56,55.61,67156084
2011-11-11,55.7,55.78,54.89,55.34,152273680
2011-11-12,55.78,56.0,55.7,55.92,100799883
2011-11-13,55.73,55.94,55.1,55.52,111539898
2011-11-14,55.9,56.5,55.77,55.92,120224785
2011-11-15,56.14,56.24,55.69,55.71,124346215
2011-11-16,56.06,56.18,55.39,56.03,61182745
2011-11-17,55.81,56.07,55.7,55.75,121295213
2011-11-18,55.86,56.24,55.8,55.98,53628086
2011-11-19,55.67,56.07,55.55,55.92,102508806
2011-11-20,56.2,56.41,56.04,56.21,156362032
2011-11-21,56.32,57.26,56.3,56.44,112780403
2011-11-22,57.11,57.11,56.81,57.04,59436609
2011-11-23,56.9,57.7,56.61,57.28,145789773
2011-11-24,56.78,57.09,56.77,57.06,123749866
2011-11-25,56.97,57.13,56.43,56.73,90306744
2011-11-26,56.66,57.02,56.26,56.78,141423637
2011-11-27,57.1,57.14,56.36,56.69,83287498
2011-11-28,56.79,57.27,56.47,56.65,75817159
2011-11-29,56.55,56.91,55.95,56.76,145812905
2011-11-30,57.18,57.28,56.78,56.85,98703470
2011-12-01,57.18,57.68,56.69,56.89,97838503
2011-12-02,56.12,56.57,55.89,56.19,124274352
2011-12-03,55.63,56.25,55.52,55.7,56158481
2011-12-04,55.86,56.71,55.71,56.21,72565496
2011-12-05,56.07,56.62,56.01,56.34,98366131
2011-12-06,56.49,56.69,56.35,56.48,85613879
2011-12-07,55.71,55.8,55.7,55.76,57926570
2011-12-08,55.83,56.5,55.25,56.11,68677777
2011-12-09,55.49,55.61,55.28,55.51,125141204
2011-12-10,55.5,56.71,54.89,55.89,77463120
2011-12-11,55.31,56.11,55.11,55.57,153890850
2011-12-12,55.72,55.76,55.58,55.64,99395125
2011-12-13,55.96,56.37,55.93,56.34,62227844
2011-12-14,57.81,57.82,56.16,56.65,152238823
2011-12-15,56.56,56.65,55.53,56.56,72916750
2011-12-16,55.97,56.01,55.75,55.79,82968464
2011-12-17,56.56,57.41,56.55,56.95,128329224
2011-12-18,55.71,56.82,55.68,56.03,68878301
2011-12-19,56.21,56.41,56.19,56.28,94973284
2011-12-20,55.94,55.94,55.34,55.7,136666807
2011-12-21,55.34,55.84,55.01,55.73,78535019
2011-12-22,56.25,56.82,56.22,56.5,108570295
2011-12-23,56.19,56.26,55.89,56.04,83759108
2011-12-24,56.04,56.22,55.5,55.86,52154278
2011-12-25,55.79,56.48,55.71,56.43,98951512
2011-12-26,56.11,56.25,55.54,55.99,151758616
2011-12-27,55.61,56.67,55.55,56.05,98923253
2011-12-28,56.9,57.1,56.56,56.69,113897355
2011-12-29,56.94,57.05,56.91,57.04,135912933
2011-12-30,56.67,56.71,56.56,56.68,74524220
2011-12-31,56.3,56.85,56.12,56.57,151469286
2012-01-01,57.47,57.57,57.16,57.19,119677334
2012-01-02,56.92,57.53,56.66,57.32,126272935
2012-01-03,57.93,58.09,57.48,57.6,108275782
2012-01-04,58.67,58.82,58.63,58.75,144835675
2012-01-05,58.7,59.02,58.29,58.92,88708409
2012-01-06,59.51,59.76,59.19,59.22,142410039
2012-01-07,59.24,59.74,58.74,58.96,82210347
2012-01-08,58.45,58.6,58.15,58.55,90902182
2012-01-09,58.63,58.7,57.87,58.03,59907574
2012-01-10,57.55,58.06,57.42,58.01,148563770
2012-01-11,57.53,57.75,57.11,57.52,94338261
2012-01-12,58.59,58.63,57.81,58.07,163931902
2012-01-13,57.6,59.05,57.52,58.02,55716282
2012-01-14,57.37,57.52,57.35,57.36,70733165
2012-01-15,56.52,57.51,56.39,57.15,54417171
2012-01-16,57.08,57.57,56.97,57.31,64602701
2012-01-17,57.45,57.83,57.19,57.61,92741915
2012-01-18,57.27,57.43,55.82,56.84,67987916
2012-01-19,56.28,57.7,56.27,56.94,86149811
2012-01-20,56.0,56.33,55.83,56.23,164389625
2012-01-21,56.77,56.82,56.7,56.77,90328000
2012-01-22,57.01,57.03,56.98,57.02,96344721
2012-01-23,56.9,57.0,56.54,56.88,136001972
2012-01-24,56.62,56.93,56.37,56.8,85683105
2012-01-25,57.68,58.51,57.31,57.55,113980636
2012-01-26,57.13,57.83,56.47,57.14,142695974
2012-01-27,57.12,58.1,55.79,56.55,95395566
2012-01-28,56.57,56.66,56.5,56.63,100850707
2012-01-29,57.27,57.47,56.87,57.19,100474919
2012-01-30,56.82,57.3,56.81,56.85,121947633
2012-01-31,57.65,57.74,56.58,56.95,135401941
2012-02-01,56.16,56.28,55.82,56.15,146903921
2012-02-02,56.22,56.26,55.56,56.17,62502855
2012-02-03,57.06,57.22,56.6,56.82,71266823
2012-02-04,56.72,57.58,56.53,56.67,134996249
2012-02-05,56.99,57.35,56.5,56.51,114096797
2012-02-06,56.11,56.73,55.92,56.22,122233719
2012-02-07,56.85,57.14,56.64,57.0,133869659
2012-02-08,56.78,56.84,56.66,56.69,58339439
2012-02-09,57.34,57.57,56.96,57.23,110735470
2012-02-10,57.14,57.86,56.99,57.07,88894601
2012-02-11,57.14,57.53,56.91,56.95,71427659
2012-02-12,56.38,56.8,56.36,56.56,68703984
2012-02-13,57.18,57.5,56.86,57.47,113513831
2012-02-14,57.74,57.84,57.72,57.73,82985067
2012-02-15,56.65,57.12,56.35,56.77,90734947
2012-02-16,56.56,56.72,56.54,56.69,77692267
2012-02-17,56.78,56.93,56.14,56.3,135363236
2012-02-18,55.51,55.73,55.45,55.47,71294798
2012-02-19,55.32,55.41,55.0,55.13,130496991
2012-02-20,54.39,54.91,54.33,54.85,114487079
2012-02-21,54.77,54.86,54.59,54.59,101853774
2012-02-22,54.23,54.59,54.1,54.49,59215896
2012-02-23,54.7,55.1,54.67,54.7,145103108
2012-02-24,54.77,54.8,53.68,54.35,80246210
2012-02-25,53.75,53.89,53.73,53.88,113775978
2012-02-26,54.71,54.85,54.02,54.31,132210266
2012-02-27,55.02,55.08,54.74,54.88,133454060
2012-02-28,54.38,54.83,54.04,54.51,89145141
2012-02-29,54.41,54.84,53.96,54.18,136738613
2012-03-01,55.08,55.11,54.54,54.73,162742184
2012-03-02,55.24,55.56,55.04,55.27,59894546
2012-03-03,55.56,55.58,55.33,55.55,135253383
2012-03-04,55.49,55.58,55.08,55.55,104558894
2012-03-05,54.87,54.88,54.83,54.84,70144533
2012-03-06,55.37,55.56,54.82,55.22,54777461
2012-03-07,55.81,55.87,55.17,55.42,147935679
2012-03-08,55.49,55.99,54.66,54.97,121912050
2012-03-09,55.21,55.34,55.04,55.24,66142752
2012-03-10,55.12,55.68,55.07,55.49,138748178
2012-03-11,56.32,56.56,55.82,56.03,141374985
2012-03-12,55.78,55.96,55.41,55.82,123783910
2012-03-13,56.26,56.96,54.93,55.93,135955520
2012-03-14,56.95,57.07,56.76,56.82,143507397
2012-03-15,56.59,56.76,56.37,56.62,131836140
2012-03-16,55.93,56.17,55.91,55.95,73097808
2012-03-17,56.85,57.07,55.36,56.05,92048419
2012-03-18,55.44,56.19,54.71,55.82,132372737
2012-03-19,56.11,56.28,55.99,56.07,104349945
2012-03-20,56.68,57.6,56.66,57.34,134062160
2012-03-21,57.23,57.46,56.85,57.24,64163722
2012-03-22,56.03,56.3,56.0,56.14,112300728
2012-03-23,56.11,56.34,55.72,55.88,91041096
2012-03-24,55.94,56.97,55.38,55.57,58840193
2012-03-25,56.48,56.56,56.1,56.32,135210857
2012-03-26,55.97,56.74,55.94,55.97,111719328
2012-03-27,56.27,56.43,56.25,56.38,59730646
2012-03-28,56.71,56.81,56.44,56.57,107235986
2012-03-29,57.35,57.37,56.48,56.58,121913516
2012-03-30,56.31,56.33,55.87,56.22,117976914
2012-03-31,56.08,57.16,55.73,56.28,78065494
2012-04-01,56.05,56.38,55.98,56.24,95000118
2012-04-02,56.17,56.39,55.31,55.96,115450095
2012-04-03,55.35,55.88,54.83,55.66,79292059
2012-04-04,55.76,56.37,55.72,56.11,123187023
2012-04-05,55.82,55.83,55.64,55.7,72989308
2012-04-06,55.34,56.62,54.92,55.67,81382485
2012-04-07,55.31,55.38,55.28,55.3,104131298
2012-04-08,54.55,54.62,54.5,54.52,155996525
2012-04-09,54.22,55.75,53.49,54.77,155842144
2012-04-10,54.52,54.83,53.84,54.41,59953813
2012-04-11,54.59,54.85,53.22,54.0,119130606
2012-04-12,54.15,54.64,53.78,54.38,78394914
2012-04-13,54.33,54.45,54.05,54.25,69891596
2012-04-14,54.2,54.38,53.7,54.14,56895477
2012-04-15,54.32,54.36,54.2,54.25,91973607
2012-04-16,55.17,55.3,55.11,55.15,60012458
2012-04-17,55.39,55.45,55.0,55.11,125773563
2012-04-18,54.97,55.36,54.19,54.36,157996827
2012-04-19,54.86,54.94,54.23,54.36,60911141
2012-04-20,53.8,54.56,53.78,54.22,52614638
2012-04-21,54.4,54.71,54.27,54.46,149047621
2012-04-22,53.61,53.8,53.58,53.75,92389762
2012-04-23,52.9,52.93,52.54,52.89,157015967
2012-04-24,52.69,53.13,52.65,52.88,81656139
2012-04-25,52.22,53.28,52.06,52.73,56475988
2012-04-26,53.27,53.42,52.66,52.93,107490204
2012-04-27,52.77,53.65,52.7,53.24,98555052
2012-04-28,53.96,54.0,53.91,53.98,70246695
2012-04-29,53.6,54.1,53.58,53.67,148366525
2012-04-30,53.93,54.51,53.27,53.85,107565303
2012-05-01,54.08,54.2,53.92,54.02,95309223
2012-05-02,53.77,54.09,53.63,53.71,62875268
2012-05-03,53.02,53.55,52.65,53.16,81744368
2012-05-04,53.23,53.35,53.02,53.05,82782700
2012-05-05,53.2,53.26,52.62,52.82,133466517
2012-05-06,53.48,54.56,53.21,53.69,124145307
2012-05-07,54.15,54.21,54.0,54.09,103280308
2012-05-08,53.64,54.54,53.57,54.18,111079596
2012-05-09,54.5,54.8,54.32,54.5,102939108
2012-05-10,55.28,55.59,55.04,55.13,111782316
2012-05-11,54.9,55.1,54.81,54.89,81459440
2012-05-12,54.71,55.01,54.49,54.84,107242646
2012-05-13,54.41,55.04,54.09,54.66,69229617
2012-05-14,53.92,55.89,53.74,54.58,69188807
2012-05-15,53.98,54.2,53.83,53.87,114721091
2012-05-16,54.47,54.85,54.27,54.5,164195496
2012-05-17,54.81,54.89,54.26,54.49,74573849
2012-05-18,53.72,54.18,53.15,53.75,142605752
2012-05-19,53.13,53.61,53.02,53.39,80020900
2012-05-20,53.14,53.27,52.92,53.09,157465656
2012-05-21,53.45,53.68,52.88,53.1,98437600
2012-05-22,53.61,53.91,53.53,53.61,76723668
2012-05-23,52.4,53.25,52.38,53.12,117764944
2012-05-24,53.56,53.96,53.4,53.56,140522990
2012-05-25,53.38,53.79,53.24,53.77,141394043
2012-05-26,54.28,54.56,54.06,54.41,138445125
2012-05-27,55.73,55.96,55.35,55.57,153968410
2012-05-28,55.17,55.49,54.41,54.86,145281376
2012-05-29,55.62,55.77,55.51,55.61,108155912
2012-05-30,56.08,56.17,54.88,55.73,98800682
2012-05-31,55.89,56.21,55.72,55.77,57352357
2012-06-01,55.75,55.82,55.18,55.46,95365715
2012-06-02,55.84,56.26,55.79,55.89,109278681
2012-06-03,56.68,57.78,56.04,56.42,88125457
2012-06-04,57.12,57.43,56.2,56.37,96785482
2012-06-05,57.08,57.26,56.27,56.7,138324455
2012-06-06,57.43,58.14,57.37,57.44,74041701
2012-06-07,57.77,57.96,57.39,57.46,106991019
2012-06-08,57.92,58.36,57.69,58.3,168089950
2012-06-09,57.83,57.94,57.49,57.78,116656144
2012-06-10,57.05,57.82,56.92,57.61,77790697
2012-06-11,58.24,58.51,57.85,58.21,130612485
2012-06-12,57.8,58.18,57.44,57.75,128603685
2012-06-13,58.09,58.41,56.92,57.54,99228904
2012-06-14,57.46,57.58,57.39,57.57,118424502
2012-06-15,57.8,57.89,57.63,57.78,98913983
2012-06-16,58.43,58.64,57.34,58.27,79675541
2012-06-17,57.84,58.76,57.46,58.09,67103759
2012-06-18,57.99,58.11,57.69,57.88,101032923
2012-06-19,57.67,58.1,57.62,57.95,77156489
2012-06-20,57.98,58.18,57.9,57.93,73095659
2012-06-21,57.53,57.79,56.83,57.6,79289411
2012-06-22,57.77,57.92,57.59,57.72,68858071
2012-06-23,56.81,57.73,56.37,57.38,77351715
2012-06-24,57.88,58.43,57.33,57.73,148426462
2012-06-25,57.39,57.63,57.16,57.53,97347181
2012-06-26,57.1,57.57,57.08,57.29,75819299
2012-06-27,55.35,55.82,54.99,55.64,129136507
2012-06-28,56.0,56.31,55.48,55.72,102198238
2012-06-29,56.07,57.0,55.73,56.42,65545876
2012-06-30,56.85,57.35,56.64,56.99,68556640
2012-07-01,56.44,56.82,56.32,56.46,63614563
2012-07-02,56.82,57.15,55.93,56.33,91598307
2012-07-03,55.98,56.23,55.91,55.99,75450932
2012-07-04,55.49,55.51,55.4,55.43,81761989
2012-07-05,54.47,56.17,54.35,55.65,115407706
2012-07-06,55.8,55.95,55.04,55.77,104593592
2012-07-07,55.49,56.89,55.39,55.64,66515626
2012-07-08,55.21,55.53,55.07,55.28,76487664
2012-07-09,55.74,55.77,54.86,55.33,118449808
2012-07-10,55.76,55.98,54.99,55.49,52065534
2012-07-11,54.85,55.4,54.82,55.23,97228784
2012-07-12,55.42,55.48,55.39,55.44,142190702
2012-07-13,55.18,55.29,55.16,55.28,55542432
2012-07-14,55.2,55.49,55.2,55.45,106367835
2012-07-15,56.48,56.61,55.27,55.98,126468539
2012-07-16,55.4,55.87,55.32,55.64,58265529
2012-07-17,55.96,55.97,55.56,55.66,137520553
2012-07-18,56.65,56.73,56.35,56.52,90761745
2012-07-19,55.61,56.26,55.09,55.94,84364891
2012-07-20,55.99,56.71,55.98,56.39,132320059
2012-07-21,56.62,56.66,56.48,56.59,52738979
2012-07-22,56.03,56.54,56.02,56.13,135026465
2012-07-23,56.4,56.54,56.38,56.5,106720174
2012-07-24,56.76,57.28,56.13,56.82,118096403
2012-07-25,56.82,56.85,56.37,56.82,87578721
2012-07-26,57.27,57.8,57.05,57.23,61846335
2012-07-27,57.91,59.63,57.41,58.17,157216089
2012-07-28,58.06,58.31,57.59,57.78,67193824
2012-07-29,58.99,59.52,58.16,58.46,156256046
2012-07-30,58.61,58.72,57.98,58.34,89945782
2012-07-31,57.68,58.34,57.45,58.03,87470349
2012-08-01,58.37,58.39,58.24,58.29,94000003
2012-08-02,58.72,59.3,58.42,58.55,62916751
2012-08-03,58.28,58.52,57.94,58.35,142066381
2012-08-04,58.56,58.78,58.5,58.51,133749248
2012-08-05,58.24,58.47,58.0,58.12,78306313
2012-08-06,58.33,58.36,57.72,57.86,152043772
2012-08-07,57.97,58.37,57.27,57.77,60637351
2012-08-08,58.37,58.83,58.18,58.53,128903059
2012-08-09,59.11,59.38,58.75,58.81,65271249
2012-08-10,59.23,59.33,58.77,59.28,103786837
2012-08-11,59.11,59.31,58.63,58.83,63920140
2012-08-12,58.69,58.78,58.59,58.63,81851732
2012-08-13,57.8,58.9,57.76,57.92,90391263
2012-08-14,57.87,58.32,57.79,58.29,83052009
2012-08-15,58.75,59.07,57.13,58.07,60384369
2012-08-16,57.98,57.98,57.85,57.91,126006342
2012-08-17,57.77,58.4,57.56,58.37,144016062
2012-08-18,58.56,58.7,58.55,58.62,118516028
2012-08-19,58.72,59.77,58.21,58.93,130642476
2012-08-20,60.22,60.42,59.31,59.83,152383073
2012-08-21,59.5,59.59,59.47,59.51,114255800
2012-08-22,59.63,59.78,58.91,59.43,51071480
2012-08-23,59.31,59.31,59.13,59.16,135745327
2012-08-24,58.76,59.5,58.66,59.09,54709835
2012-08-25,59.72,60.54,59.61,59.93,103934641
2012-08-26,59.95,60.08,59.5,59.9,119089159
2012-08-27,60.72,60.9,58.58,59.41,144889367
2012-08-28,59.93,59.99,59.48,59.7,107153903
2012-08-29,59.22,60.23,58.79,59.27,84702875
2012-08-30,59.94,60.08,59.03,59.67,89619354
2012-08-31,59.88,59.99,59.64,59.76,68495835
2012-09-01,60.04,60.46,60.03,60.03,106334714
2012-09-02,60.61,61.25,59.7,60.49,117171870
2012-09-03,60.81,61.21,60.73,61.01,70980765
2012-09-04,61.73,62.77,61.28,61.61,74410022
2012-09-05,60.76,60.97,60.42,60.56,91908184
2012-09-06,60.26,60.57,59.96,60.07,130492088
2012-09-07,60.46,60.97,60.36,60.79,71929236
2012-09-08,60.98,61.22,60.86,61.01,74298635
2012-09-09,61.04,61.21,60.43,60.93,56648664
2012-09-10,61.04,61.45,60.07,61.04,95925221
2012-09-11,60.45,60.84,60.42,60.61,136565286
2012-09-12,60.92,61.23,60.32,60.77,152052388
2012-09-13,60.09,61.14,60.07,60.8,75096066
2012-09-14,60.31,60.86,60.25,60.52,121024725
2012-09-15,60.48,60.48,60.27,60.28,69835045
2012-09-16,60.69,60.81,60.47,60.77,156714945
2012-09-17,61.26,61.29,60.75,60.84,135675024
2012-09-18,60.71,60.76,60.67,60.74,149829608
2012-09-19,61.39,61.46,61.04,61.14,100889384
2012-09-20,60.88,60.95,60.68,60.93,133744552
2012-09-21,59.94,60.16,59.2,60.06,145641977
2012-09-22,59.15,59.65,58.45,59.41,151477961
2012-09-23,60.31,60.88,59.81,60.2,116080302
2012-09-24,60.04,60.28,59.62,60.06,69481002
2012-09-25,60.86,61.25,60.46,60.76,109605225
2012-09-26,59.91,60.45,59.0,60.11,115986679
2012-09-27,59.81,59.82,59.33,59.74,78618214
2012-09-28,59.95,60.19,59.91,60.03,121815942
2012-09-29,59.85,59.93,59.64,59.73,139077020
2012-09-30,59.73,59.79,59.63,59.66,104683644
2012-10-01,59.64,60.49,58.84,60.11,106499223
2012-10-02,60.44,60.74,60.43,60.5,111164504
2012-10-03,60.49,60.63,59.91,60.27,71524548
2012-10-04,61.27,61.29,61.01,61.11,95617279
2012-10-05,60.86,61.37,60.52,61.16,97712697
2012-10-06,60.3,60.38,60.11,60.15,170197415
2012-10-07,59.33,60.01,59.29,59.43,83401436
2012-10-08,58.9,59.23,58.76,58.99,151824951
2012-10-09,58.5,58.55,58.39,58.42,152138871
2012-10-10,58.3,59.54,58.22,58.31,62532003
2012-10-11,57.56,59.19,56.88,58.35,117599079
2012-10-12,58.47,58.89,58.38,58.61,100993436
2012-10-13,58.2,59.04,58.17,58.87,136285088
2012-10-14,59.44,59.88,59.32,59.42,161210857
2012-10-15,59.42,59.66,59.34,59.51,86797369
2012-10-16,59.69,60.36,59.34,59.54,71268320
2012-10-17,58.78,59.27,58.74,59.02,80405924
2012-10-18,59.07,59.4,58.91,58.98,55901974
2012-10-19,58.98,59.33,58.72,58.87,124435190
2012-10-20,58.68,58.78,58.57,58.66,109019977
2012-10-21,59.04,59.64,58.61,59.03,64748335
2012-10-22,58.97,59.39,58.94,59.14,73719922
2012-10-23,59.27,59.43,58.49,59.09,55382400
2012-10-24,58.61,59.06,58.17,59.05,73329280
2012-10-25,58.04,58.65,57.99,58.57,98745582
2012-10-26,58.97,59.36,58.59,58.77,60812720
2012-10-27,58.22,58.33,57.96,58.0,119847488
2012-10-28,57.57,58.57,56.58,57.67,78107021
2012-10-29,57.36,57.4,57.28,57.4,109722659
2012-10-30,57.67,57.69,57.23,57.46,70382615
2012-10-31,57.88,58.32,57.64,58.0,99150073
2012-11-01,57.42,57.92,57.06,57.27,156251766
2012-11-02,57.28,57.82,57.13,57.35,96581350
2012-11-03,57.06,57.47,57.01,57.29,122680991
2012-11-04,57.16,58.05,56.88,57.82,149741753
2012-11-05,57.84,58.19,57.17,57.8,56402255
2012-11-06,57.09,57.25,57.06,57.2,158413496
2012-11-07,57.18,57.51,57.04,57.24,103279068
2012-11-08,58.02,58.17,57.88,57.98,150239014
2012-11-09,56.61,57.05,56.54,56.8,70465023
2012-11-10,56.85,57.01,56.8,56.81,131735415
2012-11-11,56.93,56.94,56.81,56.82,87737006
2012-11-12,56.21,56.31,56.15,56.19,153382531
2012-11-13,56.82,56.99,56.33,56.56,91791386
2012-11-14,56.68,57.68,56.61,57.66,144627952
2012-11-15,57.81,58.0,56.85,57.62,55018881
2012-11-16,57.68,58.25,57.59,58.23,88505511
2012-11-17,58.71,59.25,58.06,58.68,55438024
2012-11-18,59.04,59.26,58.04,58.34,136502834
2012-11-19,59.04,59.11,58.43,58.99,122845320
2012-11-20,58.99,59.02,58.68,58.89,92689065
2012-11-21,59.08,59.23,59.01,59.02,102716330
2012-11-22,58.88,59.17,58.81,58.89,106915790
2012-11-23,60.02,60.17,58.88,59.32,73422654
2012-11-24,59.11,60.28,58.48,59.55,154524160
2012-11-25,59.78,61.41,59.58,59.89,110103889
2012-11-26,60.45,60.62,60.39,60.46,124986108
2012-11-27,60.06,60.81,59.78,60.49,122999942
2012-11-28,58.84,59.08,58.07,58.76,93187560
2012-11-29,59.06,59.19,58.9,59.03,56771602
2012-11-30,58.96,59.23,58.7,58.97,104269266
2012-12-01,58.0,58.27,57.86,58.16,159208550
2012-12-02,58.59,58.81,57.45,57.73,152387805
2012-12-03,58.18,58.29,57.79,57.91,112764353
2012-12-04,57.14,57.78,57.1,57.45,106277476
2012-12-05,57.5,58.24,57.38,57.55,116587475
2012-12-06,58.98,59.68,58.86,59.33,163530036
2012-12-07,59.56,60.0,59.01,59.41,99000638
2012-12-08,58.87,59.33,58.72,58.73,60764273
2012-12-09,57.84,58.18,57.76,58.16,98348511
2012-12-10,57.71,58.15,57.46,57.78,60949241
2012-12-11,58.29,59.16,57.67,57.98,142381976
2012-12-12,58.06,58.12,57.77,57.86,56751031
2012-12-13,56.74,58.24,56.65,57.66,95191348
2012-12-14,57.91,57.97,57.52,57.82,52924916
2012-12-15,58.02,58.1,57.56,57.73,72295377
2012-12-16,58.05,58.17,57.51,57.93,114991611
2012-12-17,58.32,58.53,57.81,58.07,145842366
2012-12-18,57.48,58.9,57.38,58.21,59956066
2012-12-19,58.5,58.74,58.14,58.5,87876576
2012-12-20,58.96,59.54,58.87,59.03,95632814
2012-12-21,58.38,59.55,58.13,58.94,60981581
2012-12-22,58.45,59.26,58.22,58.78,132625848
2012-12-23,58.86,58.89,58.31,58.58,124811007
2012-12-24,59.29,59.55,58.53,58.6,80688203
2012-12-25,59.11,59.49,58.67,58.83,59265058
2012-12-26,58.71,58.8,58.69,58.71,80003854
2012-12-27,59.14,59.4,59.07,59.13,90578299
2012-12-28,58.69,58.9,58.67,58.82,82540634
2012-12-29,57.89,58.39,57.46,58.04,101842177
2012-12-30,58.04,58.78,57.3,58.07,70722763
2012-12-31,58.07,58.53,57.62,58.19,59990317
2013-01-01,58.31,58.64,58.29,58.29,73014588
2013-01-02,59.13,59.24,59.12,59.17,90860210
2013-01-03,59.1,59.77,59.04,59.35,127426530
2013-01-04,59.62,60.1,59.31,59.67,60784104
2013-01-05,60.1,60.24,59.79,59.86,110674623
2013-01-06,58.91,59.2,58.57,58.86,101434392
2013-01-07,58.06,58.39,57.84,58.11,125306422
2013-01-08,58.22,58.37,57.8,58.21,57036061
2013-01-09,58.32,58.34,58.12,58.26,119390697
2013-01-10,57.85,58.57,57.75,58.04,142971832
2013-01-11,58.93,59.98,58.31,58.76,161548569
2013-01-12,58.4,58.44,57.83,58.42,148806889
2013-01-13,59.01,59.41,58.08,58.86,83462855
2013-01-14,59.2,59.61,59.07,59.19,70379641
2013-01-15,58.81,59.19,58.48,58.86,63120632
2013-01-16,58.35,58.6,58.27,58.57,96806372
2013-01-17,59.2,59.43,58.2,58.47,141870548
2013-01-18,57.54,58.57,56.67,57.89,125498462
2013-01-19,57.27,57.51,56.86,57.21,126773844
2013-01-20,57.61,57.82,57.08,57.44,109658056
2013-01-21,56.33,56.74,56.28,56.46,93754843
2013-01-22,55.84,56.09,55.76,55.91,155595750
2013-01-23,56.22,56.31,55.76,55.95,128727423
2013-01-24,56.23,56.34,56.14,56.2,120325696
2013-01-25,56.31,56.38,56.21,56.35,153475806
2013-01-26,56.17,56.4,56.07,56.38,85757260
2013-01-27,55.91,56.51,55.77,56.03,143563406
2013-01-28,56.3,56.39,55.36,56.0,145440602
2013-01-29,56.47,57.05,56.09,56.83,160438924
2013-01-30,56.62,57.04,56.2,56.63,145358678
2013-01-31,56.51,56.81,56.03,56.46,55913772
2013-02-01,56.01,56.25,55.86,56.04,90439108
2013-02-02,54.37,55.6,54.31,55.25,79287186
2013-02-03,56.1,56.22,56.04,56.1,146384430
2013-02-04,56.45,56.55,56.36,56.38,122228037
2013-02-05,56.25,57.32,55.78,56.1,110571696
2013-02-06,55.97,56.04,55.93,56.04,106433883
2013-02-07,55.64,55.86,55.5,55.84,97923584
2013-02-08,56.74,57.0,55.47,56.18,141051685
2013-02-09,56.33,56.7,56.21,56.27,140080748
2013-02-10,57.13,57.3,56.3,56.56,90212272
2013-02-11,57.09,57.18,55.28,56.27,75465807
2013-02-12,56.79,56.94,56.5,56.57,150718599
2013-02-13,56.88,56.9,56.47,56.82,100941281
2013-02-14,56.72,56.99,56.49,56.62,135591856
2013-02-15,56.98,57.43,56.54,56.92,156462735
2013-02-16,57.21,57.22,57.02,57.17,84400680
2013-02-17,57.91,58.34,56.48,57.09,106764013
2013-02-18,56.96,57.07,56.59,56.85,75138928
2013-02-19,56.82,57.41,55.74,56.96,152453140
2013-02-20,56.99,57.19,56.61,57.07,120836487
2013-02-21,57.8,58.01,57.29,57.56,105685382
2013-02-22,58.63,58.93,57.2,57.89,118555141
2013-02-23,57.36,57.94,57.09,57.94,145491777
2013-02-24,57.71,58.23,57.53,57.54,103353524
2013-02-25,56.74,57.62,56.58,57.07,93674011
2013-02-26,57.18,57.59,57.05,57.11,74696878
2013-02-27,56.99,57.02,56.82,56.86,70277218
2013-02-28,56.54,56.59,56.48,56.49,83231663
2013-03-01,56.58,56.89,56.52,56.88,144174651
2013-03-02,56.43,57.19,56.38,56.91,101107030
2013-03-03,57.35,57.62,57.3,57.34,89327117
2013-03-04,57.09,57.97,56.75,57.64,134124836
2013-03-05,57.09,57.26,56.72,56.97,165944175
2013-03-06,57.0,57.15,57.0,57.01,117846700
2013-03-07,56.64,57.33,56.52,57.04,103780738
2013-03-08,56.57,56.82,56.4,56.59,157135785
2013-03-09,56.29,57.74,55.72,56.58,50696497
2013-03-10,56.62,56.63,56.38,56.48,62438097
2013-03-11,56.44,57.13,55.94,56.88,98146054
2013-03-12,57.22,58.31,56.83,57.26,126826330
2013-03-13,58.31,58.32,58.15,58.26,128440942
2013-03-14,59.88,60.03,59.32,59.55,77840625
2013-03-15,59.02,59.05,58.89,58.91,154583912
2013-03-16,60.24,60.26,59.03,59.39,125204333
2013-03-17,60.26,60.39,59.37,59.63,66363055
2013-03-18,60.74,61.78,60.12,60.58,144733081
2013-03-19,60.32,60.49,60.24,60.42,139399823
2013-03-20,60.53,61.16,60.52,60.9,73557543
2013-03-21,60.62,61.35,60.54,61.29,144182856
2013-03-22,61.28,61.88,60.89,61.42,93579429
2013-03-23,61.16,61.38,61.06,61.27,148147974
2013-03-24,61.73,62.06,61.61,61.75,132370453
2013-03-25,61.16,61.55,59.57,60.86,98225029
2013-03-26,60.45,61.0,59.99,60.63,136996674
2013-03-27,60.36,61.39,59.51,60.43,105601666
2013-03-28,60.62,60.95,60.02,60.37,94721039
2013-03-29,60.75,60.85,60.37,60.38,52704702
2013-03-30,59.9,60.38,59.74,59.99,112998474
2013-03-31,60.09,60.22,59.67,59.75,129890752
2013-04-01,59.97,60.1,59.52,59.89,106511758
2013-04-02,60.05,60.05,60.03,60.05,102740518
2013-04-03,60.49,60.54,60.12,60.29,148217321
2013-04-04,60.39,60.5,59.63,59.87,80008075
2013-04-05,59.5,59.8,59.34,59.69,150926590
2013-04-06,59.1,59.47,58.65,59.2,72047120
2013-04-07,59.88,60.22,59.55,60.21,142080135
2013-04-08,60.73,60.9,60.1,60.71,130752438
2013-04-09,60.78,60.81,60.57,60.74,74344895
2013-04-10,60.69,61.06,59.82,60.61,78465595
2013-04-11,61.16,61.48,60.68,61.05,82019189
2013-04-12,61.89,61.96,61.67,61.74,65225757
2013-04-13,62.13,62.98,62.12,62.6,93603838
2013-04-14,61.98,62.19,61.7,62.07,130303706
2013-04-15,62.85,63.47,62.71,62.8,83445967
2013-04-16,62.58,63.42,61.82,63.06,97608959
2013-04-17,63.46,63.79,63.3,63.47,155536074
2013-04-18,63.89,63.9,63.85,63.86,151174196
2013-04-19,63.67,64.57,62.74,63.91,128738358
2013-04-20,64.21,65.2,63.69,63.83,126693766
2013-04-21,63.24,63.29,63.16,63.23,98874609
2013-04-22,64.75,64.75,64.19,64.24,172225693
2013-04-23,64.67,65.4,64.46,64.74,55540357
2013-04-24,64.87,65.18,64.33,64.42,133209860
2013-04-25,64.66,64.78,64.49,64.69,149019170
2013-04-26,63.9,64.78,63.73,64.07,132052020
2013-04-27,64.43,64.46,63.97,64.06,78976121
2013-04-28,63.6,63.78,63.51,63.52,91334874
2013-04-29,63.48,63.55,63.46,63.48,60622227
2013-04-30,63.45,63.69,63.13,63.17,56630791
2013-05-01,63.64,64.24,63.52,63.65,93814485
2013-05-02,63.44,63.59,62.69,63.05,89373201
2013-05-03,64.07,64.18,63.97,64.02,63479204
2013-05-04,64.35,64.36,64.01,64.05,109222482
2013-05-05,64.47,64.89,64.16,64.66,78072450
2013-05-06,65.26,66.35,64.75,65.29,115259208
2013-05-07,64.91,65.33,64.06,65.27,64978331
2013-05-08,65.06,65.41,64.61,65.22,151005307
2013-05-09,64.48,64.96,64.28,64.62,96221956
2013-05-10,64.72,64.8,64.56,64.66,112168322
2013-05-11,64.07,64.24,63.91,64.05,97374915
2013-05-12,63.67,63.75,63.31,63.67,69486829
2013-05-13,63.6,63.63,63.27,63.33,84130499
2013-05-14,63.88,64.16,63.3,63.82,138615873
2013-05-15,62.96,63.12,62.64,62.7,115019206
2013-05-16,62.23,63.92,61.91,63.37,110200170
2013-05-17,63.22,63.22,62.67,63.16,62721520
2013-05-18,64.08,64.15,63.58,63.92,66061477
2013-05-19,64.04,64.05,63.77,63.92,86277025
2013-05-20,63.46,63.99,63.3,63.76,73859825
2013-05-21,63.94,63.95,63.37,63.91,83356583
2013-05-22,65.51,65.69,64.1,64.49,149153238
2013-05-23,64.91,65.05,64.74,64.81,151198754
2013-05-24,64.71,64.95,64.37,64.45,105169357
2013-05-25,64.47,64.64,64.31,64.52,120847483
2013-05-26,64.34,64.42,64.16,64.32,153339559
2013-05-27,64.47,64.79,64.05,64.48,84917272
2013-05-28,64.43,64.73,64.35,64.44,64627625
2013-05-29,64.38,64.86,64.24,64.66,132510345
2013-05-30,64.77,64.78,64.63,64.7,75733119
2013-05-31,64.99,65.22,64.35,65.05,146926170
2013-06-01,64.7,64.87,64.19,64.43,96993878
2013-06-02,64.57,64.87,64.47,64.52,138152229
2013-06-03,64.59,64.97,64.2,64.84,130158564
2013-06-04,64.99,65.5,64.96,64.97,142999631
2013-06-05,64.58,66.27,64.31,64.75,108058986
2013-06-06,65.31,65.97,65.08,65.5,138061639
2013-06-07,64.52,65.61,64.27,65.44,93222957
2013-06-08,65.83,66.67,64.95,65.59,143759192
2013-06-09,65.31,65.64,64.72,65.19,98876573
2013-06-10,65.03,65.52,64.86,65.22,68796870
2013-06-11,65.38,65.53,64.36,65.16,66629033
2013-06-12,65.26,65.38,64.47,64.99,103667321
2013-06-13,64.65,64.74,63.81,64.69,90943958
2013-06-14,63.37,65.17,63.35,64.47,68463468
2013-06-15,63.52,63.61,63.27,63.54,87867020
2013-06-16,63.9,64.13,63.57,63.99,139326684
2013-06-17,64.73,65.18,64.24,64.36,157352171
2013-06-18,63.63,63.78,63.46,63.7,83985393
2013-06-19,64.11,64.41,63.89,64.24,155072814
2013-06-20,64.56,64.88,64.22,64.55,68088349
2013-06-21,64.16,64.7,63.35,64.06,98076175
2013-06-22,63.49,64.34,63.37,64.02,106781051
2013-06-23,63.81,63.9,63.48,63.69,133393778
2013-06-24,63.22,63.31,62.68,62.95,104920337
2013-06-25,62.47,62.64,62.28,62.6,69157521
2013-06-26,62.97,63.45,62.96,62.98,110000283
2013-06-27,62.97,63.09,62.68,63.0,149090816
2013-06-28,62.84,62.95,62.73,62.93,114853570
2013-06-29,63.01,63.38,62.86,63.35,116623619
2013-06-30,63.48,63.71,62.75,62.78,139855973
2013-07-01,62.81,63.0,62.49,62.76,135239850
2013-07-02,62.29,62.91,62.22,62.34,80231777
2013-07-03,62.0,63.75,61.2,62.7,83794647
2013-07-04,62.83,63.2,62.51,63.0,67646198
2013-07-05,63.95,64.53,62.69,63.1,95815546
2013-07-06,63.07,63.47,62.61,62.64,60908232
2013-07-07,62.74,62.79,62.13,62.23,56746103
2013-07-08,62.2,62.72,62.11,62.42,134717313
2013-07-09,61.29,61.86,61.15,61.75,92800587
2013-07-10,61.47,61.8,60.61,61.33,87773546
2013-07-11,61.29,61.65,61.24,61.41,123219947
2013-07-12,61.07,61.16,60.51,61.03,125459255
2013-07-13,62.88,63.01,60.5,60.96,128855710
2013-07-14,60.45,60.5,60.17,60.28,92912794
2013-07-15,59.44,61.18,59.41,60.45,109564599
2013-07-16,61.83,61.91,61.39,61.39,122522456
2013-07-17,61.09,61.25,60.95,61.12,67824061
2013-07-18,61.51,61.56,60.76,61.13,125527531
2013-07-19,60.84,60.97,60.61,60.78,125022359
2013-07-20,60.93,61.16,60.92,60.95,96080681
2013-07-21,60.26,60.42,59.96,60.35,62288028
2013-07-22,60.24,60.83,60.09,60.09,143910791
2013-07-23,60.71,61.01,60.21,60.78,150640137
2013-07-24,60.85,61.19,60.78,61.01,118855556
2013-07-25,61.42,61.77,61.19,61.25,116606357
2013-07-26,61.09,61.38,60.91,61.17,137646457
2013-07-27,61.39,61.45,59.91,60.47,65145324
2013-07-28,60.28,60.4,59.53,60.33,71014495
2013-07-29,60.69,60.82,60.44,60.57,110532217
2013-07-30,61.23,61.55,60.57,61.08,124955094
2013-07-31,61.29,62.21,60.28,61.35,95799553
2013-08-01,62.14,62.53,61.45,62.3,162297449
2013-08-02,61.85,61.88,61.65,61.74,86112755
2013-08-03,60.71,61.1,60.71,60.76,150037532
2013-08-04,60.15,61.02,60.05,60.61,72760523
2013-08-05,60.68,60.71,60.58,60.69,109588693
2013-08-06,61.32,61.38,60.79,60.96,86055053
2013-08-07,61.03,61.18,60.73,60.97,125778924
2013-08-08,61.15,61.93,60.92,61.42,146349793
2013-08-09,62.5,62.56,62.14,62.26,85933235
2013-08-10,62.19,62.34,61.93,61.94,86388625
2013-08-11,62.89,63.08,62.7,62.95,153423662
2013-08-12,62.73,63.3,62.64,63.0,55069496
2013-08-13,63.77,64.29,63.7,63.83,74097745
2013-08-14,63.57,64.09,63.33,63.91,118149898
2013-08-15,63.83,64.53,63.76,64.15,78170630
2013-08-16,63.95,64.54,63.81,64.2,99799210
2013-08-17,64.22,64.41,63.94,64.25,60364322
2013-08-18,64.43,65.11,63.82,64.58,147431356
2013-08-19,64.49,64.72,64.17,64.66,129650308
2013-08-20,64.87,65.28,64.68,65.03,156473536
2013-08-21,65.88,65.95,64.1,65.11,130948595
2013-08-22,64.04,64.45,62.86,64.17,143200162
2013-08-23,63.23,65.15,62.98,64.11,89693257
2013-08-24,63.63,63.95,63.52,63.7,92953986
2013-08-25,64.29,64.39,64.19,64.22,140830992
2013-08-26,64.16,65.11,63.94,64.37,130547113
2013-08-27,64.77,65.1,64.49,65.0,93208214
2013-08-28,65.28,66.19,65.25,65.93,83695425
2013-08-29,67.05,67.23,66.73,66.76,83188414
2013-08-30,66.16,67.42,65.81,66.82,128845428
2013-08-31,67.11,67.8,66.82,67.59,161298752
2013-09-01,67.64,67.68,67.56,67.6,129250010
2013-09-02,67.97,68.09,67.84,67.85,150520465
2013-09-03,69.61,69.61,67.65,67.71,124288348
2013-09-04,67.75,68.03,67.63,67.83,83958802
2013-09-05,67.98,68.08,67.49,67.93,145860682
2013-09-06,68.27,69.64,68.26,68.71,86453742
2013-09-07,68.44,68.75,68.24,68.55,58385394
2013-09-08,68.52,69.13,68.45,68.69,110515134
2013-09-09,68.18,68.6,68.05,68.41,90780465
2013-09-10,68.47,68.63,68.24,68.34,51137959
2013-09-11,68.62,68.69,67.52,68.55,61230856
2013-09-12,68.31,68.45,68.01,68.28,121096051
2013-09-13,67.9,69.04,67.89,68.14,65524587
2013-09-14,69.03,70.38,68.76,69.34,162421690
2013-09-15,69.47,69.56,69.31,69.5,69427938
2013-09-16,69.78,70.12,69.75,69.88,64841106
2013-09-17,71.1,71.2,69.48,70.33,77086597
2013-09-18,70.18,70.43,69.21,69.68,74066695
2013-09-19,70.06,70.42,69.86,69.87,52806982
2013-09-20,70.7,71.43,70.44,71.17,123345730
2013-09-21,71.58,71.71,71.41,71.66,80095609
2013-09-22,71.03,71.38,70.82,70.85,91353100
2013-09-23,71.44,71.63,70.78,70.95,50911460
2013-09-24,72.2,72.81,70.22,70.92,106430361
2013-09-25,71.77,72.51,70.63,70.91,120534683
2013-09-26,71.55,71.74,71.31,71.73,92113083
2013-09-27,71.64,72.29,71.55,71.85,102204513
2013-09-28,72.69,72.93,72.15,72.3,91904105
2013-09-29,72.11,72.46,71.54,72.35,91674754
2013-09-30,72.3,72.31,72.11,72.29,54483175
2013-10-01,72.87,74.45,72.87,73.53,102329828
2013-10-02,74.46,74.58,73.55,73.73,94424500
2013-10-03,73.86,74.09,73.42,73.56,109685628
2013-10-04,72.87,72.89,72.79,72.85,112825343
2013-10-05,73.39,73.64,72.87,73.33,151854093
2013-10-06,74.34,74.37,73.52,74.24,117951888
2013-10-07,75.28,75.29,75.16,75.28,155457157
2013-10-08,77.36,78.16,75.47,75.9,78789621
2013-10-09,75.84,76.75,75.21,75.71,70302292
2013-10-10,74.73,74.92,74.62,74.79,65981169
2013-10-11,74.88,75.41,74.49,75.01,71827201
2013-10-12,76.15,76.3,75.78,76.27,166817588
2013-10-13,77.99,78.07,76.77,76.96,122020997
2013-10-14,77.1,77.8,76.92,77.67,91385080
2013-10-15,78.01,78.3,77.45,77.88,70930395
2013-10-16,76.88,77.48,76.68,76.84,117774998
2013-10-17,77.44,77.81,76.77,77.36,140941439
2013-10-18,78.63,78.64,78.06,78.08,114219836
2013-10-19,80.25,80.38,79.9,79.92,100848308
2013-10-20,80.2,80.73,79.6,80.11,78577135
2013-10-21,83.05,83.15,81.1,81.14,91006496
2013-10-22,81.94,82.07,81.12,81.42,138308729
2013-10-23,81.94,81.96,80.65,80.88,66887510
2013-10-24,83.6,83.86,82.36,82.88,183097959
2013-10-25,81.94,84.71,81.79,82.79,123711531
2013-10-26,83.14,83.47,82.72,83.18,73351484
2013-10-27,84.22,84.61,83.81,84.22,102636997
2013-10-28,84.85,85.54,84.47,84.7,108433228
2013-10-29,85.23,85.43,83.82,84.73,116476660
2013-10-30,84.79,85.22,84.62,84.75,82385297
2013-10-31,85.23,85.31,84.24,85.1,86801510
2013-11-01,85.44,85.49,84.71,85.05,103971616
2013-11-02,85.6,85.74,85.27,85.7,132409485
2013-11-03,86.39,86.58,84.21,85.51,128995457
2013-11-04,84.79,85.48,84.78,85.16,74396083
2013-11-05,84.48,85.19,84.37,85.16,68067326
2013-11-06,84.04,85.19,83.44,84.13,139414932
2013-11-07,84.27,84.29,83.7,84.16,103076042
2013-11-08,83.89,85.25,82.98,84.16,90450205
2013-11-09,83.4,84.66,82.86,84.36,122731146
2013-11-10,83.53,84.05,83.48,83.83,137559538
2013-11-11,84.29,85.16,83.44,83.92,97180505
2013-11-12,83.74,83.78,83.54,83.65,77182223
2013-11-13,84.14,86.66,83.6,83.72,79047850
2013-11-14,83.05,83.5,82.88,83.0,126866465
2013-11-15,81.9,82.45,81.02,81.6,143723444
2013-11-16,82.53,83.36,82.15,82.31,90079198
2013-11-17,80.27,80.99,80.26,80.78,121151608
2013-11-18,82.87,84.15,81.47,81.84,72420859
2013-11-19,81.78,82.93,81.08,82.28,157760666
2013-11-20,81.91,81.99,81.47,81.98,71149792
2013-11-21,81.2,81.96,80.59,81.57,59400492
2013-11-22,80.78,81.96,80.2,80.89,113180808
2013-11-23,80.44,80.49,79.98,80.21,64147970
2013-11-24,79.45,80.74,79.36,80.52,78572956
2013-11-25,80.38,80.64,79.5,79.95,88874062
2013-11-26,80.12,80.95,79.99,80.36,73332353
2013-11-27,80.2,80.21,79.97,80.03,85086842
2013-11-28,79.48,80.39,78.9,79.6,143127216
2013-11-29,78.85,79.51,78.61,79.44,121512242
2013-11-30,78.66,79.44,78.03,78.61,163112233
2013-12-01,78.24,78.47,78.11,78.17,120742737
2013-12-02,77.9,77.99,76.93,77.33,74799668
2013-12-03,77.54,77.87,75.55,76.41,58472767
2013-12-04,75.98,76.42,75.68,76.29,133878841
2013-12-05,75.44,76.7,75.19,75.72,93613793
2013-12-06,76.75,77.04,75.97,76.42,155012958
2013-12-07,77.07,77.23,76.16,76.41,54516489
2013-12-08,77.21,78.13,76.52,76.83,66850426
2013-12-09,75.92,77.06,75.9,76.83,136077618
2013-12-10,76.72,77.64,75.74,76.71,136941040
2013-12-11,77.28,77.31,76.69,76.86,63034737
2013-12-12,77.1,77.41,74.96,76.27,147086482
2013-12-13,75.67,76.38,75.41,76.37,122979530
2013-12-14,76.51,76.76,76.42,76.6,153309569
2013-12-15,75.32,75.55,75.01,75.21,94657662
2013-12-16,74.33,74.48,73.52,74.33,126762499
2013-12-17,74.37,74.54,73.9,74.48,64715416
2013-12-18,74.71,74.82,73.91,74.8,69323236
2013-12-19,73.94,74.19,73.92,73.94,87297349
2013-12-20,73.98,74.43,73.83,74.26,140598884
2013-12-21,73.94,74.4,72.52,73.57,147562866
2013-12-22,74.95,75.41,74.58,74.59,88634088
2013-12-23,74.06,74.4,73.72,74.24,124284494
2013-12-24,74.24,74.55,74.15,74.39,137148660
2013-12-25,75.26,76.1,75.03,75.29,93877189
2013-12-26,75.45,75.49,75.17,75.23,59566891
2013-12-27,75.66,76.37,75.42,75.51,69185129
2013-12-28,74.75,75.0,74.7,74.79,108339684
2013-12-29,75.87,76.1,74.57,75.56,143051777
2013-12-30,75.09,76.44,74.78,76.2,152034610
2013-12-31,76.02,78.19,74.89,75.65,116698369
2014-01-01,75.64,75.71,75.09,75.53,104867499
2014-01-02,75.91,76.43,75.3,75.4,51247059
2014-01-03,74.69,75.03,74.4,74.58,135378518
2014-01-04,75.63,75.93,74.72,74.99,79328462
2014-01-05,75.04,75.24,74.84,75.03,97815908
2014-01-06,76.71,76.78,76.21,76.36,108579554
2014-01-07,76.09,76.61,76.08,76.25,148635990
2014-01-08,76.0,76.2,75.88,76.16,94168108
2014-01-09,75.97,76.21,75.62,75.87,152603703
2014-01-10,76.05,76.55,74.76,76.3,154843478
2014-01-11,76.47,76.58,75.53,76.48,99039882
2014-01-12,76.74,77.08,75.72,76.39,114920545
2014-01-13,75.88,76.5,74.7,75.76,130548006
2014-01-14,75.73,75.73,75.29,75.72,93250622
2014-01-15,73.87,74.82,73.29,74.43,136523467
2014-01-16,75.0,75.64,74.62,74.99,142441322
2014-01-17,75.87,76.36,75.6,75.91,103730165
2014-01-18,76.44,76.7,76.01,76.2,152352875
2014-01-19,75.47,77.31,74.29,75.96,51699871
2014-01-20,76.43,76.63,76.29,76.5,111882931
2014-01-21,75.56,76.67,75.37,76.31,108186051
2014-01-22,77.61,77.72,77.34,77.59,131891523
2014-01-23,77.31,77.49,77.19,77.41,145527587
2014-01-24,77.9,78.24,77.69,78.02,70771152
2014-01-25,78.19,78.48,78.07,78.16,64791813
2014-01-26,79.01,80.15,76.91,78.18,96572330
2014-01-27,77.49,77.74,77.04,77.08,71653456
2014-01-28,77.81,78.27,77.77,77.94,83002887
2014-01-29,76.51,77.84,76.27,77.49,120516747
2014-01-30,77.58,77.74,77.24,77.53,96856241
2014-01-31,77.65,77.68,77.31,77.65,112823396
2014-02-01,76.46,77.25,76.39,76.86,119502601
2014-02-02,76.69,77.66,76.15,76.73,51753506
2014-02-03,76.59,76.9,76.47,76.87,108976291
2014-02-04,74.96,75.46,73.99,75.24,64617407
2014-02-05,74.96,75.78,74.72,75.55,93901128
2014-02-06,75.57,75.87,75.4,75.45,59415363
2014-02-07,74.62,75.55,74.61,74.85,122353332
2014-02-08,75.13,75.64,74.6,74.89,113697568
2014-02-09,75.17,75.88,74.77,75.49,80676902
2014-02-10,75.01,75.57,74.87,75.3,73158227
2014-02-11,75.14,75.26,74.85,75.02,77061500
2014-02-12,74.37,75.19,74.02,74.55,138487079
2014-02-13,73.69,74.07,72.98,73.57,81863756
2014-02-14,71.77,72.82,71.67,72.37,83490360
2014-02-15,71.36,72.07,71.06,71.44,131339571
2014-02-16,71.39,72.27,71.08,71.37,84014975
2014-02-17,70.31,72.32,69.65,71.79,150747973
2014-02-18,71.37,71.64,70.96,71.64,110737599
2014-02-19,72.17,72.29,72.13,72.15,147320317
2014-02-20,72.44,72.59,72.24,72.49,121508665
2014-02-21,71.96,72.86,71.13,72.0,71492421
2014-02-22,71.47,72.98,71.07,72.16,143648300
2014-02-23,70.47,71.29,69.8,71.21,68441397
2014-02-24,70.56,70.91,70.22,70.76,91038933
2014-02-25,70.35,70.4,69.6,69.74,150790711
2014-02-26,69.59,70.12,69.47,69.97,144943076
2014-02-27,71.13,71.22,71.02,71.15,84358248
2014-02-28,72.64,72.86,71.47,71.53,128707106
2014-03-01,71.45,71.49,71.25,71.4,80894159
2014-03-02,71.61,71.63,71.4,71.58,133142655
2014-03-03,71.16,71.76,71.03,71.7,102964760
2014-03-04,72.38,72.8,72.09,72.44,94736252
2014-03-05,72.04,72.43,71.31,72.22,148082858
2014-03-06,72.27,72.67,71.5,72.27,75258084
2014-03-07,72.77,73.31,72.33,72.84,57733566
2014-03-08,73.4,74.35,72.93,73.99,113316448
2014-03-09,74.15,74.5,74.13,74.18,115779992
2014-03-10,74.25,74.28,74.25,74.27,114947418
2014-03-11,73.78,74.94,73.11,73.58,132512653
2014-03-12,73.43,73.91,73.2,73.3,130657974
2014-03-13,74.7,74.93,72.33,73.15,65099709
2014-03-14,73.21,73.31,72.25,73.09,59682754
2014-03-15,73.14,73.31,72.38,73.28,110338953
2014-03-16,72.13,73.26,71.63,72.85,119988583
2014-03-17,71.8,71.88,70.46,71.74,107668764
2014-03-18,71.47,71.58,70.72,71.28,137723461
2014-03-19,70.06,70.55,69.82,70.29,152387526
2014-03-20,69.62,70.14,69.42,70.08,115099614
2014-03-21,70.08,70.1,69.72,69.8,57335621
2014-03-22,69.54,69.67,69.5,69.51,119126265
2014-03-23,69.65,69.9,69.44,69.58,70715250
2014-03-24,69.14,69.53,68.67,68.7,150815372
2014-03-25,68.67,69.36,68.28,68.61,58833041
2014-03-26,68.45,69.15,68.44,68.67,143805276
2014-03-27,68.99,69.59,68.57,69.28,134275684
2014-03-28,69.93,70.18,69.84,69.9,157570122
2014-03-29,69.66,69.82,69.57,69.74,130772297
2014-03-30,70.15,70.47,69.24,69.82,136470261
2014-03-31,69.41,69.95,69.1,69.5,130571174
2014-04-01,68.59,68.63,68.29,68.61,128745766
2014-04-02,68.84,68.87,68.48,68.86,150102085
2014-04-03,69.0,69.34,68.87,69.15,121575393
2014-04-04,68.64,68.93,68.58,68.7,88096253
2014-04-05,68.19,68.81,68.15,68.53,74890823
2014-04-06,66.97,67.76,66.79,67.1,178157197
2014-04-07,67.83,68.87,67.55,67.94,111673226
2014-04-08,68.25,68.58,68.25,68.37,133208637
2014-04-09,68.1,68.12,67.95,68.1,143240991
2014-04-10,67.62,67.67,67.29,67.5,117985472
2014-04-11,67.59,67.77,65.97,67.39,128939424
2014-04-12,66.54,67.04,66.16,66.74,58648682
2014-04-13,66.55,67.23,65.61,66.75,63434251
2014-04-14,66.86,66.92,66.4,66.71,100666022
2014-04-15,66.35,66.38,65.43,65.89,93328043
2014-04-16,64.56,65.18,64.2,64.99,126460876
2014-04-17,64.88,65.36,64.78,65.24,80217468
2014-04-18,65.21,65.61,65.02,65.29,86217104
2014-04-19,65.38,66.68,63.93,65.18,106504715
2014-04-20,64.93,65.04,64.49,64.76,156521427
2014-04-21,64.52,65.74,63.74,65.38,92611127
2014-04-22,64.28,64.77,64.22,64.62,68549025
2014-04-23,63.88,64.08,62.5,64.0,104343883
2014-04-24,63.82,65.11,63.63,63.87,83221444
2014-04-25,64.62,64.73,64.2,64.61,73735936
2014-04-26,62.88,64.17,62.85,63.6,72336861
2014-04-27,63.43,64.16,63.24,64.02,109851428
2014-04-28,63.54,64.59,63.21,63.51,102507359
2014-04-29,62.3,62.68,62.03,62.64,60597596
2014-04-30,62.41,63.38,61.7,62.33,92013259
2014-05-01,62.34,62.46,62.12,62.21,92646074
2014-05-02,61.67,61.95,61.59,61.93,95141399
2014-05-03,62.48,62.85,62.39,62.68,149415250
2014-05-04,62.76,63.12,62.6,62.75,127255457
2014-05-05,61.57,62.53,61.51,62.29,151411897
2014-05-06,62.73,62.73,62.39,62.42,59403391
2014-05-07,62.84,62.93,62.69,62.92,105747353
2014-05-08,63.66,65.02,61.91,63.48,127610738
2014-05-09,62.59,63.39,62.44,63.15,70447486
2014-05-10,62.89,62.92,62.5,62.6,112140698
2014-05-11,62.65,62.89,61.62,62.47,72055927
2014-05-12,63.56,63.66,62.03,62.46,114458722
2014-05-13,62.55,62.97,62.17,62.21,57998421
2014-05-14,61.99,62.16,61.66,62.02,110345561
2014-05-15,61.92,62.14,61.87,61.99,125824074
2014-05-16,62.61,62.71,62.52,62.64,136257853
2014-05-17,63.2,63.5,63.2,63.47,77841799
2014-05-18,64.13,64.73,63.85,64.02,139299281
2014-05-19,63.73,64.14,63.11,63.46,129267740
2014-05-20,64.09,64.59,63.79,63.91,121603234
2014-05-21,63.94,64.49,63.49,64.07,113829896
2014-05-22,63.17,63.31,62.94,63.02,139068884
2014-05-23,62.81,63.23,62.08,62.92,111366370
2014-05-24,62.69,62.77,62.68,62.69,114996208
2014-05-25,63.18,63.42,62.73,63.07,158370343
2014-05-26,63.28,63.29,62.76,62.85,125804013
2014-05-27,62.67,62.85,62.47,62.54,79221597
2014-05-28,62.72,62.97,62.24,62.94,146470066
2014-05-29,62.27,62.7,62.16,62.63,142660132
2014-05-30,62.64,62.97,62.53,62.64,58181664
2014-05-31,62.89,63.03,62.66,62.69,108511894
2014-06-01,62.58,62.84,61.51,62.0,116862204
2014-06-02,61.25,62.56,60.78,61.79,61891981
2014-06-03,62.12,62.49,61.56,61.69,103207653
2014-06-04,62.02,62.42,61.87,61.93,92067395
2014-06-05,61.58,61.62,61.55,61.56,66077827
2014-06-06,61.47,62.03,61.36,61.6,131106368
2014-06-07,61.27,62.27,60.81,61.9,152938766
2014-06-08,61.8,61.82,61.34,61.67,127002541
2014-06-09,61.77,62.64,61.72,62.05,67666673
2014-06-10,62.53,62.74,62.35,62.5,114762773
2014-06-11,61.62,62.53,61.03,62.03,131491349
2014-06-12,62.0,62.61,61.46,61.99,60516526
2014-06-13,61.87,63.0,61.74,62.53,124891076
2014-06-14,62.81,62.94,62.25,62.7,115941096
2014-06-15,62.03,62.04,61.85,61.93,166466887
2014-06-16,62.08,62.27,61.79,61.97,99089653
2014-06-17,61.63,62.26,61.13,61.32,147365119
2014-06-18,61.77,62.23,61.61,61.73,56550977
2014-06-19,61.48,61.59,61.46,61.53,142856340
2014-06-20,61.46,61.68,60.78,61.22,135617176
2014-06-21,61.18,61.32,61.09,61.15,125901361
2014-06-22,61.08,61.11,60.61,61.1,81198138
2014-06-23,60.06,61.03,59.21,60.49,77676663
2014-06-24,60.2,60.38,59.68,60.01,136642952
2014-06-25,60.7,60.79,59.42,60.08,71362225
2014-06-26,60.56,60.58,60.14,60.46,157880805
2014-06-27,60.59,60.88,60.56,60.85,150007673
2014-06-28,61.05,61.68,60.91,61.38,121208796
2014-06-29,60.45,60.91,60.43,60.81,63192612
2014-06-30,60.25,60.49,59.8,60.43,88652906
2014-07-01,58.84,60.65,58.62,60.01,114386732
2014-07-02,59.46,59.87,59.33,59.66,122704288
2014-07-03,59.54,60.35,59.53,59.73,121850637
2014-07-04,59.64,60.45,59.51,59.76,120197474
2014-07-05,60.05,60.15,59.96,60.07,137498311
2014-07-06,59.93,60.14,59.74,60.03,56872356
2014-07-07,58.63,58.77,58.0,58.69,81405050
2014-07-08,58.35,59.11,58.15,58.94,107693440
2014-07-09,58.75,58.86,58.67,58.83,99197422
2014-07-10,59.19,59.23,59.0,59.16,157934142
2014-07-11,59.25,59.4,59.15,59.22,59219046
2014-07-12,60.14,60.18,58.97,59.4,142268154
2014-07-13,60.44,60.49,59.68,60.11,98539663
2014-07-14,60.47,60.81,59.65,60.07,149669214
2014-07-15,60.13,60.72,59.66,59.87,67466084
2014-07-16,59.42,59.62,59.28,59.6,84732936
2014-07-17,58.7,58.99,58.63,58.95,135385235
2014-07-18,58.71,59.75,57.69,59.36,101153043
2014-07-19,58.23,58.4,58.14,58.38,154336912
2014-07-20,58.4,58.6,57.64,57.88,129366121
2014-07-21,58.07,58.15,57.99,58.12,104482510
2014-07-22,58.15,58.92,58.14,58.63,121981317
2014-07-23,58.48,58.55,58.42,58.49,55156010
2014-07-24,58.55,58.59,58.29,58.52,118513910
2014-07-25,58.03,58.61,57.89,58.2,156186766
2014-07-26,58.01,58.16,57.78,58.1,95142565
2014-07-27,58.97,59.55,58.8,58.89,73203121
2014-07-28,59.28,59.32,59.27,59.28,154662163
2014-07-29,59.03,59.13,58.79,58.89,117968536
2014-07-30,59.61,59.65,59.31,59.34,154666832
2014-07-31,59.15,60.09,59.08,59.46,141148366
2014-08-01,58.71,58.95,58.28,58.59,75634511
2014-08-02,59.8,59.81,58.91,59.23,91003661
2014-08-03,60.22,60.25,59.78,60.0,148243414
2014-08-04,59.8,60.14,59.67,59.76,140683889
2014-08-05,58.41,60.15,58.33,59.52,82410138
2014-08-06,59.44,59.45,59.31,59.34,66407260
2014-08-07,59.72,59.87,59.57,59.66,103396063
2014-08-08,59.31,59.81,58.88,59.36,105610729
2014-08-09,59.46,59.56,58.39,59.38,62489357
2014-08-10,59.18,59.32,58.77,59.01,120691299
2014-08-11,59.84,60.11,59.45,59.66,153667394
2014-08-12,59.02,59.32,58.54,59.17,121677958
2014-08-13,58.98,59.53,58.84,59.52,154387059
2014-08-14,58.92,59.33,58.6,58.75,125153931
2014-08-15,58.28,58.72,57.94,58.4,58245496
2014-08-16,57.14,58.72,57.01,57.15,140372919
2014-08-17,56.89,57.69,56.51,57.07,123417846
2014-08-18,57.61,57.86,57.54,57.55,128907415
2014-08-19,56.68,57.41,56.55,57.12,88427258
2014-08-20,57.0,57.84,56.79,57.81,93901693
2014-08-21,57.17,57.21,56.92,57.12,94138461
2014-08-22,56.81,56.84,55.93,56.79,100656786
2014-08-23,56.63,56.65,56.48,56.51,123331366
2014-08-24,57.15,57.32,57.12,57.29,96249057
2014-08-25,57.78,58.17,57.59,57.9,113869565
2014-08-26,57.83,58.12,57.11,57.45,81444801
2014-08-27,58.13,58.48,57.66,58.12,162966054
2014-08-28,57.59,57.76,57.28,57.75,148840153
2014-08-29,58.18,58.21,57.34,57.39,134492547
2014-08-30,58.25,58.71,58.11,58.27,60164830
2014-08-31,57.62,57.9,57.37,57.42,115646199
2014-09-01,57.55,57.72,57.42,57.45,132504979
2014-09-02,57.5,57.55,56.89,57.33,126632146
2014-09-03,57.62,58.42,57.28,57.69,117886672
2014-09-04,58.07,58.62,57.67,58.1,152154093
2014-09-05,58.02,58.54,57.34,58.29,60719393
2014-09-06,58.08,58.24,57.78,58.16,138277393
2014-09-07,59.85,60.26,58.52,58.53,58122731
2014-09-08,59.49,59.67,58.29,58.82,110859190
2014-09-09,58.85,59.31,58.41,59.13,89983472
2014-09-10,58.64,59.73,58.24,59.33,59023737
2014-09-11,58.86,59.5,57.86,58.85,144883390
2014-09-12,58.95,59.67,58.64,59.11,124933575
2014-09-13,59.82,60.01,59.4,59.86,157905369
2014-09-14,59.97,60.62,59.96,60.3,144579706
2014-09-15,59.75,60.2,59.52,59.8,75241907
2014-09-16,59.79,60.15,59.74,59.98,125513894
2014-09-17,59.96,60.15,59.77,59.83,105353679
2014-09-18,59.49,59.57,59.23,59.35,142246460
2014-09-19,60.07,60.23,59.34,59.39,93924197
2014-09-20,60.24,60.34,59.58,60.12,119450782
2014-09-21,60.68,60.7,60.38,60.4,126258093
2014-09-22,60.65,60.77,60.49,60.7,140403167
2014-09-23,61.08,62.06,60.76,61.17,123553446
2014-09-24,62.15,62.43,61.82,61.99,158286465
2014-09-25,61.39,62.13,61.13,61.38,101083065
2014-09-26,62.47,62.49,60.98,62.01,90920709
2014-09-27,62.18,62.63,62.08,62.19,149706959
2014-09-28,63.58,63.67,62.73,63.03,148713347
2014-09-29,63.74,63.81,62.8,63.3,147587907
2014-09-30,63.99,64.02,63.19,63.77,131992844
2014-10-01,62.75,62.78,62.1,62.69,137226064
2014-10-02,62.52,62.79,62.24,62.59,133326082
2014-10-03,61.64,62.24,61.15,61.8,131675940
2014-10-04,61.91,62.35,61.3,61.57,127302034
2014-10-05,61.74,61.78,61.05,61.19,66326799
2014-10-06,61.27,61.83,61.12,61.42,115019231
2014-10-07,61.06,61.13,60.84,60.91,88357759
2014-10-08,61.07,61.46,60.03,60.94,90590040
2014-10-09,62.28,62.47,60.84,61.29,63448463
2014-10-10,60.04,60.39,59.8,60.24,175332179
2014-10-11,59.96,60.09,59.64,59.74,133573873
2014-10-12,59.1,59.43,58.96,59.3,90240821
2014-10-13,57.92,58.73,57.85,58.72,124393652
2014-10-14,58.61,58.77,58.08,58.66,116466814
2014-10-15,59.43,59.67,59.43,59.5,143581260
2014-10-16,59.05,59.45,58.6,59.07,72919415
2014-10-17,59.49,59.69,59.28,59.65,77696595
2014-10-18,59.48,59.93,59.23,59.51,135078861
2014-10-19,58.35,59.6,57.97,59.07,152677381
2014-10-20,59.1,59.41,58.65,59.26,141247618
2014-10-21,59.55,60.32,59.0,59.83,115580872
2014-10-22,59.31,59.72,58.62,59.2,100943165
2014-10-23,58.73,58.85,58.57,58.69,84497047
2014-10-24,57.88,59.21,57.86,58.96,148166648
2014-10-25,58.71,59.0,58.67,58.81,149436789
2014-10-26,59.17,59.54,58.06,59.31,71705463
2014-10-27,58.47,58.57,58.42,58.48,62551531
2014-10-28,58.35,58.61,58.26,58.34,149123094
2014-10-29,57.78,58.86,57.55,58.25,93766982
2014-10-30,58.15,58.19,57.89,57.89,60979536
2014-10-31,57.79,58.29,57.05,57.43,70923779
2014-11-01,57.86,58.4,57.64,58.18,87955529
2014-11-02,59.74,59.84,58.27,59.15,152469230
2014-11-03,58.84,59.45,58.51,58.79,100942252
2014-11-04,58.74,59.01,58.54,58.65,101025710
2014-11-05,58.61,58.64,58.44,58.51,124335509
2014-11-06,57.57,58.97,57.39,58.63,139676856
2014-11-07,58.48,59.1,58.46,59.07,154985472
2014-11-08,58.55,59.51,58.3,59.36,115216053
2014-11-09,59.57,59.75,59.49,59.55,127935235
2014-11-10,58.72,60.15,58.01,59.33,110561566
2014-11-11,58.52,58.85,57.93,58.78,149384107
2014-11-12,58.44,58.5,58.3,58.48,112200966
2014-11-13,59.74,59.75,59.24,59.3,164602516
2014-11-14,58.29,59.03,58.24,58.69,143392297
2014-11-15,58.65,58.7,58.65,58.68,121037156
2014-11-16,59.11,60.04,59.08,59.29,111281237
2014-11-17,59.41,59.47,59.41,59.46,141077648
2014-11-18,60.31,60.41,60.27,60.37,72648966
2014-11-19,59.95,60.27,58.81,60.24,71733060
2014-11-20,59.92,60.05,59.79,60.02,79268372
2014-11-21,60.59,60.59,59.9,60.21,141677109
2014-11-22,59.57,60.67,59.56,60.55,127705631
2014-11-23,61.3,61.85,60.86,61.21,116644847
2014-11-24,61.54,61.97,60.95,61.48,141243295
2014-11-25,62.41,62.44,61.95,62.03,80135249
2014-11-26,62.91,63.52,62.26,62.52,57363937
2014-11-27,62.57,63.1,62.31,62.95,87453193
2014-11-28,62.69,62.79,62.62,62.62,142895838
2014-11-29,62.3,62.36,61.11,61.86,116419797
2014-11-30,62.56,62.61,61.89,61.93,120252542
2014-12-01,61.68,61.78,61.18,61.62,149585687
2014-12-02,61.82,62.09,61.66,62.07,98940191
2014-12-03,61.79,62.19,61.73,61.93,142810306
2014-12-04,60.63,61.19,60.36,60.9,134507139
2014-12-05,60.77,61.36,60.15,60.78,140154342
2014-12-06,60.53,60.56,59.83,60.36,136536808
2014-12-07,60.38,61.02,60.3,60.71,72457431
2014-12-08,61.64,61.97,61.14,61.25,149974891
2014-12-09,61.8,62.33,61.57,62.12,107522431
2014-12-10,61.68,62.7,60.86,61.84,66023674
2014-12-11,62.4,62.42,61.58,62.18,103838618
2014-12-12,61.83,62.42,61.51,62.2,55444675
2014-12-13,61.35,61.76,61.14,61.73,67014045
2014-12-14,61.84,61.97,61.68,61.79,83150951
2014-12-15,62.08,62.65,61.03,61.79,97634928
2014-12-16,61.85,62.17,61.33,61.63,129241480
2014-12-17,63.13,63.53,60.91,62.12,160116594
2014-12-18,62.35,62.78,61.36,62.48,137487119
2014-12-19,62.52,62.75,62.45,62.52,95934064
2014-12-20,63.34,64.08,63.31,63.37,98172163
2014-12-21,62.78,63.95,62.26,63.09,77172067
2014-12-22,62.42,62.98,62.3,62.78,132927873
2014-12-23,63.02,63.06,62.58,62.75,58519955
2014-12-24,63.34,63.76,62.84,62.97,84564201
2014-12-25,64.37,64.43,63.39,63.54,137820177
2014-12-26,63.87,64.05,62.85,63.92,157709687
2014-12-27,64.74,64.8,64.18,64.38,152479348
2014-12-28,65.63,65.77,64.59,65.19,150908270
2014-12-29,65.58,66.22,65.13,65.32,123944415
2014-12-30,66.24,66.29,65.45,65.66,148483290
2014-12-31,64.44,65.52,64.05,65.47,82008903
2015-01-01,65.39,65.91,64.8,65.64,63202503
2015-01-02,65.64,67.19,65.31,65.67,71471712
2015-01-03,67.03,67.13,66.37,66.61,76569666
2015-01-04,66.85,67.15,66.77,66.83,86009323
2015-01-05,67.12,67.6,66.74,67.08,63050857
2015-01-06,67.77,67.88,65.87,66.32,122240913
2015-01-07,66.86,67.15,65.89,66.64,70564519
2015-01-08,67.34,67.52,67.01,67.31,120501659
2015-01-09,67.99,68.42,67.62,67.77,128663671
2015-01-10,68.1,69.16,67.67,68.03,102772761
2015-01-11,68.01,68.67,67.92,68.12,98017770
2015-01-12,68.59,68.79,68.24,68.51,150672013
2015-01-13,67.75,68.31,67.64,68.24,94175046
2015-01-14,68.78,69.22,68.57,68.77,92907102
2015-01-15,69.91,70.09,69.01,69.06,60547203
2015-01-16,69.01,69.23,68.71,68.77,134792107
2015-01-17,69.33,70.03,69.15,69.22,138184045
2015-01-18,69.31,69.5,68.07,69.38,51483332
2015-01-19,68.5,68.89,68.48,68.62,91129663
2015-01-20,69.27,69.51,68.88,69.36,67111865
2015-01-21,70.02,70.33,68.24,69.66,79123258
2015-01-22,69.21,70.17,68.99,69.47,153832751
2015-01-23,68.43,69.09,67.87,68.55,86497963
2015-01-24,67.61,69.33,67.57,68.12,135347538
2015-01-25,68.4,69.17,68.3,68.99,123228148
2015-01-26,69.38,70.15,68.5,69.62,123005948
2015-01-27,69.9,70.24,68.74,69.59,91919281
2015-01-28,69.74,69.84,69.72,69.77,94637174
2015-01-29,69.11,69.76,69.0,69.38,62751772
2015-01-30,69.14,70.01,69.12,69.39,107146924
2015-01-31,70.12,70.31,69.76,70.07,73047287
2015-02-01,70.05,70.82,69.59,69.82,65986777
2015-02-02,69.9,70.39,69.62,69.85,114301355
2015-02-03,69.79,70.19,69.42,69.55,57788124
2015-02-04,69.6,69.98,69.39,69.95,112922263
2015-02-05,68.87,68.99,68.15,68.96,107342460
2015-02-06,68.84,68.97,68.52,68.64,148092304
2015-02-07,69.51,69.51,69.44,69.48,68364687
2015-02-08,70.36,70.57,69.96,70.05,130979439
2015-02-09,71.08,71.11,70.77,71.05,79494705
2015-02-10,70.99,71.14,70.76,70.98,127104373
2015-02-11,70.46,70.98,70.31,70.87,72880134
2015-02-12,70.43,71.45,70.36,70.71,133576745
2015-02-13,71.76,72.29,71.49,71.84,116513922
2015-02-14,72.06,72.39,72.02,72.07,73379017
2015-02-15,71.9,72.29,71.32,71.81,86068646
2015-02-16,72.56,72.9,72.35,72.44,141710018
2015-02-17,72.88,73.03,72.03,72.05,105173492
2015-02-18,71.32,72.25,71.24,72.01,70792190
2015-02-19,71.19,73.75,70.32,72.12,117378334
2015-02-20,72.34,72.47,72.22,72.27,134960985
2015-02-21,74.25,74.3,72.63,72.77,125683208
2015-02-22,71.79,72.3,71.68,72.23,106627472
2015-02-23,71.95,72.59,71.81,72.15,69143430
2015-02-24,71.89,72.93,71.59,72.54,125390025
2015-02-25,73.23,73.37,72.48,72.77,91815673
2015-02-26,73.85,73.87,73.56,73.62,124815343
2015-02-27,74.0,74.08,72.84,73.77,79047524
2015-02-28,74.03,74.25,73.78,73.79,67913154
2015-03-01,72.92,73.61,72.72,73.45,97122925
2015-03-02,74.37,74.42,73.61,73.73,108781024
2015-03-03,74.07,74.58,73.51,73.93,70895157
2015-03-04,74.53,74.62,74.3,74.5,64280093
2015-03-05,75.65,76.46,75.18,75.52,68489763
2015-03-06,75.31,75.98,74.89,74.96,154282111
2015-03-07,74.33,74.78,74.15,74.71,135760845
2015-03-08,76.21,77.53,75.69,75.75,68806017
2015-03-09,75.97,77.26,75.35,76.99,112178988
2015-03-10,77.03,77.23,76.48,76.87,125719241
2015-03-11,77.97,78.08,77.42,77.55,83018776
2015-03-12,76.5,76.97,76.28,76.74,88142067
2015-03-13,77.18,77.37,76.2,77.26,143134005
2015-03-14,75.75,76.32,75.05,76.05,168765553
2015-03-15,74.84,75.41,74.55,75.29,138650911
2015-03-16,76.12,76.2,74.73,75.28,121695395
2015-03-17,76.07,76.33,75.78,76.1,70621691
2015-03-18,75.56,77.16,75.11,76.06,125370003
2015-03-19,75.34,75.85,75.21,75.52,83178880
2015-03-20,74.94,75.02,74.88,74.92,143423595
2015-03-21,75.53,75.83,75.52,75.63,112150508
2015-03-22,76.44,76.51,76.14,76.16,136168480
2015-03-23,76.5,76.84,76.39,76.79,67062515
2015-03-24,77.11,77.52,76.64,76.82,106843059
2015-03-25,76.13,77.16,76.13,76.82,130554371
2015-03-26,75.57,77.07,75.39,76.03,149122004
2015-03-27,75.98,76.2,75.83,75.97,67409862
2015-03-28,76.3,76.48,76.11,76.24,89957030
2015-03-29,76.28,77.91,76.06,76.66,76054961
2015-03-30,75.65,75.75,74.69,75.29,69478066
2015-03-31,74.35,74.6,73.77,74.47,80778680
2015-04-01,75.0,75.35,74.0,74.66,72411696
2015-04-02,74.98,75.33,74.26,75.22,132491580
2015-04-03,74.98,76.63,74.96,75.6,90080185
2015-04-04,76.68,77.1,76.63,76.81,94108877
2015-04-05,77.19,78.2,77.15,77.66,69597472
2015-04-06,76.54,76.66,76.26,76.63,129692169
2015-04-07,76.03,76.94,75.89,76.57,61993513
2015-04-08,77.8,78.71,77.08,77.15,142210456
2015-04-09,76.55,76.86,75.68,76.44,101595999
2015-04-10,77.71,77.76,77.19,77.21,116575995
2015-04-11,77.7,78.3,77.21,77.48,88748748
2015-04-12,76.42,76.54,76.39,76.44,127218028
2015-04-13,76.89,77.24,76.86,76.93,83566251
2015-04-14,77.22,77.41,76.52,77.24,81382239
2015-04-15,77.89,78.49,77.84,78.31,86095219
2015-04-16,78.57,78.73,78.32,78.36,139443559
2015-04-17,77.85,78.27,77.68,78.01,130852302
2015-04-18,78.4,79.08,77.82,78.22,126213407
2015-04-19,78.11,78.52,77.7,77.78,104418074
2015-04-20,79.12,79.19,78.26,78.39,101009424
2015-04-21,78.95,79.27,77.8,77.92,76690937
2015-04-22,76.77,77.23,76.73,77.21,112632147
2015-04-23,76.16,77.98,75.65,77.13,128061917
2015-04-24,76.64,77.14,76.61,76.83,128156885
2015-04-25,77.62,78.64,76.97,77.21,95372057
2015-04-26,77.98,78.06,77.21,77.42,152622733
2015-04-27,78.06,79.15,77.2,78.16,75332377
2015-04-28,78.16,78.4,77.9,78.32,144961347
2015-04-29,78.73,78.85,77.83,78.25,68714784
2015-04-30,77.92,78.0,77.0,77.49,108165187
2015-05-01,76.89,77.53,76.88,77.12,66084699
2015-05-02,77.23,77.41,76.1,76.47,65130242
2015-05-03,76.45,76.49,75.93,76.48,57035857
2015-05-04,76.31,76.6,76.03,76.42,151017591
2015-05-05,75.13,76.48,74.55,76.11,102439182
2015-05-06,77.39,77.75,76.24,76.57,129585344
2015-05-07,76.97,77.31,76.3,76.84,68796041
2015-05-08,77.16,77.9,76.02,77.41,147724870
2015-05-09,77.5,77.86,77.36,77.51,141129319
2015-05-10,77.85,78.58,77.7,78.14,131342294
2015-05-11,78.99,79.73,78.75,79.34,113686305
2015-05-12,79.06,79.25,78.89,78.99,61593629
2015-05-13,78.25,78.57,78.22,78.5,154622558
2015-05-14,78.06,78.51,77.37,77.82,140946399
2015-05-15,79.01,79.1,78.72,78.9,111926873
2015-05-16,77.86,78.17,77.55,77.69,170485182
2015-05-17,78.79,79.57,78.73,78.91,65992048
2015-05-18,79.9,80.21,79.85,79.94,77847294
2015-05-19,80.47,81.66,80.36,80.58,54295431
2015-05-20,81.22,81.4,80.19,80.41,81659077
2015-05-21,80.04,80.88,80.02,80.69,74994626
2015-05-22,79.18,79.64,78.76,78.91,181527647
2015-05-23,78.15,78.51,78.1,78.24,105154976
2015-05-24,77.55,77.97,77.31,77.52,107489740
2015-05-25,77.27,77.51,77.14,77.24,148947033
2015-05-26,77.14,77.37,76.41,76.79,83027646
2015-05-27,77.28,77.32,77.0,77.27,74480380
2015-05-28,78.37,78.74,78.31,78.41,60528674
2015-05-29,78.27,78.87,78.18,78.56,138452919
2015-05-30,76.31,78.4,76.24,78.01,159413309
2015-05-31,77.93,78.16,77.74,77.88,62340063
2015-06-01,78.13,78.16,77.96,78.04,82228524
2015-06-02,76.38,78.71,76.35,77.92,75327636
2015-06-03,77.33,77.75,76.91,77.53,86164611
2015-06-04,77.41,77.75,77.12,77.34,113343631
2015-06-05,78.12,78.4,77.33,78.07,115222192
2015-06-06,77.97,77.99,77.47,77.73,77700860
2015-06-07,77.29,78.25,76.89,77.57,150689323
2015-06-08,75.79,76.82,75.5,76.75,55963420
2015-06-09,76.55,76.88,76.39,76.79,90361978
2015-06-10,78.43,78.48,76.38,76.46,119269079
2015-06-11,76.02,76.21,75.83,76.12,115971572
2015-06-12,74.8,75.25,74.36,74.51,157475088
2015-06-13,74.64,74.78,74.56,74.74,81326434
2015-06-14,74.49,74.52,74.29,74.48,121703097
2015-06-15,74.38,74.42,73.84,74.33,106848209
2015-06-16,74.39,75.21,74.37,74.83,106917967
2015-06-17,75.24,75.26,74.32,75.11,135638057
2015-06-18,74.72,75.01,73.95,74.24,148178536
2015-06-19,74.51,74.57,74.13,74.53,110926356
2015-06-20,74.18,74.25,73.82,73.91,117549198
2015-06-21,74.57,74.83,74.41,74.63,74745118
2015-06-22,73.6,73.86,73.53,73.82,109892412
2015-06-23,74.18,74.34,72.03,73.62,137081161
2015-06-24,74.01,74.5,73.98,74.21,137071321
2015-06-25,73.93,74.23,73.88,73.99,105349009
2015-06-26,73.53,73.71,73.17,73.67,104957274
2015-06-27,74.54,75.46,74.09,74.67,135156369
2015-06-28,75.81,76.12,75.31,75.71,72387321
2015-06-29,75.51,75.57,75.27,75.54,151009882
2015-06-30,76.55,76.75,76.12,76.3,133828034
2015-07-01,75.88,76.27,75.3,76.03,107217414
2015-07-02,75.18,75.67,74.61,75.54,56074340
2015-07-03,75.59,75.75,75.56,75.62,125707173
2015-07-04,75.88,76.22,75.72,75.78,102451490
2015-07-05,75.56,75.98,75.45,75.75,79733020
2015-07-06,75.16,76.75,73.94,75.34,138687401
2015-07-07,75.44,75.96,75.31,75.6,126507799
2015-07-08,76.94,77.1,76.11,76.45,165667276
2015-07-09,75.8,76.17,75.41,75.96,111033236
2015-07-10,75.6,76.15,75.34,76.07,86562288
2015-07-11,76.46,76.49,76.42,76.46,130126851
2015-07-12,76.66,76.89,75.6,76.72,149309427
2015-07-13,77.94,78.05,77.65,78.0,167738409
2015-07-14,79.82,80.15,79.4,79.47,122471183
2015-07-15,80.68,80.74,79.79,80.38,134910538
2015-07-16,81.76,81.82,80.83,81.43,164896384
2015-07-17,80.2,81.98,79.73,80.58,156605872
2015-07-18,81.06,81.58,81.06,81.43,152622510
2015-07-19,81.49,81.98,81.4,81.72,147443574
2015-07-20,81.96,82.25,81.08,81.53,83274551
2015-07-21,81.62,82.22,81.47,82.02,121878280
2015-07-22,81.32,81.33,81.24,81.29,127393866
2015-07-23,80.72,80.74,80.44,80.5,87823806
2015-07-24,80.03,80.17,79.4,79.89,86775183
2015-07-25,79.91,81.01,78.93,79.86,149162969
2015-07-26,80.09,80.58,79.76,79.96,128551566
2015-07-27,79.12,79.61,78.81,79.5,82983880
2015-07-28,78.44,78.75,78.05,78.45,128760595
2015-07-29,77.81,79.11,77.7,78.85,150120871
2015-07-30,77.62,77.8,77.51,77.63,163159910
2015-07-31,77.14,77.38,76.32,77.01,153061058
2015-08-01,76.75,77.61,74.8,76.3,64503551
2015-08-02,77.17,77.64,76.36,76.67,101106465
2015-08-03,77.34,77.53,76.97,77.08,122189664
2015-08-04,77.15,77.41,75.72,76.13,73837214
2015-08-05,74.08,74.4,74.0,74.4,104404555
2015-08-06,74.9,75.59,74.73,75.29,107156718
2015-08-07,75.11,75.42,74.71,74.72,123373711
2015-08-08,74.37,74.9,73.55,74.79,143641784
2015-08-09,75.76,76.41,75.57,76.0,99729872
2015-08-10,75.85,76.15,75.59,75.96,144106553
2015-08-11,75.28,75.96,74.62,74.91,126643622
2015-08-12,75.92,75.98,74.7,75.82,161485388
2015-08-13,76.61,76.77,76.33,76.72,85467539
2015-08-14,75.81,76.52,75.63,76.25,124692734
2015-08-15,76.15,76.47,75.4,75.94,105964859
2015-08-16,75.68,75.77,75.48,75.54,75409683
2015-08-17,76.36,76.41,76.23,76.26,153910952
2015-08-18,76.24,76.89,75.6,76.83,59313839
2015-08-19,75.71,75.88,74.98,75.67,105900307
2015-08-20,74.57,74.7,74.04,74.45,159012599
2015-08-21,75.21,76.04,74.0,74.9,66938053
2015-08-22,74.27,74.67,74.26,74.47,68996495
2015-08-23,73.13,73.67,73.05,73.63,107587145
2015-08-24,75.11,76.04,73.84,74.38,57515101
2015-08-25,73.11,74.89,72.8,74.88,118228536
2015-08-26,76.42,76.53,74.79,75.65,138143375
2015-08-27,74.67,75.27,74.23,75.2,126625494
2015-08-28,75.88,75.92,75.23,75.68,57607126
2015-08-29,75.09,75.23,75.0,75.19,111281604
2015-08-30,75.32,75.34,75.18,75.28,95765427
2015-08-31,73.6,74.08,73.27,74.01,146434307
2015-09-01,75.23,75.67,75.16,75.23,170994533
2015-09-02,74.82,76.22,74.1,74.73,134334122
2015-09-03,75.7,75.89,74.75,74.95,92701963
2015-09-04,74.8,75.15,74.46,75.14,93276956
2015-09-05,75.39,75.69,74.52,75.64,120101011
2015-09-06,75.46,75.52,74.97,74.99,65395198
2015-09-07,75.85,76.33,75.08,75.64,76599547
2015-09-08,74.99,75.23,74.38,75.03,73438360
2015-09-09,75.57,75.87,74.8,75.03,101293567
2015-09-10,73.98,75.54,73.92,74.63,103766484
2015-09-11,73.96,74.35,73.75,73.85,71827335
2015-09-12,73.47,73.58,73.31,73.49,58553122
2015-09-13,73.78,74.47,73.72,73.98,63956492
2015-09-14,74.29,75.37,73.97,74.06,147715094
2015-09-15,75.39,75.49,73.59,74.29,144254164
2015-09-16,73.96,74.76,73.65,74.08,53162335
2015-09-17,73.76,74.31,73.54,74.08,146290919
2015-09-18,73.98,74.26,73.89,73.94,79658241
2015-09-19,73.56,73.76,73.23,73.59,129645107
2015-09-20,73.71,74.15,73.4,73.69,65300382
2015-09-21,74.55,74.62,74.3,74.5,165648175
2015-09-22,75.98,76.03,75.98,75.98,133204343
2015-09-23,75.73,76.31,75.14,76.0,69442590
2015-09-24,77.26,77.58,75.83,76.96,146627568
2015-09-25,77.83,78.04,77.78,78.0,136418623
2015-09-26,76.83,78.64,76.01,77.51,102081012
2015-09-27,77.84,78.61,77.34,77.91,60396777
2015-09-28,78.76,78.87,78.37,78.38,66096498
2015-09-29,78.03,78.41,77.44,78.06,150824905
2015-09-30,77.78,77.94,77.56,77.73,152420618
2015-10-01,77.43,78.83,76.8,77.76,116539845
2015-10-02,77.07,77.58,77.02,77.54,126782761
2015-10-03,79.13,79.25,77.64,77.66,93490456
2015-10-04,76.77,76.98,76.43,76.58,58116475
2015-10-05,77.29,77.44,76.95,77.33,81706279
2015-10-06,76.47,77.28,75.84,77.02,138624489
2015-10-07,77.41,77.52,77.27,77.48,58587628
2015-10-08,78.08,78.39,76.51,77.65,97851391
2015-10-09,76.44,78.17,76.06,77.67,143060325
2015-10-10,76.84,76.88,76.75,76.75,132679452
2015-10-11,77.7,77.82,77.68,77.76,67175191
2015-10-12,78.48,78.81,77.59,78.38,96404852
2015-10-13,77.28,78.37,77.21,78.33,52702758
2015-10-14,79.31,79.36,78.94,79.13,149077630
2015-10-15,79.26,80.14,78.29,78.54,115627620
2015-10-16,78.3,78.89,78.08,78.13,87468362
2015-10-17,78.66,78.97,78.57,78.81,151155743
2015-10-18,78.94,80.21,78.91,79.68,108367780
2015-10-19,78.91,79.05,78.77,78.97,153225143
2015-10-20,77.91,78.43,77.68,78.36,141527364
2015-10-21,80.23,80.63,79.08,79.44,77307736
2015-10-22,78.56,78.63,78.42,78.48,137095032
2015-10-23,78.4,78.83,77.81,78.24,148908593
2015-10-24,78.46,78.67,78.15,78.22,133387573
2015-10-25,78.84,79.34,78.15,78.68,77621108
2015-10-26,78.87,79.73,78.28,79.25,82158691
2015-10-27,79.93,81.07,79.75,79.94,158548708
2015-10-28,78.93,79.07,78.47,78.56,125986489
2015-10-29,78.08,79.79,77.93,78.84,143449035
2015-10-30,78.99,79.05,78.06,78.93,57094528
2015-10-31,78.92,79.53,78.9,79.26,92431270
2015-11-01,78.6,79.22,77.75,78.76,55180292
2015-11-02,77.69,78.37,76.4,77.31,167926414
2015-11-03,76.86,77.7,76.55,77.44,122936123
2015-11-04,78.35,78.36,77.6,78.09,158864978
2015-11-05,78.23,78.5,78.06,78.43,147519600
2015-11-06,79.21,79.53,78.4,78.6,54843358
2015-11-07,78.47,78.99,78.36,78.51,85464078
2015-11-08,77.88,78.17,77.02,77.64,95479875
2015-11-09,77.68,78.44,77.6,77.88,120155457
2015-11-10,77.06,77.32,76.95,77.2,123390089
2015-11-11,76.66,76.96,76.53,76.58,82457944
2015-11-12,75.87,76.42,75.28,75.98,137957364
2015-11-13,75.74,76.4,75.36,75.91,97031877
2015-11-14,75.43,77.01,74.47,76.63,56124126
2015-11-15,77.93,78.26,76.79,77.35,155531578
2015-11-16,77.63,78.13,77.22,77.27,94943543
2015-11-17,77.21,77.43,76.33,76.68,113768895
2015-11-18,76.34,76.42,76.18,76.21,83302315
2015-11-19,76.6,76.7,76.41,76.48,87405229
2015-11-20,76.26,76.38,75.82,75.85,93614284
2015-11-21,75.27,75.37,74.97,75.23,63186921
2015-11-22,75.08,75.37,75.07,75.1,128042361
2015-11-23,74.11,74.24,73.86,74.05,162698101
2015-11-24,74.14,74.49,73.79,74.35,90605881
2015-11-25,74.81,75.14,73.09,74.55,139690901
2015-11-26,74.13,74.75,73.38,74.03,67708490
2015-11-27,74.95,75.14,74.32,74.76,110897592
2015-11-28,73.63,74.96,72.33,73.47,139806264
2015-11-29,71.72,73.28,71.61,72.96,142402270
2015-11-30,73.02,73.49,72.88,73.28,140026752
2015-12-01,73.27,74.22,72.7,73.34,121862158
2015-12-02,73.68,73.82,73.1,73.71,124822464
2015-12-03,72.79,73.23,72.02,73.11,68886819
2015-12-04,73.55,73.85,73.16,73.79,101515204
2015-12-05,73.69,73.84,73.6,73.71,76977186
2015-12-06,73.33,74.04,72.86,73.95,125986637
2015-12-07,73.43,73.58,73.04,73.28,86041338
2015-12-08,72.73,73.55,72.43,72.91,59302100
2015-12-09,73.31,73.35,72.89,72.99,149023618
2015-12-10,72.67,73.45,71.16,73.17,76552103
2015-12-11,72.49,74.49,72.38,73.13,129207992
2015-12-12,72.07,73.08,71.49,72.96,134308395
2015-12-13,72.4,72.42,72.09,72.3,96860844
2015-12-14,72.38,72.62,71.93,71.98,151388908
2015-12-15,73.01,73.6,72.82,72.84,115927608
2015-12-16,72.73,72.98,72.41,72.77,96325722
2015-12-17,73.24,73.4,73.01,73.36,81277154
2015-12-18,71.86,73.01,70.98,72.23,111609175
2015-12-19,73.15,73.85,72.52,73.11,100213586
2015-12-20,72.56,72.9,72.0,72.25,101095171
2015-12-21,72.61,72.74,71.79,72.37,123879722
2015-12-22,71.74,72.27,71.73,72.09,90362088
2015-12-23,71.69,72.51,71.6,71.8,111381491
2015-12-24,73.0,73.14,71.47,72.27,84636440
2015-12-25,72.66,72.94,72.53,72.86,129892054
2015-12-26,73.1,73.17,72.15,72.61,102865357
2015-12-27,72.86,73.45,72.27,72.85,128683845
2015-12-28,71.28,72.17,71.12,72.09,73816716
2015-12-29,72.57,73.27,72.26,73.02,151743847
2015-12-30,73.19,73.4,72.82,73.08,55322046
2015-12-31,73.19,73.43,73.05,73.18,147349109
2016-01-01,72.98,74.04,72.37,73.34,52474703
2016-01-02,74.6,75.93,73.76,74.49,156122596
2016-01-03,73.39,74.77,73.21,73.8,162288802
2016-01-04,74.21,74.27,73.45,73.64,109542070
2016-01-05,73.49,74.05,73.06,73.61,126628287
2016-01-06,74.33,74.44,74.09,74.23,122059303
2016-01-07,72.96,73.63,72.37,73.46,56271805
2016-01-08,73.57,74.15,73.29,73.42,82994889
2016-01-09,73.62,74.25,73.11,73.93,111022417
2016-01-10,74.9,75.51,74.55,74.93,145774667
2016-01-11,75.6,75.9,74.92,75.19,93739204
2016-01-12,75.56,75.72,74.96,75.57,148944909
2016-01-13,74.57,75.29,74.51,74.96,139290991
2016-01-14,75.46,76.18,75.14,75.83,112092325
2016-01-15,75.22,75.25,75.12,75.14,79759312
2016-01-16,75.09,75.12,74.01,74.76,89744427
2016-01-17,75.17,75.57,75.08,75.42,97807537
2016-01-18,74.08,75.51,73.7,75.13,135360586
2016-01-19,75.34,75.79,74.76,75.09,112695921
2016-01-20,76.72,77.25,75.05,76.14,109150095
2016-01-21,74.81,75.32,74.72,75.3,98953644
2016-01-22,73.61,74.04,72.89,73.59,137878341
2016-01-23,72.6,73.36,72.15,73.2,95853376
2016-01-24,71.9,72.38,71.81,72.21,141073955
2016-01-25,72.05,72.47,71.15,71.61,76022126
2016-01-26,71.43,71.79,70.67,71.75,77981728
2016-01-27,71.46,71.89,71.01,71.8,97916898
2016-01-28,72.46,72.98,72.04,72.73,134257332
2016-01-29,73.38,73.88,72.58,72.92,104874546
2016-01-30,74.64,74.81,73.07,73.74,88237378
2016-01-31,73.48,74.42,72.5,72.99,119666246
2016-02-01,73.05,73.36,72.12,72.96,72567615
2016-02-02,72.93,73.39,71.44,72.69,65961647
2016-02-03,71.81,73.34,70.86,72.33,79304638
2016-02-04,71.57,72.24,71.51,71.89,127345180
2016-02-05,72.84,72.87,72.42,72.72,132512422
2016-02-06,72.48,73.08,72.08,72.57,142842174
2016-02-07,72.41,72.66,72.37,72.51,81878899
2016-02-08,73.41,73.52,72.05,72.69,66342311
2016-02-09,73.69,74.09,73.31,73.37,97878268
2016-02-10,74.02,74.38,73.63,74.02,75572318
2016-02-11,72.94,73.7,72.5,73.64,106541316
2016-02-12,73.35,74.07,73.17,73.7,108606002
2016-02-13,74.43,75.07,72.83,74.03,108791675
2016-02-14,75.78,76.97,74.08,74.75,127657572
2016-02-15,74.33,74.49,74.22,74.37,104231418
2016-02-16,74.0,74.47,73.74,74.2,61044494
2016-02-17,73.42,74.66,73.31,73.82,121812330
2016-02-18,74.38,74.74,74.24,74.32,158932401
2016-02-19,75.43,76.13,75.35,75.44,170346297
2016-02-20,74.89,75.08,74.25,74.75,152084233
2016-02-21,74.17,74.43,73.0,74.0,112495323
2016-02-22,72.97,73.0,72.72,72.75,166420785
2016-02-23,72.62,72.86,72.32,72.53,116025198
2016-02-24,73.18,73.21,72.31,73.07,71443573
2016-02-25,72.76,72.98,72.58,72.85,142305808
2016-02-26,72.1,72.97,72.0,72.41,78389149
2016-02-27,71.58,73.05,71.53,72.42,138993111
2016-02-28,71.68,72.69,71.47,72.41,123206845
2016-02-29,73.49,73.61,72.79,73.02,84895585
2016-03-01,72.7,72.88,71.77,72.62,127278445
2016-03-02,72.58,72.92,72.57,72.67,114157450
2016-03-03,71.79,72.66,71.61,72.04,158863251
2016-03-04,71.95,72.18,71.67,71.93,140554167
2016-03-05,73.24,73.38,72.57,72.85,93964078
2016-03-06,72.02,72.85,72.0,72.82,121936025
2016-03-07,74.69,75.22,73.79,73.82,117902548
2016-03-08,74.67,74.98,74.57,74.88,116008529
2016-03-09,74.37,74.47,74.17,74.2,155434661
2016-03-10,74.52,75.62,73.93,74.31,122571387
2016-03-11,72.88,73.77,72.52,72.86,74526272
2016-03-12,72.96,73.16,72.87,73.08,125069945
2016-03-13,72.13,72.84,71.58,72.57,65971583
2016-03-14,71.52,72.31,71.09,72.02,115522859
2016-03-15,72.4,72.51,71.78,72.04,89367540
2016-03-16,72.67,73.82,72.37,72.95,139766108
2016-03-17,73.57,74.09,73.36,73.55,55750772
2016-03-18,72.91,73.35,72.46,73.06,112039508
2016-03-19,72.56,73.25,72.29,72.56,96980444
2016-03-20,71.14,72.96,71.11,72.32,70731356
2016-03-21,73.41,74.6,72.75,73.88,160618068
2016-03-22,74.4,74.58,74.1,74.23,63847804
2016-03-23,73.98,74.13,73.9,73.98,123487885
2016-03-24,74.0,74.08,74.0,74.05,129531570
2016-03-25,73.67,74.67,73.55,74.13,64496084
2016-03-26,74.51,74.52,73.85,74.21,145234070
2016-03-27,75.29,75.42,74.89,75.02,62085672
2016-03-28,75.4,75.48,74.73,75.24,104936068
2016-03-29,74.32,74.59,73.91,74.52,84960496
2016-03-30,75.09,75.16,74.71,75.05,146436095
2016-03-31,76.03,76.47,74.98,75.58,121691158
2016-04-01,74.41,75.9,74.1,75.67,60973809
2016-04-02,76.5,76.75,76.05,76.49,89778186
2016-04-03,77.62,77.62,77.5,77.57,67167232
2016-04-04,77.7,77.72,77.35,77.37,130248722
2016-04-05,77.8,77.97,77.12,77.41,108729184
2016-04-06,78.87,79.03,77.85,77.97,147733298
2016-04-07,77.7,78.73,77.64,77.86,109796379
2016-04-08,77.64,79.13,77.61,78.64,148827305
2016-04-09,78.9,79.51,78.71,79.11,75966738
2016-04-10,79.62,80.04,79.27,79.85,156433819
2016-04-11,80.16,80.17,80.1,80.14,77469979
2016-04-12,80.06,80.85,79.69,80.45,106957351
2016-04-13,80.76,83.6,80.16,81.05,139810273
2016-04-14,81.1,81.37,80.8,81.14,70596196
2016-04-15,80.25,80.99,79.94,80.72,63516375
2016-04-16,79.95,80.23,79.45,80.19,111988694
2016-04-17,79.93,80.08,79.15,79.92,96382262
2016-04-18,79.85,80.26,79.64,80.04,69652981
2016-04-19,80.58,80.62,80.21,80.36,53631516
2016-04-20,80.2,80.6,79.99,80.17,63347122
2016-04-21,80.15,81.14,80.12,80.79,127075372
2016-04-22,79.76,79.77,79.65,79.66,143445859
2016-04-23,79.01,80.02,78.81,79.42,57976762
2016-04-24,79.44,79.87,79.07,79.48,61603015
2016-04-25,80.05,80.05,79.59,80.04,100370968
2016-04-26,80.78,80.79,80.56,80.67,157847367
2016-04-27,80.08,80.33,79.42,80.08,143109829
2016-04-28,78.67,80.1,78.65,79.5,136815218
2016-04-29,79.26,79.47,78.9,79.42,54207116
2016-04-30,78.78,79.77,78.15,78.78,124033815
2016-05-01,77.68,78.3,77.2,78.1,148905572
2016-05-02,77.85,78.06,77.51,77.89,111791061
2016-05-03,78.42,78.98,77.95,78.66,140974470
2016-05-04,79.53,79.97,78.15,78.81,110529957
2016-05-05,77.99,79.35,77.54,78.6,84215016
2016-05-06,78.21,78.81,77.66,78.62,143627299
2016-05-07,78.35,78.93,78.13,78.79,144007710
2016-05-08,79.29,79.51,78.27,78.85,141858623
2016-05-09,78.58,79.07,77.05,77.98,135753668
2016-05-10,77.67,77.69,76.36,77.0,67541640
2016-05-11,77.13,77.4,76.86,77.17,116701368
2016-05-12,77.04,77.17,76.78,76.91,69281792
2016-05-13,76.68,76.89,76.17,76.4,157433893
2016-05-14,75.13,76.1,74.92,75.91,105698976
2016-05-15,75.77,75.78,75.41,75.66,87390864
2016-05-16,77.14,78.09,77.0,77.06,89795791
2016-05-17,76.98,77.03,76.67,76.98,149721105
2016-05-18,76.47,76.83,76.18,76.33,54691017
2016-05-19,74.83,75.33,72.78,74.64,90494053
2016-05-20,74.98,75.67,74.85,75.49,86384984
2016-05-21,75.65,75.67,75.55,75.63,134045777
2016-05-22,75.77,75.79,75.35,75.7,87254712
2016-05-23,75.02,75.11,74.74,75.05,60453451
2016-05-24,74.56,74.58,74.18,74.46,105035526
2016-05-25,74.59,75.58,74.3,74.65,129282713
2016-05-26,75.18,75.53,74.52,74.93,150099944
2016-05-27,74.6,74.74,74.27,74.64,151031979
2016-05-28,75.02,75.38,74.84,75.22,59012800
2016-05-29,76.19,76.22,76.05,76.05,66225690
2016-05-30,75.61,75.66,74.87,75.55,135452554
2016-05-31,74.53,75.13,74.47,74.66,132079521
2016-06-01,74.45,74.63,74.45,74.53,81853945
2016-06-02,75.26,75.6,75.08,75.11,121690101
2016-06-03,75.64,75.71,75.01,75.47,126811332
2016-06-04,75.67,75.77,75.12,75.51,53168940
2016-06-05,75.85,76.13,74.5,75.21,63422266
2016-06-06,73.58,74.18,73.26,73.86,130703547
2016-06-07,73.29,73.73,73.22,73.43,106718278
2016-06-08,73.75,73.85,73.59,73.6,71406553
2016-06-09,73.63,74.27,73.28,73.36,134870438
2016-06-10,73.03,73.07,72.54,72.86,70233180
2016-06-11,72.28,72.84,72.0,72.62,105710160
2016-06-12,72.58,72.59,72.19,72.49,104295398
2016-06-13,72.48,72.65,72.38,72.51,121567090
2016-06-14,73.46,74.4,72.83,73.14,137484601
2016-06-15,73.25,73.64,72.64,73.4,62524499
2016-06-16,73.66,73.78,73.07,73.48,127000363
2016-06-17,74.62,74.64,73.9,73.96,97034382
2016-06-18,72.57,74.03,72.39,73.26,159296486
2016-06-19,73.86,74.39,72.78,73.02,138735457
2016-06-20,73.51,73.94,71.96,73.22,106512435
2016-06-21,72.68,72.81,72.36,72.46,95496908
2016-06-22,71.75,71.78,71.7,71.78,120715561
2016-06-23,72.6,72.81,72.34,72.68,137959722
2016-06-24,72.2,72.73,72.17,72.38,67252152
2016-06-25,72.73,72.82,72.5,72.78,129733890
2016-06-26,72.27,74.56,72.05,73.21,125072212
2016-06-27,71.85,72.54,71.69,72.5,161192821
2016-06-28,73.29,73.56,72.68,72.9,140268872
2016-06-29,73.52,74.02,72.89,73.42,63729764
2016-06-30,73.95,74.42,73.94,73.98,74658163
2016-07-01,73.84,73.93,73.56,73.69,75310384
2016-07-02,73.27,73.67,72.93,73.33,81786931
2016-07-03,74.24,74.78,72.8,73.57,66391722
2016-07-04,73.63,73.74,73.38,73.68,69870579
2016-07-05,73.03,73.49,72.1,73.32,77311526
2016-07-06,72.33,72.36,71.93,72.07,160538468
2016-07-07,70.98,71.33,70.86,70.95,132726765
2016-07-08,69.39,70.73,69.07,70.61,115889379
2016-07-09,69.76,70.21,69.07,69.5,89470034
2016-07-10,70.93,71.62,69.51,70.19,85359894
2016-07-11,69.87,70.19,69.27,69.99,106890907
2016-07-12,70.22,71.07,70.19,70.65,98648363
2016-07-13,70.22,70.57,70.17,70.44,54769824
2016-07-14,70.24,70.93,70.16,70.73,81069611
2016-07-15,71.05,71.94,70.37,71.09,108437298
2016-07-16,72.93,73.19,70.82,71.37,86035694
2016-07-17,71.0,71.25,70.82,71.06,89205296
2016-07-18,71.94,72.0,71.47,71.7,147052294
2016-07-19,72.39,72.43,71.75,72.0,129129209
2016-07-20,71.61,72.17,70.97,71.71,113849550
2016-07-21,73.15,73.75,73.08,73.54,182880234
2016-07-22,73.44,73.75,72.43,73.3,53004167
2016-07-23,73.77,74.15,73.68,74.09,153520778
2016-07-24,73.95,74.52,73.93,73.95,55390252
2016-07-25,74.35,74.8,74.21,74.7,126126129
2016-07-26,75.96,76.97,75.92,76.19,117649441
2016-07-27,75.95,76.59,75.93,76.17,121411666
2016-07-28,75.74,76.71,75.62,76.35,69412464
2016-07-29,76.92,77.56,76.86,77.13,114022388
2016-07-30,78.57,78.68,78.28,78.29,75977919
2016-07-31,76.31,78.63,76.21,78.08,72061402
2016-08-01,77.44,78.53,76.97,77.39,89343956
2016-08-02,77.91,78.04,77.6,77.96,116529428
2016-08-03,77.48,78.8,77.31,77.82,138528224
2016-08-04,78.26,79.02,77.71,78.09,73202423
2016-08-05,77.24,80.57,77.19,78.8,66263872
2016-08-06,78.3,78.55,78.11,78.19,131494888
2016-08-07,78.21,78.61,77.01,77.4,90108290
2016-08-08,78.17,78.51,77.68,78.24,85337390
2016-08-09,78.22,78.91,77.89,78.44,136911746
2016-08-10,78.1,78.81,77.42,78.53,117010591
2016-08-11,78.01,78.16,77.81,77.88,90300375
2016-08-12,78.53,78.53,78.48,78.51,121725655
2016-08-13,77.52,78.55,76.51,77.92,139749014
2016-08-14,77.69,78.15,77.5,77.84,117881904
2016-08-15,76.74,77.87,76.3,77.24,111522788
2016-08-16,77.88,78.82,77.61,78.41,64228023
2016-08-17,77.86,78.76,77.52,78.17,102899634
2016-08-18,78.31,78.46,77.33,78.16,138468312
2016-08-19,78.24,78.44,77.66,77.74,121468840
2016-08-20,77.76,78.21,77.63,78.14,131904492
2016-08-21,78.41,78.54,78.09,78.24,131433692
2016-08-22,78.08,78.11,77.93,77.95,132864116
2016-08-23,76.97,77.07,76.49,76.95,134039230
2016-08-24,78.09,78.21,76.89,77.73,63806013
2016-08-25,78.8,79.04,78.53,79.0,121013072
2016-08-26,81.04,81.69,80.66,80.67,108194084
2016-08-27,80.99,81.03,80.33,80.47,72290648
2016-08-28,78.86,80.11,78.48,79.51,138320674
2016-08-29,80.78,81.21,77.73,79.55,73489552
2016-08-30,80.41,80.47,79.93,80.05,134208963
2016-08-31,81.33,81.8,80.6,81.1,160043220
2016-09-01,81.31,81.53,81.06,81.39,148297548
2016-09-02,80.96,81.28,80.74,80.87,115947923
2016-09-03,81.64,82.29,81.52,81.69,149962875
2016-09-04,82.32,82.84,81.01,82.61,140191072
2016-09-05,82.22,82.24,81.04,82.21,74220578
2016-09-06,82.06,82.08,81.49,81.94,139349004
2016-09-07,80.22,81.34,80.1,80.94,131325357
2016-09-08,80.02,81.3,79.83,80.65,99571730
2016-09-09,80.08,80.39,79.65,79.9,67606813
2016-09-10,80.41,81.34,79.93,79.95,143013857
2016-09-11,80.65,81.39,80.22,81.15,89071071
2016-09-12,81.54,82.31,81.0,81.01,115284982
2016-09-13,80.28,80.68,80.24,80.66,67108288
2016-09-14,82.11,83.0,80.67,81.07,97420937
2016-09-15,81.9,82.73,81.24,81.51,138672412
2016-09-16,81.87,82.09,81.41,81.98,146055852
2016-09-17,81.97,82.03,81.78,82.02,88188123
2016-09-18,81.45,81.82,79.27,81.45,127082102
2016-09-19,82.1,82.66,81.3,81.83,61449615
2016-09-20,82.3,82.33,81.18,81.61,75055114
2016-09-21,82.22,82.35,81.53,82.1,136073006
2016-09-22,81.57,81.6,80.31,80.31,82584484
2016-09-23,79.76,79.86,79.54,79.74,112188964
2016-09-24,79.55,79.92,79.34,79.58,91160469
2016-09-25,80.25,80.56,79.74,80.34,74585083
2016-09-26,79.29,79.36,79.03,79.11,133470385
2016-09-27,78.9,79.05,78.34,78.44,102620586
2016-09-28,79.61,79.64,78.51,79.33,112033832
2016-09-29,80.26,80.42,79.4,79.83,147695313
2016-09-30,79.17,80.4,78.7,79.59,122049827
2016-10-01,79.08,80.11,79.01,79.38,55053878
2016-10-02,79.53,79.57,79.45,79.45,55911220
2016-10-03,78.84,78.84,78.61,78.64,125002146
2016-10-04,78.51,78.54,78.38,78.46,131876411
2016-10-05,78.81,79.5,78.53,78.82,151476532
2016-10-06,78.32,79.03,78.13,78.98,152008849
2016-10-07,78.93,79.3,78.38,78.8,80592705
2016-10-08,77.16,78.42,76.78,78.1,135903227
2016-10-09,78.97,79.29,78.53,79.0,77603353
2016-10-10,78.79,78.98,77.99,78.61,79831802
2016-10-11,78.59,78.64,78.45,78.58,104858940
2016-10-12,79.36,80.07,78.33,78.98,97159609
2016-10-13,80.66,80.86,79.44,79.5,84426379
2016-10-14,78.95,78.97,78.0,78.79,68468986
2016-10-15,78.11,78.56,77.98,78.5,52284192
2016-10-16,77.61,77.8,76.87,77.76,121330521
2016-10-17,77.79,77.94,76.85,77.58,55073018
2016-10-18,77.79,78.86,77.41,77.84,106240364
2016-10-19,76.87,77.92,76.83,77.23,56875227
2016-10-20,78.02,78.73,77.94,78.03,70490964
2016-10-21,77.56,77.73,77.31,77.65,150623499
2016-10-22,78.19,78.22,77.63,78.1,76048060
2016-10-23,77.23,77.99,77.13,77.67,109406732
2016-10-24,78.06,78.61,76.42,77.29,76723106
2016-10-25,77.29,77.67,77.25,77.4,139549223
2016-10-26,77.59,77.6,77.39,77.54,126954857
2016-10-27,77.64,78.59,77.31,77.91,53241563
2016-10-28,77.36,77.78,77.15,77.67,113821458
2016-10-29,79.3,79.41,77.93,78.69,80173778
2016-10-30,77.09,77.99,76.18,77.74,142502369
2016-10-31,76.83,77.3,76.76,77.24,61884221
2016-11-01,76.65,77.12,76.08,76.91,91943264
2016-11-02,76.99,77.49,76.77,77.23,84421464
2016-11-03,77.99,78.04,77.9,77.91,143575444
2016-11-04,78.16,79.09,77.64,78.95,132780721
2016-11-05,78.36,79.76,77.92,79.14,110791587
2016-11-06,80.4,80.74,79.27,79.54,104405978
2016-11-07,80.29,80.8,80.27,80.38,125389134
2016-11-08,81.12,81.25,79.67,79.91,74814990
2016-11-09,80.2,81.36,80.05,80.29,56620376
2016-11-10,79.86,79.98,77.6,79.21,157305313
2016-11-11,80.04,80.13,79.52,79.78,55835736
2016-11-12,80.39,80.77,79.86,80.44,128368815
2016-11-13,81.33,81.34,81.02,81.07,159401048
2016-11-14,79.89,79.93,79.42,79.79,65997057
2016-11-15,79.11,80.22,79.1,80.15,142461448
2016-11-16,80.13,80.72,79.4,80.38,109047407
2016-11-17,80.72,81.44,80.19,80.92,54104842
2016-11-18,81.43,81.73,80.93,81.17,77017551
2016-11-19,80.92,81.33,80.6,81.0,86737959
2016-11-20,81.27,81.86,80.97,81.02,142951913
2016-11-21,79.66,80.51,78.97,80.41,57030659
2016-11-22,81.09,81.16,80.24,80.86,65656834
2016-11-23,80.98,81.16,80.3,80.68,122420614
2016-11-24,79.83,81.16,79.19,79.43,152847544
2016-11-25,79.39,79.49,78.76,78.81,56674103
2016-11-26,77.85,77.87,77.41,77.62,161988250
2016-11-27,78.48,78.55,76.6,77.23,101552387
2016-11-28,77.3,77.71,76.93,77.62,99733811
2016-11-29,78.68,78.98,78.4,78.7,158440942
2016-11-30,79.02,79.22,78.24,78.75,114790672
2016-12-01,77.76,78.28,77.5,77.91,86974992
2016-12-02,78.83,79.03,78.69,78.83,152413866
2016-12-03,79.19,79.52,78.59,79.07,52826951
2016-12-04,79.09,79.8,78.97,79.51,87557718
2016-12-05,80.37,80.74,79.47,79.99,68178572
2016-12-06,80.92,81.97,80.61,81.43,61623079
2016-12-07,81.73,82.34,81.45,81.94,87855789
2016-12-08,81.85,82.36,81.5,82.33,54187110
2016-12-09,81.43,82.08,81.21,81.84,97641316
2016-12-10,82.84,83.16,82.66,82.82,63019929
2016-12-11,82.01,82.89,81.99,82.54,58539592
2016-12-12,82.46,82.73,82.13,82.44,134143246
2016-12-13,82.27,82.27,82.18,82.25,103740538
2016-12-14,82.35,83.78,81.32,82.95,64470626
2016-12-15,83.29,83.44,82.76,83.25,135051585
2016-12-16,83.26,83.51,82.83,83.12,110073173
2016-12-17,82.62,82.84,81.75,82.56,137581142
2016-12-18,83.07,83.22,82.01,82.23,53152362
2016-12-19,82.29,82.43,81.92,82.24,63279079
2016-12-20,84.56,84.91,83.12,83.5,69781328
2016-12-21,82.28,82.77,81.52,82.2,125877835
2016-12-22,82.16,82.4,81.99,82.03,125873016
2016-12-23,82.11,82.94,81.92,82.69,86564115
2016-12-24,83.51,83.9,82.94,83.73,116331433
2016-12-25,83.37,84.53,82.77,83.38,69981664
2016-12-26,83.7,85.23,82.67,83.64,138691016
2016-12-27,82.69,82.73,82.55,82.66,160907676
2016-12-28,81.85,81.91,81.7,81.85,140533319
2016-12-29,81.56,81.77,81.34,81.46,117069757
2016-12-30,81.65,81.88,80.83,81.23,137696731
2016-12-31,80.9,82.0,80.27,81.23,134525438
2017-01-01,81.39,81.88,80.52,80.71,112275844
2017-01-02,80.38,81.93,80.28,80.83,107909429
2017-01-03,81.02,81.32,80.77,81.3,131079394
2017-01-04,81.0,81.88,80.82,80.96,108839236
2017-01-05,80.36,80.92,80.06,80.77,77077948
2017-01-06,81.59,81.69,81.28,81.61,122403244
2017-01-07,81.94,82.1,80.46,81.19,93198839
2017-01-08,81.42,81.69,80.88,81.16,104472613
2017-01-09,82.1,82.7,81.65,82.33,137795558
2017-01-10,84.57,84.88,83.98,83.98,108142734
2017-01-11,84.03,84.38,84.02,84.09,132883351
2017-01-12,82.66,82.88,82.33,82.71,149481160
2017-01-13,83.4,84.09,83.36,83.56,112488849
2017-01-14,82.92,83.32,82.83,83.1,125804239
2017-01-15,84.58,84.88,83.65,84.08,114276004
2017-01-16,85.79,85.92,84.7,85.1,156182702
2017-01-17,84.99,85.13,84.1,84.58,137649065
2017-01-18,84.4,85.08,84.22,84.47,70420371
2017-01-19,84.46,84.57,84.16,84.19,120370664
2017-01-20,85.68,86.61,85.12,85.6,67113347
2017-01-21,86.11,86.99,85.12,85.56,98425620
2017-01-22,84.86,85.44,84.53,85.12,148889307
2017-01-23,86.53,86.54,85.16,85.7,102028773
2017-01-24,86.12,86.15,85.54,85.74,101654537
2017-01-25,85.99,86.56,85.49,86.04,123730788
2017-01-26,87.07,87.13,86.71,86.8,58884030
2017-01-27,87.33,88.32,86.52,87.06,74030700
2017-01-28,87.54,87.65,86.14,87.6,88116681
2017-01-29,89.61,90.06,87.22,89.08,73627818
2017-01-30,89.03,89.43,88.96,89.39,56491378
2017-01-31,87.8,89.7,86.99,88.04,107240910
2017-02-01,87.95,87.98,87.41,87.89,84812866
2017-02-02,88.25,88.92,87.98,88.31,128155311
2017-02-03,89.27,89.36,87.76,88.85,139666183
2017-02-04,89.25,90.98,88.55,89.47,68637263
2017-02-05,90.23,90.35,90.16,90.18,59434505
2017-02-06,89.9,90.01,89.71,89.89,116899106
2017-02-07,89.25,89.84,87.86,89.5,127129341
2017-02-08,89.94,90.23,89.13,90.08,67536896
2017-02-09,90.58,90.68,89.98,90.07,119008401
2017-02-10,90.17,92.77,89.98,90.89,158573531
2017-02-11,91.68,91.98,91.64,91.94,85259912
2017-02-12,92.4,92.59,91.95,92.16,101394711
2017-02-13,92.36,92.78,92.01,92.17,81394563
2017-02-14,91.99,92.53,91.69,92.23,108241032
2017-02-15,93.64,93.95,92.89,93.8,63056503
2017-02-16,93.21,93.91,93.07,93.76,85847318
2017-02-17,93.08,95.11,92.89,93.43,123406153
2017-02-18,93.88,94.38,93.88,93.9,81231051
2017-02-19,94.77,95.32,92.97,95.11,119960798
2017-02-20,94.56,96.36,94.39,95.0,57355963
2017-02-21,94.4,94.6,94.35,94.36,83918159
2017-02-22,94.1,94.21,93.29,94.13,90263472
2017-02-23,93.72,94.9,93.22,94.77,134275478
2017-02-24,92.13,92.96,92.13,92.85,178841096
2017-02-25,92.43,92.47,91.89,92.21,71243881
2017-02-26,92.6,92.89,90.47,92.21,77666535
2017-02-27,93.01,93.61,92.85,93.28,118496044
2017-02-28,93.6,94.09,93.33,93.68,86439717
2017-03-01,92.91,95.11,92.17,94.72,145865497
2017-03-02,94.35,95.06,94.32,94.71,134267777
2017-03-03,94.89,95.29,94.54,94.67,147945806
2017-03-04,94.65,94.82,94.24,94.38,70520299
2017-03-05,95.65,95.68,94.3,94.92,56022562
2017-03-06,93.23,95.37,93.12,94.96,61315373
2017-03-07,94.75,95.41,94.11,95.16,129534439
2017-03-08,94.75,95.03,93.8,94.97,58163051
2017-03-09,94.05,95.54,93.81,94.25,57797356
2017-03-10,94.59,95.4,93.81,94.45,148944783
2017-03-11,93.71,93.99,93.59,93.95,141059609
2017-03-12,94.27,94.57,93.52,94.01,58602999
2017-03-13,94.33,94.71,93.01,93.8,126651866
2017-03-14,93.1,93.6,92.91,93.52,68087948
2017-03-15,93.81,94.04,93.06,93.09,58019133
2017-03-16,92.06,93.28,91.13,92.48,111748193
2017-03-17,92.24,92.82,92.19,92.79,129492980
2017-03-18,92.41,92.58,92.11,92.58,51614493
2017-03-19,92.29,92.39,91.77,92.15,60528774
2017-03-20,93.35,93.38,92.98,93.17,143902651
2017-03-21,92.16,92.34,92.12,92.15,161115398
2017-03-22,91.22,91.26,90.63,91.08,108798529
2017-03-23,91.98,92.26,91.07,91.42,103084061
2017-03-24,91.47,92.17,91.32,92.11,110171220
2017-03-25,91.0,91.55,90.95,91.04,89408296
2017-03-26,91.11,91.21,91.07,91.17,54110382
2017-03-27,91.98,92.18,91.91,92.1,160421076
2017-03-28,93.78,94.03,93.72,93.95,106188855
2017-03-29,94.09,94.25,93.64,93.71,52385856
2017-03-30,93.91,93.91,92.45,93.51,144555370
2017-03-31,94.1,94.36,93.89,94.08,123805178
2017-04-01,94.99,95.25,94.65,94.75,110209096
2017-04-02,95.73,96.0,95.62,95.71,138541970
2017-04-03,96.56,96.67,96.49,96.6,97335594
2017-04-04,97.04,98.22,96.87,97.05,98899321
2017-04-05,96.85,96.89,96.83,96.84,80689505
2017-04-06,97.63,97.86,95.73,97.13,72891185
2017-04-07,96.56,98.24,96.17,97.61,58768508
2017-04-08,97.15,97.19,96.16,96.97,126096140
2017-04-09,94.91,95.24,94.89,95.23,140231681
2017-04-10,96.24,96.36,95.86,95.9,136367605
2017-04-11,96.6,96.97,96.42,96.5,121042252
2017-04-12,96.98,97.07,96.47,96.53,132211060
2017-04-13,97.52,97.57,96.84,96.96,130757897
2017-04-14,94.53,96.2,94.47,95.39,110536853
2017-04-15,95.83,97.38,94.53,95.29,84562016
2017-04-16,96.29,96.4,95.98,96.29,128963882
2017-04-17,96.1,97.27,95.72,95.95,141183217
2017-04-18,96.43,96.43,96.04,96.33,118465416
2017-04-19,95.43,96.16,95.22,96.15,146769489
2017-04-20,96.44,96.83,96.05,96.26,128384592
2017-04-21,96.09,96.62,95.6,96.34,150879398
2017-04-22,94.72,94.88,93.99,94.55,138458222
2017-04-23,93.33,93.58,93.08,93.25,167809361
2017-04-24,93.07,93.71,92.78,93.05,53060962
2017-04-25,94.01,95.13,93.35,94.28,115471064
2017-04-26,92.55,94.46,92.08,93.61,146550281
2017-04-27,93.85,94.19,92.47,93.89,54620518
2017-04-28,93.9,94.57,93.89,94.37,138154841
2017-04-29,93.87,94.34,93.74,94.16,54215587
2017-04-30,93.66,93.93,93.23,93.72,138906019
2017-05-01,95.61,96.06,94.7,94.8,140061108
2017-05-02,93.12,93.69,93.08,93.61,58821335
2017-05-03,93.23,93.48,92.19,93.14,94427067
2017-05-04,92.79,94.15,92.21,93.13,74612114
2017-05-05,93.11,93.14,92.76,92.92,54384051
2017-05-06,92.94,93.58,92.69,92.95,147034534
2017-05-07,91.82,92.52,91.75,91.93,136953507
2017-05-08,91.91,92.52,91.69,91.91,58557028
2017-05-09,89.54,92.23,89.54,91.07,92202899
2017-05-10,89.49,90.08,89.38,89.77,104400910
2017-05-11,87.17,88.66,86.84,88.38,125678776
2017-05-12,87.31,88.22,87.06,87.46,83226245
2017-05-13,85.95,86.49,85.59,85.95,87556022
2017-05-14,86.86,87.04,84.41,85.48,107710015
2017-05-15,87.46,87.62,86.36,86.72,63376072
2017-05-16,83.68,86.52,82.94,85.22,89951784
2017-05-17,84.36,84.9,83.78,84.34,150555803
2017-05-18,83.93,84.3,83.49,84.17,101363475
2017-05-19,83.23,83.43,83.04,83.05,110355252
2017-05-20,83.52,83.59,83.16,83.47,93547847
2017-05-21,83.7,84.28,83.34,83.77,89523329
2017-05-22,84.68,85.13,84.5,84.74,132835904
2017-05-23,85.14,85.38,84.68,85.05,148740418
2017-05-24,85.82,86.25,84.41,84.5,105959560
2017-05-25,84.87,85.37,84.25,84.43,59369405
2017-05-26,83.1,83.3,83.08,83.27,152519252
2017-05-27,82.41,82.94,81.68,82.94,97439828
2017-05-28,83.47,84.31,82.05,83.04,109430053
2017-05-29,82.75,82.77,81.98,82.61,101779252
2017-05-30,83.05,83.13,82.64,82.85,146402206
2017-05-31,81.86,82.68,81.47,82.22,58415189
2017-06-01,83.9,83.9,82.66,83.05,122361776
2017-06-02,81.25,83.36,81.21,82.76,149240481
2017-06-03,82.85,83.91,82.84,83.18,62972479
2017-06-04,84.68,84.75,83.93,84.14,71182418
2017-06-05,84.42,85.2,82.7,83.64,115896602
2017-06-06,82.66,83.9,82.62,82.92,85588217
2017-06-07,82.09,82.11,81.78,81.91,108097656
2017-06-08,82.19,82.86,81.57,81.9,85706019
2017-06-09,82.1,82.32,81.92,82.31,61838829
2017-06-10,84.11,84.14,83.51,83.78,145965896
2017-06-11,82.09,82.44,81.77,82.02,114960176
2017-06-12,81.17,81.42,80.31,81.05,165072137
2017-06-13,81.42,82.06,81.29,81.67,128355078
2017-06-14,81.9,82.13,81.08,81.36,128364598
2017-06-15,82.18,83.11,81.07,81.32,137888063
2017-06-16,80.87,81.76,80.24,80.51,149755768
2017-06-17,80.54,81.18,80.12,80.62,53007007
2017-06-18,79.5,80.1,79.15,79.62,136673593
2017-06-19,79.39,79.41,79.33,79.4,135463024
2017-06-20,81.23,81.89,80.86,81.33,94375531
2017-06-21,81.15,81.32,80.5,80.76,82181646
2017-06-22,80.22,80.75,80.14,80.61,70190497
2017-06-23,79.26,80.13,78.81,79.58,111096666
2017-06-24,79.56,79.57,79.4,79.55,67196090
2017-06-25,79.34,79.73,79.12,79.33,73975543
2017-06-26,80.0,80.36,78.97,79.66,84759713
2017-06-27,79.65,79.72,79.42,79.45,98431246
2017-06-28,80.09,80.22,79.73,80.0,65648681
2017-06-29,78.93,81.08,78.32,79.36,125147029
2017-06-30,79.78,80.02,79.17,79.44,100845044
2017-07-01,79.89,82.8,79.84,80.16,109202217
2017-07-02,80.04,80.15,79.98,80.12,136472072
2017-07-03,79.67,80.52,79.35,79.78,106415920
2017-07-04,79.76,80.2,79.39,80.12,83258575
2017-07-05,79.85,80.36,79.25,79.48,93676102
2017-07-06,80.24,80.28,79.75,79.98,143378010
2017-07-07,80.67,82.09,78.97,79.28,125720541
2017-07-08,79.55,79.6,78.87,79.23,83012200
2017-07-09,79.83,80.15,79.3,79.66,84046476
2017-07-10,79.69,80.52,79.03,79.48,77532052
2017-07-11,79.1,79.61,78.87,79.08,151028042
2017-07-12,78.26,78.95,77.66,78.74,95710677
2017-07-13,78.17,79.22,77.28,78.97,119099277
2017-07-14,80.18,80.87,78.58,79.13,73677276
2017-07-15,79.49,79.53,78.19,78.23,69239518
2017-07-16,75.92,77.26,75.64,76.55,123889910
2017-07-17,78.5,78.71,76.02,76.98,140680701
2017-07-18,75.89,75.98,75.32,75.6,99309399
2017-07-19,76.78,76.92,76.65,76.75,143537392
2017-07-20,76.42,76.95,74.8,76.7,90718429
2017-07-21,76.38,77.48,76.11,76.98,151680124
2017-07-22,78.12,78.65,78.01,78.24,172070927
2017-07-23,77.41,77.75,77.35,77.48,72624598
2017-07-24,78.35,79.46,77.85,78.01,91458564
2017-07-25,78.85,80.2,78.77,79.24,97914002
2017-07-26,79.38,81.04,78.5,79.66,90853067
2017-07-27,81.01,81.14,80.27,80.37,89326794
2017-07-28,80.99,81.64,79.02,80.48,95905822
2017-07-29,81.9,82.08,80.93,81.66,77231970
2017-07-30,81.01,81.72,80.57,81.72,109802387
2017-07-31,81.99,82.07,81.78,81.79,85510877
2017-08-01,81.9,81.96,81.67,81.94,65407118
2017-08-02,82.63,83.12,81.64,82.47,63214813
2017-08-03,81.61,82.46,81.52,82.32,114704182
2017-08-04,82.53,82.86,82.52,82.61,80952342
2017-08-05,83.59,83.64,82.34,82.44,78476636
2017-08-06,83.3,83.35,81.54,82.31,130795293
2017-08-07,84.92,85.07,82.82,83.24,122300726
2017-08-08,82.99,83.48,82.56,83.05,138207803
2017-08-09,83.17,84.2,83.03,84.15,64498866
2017-08-10,83.86,83.93,82.61,83.29,79303550
2017-08-11,83.79,84.62,82.78,83.91,148603602
2017-08-12,82.82,84.98,82.78,84.5,147573351
2017-08-13,85.31,85.89,83.89,85.32,69459752
2017-08-14,86.35,86.62,86.0,86.31,71296849
2017-08-15,85.81,86.27,85.35,85.75,81875229
2017-08-16,84.51,85.03,84.15,84.62,77011153
2017-08-17,84.41,85.65,84.23,84.84,90196995
2017-08-18,84.58,84.79,83.94,84.3,151530953
2017-08-19,83.24,83.26,82.4,82.9,69426514
2017-08-20,81.07,83.07,81.02,82.06,161007382
2017-08-21,82.67,82.89,81.83,82.05,77204771
2017-08-22,82.17,82.82,81.76,82.37,123055416
2017-08-23,83.95,84.97,81.17,82.95,65893840
2017-08-24,82.74,82.81,81.76,81.82,65318198
2017-08-25,80.91,81.97,80.68,81.74,81807431
2017-08-26,81.76,82.56,80.93,81.45,134688501
2017-08-27,82.03,82.17,81.71,81.85,78704874
2017-08-28,81.76,81.89,81.62,81.78,131005050
2017-08-29,81.01,81.27,80.93,81.26,96378100
2017-08-30,79.36,80.45,79.01,80.1,147031647
2017-08-31,80.89,81.13,80.37,80.82,57195517
2017-09-01,80.54,82.11,80.49,81.21,149556905
2017-09-02,81.75,81.89,81.69,81.8,53770084
2017-09-03,81.31,81.38,80.08,81.25,77507155
2017-09-04,80.37,80.88,79.92,80.14,88545520
2017-09-05,79.55,79.85,78.54,79.44,57270839
2017-09-06,78.53,80.62,78.45,80.31,152461712
2017-09-07,80.11,80.12,79.78,79.8,76760925
2017-09-08,79.97,80.52,79.85,79.93,62591083
2017-09-09,79.39,79.75,79.2,79.69,95069984
2017-09-10,79.51,79.72,79.47,79.53,98746943
2017-09-11,79.37,79.88,78.98,79.79,88311131
2017-09-12,80.6,80.75,79.23,79.24,89203173
2017-09-13,78.7,79.08,78.54,78.61,67427866
2017-09-14,78.26,78.68,78.02,78.43,52322542
2017-09-15,78.15,78.21,78.09,78.18,105639644
2017-09-16,77.33,78.49,77.28,77.93,52560935
2017-09-17,77.57,77.7,77.39,77.51,81197321
2017-09-18,77.76,78.78,77.19,78.17,148157127
2017-09-19,77.68,78.55,77.35,77.68,58638931
2017-09-20,76.89,77.15,76.41,76.99,89370725
2017-09-21,77.49,77.84,77.42,77.66,80446660
2017-09-22,77.42,77.95,77.27,77.71,94583580
2017-09-23,77.9,78.68,77.27,77.29,134999027
2017-09-24,76.09,76.91,75.85,76.24,142598235
2017-09-25,75.38,76.59,75.29,76.51,71410536
2017-09-26,75.19,76.78,75.08,76.63,71868311
2017-09-27,77.88,78.19,77.11,77.22,114479629
2017-09-28,76.82,77.44,76.62,76.97,153664560
2017-09-29,76.72,78.38,76.63,77.41,67796583
2017-09-30,76.84,77.17,76.77,76.86,85533132
2017-10-01,77.66,77.69,77.41,77.6,106952088
2017-10-02,78.45,78.48,78.38,78.42,114317643
2017-10-03,78.25,78.38,78.21,78.32,139898298
2017-10-04,78.27,78.68,77.21,78.0,76996913
2017-10-05,76.88,76.92,76.31,76.67,89279713
2017-10-06,76.6,78.1,76.1,76.6,126634215
2017-10-07,75.47,75.59,75.45,75.59,91304891
2017-10-08,76.73,76.87,76.16,76.38,86708993
2017-10-09,76.68,77.86,76.33,76.72,147786145
2017-10-10,78.44,78.45,77.6,78.29,153183217
2017-10-11,78.56,79.25,78.16,78.23,72266010
2017-10-12,78.76,79.23,78.64,78.9,129870931
2017-10-13,79.84,79.91,79.35,79.67,54889140
2017-10-14,80.11,81.13,80.09,80.32,129004664
2017-10-15,80.53,80.63,79.84,79.85,152085451
2017-10-16,80.11,80.24,79.92,79.94,136650897
2017-10-17,80.79,80.97,79.26,79.75,127869279
2017-10-18,79.71,79.73,79.2,79.4,112769318
2017-10-19,80.03,80.25,79.24,79.6,90377059
2017-10-20,80.6,81.26,80.21,80.47,97985251
2017-10-21,81.64,81.74,80.94,81.55,91163617
2017-10-22,82.32,82.46,82.17,82.31,123698225
2017-10-23,81.58,81.63,81.02,81.33,85667386
2017-10-24,81.21,81.61,81.14,81.5,104862000
2017-10-25,82.43,82.89,81.83,82.15,116957003
2017-10-26,84.04,84.06,83.46,83.6,94934426
2017-10-27,85.38,85.41,83.86,84.56,148915255
2017-10-28,85.52,85.84,85.21,85.24,100956826
2017-10-29,83.8,86.25,83.55,85.66,69831722
2017-10-30,87.21,87.64,86.99,87.3,76414358
2017-10-31,88.25,88.65,88.07,88.42,92697563
2017-11-01,89.8,90.32,89.57,90.07,118407712
2017-11-02,89.41,91.66,89.21,90.64,72065651
2017-11-03,90.37,90.43,90.22,90.37,119809659
2017-11-04,91.08,92.31,90.48,91.85,92831146
2017-11-05,91.53,91.56,91.5,91.53,64443011
2017-11-06,90.69,92.14,90.54,91.53,148254011
2017-11-07,90.0,90.58,88.76,90.29,112376139
2017-11-08,91.51,91.71,90.87,91.19,100463850
2017-11-09,90.03,92.24,89.57,91.48,90721476
2017-11-10,91.6,91.97,91.36,91.76,91226554
2017-11-11,91.3,92.16,90.66,91.15,110469786
2017-11-12,90.9,91.56,90.67,90.97,79380807
2017-11-13,89.79,89.81,88.75,89.5,65417570
2017-11-14,89.24,90.6,89.09,89.65,116273763
2017-11-15,89.47,89.95,89.26,89.81,122420013
2017-11-16,90.64,90.65,90.27,90.5,143889288
2017-11-17,90.39,91.12,90.16,90.72,73218167
2017-11-18,91.22,91.67,90.9,91.32,159413567
2017-11-19,91.46,91.97,91.19,91.37,108709442
2017-11-20,90.46,91.55,89.09,90.61,156648343
2017-11-21,90.8,91.0,90.77,90.91,66912814
2017-11-22,89.57,93.98,89.53,91.63,107129319
2017-11-23,92.58,93.17,92.31,92.72,101524696
2017-11-24,93.2,93.35,92.85,93.24,73269290
2017-11-25,95.27,95.36,94.11,94.2,130547109
2017-11-26,94.44,94.5,94.32,94.46,70941299
2017-11-27,97.05,97.26,94.91,96.11,113156615
2017-11-28,96.3,96.41,95.76,96.32,108238834
2017-11-29,95.86,96.08,95.68,95.92,105313161
2017-11-30,96.99,97.41,95.73,96.71,64606915
2017-12-01,97.43,97.64,96.2,96.94,95872734
2017-12-02,97.28,97.6,96.4,97.15,105310854
2017-12-03,97.11,97.85,96.8,97.48,69689963
2017-12-04,97.43,98.7,96.32,97.26,111714499
2017-12-05,97.16,97.42,96.95,97.06,86220335
2017-12-06,96.29,98.02,94.4,96.89,79144181
2017-12-07,96.52,96.89,96.32,96.87,111827615
2017-12-08,97.31,97.88,96.94,97.01,88278252
2017-12-09,98.06,98.31,96.61,97.34,133824346
2017-12-10,95.9,97.15,94.85,95.79,129955580
2017-12-11,94.03,95.1,93.13,94.76,127633615
2017-12-12,94.66,97.82,94.0,95.31,114665351
2017-12-13,95.78,95.82,95.65,95.77,72727794
2017-12-14,96.77,97.46,95.93,96.86,127335366
2017-12-15,97.26,98.21,97.12,97.56,154282050
2017-12-16,99.04,99.24,98.58,98.77,88090313
2017-12-17,99.46,99.85,98.96,99.67,148284014
2017-12-18,98.8,99.26,97.26,99.0,138519217
2017-12-19,101.65,101.7,99.24,99.59,148979034
2017-12-20,99.18,100.06,98.47,99.59,79032878
2017-12-21,100.54,101.63,100.35,100.37,101031234
2017-12-22,100.4,101.15,99.51,100.3,78802912
2017-12-23,101.55,102.64,100.66,101.32,113020408
2017-12-24,100.7,101.09,100.69,101.02,148045826
2017-12-25,100.0,101.81,99.47,100.91,85369694
2017-12-26,104.38,104.54,102.5,103.4,94177702
2017-12-27,103.87,104.38,103.43,103.52,82600194
2017-12-28,103.1,103.23,102.65,102.78,59128359
2017-12-29,100.34,101.97,99.8,101.75,161143091
2017-12-30,102.38,102.65,102.14,102.14,113475347
2017-12-31,100.8,104.35,99.9,101.6,134314478
2018-01-01,103.73,104.76,100.54,102.61,58660282
2018-01-02,102.2,102.8,100.96,101.82,76088207
2018-01-03,101.49,102.06,101.39,101.64,77206042
2018-01-04,102.34,103.95,101.63,102.11,122605799
2018-01-05,101.38,102.89,101.03,102.01,56213484
2018-01-06,101.0,101.9,100.19,101.77,72793044
2018-01-07,101.73,102.4,101.4,101.78,124355717
2018-01-08,101.38,102.6,100.42,101.59,142647978
2018-01-09,102.85,103.1,102.06,102.1,153065490
2018-01-10,103.47,103.5,102.03,102.65,66601348
2018-01-11,101.04,101.35,100.99,101.22,80648183
2018-01-12,101.7,101.78,101.46,101.68,139111445
2018-01-13,101.32,102.02,100.64,101.72,80886342
2018-01-14,101.47,101.83,101.32,101.37,54004975
2018-01-15,102.48,102.67,100.36,102.33,140731725
2018-01-16,102.28,102.9,102.07,102.59,127657527
2018-01-17,101.46,103.4,99.65,101.68,121097946
2018-01-18,102.49,102.56,102.26,102.34,89981509
2018-01-19,102.18,102.44,101.99,102.41,89106834
2018-01-20,102.97,103.82,102.74,102.98,132849334
2018-01-21,104.06,104.41,103.26,104.4,87172203
2018-01-22,104.89,105.08,104.57,104.61,83641955
2018-01-23,104.56,105.07,104.52,104.7,131100081
2018-01-24,104.74,104.83,104.37,104.4,109118285
2018-01-25,104.74,105.36,104.73,104.95,75526036
2018-01-26,104.47,104.66,104.1,104.24,118837051
2018-01-27,104.81,106.55,104.13,105.2,123120565
2018-01-28,104.94,105.65,104.3,105.09,80600317
2018-01-29,103.74,104.77,102.95,104.4,124088818
2018-01-30,103.85,103.92,103.25,103.59,62825550
2018-01-31,103.58,104.08,103.14,103.6,90162173
2018-02-01,103.21,103.73,102.18,103.59,118370339
2018-02-02,103.32,103.41,103.28,103.28,58843049
2018-02-03,101.93,102.57,101.81,102.22,149541056
2018-02-04,105.24,105.26,102.75,103.76,101311636
2018-02-05,104.39,104.67,104.13,104.5,55471024
2018-02-06,104.05,104.11,103.88,104.01,63430037
2018-02-07,103.95,104.14,103.01,103.32,122157890
2018-02-08,104.01,104.21,103.22,103.91,146901667
2018-02-09,103.48,104.2,103.08,103.55,86191676
2018-02-10,104.7,104.93,104.46,104.7,151496843
2018-02-11,105.06,107.3,104.48,105.61,122714203
2018-02-12,107.12,108.29,106.07,106.25,155074143
2018-02-13,106.23,107.32,105.62,106.76,151657707
2018-02-14,108.36,108.79,108.13,108.15,109995131
2018-02-15,109.0,109.53,108.0,108.49,85550113
2018-02-16,108.91,109.5,108.78,109.05,124810125
2018-02-17,109.75,109.78,109.36,109.5,154860603
2018-02-18,108.1,109.12,107.99,108.82,145704652
2018-02-19,107.89,108.94,107.44,108.16,124169548
2018-02-20,106.14,106.84,105.38,106.82,78452894
2018-02-21,107.15,107.26,106.34,106.81,69901320
2018-02-22,106.73,107.66,106.56,107.08,113460042
2018-02-23,107.31,107.41,105.82,106.83,141555104
2018-02-24,107.16,107.34,106.56,106.84,137535326
2018-02-25,107.59,108.94,107.46,107.72,105654666
2018-02-26,107.54,107.82,107.51,107.68,91025011
2018-02-27,107.35,107.75,106.77,107.35,71641478
2018-02-28,107.8,108.53,107.75,107.86,82984466
2018-03-01,109.73,109.92,106.09,107.61,78441346
2018-03-02,107.96,107.99,106.75,107.64,91842731
2018-03-03,107.16,107.39,107.02,107.29,58372550
2018-03-04,105.64,107.17,105.59,106.13,130903511
2018-03-05,105.18,105.95,105.12,105.67,121121895
2018-03-06,105.69,105.94,104.34,104.86,98608090
2018-03-07,104.4,105.0,103.96,104.54,122099630
2018-03-08,105.15,105.28,103.75,104.95,155354445
2018-03-09,102.82,103.46,101.53,103.0,65707547
2018-03-10,103.41,104.39,102.56,103.05,70545275
2018-03-11,103.56,104.24,102.47,102.67,138364601
2018-03-12,101.71,101.84,101.63,101.71,68447176
2018-03-13,100.69,101.16,99.7,100.62,134637888
2018-03-14,101.28,101.82,99.1,100.86,122908764
2018-03-15,101.14,101.44,98.53,100.8,118310903
2018-03-16,100.34,101.29,99.62,100.57,77914852
2018-03-17,101.76,102.53,100.84,101.55,160132267
2018-03-18,101.36,101.66,100.97,101.18,101470071
2018-03-19,99.95,100.3,99.92,100.19,158287119
2018-03-20,99.74,100.35,99.56,100.1,131890940
2018-03-21,100.32,101.5,100.29,101.39,153628699
2018-03-22,100.89,101.01,100.77,100.85,156058473
2018-03-23,101.89,102.36,100.1,100.79,62362758
2018-03-24,98.87,99.45,98.78,99.35,158553351
2018-03-25,99.86,100.58,99.81,99.81,138960415
2018-03-26,99.16,99.86,98.96,99.67,147010828
2018-03-27,99.7,100.33,98.67,99.73,71204151
2018-03-28,98.91,99.06,97.38,98.58,110788759
2018-03-29,99.28,100.09,98.58,99.23,123996439
2018-03-30,98.25,99.05,98.2,98.94,106059508
2018-03-31,98.27,98.74,97.78,98.62,103268961
2018-04-01,98.9,99.61,98.37,99.15,127356988
2018-04-02,98.36,98.83,98.07,98.45,151571044
2018-04-03,98.29,98.69,97.84,98.29,69672938
2018-04-04,98.58,98.78,98.12,98.72,126527222
2018-04-05,98.2,98.91,98.11,98.26,90391224
2018-04-06,97.86,98.17,97.12,97.94,139686224
2018-04-07,98.97,99.24,97.9,98.59,154473934
2018-04-08,98.36,98.47,97.6,98.39,118653628
2018-04-09,97.59,98.89,96.57,98.17,133675990
2018-04-10,96.45,96.9,95.72,96.38,82495053
2018-04-11,96.76,97.45,96.66,97.01,127002631
2018-04-12,96.92,98.5,94.75,96.65,123237693
2018-04-13,96.63,97.84,96.25,97.04,114320257
2018-04-14,97.55,98.0,96.94,97.09,60838560
2018-04-15,97.01,97.14,95.96,96.63,98201868
2018-04-16,95.64,96.09,95.55,95.74,126964674
2018-04-17,95.57,95.75,95.56,95.6,60307540
2018-04-18,96.24,96.54,95.42,96.12,145557149
2018-04-19,94.89,95.91,94.02,95.06,98750581
2018-04-20,94.47,94.6,93.45,93.85,116512931
2018-04-21,95.67,96.4,93.89,94.47,136989531
2018-04-22,93.38,94.06,91.8,93.72,134335229
2018-04-23,94.2,95.44,93.84,94.69,90994846
2018-04-24,94.85,95.35,94.5,94.9,121723413
2018-04-25,96.59,97.81,94.71,96.28,110923263
2018-04-26,96.37,96.88,95.85,96.6,113746267
2018-04-27,94.91,96.76,94.75,96.59,143006024
2018-04-28,96.81,97.27,96.78,97.07,72879772
2018-04-29,98.09,98.7,97.13,97.54,92571618
2018-04-30,98.18,98.65,98.09,98.58,137204255
2018-05-01,96.76,96.94,96.75,96.93,93589522
2018-05-02,96.15,96.35,95.48,95.74,93855546
2018-05-03,94.31,95.72,94.13,94.98,135911693
2018-05-04,94.56,96.33,93.12,94.93,112484763
2018-05-05,93.92,94.14,93.23,93.91,57303642
2018-05-06,94.89,95.47,93.23,95.09,78433817
2018-05-07,96.13,96.27,94.87,95.23,73663225
2018-05-08,94.83,95.24,94.42,95.08,146983843
2018-05-09,92.95,93.99,92.65,93.87,147084063
2018-05-10,94.09,94.42,93.86,94.18,137569851
2018-05-11,94.8,94.96,94.52,94.79,133478401
2018-05-12,94.57,94.91,93.96,94.29,77639952
2018-05-13,95.11,95.43,94.43,94.99,54607487
2018-05-14,95.59,95.81,94.21,94.59,96181937
2018-05-15,93.89,93.96,93.32,93.95,113139366
2018-05-16,93.26,93.65,92.62,93.2,80501762
2018-05-17,93.19,94.17,93.0,93.07,83443689
2018-05-18,92.85,93.09,91.51,92.55,100262873
2018-05-19,92.06,92.52,92.0,92.5,118962191
2018-05-20,93.75,93.98,93.07,93.28,114244272
2018-05-21,92.85,93.26,92.31,92.99,121053979
2018-05-22,92.63,92.65,91.24,92.29,98223267
2018-05-23,91.81,91.85,91.58,91.68,153591453
2018-05-24,90.33,91.75,89.92,91.37,130456395
2018-05-25,90.59,91.59,90.53,91.1,134357058
2018-05-26,91.38,91.41,91.37,91.4,141805352
2018-05-27,91.29,93.94,91.12,91.81,106052665
2018-05-28,91.68,91.87,91.3,91.41,149414668
2018-05-29,91.58,92.44,90.14,91.17,69078333
2018-05-30,90.87,91.41,89.61,90.17,58097977
2018-05-31,89.56,89.75,88.79,89.34,100517640
2018-06-01,89.59,89.92,89.27,89.88,115679394
2018-06-02,91.22,91.38,89.77,90.57,69196506
2018-06-03,91.12,91.22,90.75,90.75,108539255
2018-06-04,92.2,92.2,91.25,91.63,124120335
2018-06-05,91.3,91.91,91.22,91.62,109790825
2018-06-06,91.34,91.96,90.96,91.87,138450891
2018-06-07,91.04,91.4,89.98,91.35,55799739
2018-06-08,90.98,91.27,90.96,90.99,147399835
2018-06-09,91.33,92.76,91.19,91.48,128128617
2018-06-10,90.88,92.16,90.69,91.32,105469364
2018-06-11,90.99,91.08,90.8,91.0,112459393
2018-06-12,90.12,90.59,89.71,89.91,92790203
2018-06-13,88.69,91.3,88.6,90.67,117320723
2018-06-14,90.52,92.28,90.23,90.82,124610563
2018-06-15,89.98,91.31,89.81,90.38,140459684
2018-06-16,91.22,91.3,90.2,90.71,91792658
2018-06-17,89.59,90.16,89.55,89.63,123702671
2018-06-18,89.93,90.16,89.92,90.03,131028091
2018-06-19,89.53,89.84,89.33,89.82,88179560
2018-06-20,90.71,90.84,90.09,90.45,102602230
2018-06-21,90.58,91.02,89.78,90.12,131440822
2018-06-22,91.94,91.94,90.35,90.76,124316719
2018-06-23,90.66,91.6,89.68,90.67,144555918
2018-06-24,91.31,91.37,90.63,90.87,120795801
2018-06-25,92.13,92.19,91.84,91.94,126294060
2018-06-26,92.21,92.32,90.72,90.75,159610601
2018-06-27,89.31,89.73,89.25,89.43,104434331
2018-06-28,88.85,89.18,88.52,88.82,99734670
2018-06-29,88.86,88.88,88.62,88.78,93565908
2018-06-30,88.4,88.76,88.31,88.36,97849108
2018-07-01,87.07,87.46,86.68,87.18,114819360
2018-07-02,88.08,88.83,87.9,87.98,154719149
2018-07-03,88.86,89.62,88.82,89.02,164886803
2018-07-04,89.11,89.27,88.28,88.7,98943486
2018-07-05,87.88,88.93,87.8,87.82,160738998
2018-07-06,87.8,88.02,86.9,87.93,145435447
2018-07-07,88.66,89.04,88.02,88.18,80240036
2018-07-08,87.62,88.12,86.83,87.71,119497402
2018-07-09,87.44,88.12,87.41,87.8,83274894
2018-07-10,87.26,87.9,86.6,87.56,94975046
2018-07-11,87.53,88.06,87.53,87.75,64144116
2018-07-12,86.58,87.51,86.39,87.26,156655419
2018-07-13,87.74,88.25,87.35,87.79,59671713
2018-07-14,86.97,87.55,86.8,86.98,154456386
2018-07-15,87.09,87.85,86.94,86.98,103950220
2018-07-16,87.67,87.72,87.12,87.68,59702619
2018-07-17,87.94,88.43,87.43,88.28,126314877
2018-07-18,87.18,87.3,86.88,87.18,130743057
2018-07-19,88.58,89.15,87.94,88.74,76695136
2018-07-20,86.71,87.92,85.9,87.58,135699006
2018-07-21,86.48,86.76,85.85,86.09,118100186
2018-07-22,87.34,87.73,85.78,86.35,57926614
2018-07-23,87.0,88.29,86.35,87.31,65084086
2018-07-24,88.18,88.34,86.56,86.95,106882369
2018-07-25,87.65,87.8,86.79,87.7,112635179
2018-07-26,88.99,89.15,87.71,88.83,165441330
2018-07-27,89.72,89.92,89.71,89.78,61637326
2018-07-28,90.47,91.03,90.29,90.76,100595391
2018-07-29,91.45,91.83,91.25,91.39,153595820
2018-07-30,91.88,92.98,91.86,92.7,84600501
2018-07-31,93.27,93.36,93.21,93.34,104037904
2018-08-01,92.23,92.43,91.4,92.4,160500095
2018-08-02,92.3,92.65,92.19,92.56,126204324
2018-08-03,93.16,93.25,93.14,93.19,60473463
2018-08-04,93.54,93.94,93.42,93.82,66177061
2018-08-05,93.38,94.04,93.33,93.48,136286681
2018-08-06,92.0,92.71,91.69,91.97,154980287
2018-08-07,92.83,93.28,92.17,92.72,140736060
2018-08-08,92.6,94.66,91.92,92.54,77182736
2018-08-09,92.85,92.94,92.76,92.81,132361660
2018-08-10,92.98,93.18,91.23,92.85,150275058
2018-08-11,93.47,93.48,92.63,93.35,83951940
2018-08-12,95.11,95.6,94.66,95.03,103439166
2018-08-13,94.13,94.19,93.75,94.07,88740571
2018-08-14,93.92,94.53,93.85,94.09,98069027
2018-08-15,94.55,94.62,93.29,93.62,144214319
2018-08-16,94.01,94.09,92.88,93.43,107176711
2018-08-17,93.5,93.73,93.04,93.13,85536357
2018-08-18,93.7,94.01,93.57,93.84,90625717
2018-08-19,92.19,94.37,91.1,92.8,79324622
2018-08-20,92.09,92.4,92.06,92.24,79856854
2018-08-21,92.33,92.66,91.54,92.58,141917940
2018-08-22,92.63,93.43,90.97,92.51,139927502
2018-08-23,93.38,95.85,92.41,93.09,83616023
2018-08-24,93.73,93.79,93.13,93.46,103202677
2018-08-25,92.2,92.53,91.57,92.33,65046960
2018-08-26,92.81,92.91,92.4,92.67,66109060
2018-08-27,93.14,93.33,92.8,92.99,128689977
2018-08-28,91.38,92.44,91.24,92.12,147119110
2018-08-29,91.11,92.01,90.1,91.44,65763092
2018-08-30,90.55,91.21,90.43,90.96,101949384
2018-08-31,91.06,91.14,90.5,90.8,105108283
2018-09-01,91.8,91.83,91.61,91.68,144878475
2018-09-02,91.64,91.98,91.43,91.48,146908599
2018-09-03,91.83,91.94,91.06,91.6,94610412
2018-09-04,89.95,90.84,89.6,89.77,118668124
2018-09-05,89.34,91.32,89.17,89.9,130660073
2018-09-06,89.89,91.06,88.61,89.79,148423754
2018-09-07,89.08,89.55,88.11,88.7,165847920
2018-09-08,89.31,90.1,88.62,89.29,87768866
2018-09-09,88.67,88.93,88.63,88.87,137284142
2018-09-10,88.75,89.12,88.37,88.64,92774494
2018-09-11,88.58,88.83,87.9,88.12,70164150
2018-09-12,87.94,88.14,86.72,87.76,62173202
2018-09-13,86.96,87.18,86.57,86.63,117306592
2018-09-14,88.87,89.01,88.21,88.81,78515793
2018-09-15,89.31,89.49,89.21,89.42,124057221
2018-09-16,89.53,89.96,88.55,89.7,106551140
2018-09-17,90.26,90.62,89.74,90.1,61613975
2018-09-18,88.58,89.02,88.08,88.78,78537574
2018-09-19,88.11,88.84,87.06,87.86,135599589
2018-09-20,88.16,88.93,87.36,88.38,63379903
2018-09-21,88.65,88.97,88.6,88.79,128037626
2018-09-22,88.7,88.95,87.44,88.07,55253567
2018-09-23,89.38,89.58,88.96,89.1,161669919
2018-09-24,87.83,90.61,87.25,89.1,81479074
2018-09-25,89.76,90.96,88.52,89.22,145368741
2018-09-26,91.39,91.74,89.45,90.4,121620989
2018-09-27,89.14,90.29,89.1,89.87,135727715
2018-09-28,89.3,90.6,88.33,88.69,94875924
2018-09-29,90.51,90.56,89.15,89.67,138701710
2018-09-30,89.47,89.82,89.38,89.39,88950323
2018-10-01,89.12,89.55,88.89,89.52,97933476
2018-10-02,89.79,89.95,88.79,89.42,61621339
2018-10-03,88.97,89.62,88.07,88.98,102436461
2018-10-04,89.36,89.56,88.86,89.16,114232705
2018-10-05,87.83,88.47,87.5,88.32,150987811
2018-10-06,87.51,89.5,87.26,89.0,94479927
2018-10-07,89.31,89.63,89.22,89.51,107518247
2018-10-08,90.68,91.27,90.02,90.41,77922839
2018-10-09,88.89,90.57,88.12,90.17,127289397
2018-10-10,90.25,90.4,89.93,89.98,75284886
2018-10-11,90.0,90.69,88.61,89.83,85635502
2018-10-12,89.3,89.46,88.1,88.78,166703229
2018-10-13,88.58,88.96,88.16,88.74,100021948
2018-10-14,87.8,88.23,87.65,88.09,128648747
2018-10-15,89.18,89.72,88.75,89.48,141614601
2018-10-16,89.37,90.85,89.04,89.52,121377862
2018-10-17,89.23,89.9,88.93,89.59,61950380
2018-10-18,90.0,90.2,89.18,90.08,131304773
2018-10-19,92.33,92.36,90.52,91.07,132523997
2018-10-20,92.41,93.0,91.33,92.0,85146717
2018-10-21,91.25,92.61,90.8,91.23,84487303
2018-10-22,90.05,90.21,89.82,90.06,58754508
2018-10-23,90.35,90.61,90.32,90.45,74521822
2018-10-24,90.13,90.24,89.86,90.15,111180829
2018-10-25,89.01,90.04,88.96,89.66,53454035
2018-10-26,89.06,89.28,88.48,89.07,102456676
2018-10-27,88.75,88.75,88.35,88.36,113910578
2018-10-28,87.36,89.18,87.07,88.18,93294817
2018-10-29,88.16,88.88,87.92,88.27,132593995
2018-10-30,88.39,89.24,87.73,88.89,55480966
2018-10-31,89.6,90.42,88.21,89.2,118422884
2018-11-01,89.07,89.16,88.58,88.69,122535814
2018-11-02,88.82,88.88,87.8,88.26,122170471
2018-11-03,86.8,87.04,85.99,86.68,76706609
2018-11-04,86.36,88.23,85.95,87.2,62131532
2018-11-05,85.74,86.77,85.5,85.86,72277089
2018-11-06,85.72,85.92,84.24,84.5,110242108
2018-11-07,82.89,83.44,82.65,82.97,147327169
2018-11-08,84.76,85.23,84.72,84.96,126816967
2018-11-09,84.99,85.01,83.51,84.85,96059606
2018-11-10,85.22,85.39,85.14,85.19,134528249
2018-11-11,84.98,85.1,84.83,84.98,61373747
2018-11-12,85.39,85.49,84.68,84.9,77459760
2018-11-13,84.54,84.81,83.52,84.16,74564762
2018-11-14,84.18,84.55,83.69,83.97,72141612
2018-11-15,84.01,84.1,82.68,83.96,121865886
2018-11-16,84.1,84.23,83.19,83.27,104384594
2018-11-17,84.28,84.69,83.58,84.07,150627346
2018-11-18,83.56,83.86,82.88,83.45,143829446
2018-11-19,82.51,82.79,81.95,82.73,146160377
2018-11-20,84.29,85.32,82.14,83.75,59112790
2018-11-21,84.25,85.01,84.03,84.12,118434521
2018-11-22,86.6,86.88,85.41,86.04,176980879
2018-11-23,87.96,87.98,86.78,86.98,98545785
2018-11-24,86.74,87.55,86.47,87.05,93134121
2018-11-25,87.45,88.04,86.62,87.74,67127062
2018-11-26,87.85,88.03,87.0,87.52,53618115
2018-11-27,88.53,88.56,88.0,88.09,147836911
2018-11-28,88.61,88.94,88.19,88.42,128276981
2018-11-29,88.09,88.83,87.65,88.18,109197369
2018-11-30,86.94,87.0,85.89,86.87,123098867
2018-12-01,86.97,87.52,86.61,86.79,105041351
2018-12-02,86.72,86.74,86.66,86.69,122273232
2018-12-03,86.13,87.87,85.06,86.11,150740462
2018-12-04,87.06,87.33,86.5,86.78,83663948
2018-12-05,87.29,87.69,86.82,87.51,75722164
2018-12-06,87.9,88.16,87.27,87.76,85577083
2018-12-07,88.11,88.99,87.94,87.96,87672731
2018-12-08,89.67,89.89,89.19,89.38,95663229
2018-12-09,90.19,90.27,90.09,90.19,122637817
2018-12-10,90.45,90.58,89.24,89.35,158990059
2018-12-11,89.89,90.14,88.29,89.04,78776522
2018-12-12,89.77,90.21,89.73,89.93,101160332
2018-12-13,88.87,88.98,87.96,88.56,136254441
2018-12-14,88.29,88.9,86.73,88.31,149001944
2018-12-15,87.96,89.02,87.56,88.39,86758333
2018-12-16,87.75,87.86,87.51,87.71,126920048
2018-12-17,87.42,88.61,87.21,88.04,87549118
2018-12-18,89.42,89.95,88.21,88.39,59457632
2018-12-19,88.13,88.2,87.66,88.1,114638247
2018-12-20,86.95,88.03,86.36,87.6,59022234
2018-12-21,89.19,89.21,88.72,88.78,164113211
2018-12-22,87.24,88.43,87.15,87.83,83578380
2018-12-23,88.25,88.46,88.06,88.32,153211871
2018-12-24,87.04,87.49,86.77,87.29,75188929
2018-12-25,87.42,87.47,86.43,87.09,83605182
2018-12-26,86.29,88.38,85.76,87.35,115359676
2018-12-27,87.61,88.62,86.08,86.68,139599505
2018-12-28,86.07,86.54,85.58,85.79,74651956
2018-12-29,85.29,85.42,84.96,85.06,155025312
2018-12-30,85.88,86.14,85.59,85.92,122675739
2018-12-31,85.54,85.78,85.28,85.67,112724227
2019-01-01,85.74,86.51,83.79,84.69,100474981
2019-01-02,85.53,85.84,85.11,85.18,97888185
2019-01-03,84.75,85.73,84.49,85.5,85866343
2019-01-04,84.91,86.05,84.48,85.2,61781284
2019-01-05,85.46,85.5,85.19,85.29,134323360
2019-01-06,84.99,85.37,84.23,84.81,116566679
2019-01-07,84.75,85.88,84.56,85.73,137870002
2019-01-08,85.97,86.46,85.11,86.07,110855016
2019-01-09,85.16,87.17,84.82,86.03,77124518
2019-01-10,84.5,85.68,84.21,85.01,82082397
2019-01-11,85.63,85.77,85.38,85.69,144857008
2019-01-12,83.91,84.2,83.57,84.08,138335780
2019-01-13,85.37,85.76,84.72,84.92,126932028
2019-01-14,84.02,85.08,83.96,84.82,105203394
2019-01-15,85.4,85.6,83.95,84.73,143429400
2019-01-16,85.17,86.66,85.04,85.13,68086007
2019-01-17,85.72,86.48,84.96,85.36,151789251
2019-01-18,85.78,86.63,83.92,85.38,136215171
2019-01-19,86.27,86.35,85.64,85.96,158748219
2019-01-20,86.48,86.72,85.96,86.52,101827148
2019-01-21,86.4,86.84,85.12,86.1,53910530
2019-01-22,84.85,84.91,84.1,84.8,83219420
2019-01-23,86.06,86.31,86.05,86.17,112456252
2019-01-24,87.26,88.03,85.72,86.23,105494673
2019-01-25,86.67,86.94,86.66,86.76,103091300
2019-01-26,86.31,86.65,85.9,86.59,128528917
2019-01-27,87.01,88.51,86.6,86.67,122517156
2019-01-28,87.33,87.54,86.77,87.32,138413815
2019-01-29,87.56,88.18,87.36,87.88,93570692
2019-01-30,87.63,88.15,87.22,87.91,120163553
2019-01-31,87.61,87.85,86.83,87.78,145903056
2019-02-01,87.89,89.55,87.58,87.87,135151637
2019-02-02,87.52,87.88,87.51,87.71,89782283
2019-02-03,87.01,88.27,86.88,87.74,118529183
2019-02-04,88.15,88.33,87.76,87.96,71175515
2019-02-05,87.32,87.36,86.19,87.12,117748855
2019-02-06,87.24,88.21,86.72,87.6,102318606
2019-02-07,89.04,89.93,88.29,89.03,172825402
2019-02-08,89.25,89.39,89.02,89.17,98532545
2019-02-09,86.56,87.05,86.33,87.0,125847457
2019-02-10,87.37,87.68,87.34,87.68,56521888
2019-02-11,87.32,87.46,87.22,87.25,148628066
2019-02-12,86.7,87.26,86.45,87.24,86488588
2019-02-13,87.12,87.23,86.85,87.02,94553589
2019-02-14,87.76,87.81,87.03,87.77,61682536
2019-02-15,88.13,89.04,87.95,88.12,78054164
2019-02-16,87.65,88.1,87.49,87.92,91597798
2019-02-17,87.7,87.97,87.33,87.86,89741656
2019-02-18,87.2,87.71,86.67,86.9,106967072
2019-02-19,87.56,88.12,87.26,87.54,74003048
2019-02-20,87.28,88.99,87.24,87.9,83613121
2019-02-21,86.58,86.88,86.37,86.72,104235694
2019-02-22,86.37,86.8,85.81,85.85,143340459
2019-02-23,85.61,86.13,85.46,85.54,52799578
2019-02-24,85.08,85.72,83.32,85.23,146398054
2019-02-25,85.88,86.04,85.84,85.96,64455207
2019-02-26,85.5,86.12,85.17,85.65,54748554
2019-02-27,87.3,88.0,85.21,86.68,96027691
2019-02-28,86.39,86.61,86.05,86.5,119668420
2019-03-01,87.19,87.2,87.0,87.0,111572845
2019-03-02,87.05,87.46,86.94,87.27,54148045
2019-03-03,87.54,88.02,86.53,86.88,75830832
2019-03-04,86.93,88.01,86.8,87.73,141670332
2019-03-05,88.77,88.86,88.61,88.64,146156410
2019-03-06,89.33,90.29,89.2,89.7,122050384
2019-03-07,90.71,91.02,88.64,90.43,80498929
2019-03-08,90.76,90.85,90.24,90.36,135623263
2019-03-09,89.17,90.29,89.06,89.76,149089623
2019-03-10,90.06,90.7,89.42,90.01,80221846
2019-03-11,90.32,91.19,89.85,90.13,52565127
2019-03-12,89.89,89.92,89.85,89.88,111714632
2019-03-13,88.95,89.28,88.92,89.26,88898233
2019-03-14,90.06,90.14,89.51,90.01,156592976
2019-03-15,89.39,89.49,87.95,89.32,155523026
2019-03-16,90.03,90.32,89.3,89.77,125677828
2019-03-17,90.29,91.67,89.4,89.7,83591544
2019-03-18,88.5,88.67,88.36,88.57,75837879
2019-03-19,87.24,88.33,87.17,87.42,156910035
2019-03-20,86.95,87.24,86.91,87.13,104038857
2019-03-21,86.97,87.05,86.03,86.23,103510284
2019-03-22,84.58,86.75,84.4,86.2,97844468
2019-03-23,87.44,87.95,86.94,87.0,108194645
2019-03-24,86.33,87.08,86.14,87.04,79743398
2019-03-25,87.1,87.24,86.01,86.64,100386341
2019-03-26,86.39,86.97,86.3,86.47,72165689
2019-03-27,86.27,86.48,86.25,86.28,152216329
2019-03-28,84.91,86.32,84.74,85.64,95066737
2019-03-29,86.68,87.05,85.48,86.69,157343951
2019-03-30,86.51,87.01,86.38,86.39,125248748
2019-03-31,85.08,85.56,84.82,85.56,125925153
2019-04-01,87.53,87.78,86.26,87.17,140973179
2019-04-02,87.13,87.15,86.63,86.9,53287012
2019-04-03,87.23,87.42,87.17,87.18,83300662
2019-04-04,87.92,88.16,87.27,87.51,146843821
2019-04-05,89.35,89.56,87.24,88.12,145785574
2019-04-06,86.69,87.86,86.31,87.74,143955554
2019-04-07,88.09,88.49,87.77,88.04,115998996
2019-04-08,88.73,88.83,88.13,88.47,110818772
2019-04-09,89.05,89.49,88.34,88.77,148136766
2019-04-10,89.69,90.99,88.51,89.8,124757826
2019-04-11,89.94,90.52,89.86,90.21,140272475
2019-04-12,90.03,90.27,89.6,90.01,60579023
2019-04-13,88.7,90.01,87.71,89.35,123031332
2019-04-14,89.57,90.26,87.5,89.07,120967013
2019-04-15,87.79,88.95,87.71,88.44,156628422
2019-04-16,88.41,88.42,88.39,88.4,107711289
2019-04-17,87.67,88.25,87.06,88.08,155255445
2019-04-18,88.34,89.09,87.95,88.92,136706897
2019-04-19,89.63,90.7,89.11,89.87,95828388
2019-04-20,92.09,93.03,91.2,91.88,72603178
2019-04-21,91.7,92.82,91.59,92.23,112791515
2019-04-22,93.09,93.14,91.96,92.44,103267873
2019-04-23,92.67,92.77,91.62,92.12,105739841
2019-04-24,92.36,92.64,92.13,92.27,108525598
2019-04-25,92.45,92.54,91.49,91.78,77684101
2019-04-26,90.33,92.22,89.94,90.96,122730451
2019-04-27,90.15,90.79,90.08,90.54,144653081
2019-04-28,90.27,90.37,90.23,90.33,103023695
2019-04-29,90.91,91.87,90.82,91.12,120120704
2019-04-30,90.42,91.28,90.19,90.61,158312039
2019-05-01,90.3,90.68,89.48,90.27,127625459
2019-05-02,91.12,91.17,89.08,90.32,64584526
2019-05-03,91.05,91.4,90.19,90.91,66560974
2019-05-04,90.76,91.71,90.4,91.52,113679316
2019-05-05,91.19,91.46,91.03,91.31,139002029
2019-05-06,92.54,93.56,90.46,91.2,94602443
2019-05-07,91.74,92.07,91.46,91.88,104863467
2019-05-08,92.64,92.97,91.74,92.05,109711516
2019-05-09,93.1,93.19,92.25,92.94,75575864
2019-05-10,92.64,94.0,91.56,92.47,64047748
2019-05-11,92.2,93.32,92.0,92.93,66063398
2019-05-12,92.88,92.98,92.32,92.59,55980576
2019-05-13,92.3,92.88,92.09,92.27,53494057
2019-05-14,93.23,93.34,93.0,93.33,94922769
2019-05-15,93.71,94.75,93.02,94.01,55881715
2019-05-16,93.74,96.99,93.52,93.95,142608507
2019-05-17,94.12,94.53,94.11,94.12,104823470
2019-05-18,95.07,95.21,94.39,94.96,136521716
2019-05-19,94.52,95.01,94.25,94.3,66327608
2019-05-20,94.77,95.28,93.08,94.52,141153771
2019-05-21,96.77,97.47,95.38,95.64,86147825
2019-05-22,97.76,97.86,97.04,97.43,102630636
2019-05-23,97.65,97.95,95.35,97.38,96675349
2019-05-24,97.92,98.0,97.75,97.9,113904806
2019-05-25,97.81,97.83,97.19,97.59,59871862
2019-05-26,97.47,97.54,97.07,97.15,114212500
2019-05-27,96.79,98.24,94.89,96.49,64934802
2019-05-28,96.9,97.95,96.58,97.27,135730009
2019-05-29,98.51,98.67,98.4,98.66,165758598
2019-05-30,98.39,98.8,98.34,98.72,101904409
2019-05-31,99.44,99.63,99.06,99.43,70064184
2019-06-01,98.33,98.5,98.04,98.44,115730060
2019-06-02,98.91,99.88,98.84,99.13,143564147
2019-06-03,99.24,99.81,98.88,99.17,117354075
2019-06-04,100.25,100.33,99.68,100.21,129108918
2019-06-05,100.58,101.62,100.36,100.65,116944244
2019-06-06,101.84,102.11,101.52,101.58,158109444
2019-06-07,103.02,103.22,101.21,101.77,91536315
2019-06-08,98.58,101.61,98.1,101.33,130640573
2019-06-09,101.83,102.44,101.03,101.38,103265573
2019-06-10,99.83,101.35,99.71,100.65,143259148
2019-06-11,98.73,98.79,97.89,98.52,143368112
2019-06-12,97.38,98.51,97.37,98.13,130914418
2019-06-13,99.47,99.56,98.0,98.24,122957560
2019-06-14,98.05,99.59,97.71,98.52,69369711
2019-06-15,96.79,97.26,96.77,97.0,98864414
2019-06-16,97.74,98.09,96.92,96.93,126691710
2019-06-17,97.05,97.16,96.85,97.02,117217216
2019-06-18,97.75,97.78,96.58,96.96,139323779
2019-06-19,97.03,97.6,96.51,97.15,98552101
2019-06-20,97.05,98.1,96.94,97.66,76431721
2019-06-21,97.39,97.45,96.51,96.96,114907032
2019-06-22,96.72,97.74,96.7,96.94,102081232
2019-06-23,97.43,97.55,97.41,97.54,156533764
2019-06-24,96.55,96.59,95.5,96.52,150939680
2019-06-25,96.82,96.84,95.79,95.84,129576689
2019-06-26,96.07,96.11,95.93,95.97,69751270
2019-06-27,97.13,97.46,96.4,96.6,145625952
2019-06-28,97.29,97.31,96.97,97.17,156987835
2019-06-29,97.0,97.91,96.96,97.68,92354500
2019-06-30,96.26,98.31,95.21,97.45,98904689
2019-07-01,98.66,98.74,96.76,97.74,79922281
2019-07-02,96.93,97.83,96.27,96.67,104355128
2019-07-03,97.27,97.43,97.18,97.32,83300421
2019-07-04,97.89,98.32,97.68,97.97,134125176
2019-07-05,99.34,99.56,98.76,99.26,97621937
2019-07-06,99.44,101.4,98.65,99.94,155442066
2019-07-07,99.71,100.14,99.44,99.93,51952509
2019-07-08,100.44,100.86,99.84,100.36,52683477
2019-07-09,100.82,101.07,100.33,100.89,97479603
2019-07-10,100.91,101.03,99.96,100.64,143637148
2019-07-11,100.69,101.21,99.5,100.66,114906279
2019-07-12,102.15,102.47,101.53,101.86,129603141
2019-07-13,103.95,104.56,102.85,103.45,157484708
2019-07-14,102.71,103.21,102.28,102.82,93904843
2019-07-15,104.27,104.33,103.65,103.94,162074415
2019-07-16,103.68,104.69,103.13,103.44,115768562
2019-07-17,103.4,104.18,103.23,103.94,80681645
2019-07-18,103.85,104.77,103.81,104.17,103141787
2019-07-19,103.07,105.38,102.69,104.78,94340080
2019-07-20,103.86,104.75,103.78,104.72,50312616
2019-07-21,101.59,104.32,101.31,103.94,159845897
2019-07-22,105.25,105.34,104.25,105.08,108006882
2019-07-23,106.67,107.05,105.85,105.9,66272007
2019-07-24,107.41,107.45,106.75,107.26,140720982
2019-07-25,108.08,108.26,107.96,108.26,129372402
2019-07-26,107.13,108.15,106.32,107.3,122737892
2019-07-27,106.42,107.26,106.4,107.23,70652373
2019-07-28,107.57,108.29,105.79,107.46,84777430
2019-07-29,107.54,108.05,107.17,107.72,61912939
2019-07-30,107.82,109.23,107.66,108.71,115072085
2019-07-31,109.26,109.33,107.38,108.28,108294153
2019-08-01,109.4,109.57,109.06,109.34,125970144
2019-08-02,109.13,109.18,108.56,108.78,155442538
2019-08-03,108.14,108.4,107.62,108.19,81745473
2019-08-04,109.73,109.91,109.0,109.13,120467616
2019-08-05,110.89,110.99,109.62,110.36,158973359
2019-08-06,111.04,112.3,110.09,111.56,99465611
2019-08-07,110.55,112.06,110.52,111.84,108016950
2019-08-08,111.42,112.27,111.17,111.27,78631083
2019-08-09,111.36,112.19,110.16,110.39,76828521
2019-08-10,113.15,113.61,111.31,112.69,144076131
2019-08-11,115.12,115.19,113.82,113.84,141747044
2019-08-12,113.88,114.97,113.44,113.65,144441813
2019-08-13,114.48,114.92,112.25,114.34,67596875
2019-08-14,115.5,115.99,115.39,115.82,167632247
2019-08-15,116.75,117.22,115.06,115.74,130775322
2019-08-16,117.0,117.4,115.06,116.35,145185610
2019-08-17,115.94,116.89,114.66,115.33,158665680
2019-08-18,116.7,116.72,115.67,115.67,135526664
2019-08-19,116.08,116.13,115.57,115.81,81133607
2019-08-20,115.47,115.71,115.32,115.49,52346422
2019-08-21,114.82,115.24,114.33,114.78,113441667
2019-08-22,114.29,117.56,114.1,114.71,53007680
2019-08-23,113.48,113.99,112.03,113.83,100036118
2019-08-24,115.05,115.58,112.78,113.99,128035951
2019-08-25,113.23,113.57,112.82,113.01,129640582
2019-08-26,111.04,113.73,110.38,113.63,134523593
2019-08-27,113.66,113.66,111.42,112.65,159551728
2019-08-28,114.97,115.42,114.24,114.51,129203979
2019-08-29,114.5,114.83,113.38,113.63,112948331
2019-08-30,114.35,114.97,113.23,114.87,68279418
2019-08-31,114.03,114.42,113.99,114.17,127258185
2019-09-01,115.84,116.02,115.42,115.57,131731128
2019-09-02,115.48,115.51,113.99,115.12,72715773
2019-09-03,114.69,115.28,113.9,114.46,70072760
2019-09-04,114.9,115.78,112.33,113.62,63691394
2019-09-05,113.04,113.55,113.01,113.35,141768156
2019-09-06,112.08,112.21,110.18,112.08,81268872
2019-09-07,111.99,112.06,111.26,111.57,108141411
2019-09-08,114.08,114.86,113.73,113.97,128031062
2019-09-09,113.76,113.95,112.77,113.8,102883608
2019-09-10,113.78,113.98,113.68,113.89,145451564
2019-09-11,113.94,114.5,113.33,114.02,55482372
2019-09-12,113.68,114.68,113.53,113.8,123758041
2019-09-13,114.05,115.32,111.33,114.77,68927821
2019-09-14,115.02,115.05,114.97,115.01,62944296
2019-09-15,114.8,115.43,113.24,114.53,90299590
2019-09-16,115.69,115.88,114.61,115.39,71516437
2019-09-17,116.66,117.58,116.32,117.07,64274989
2019-09-18,115.37,115.53,114.6,115.04,106034735
2019-09-19,117.45,118.41,115.73,116.11,127695828
2019-09-20,115.85,116.15,115.11,115.86,119056242
2019-09-21,116.4,116.84,116.01,116.17,111890305
2019-09-22,117.54,118.24,117.43,117.83,134805634
2019-09-23,119.71,120.7,117.63,119.03,143583287
2019-09-24,117.77,118.45,117.1,117.93,149535093
2019-09-25,115.69,115.72,115.46,115.65,105054626
2019-09-26,116.71,117.09,116.57,116.57,124533919
2019-09-27,117.61,118.0,116.73,117.17,60684804
2019-09-28,117.5,119.27,117.0,118.06,123888233
2019-09-29,117.89,118.11,117.49,117.66,75839232
2019-09-30,118.93,119.03,118.8,118.97,87880377
2019-10-01,117.3,118.01,116.94,117.58,154034267
2019-10-02,116.44,117.78,115.09,115.67,109069390
2019-10-03,114.94,115.96,114.53,115.95,79106454
2019-10-04,114.91,116.19,113.85,115.62,102297641
2019-10-05,112.89,113.93,112.7,113.5,108823962
2019-10-06,112.84,113.61,112.28,112.88,112416381
2019-10-07,112.04,112.71,111.61,112.48,103644490
2019-10-08,111.5,111.87,111.28,111.65,128052463
2019-10-09,110.34,112.51,109.77,111.44,105908859
2019-10-10,113.55,114.98,112.08,112.23,69669039
2019-10-11,112.33,112.47,112.1,112.38,144342425
2019-10-12,113.34,114.2,113.09,113.48,60912226
2019-10-13,113.0,113.32,112.31,112.66,121790259
2019-10-14,113.3,113.73,113.18,113.2,107540763
2019-10-15,113.12,113.14,111.99,112.6,115792778
2019-10-16,111.98,112.48,111.12,111.71,142379719
2019-10-17,111.83,113.18,111.24,113.0,127155144
2019-10-18,113.67,113.94,113.49,113.8,141922016
2019-10-19,112.41,113.39,111.66,113.14,135214031
2019-10-20,114.58,114.81,114.22,114.53,77047973
2019-10-21,116.22,116.26,115.32,115.53,115341321
2019-10-22,115.37,115.65,115.11,115.13,58951715
2019-10-23,113.75,114.31,113.66,114.31,128854550
2019-10-24,115.41,115.48,114.74,114.82,65182984
2019-10-25,116.0,116.29,115.28,115.79,116447658
2019-10-26,115.72,116.44,115.19,115.75,63121688
2019-10-27,115.42,115.87,113.9,115.1,103304773
2019-10-28,114.56,115.17,114.09,114.69,80398300
2019-10-29,115.04,116.51,114.39,114.55,56412843
2019-10-30,114.99,115.02,113.52,114.32,114251135
2019-10-31,114.67,114.96,114.39,114.68,63120783
2019-11-01,116.28,116.41,115.35,116.04,159956712
2019-11-02,116.42,117.0,115.88,116.25,88390031
2019-11-03,117.92,118.09,117.47,117.91,119440734
2019-11-04,119.89,119.91,119.1,119.74,116837248
2019-11-05,119.6,119.65,118.61,119.21,137797705
2019-11-06,119.24,120.65,119.13,119.61,138589389
2019-11-07,120.2,120.44,120.14,120.28,100207446
2019-11-08,118.14,118.98,116.6,118.71,100458033
2019-11-09,119.9,120.1,118.86,119.1,128434133
2019-11-10,119.5,121.73,119.27,120.94,153760051
2019-11-11,123.12,124.51,122.22,122.82,108029658
2019-11-12,121.79,122.72,121.07,121.55,114377534
2019-11-13,122.29,122.31,121.87,121.92,147797130
2019-11-14,123.03,123.14,122.61,122.89,154503794
2019-11-15,121.01,121.79,120.91,121.41,112205777
2019-11-16,119.55,121.71,119.23,120.6,77068411
2019-11-17,121.19,122.44,120.95,121.91,89585395
2019-11-18,122.02,122.33,121.2,121.25,157186243
2019-11-19,121.25,122.34,120.47,121.69,121120056
2019-11-20,122.76,124.11,120.89,121.69,67659839
2019-11-21,121.92,122.4,121.42,121.83,144999915
2019-11-22,122.14,122.83,122.03,122.2,104614193
2019-11-23,122.27,124.41,122.25,122.74,76227490
2019-11-24,124.23,125.22,123.31,124.42,149079534
2019-11-25,122.7,123.23,121.83,122.7,112959766
2019-11-26,122.8,122.85,122.77,122.82,135316245
2019-11-27,122.06,122.92,122.01,122.65,143016283
2019-11-28,123.63,123.94,122.68,122.9,133938441
2019-11-29,121.89,121.9,120.29,121.51,60095788
2019-11-30,123.81,124.08,121.84,123.17,158467318
2019-12-01,123.27,125.08,122.38,124.27,81571602
2019-12-02,124.83,125.13,123.96,124.81,60870642
2019-12-03,125.62,125.64,125.59,125.59,148355150
2019-12-04,125.55,125.69,124.93,125.13,149941120
2019-12-05,123.67,124.3,122.43,123.32,153273033
2019-12-06,123.03,123.23,121.31,121.98,165699846
2019-12-07,121.2,121.3,120.87,121.1,96560906
2019-12-08,121.1,121.17,119.71,120.64,55416177
2019-12-09,121.2,122.55,119.82,121.55,128337811
2019-12-10,121.71,121.85,120.47,121.02,112999262
2019-12-11,122.25,123.39,121.9,122.03,69526382
2019-12-12,121.81,122.63,121.73,122.23,124598167
2019-12-13,120.67,120.7,120.66,120.68,142046369
2019-12-14,119.84,120.54,118.83,119.91,119479513
2019-12-15,117.28,120.21,116.55,119.19,158687194
2019-12-16,118.97,120.13,115.47,118.96,79004555
2019-12-17,118.6,120.08,116.3,118.36,109953110
2019-12-18,117.02,119.05,116.56,117.66,65766544
2019-12-19,117.32,118.12,117.3,117.56,73349750
2019-12-20,119.02,119.13,116.97,117.74,139019363
2019-12-21,117.65,119.23,116.92,118.03,131240307
2019-12-22,117.5,118.2,115.6,117.24,74705463
2019-12-23,117.36,118.88,117.31,118.02,59884007
2019-12-24,117.25,117.87,116.95,117.59,80801364
2019-12-25,119.56,119.8,119.32,119.45,129494970
2019-12-26,120.14,120.45,119.38,119.99,57010391
2019-12-27,119.96,121.06,119.42,120.22,95471567
2019-12-28,118.9,119.22,118.76,118.86,61807047
2019-12-29,117.69,117.97,116.31,117.89,70718949
